ISO-10303-21;
HEADER;
FILE_DESCRIPTION(('FreeCAD Model'),'2;1');
FILE_NAME('Open CASCADE Shape Model','2026-09-27T12:27:38',(''),(''),
  'Open CASCADE STEP processor 7.8','FreeCAD','Unknown');
FILE_SCHEMA(('AUTOMOTIVE_DESIGN { 1 0 10303 214 1 1 1 1 }'));
ENDSEC;
DATA;
#1 = APPLICATION_PROTOCOL_DEFINITION('international standard',
  'automotive_design',2000,#2);
#2 = APPLICATION_CONTEXT(
  'core data for automotive mechanical design processes');
#3 = SHAPE_DEFINITION_REPRESENTATION(#4,#10);
#4 = PRODUCT_DEFINITION_SHAPE('','',#5);
#5 = PRODUCT_DEFINITION('design','',#6,#9);
#6 = PRODUCT_DEFINITION_FORMATION('','',#7);
#7 = PRODUCT('ft_K_24V_compressor','ft_K_24V_compressor','',(#8));
#8 = PRODUCT_CONTEXT('',#2,'mechanical');
#9 = PRODUCT_DEFINITION_CONTEXT('part definition',#2,'design');
#10 = SHAPE_REPRESENTATION('',(#11,#15,#19,#23,#27,#31,#35,#39,#43,#47,
    #51,#55,#59),#63);
#11 = AXIS2_PLACEMENT_3D('',#12,#13,#14);
#12 = CARTESIAN_POINT('',(0.,0.,0.));
#13 = DIRECTION('',(0.,0.,1.));
#14 = DIRECTION('',(1.,0.,-0.));
#15 = AXIS2_PLACEMENT_3D('',#16,#17,#18);
#16 = CARTESIAN_POINT('',(0.,0.,0.));
#17 = DIRECTION('',(0.,0.,1.));
#18 = DIRECTION('',(1.,0.,0.));
#19 = AXIS2_PLACEMENT_3D('',#20,#21,#22);
#20 = CARTESIAN_POINT('',(0.,0.,0.));
#21 = DIRECTION('',(0.,0.,1.));
#22 = DIRECTION('',(1.,0.,0.));
#23 = AXIS2_PLACEMENT_3D('',#24,#25,#26);
#24 = CARTESIAN_POINT('',(0.,0.,0.));
#25 = DIRECTION('',(0.,0.,1.));
#26 = DIRECTION('',(1.,0.,0.));
#27 = AXIS2_PLACEMENT_3D('',#28,#29,#30);
#28 = CARTESIAN_POINT('',(0.,0.,0.));
#29 = DIRECTION('',(0.,0.,1.));
#30 = DIRECTION('',(1.,0.,0.));
#31 = AXIS2_PLACEMENT_3D('',#32,#33,#34);
#32 = CARTESIAN_POINT('',(0.,0.,0.));
#33 = DIRECTION('',(0.,0.,1.));
#34 = DIRECTION('',(1.,0.,0.));
#35 = AXIS2_PLACEMENT_3D('',#36,#37,#38);
#36 = CARTESIAN_POINT('',(0.,0.,0.));
#37 = DIRECTION('',(0.,0.,1.));
#38 = DIRECTION('',(1.,0.,0.));
#39 = AXIS2_PLACEMENT_3D('',#40,#41,#42);
#40 = CARTESIAN_POINT('',(0.,0.,0.));
#41 = DIRECTION('',(0.,0.,1.));
#42 = DIRECTION('',(1.,0.,0.));
#43 = AXIS2_PLACEMENT_3D('',#44,#45,#46);
#44 = CARTESIAN_POINT('',(0.,0.,0.));
#45 = DIRECTION('',(0.,0.,1.));
#46 = DIRECTION('',(1.,0.,0.));
#47 = AXIS2_PLACEMENT_3D('',#48,#49,#50);
#48 = CARTESIAN_POINT('',(0.,0.,0.));
#49 = DIRECTION('',(0.,0.,1.));
#50 = DIRECTION('',(1.,0.,0.));
#51 = AXIS2_PLACEMENT_3D('',#52,#53,#54);
#52 = CARTESIAN_POINT('',(0.,0.,0.));
#53 = DIRECTION('',(0.,0.,1.));
#54 = DIRECTION('',(1.,0.,0.));
#55 = AXIS2_PLACEMENT_3D('',#56,#57,#58);
#56 = CARTESIAN_POINT('',(0.,0.,0.));
#57 = DIRECTION('',(0.,0.,1.));
#58 = DIRECTION('',(1.,0.,0.));
#59 = AXIS2_PLACEMENT_3D('',#60,#61,#62);
#60 = CARTESIAN_POINT('',(0.,0.,0.));
#61 = DIRECTION('',(0.,0.,1.));
#62 = DIRECTION('',(1.,0.,0.));
#63 = ( GEOMETRIC_REPRESENTATION_CONTEXT(3) 
GLOBAL_UNCERTAINTY_ASSIGNED_CONTEXT((#67)) GLOBAL_UNIT_ASSIGNED_CONTEXT(
(#64,#65,#66)) REPRESENTATION_CONTEXT('Context #1',
  '3D Context with UNIT and UNCERTAINTY') );
#64 = ( LENGTH_UNIT() NAMED_UNIT(*) SI_UNIT(.MILLI.,.METRE.) );
#65 = ( NAMED_UNIT(*) PLANE_ANGLE_UNIT() SI_UNIT($,.RADIAN.) );
#66 = ( NAMED_UNIT(*) SI_UNIT($,.STERADIAN.) SOLID_ANGLE_UNIT() );
#67 = UNCERTAINTY_MEASURE_WITH_UNIT(LENGTH_MEASURE(1.E-07),#64,
  'distance_accuracy_value','confusion accuracy');
#68 = PRODUCT_RELATED_PRODUCT_CATEGORY('part',$,(#7));
#69 = SHAPE_DEFINITION_REPRESENTATION(#70,#76);
#70 = PRODUCT_DEFINITION_SHAPE('','',#71);
#71 = PRODUCT_DEFINITION('design','',#72,#75);
#72 = PRODUCT_DEFINITION_FORMATION('','',#73);
#73 = PRODUCT('housing','housing','',(#74));
#74 = PRODUCT_CONTEXT('',#2,'mechanical');
#75 = PRODUCT_DEFINITION_CONTEXT('part definition',#2,'design');
#76 = ADVANCED_BREP_SHAPE_REPRESENTATION('',(#11,#77),#1486);
#77 = MANIFOLD_SOLID_BREP('',#78);
#78 = CLOSED_SHELL('',(#79,#183,#214,#245,#317,#341,#413,#437,#509,#533,
    #605,#629,#660,#691,#707,#723,#754,#778,#802,#874,#891,#965,#989,
    #1040,#1052,#1069,#1081,#1093,#1110,#1134,#1151,#1167,#1183,#1214,
    #1245,#1262,#1279,#1301,#1312,#1334,#1356,#1373,#1390,#1407,#1419,
    #1435,#1447,#1464,#1475));
#79 = ADVANCED_FACE('',(#80),#178,.F.);
#80 = FACE_BOUND('',#81,.F.);
#81 = EDGE_LOOP('',(#82,#92,#100,#108,#116,#124,#132,#140,#148,#156,#164
    ,#172));
#82 = ORIENTED_EDGE('',*,*,#83,.F.);
#83 = EDGE_CURVE('',#84,#86,#88,.T.);
#84 = VERTEX_POINT('',#85);
#85 = CARTESIAN_POINT('',(-5.551115123126E-17,0.5,0.5));
#86 = VERTEX_POINT('',#87);
#87 = CARTESIAN_POINT('',(1.881254965827E-16,0.5,29.5));
#88 = LINE('',#89,#90);
#89 = CARTESIAN_POINT('',(0.,0.5,0.));
#90 = VECTOR('',#91,1.);
#91 = DIRECTION('',(0.,0.,1.));
#92 = ORIENTED_EDGE('',*,*,#93,.T.);
#93 = EDGE_CURVE('',#84,#94,#96,.T.);
#94 = VERTEX_POINT('',#95);
#95 = CARTESIAN_POINT('',(-1.074753193928E-15,29.5,0.5));
#96 = LINE('',#97,#98);
#97 = CARTESIAN_POINT('',(0.,0.,0.5));
#98 = VECTOR('',#99,1.);
#99 = DIRECTION('',(-0.,1.,0.));
#100 = ORIENTED_EDGE('',*,*,#101,.T.);
#101 = EDGE_CURVE('',#94,#102,#104,.T.);
#102 = VERTEX_POINT('',#103);
#103 = CARTESIAN_POINT('',(-8.304485020967E-16,29.5,29.5));
#104 = LINE('',#105,#106);
#105 = CARTESIAN_POINT('',(0.,29.5,0.));
#106 = VECTOR('',#107,1.);
#107 = DIRECTION('',(0.,0.,1.));
#108 = ORIENTED_EDGE('',*,*,#109,.F.);
#109 = EDGE_CURVE('',#110,#102,#112,.T.);
#110 = VERTEX_POINT('',#111);
#111 = CARTESIAN_POINT('',(0.,24.184764542936,29.5));
#112 = LINE('',#113,#114);
#113 = CARTESIAN_POINT('',(0.,0.,29.5));
#114 = VECTOR('',#115,1.);
#115 = DIRECTION('',(-0.,1.,0.));
#116 = ORIENTED_EDGE('',*,*,#117,.F.);
#117 = EDGE_CURVE('',#118,#110,#120,.T.);
#118 = VERTEX_POINT('',#119);
#119 = CARTESIAN_POINT('',(0.,24.7,26.4));
#120 = LINE('',#121,#122);
#121 = CARTESIAN_POINT('',(0.,26.202943526407,17.357289782782));
#122 = VECTOR('',#123,1.);
#123 = DIRECTION('',(0.,-0.163955846806,0.986467678284));
#124 = ORIENTED_EDGE('',*,*,#125,.F.);
#125 = EDGE_CURVE('',#126,#118,#128,.T.);
#126 = VERTEX_POINT('',#127);
#127 = CARTESIAN_POINT('',(0.,20.3,26.4));
#128 = LINE('',#129,#130);
#129 = CARTESIAN_POINT('',(0.,12.35,26.4));
#130 = VECTOR('',#131,1.);
#131 = DIRECTION('',(0.,1.,0.));
#132 = ORIENTED_EDGE('',*,*,#133,.F.);
#133 = EDGE_CURVE('',#134,#126,#136,.T.);
#134 = VERTEX_POINT('',#135);
#135 = CARTESIAN_POINT('',(0.,20.815235457064,29.5));
#136 = LINE('',#137,#138);
#137 = CARTESIAN_POINT('',(0.,17.8922222803,11.913204053136));
#138 = VECTOR('',#139,1.);
#139 = DIRECTION('',(0.,-0.163955846806,-0.986467678284));
#140 = ORIENTED_EDGE('',*,*,#141,.F.);
#141 = EDGE_CURVE('',#142,#134,#144,.T.);
#142 = VERTEX_POINT('',#143);
#143 = CARTESIAN_POINT('',(0.,9.184764542936,29.5));
#144 = LINE('',#145,#146);
#145 = CARTESIAN_POINT('',(0.,0.,29.5));
#146 = VECTOR('',#147,1.);
#147 = DIRECTION('',(-0.,1.,0.));
#148 = ORIENTED_EDGE('',*,*,#149,.F.);
#149 = EDGE_CURVE('',#150,#142,#152,.T.);
#150 = VERTEX_POINT('',#151);
#151 = CARTESIAN_POINT('',(0.,9.7,26.4));
#152 = LINE('',#153,#154);
#153 = CARTESIAN_POINT('',(1.110223024625E-16,11.404554924172,
    16.144261206234));
#154 = VECTOR('',#155,1.);
#155 = DIRECTION('',(0.,-0.163955846806,0.986467678284));
#156 = ORIENTED_EDGE('',*,*,#157,.F.);
#157 = EDGE_CURVE('',#158,#150,#160,.T.);
#158 = VERTEX_POINT('',#159);
#159 = CARTESIAN_POINT('',(0.,5.3,26.4));
#160 = LINE('',#161,#162);
#161 = CARTESIAN_POINT('',(0.,4.85,26.4));
#162 = VECTOR('',#163,1.);
#163 = DIRECTION('',(0.,1.,0.));
#164 = ORIENTED_EDGE('',*,*,#165,.F.);
#165 = EDGE_CURVE('',#166,#158,#168,.T.);
#166 = VERTEX_POINT('',#167);
#167 = CARTESIAN_POINT('',(0.,5.815235457064,29.5));
#168 = LINE('',#169,#170);
#169 = CARTESIAN_POINT('',(0.,3.093833678064,13.126232629685));
#170 = VECTOR('',#171,1.);
#171 = DIRECTION('',(0.,-0.163955846806,-0.986467678284));
#172 = ORIENTED_EDGE('',*,*,#173,.F.);
#173 = EDGE_CURVE('',#86,#166,#174,.T.);
#174 = LINE('',#175,#176);
#175 = CARTESIAN_POINT('',(0.,0.,29.5));
#176 = VECTOR('',#177,1.);
#177 = DIRECTION('',(-0.,1.,0.));
#178 = PLANE('',#179);
#179 = AXIS2_PLACEMENT_3D('',#180,#181,#182);
#180 = CARTESIAN_POINT('',(0.,0.,0.));
#181 = DIRECTION('',(1.,0.,-0.));
#182 = DIRECTION('',(0.,0.,1.));
#183 = ADVANCED_FACE('',(#184),#209,.T.);
#184 = FACE_BOUND('',#185,.F.);
#185 = EDGE_LOOP('',(#186,#187,#195,#203));
#186 = ORIENTED_EDGE('',*,*,#83,.T.);
#187 = ORIENTED_EDGE('',*,*,#188,.T.);
#188 = EDGE_CURVE('',#86,#189,#191,.T.);
#189 = VERTEX_POINT('',#190);
#190 = CARTESIAN_POINT('',(0.5,1.881254965827E-16,29.5));
#191 = LINE('',#192,#193);
#192 = CARTESIAN_POINT('',(0.25,0.25,29.5));
#193 = VECTOR('',#194,1.);
#194 = DIRECTION('',(0.707106781187,-0.707106781187,4.199477475706E-17)
  );
#195 = ORIENTED_EDGE('',*,*,#196,.F.);
#196 = EDGE_CURVE('',#197,#189,#199,.T.);
#197 = VERTEX_POINT('',#198);
#198 = CARTESIAN_POINT('',(0.5,-5.551115123126E-17,0.5));
#199 = LINE('',#200,#201);
#200 = CARTESIAN_POINT('',(0.5,0.,0.));
#201 = VECTOR('',#202,1.);
#202 = DIRECTION('',(0.,0.,1.));
#203 = ORIENTED_EDGE('',*,*,#204,.F.);
#204 = EDGE_CURVE('',#84,#197,#205,.T.);
#205 = LINE('',#206,#207);
#206 = CARTESIAN_POINT('',(0.25,0.25,0.5));
#207 = VECTOR('',#208,1.);
#208 = DIRECTION('',(0.707106781187,-0.707106781187,3.082391018568E-17)
  );
#209 = PLANE('',#210);
#210 = AXIS2_PLACEMENT_3D('',#211,#212,#213);
#211 = CARTESIAN_POINT('',(0.25,0.25,0.));
#212 = DIRECTION('',(-0.707106781187,-0.707106781187,-1.889513820523E-18
    ));
#213 = DIRECTION('',(1.336088035637E-18,1.336088035637E-18,-1.));
#214 = ADVANCED_FACE('',(#215),#240,.F.);
#215 = FACE_BOUND('',#216,.F.);
#216 = EDGE_LOOP('',(#217,#227,#233,#234));
#217 = ORIENTED_EDGE('',*,*,#218,.F.);
#218 = EDGE_CURVE('',#219,#221,#223,.T.);
#219 = VERTEX_POINT('',#220);
#220 = CARTESIAN_POINT('',(0.5,0.5,30.));
#221 = VERTEX_POINT('',#222);
#222 = CARTESIAN_POINT('',(0.5,5.898337950139,30.));
#223 = LINE('',#224,#225);
#224 = CARTESIAN_POINT('',(0.5,0.,30.));
#225 = VECTOR('',#226,1.);
#226 = DIRECTION('',(-0.,1.,0.));
#227 = ORIENTED_EDGE('',*,*,#228,.T.);
#228 = EDGE_CURVE('',#219,#86,#229,.T.);
#229 = LINE('',#230,#231);
#230 = CARTESIAN_POINT('',(0.375,0.5,29.875));
#231 = VECTOR('',#232,1.);
#232 = DIRECTION('',(-0.707106781187,1.49637537435E-15,-0.707106781187)
  );
#233 = ORIENTED_EDGE('',*,*,#173,.T.);
#234 = ORIENTED_EDGE('',*,*,#235,.F.);
#235 = EDGE_CURVE('',#221,#166,#236,.T.);
#236 = LINE('',#237,#238);
#237 = CARTESIAN_POINT('',(-1.147193860174,5.624566117423,
    28.352806139826));
#238 = VECTOR('',#239,1.);
#239 = DIRECTION('',(-0.702273495483,-0.11672135659,-0.702273495483));
#240 = PLANE('',#241);
#241 = AXIS2_PLACEMENT_3D('',#242,#243,#244);
#242 = CARTESIAN_POINT('',(0.25,0.,29.75));
#243 = DIRECTION('',(0.707106781187,1.889513820523E-18,-0.707106781187)
  );
#244 = DIRECTION('',(-1.336088035637E-18,1.,1.336088035637E-18));
#245 = ADVANCED_FACE('',(#246),#312,.F.);
#246 = FACE_BOUND('',#247,.F.);
#247 = EDGE_LOOP('',(#248,#249,#257,#265,#273,#281,#289,#297,#305,#311)
  );
#248 = ORIENTED_EDGE('',*,*,#165,.T.);
#249 = ORIENTED_EDGE('',*,*,#250,.T.);
#250 = EDGE_CURVE('',#158,#251,#253,.T.);
#251 = VERTEX_POINT('',#252);
#252 = CARTESIAN_POINT('',(1.5,5.3,26.4));
#253 = LINE('',#254,#255);
#254 = CARTESIAN_POINT('',(-1.,5.3,26.4));
#255 = VECTOR('',#256,1.);
#256 = DIRECTION('',(1.,0.,0.));
#257 = ORIENTED_EDGE('',*,*,#258,.F.);
#258 = EDGE_CURVE('',#259,#251,#261,.T.);
#259 = VERTEX_POINT('',#260);
#260 = CARTESIAN_POINT('',(1.5,5.649030470914,28.5));
#261 = LINE('',#262,#263);
#262 = CARTESIAN_POINT('',(1.5,3.235297675495,13.977374347563));
#263 = VECTOR('',#264,1.);
#264 = DIRECTION('',(0.,-0.163955846806,-0.986467678284));
#265 = ORIENTED_EDGE('',*,*,#266,.T.);
#266 = EDGE_CURVE('',#259,#267,#269,.T.);
#267 = VERTEX_POINT('',#268);
#268 = CARTESIAN_POINT('',(58.5,5.649030470914,28.5));
#269 = LINE('',#270,#271);
#270 = CARTESIAN_POINT('',(0.25,5.649030470914,28.5));
#271 = VECTOR('',#272,1.);
#272 = DIRECTION('',(1.,0.,-0.));
#273 = ORIENTED_EDGE('',*,*,#274,.T.);
#274 = EDGE_CURVE('',#267,#275,#277,.T.);
#275 = VERTEX_POINT('',#276);
#276 = CARTESIAN_POINT('',(58.5,5.3,26.4));
#277 = LINE('',#278,#279);
#278 = CARTESIAN_POINT('',(58.5,3.235297675495,13.977374347563));
#279 = VECTOR('',#280,1.);
#280 = DIRECTION('',(0.,-0.163955846806,-0.986467678284));
#281 = ORIENTED_EDGE('',*,*,#282,.T.);
#282 = EDGE_CURVE('',#275,#283,#285,.T.);
#283 = VERTEX_POINT('',#284);
#284 = CARTESIAN_POINT('',(60.,5.3,26.4));
#285 = LINE('',#286,#287);
#286 = CARTESIAN_POINT('',(-1.,5.3,26.4));
#287 = VECTOR('',#288,1.);
#288 = DIRECTION('',(1.,0.,0.));
#289 = ORIENTED_EDGE('',*,*,#290,.F.);
#290 = EDGE_CURVE('',#291,#283,#293,.T.);
#291 = VERTEX_POINT('',#292);
#292 = CARTESIAN_POINT('',(60.,5.815235457064,29.5));
#293 = LINE('',#294,#295);
#294 = CARTESIAN_POINT('',(60.,3.093833678064,13.126232629685));
#295 = VECTOR('',#296,1.);
#296 = DIRECTION('',(0.,-0.163955846806,-0.986467678284));
#297 = ORIENTED_EDGE('',*,*,#298,.F.);
#298 = EDGE_CURVE('',#299,#291,#301,.T.);
#299 = VERTEX_POINT('',#300);
#300 = CARTESIAN_POINT('',(59.5,5.898337950139,30.));
#301 = LINE('',#302,#303);
#302 = CARTESIAN_POINT('',(45.858363923979,8.165645885211,
    43.641636076021));
#303 = VECTOR('',#304,1.);
#304 = DIRECTION('',(0.702273495483,-0.11672135659,-0.702273495483));
#305 = ORIENTED_EDGE('',*,*,#306,.F.);
#306 = EDGE_CURVE('',#221,#299,#307,.T.);
#307 = LINE('',#308,#309);
#308 = CARTESIAN_POINT('',(-0.5,5.898337950139,30.));
#309 = VECTOR('',#310,1.);
#310 = DIRECTION('',(1.,0.,-0.));
#311 = ORIENTED_EDGE('',*,*,#235,.T.);
#312 = PLANE('',#313);
#313 = AXIS2_PLACEMENT_3D('',#314,#315,#316);
#314 = CARTESIAN_POINT('',(-1.,5.3,26.4));
#315 = DIRECTION('',(0.,-0.986467678284,0.163955846806));
#316 = DIRECTION('',(0.,0.163955846806,0.986467678284));
#317 = ADVANCED_FACE('',(#318),#336,.F.);
#318 = FACE_BOUND('',#319,.F.);
#319 = EDGE_LOOP('',(#320,#321,#329,#335));
#320 = ORIENTED_EDGE('',*,*,#157,.T.);
#321 = ORIENTED_EDGE('',*,*,#322,.T.);
#322 = EDGE_CURVE('',#150,#323,#325,.T.);
#323 = VERTEX_POINT('',#324);
#324 = CARTESIAN_POINT('',(1.5,9.7,26.4));
#325 = LINE('',#326,#327);
#326 = CARTESIAN_POINT('',(-1.,9.7,26.4));
#327 = VECTOR('',#328,1.);
#328 = DIRECTION('',(1.,0.,0.));
#329 = ORIENTED_EDGE('',*,*,#330,.F.);
#330 = EDGE_CURVE('',#251,#323,#331,.T.);
#331 = LINE('',#332,#333);
#332 = CARTESIAN_POINT('',(1.5,5.6,26.4));
#333 = VECTOR('',#334,1.);
#334 = DIRECTION('',(0.,1.,0.));
#335 = ORIENTED_EDGE('',*,*,#250,.F.);
#336 = PLANE('',#337);
#337 = AXIS2_PLACEMENT_3D('',#338,#339,#340);
#338 = CARTESIAN_POINT('',(-1.,9.7,26.4));
#339 = DIRECTION('',(0.,0.,-1.));
#340 = DIRECTION('',(0.,-1.,0.));
#341 = ADVANCED_FACE('',(#342),#408,.F.);
#342 = FACE_BOUND('',#343,.F.);
#343 = EDGE_LOOP('',(#344,#345,#346,#354,#362,#370,#378,#386,#394,#402)
  );
#344 = ORIENTED_EDGE('',*,*,#322,.F.);
#345 = ORIENTED_EDGE('',*,*,#149,.T.);
#346 = ORIENTED_EDGE('',*,*,#347,.T.);
#347 = EDGE_CURVE('',#142,#348,#350,.T.);
#348 = VERTEX_POINT('',#349);
#349 = CARTESIAN_POINT('',(0.5,9.101662049861,30.));
#350 = LINE('',#351,#352);
#351 = CARTESIAN_POINT('',(0.382379050265,9.121211238183,29.882379050265
    ));
#352 = VECTOR('',#353,1.);
#353 = DIRECTION('',(0.702273495483,-0.11672135659,0.702273495483));
#354 = ORIENTED_EDGE('',*,*,#355,.F.);
#355 = EDGE_CURVE('',#356,#348,#358,.T.);
#356 = VERTEX_POINT('',#357);
#357 = CARTESIAN_POINT('',(59.5,9.101662049861,30.));
#358 = LINE('',#359,#360);
#359 = CARTESIAN_POINT('',(-0.5,9.101662049861,30.));
#360 = VECTOR('',#361,1.);
#361 = DIRECTION('',(-1.,-0.,0.));
#362 = ORIENTED_EDGE('',*,*,#363,.F.);
#363 = EDGE_CURVE('',#364,#356,#366,.T.);
#364 = VERTEX_POINT('',#365);
#365 = CARTESIAN_POINT('',(60.,9.184764542936,29.5));
#366 = LINE('',#367,#368);
#367 = CARTESIAN_POINT('',(44.328791013541,6.580131470395,
    45.171208986459));
#368 = VECTOR('',#369,1.);
#369 = DIRECTION('',(-0.702273495483,-0.11672135659,0.702273495483));
#370 = ORIENTED_EDGE('',*,*,#371,.F.);
#371 = EDGE_CURVE('',#372,#364,#374,.T.);
#372 = VERTEX_POINT('',#373);
#373 = CARTESIAN_POINT('',(60.,9.7,26.4));
#374 = LINE('',#375,#376);
#375 = CARTESIAN_POINT('',(60.,11.404554924172,16.144261206234));
#376 = VECTOR('',#377,1.);
#377 = DIRECTION('',(0.,-0.163955846806,0.986467678284));
#378 = ORIENTED_EDGE('',*,*,#379,.F.);
#379 = EDGE_CURVE('',#380,#372,#382,.T.);
#380 = VERTEX_POINT('',#381);
#381 = CARTESIAN_POINT('',(58.5,9.7,26.4));
#382 = LINE('',#383,#384);
#383 = CARTESIAN_POINT('',(-1.,9.7,26.4));
#384 = VECTOR('',#385,1.);
#385 = DIRECTION('',(1.,0.,0.));
#386 = ORIENTED_EDGE('',*,*,#387,.T.);
#387 = EDGE_CURVE('',#380,#388,#390,.T.);
#388 = VERTEX_POINT('',#389);
#389 = CARTESIAN_POINT('',(58.5,9.350969529086,28.5));
#390 = LINE('',#391,#392);
#391 = CARTESIAN_POINT('',(58.5,11.303413206293,16.752797208802));
#392 = VECTOR('',#393,1.);
#393 = DIRECTION('',(0.,-0.163955846806,0.986467678284));
#394 = ORIENTED_EDGE('',*,*,#395,.T.);
#395 = EDGE_CURVE('',#388,#396,#398,.T.);
#396 = VERTEX_POINT('',#397);
#397 = CARTESIAN_POINT('',(1.5,9.350969529086,28.5));
#398 = LINE('',#399,#400);
#399 = CARTESIAN_POINT('',(0.25,9.350969529086,28.5));
#400 = VECTOR('',#401,1.);
#401 = DIRECTION('',(-1.,-0.,0.));
#402 = ORIENTED_EDGE('',*,*,#403,.F.);
#403 = EDGE_CURVE('',#323,#396,#404,.T.);
#404 = LINE('',#405,#406);
#405 = CARTESIAN_POINT('',(1.5,11.303413206293,16.752797208802));
#406 = VECTOR('',#407,1.);
#407 = DIRECTION('',(0.,-0.163955846806,0.986467678284));
#408 = PLANE('',#409);
#409 = AXIS2_PLACEMENT_3D('',#410,#411,#412);
#410 = CARTESIAN_POINT('',(-1.,9.1,30.01));
#411 = DIRECTION('',(-0.,0.986467678284,0.163955846806));
#412 = DIRECTION('',(0.,0.163955846806,-0.986467678284));
#413 = ADVANCED_FACE('',(#414),#432,.F.);
#414 = FACE_BOUND('',#415,.F.);
#415 = EDGE_LOOP('',(#416,#424,#425,#426));
#416 = ORIENTED_EDGE('',*,*,#417,.F.);
#417 = EDGE_CURVE('',#348,#418,#420,.T.);
#418 = VERTEX_POINT('',#419);
#419 = CARTESIAN_POINT('',(0.5,20.898337950139,30.));
#420 = LINE('',#421,#422);
#421 = CARTESIAN_POINT('',(0.5,0.,30.));
#422 = VECTOR('',#423,1.);
#423 = DIRECTION('',(-0.,1.,0.));
#424 = ORIENTED_EDGE('',*,*,#347,.F.);
#425 = ORIENTED_EDGE('',*,*,#141,.T.);
#426 = ORIENTED_EDGE('',*,*,#427,.F.);
#427 = EDGE_CURVE('',#418,#134,#428,.T.);
#428 = LINE('',#429,#430);
#429 = CARTESIAN_POINT('',(-1.761971223348,20.522387054291,
    27.738028776652));
#430 = VECTOR('',#431,1.);
#431 = DIRECTION('',(-0.702273495483,-0.11672135659,-0.702273495483));
#432 = PLANE('',#433);
#433 = AXIS2_PLACEMENT_3D('',#434,#435,#436);
#434 = CARTESIAN_POINT('',(0.25,0.,29.75));
#435 = DIRECTION('',(0.707106781187,1.889513820523E-18,-0.707106781187)
  );
#436 = DIRECTION('',(-1.336088035637E-18,1.,1.336088035637E-18));
#437 = ADVANCED_FACE('',(#438),#504,.F.);
#438 = FACE_BOUND('',#439,.F.);
#439 = EDGE_LOOP('',(#440,#441,#449,#457,#465,#473,#481,#489,#497,#503)
  );
#440 = ORIENTED_EDGE('',*,*,#133,.T.);
#441 = ORIENTED_EDGE('',*,*,#442,.T.);
#442 = EDGE_CURVE('',#126,#443,#445,.T.);
#443 = VERTEX_POINT('',#444);
#444 = CARTESIAN_POINT('',(1.5,20.3,26.4));
#445 = LINE('',#446,#447);
#446 = CARTESIAN_POINT('',(-1.,20.3,26.4));
#447 = VECTOR('',#448,1.);
#448 = DIRECTION('',(1.,0.,0.));
#449 = ORIENTED_EDGE('',*,*,#450,.F.);
#450 = EDGE_CURVE('',#451,#443,#453,.T.);
#451 = VERTEX_POINT('',#452);
#452 = CARTESIAN_POINT('',(1.5,20.649030470914,28.5));
#453 = LINE('',#454,#455);
#454 = CARTESIAN_POINT('',(1.5,18.033686277731,12.764345771014));
#455 = VECTOR('',#456,1.);
#456 = DIRECTION('',(0.,-0.163955846806,-0.986467678284));
#457 = ORIENTED_EDGE('',*,*,#458,.T.);
#458 = EDGE_CURVE('',#451,#459,#461,.T.);
#459 = VERTEX_POINT('',#460);
#460 = CARTESIAN_POINT('',(58.5,20.649030470914,28.5));
#461 = LINE('',#462,#463);
#462 = CARTESIAN_POINT('',(0.25,20.649030470914,28.5));
#463 = VECTOR('',#464,1.);
#464 = DIRECTION('',(1.,0.,-0.));
#465 = ORIENTED_EDGE('',*,*,#466,.T.);
#466 = EDGE_CURVE('',#459,#467,#469,.T.);
#467 = VERTEX_POINT('',#468);
#468 = CARTESIAN_POINT('',(58.5,20.3,26.4));
#469 = LINE('',#470,#471);
#470 = CARTESIAN_POINT('',(58.5,18.033686277731,12.764345771014));
#471 = VECTOR('',#472,1.);
#472 = DIRECTION('',(0.,-0.163955846806,-0.986467678284));
#473 = ORIENTED_EDGE('',*,*,#474,.T.);
#474 = EDGE_CURVE('',#467,#475,#477,.T.);
#475 = VERTEX_POINT('',#476);
#476 = CARTESIAN_POINT('',(60.,20.3,26.4));
#477 = LINE('',#478,#479);
#478 = CARTESIAN_POINT('',(-1.,20.3,26.4));
#479 = VECTOR('',#480,1.);
#480 = DIRECTION('',(1.,0.,0.));
#481 = ORIENTED_EDGE('',*,*,#482,.F.);
#482 = EDGE_CURVE('',#483,#475,#485,.T.);
#483 = VERTEX_POINT('',#484);
#484 = CARTESIAN_POINT('',(60.,20.815235457064,29.5));
#485 = LINE('',#486,#487);
#486 = CARTESIAN_POINT('',(60.,17.8922222803,11.913204053136));
#487 = VECTOR('',#488,1.);
#488 = DIRECTION('',(0.,-0.163955846806,-0.986467678284));
#489 = ORIENTED_EDGE('',*,*,#490,.F.);
#490 = EDGE_CURVE('',#491,#483,#493,.T.);
#491 = VERTEX_POINT('',#492);
#492 = CARTESIAN_POINT('',(59.5,20.898337950139,30.));
#493 = LINE('',#494,#495);
#494 = CARTESIAN_POINT('',(46.473141287153,23.06346682208,
    43.026858712847));
#495 = VECTOR('',#496,1.);
#496 = DIRECTION('',(0.702273495483,-0.11672135659,-0.702273495483));
#497 = ORIENTED_EDGE('',*,*,#498,.F.);
#498 = EDGE_CURVE('',#418,#491,#499,.T.);
#499 = LINE('',#500,#501);
#500 = CARTESIAN_POINT('',(-0.5,20.898337950139,30.));
#501 = VECTOR('',#502,1.);
#502 = DIRECTION('',(1.,0.,-0.));
#503 = ORIENTED_EDGE('',*,*,#427,.T.);
#504 = PLANE('',#505);
#505 = AXIS2_PLACEMENT_3D('',#506,#507,#508);
#506 = CARTESIAN_POINT('',(-1.,20.3,26.4));
#507 = DIRECTION('',(0.,-0.986467678284,0.163955846806));
#508 = DIRECTION('',(0.,0.163955846806,0.986467678284));
#509 = ADVANCED_FACE('',(#510),#528,.F.);
#510 = FACE_BOUND('',#511,.F.);
#511 = EDGE_LOOP('',(#512,#513,#521,#527));
#512 = ORIENTED_EDGE('',*,*,#125,.T.);
#513 = ORIENTED_EDGE('',*,*,#514,.T.);
#514 = EDGE_CURVE('',#118,#515,#517,.T.);
#515 = VERTEX_POINT('',#516);
#516 = CARTESIAN_POINT('',(1.5,24.7,26.4));
#517 = LINE('',#518,#519);
#518 = CARTESIAN_POINT('',(-1.,24.7,26.4));
#519 = VECTOR('',#520,1.);
#520 = DIRECTION('',(1.,0.,0.));
#521 = ORIENTED_EDGE('',*,*,#522,.F.);
#522 = EDGE_CURVE('',#443,#515,#523,.T.);
#523 = LINE('',#524,#525);
#524 = CARTESIAN_POINT('',(1.5,13.1,26.4));
#525 = VECTOR('',#526,1.);
#526 = DIRECTION('',(0.,1.,0.));
#527 = ORIENTED_EDGE('',*,*,#442,.F.);
#528 = PLANE('',#529);
#529 = AXIS2_PLACEMENT_3D('',#530,#531,#532);
#530 = CARTESIAN_POINT('',(-1.,24.7,26.4));
#531 = DIRECTION('',(0.,0.,-1.));
#532 = DIRECTION('',(0.,-1.,0.));
#533 = ADVANCED_FACE('',(#534),#600,.F.);
#534 = FACE_BOUND('',#535,.F.);
#535 = EDGE_LOOP('',(#536,#537,#538,#546,#554,#562,#570,#578,#586,#594)
  );
#536 = ORIENTED_EDGE('',*,*,#514,.F.);
#537 = ORIENTED_EDGE('',*,*,#117,.T.);
#538 = ORIENTED_EDGE('',*,*,#539,.T.);
#539 = EDGE_CURVE('',#110,#540,#542,.T.);
#540 = VERTEX_POINT('',#541);
#541 = CARTESIAN_POINT('',(0.5,24.101662049861,30.));
#542 = LINE('',#543,#544);
#543 = CARTESIAN_POINT('',(0.997156413439,24.019032175052,
    30.497156413439));
#544 = VECTOR('',#545,1.);
#545 = DIRECTION('',(0.702273495483,-0.11672135659,0.702273495483));
#546 = ORIENTED_EDGE('',*,*,#547,.F.);
#547 = EDGE_CURVE('',#548,#540,#550,.T.);
#548 = VERTEX_POINT('',#549);
#549 = CARTESIAN_POINT('',(59.5,24.101662049861,30.));
#550 = LINE('',#551,#552);
#551 = CARTESIAN_POINT('',(-0.5,24.101662049861,30.));
#552 = VECTOR('',#553,1.);
#553 = DIRECTION('',(-1.,-0.,0.));
#554 = ORIENTED_EDGE('',*,*,#555,.F.);
#555 = EDGE_CURVE('',#556,#548,#558,.T.);
#556 = VERTEX_POINT('',#557);
#557 = CARTESIAN_POINT('',(60.,24.184764542936,29.5));
#558 = LINE('',#559,#560);
#559 = CARTESIAN_POINT('',(43.714013650366,21.477952407263,
    45.785986349634));
#560 = VECTOR('',#561,1.);
#561 = DIRECTION('',(-0.702273495483,-0.11672135659,0.702273495483));
#562 = ORIENTED_EDGE('',*,*,#563,.F.);
#563 = EDGE_CURVE('',#564,#556,#566,.T.);
#564 = VERTEX_POINT('',#565);
#565 = CARTESIAN_POINT('',(60.,24.7,26.4));
#566 = LINE('',#567,#568);
#567 = CARTESIAN_POINT('',(60.,26.202943526407,17.357289782782));
#568 = VECTOR('',#569,1.);
#569 = DIRECTION('',(0.,-0.163955846806,0.986467678284));
#570 = ORIENTED_EDGE('',*,*,#571,.F.);
#571 = EDGE_CURVE('',#572,#564,#574,.T.);
#572 = VERTEX_POINT('',#573);
#573 = CARTESIAN_POINT('',(58.5,24.7,26.4));
#574 = LINE('',#575,#576);
#575 = CARTESIAN_POINT('',(-1.,24.7,26.4));
#576 = VECTOR('',#577,1.);
#577 = DIRECTION('',(1.,0.,0.));
#578 = ORIENTED_EDGE('',*,*,#579,.T.);
#579 = EDGE_CURVE('',#572,#580,#582,.T.);
#580 = VERTEX_POINT('',#581);
#581 = CARTESIAN_POINT('',(58.5,24.350969529086,28.5));
#582 = LINE('',#583,#584);
#583 = CARTESIAN_POINT('',(58.5,26.101801808529,17.965825785351));
#584 = VECTOR('',#585,1.);
#585 = DIRECTION('',(0.,-0.163955846806,0.986467678284));
#586 = ORIENTED_EDGE('',*,*,#587,.T.);
#587 = EDGE_CURVE('',#580,#588,#590,.T.);
#588 = VERTEX_POINT('',#589);
#589 = CARTESIAN_POINT('',(1.5,24.350969529086,28.5));
#590 = LINE('',#591,#592);
#591 = CARTESIAN_POINT('',(0.25,24.350969529086,28.5));
#592 = VECTOR('',#593,1.);
#593 = DIRECTION('',(-1.,-0.,0.));
#594 = ORIENTED_EDGE('',*,*,#595,.F.);
#595 = EDGE_CURVE('',#515,#588,#596,.T.);
#596 = LINE('',#597,#598);
#597 = CARTESIAN_POINT('',(1.5,26.101801808529,17.965825785351));
#598 = VECTOR('',#599,1.);
#599 = DIRECTION('',(0.,-0.163955846806,0.986467678284));
#600 = PLANE('',#601);
#601 = AXIS2_PLACEMENT_3D('',#602,#603,#604);
#602 = CARTESIAN_POINT('',(-1.,24.1,30.01));
#603 = DIRECTION('',(-0.,0.986467678284,0.163955846806));
#604 = DIRECTION('',(0.,0.163955846806,-0.986467678284));
#605 = ADVANCED_FACE('',(#606),#624,.F.);
#606 = FACE_BOUND('',#607,.F.);
#607 = EDGE_LOOP('',(#608,#616,#617,#618));
#608 = ORIENTED_EDGE('',*,*,#609,.F.);
#609 = EDGE_CURVE('',#540,#610,#612,.T.);
#610 = VERTEX_POINT('',#611);
#611 = CARTESIAN_POINT('',(0.5,29.5,30.));
#612 = LINE('',#613,#614);
#613 = CARTESIAN_POINT('',(0.5,0.,30.));
#614 = VECTOR('',#615,1.);
#615 = DIRECTION('',(-0.,1.,0.));
#616 = ORIENTED_EDGE('',*,*,#539,.F.);
#617 = ORIENTED_EDGE('',*,*,#109,.T.);
#618 = ORIENTED_EDGE('',*,*,#619,.T.);
#619 = EDGE_CURVE('',#102,#610,#620,.T.);
#620 = LINE('',#621,#622);
#621 = CARTESIAN_POINT('',(0.25,29.5,29.75));
#622 = VECTOR('',#623,1.);
#623 = DIRECTION('',(0.707106781187,4.630610309545E-15,0.707106781187));
#624 = PLANE('',#625);
#625 = AXIS2_PLACEMENT_3D('',#626,#627,#628);
#626 = CARTESIAN_POINT('',(0.25,0.,29.75));
#627 = DIRECTION('',(0.707106781187,1.889513820523E-18,-0.707106781187)
  );
#628 = DIRECTION('',(-1.336088035637E-18,1.,1.336088035637E-18));
#629 = ADVANCED_FACE('',(#630),#655,.F.);
#630 = FACE_BOUND('',#631,.T.);
#631 = EDGE_LOOP('',(#632,#633,#641,#649));
#632 = ORIENTED_EDGE('',*,*,#101,.T.);
#633 = ORIENTED_EDGE('',*,*,#634,.F.);
#634 = EDGE_CURVE('',#635,#102,#637,.T.);
#635 = VERTEX_POINT('',#636);
#636 = CARTESIAN_POINT('',(0.5,30.,29.5));
#637 = LINE('',#638,#639);
#638 = CARTESIAN_POINT('',(0.375,29.875,29.5));
#639 = VECTOR('',#640,1.);
#640 = DIRECTION('',(-0.707106781187,-0.707106781187,-8.142939870839E-15
    ));
#641 = ORIENTED_EDGE('',*,*,#642,.F.);
#642 = EDGE_CURVE('',#643,#635,#645,.T.);
#643 = VERTEX_POINT('',#644);
#644 = CARTESIAN_POINT('',(0.5,30.,0.5));
#645 = LINE('',#646,#647);
#646 = CARTESIAN_POINT('',(0.5,30.,0.));
#647 = VECTOR('',#648,1.);
#648 = DIRECTION('',(0.,0.,1.));
#649 = ORIENTED_EDGE('',*,*,#650,.F.);
#650 = EDGE_CURVE('',#94,#643,#651,.T.);
#651 = LINE('',#652,#653);
#652 = CARTESIAN_POINT('',(0.25,29.75,0.5));
#653 = VECTOR('',#654,1.);
#654 = DIRECTION('',(0.707106781187,0.707106781187,-6.939673023442E-15)
  );
#655 = PLANE('',#656);
#656 = AXIS2_PLACEMENT_3D('',#657,#658,#659);
#657 = CARTESIAN_POINT('',(0.25,29.75,0.));
#658 = DIRECTION('',(0.707106781187,-0.707106781187,1.889513820523E-18)
  );
#659 = DIRECTION('',(1.336088035637E-18,-1.336088035637E-18,-1.));
#660 = ADVANCED_FACE('',(#661),#686,.T.);
#661 = FACE_BOUND('',#662,.T.);
#662 = EDGE_LOOP('',(#663,#671,#672,#680));
#663 = ORIENTED_EDGE('',*,*,#664,.T.);
#664 = EDGE_CURVE('',#665,#84,#667,.T.);
#665 = VERTEX_POINT('',#666);
#666 = CARTESIAN_POINT('',(0.5,0.5,-5.551115123126E-17));
#667 = LINE('',#668,#669);
#668 = CARTESIAN_POINT('',(0.375,0.5,0.125));
#669 = VECTOR('',#670,1.);
#670 = DIRECTION('',(-0.707106781187,3.082391018568E-17,0.707106781187)
  );
#671 = ORIENTED_EDGE('',*,*,#93,.T.);
#672 = ORIENTED_EDGE('',*,*,#673,.F.);
#673 = EDGE_CURVE('',#674,#94,#676,.T.);
#674 = VERTEX_POINT('',#675);
#675 = CARTESIAN_POINT('',(0.5,29.5,-1.074753193928E-15));
#676 = LINE('',#677,#678);
#677 = CARTESIAN_POINT('',(0.375,29.5,0.125));
#678 = VECTOR('',#679,1.);
#679 = DIRECTION('',(-0.707106781187,4.999250338591E-18,0.707106781187)
  );
#680 = ORIENTED_EDGE('',*,*,#681,.F.);
#681 = EDGE_CURVE('',#665,#674,#682,.T.);
#682 = LINE('',#683,#684);
#683 = CARTESIAN_POINT('',(0.5,0.,0.));
#684 = VECTOR('',#685,1.);
#685 = DIRECTION('',(-0.,1.,0.));
#686 = PLANE('',#687);
#687 = AXIS2_PLACEMENT_3D('',#688,#689,#690);
#688 = CARTESIAN_POINT('',(0.25,0.,0.25));
#689 = DIRECTION('',(-0.707106781187,-1.889513820523E-18,-0.707106781187
    ));
#690 = DIRECTION('',(-1.336088035637E-18,1.,-1.336088035637E-18));
#691 = ADVANCED_FACE('',(#692),#702,.T.);
#692 = FACE_BOUND('',#693,.T.);
#693 = EDGE_LOOP('',(#694,#695,#701));
#694 = ORIENTED_EDGE('',*,*,#664,.F.);
#695 = ORIENTED_EDGE('',*,*,#696,.T.);
#696 = EDGE_CURVE('',#665,#197,#697,.T.);
#697 = LINE('',#698,#699);
#698 = CARTESIAN_POINT('',(0.5,0.375,0.125));
#699 = VECTOR('',#700,1.);
#700 = DIRECTION('',(-3.082391018568E-17,-0.707106781187,0.707106781187)
  );
#701 = ORIENTED_EDGE('',*,*,#204,.F.);
#702 = PLANE('',#703);
#703 = AXIS2_PLACEMENT_3D('',#704,#705,#706);
#704 = CARTESIAN_POINT('',(0.5,0.5,-5.551115123126E-17));
#705 = DIRECTION('',(-0.57735026919,-0.57735026919,-0.57735026919));
#706 = DIRECTION('',(0.707106781187,-0.707106781187,-6.803361091336E-18)
  );
#707 = ADVANCED_FACE('',(#708),#718,.F.);
#708 = FACE_BOUND('',#709,.F.);
#709 = EDGE_LOOP('',(#710,#711,#717));
#710 = ORIENTED_EDGE('',*,*,#228,.F.);
#711 = ORIENTED_EDGE('',*,*,#712,.T.);
#712 = EDGE_CURVE('',#219,#189,#713,.T.);
#713 = LINE('',#714,#715);
#714 = CARTESIAN_POINT('',(0.5,0.375,29.875));
#715 = VECTOR('',#716,1.);
#716 = DIRECTION('',(1.537708725819E-15,-0.707106781187,-0.707106781187)
  );
#717 = ORIENTED_EDGE('',*,*,#188,.F.);
#718 = PLANE('',#719);
#719 = AXIS2_PLACEMENT_3D('',#720,#721,#722);
#720 = CARTESIAN_POINT('',(0.5,0.5,30.));
#721 = DIRECTION('',(0.57735026919,0.57735026919,-0.57735026919));
#722 = DIRECTION('',(0.707106781187,-0.707106781187,-1.118297072777E-17)
  );
#723 = ADVANCED_FACE('',(#724),#749,.F.);
#724 = FACE_BOUND('',#725,.F.);
#725 = EDGE_LOOP('',(#726,#727,#735,#743));
#726 = ORIENTED_EDGE('',*,*,#196,.T.);
#727 = ORIENTED_EDGE('',*,*,#728,.T.);
#728 = EDGE_CURVE('',#189,#729,#731,.T.);
#729 = VERTEX_POINT('',#730);
#730 = CARTESIAN_POINT('',(59.5,1.675267558391E-15,29.5));
#731 = LINE('',#732,#733);
#732 = CARTESIAN_POINT('',(0.,0.,29.5));
#733 = VECTOR('',#734,1.);
#734 = DIRECTION('',(1.,0.,-0.));
#735 = ORIENTED_EDGE('',*,*,#736,.F.);
#736 = EDGE_CURVE('',#737,#729,#739,.T.);
#737 = VERTEX_POINT('',#738);
#738 = CARTESIAN_POINT('',(59.5,1.443289932013E-15,0.5));
#739 = LINE('',#740,#741);
#740 = CARTESIAN_POINT('',(59.5,0.,0.));
#741 = VECTOR('',#742,1.);
#742 = DIRECTION('',(0.,0.,1.));
#743 = ORIENTED_EDGE('',*,*,#744,.F.);
#744 = EDGE_CURVE('',#197,#737,#745,.T.);
#745 = LINE('',#746,#747);
#746 = CARTESIAN_POINT('',(0.,0.,0.5));
#747 = VECTOR('',#748,1.);
#748 = DIRECTION('',(1.,0.,-0.));
#749 = PLANE('',#750);
#750 = AXIS2_PLACEMENT_3D('',#751,#752,#753);
#751 = CARTESIAN_POINT('',(0.,0.,0.));
#752 = DIRECTION('',(-0.,1.,0.));
#753 = DIRECTION('',(0.,0.,1.));
#754 = ADVANCED_FACE('',(#755),#773,.T.);
#755 = FACE_BOUND('',#756,.T.);
#756 = EDGE_LOOP('',(#757,#758,#766,#772));
#757 = ORIENTED_EDGE('',*,*,#218,.F.);
#758 = ORIENTED_EDGE('',*,*,#759,.T.);
#759 = EDGE_CURVE('',#219,#760,#762,.T.);
#760 = VERTEX_POINT('',#761);
#761 = CARTESIAN_POINT('',(59.5,0.5,30.));
#762 = LINE('',#763,#764);
#763 = CARTESIAN_POINT('',(0.,0.5,30.));
#764 = VECTOR('',#765,1.);
#765 = DIRECTION('',(1.,0.,-0.));
#766 = ORIENTED_EDGE('',*,*,#767,.T.);
#767 = EDGE_CURVE('',#760,#299,#768,.T.);
#768 = LINE('',#769,#770);
#769 = CARTESIAN_POINT('',(59.5,0.,30.));
#770 = VECTOR('',#771,1.);
#771 = DIRECTION('',(-0.,1.,0.));
#772 = ORIENTED_EDGE('',*,*,#306,.F.);
#773 = PLANE('',#774);
#774 = AXIS2_PLACEMENT_3D('',#775,#776,#777);
#775 = CARTESIAN_POINT('',(0.,0.,30.));
#776 = DIRECTION('',(0.,0.,1.));
#777 = DIRECTION('',(1.,0.,-0.));
#778 = ADVANCED_FACE('',(#779),#797,.T.);
#779 = FACE_BOUND('',#780,.T.);
#780 = EDGE_LOOP('',(#781,#782,#790,#796));
#781 = ORIENTED_EDGE('',*,*,#767,.F.);
#782 = ORIENTED_EDGE('',*,*,#783,.T.);
#783 = EDGE_CURVE('',#760,#784,#786,.T.);
#784 = VERTEX_POINT('',#785);
#785 = CARTESIAN_POINT('',(60.,0.5,29.5));
#786 = LINE('',#787,#788);
#787 = CARTESIAN_POINT('',(59.625,0.5,29.875));
#788 = VECTOR('',#789,1.);
#789 = DIRECTION('',(0.707106781187,1.359288591379E-14,-0.707106781187)
  );
#790 = ORIENTED_EDGE('',*,*,#791,.T.);
#791 = EDGE_CURVE('',#784,#291,#792,.T.);
#792 = LINE('',#793,#794);
#793 = CARTESIAN_POINT('',(60.,0.,29.5));
#794 = VECTOR('',#795,1.);
#795 = DIRECTION('',(-0.,1.,0.));
#796 = ORIENTED_EDGE('',*,*,#298,.F.);
#797 = PLANE('',#798);
#798 = AXIS2_PLACEMENT_3D('',#799,#800,#801);
#799 = CARTESIAN_POINT('',(59.75,0.,29.75));
#800 = DIRECTION('',(0.707106781187,-1.889513820523E-18,0.707106781187)
  );
#801 = DIRECTION('',(1.336088035637E-18,1.,1.336088035637E-18));
#802 = ADVANCED_FACE('',(#803,#858),#869,.T.);
#803 = FACE_BOUND('',#804,.T.);
#804 = EDGE_LOOP('',(#805,#813,#821,#829,#835,#836,#842,#843,#849,#850,
    #856,#857));
#805 = ORIENTED_EDGE('',*,*,#806,.F.);
#806 = EDGE_CURVE('',#807,#784,#809,.T.);
#807 = VERTEX_POINT('',#808);
#808 = CARTESIAN_POINT('',(60.,0.5,0.5));
#809 = LINE('',#810,#811);
#810 = CARTESIAN_POINT('',(60.,0.5,0.));
#811 = VECTOR('',#812,1.);
#812 = DIRECTION('',(0.,0.,1.));
#813 = ORIENTED_EDGE('',*,*,#814,.T.);
#814 = EDGE_CURVE('',#807,#815,#817,.T.);
#815 = VERTEX_POINT('',#816);
#816 = CARTESIAN_POINT('',(60.,29.5,0.5));
#817 = LINE('',#818,#819);
#818 = CARTESIAN_POINT('',(60.,0.,0.5));
#819 = VECTOR('',#820,1.);
#820 = DIRECTION('',(-0.,1.,0.));
#821 = ORIENTED_EDGE('',*,*,#822,.T.);
#822 = EDGE_CURVE('',#815,#823,#825,.T.);
#823 = VERTEX_POINT('',#824);
#824 = CARTESIAN_POINT('',(60.,29.5,29.5));
#825 = LINE('',#826,#827);
#826 = CARTESIAN_POINT('',(60.,29.5,0.));
#827 = VECTOR('',#828,1.);
#828 = DIRECTION('',(0.,0.,1.));
#829 = ORIENTED_EDGE('',*,*,#830,.F.);
#830 = EDGE_CURVE('',#556,#823,#831,.T.);
#831 = LINE('',#832,#833);
#832 = CARTESIAN_POINT('',(60.,0.,29.5));
#833 = VECTOR('',#834,1.);
#834 = DIRECTION('',(-0.,1.,0.));
#835 = ORIENTED_EDGE('',*,*,#563,.F.);
#836 = ORIENTED_EDGE('',*,*,#837,.F.);
#837 = EDGE_CURVE('',#475,#564,#838,.T.);
#838 = LINE('',#839,#840);
#839 = CARTESIAN_POINT('',(60.,12.35,26.4));
#840 = VECTOR('',#841,1.);
#841 = DIRECTION('',(0.,1.,0.));
#842 = ORIENTED_EDGE('',*,*,#482,.F.);
#843 = ORIENTED_EDGE('',*,*,#844,.F.);
#844 = EDGE_CURVE('',#364,#483,#845,.T.);
#845 = LINE('',#846,#847);
#846 = CARTESIAN_POINT('',(60.,0.,29.5));
#847 = VECTOR('',#848,1.);
#848 = DIRECTION('',(-0.,1.,0.));
#849 = ORIENTED_EDGE('',*,*,#371,.F.);
#850 = ORIENTED_EDGE('',*,*,#851,.F.);
#851 = EDGE_CURVE('',#283,#372,#852,.T.);
#852 = LINE('',#853,#854);
#853 = CARTESIAN_POINT('',(60.,4.85,26.4));
#854 = VECTOR('',#855,1.);
#855 = DIRECTION('',(0.,1.,0.));
#856 = ORIENTED_EDGE('',*,*,#290,.F.);
#857 = ORIENTED_EDGE('',*,*,#791,.F.);
#858 = FACE_BOUND('',#859,.T.);
#859 = EDGE_LOOP('',(#860));
#860 = ORIENTED_EDGE('',*,*,#861,.F.);
#861 = EDGE_CURVE('',#862,#862,#864,.T.);
#862 = VERTEX_POINT('',#863);
#863 = CARTESIAN_POINT('',(60.,15.,16.2));
#864 = CIRCLE('',#865,1.2);
#865 = AXIS2_PLACEMENT_3D('',#866,#867,#868);
#866 = CARTESIAN_POINT('',(60.,15.,15.));
#867 = DIRECTION('',(1.,0.,0.));
#868 = DIRECTION('',(-0.,0.,1.));
#869 = PLANE('',#870);
#870 = AXIS2_PLACEMENT_3D('',#871,#872,#873);
#871 = CARTESIAN_POINT('',(60.,0.,0.));
#872 = DIRECTION('',(1.,0.,-0.));
#873 = DIRECTION('',(0.,0.,1.));
#874 = ADVANCED_FACE('',(#875),#886,.F.);
#875 = FACE_BOUND('',#876,.F.);
#876 = EDGE_LOOP('',(#877,#883,#884,#885));
#877 = ORIENTED_EDGE('',*,*,#878,.T.);
#878 = EDGE_CURVE('',#275,#380,#879,.T.);
#879 = LINE('',#880,#881);
#880 = CARTESIAN_POINT('',(58.5,5.6,26.4));
#881 = VECTOR('',#882,1.);
#882 = DIRECTION('',(0.,1.,0.));
#883 = ORIENTED_EDGE('',*,*,#379,.T.);
#884 = ORIENTED_EDGE('',*,*,#851,.F.);
#885 = ORIENTED_EDGE('',*,*,#282,.F.);
#886 = PLANE('',#887);
#887 = AXIS2_PLACEMENT_3D('',#888,#889,#890);
#888 = CARTESIAN_POINT('',(-1.,9.7,26.4));
#889 = DIRECTION('',(0.,0.,-1.));
#890 = DIRECTION('',(0.,-1.,0.));
#891 = ADVANCED_FACE('',(#892,#949),#960,.F.);
#892 = FACE_BOUND('',#893,.F.);
#893 = EDGE_LOOP('',(#894,#902,#910,#918,#926,#932,#933,#939,#940,#946,
    #947,#948));
#894 = ORIENTED_EDGE('',*,*,#895,.F.);
#895 = EDGE_CURVE('',#896,#267,#898,.T.);
#896 = VERTEX_POINT('',#897);
#897 = CARTESIAN_POINT('',(58.5,1.5,28.5));
#898 = LINE('',#899,#900);
#899 = CARTESIAN_POINT('',(58.5,1.5,28.5));
#900 = VECTOR('',#901,1.);
#901 = DIRECTION('',(-0.,1.,0.));
#902 = ORIENTED_EDGE('',*,*,#903,.F.);
#903 = EDGE_CURVE('',#904,#896,#906,.T.);
#904 = VERTEX_POINT('',#905);
#905 = CARTESIAN_POINT('',(58.5,1.5,1.5));
#906 = LINE('',#907,#908);
#907 = CARTESIAN_POINT('',(58.5,1.5,1.5));
#908 = VECTOR('',#909,1.);
#909 = DIRECTION('',(0.,0.,1.));
#910 = ORIENTED_EDGE('',*,*,#911,.T.);
#911 = EDGE_CURVE('',#904,#912,#914,.T.);
#912 = VERTEX_POINT('',#913);
#913 = CARTESIAN_POINT('',(58.5,28.5,1.5));
#914 = LINE('',#915,#916);
#915 = CARTESIAN_POINT('',(58.5,1.5,1.5));
#916 = VECTOR('',#917,1.);
#917 = DIRECTION('',(-0.,1.,0.));
#918 = ORIENTED_EDGE('',*,*,#919,.T.);
#919 = EDGE_CURVE('',#912,#920,#922,.T.);
#920 = VERTEX_POINT('',#921);
#921 = CARTESIAN_POINT('',(58.5,28.5,28.5));
#922 = LINE('',#923,#924);
#923 = CARTESIAN_POINT('',(58.5,28.5,1.5));
#924 = VECTOR('',#925,1.);
#925 = DIRECTION('',(0.,0.,1.));
#926 = ORIENTED_EDGE('',*,*,#927,.F.);
#927 = EDGE_CURVE('',#580,#920,#928,.T.);
#928 = LINE('',#929,#930);
#929 = CARTESIAN_POINT('',(58.5,1.5,28.5));
#930 = VECTOR('',#931,1.);
#931 = DIRECTION('',(-0.,1.,0.));
#932 = ORIENTED_EDGE('',*,*,#579,.F.);
#933 = ORIENTED_EDGE('',*,*,#934,.F.);
#934 = EDGE_CURVE('',#467,#572,#935,.T.);
#935 = LINE('',#936,#937);
#936 = CARTESIAN_POINT('',(58.5,13.1,26.4));
#937 = VECTOR('',#938,1.);
#938 = DIRECTION('',(0.,1.,0.));
#939 = ORIENTED_EDGE('',*,*,#466,.F.);
#940 = ORIENTED_EDGE('',*,*,#941,.F.);
#941 = EDGE_CURVE('',#388,#459,#942,.T.);
#942 = LINE('',#943,#944);
#943 = CARTESIAN_POINT('',(58.5,1.5,28.5));
#944 = VECTOR('',#945,1.);
#945 = DIRECTION('',(-0.,1.,0.));
#946 = ORIENTED_EDGE('',*,*,#387,.F.);
#947 = ORIENTED_EDGE('',*,*,#878,.F.);
#948 = ORIENTED_EDGE('',*,*,#274,.F.);
#949 = FACE_BOUND('',#950,.F.);
#950 = EDGE_LOOP('',(#951));
#951 = ORIENTED_EDGE('',*,*,#952,.F.);
#952 = EDGE_CURVE('',#953,#953,#955,.T.);
#953 = VERTEX_POINT('',#954);
#954 = CARTESIAN_POINT('',(58.5,15.,16.2));
#955 = CIRCLE('',#956,1.2);
#956 = AXIS2_PLACEMENT_3D('',#957,#958,#959);
#957 = CARTESIAN_POINT('',(58.5,15.,15.));
#958 = DIRECTION('',(1.,0.,0.));
#959 = DIRECTION('',(-0.,0.,1.));
#960 = PLANE('',#961);
#961 = AXIS2_PLACEMENT_3D('',#962,#963,#964);
#962 = CARTESIAN_POINT('',(58.5,1.5,1.5));
#963 = DIRECTION('',(1.,0.,-0.));
#964 = DIRECTION('',(0.,0.,1.));
#965 = ADVANCED_FACE('',(#966),#984,.F.);
#966 = FACE_BOUND('',#967,.F.);
#967 = EDGE_LOOP('',(#968,#976,#982,#983));
#968 = ORIENTED_EDGE('',*,*,#969,.F.);
#969 = EDGE_CURVE('',#970,#259,#972,.T.);
#970 = VERTEX_POINT('',#971);
#971 = CARTESIAN_POINT('',(1.5,1.5,28.5));
#972 = LINE('',#973,#974);
#973 = CARTESIAN_POINT('',(1.5,1.5,28.5));
#974 = VECTOR('',#975,1.);
#975 = DIRECTION('',(-0.,1.,0.));
#976 = ORIENTED_EDGE('',*,*,#977,.T.);
#977 = EDGE_CURVE('',#970,#896,#978,.T.);
#978 = LINE('',#979,#980);
#979 = CARTESIAN_POINT('',(1.5,1.5,28.5));
#980 = VECTOR('',#981,1.);
#981 = DIRECTION('',(1.,0.,-0.));
#982 = ORIENTED_EDGE('',*,*,#895,.T.);
#983 = ORIENTED_EDGE('',*,*,#266,.F.);
#984 = PLANE('',#985);
#985 = AXIS2_PLACEMENT_3D('',#986,#987,#988);
#986 = CARTESIAN_POINT('',(1.5,1.5,28.5));
#987 = DIRECTION('',(0.,0.,1.));
#988 = DIRECTION('',(1.,0.,-0.));
#989 = ADVANCED_FACE('',(#990),#1035,.T.);
#990 = FACE_BOUND('',#991,.T.);
#991 = EDGE_LOOP('',(#992,#993,#1001,#1009,#1017,#1023,#1024,#1025,#1026
    ,#1032,#1033,#1034));
#992 = ORIENTED_EDGE('',*,*,#969,.F.);
#993 = ORIENTED_EDGE('',*,*,#994,.F.);
#994 = EDGE_CURVE('',#995,#970,#997,.T.);
#995 = VERTEX_POINT('',#996);
#996 = CARTESIAN_POINT('',(1.5,1.5,1.5));
#997 = LINE('',#998,#999);
#998 = CARTESIAN_POINT('',(1.5,1.5,1.5));
#999 = VECTOR('',#1000,1.);
#1000 = DIRECTION('',(0.,0.,1.));
#1001 = ORIENTED_EDGE('',*,*,#1002,.T.);
#1002 = EDGE_CURVE('',#995,#1003,#1005,.T.);
#1003 = VERTEX_POINT('',#1004);
#1004 = CARTESIAN_POINT('',(1.5,28.5,1.5));
#1005 = LINE('',#1006,#1007);
#1006 = CARTESIAN_POINT('',(1.5,1.5,1.5));
#1007 = VECTOR('',#1008,1.);
#1008 = DIRECTION('',(-0.,1.,0.));
#1009 = ORIENTED_EDGE('',*,*,#1010,.T.);
#1010 = EDGE_CURVE('',#1003,#1011,#1013,.T.);
#1011 = VERTEX_POINT('',#1012);
#1012 = CARTESIAN_POINT('',(1.5,28.5,28.5));
#1013 = LINE('',#1014,#1015);
#1014 = CARTESIAN_POINT('',(1.5,28.5,1.5));
#1015 = VECTOR('',#1016,1.);
#1016 = DIRECTION('',(0.,0.,1.));
#1017 = ORIENTED_EDGE('',*,*,#1018,.F.);
#1018 = EDGE_CURVE('',#588,#1011,#1019,.T.);
#1019 = LINE('',#1020,#1021);
#1020 = CARTESIAN_POINT('',(1.5,1.5,28.5));
#1021 = VECTOR('',#1022,1.);
#1022 = DIRECTION('',(-0.,1.,0.));
#1023 = ORIENTED_EDGE('',*,*,#595,.F.);
#1024 = ORIENTED_EDGE('',*,*,#522,.F.);
#1025 = ORIENTED_EDGE('',*,*,#450,.F.);
#1026 = ORIENTED_EDGE('',*,*,#1027,.F.);
#1027 = EDGE_CURVE('',#396,#451,#1028,.T.);
#1028 = LINE('',#1029,#1030);
#1029 = CARTESIAN_POINT('',(1.5,1.5,28.5));
#1030 = VECTOR('',#1031,1.);
#1031 = DIRECTION('',(-0.,1.,0.));
#1032 = ORIENTED_EDGE('',*,*,#403,.F.);
#1033 = ORIENTED_EDGE('',*,*,#330,.F.);
#1034 = ORIENTED_EDGE('',*,*,#258,.F.);
#1035 = PLANE('',#1036);
#1036 = AXIS2_PLACEMENT_3D('',#1037,#1038,#1039);
#1037 = CARTESIAN_POINT('',(1.5,1.5,1.5));
#1038 = DIRECTION('',(1.,0.,-0.));
#1039 = DIRECTION('',(0.,0.,1.));
#1040 = ADVANCED_FACE('',(#1041),#1047,.F.);
#1041 = FACE_BOUND('',#1042,.F.);
#1042 = EDGE_LOOP('',(#1043,#1044,#1045,#1046));
#1043 = ORIENTED_EDGE('',*,*,#1027,.F.);
#1044 = ORIENTED_EDGE('',*,*,#395,.F.);
#1045 = ORIENTED_EDGE('',*,*,#941,.T.);
#1046 = ORIENTED_EDGE('',*,*,#458,.F.);
#1047 = PLANE('',#1048);
#1048 = AXIS2_PLACEMENT_3D('',#1049,#1050,#1051);
#1049 = CARTESIAN_POINT('',(1.5,1.5,28.5));
#1050 = DIRECTION('',(0.,0.,1.));
#1051 = DIRECTION('',(1.,0.,-0.));
#1052 = ADVANCED_FACE('',(#1053),#1064,.T.);
#1053 = FACE_BOUND('',#1054,.T.);
#1054 = EDGE_LOOP('',(#1055,#1061,#1062,#1063));
#1055 = ORIENTED_EDGE('',*,*,#1056,.F.);
#1056 = EDGE_CURVE('',#356,#491,#1057,.T.);
#1057 = LINE('',#1058,#1059);
#1058 = CARTESIAN_POINT('',(59.5,0.,30.));
#1059 = VECTOR('',#1060,1.);
#1060 = DIRECTION('',(-0.,1.,0.));
#1061 = ORIENTED_EDGE('',*,*,#363,.F.);
#1062 = ORIENTED_EDGE('',*,*,#844,.T.);
#1063 = ORIENTED_EDGE('',*,*,#490,.F.);
#1064 = PLANE('',#1065);
#1065 = AXIS2_PLACEMENT_3D('',#1066,#1067,#1068);
#1066 = CARTESIAN_POINT('',(59.75,0.,29.75));
#1067 = DIRECTION('',(0.707106781187,-1.889513820523E-18,0.707106781187)
  );
#1068 = DIRECTION('',(1.336088035637E-18,1.,1.336088035637E-18));
#1069 = ADVANCED_FACE('',(#1070),#1076,.T.);
#1070 = FACE_BOUND('',#1071,.T.);
#1071 = EDGE_LOOP('',(#1072,#1073,#1074,#1075));
#1072 = ORIENTED_EDGE('',*,*,#417,.F.);
#1073 = ORIENTED_EDGE('',*,*,#355,.F.);
#1074 = ORIENTED_EDGE('',*,*,#1056,.T.);
#1075 = ORIENTED_EDGE('',*,*,#498,.F.);
#1076 = PLANE('',#1077);
#1077 = AXIS2_PLACEMENT_3D('',#1078,#1079,#1080);
#1078 = CARTESIAN_POINT('',(0.,0.,30.));
#1079 = DIRECTION('',(0.,0.,1.));
#1080 = DIRECTION('',(1.,0.,-0.));
#1081 = ADVANCED_FACE('',(#1082),#1088,.F.);
#1082 = FACE_BOUND('',#1083,.F.);
#1083 = EDGE_LOOP('',(#1084,#1085,#1086,#1087));
#1084 = ORIENTED_EDGE('',*,*,#934,.T.);
#1085 = ORIENTED_EDGE('',*,*,#571,.T.);
#1086 = ORIENTED_EDGE('',*,*,#837,.F.);
#1087 = ORIENTED_EDGE('',*,*,#474,.F.);
#1088 = PLANE('',#1089);
#1089 = AXIS2_PLACEMENT_3D('',#1090,#1091,#1092);
#1090 = CARTESIAN_POINT('',(-1.,24.7,26.4));
#1091 = DIRECTION('',(0.,0.,-1.));
#1092 = DIRECTION('',(0.,-1.,0.));
#1093 = ADVANCED_FACE('',(#1094),#1105,.F.);
#1094 = FACE_BOUND('',#1095,.F.);
#1095 = EDGE_LOOP('',(#1096,#1097,#1098,#1099));
#1096 = ORIENTED_EDGE('',*,*,#1018,.F.);
#1097 = ORIENTED_EDGE('',*,*,#587,.F.);
#1098 = ORIENTED_EDGE('',*,*,#927,.T.);
#1099 = ORIENTED_EDGE('',*,*,#1100,.F.);
#1100 = EDGE_CURVE('',#1011,#920,#1101,.T.);
#1101 = LINE('',#1102,#1103);
#1102 = CARTESIAN_POINT('',(1.5,28.5,28.5));
#1103 = VECTOR('',#1104,1.);
#1104 = DIRECTION('',(1.,0.,-0.));
#1105 = PLANE('',#1106);
#1106 = AXIS2_PLACEMENT_3D('',#1107,#1108,#1109);
#1107 = CARTESIAN_POINT('',(1.5,1.5,28.5));
#1108 = DIRECTION('',(0.,0.,1.));
#1109 = DIRECTION('',(1.,0.,-0.));
#1110 = ADVANCED_FACE('',(#1111),#1129,.T.);
#1111 = FACE_BOUND('',#1112,.T.);
#1112 = EDGE_LOOP('',(#1113,#1121,#1122,#1123));
#1113 = ORIENTED_EDGE('',*,*,#1114,.F.);
#1114 = EDGE_CURVE('',#548,#1115,#1117,.T.);
#1115 = VERTEX_POINT('',#1116);
#1116 = CARTESIAN_POINT('',(59.5,29.5,30.));
#1117 = LINE('',#1118,#1119);
#1118 = CARTESIAN_POINT('',(59.5,0.,30.));
#1119 = VECTOR('',#1120,1.);
#1120 = DIRECTION('',(-0.,1.,0.));
#1121 = ORIENTED_EDGE('',*,*,#555,.F.);
#1122 = ORIENTED_EDGE('',*,*,#830,.T.);
#1123 = ORIENTED_EDGE('',*,*,#1124,.T.);
#1124 = EDGE_CURVE('',#823,#1115,#1125,.T.);
#1125 = LINE('',#1126,#1127);
#1126 = CARTESIAN_POINT('',(59.75,29.5,29.75));
#1127 = VECTOR('',#1128,1.);
#1128 = DIRECTION('',(-0.707106781187,1.002173886894E-14,0.707106781187)
  );
#1129 = PLANE('',#1130);
#1130 = AXIS2_PLACEMENT_3D('',#1131,#1132,#1133);
#1131 = CARTESIAN_POINT('',(59.75,0.,29.75));
#1132 = DIRECTION('',(0.707106781187,-1.889513820523E-18,0.707106781187)
  );
#1133 = DIRECTION('',(1.336088035637E-18,1.,1.336088035637E-18));
#1134 = ADVANCED_FACE('',(#1135),#1146,.T.);
#1135 = FACE_BOUND('',#1136,.T.);
#1136 = EDGE_LOOP('',(#1137,#1138,#1139,#1140));
#1137 = ORIENTED_EDGE('',*,*,#609,.F.);
#1138 = ORIENTED_EDGE('',*,*,#547,.F.);
#1139 = ORIENTED_EDGE('',*,*,#1114,.T.);
#1140 = ORIENTED_EDGE('',*,*,#1141,.F.);
#1141 = EDGE_CURVE('',#610,#1115,#1142,.T.);
#1142 = LINE('',#1143,#1144);
#1143 = CARTESIAN_POINT('',(0.,29.5,30.));
#1144 = VECTOR('',#1145,1.);
#1145 = DIRECTION('',(1.,0.,-0.));
#1146 = PLANE('',#1147);
#1147 = AXIS2_PLACEMENT_3D('',#1148,#1149,#1150);
#1148 = CARTESIAN_POINT('',(0.,0.,30.));
#1149 = DIRECTION('',(0.,0.,1.));
#1150 = DIRECTION('',(1.,0.,-0.));
#1151 = ADVANCED_FACE('',(#1152),#1162,.F.);
#1152 = FACE_BOUND('',#1153,.F.);
#1153 = EDGE_LOOP('',(#1154,#1155,#1161));
#1154 = ORIENTED_EDGE('',*,*,#634,.F.);
#1155 = ORIENTED_EDGE('',*,*,#1156,.T.);
#1156 = EDGE_CURVE('',#635,#610,#1157,.T.);
#1157 = LINE('',#1158,#1159);
#1158 = CARTESIAN_POINT('',(0.5,29.875,29.625));
#1159 = VECTOR('',#1160,1.);
#1160 = DIRECTION('',(3.564975430619E-15,-0.707106781187,0.707106781187)
  );
#1161 = ORIENTED_EDGE('',*,*,#619,.F.);
#1162 = PLANE('',#1163);
#1163 = AXIS2_PLACEMENT_3D('',#1164,#1165,#1166);
#1164 = CARTESIAN_POINT('',(0.5,30.,29.5));
#1165 = DIRECTION('',(0.57735026919,-0.57735026919,-0.57735026919));
#1166 = DIRECTION('',(0.707106781187,5.033485120814E-15,0.707106781187)
  );
#1167 = ADVANCED_FACE('',(#1168),#1178,.F.);
#1168 = FACE_BOUND('',#1169,.F.);
#1169 = EDGE_LOOP('',(#1170,#1171,#1177));
#1170 = ORIENTED_EDGE('',*,*,#673,.F.);
#1171 = ORIENTED_EDGE('',*,*,#1172,.T.);
#1172 = EDGE_CURVE('',#674,#643,#1173,.T.);
#1173 = LINE('',#1174,#1175);
#1174 = CARTESIAN_POINT('',(0.5,29.625,0.125));
#1175 = VECTOR('',#1176,1.);
#1176 = DIRECTION('',(-6.917666420642E-15,0.707106781187,0.707106781187)
  );
#1177 = ORIENTED_EDGE('',*,*,#650,.F.);
#1178 = PLANE('',#1179);
#1179 = AXIS2_PLACEMENT_3D('',#1180,#1181,#1182);
#1180 = CARTESIAN_POINT('',(0.5,29.5,-1.074753193928E-15));
#1181 = DIRECTION('',(0.57735026919,-0.57735026919,0.57735026919));
#1182 = DIRECTION('',(0.707106781187,0.707106781187,-4.147166929347E-15)
  );
#1183 = ADVANCED_FACE('',(#1184),#1209,.T.);
#1184 = FACE_BOUND('',#1185,.T.);
#1185 = EDGE_LOOP('',(#1186,#1187,#1195,#1203));
#1186 = ORIENTED_EDGE('',*,*,#642,.T.);
#1187 = ORIENTED_EDGE('',*,*,#1188,.T.);
#1188 = EDGE_CURVE('',#635,#1189,#1191,.T.);
#1189 = VERTEX_POINT('',#1190);
#1190 = CARTESIAN_POINT('',(59.5,30.,29.5));
#1191 = LINE('',#1192,#1193);
#1192 = CARTESIAN_POINT('',(0.,30.,29.5));
#1193 = VECTOR('',#1194,1.);
#1194 = DIRECTION('',(1.,0.,-0.));
#1195 = ORIENTED_EDGE('',*,*,#1196,.F.);
#1196 = EDGE_CURVE('',#1197,#1189,#1199,.T.);
#1197 = VERTEX_POINT('',#1198);
#1198 = CARTESIAN_POINT('',(59.5,30.,0.5));
#1199 = LINE('',#1200,#1201);
#1200 = CARTESIAN_POINT('',(59.5,30.,0.));
#1201 = VECTOR('',#1202,1.);
#1202 = DIRECTION('',(0.,0.,1.));
#1203 = ORIENTED_EDGE('',*,*,#1204,.F.);
#1204 = EDGE_CURVE('',#643,#1197,#1205,.T.);
#1205 = LINE('',#1206,#1207);
#1206 = CARTESIAN_POINT('',(0.,30.,0.5));
#1207 = VECTOR('',#1208,1.);
#1208 = DIRECTION('',(1.,0.,-0.));
#1209 = PLANE('',#1210);
#1210 = AXIS2_PLACEMENT_3D('',#1211,#1212,#1213);
#1211 = CARTESIAN_POINT('',(0.,30.,0.));
#1212 = DIRECTION('',(-0.,1.,0.));
#1213 = DIRECTION('',(0.,0.,1.));
#1214 = ADVANCED_FACE('',(#1215),#1240,.F.);
#1215 = FACE_BOUND('',#1216,.F.);
#1216 = EDGE_LOOP('',(#1217,#1218,#1226,#1234));
#1217 = ORIENTED_EDGE('',*,*,#681,.F.);
#1218 = ORIENTED_EDGE('',*,*,#1219,.T.);
#1219 = EDGE_CURVE('',#665,#1220,#1222,.T.);
#1220 = VERTEX_POINT('',#1221);
#1221 = CARTESIAN_POINT('',(59.5,0.5,1.443289932013E-15));
#1222 = LINE('',#1223,#1224);
#1223 = CARTESIAN_POINT('',(0.,0.5,0.));
#1224 = VECTOR('',#1225,1.);
#1225 = DIRECTION('',(1.,0.,-0.));
#1226 = ORIENTED_EDGE('',*,*,#1227,.T.);
#1227 = EDGE_CURVE('',#1220,#1228,#1230,.T.);
#1228 = VERTEX_POINT('',#1229);
#1229 = CARTESIAN_POINT('',(59.5,29.5,4.123888678798E-16));
#1230 = LINE('',#1231,#1232);
#1231 = CARTESIAN_POINT('',(59.5,0.,0.));
#1232 = VECTOR('',#1233,1.);
#1233 = DIRECTION('',(-0.,1.,0.));
#1234 = ORIENTED_EDGE('',*,*,#1235,.F.);
#1235 = EDGE_CURVE('',#674,#1228,#1236,.T.);
#1236 = LINE('',#1237,#1238);
#1237 = CARTESIAN_POINT('',(0.,29.5,0.));
#1238 = VECTOR('',#1239,1.);
#1239 = DIRECTION('',(1.,0.,-0.));
#1240 = PLANE('',#1241);
#1241 = AXIS2_PLACEMENT_3D('',#1242,#1243,#1244);
#1242 = CARTESIAN_POINT('',(0.,0.,0.));
#1243 = DIRECTION('',(0.,0.,1.));
#1244 = DIRECTION('',(1.,0.,-0.));
#1245 = ADVANCED_FACE('',(#1246),#1257,.T.);
#1246 = FACE_BOUND('',#1247,.F.);
#1247 = EDGE_LOOP('',(#1248,#1249,#1250,#1256));
#1248 = ORIENTED_EDGE('',*,*,#696,.T.);
#1249 = ORIENTED_EDGE('',*,*,#744,.T.);
#1250 = ORIENTED_EDGE('',*,*,#1251,.F.);
#1251 = EDGE_CURVE('',#1220,#737,#1252,.T.);
#1252 = LINE('',#1253,#1254);
#1253 = CARTESIAN_POINT('',(59.5,0.375,0.125));
#1254 = VECTOR('',#1255,1.);
#1255 = DIRECTION('',(-3.916443794365E-17,-0.707106781187,0.707106781187
    ));
#1256 = ORIENTED_EDGE('',*,*,#1219,.F.);
#1257 = PLANE('',#1258);
#1258 = AXIS2_PLACEMENT_3D('',#1259,#1260,#1261);
#1259 = CARTESIAN_POINT('',(0.,0.25,0.25));
#1260 = DIRECTION('',(-1.889513820523E-18,-0.707106781187,
    -0.707106781187));
#1261 = DIRECTION('',(-1.,1.336088035637E-18,1.336088035637E-18));
#1262 = ADVANCED_FACE('',(#1263),#1274,.F.);
#1263 = FACE_BOUND('',#1264,.T.);
#1264 = EDGE_LOOP('',(#1265,#1266,#1267,#1273));
#1265 = ORIENTED_EDGE('',*,*,#712,.T.);
#1266 = ORIENTED_EDGE('',*,*,#728,.T.);
#1267 = ORIENTED_EDGE('',*,*,#1268,.F.);
#1268 = EDGE_CURVE('',#760,#729,#1269,.T.);
#1269 = LINE('',#1270,#1271);
#1270 = CARTESIAN_POINT('',(59.5,0.375,29.875));
#1271 = VECTOR('',#1272,1.);
#1272 = DIRECTION('',(-7.984808789805E-15,-0.707106781187,
    -0.707106781187));
#1273 = ORIENTED_EDGE('',*,*,#759,.F.);
#1274 = PLANE('',#1275);
#1275 = AXIS2_PLACEMENT_3D('',#1276,#1277,#1278);
#1276 = CARTESIAN_POINT('',(0.,0.25,29.75));
#1277 = DIRECTION('',(1.889513820523E-18,0.707106781187,-0.707106781187)
  );
#1278 = DIRECTION('',(-1.,1.336088035637E-18,-1.336088035637E-18));
#1279 = ADVANCED_FACE('',(#1280),#1296,.F.);
#1280 = FACE_BOUND('',#1281,.T.);
#1281 = EDGE_LOOP('',(#1282,#1283,#1289,#1290));
#1282 = ORIENTED_EDGE('',*,*,#806,.T.);
#1283 = ORIENTED_EDGE('',*,*,#1284,.T.);
#1284 = EDGE_CURVE('',#784,#729,#1285,.T.);
#1285 = LINE('',#1286,#1287);
#1286 = CARTESIAN_POINT('',(59.75,0.25,29.5));
#1287 = VECTOR('',#1288,1.);
#1288 = DIRECTION('',(-0.707106781187,-0.707106781187,5.538934842806E-15
    ));
#1289 = ORIENTED_EDGE('',*,*,#736,.F.);
#1290 = ORIENTED_EDGE('',*,*,#1291,.F.);
#1291 = EDGE_CURVE('',#807,#737,#1292,.T.);
#1292 = LINE('',#1293,#1294);
#1293 = CARTESIAN_POINT('',(59.75,0.25,0.5));
#1294 = VECTOR('',#1295,1.);
#1295 = DIRECTION('',(-0.707106781187,-0.707106781187,
    -3.500497273434E-15));
#1296 = PLANE('',#1297);
#1297 = AXIS2_PLACEMENT_3D('',#1298,#1299,#1300);
#1298 = CARTESIAN_POINT('',(59.75,0.25,0.));
#1299 = DIRECTION('',(-0.707106781187,0.707106781187,1.889513820523E-18)
  );
#1300 = DIRECTION('',(-1.336088035637E-18,1.336088035637E-18,-1.));
#1301 = ADVANCED_FACE('',(#1302),#1307,.T.);
#1302 = FACE_BOUND('',#1303,.T.);
#1303 = EDGE_LOOP('',(#1304,#1305,#1306));
#1304 = ORIENTED_EDGE('',*,*,#783,.F.);
#1305 = ORIENTED_EDGE('',*,*,#1268,.T.);
#1306 = ORIENTED_EDGE('',*,*,#1284,.F.);
#1307 = PLANE('',#1308);
#1308 = AXIS2_PLACEMENT_3D('',#1309,#1310,#1311);
#1309 = CARTESIAN_POINT('',(59.5,0.5,30.));
#1310 = DIRECTION('',(0.57735026919,-0.57735026919,0.57735026919));
#1311 = DIRECTION('',(-0.707106781187,-0.707106781187,5.060967988116E-15
    ));
#1312 = ADVANCED_FACE('',(#1313),#1329,.F.);
#1313 = FACE_BOUND('',#1314,.F.);
#1314 = EDGE_LOOP('',(#1315,#1321,#1322,#1328));
#1315 = ORIENTED_EDGE('',*,*,#1316,.T.);
#1316 = EDGE_CURVE('',#1220,#807,#1317,.T.);
#1317 = LINE('',#1318,#1319);
#1318 = CARTESIAN_POINT('',(59.625,0.5,0.125));
#1319 = VECTOR('',#1320,1.);
#1320 = DIRECTION('',(0.707106781187,3.496159446384E-15,0.707106781187)
  );
#1321 = ORIENTED_EDGE('',*,*,#814,.T.);
#1322 = ORIENTED_EDGE('',*,*,#1323,.F.);
#1323 = EDGE_CURVE('',#1228,#815,#1324,.T.);
#1324 = LINE('',#1325,#1326);
#1325 = CARTESIAN_POINT('',(59.625,29.5,0.125));
#1326 = VECTOR('',#1327,1.);
#1327 = DIRECTION('',(0.707106781187,2.839954044348E-15,0.707106781187)
  );
#1328 = ORIENTED_EDGE('',*,*,#1227,.F.);
#1329 = PLANE('',#1330);
#1330 = AXIS2_PLACEMENT_3D('',#1331,#1332,#1333);
#1331 = CARTESIAN_POINT('',(59.75,0.,0.25));
#1332 = DIRECTION('',(-0.707106781187,1.889513820523E-18,0.707106781187)
  );
#1333 = DIRECTION('',(1.336088035637E-18,1.,-1.336088035637E-18));
#1334 = ADVANCED_FACE('',(#1335),#1351,.T.);
#1335 = FACE_BOUND('',#1336,.F.);
#1336 = EDGE_LOOP('',(#1337,#1338,#1344,#1345));
#1337 = ORIENTED_EDGE('',*,*,#822,.T.);
#1338 = ORIENTED_EDGE('',*,*,#1339,.F.);
#1339 = EDGE_CURVE('',#1189,#823,#1340,.T.);
#1340 = LINE('',#1341,#1342);
#1341 = CARTESIAN_POINT('',(59.625,29.875,29.5));
#1342 = VECTOR('',#1343,1.);
#1343 = DIRECTION('',(0.707106781187,-0.707106781187,-5.008704935643E-15
    ));
#1344 = ORIENTED_EDGE('',*,*,#1196,.F.);
#1345 = ORIENTED_EDGE('',*,*,#1346,.F.);
#1346 = EDGE_CURVE('',#815,#1197,#1347,.T.);
#1347 = LINE('',#1348,#1349);
#1348 = CARTESIAN_POINT('',(59.75,29.75,0.5));
#1349 = VECTOR('',#1350,1.);
#1350 = DIRECTION('',(-0.707106781187,0.707106781187,-7.026157783427E-15
    ));
#1351 = PLANE('',#1352);
#1352 = AXIS2_PLACEMENT_3D('',#1353,#1354,#1355);
#1353 = CARTESIAN_POINT('',(59.75,29.75,0.));
#1354 = DIRECTION('',(0.707106781187,0.707106781187,-1.889513820523E-18)
  );
#1355 = DIRECTION('',(-1.336088035637E-18,-1.336088035637E-18,-1.));
#1356 = ADVANCED_FACE('',(#1357),#1368,.F.);
#1357 = FACE_BOUND('',#1358,.F.);
#1358 = EDGE_LOOP('',(#1359,#1360,#1366,#1367));
#1359 = ORIENTED_EDGE('',*,*,#861,.F.);
#1360 = ORIENTED_EDGE('',*,*,#1361,.F.);
#1361 = EDGE_CURVE('',#953,#862,#1362,.T.);
#1362 = LINE('',#1363,#1364);
#1363 = CARTESIAN_POINT('',(58.,15.,16.2));
#1364 = VECTOR('',#1365,1.);
#1365 = DIRECTION('',(1.,0.,0.));
#1366 = ORIENTED_EDGE('',*,*,#952,.T.);
#1367 = ORIENTED_EDGE('',*,*,#1361,.T.);
#1368 = CYLINDRICAL_SURFACE('',#1369,1.2);
#1369 = AXIS2_PLACEMENT_3D('',#1370,#1371,#1372);
#1370 = CARTESIAN_POINT('',(58.,15.,15.));
#1371 = DIRECTION('',(1.,0.,0.));
#1372 = DIRECTION('',(-0.,0.,1.));
#1373 = ADVANCED_FACE('',(#1374),#1385,.T.);
#1374 = FACE_BOUND('',#1375,.T.);
#1375 = EDGE_LOOP('',(#1376,#1382,#1383,#1384));
#1376 = ORIENTED_EDGE('',*,*,#1377,.F.);
#1377 = EDGE_CURVE('',#995,#904,#1378,.T.);
#1378 = LINE('',#1379,#1380);
#1379 = CARTESIAN_POINT('',(1.5,1.5,1.5));
#1380 = VECTOR('',#1381,1.);
#1381 = DIRECTION('',(1.,0.,-0.));
#1382 = ORIENTED_EDGE('',*,*,#994,.T.);
#1383 = ORIENTED_EDGE('',*,*,#977,.T.);
#1384 = ORIENTED_EDGE('',*,*,#903,.F.);
#1385 = PLANE('',#1386);
#1386 = AXIS2_PLACEMENT_3D('',#1387,#1388,#1389);
#1387 = CARTESIAN_POINT('',(1.5,1.5,1.5));
#1388 = DIRECTION('',(-0.,1.,0.));
#1389 = DIRECTION('',(0.,0.,1.));
#1390 = ADVANCED_FACE('',(#1391),#1402,.T.);
#1391 = FACE_BOUND('',#1392,.T.);
#1392 = EDGE_LOOP('',(#1393,#1394,#1395,#1396));
#1393 = ORIENTED_EDGE('',*,*,#1002,.F.);
#1394 = ORIENTED_EDGE('',*,*,#1377,.T.);
#1395 = ORIENTED_EDGE('',*,*,#911,.T.);
#1396 = ORIENTED_EDGE('',*,*,#1397,.F.);
#1397 = EDGE_CURVE('',#1003,#912,#1398,.T.);
#1398 = LINE('',#1399,#1400);
#1399 = CARTESIAN_POINT('',(1.5,28.5,1.5));
#1400 = VECTOR('',#1401,1.);
#1401 = DIRECTION('',(1.,0.,-0.));
#1402 = PLANE('',#1403);
#1403 = AXIS2_PLACEMENT_3D('',#1404,#1405,#1406);
#1404 = CARTESIAN_POINT('',(1.5,1.5,1.5));
#1405 = DIRECTION('',(0.,0.,1.));
#1406 = DIRECTION('',(1.,0.,-0.));
#1407 = ADVANCED_FACE('',(#1408),#1414,.F.);
#1408 = FACE_BOUND('',#1409,.F.);
#1409 = EDGE_LOOP('',(#1410,#1411,#1412,#1413));
#1410 = ORIENTED_EDGE('',*,*,#1397,.F.);
#1411 = ORIENTED_EDGE('',*,*,#1010,.T.);
#1412 = ORIENTED_EDGE('',*,*,#1100,.T.);
#1413 = ORIENTED_EDGE('',*,*,#919,.F.);
#1414 = PLANE('',#1415);
#1415 = AXIS2_PLACEMENT_3D('',#1416,#1417,#1418);
#1416 = CARTESIAN_POINT('',(1.5,28.5,1.5));
#1417 = DIRECTION('',(-0.,1.,0.));
#1418 = DIRECTION('',(0.,0.,1.));
#1419 = ADVANCED_FACE('',(#1420),#1430,.T.);
#1420 = FACE_BOUND('',#1421,.T.);
#1421 = EDGE_LOOP('',(#1422,#1423,#1429));
#1422 = ORIENTED_EDGE('',*,*,#1339,.F.);
#1423 = ORIENTED_EDGE('',*,*,#1424,.T.);
#1424 = EDGE_CURVE('',#1189,#1115,#1425,.T.);
#1425 = LINE('',#1426,#1427);
#1426 = CARTESIAN_POINT('',(59.5,29.875,29.625));
#1427 = VECTOR('',#1428,1.);
#1428 = DIRECTION('',(5.040039786435E-15,-0.707106781187,0.707106781187)
  );
#1429 = ORIENTED_EDGE('',*,*,#1124,.F.);
#1430 = PLANE('',#1431);
#1431 = AXIS2_PLACEMENT_3D('',#1432,#1433,#1434);
#1432 = CARTESIAN_POINT('',(59.5,30.,29.5));
#1433 = DIRECTION('',(0.57735026919,0.57735026919,0.57735026919));
#1434 = DIRECTION('',(-0.707106781187,2.121067874061E-17,0.707106781187)
  );
#1435 = ADVANCED_FACE('',(#1436),#1442,.T.);
#1436 = FACE_BOUND('',#1437,.F.);
#1437 = EDGE_LOOP('',(#1438,#1439,#1440,#1441));
#1438 = ORIENTED_EDGE('',*,*,#1156,.F.);
#1439 = ORIENTED_EDGE('',*,*,#1188,.T.);
#1440 = ORIENTED_EDGE('',*,*,#1424,.T.);
#1441 = ORIENTED_EDGE('',*,*,#1141,.F.);
#1442 = PLANE('',#1443);
#1443 = AXIS2_PLACEMENT_3D('',#1444,#1445,#1446);
#1444 = CARTESIAN_POINT('',(0.,29.75,29.75));
#1445 = DIRECTION('',(-1.889513820523E-18,0.707106781187,0.707106781187)
  );
#1446 = DIRECTION('',(-1.,-1.336088035637E-18,-1.336088035637E-18));
#1447 = ADVANCED_FACE('',(#1448),#1459,.F.);
#1448 = FACE_BOUND('',#1449,.T.);
#1449 = EDGE_LOOP('',(#1450,#1451,#1452,#1458));
#1450 = ORIENTED_EDGE('',*,*,#1172,.T.);
#1451 = ORIENTED_EDGE('',*,*,#1204,.T.);
#1452 = ORIENTED_EDGE('',*,*,#1453,.F.);
#1453 = EDGE_CURVE('',#1228,#1197,#1454,.T.);
#1454 = LINE('',#1455,#1456);
#1455 = CARTESIAN_POINT('',(59.5,29.625,0.125));
#1456 = VECTOR('',#1457,1.);
#1457 = DIRECTION('',(9.9187576971E-15,0.707106781187,0.707106781187));
#1458 = ORIENTED_EDGE('',*,*,#1235,.F.);
#1459 = PLANE('',#1460);
#1460 = AXIS2_PLACEMENT_3D('',#1461,#1462,#1463);
#1461 = CARTESIAN_POINT('',(0.,29.75,0.25));
#1462 = DIRECTION('',(1.889513820523E-18,-0.707106781187,0.707106781187)
  );
#1463 = DIRECTION('',(-1.,-1.336088035637E-18,1.336088035637E-18));
#1464 = ADVANCED_FACE('',(#1465),#1470,.F.);
#1465 = FACE_BOUND('',#1466,.F.);
#1466 = EDGE_LOOP('',(#1467,#1468,#1469));
#1467 = ORIENTED_EDGE('',*,*,#1316,.F.);
#1468 = ORIENTED_EDGE('',*,*,#1251,.T.);
#1469 = ORIENTED_EDGE('',*,*,#1291,.F.);
#1470 = PLANE('',#1471);
#1471 = AXIS2_PLACEMENT_3D('',#1472,#1473,#1474);
#1472 = CARTESIAN_POINT('',(59.5,0.5,1.443289932013E-15));
#1473 = DIRECTION('',(-0.57735026919,0.57735026919,0.57735026919));
#1474 = DIRECTION('',(-0.707106781187,-0.707106781187,
    -2.776032394688E-15));
#1475 = ADVANCED_FACE('',(#1476),#1481,.T.);
#1476 = FACE_BOUND('',#1477,.T.);
#1477 = EDGE_LOOP('',(#1478,#1479,#1480));
#1478 = ORIENTED_EDGE('',*,*,#1323,.F.);
#1479 = ORIENTED_EDGE('',*,*,#1453,.T.);
#1480 = ORIENTED_EDGE('',*,*,#1346,.F.);
#1481 = PLANE('',#1482);
#1482 = AXIS2_PLACEMENT_3D('',#1483,#1484,#1485);
#1483 = CARTESIAN_POINT('',(59.5,29.5,4.123888678798E-16));
#1484 = DIRECTION('',(0.57735026919,0.57735026919,-0.57735026919));
#1485 = DIRECTION('',(-0.707106781187,0.707106781187,-7.100700917892E-15
    ));
#1486 = ( GEOMETRIC_REPRESENTATION_CONTEXT(3) 
GLOBAL_UNCERTAINTY_ASSIGNED_CONTEXT((#1490)) 
GLOBAL_UNIT_ASSIGNED_CONTEXT((#1487,#1488,#1489)) REPRESENTATION_CONTEXT
('Context #1','3D Context with UNIT and UNCERTAINTY') );
#1487 = ( LENGTH_UNIT() NAMED_UNIT(*) SI_UNIT(.MILLI.,.METRE.) );
#1488 = ( NAMED_UNIT(*) PLANE_ANGLE_UNIT() SI_UNIT($,.RADIAN.) );
#1489 = ( NAMED_UNIT(*) SI_UNIT($,.STERADIAN.) SOLID_ANGLE_UNIT() );
#1490 = UNCERTAINTY_MEASURE_WITH_UNIT(LENGTH_MEASURE(1.E-07),#1487,
  'distance_accuracy_value','confusion accuracy');
#1491 = CONTEXT_DEPENDENT_SHAPE_REPRESENTATION(#1492,#1494);
#1492 = ( REPRESENTATION_RELATIONSHIP('','',#76,#10) 
REPRESENTATION_RELATIONSHIP_WITH_TRANSFORMATION(#1493) 
SHAPE_REPRESENTATION_RELATIONSHIP() );
#1493 = ITEM_DEFINED_TRANSFORMATION('','',#11,#15);
#1494 = PRODUCT_DEFINITION_SHAPE('Placement','Placement of an item',
  #1495);
#1495 = NEXT_ASSEMBLY_USAGE_OCCURRENCE('22','housing','',#5,#71,$);
#1496 = PRODUCT_RELATED_PRODUCT_CATEGORY('part',$,(#73));
#1497 = SHAPE_DEFINITION_REPRESENTATION(#1498,#1504);
#1498 = PRODUCT_DEFINITION_SHAPE('','',#1499);
#1499 = PRODUCT_DEFINITION('design','',#1500,#1503);
#1500 = PRODUCT_DEFINITION_FORMATION('','',#1501);
#1501 = PRODUCT('outlet_nipple','outlet_nipple','',(#1502));
#1502 = PRODUCT_CONTEXT('',#2,'mechanical');
#1503 = PRODUCT_DEFINITION_CONTEXT('part definition',#2,'design');
#1504 = ADVANCED_BREP_SHAPE_REPRESENTATION('',(#11,#1505),#1597);
#1505 = MANIFOLD_SOLID_BREP('',#1506);
#1506 = CLOSED_SHELL('',(#1507,#1540,#1560,#1580));
#1507 = ADVANCED_FACE('',(#1508),#1535,.T.);
#1508 = FACE_BOUND('',#1509,.T.);
#1509 = EDGE_LOOP('',(#1510,#1519,#1527,#1534));
#1510 = ORIENTED_EDGE('',*,*,#1511,.F.);
#1511 = EDGE_CURVE('',#1512,#1512,#1514,.T.);
#1512 = VERTEX_POINT('',#1513);
#1513 = CARTESIAN_POINT('',(66.,15.,17.));
#1514 = CIRCLE('',#1515,2.);
#1515 = AXIS2_PLACEMENT_3D('',#1516,#1517,#1518);
#1516 = CARTESIAN_POINT('',(66.,15.,15.));
#1517 = DIRECTION('',(1.,0.,0.));
#1518 = DIRECTION('',(-0.,0.,1.));
#1519 = ORIENTED_EDGE('',*,*,#1520,.F.);
#1520 = EDGE_CURVE('',#1521,#1512,#1523,.T.);
#1521 = VERTEX_POINT('',#1522);
#1522 = CARTESIAN_POINT('',(60.,15.,17.));
#1523 = LINE('',#1524,#1525);
#1524 = CARTESIAN_POINT('',(60.,15.,17.));
#1525 = VECTOR('',#1526,1.);
#1526 = DIRECTION('',(1.,0.,0.));
#1527 = ORIENTED_EDGE('',*,*,#1528,.T.);
#1528 = EDGE_CURVE('',#1521,#1521,#1529,.T.);
#1529 = CIRCLE('',#1530,2.);
#1530 = AXIS2_PLACEMENT_3D('',#1531,#1532,#1533);
#1531 = CARTESIAN_POINT('',(60.,15.,15.));
#1532 = DIRECTION('',(1.,0.,0.));
#1533 = DIRECTION('',(-0.,0.,1.));
#1534 = ORIENTED_EDGE('',*,*,#1520,.T.);
#1535 = CYLINDRICAL_SURFACE('',#1536,2.);
#1536 = AXIS2_PLACEMENT_3D('',#1537,#1538,#1539);
#1537 = CARTESIAN_POINT('',(60.,15.,15.));
#1538 = DIRECTION('',(1.,0.,0.));
#1539 = DIRECTION('',(-0.,0.,1.));
#1540 = ADVANCED_FACE('',(#1541,#1544),#1555,.T.);
#1541 = FACE_BOUND('',#1542,.T.);
#1542 = EDGE_LOOP('',(#1543));
#1543 = ORIENTED_EDGE('',*,*,#1511,.T.);
#1544 = FACE_BOUND('',#1545,.T.);
#1545 = EDGE_LOOP('',(#1546));
#1546 = ORIENTED_EDGE('',*,*,#1547,.F.);
#1547 = EDGE_CURVE('',#1548,#1548,#1550,.T.);
#1548 = VERTEX_POINT('',#1549);
#1549 = CARTESIAN_POINT('',(66.,15.,15.9));
#1550 = CIRCLE('',#1551,0.9);
#1551 = AXIS2_PLACEMENT_3D('',#1552,#1553,#1554);
#1552 = CARTESIAN_POINT('',(66.,15.,15.));
#1553 = DIRECTION('',(1.,0.,0.));
#1554 = DIRECTION('',(-0.,0.,1.));
#1555 = PLANE('',#1556);
#1556 = AXIS2_PLACEMENT_3D('',#1557,#1558,#1559);
#1557 = CARTESIAN_POINT('',(66.,15.,15.));
#1558 = DIRECTION('',(1.,0.,0.));
#1559 = DIRECTION('',(-0.,0.,1.));
#1560 = ADVANCED_FACE('',(#1561,#1564),#1575,.F.);
#1561 = FACE_BOUND('',#1562,.F.);
#1562 = EDGE_LOOP('',(#1563));
#1563 = ORIENTED_EDGE('',*,*,#1528,.T.);
#1564 = FACE_BOUND('',#1565,.F.);
#1565 = EDGE_LOOP('',(#1566));
#1566 = ORIENTED_EDGE('',*,*,#1567,.F.);
#1567 = EDGE_CURVE('',#1568,#1568,#1570,.T.);
#1568 = VERTEX_POINT('',#1569);
#1569 = CARTESIAN_POINT('',(60.,15.,15.9));
#1570 = CIRCLE('',#1571,0.9);
#1571 = AXIS2_PLACEMENT_3D('',#1572,#1573,#1574);
#1572 = CARTESIAN_POINT('',(60.,15.,15.));
#1573 = DIRECTION('',(1.,0.,0.));
#1574 = DIRECTION('',(-0.,0.,1.));
#1575 = PLANE('',#1576);
#1576 = AXIS2_PLACEMENT_3D('',#1577,#1578,#1579);
#1577 = CARTESIAN_POINT('',(60.,15.,15.));
#1578 = DIRECTION('',(1.,0.,0.));
#1579 = DIRECTION('',(-0.,0.,1.));
#1580 = ADVANCED_FACE('',(#1581),#1592,.F.);
#1581 = FACE_BOUND('',#1582,.F.);
#1582 = EDGE_LOOP('',(#1583,#1584,#1590,#1591));
#1583 = ORIENTED_EDGE('',*,*,#1547,.F.);
#1584 = ORIENTED_EDGE('',*,*,#1585,.F.);
#1585 = EDGE_CURVE('',#1568,#1548,#1586,.T.);
#1586 = LINE('',#1587,#1588);
#1587 = CARTESIAN_POINT('',(59.5,15.,15.9));
#1588 = VECTOR('',#1589,1.);
#1589 = DIRECTION('',(1.,0.,0.));
#1590 = ORIENTED_EDGE('',*,*,#1567,.T.);
#1591 = ORIENTED_EDGE('',*,*,#1585,.T.);
#1592 = CYLINDRICAL_SURFACE('',#1593,0.9);
#1593 = AXIS2_PLACEMENT_3D('',#1594,#1595,#1596);
#1594 = CARTESIAN_POINT('',(59.5,15.,15.));
#1595 = DIRECTION('',(1.,0.,0.));
#1596 = DIRECTION('',(-0.,0.,1.));
#1597 = ( GEOMETRIC_REPRESENTATION_CONTEXT(3) 
GLOBAL_UNCERTAINTY_ASSIGNED_CONTEXT((#1601)) 
GLOBAL_UNIT_ASSIGNED_CONTEXT((#1598,#1599,#1600)) REPRESENTATION_CONTEXT
('Context #1','3D Context with UNIT and UNCERTAINTY') );
#1598 = ( LENGTH_UNIT() NAMED_UNIT(*) SI_UNIT(.MILLI.,.METRE.) );
#1599 = ( NAMED_UNIT(*) PLANE_ANGLE_UNIT() SI_UNIT($,.RADIAN.) );
#1600 = ( NAMED_UNIT(*) SI_UNIT($,.STERADIAN.) SOLID_ANGLE_UNIT() );
#1601 = UNCERTAINTY_MEASURE_WITH_UNIT(LENGTH_MEASURE(1.E-07),#1598,
  'distance_accuracy_value','confusion accuracy');
#1602 = CONTEXT_DEPENDENT_SHAPE_REPRESENTATION(#1603,#1605);
#1603 = ( REPRESENTATION_RELATIONSHIP('','',#1504,#10) 
REPRESENTATION_RELATIONSHIP_WITH_TRANSFORMATION(#1604) 
SHAPE_REPRESENTATION_RELATIONSHIP() );
#1604 = ITEM_DEFINED_TRANSFORMATION('','',#11,#19);
#1605 = PRODUCT_DEFINITION_SHAPE('Placement','Placement of an item',
  #1606);
#1606 = NEXT_ASSEMBLY_USAGE_OCCURRENCE('23','outlet_nipple','',#5,#1499,
  $);
#1607 = PRODUCT_RELATED_PRODUCT_CATEGORY('part',$,(#1501));
#1608 = SHAPE_DEFINITION_REPRESENTATION(#1609,#1615);
#1609 = PRODUCT_DEFINITION_SHAPE('','',#1610);
#1610 = PRODUCT_DEFINITION('design','',#1611,#1614);
#1611 = PRODUCT_DEFINITION_FORMATION('','',#1612);
#1612 = PRODUCT('motor','motor','',(#1613));
#1613 = PRODUCT_CONTEXT('',#2,'mechanical');
#1614 = PRODUCT_DEFINITION_CONTEXT('part definition',#2,'design');
#1615 = ADVANCED_BREP_SHAPE_REPRESENTATION('',(#11,#1616),#1669);
#1616 = MANIFOLD_SOLID_BREP('',#1617);
#1617 = CLOSED_SHELL('',(#1618,#1651,#1660));
#1618 = ADVANCED_FACE('',(#1619),#1646,.T.);
#1619 = FACE_BOUND('',#1620,.T.);
#1620 = EDGE_LOOP('',(#1621,#1630,#1638,#1645));
#1621 = ORIENTED_EDGE('',*,*,#1622,.F.);
#1622 = EDGE_CURVE('',#1623,#1623,#1625,.T.);
#1623 = VERTEX_POINT('',#1624);
#1624 = CARTESIAN_POINT('',(30.,13.5,22.));
#1625 = CIRCLE('',#1626,7.);
#1626 = AXIS2_PLACEMENT_3D('',#1627,#1628,#1629);
#1627 = CARTESIAN_POINT('',(30.,13.5,15.));
#1628 = DIRECTION('',(0.,1.,0.));
#1629 = DIRECTION('',(0.,-0.,1.));
#1630 = ORIENTED_EDGE('',*,*,#1631,.F.);
#1631 = EDGE_CURVE('',#1632,#1623,#1634,.T.);
#1632 = VERTEX_POINT('',#1633);
#1633 = CARTESIAN_POINT('',(30.,1.5,22.));
#1634 = LINE('',#1635,#1636);
#1635 = CARTESIAN_POINT('',(30.,1.5,22.));
#1636 = VECTOR('',#1637,1.);
#1637 = DIRECTION('',(0.,1.,0.));
#1638 = ORIENTED_EDGE('',*,*,#1639,.T.);
#1639 = EDGE_CURVE('',#1632,#1632,#1640,.T.);
#1640 = CIRCLE('',#1641,7.);
#1641 = AXIS2_PLACEMENT_3D('',#1642,#1643,#1644);
#1642 = CARTESIAN_POINT('',(30.,1.5,15.));
#1643 = DIRECTION('',(0.,1.,0.));
#1644 = DIRECTION('',(0.,-0.,1.));
#1645 = ORIENTED_EDGE('',*,*,#1631,.T.);
#1646 = CYLINDRICAL_SURFACE('',#1647,7.);
#1647 = AXIS2_PLACEMENT_3D('',#1648,#1649,#1650);
#1648 = CARTESIAN_POINT('',(30.,1.5,15.));
#1649 = DIRECTION('',(0.,1.,0.));
#1650 = DIRECTION('',(0.,-0.,1.));
#1651 = ADVANCED_FACE('',(#1652),#1655,.T.);
#1652 = FACE_BOUND('',#1653,.T.);
#1653 = EDGE_LOOP('',(#1654));
#1654 = ORIENTED_EDGE('',*,*,#1622,.T.);
#1655 = PLANE('',#1656);
#1656 = AXIS2_PLACEMENT_3D('',#1657,#1658,#1659);
#1657 = CARTESIAN_POINT('',(30.,13.5,15.));
#1658 = DIRECTION('',(0.,1.,0.));
#1659 = DIRECTION('',(0.,-0.,1.));
#1660 = ADVANCED_FACE('',(#1661),#1664,.F.);
#1661 = FACE_BOUND('',#1662,.T.);
#1662 = EDGE_LOOP('',(#1663));
#1663 = ORIENTED_EDGE('',*,*,#1639,.F.);
#1664 = PLANE('',#1665);
#1665 = AXIS2_PLACEMENT_3D('',#1666,#1667,#1668);
#1666 = CARTESIAN_POINT('',(30.,1.5,15.));
#1667 = DIRECTION('',(0.,1.,0.));
#1668 = DIRECTION('',(0.,-0.,1.));
#1669 = ( GEOMETRIC_REPRESENTATION_CONTEXT(3) 
GLOBAL_UNCERTAINTY_ASSIGNED_CONTEXT((#1673)) 
GLOBAL_UNIT_ASSIGNED_CONTEXT((#1670,#1671,#1672)) REPRESENTATION_CONTEXT
('Context #1','3D Context with UNIT and UNCERTAINTY') );
#1670 = ( LENGTH_UNIT() NAMED_UNIT(*) SI_UNIT(.MILLI.,.METRE.) );
#1671 = ( NAMED_UNIT(*) PLANE_ANGLE_UNIT() SI_UNIT($,.RADIAN.) );
#1672 = ( NAMED_UNIT(*) SI_UNIT($,.STERADIAN.) SOLID_ANGLE_UNIT() );
#1673 = UNCERTAINTY_MEASURE_WITH_UNIT(LENGTH_MEASURE(1.E-07),#1670,
  'distance_accuracy_value','confusion accuracy');
#1674 = CONTEXT_DEPENDENT_SHAPE_REPRESENTATION(#1675,#1677);
#1675 = ( REPRESENTATION_RELATIONSHIP('','',#1615,#10) 
REPRESENTATION_RELATIONSHIP_WITH_TRANSFORMATION(#1676) 
SHAPE_REPRESENTATION_RELATIONSHIP() );
#1676 = ITEM_DEFINED_TRANSFORMATION('','',#11,#23);
#1677 = PRODUCT_DEFINITION_SHAPE('Placement','Placement of an item',
  #1678);
#1678 = NEXT_ASSEMBLY_USAGE_OCCURRENCE('24','motor','',#5,#1610,$);
#1679 = PRODUCT_RELATED_PRODUCT_CATEGORY('part',$,(#1612));
#1680 = SHAPE_DEFINITION_REPRESENTATION(#1681,#1687);
#1681 = PRODUCT_DEFINITION_SHAPE('','',#1682);
#1682 = PRODUCT_DEFINITION('design','',#1683,#1686);
#1683 = PRODUCT_DEFINITION_FORMATION('','',#1684);
#1684 = PRODUCT('crank','crank','',(#1685));
#1685 = PRODUCT_CONTEXT('',#2,'mechanical');
#1686 = PRODUCT_DEFINITION_CONTEXT('part definition',#2,'design');
#1687 = ADVANCED_BREP_SHAPE_REPRESENTATION('',(#11,#1688),#1741);
#1688 = MANIFOLD_SOLID_BREP('',#1689);
#1689 = CLOSED_SHELL('',(#1690,#1723,#1732));
#1690 = ADVANCED_FACE('',(#1691),#1718,.T.);
#1691 = FACE_BOUND('',#1692,.T.);
#1692 = EDGE_LOOP('',(#1693,#1702,#1710,#1717));
#1693 = ORIENTED_EDGE('',*,*,#1694,.F.);
#1694 = EDGE_CURVE('',#1695,#1695,#1697,.T.);
#1695 = VERTEX_POINT('',#1696);
#1696 = CARTESIAN_POINT('',(30.,16.5,20.));
#1697 = CIRCLE('',#1698,5.);
#1698 = AXIS2_PLACEMENT_3D('',#1699,#1700,#1701);
#1699 = CARTESIAN_POINT('',(30.,16.5,15.));
#1700 = DIRECTION('',(0.,1.,0.));
#1701 = DIRECTION('',(0.,-0.,1.));
#1702 = ORIENTED_EDGE('',*,*,#1703,.F.);
#1703 = EDGE_CURVE('',#1704,#1695,#1706,.T.);
#1704 = VERTEX_POINT('',#1705);
#1705 = CARTESIAN_POINT('',(30.,13.5,20.));
#1706 = LINE('',#1707,#1708);
#1707 = CARTESIAN_POINT('',(30.,13.5,20.));
#1708 = VECTOR('',#1709,1.);
#1709 = DIRECTION('',(0.,1.,0.));
#1710 = ORIENTED_EDGE('',*,*,#1711,.T.);
#1711 = EDGE_CURVE('',#1704,#1704,#1712,.T.);
#1712 = CIRCLE('',#1713,5.);
#1713 = AXIS2_PLACEMENT_3D('',#1714,#1715,#1716);
#1714 = CARTESIAN_POINT('',(30.,13.5,15.));
#1715 = DIRECTION('',(0.,1.,0.));
#1716 = DIRECTION('',(0.,-0.,1.));
#1717 = ORIENTED_EDGE('',*,*,#1703,.T.);
#1718 = CYLINDRICAL_SURFACE('',#1719,5.);
#1719 = AXIS2_PLACEMENT_3D('',#1720,#1721,#1722);
#1720 = CARTESIAN_POINT('',(30.,13.5,15.));
#1721 = DIRECTION('',(0.,1.,0.));
#1722 = DIRECTION('',(0.,-0.,1.));
#1723 = ADVANCED_FACE('',(#1724),#1727,.T.);
#1724 = FACE_BOUND('',#1725,.T.);
#1725 = EDGE_LOOP('',(#1726));
#1726 = ORIENTED_EDGE('',*,*,#1694,.T.);
#1727 = PLANE('',#1728);
#1728 = AXIS2_PLACEMENT_3D('',#1729,#1730,#1731);
#1729 = CARTESIAN_POINT('',(30.,16.5,15.));
#1730 = DIRECTION('',(0.,1.,0.));
#1731 = DIRECTION('',(0.,-0.,1.));
#1732 = ADVANCED_FACE('',(#1733),#1736,.F.);
#1733 = FACE_BOUND('',#1734,.T.);
#1734 = EDGE_LOOP('',(#1735));
#1735 = ORIENTED_EDGE('',*,*,#1711,.F.);
#1736 = PLANE('',#1737);
#1737 = AXIS2_PLACEMENT_3D('',#1738,#1739,#1740);
#1738 = CARTESIAN_POINT('',(30.,13.5,15.));
#1739 = DIRECTION('',(0.,1.,0.));
#1740 = DIRECTION('',(0.,-0.,1.));
#1741 = ( GEOMETRIC_REPRESENTATION_CONTEXT(3) 
GLOBAL_UNCERTAINTY_ASSIGNED_CONTEXT((#1745)) 
GLOBAL_UNIT_ASSIGNED_CONTEXT((#1742,#1743,#1744)) REPRESENTATION_CONTEXT
('Context #1','3D Context with UNIT and UNCERTAINTY') );
#1742 = ( LENGTH_UNIT() NAMED_UNIT(*) SI_UNIT(.MILLI.,.METRE.) );
#1743 = ( NAMED_UNIT(*) PLANE_ANGLE_UNIT() SI_UNIT($,.RADIAN.) );
#1744 = ( NAMED_UNIT(*) SI_UNIT($,.STERADIAN.) SOLID_ANGLE_UNIT() );
#1745 = UNCERTAINTY_MEASURE_WITH_UNIT(LENGTH_MEASURE(1.E-07),#1742,
  'distance_accuracy_value','confusion accuracy');
#1746 = CONTEXT_DEPENDENT_SHAPE_REPRESENTATION(#1747,#1749);
#1747 = ( REPRESENTATION_RELATIONSHIP('','',#1687,#10) 
REPRESENTATION_RELATIONSHIP_WITH_TRANSFORMATION(#1748) 
SHAPE_REPRESENTATION_RELATIONSHIP() );
#1748 = ITEM_DEFINED_TRANSFORMATION('','',#11,#27);
#1749 = PRODUCT_DEFINITION_SHAPE('Placement','Placement of an item',
  #1750);
#1750 = NEXT_ASSEMBLY_USAGE_OCCURRENCE('25','crank','',#5,#1682,$);
#1751 = PRODUCT_RELATED_PRODUCT_CATEGORY('part',$,(#1684));
#1752 = SHAPE_DEFINITION_REPRESENTATION(#1753,#1759);
#1753 = PRODUCT_DEFINITION_SHAPE('','',#1754);
#1754 = PRODUCT_DEFINITION('design','',#1755,#1758);
#1755 = PRODUCT_DEFINITION_FORMATION('','',#1756);
#1756 = PRODUCT('crank_pin','crank_pin','',(#1757));
#1757 = PRODUCT_CONTEXT('',#2,'mechanical');
#1758 = PRODUCT_DEFINITION_CONTEXT('part definition',#2,'design');
#1759 = ADVANCED_BREP_SHAPE_REPRESENTATION('',(#11,#1760),#1813);
#1760 = MANIFOLD_SOLID_BREP('',#1761);
#1761 = CLOSED_SHELL('',(#1762,#1795,#1804));
#1762 = ADVANCED_FACE('',(#1763),#1790,.T.);
#1763 = FACE_BOUND('',#1764,.T.);
#1764 = EDGE_LOOP('',(#1765,#1774,#1782,#1789));
#1765 = ORIENTED_EDGE('',*,*,#1766,.F.);
#1766 = EDGE_CURVE('',#1767,#1767,#1769,.T.);
#1767 = VERTEX_POINT('',#1768);
#1768 = CARTESIAN_POINT('',(32.5,19.,16.));
#1769 = CIRCLE('',#1770,1.);
#1770 = AXIS2_PLACEMENT_3D('',#1771,#1772,#1773);
#1771 = CARTESIAN_POINT('',(32.5,19.,15.));
#1772 = DIRECTION('',(0.,1.,0.));
#1773 = DIRECTION('',(0.,-0.,1.));
#1774 = ORIENTED_EDGE('',*,*,#1775,.F.);
#1775 = EDGE_CURVE('',#1776,#1767,#1778,.T.);
#1776 = VERTEX_POINT('',#1777);
#1777 = CARTESIAN_POINT('',(32.5,16.5,16.));
#1778 = LINE('',#1779,#1780);
#1779 = CARTESIAN_POINT('',(32.5,16.5,16.));
#1780 = VECTOR('',#1781,1.);
#1781 = DIRECTION('',(0.,1.,0.));
#1782 = ORIENTED_EDGE('',*,*,#1783,.T.);
#1783 = EDGE_CURVE('',#1776,#1776,#1784,.T.);
#1784 = CIRCLE('',#1785,1.);
#1785 = AXIS2_PLACEMENT_3D('',#1786,#1787,#1788);
#1786 = CARTESIAN_POINT('',(32.5,16.5,15.));
#1787 = DIRECTION('',(0.,1.,0.));
#1788 = DIRECTION('',(0.,-0.,1.));
#1789 = ORIENTED_EDGE('',*,*,#1775,.T.);
#1790 = CYLINDRICAL_SURFACE('',#1791,1.);
#1791 = AXIS2_PLACEMENT_3D('',#1792,#1793,#1794);
#1792 = CARTESIAN_POINT('',(32.5,16.5,15.));
#1793 = DIRECTION('',(0.,1.,0.));
#1794 = DIRECTION('',(0.,-0.,1.));
#1795 = ADVANCED_FACE('',(#1796),#1799,.T.);
#1796 = FACE_BOUND('',#1797,.T.);
#1797 = EDGE_LOOP('',(#1798));
#1798 = ORIENTED_EDGE('',*,*,#1766,.T.);
#1799 = PLANE('',#1800);
#1800 = AXIS2_PLACEMENT_3D('',#1801,#1802,#1803);
#1801 = CARTESIAN_POINT('',(32.5,19.,15.));
#1802 = DIRECTION('',(0.,1.,0.));
#1803 = DIRECTION('',(0.,-0.,1.));
#1804 = ADVANCED_FACE('',(#1805),#1808,.F.);
#1805 = FACE_BOUND('',#1806,.T.);
#1806 = EDGE_LOOP('',(#1807));
#1807 = ORIENTED_EDGE('',*,*,#1783,.F.);
#1808 = PLANE('',#1809);
#1809 = AXIS2_PLACEMENT_3D('',#1810,#1811,#1812);
#1810 = CARTESIAN_POINT('',(32.5,16.5,15.));
#1811 = DIRECTION('',(0.,1.,0.));
#1812 = DIRECTION('',(0.,-0.,1.));
#1813 = ( GEOMETRIC_REPRESENTATION_CONTEXT(3) 
GLOBAL_UNCERTAINTY_ASSIGNED_CONTEXT((#1817)) 
GLOBAL_UNIT_ASSIGNED_CONTEXT((#1814,#1815,#1816)) REPRESENTATION_CONTEXT
('Context #1','3D Context with UNIT and UNCERTAINTY') );
#1814 = ( LENGTH_UNIT() NAMED_UNIT(*) SI_UNIT(.MILLI.,.METRE.) );
#1815 = ( NAMED_UNIT(*) PLANE_ANGLE_UNIT() SI_UNIT($,.RADIAN.) );
#1816 = ( NAMED_UNIT(*) SI_UNIT($,.STERADIAN.) SOLID_ANGLE_UNIT() );
#1817 = UNCERTAINTY_MEASURE_WITH_UNIT(LENGTH_MEASURE(1.E-07),#1814,
  'distance_accuracy_value','confusion accuracy');
#1818 = CONTEXT_DEPENDENT_SHAPE_REPRESENTATION(#1819,#1821);
#1819 = ( REPRESENTATION_RELATIONSHIP('','',#1759,#10) 
REPRESENTATION_RELATIONSHIP_WITH_TRANSFORMATION(#1820) 
SHAPE_REPRESENTATION_RELATIONSHIP() );
#1820 = ITEM_DEFINED_TRANSFORMATION('','',#11,#31);
#1821 = PRODUCT_DEFINITION_SHAPE('Placement','Placement of an item',
  #1822);
#1822 = NEXT_ASSEMBLY_USAGE_OCCURRENCE('26','crank_pin','',#5,#1754,$);
#1823 = PRODUCT_RELATED_PRODUCT_CATEGORY('part',$,(#1756));
#1824 = SHAPE_DEFINITION_REPRESENTATION(#1825,#1831);
#1825 = PRODUCT_DEFINITION_SHAPE('','',#1826);
#1826 = PRODUCT_DEFINITION('design','',#1827,#1830);
#1827 = PRODUCT_DEFINITION_FORMATION('','',#1828);
#1828 = PRODUCT('conrod','conrod','',(#1829));
#1829 = PRODUCT_CONTEXT('',#2,'mechanical');
#1830 = PRODUCT_DEFINITION_CONTEXT('part definition',#2,'design');
#1831 = ADVANCED_BREP_SHAPE_REPRESENTATION('',(#11,#1832),#1982);
#1832 = MANIFOLD_SOLID_BREP('',#1833);
#1833 = CLOSED_SHELL('',(#1834,#1874,#1914,#1936,#1958,#1970));
#1834 = ADVANCED_FACE('',(#1835),#1869,.F.);
#1835 = FACE_BOUND('',#1836,.F.);
#1836 = EDGE_LOOP('',(#1837,#1847,#1855,#1863));
#1837 = ORIENTED_EDGE('',*,*,#1838,.F.);
#1838 = EDGE_CURVE('',#1839,#1841,#1843,.T.);
#1839 = VERTEX_POINT('',#1840);
#1840 = CARTESIAN_POINT('',(32.5,16.8,14.));
#1841 = VERTEX_POINT('',#1842);
#1842 = CARTESIAN_POINT('',(32.5,16.8,16.));
#1843 = LINE('',#1844,#1845);
#1844 = CARTESIAN_POINT('',(32.5,16.8,14.));
#1845 = VECTOR('',#1846,1.);
#1846 = DIRECTION('',(0.,0.,1.));
#1847 = ORIENTED_EDGE('',*,*,#1848,.T.);
#1848 = EDGE_CURVE('',#1839,#1849,#1851,.T.);
#1849 = VERTEX_POINT('',#1850);
#1850 = CARTESIAN_POINT('',(32.5,18.8,14.));
#1851 = LINE('',#1852,#1853);
#1852 = CARTESIAN_POINT('',(32.5,16.8,14.));
#1853 = VECTOR('',#1854,1.);
#1854 = DIRECTION('',(-0.,1.,0.));
#1855 = ORIENTED_EDGE('',*,*,#1856,.T.);
#1856 = EDGE_CURVE('',#1849,#1857,#1859,.T.);
#1857 = VERTEX_POINT('',#1858);
#1858 = CARTESIAN_POINT('',(32.5,18.8,16.));
#1859 = LINE('',#1860,#1861);
#1860 = CARTESIAN_POINT('',(32.5,18.8,14.));
#1861 = VECTOR('',#1862,1.);
#1862 = DIRECTION('',(0.,0.,1.));
#1863 = ORIENTED_EDGE('',*,*,#1864,.F.);
#1864 = EDGE_CURVE('',#1841,#1857,#1865,.T.);
#1865 = LINE('',#1866,#1867);
#1866 = CARTESIAN_POINT('',(32.5,16.8,16.));
#1867 = VECTOR('',#1868,1.);
#1868 = DIRECTION('',(-0.,1.,0.));
#1869 = PLANE('',#1870);
#1870 = AXIS2_PLACEMENT_3D('',#1871,#1872,#1873);
#1871 = CARTESIAN_POINT('',(32.5,16.8,14.));
#1872 = DIRECTION('',(1.,0.,-0.));
#1873 = DIRECTION('',(0.,0.,1.));
#1874 = ADVANCED_FACE('',(#1875),#1909,.T.);
#1875 = FACE_BOUND('',#1876,.T.);
#1876 = EDGE_LOOP('',(#1877,#1887,#1895,#1903));
#1877 = ORIENTED_EDGE('',*,*,#1878,.F.);
#1878 = EDGE_CURVE('',#1879,#1881,#1883,.T.);
#1879 = VERTEX_POINT('',#1880);
#1880 = CARTESIAN_POINT('',(42.5,16.8,14.));
#1881 = VERTEX_POINT('',#1882);
#1882 = CARTESIAN_POINT('',(42.5,16.8,16.));
#1883 = LINE('',#1884,#1885);
#1884 = CARTESIAN_POINT('',(42.5,16.8,14.));
#1885 = VECTOR('',#1886,1.);
#1886 = DIRECTION('',(0.,0.,1.));
#1887 = ORIENTED_EDGE('',*,*,#1888,.T.);
#1888 = EDGE_CURVE('',#1879,#1889,#1891,.T.);
#1889 = VERTEX_POINT('',#1890);
#1890 = CARTESIAN_POINT('',(42.5,18.8,14.));
#1891 = LINE('',#1892,#1893);
#1892 = CARTESIAN_POINT('',(42.5,16.8,14.));
#1893 = VECTOR('',#1894,1.);
#1894 = DIRECTION('',(-0.,1.,0.));
#1895 = ORIENTED_EDGE('',*,*,#1896,.T.);
#1896 = EDGE_CURVE('',#1889,#1897,#1899,.T.);
#1897 = VERTEX_POINT('',#1898);
#1898 = CARTESIAN_POINT('',(42.5,18.8,16.));
#1899 = LINE('',#1900,#1901);
#1900 = CARTESIAN_POINT('',(42.5,18.8,14.));
#1901 = VECTOR('',#1902,1.);
#1902 = DIRECTION('',(0.,0.,1.));
#1903 = ORIENTED_EDGE('',*,*,#1904,.F.);
#1904 = EDGE_CURVE('',#1881,#1897,#1905,.T.);
#1905 = LINE('',#1906,#1907);
#1906 = CARTESIAN_POINT('',(42.5,16.8,16.));
#1907 = VECTOR('',#1908,1.);
#1908 = DIRECTION('',(-0.,1.,0.));
#1909 = PLANE('',#1910);
#1910 = AXIS2_PLACEMENT_3D('',#1911,#1912,#1913);
#1911 = CARTESIAN_POINT('',(42.5,16.8,14.));
#1912 = DIRECTION('',(1.,0.,-0.));
#1913 = DIRECTION('',(0.,0.,1.));
#1914 = ADVANCED_FACE('',(#1915),#1931,.F.);
#1915 = FACE_BOUND('',#1916,.F.);
#1916 = EDGE_LOOP('',(#1917,#1923,#1924,#1930));
#1917 = ORIENTED_EDGE('',*,*,#1918,.F.);
#1918 = EDGE_CURVE('',#1839,#1879,#1919,.T.);
#1919 = LINE('',#1920,#1921);
#1920 = CARTESIAN_POINT('',(32.5,16.8,14.));
#1921 = VECTOR('',#1922,1.);
#1922 = DIRECTION('',(1.,0.,-0.));
#1923 = ORIENTED_EDGE('',*,*,#1838,.T.);
#1924 = ORIENTED_EDGE('',*,*,#1925,.T.);
#1925 = EDGE_CURVE('',#1841,#1881,#1926,.T.);
#1926 = LINE('',#1927,#1928);
#1927 = CARTESIAN_POINT('',(32.5,16.8,16.));
#1928 = VECTOR('',#1929,1.);
#1929 = DIRECTION('',(1.,0.,-0.));
#1930 = ORIENTED_EDGE('',*,*,#1878,.F.);
#1931 = PLANE('',#1932);
#1932 = AXIS2_PLACEMENT_3D('',#1933,#1934,#1935);
#1933 = CARTESIAN_POINT('',(32.5,16.8,14.));
#1934 = DIRECTION('',(-0.,1.,0.));
#1935 = DIRECTION('',(0.,0.,1.));
#1936 = ADVANCED_FACE('',(#1937),#1953,.T.);
#1937 = FACE_BOUND('',#1938,.T.);
#1938 = EDGE_LOOP('',(#1939,#1945,#1946,#1952));
#1939 = ORIENTED_EDGE('',*,*,#1940,.F.);
#1940 = EDGE_CURVE('',#1849,#1889,#1941,.T.);
#1941 = LINE('',#1942,#1943);
#1942 = CARTESIAN_POINT('',(32.5,18.8,14.));
#1943 = VECTOR('',#1944,1.);
#1944 = DIRECTION('',(1.,0.,-0.));
#1945 = ORIENTED_EDGE('',*,*,#1856,.T.);
#1946 = ORIENTED_EDGE('',*,*,#1947,.T.);
#1947 = EDGE_CURVE('',#1857,#1897,#1948,.T.);
#1948 = LINE('',#1949,#1950);
#1949 = CARTESIAN_POINT('',(32.5,18.8,16.));
#1950 = VECTOR('',#1951,1.);
#1951 = DIRECTION('',(1.,0.,-0.));
#1952 = ORIENTED_EDGE('',*,*,#1896,.F.);
#1953 = PLANE('',#1954);
#1954 = AXIS2_PLACEMENT_3D('',#1955,#1956,#1957);
#1955 = CARTESIAN_POINT('',(32.5,18.8,14.));
#1956 = DIRECTION('',(-0.,1.,0.));
#1957 = DIRECTION('',(0.,0.,1.));
#1958 = ADVANCED_FACE('',(#1959),#1965,.F.);
#1959 = FACE_BOUND('',#1960,.F.);
#1960 = EDGE_LOOP('',(#1961,#1962,#1963,#1964));
#1961 = ORIENTED_EDGE('',*,*,#1848,.F.);
#1962 = ORIENTED_EDGE('',*,*,#1918,.T.);
#1963 = ORIENTED_EDGE('',*,*,#1888,.T.);
#1964 = ORIENTED_EDGE('',*,*,#1940,.F.);
#1965 = PLANE('',#1966);
#1966 = AXIS2_PLACEMENT_3D('',#1967,#1968,#1969);
#1967 = CARTESIAN_POINT('',(32.5,16.8,14.));
#1968 = DIRECTION('',(0.,0.,1.));
#1969 = DIRECTION('',(1.,0.,-0.));
#1970 = ADVANCED_FACE('',(#1971),#1977,.T.);
#1971 = FACE_BOUND('',#1972,.T.);
#1972 = EDGE_LOOP('',(#1973,#1974,#1975,#1976));
#1973 = ORIENTED_EDGE('',*,*,#1864,.F.);
#1974 = ORIENTED_EDGE('',*,*,#1925,.T.);
#1975 = ORIENTED_EDGE('',*,*,#1904,.T.);
#1976 = ORIENTED_EDGE('',*,*,#1947,.F.);
#1977 = PLANE('',#1978);
#1978 = AXIS2_PLACEMENT_3D('',#1979,#1980,#1981);
#1979 = CARTESIAN_POINT('',(32.5,16.8,16.));
#1980 = DIRECTION('',(0.,0.,1.));
#1981 = DIRECTION('',(1.,0.,-0.));
#1982 = ( GEOMETRIC_REPRESENTATION_CONTEXT(3) 
GLOBAL_UNCERTAINTY_ASSIGNED_CONTEXT((#1986)) 
GLOBAL_UNIT_ASSIGNED_CONTEXT((#1983,#1984,#1985)) REPRESENTATION_CONTEXT
('Context #1','3D Context with UNIT and UNCERTAINTY') );
#1983 = ( LENGTH_UNIT() NAMED_UNIT(*) SI_UNIT(.MILLI.,.METRE.) );
#1984 = ( NAMED_UNIT(*) PLANE_ANGLE_UNIT() SI_UNIT($,.RADIAN.) );
#1985 = ( NAMED_UNIT(*) SI_UNIT($,.STERADIAN.) SOLID_ANGLE_UNIT() );
#1986 = UNCERTAINTY_MEASURE_WITH_UNIT(LENGTH_MEASURE(1.E-07),#1983,
  'distance_accuracy_value','confusion accuracy');
#1987 = CONTEXT_DEPENDENT_SHAPE_REPRESENTATION(#1988,#1990);
#1988 = ( REPRESENTATION_RELATIONSHIP('','',#1831,#10) 
REPRESENTATION_RELATIONSHIP_WITH_TRANSFORMATION(#1989) 
SHAPE_REPRESENTATION_RELATIONSHIP() );
#1989 = ITEM_DEFINED_TRANSFORMATION('','',#11,#35);
#1990 = PRODUCT_DEFINITION_SHAPE('Placement','Placement of an item',
  #1991);
#1991 = NEXT_ASSEMBLY_USAGE_OCCURRENCE('27','conrod','',#5,#1826,$);
#1992 = PRODUCT_RELATED_PRODUCT_CATEGORY('part',$,(#1828));
#1993 = SHAPE_DEFINITION_REPRESENTATION(#1994,#2000);
#1994 = PRODUCT_DEFINITION_SHAPE('','',#1995);
#1995 = PRODUCT_DEFINITION('design','',#1996,#1999);
#1996 = PRODUCT_DEFINITION_FORMATION('','',#1997);
#1997 = PRODUCT('piston','piston','',(#1998));
#1998 = PRODUCT_CONTEXT('',#2,'mechanical');
#1999 = PRODUCT_DEFINITION_CONTEXT('part definition',#2,'design');
#2000 = ADVANCED_BREP_SHAPE_REPRESENTATION('',(#11,#2001),#2054);
#2001 = MANIFOLD_SOLID_BREP('',#2002);
#2002 = CLOSED_SHELL('',(#2003,#2036,#2045));
#2003 = ADVANCED_FACE('',(#2004),#2031,.T.);
#2004 = FACE_BOUND('',#2005,.T.);
#2005 = EDGE_LOOP('',(#2006,#2015,#2023,#2030));
#2006 = ORIENTED_EDGE('',*,*,#2007,.F.);
#2007 = EDGE_CURVE('',#2008,#2008,#2010,.T.);
#2008 = VERTEX_POINT('',#2009);
#2009 = CARTESIAN_POINT('',(46.5,15.,19.));
#2010 = CIRCLE('',#2011,4.);
#2011 = AXIS2_PLACEMENT_3D('',#2012,#2013,#2014);
#2012 = CARTESIAN_POINT('',(46.5,15.,15.));
#2013 = DIRECTION('',(1.,0.,0.));
#2014 = DIRECTION('',(-0.,0.,1.));
#2015 = ORIENTED_EDGE('',*,*,#2016,.F.);
#2016 = EDGE_CURVE('',#2017,#2008,#2019,.T.);
#2017 = VERTEX_POINT('',#2018);
#2018 = CARTESIAN_POINT('',(42.5,15.,19.));
#2019 = LINE('',#2020,#2021);
#2020 = CARTESIAN_POINT('',(42.5,15.,19.));
#2021 = VECTOR('',#2022,1.);
#2022 = DIRECTION('',(1.,0.,0.));
#2023 = ORIENTED_EDGE('',*,*,#2024,.T.);
#2024 = EDGE_CURVE('',#2017,#2017,#2025,.T.);
#2025 = CIRCLE('',#2026,4.);
#2026 = AXIS2_PLACEMENT_3D('',#2027,#2028,#2029);
#2027 = CARTESIAN_POINT('',(42.5,15.,15.));
#2028 = DIRECTION('',(1.,0.,0.));
#2029 = DIRECTION('',(-0.,0.,1.));
#2030 = ORIENTED_EDGE('',*,*,#2016,.T.);
#2031 = CYLINDRICAL_SURFACE('',#2032,4.);
#2032 = AXIS2_PLACEMENT_3D('',#2033,#2034,#2035);
#2033 = CARTESIAN_POINT('',(42.5,15.,15.));
#2034 = DIRECTION('',(1.,0.,0.));
#2035 = DIRECTION('',(-0.,0.,1.));
#2036 = ADVANCED_FACE('',(#2037),#2040,.T.);
#2037 = FACE_BOUND('',#2038,.T.);
#2038 = EDGE_LOOP('',(#2039));
#2039 = ORIENTED_EDGE('',*,*,#2007,.T.);
#2040 = PLANE('',#2041);
#2041 = AXIS2_PLACEMENT_3D('',#2042,#2043,#2044);
#2042 = CARTESIAN_POINT('',(46.5,15.,15.));
#2043 = DIRECTION('',(1.,0.,0.));
#2044 = DIRECTION('',(-0.,0.,1.));
#2045 = ADVANCED_FACE('',(#2046),#2049,.F.);
#2046 = FACE_BOUND('',#2047,.T.);
#2047 = EDGE_LOOP('',(#2048));
#2048 = ORIENTED_EDGE('',*,*,#2024,.F.);
#2049 = PLANE('',#2050);
#2050 = AXIS2_PLACEMENT_3D('',#2051,#2052,#2053);
#2051 = CARTESIAN_POINT('',(42.5,15.,15.));
#2052 = DIRECTION('',(1.,0.,0.));
#2053 = DIRECTION('',(-0.,0.,1.));
#2054 = ( GEOMETRIC_REPRESENTATION_CONTEXT(3) 
GLOBAL_UNCERTAINTY_ASSIGNED_CONTEXT((#2058)) 
GLOBAL_UNIT_ASSIGNED_CONTEXT((#2055,#2056,#2057)) REPRESENTATION_CONTEXT
('Context #1','3D Context with UNIT and UNCERTAINTY') );
#2055 = ( LENGTH_UNIT() NAMED_UNIT(*) SI_UNIT(.MILLI.,.METRE.) );
#2056 = ( NAMED_UNIT(*) PLANE_ANGLE_UNIT() SI_UNIT($,.RADIAN.) );
#2057 = ( NAMED_UNIT(*) SI_UNIT($,.STERADIAN.) SOLID_ANGLE_UNIT() );
#2058 = UNCERTAINTY_MEASURE_WITH_UNIT(LENGTH_MEASURE(1.E-07),#2055,
  'distance_accuracy_value','confusion accuracy');
#2059 = CONTEXT_DEPENDENT_SHAPE_REPRESENTATION(#2060,#2062);
#2060 = ( REPRESENTATION_RELATIONSHIP('','',#2000,#10) 
REPRESENTATION_RELATIONSHIP_WITH_TRANSFORMATION(#2061) 
SHAPE_REPRESENTATION_RELATIONSHIP() );
#2061 = ITEM_DEFINED_TRANSFORMATION('','',#11,#39);
#2062 = PRODUCT_DEFINITION_SHAPE('Placement','Placement of an item',
  #2063);
#2063 = NEXT_ASSEMBLY_USAGE_OCCURRENCE('28','piston','',#5,#1995,$);
#2064 = PRODUCT_RELATED_PRODUCT_CATEGORY('part',$,(#1997));
#2065 = SHAPE_DEFINITION_REPRESENTATION(#2066,#2072);
#2066 = PRODUCT_DEFINITION_SHAPE('','',#2067);
#2067 = PRODUCT_DEFINITION('design','',#2068,#2071);
#2068 = PRODUCT_DEFINITION_FORMATION('','',#2069);
#2069 = PRODUCT('piston_bore','piston_bore','',(#2070));
#2070 = PRODUCT_CONTEXT('',#2,'mechanical');
#2071 = PRODUCT_DEFINITION_CONTEXT('part definition',#2,'design');
#2072 = ADVANCED_BREP_SHAPE_REPRESENTATION('',(#11,#2073),#2165);
#2073 = MANIFOLD_SOLID_BREP('',#2074);
#2074 = CLOSED_SHELL('',(#2075,#2108,#2128,#2148));
#2075 = ADVANCED_FACE('',(#2076),#2103,.T.);
#2076 = FACE_BOUND('',#2077,.T.);
#2077 = EDGE_LOOP('',(#2078,#2087,#2095,#2102));
#2078 = ORIENTED_EDGE('',*,*,#2079,.F.);
#2079 = EDGE_CURVE('',#2080,#2080,#2082,.T.);
#2080 = VERTEX_POINT('',#2081);
#2081 = CARTESIAN_POINT('',(48.,15.,20.5));
#2082 = CIRCLE('',#2083,5.5);
#2083 = AXIS2_PLACEMENT_3D('',#2084,#2085,#2086);
#2084 = CARTESIAN_POINT('',(48.,15.,15.));
#2085 = DIRECTION('',(1.,0.,0.));
#2086 = DIRECTION('',(-0.,0.,1.));
#2087 = ORIENTED_EDGE('',*,*,#2088,.F.);
#2088 = EDGE_CURVE('',#2089,#2080,#2091,.T.);
#2089 = VERTEX_POINT('',#2090);
#2090 = CARTESIAN_POINT('',(41.,15.,20.5));
#2091 = LINE('',#2092,#2093);
#2092 = CARTESIAN_POINT('',(41.,15.,20.5));
#2093 = VECTOR('',#2094,1.);
#2094 = DIRECTION('',(1.,0.,0.));
#2095 = ORIENTED_EDGE('',*,*,#2096,.T.);
#2096 = EDGE_CURVE('',#2089,#2089,#2097,.T.);
#2097 = CIRCLE('',#2098,5.5);
#2098 = AXIS2_PLACEMENT_3D('',#2099,#2100,#2101);
#2099 = CARTESIAN_POINT('',(41.,15.,15.));
#2100 = DIRECTION('',(1.,0.,0.));
#2101 = DIRECTION('',(-0.,0.,1.));
#2102 = ORIENTED_EDGE('',*,*,#2088,.T.);
#2103 = CYLINDRICAL_SURFACE('',#2104,5.5);
#2104 = AXIS2_PLACEMENT_3D('',#2105,#2106,#2107);
#2105 = CARTESIAN_POINT('',(41.,15.,15.));
#2106 = DIRECTION('',(1.,0.,0.));
#2107 = DIRECTION('',(-0.,0.,1.));
#2108 = ADVANCED_FACE('',(#2109,#2112),#2123,.T.);
#2109 = FACE_BOUND('',#2110,.T.);
#2110 = EDGE_LOOP('',(#2111));
#2111 = ORIENTED_EDGE('',*,*,#2079,.T.);
#2112 = FACE_BOUND('',#2113,.T.);
#2113 = EDGE_LOOP('',(#2114));
#2114 = ORIENTED_EDGE('',*,*,#2115,.F.);
#2115 = EDGE_CURVE('',#2116,#2116,#2118,.T.);
#2116 = VERTEX_POINT('',#2117);
#2117 = CARTESIAN_POINT('',(48.,15.,19.2));
#2118 = CIRCLE('',#2119,4.2);
#2119 = AXIS2_PLACEMENT_3D('',#2120,#2121,#2122);
#2120 = CARTESIAN_POINT('',(48.,15.,15.));
#2121 = DIRECTION('',(1.,0.,0.));
#2122 = DIRECTION('',(-0.,0.,1.));
#2123 = PLANE('',#2124);
#2124 = AXIS2_PLACEMENT_3D('',#2125,#2126,#2127);
#2125 = CARTESIAN_POINT('',(48.,15.,15.));
#2126 = DIRECTION('',(1.,0.,0.));
#2127 = DIRECTION('',(-0.,0.,1.));
#2128 = ADVANCED_FACE('',(#2129,#2132),#2143,.F.);
#2129 = FACE_BOUND('',#2130,.F.);
#2130 = EDGE_LOOP('',(#2131));
#2131 = ORIENTED_EDGE('',*,*,#2096,.T.);
#2132 = FACE_BOUND('',#2133,.F.);
#2133 = EDGE_LOOP('',(#2134));
#2134 = ORIENTED_EDGE('',*,*,#2135,.F.);
#2135 = EDGE_CURVE('',#2136,#2136,#2138,.T.);
#2136 = VERTEX_POINT('',#2137);
#2137 = CARTESIAN_POINT('',(41.,15.,19.2));
#2138 = CIRCLE('',#2139,4.2);
#2139 = AXIS2_PLACEMENT_3D('',#2140,#2141,#2142);
#2140 = CARTESIAN_POINT('',(41.,15.,15.));
#2141 = DIRECTION('',(1.,0.,0.));
#2142 = DIRECTION('',(-0.,0.,1.));
#2143 = PLANE('',#2144);
#2144 = AXIS2_PLACEMENT_3D('',#2145,#2146,#2147);
#2145 = CARTESIAN_POINT('',(41.,15.,15.));
#2146 = DIRECTION('',(1.,0.,0.));
#2147 = DIRECTION('',(-0.,0.,1.));
#2148 = ADVANCED_FACE('',(#2149),#2160,.F.);
#2149 = FACE_BOUND('',#2150,.F.);
#2150 = EDGE_LOOP('',(#2151,#2152,#2158,#2159));
#2151 = ORIENTED_EDGE('',*,*,#2115,.F.);
#2152 = ORIENTED_EDGE('',*,*,#2153,.F.);
#2153 = EDGE_CURVE('',#2136,#2116,#2154,.T.);
#2154 = LINE('',#2155,#2156);
#2155 = CARTESIAN_POINT('',(40.9,15.,19.2));
#2156 = VECTOR('',#2157,1.);
#2157 = DIRECTION('',(1.,0.,0.));
#2158 = ORIENTED_EDGE('',*,*,#2135,.T.);
#2159 = ORIENTED_EDGE('',*,*,#2153,.T.);
#2160 = CYLINDRICAL_SURFACE('',#2161,4.2);
#2161 = AXIS2_PLACEMENT_3D('',#2162,#2163,#2164);
#2162 = CARTESIAN_POINT('',(40.9,15.,15.));
#2163 = DIRECTION('',(1.,0.,0.));
#2164 = DIRECTION('',(-0.,0.,1.));
#2165 = ( GEOMETRIC_REPRESENTATION_CONTEXT(3) 
GLOBAL_UNCERTAINTY_ASSIGNED_CONTEXT((#2169)) 
GLOBAL_UNIT_ASSIGNED_CONTEXT((#2166,#2167,#2168)) REPRESENTATION_CONTEXT
('Context #1','3D Context with UNIT and UNCERTAINTY') );
#2166 = ( LENGTH_UNIT() NAMED_UNIT(*) SI_UNIT(.MILLI.,.METRE.) );
#2167 = ( NAMED_UNIT(*) PLANE_ANGLE_UNIT() SI_UNIT($,.RADIAN.) );
#2168 = ( NAMED_UNIT(*) SI_UNIT($,.STERADIAN.) SOLID_ANGLE_UNIT() );
#2169 = UNCERTAINTY_MEASURE_WITH_UNIT(LENGTH_MEASURE(1.E-07),#2166,
  'distance_accuracy_value','confusion accuracy');
#2170 = CONTEXT_DEPENDENT_SHAPE_REPRESENTATION(#2171,#2173);
#2171 = ( REPRESENTATION_RELATIONSHIP('','',#2072,#10) 
REPRESENTATION_RELATIONSHIP_WITH_TRANSFORMATION(#2172) 
SHAPE_REPRESENTATION_RELATIONSHIP() );
#2172 = ITEM_DEFINED_TRANSFORMATION('','',#11,#43);
#2173 = PRODUCT_DEFINITION_SHAPE('Placement','Placement of an item',
  #2174);
#2174 = NEXT_ASSEMBLY_USAGE_OCCURRENCE('29','piston_bore','',#5,#2067,$
  );
#2175 = PRODUCT_RELATED_PRODUCT_CATEGORY('part',$,(#2069));
#2176 = SHAPE_DEFINITION_REPRESENTATION(#2177,#2183);
#2177 = PRODUCT_DEFINITION_SHAPE('','',#2178);
#2178 = PRODUCT_DEFINITION('design','',#2179,#2182);
#2179 = PRODUCT_DEFINITION_FORMATION('','',#2180);
#2180 = PRODUCT('membrane','membrane','',(#2181));
#2181 = PRODUCT_CONTEXT('',#2,'mechanical');
#2182 = PRODUCT_DEFINITION_CONTEXT('part definition',#2,'design');
#2183 = ADVANCED_BREP_SHAPE_REPRESENTATION('',(#11,#2184),#2237);
#2184 = MANIFOLD_SOLID_BREP('',#2185);
#2185 = CLOSED_SHELL('',(#2186,#2219,#2228));
#2186 = ADVANCED_FACE('',(#2187),#2214,.T.);
#2187 = FACE_BOUND('',#2188,.T.);
#2188 = EDGE_LOOP('',(#2189,#2198,#2206,#2213));
#2189 = ORIENTED_EDGE('',*,*,#2190,.F.);
#2190 = EDGE_CURVE('',#2191,#2191,#2193,.T.);
#2191 = VERTEX_POINT('',#2192);
#2192 = CARTESIAN_POINT('',(50.8,15.,25.));
#2193 = CIRCLE('',#2194,10.);
#2194 = AXIS2_PLACEMENT_3D('',#2195,#2196,#2197);
#2195 = CARTESIAN_POINT('',(50.8,15.,15.));
#2196 = DIRECTION('',(1.,0.,0.));
#2197 = DIRECTION('',(-0.,0.,1.));
#2198 = ORIENTED_EDGE('',*,*,#2199,.F.);
#2199 = EDGE_CURVE('',#2200,#2191,#2202,.T.);
#2200 = VERTEX_POINT('',#2201);
#2201 = CARTESIAN_POINT('',(50.,15.,25.));
#2202 = LINE('',#2203,#2204);
#2203 = CARTESIAN_POINT('',(50.,15.,25.));
#2204 = VECTOR('',#2205,1.);
#2205 = DIRECTION('',(1.,0.,0.));
#2206 = ORIENTED_EDGE('',*,*,#2207,.T.);
#2207 = EDGE_CURVE('',#2200,#2200,#2208,.T.);
#2208 = CIRCLE('',#2209,10.);
#2209 = AXIS2_PLACEMENT_3D('',#2210,#2211,#2212);
#2210 = CARTESIAN_POINT('',(50.,15.,15.));
#2211 = DIRECTION('',(1.,0.,0.));
#2212 = DIRECTION('',(-0.,0.,1.));
#2213 = ORIENTED_EDGE('',*,*,#2199,.T.);
#2214 = CYLINDRICAL_SURFACE('',#2215,10.);
#2215 = AXIS2_PLACEMENT_3D('',#2216,#2217,#2218);
#2216 = CARTESIAN_POINT('',(50.,15.,15.));
#2217 = DIRECTION('',(1.,0.,0.));
#2218 = DIRECTION('',(-0.,0.,1.));
#2219 = ADVANCED_FACE('',(#2220),#2223,.T.);
#2220 = FACE_BOUND('',#2221,.T.);
#2221 = EDGE_LOOP('',(#2222));
#2222 = ORIENTED_EDGE('',*,*,#2190,.T.);
#2223 = PLANE('',#2224);
#2224 = AXIS2_PLACEMENT_3D('',#2225,#2226,#2227);
#2225 = CARTESIAN_POINT('',(50.8,15.,15.));
#2226 = DIRECTION('',(1.,0.,0.));
#2227 = DIRECTION('',(-0.,0.,1.));
#2228 = ADVANCED_FACE('',(#2229),#2232,.F.);
#2229 = FACE_BOUND('',#2230,.T.);
#2230 = EDGE_LOOP('',(#2231));
#2231 = ORIENTED_EDGE('',*,*,#2207,.F.);
#2232 = PLANE('',#2233);
#2233 = AXIS2_PLACEMENT_3D('',#2234,#2235,#2236);
#2234 = CARTESIAN_POINT('',(50.,15.,15.));
#2235 = DIRECTION('',(1.,0.,0.));
#2236 = DIRECTION('',(-0.,0.,1.));
#2237 = ( GEOMETRIC_REPRESENTATION_CONTEXT(3) 
GLOBAL_UNCERTAINTY_ASSIGNED_CONTEXT((#2241)) 
GLOBAL_UNIT_ASSIGNED_CONTEXT((#2238,#2239,#2240)) REPRESENTATION_CONTEXT
('Context #1','3D Context with UNIT and UNCERTAINTY') );
#2238 = ( LENGTH_UNIT() NAMED_UNIT(*) SI_UNIT(.MILLI.,.METRE.) );
#2239 = ( NAMED_UNIT(*) PLANE_ANGLE_UNIT() SI_UNIT($,.RADIAN.) );
#2240 = ( NAMED_UNIT(*) SI_UNIT($,.STERADIAN.) SOLID_ANGLE_UNIT() );
#2241 = UNCERTAINTY_MEASURE_WITH_UNIT(LENGTH_MEASURE(1.E-07),#2238,
  'distance_accuracy_value','confusion accuracy');
#2242 = CONTEXT_DEPENDENT_SHAPE_REPRESENTATION(#2243,#2245);
#2243 = ( REPRESENTATION_RELATIONSHIP('','',#2183,#10) 
REPRESENTATION_RELATIONSHIP_WITH_TRANSFORMATION(#2244) 
SHAPE_REPRESENTATION_RELATIONSHIP() );
#2244 = ITEM_DEFINED_TRANSFORMATION('','',#11,#47);
#2245 = PRODUCT_DEFINITION_SHAPE('Placement','Placement of an item',
  #2246);
#2246 = NEXT_ASSEMBLY_USAGE_OCCURRENCE('30','membrane','',#5,#2178,$);
#2247 = PRODUCT_RELATED_PRODUCT_CATEGORY('part',$,(#2180));
#2248 = SHAPE_DEFINITION_REPRESENTATION(#2249,#2255);
#2249 = PRODUCT_DEFINITION_SHAPE('','',#2250);
#2250 = PRODUCT_DEFINITION('design','',#2251,#2254);
#2251 = PRODUCT_DEFINITION_FORMATION('','',#2252);
#2252 = PRODUCT('cover_deckel','cover_deckel','',(#2253));
#2253 = PRODUCT_CONTEXT('',#2,'mechanical');
#2254 = PRODUCT_DEFINITION_CONTEXT('part definition',#2,'design');
#2255 = ADVANCED_BREP_SHAPE_REPRESENTATION('',(#11,#2256),#2354);
#2256 = MANIFOLD_SOLID_BREP('',#2257);
#2257 = CLOSED_SHELL('',(#2258,#2291,#2300,#2320,#2345));
#2258 = ADVANCED_FACE('',(#2259),#2286,.T.);
#2259 = FACE_BOUND('',#2260,.T.);
#2260 = EDGE_LOOP('',(#2261,#2270,#2278,#2285));
#2261 = ORIENTED_EDGE('',*,*,#2262,.F.);
#2262 = EDGE_CURVE('',#2263,#2263,#2265,.T.);
#2263 = VERTEX_POINT('',#2264);
#2264 = CARTESIAN_POINT('',(57.,15.,21.));
#2265 = CIRCLE('',#2266,6.);
#2266 = AXIS2_PLACEMENT_3D('',#2267,#2268,#2269);
#2267 = CARTESIAN_POINT('',(57.,15.,15.));
#2268 = DIRECTION('',(1.,0.,0.));
#2269 = DIRECTION('',(-0.,0.,1.));
#2270 = ORIENTED_EDGE('',*,*,#2271,.F.);
#2271 = EDGE_CURVE('',#2272,#2263,#2274,.T.);
#2272 = VERTEX_POINT('',#2273);
#2273 = CARTESIAN_POINT('',(51.,15.,26.));
#2274 = LINE('',#2275,#2276);
#2275 = CARTESIAN_POINT('',(51.,15.,26.));
#2276 = VECTOR('',#2277,1.);
#2277 = DIRECTION('',(0.768221279597,-1.567999551826E-16,-0.640184399664
    ));
#2278 = ORIENTED_EDGE('',*,*,#2279,.T.);
#2279 = EDGE_CURVE('',#2272,#2272,#2280,.T.);
#2280 = CIRCLE('',#2281,11.);
#2281 = AXIS2_PLACEMENT_3D('',#2282,#2283,#2284);
#2282 = CARTESIAN_POINT('',(51.,15.,15.));
#2283 = DIRECTION('',(1.,0.,0.));
#2284 = DIRECTION('',(-0.,0.,1.));
#2285 = ORIENTED_EDGE('',*,*,#2271,.T.);
#2286 = CONICAL_SURFACE('',#2287,11.,0.694738276197);
#2287 = AXIS2_PLACEMENT_3D('',#2288,#2289,#2290);
#2288 = CARTESIAN_POINT('',(51.,15.,15.));
#2289 = DIRECTION('',(-1.,-0.,-0.));
#2290 = DIRECTION('',(-0.,0.,1.));
#2291 = ADVANCED_FACE('',(#2292),#2295,.T.);
#2292 = FACE_BOUND('',#2293,.T.);
#2293 = EDGE_LOOP('',(#2294));
#2294 = ORIENTED_EDGE('',*,*,#2262,.T.);
#2295 = PLANE('',#2296);
#2296 = AXIS2_PLACEMENT_3D('',#2297,#2298,#2299);
#2297 = CARTESIAN_POINT('',(57.,15.,15.));
#2298 = DIRECTION('',(1.,0.,0.));
#2299 = DIRECTION('',(-0.,0.,1.));
#2300 = ADVANCED_FACE('',(#2301,#2304),#2315,.F.);
#2301 = FACE_BOUND('',#2302,.F.);
#2302 = EDGE_LOOP('',(#2303));
#2303 = ORIENTED_EDGE('',*,*,#2279,.T.);
#2304 = FACE_BOUND('',#2305,.F.);
#2305 = EDGE_LOOP('',(#2306));
#2306 = ORIENTED_EDGE('',*,*,#2307,.F.);
#2307 = EDGE_CURVE('',#2308,#2308,#2310,.T.);
#2308 = VERTEX_POINT('',#2309);
#2309 = CARTESIAN_POINT('',(51.,15.,25.));
#2310 = CIRCLE('',#2311,10.);
#2311 = AXIS2_PLACEMENT_3D('',#2312,#2313,#2314);
#2312 = CARTESIAN_POINT('',(51.,15.,15.));
#2313 = DIRECTION('',(1.,0.,0.));
#2314 = DIRECTION('',(-0.,0.,1.));
#2315 = PLANE('',#2316);
#2316 = AXIS2_PLACEMENT_3D('',#2317,#2318,#2319);
#2317 = CARTESIAN_POINT('',(51.,15.,15.));
#2318 = DIRECTION('',(1.,0.,0.));
#2319 = DIRECTION('',(-0.,0.,1.));
#2320 = ADVANCED_FACE('',(#2321),#2340,.F.);
#2321 = FACE_BOUND('',#2322,.F.);
#2322 = EDGE_LOOP('',(#2323,#2332,#2338,#2339));
#2323 = ORIENTED_EDGE('',*,*,#2324,.F.);
#2324 = EDGE_CURVE('',#2325,#2325,#2327,.T.);
#2325 = VERTEX_POINT('',#2326);
#2326 = CARTESIAN_POINT('',(56.,15.,20.));
#2327 = CIRCLE('',#2328,5.);
#2328 = AXIS2_PLACEMENT_3D('',#2329,#2330,#2331);
#2329 = CARTESIAN_POINT('',(56.,15.,15.));
#2330 = DIRECTION('',(1.,0.,0.));
#2331 = DIRECTION('',(-0.,0.,1.));
#2332 = ORIENTED_EDGE('',*,*,#2333,.F.);
#2333 = EDGE_CURVE('',#2308,#2325,#2334,.T.);
#2334 = LINE('',#2335,#2336);
#2335 = CARTESIAN_POINT('',(51.,15.,25.));
#2336 = VECTOR('',#2337,1.);
#2337 = DIRECTION('',(0.707106781187,-1.731912112471E-16,-0.707106781187
    ));
#2338 = ORIENTED_EDGE('',*,*,#2307,.T.);
#2339 = ORIENTED_EDGE('',*,*,#2333,.T.);
#2340 = CONICAL_SURFACE('',#2341,10.,0.785398163397);
#2341 = AXIS2_PLACEMENT_3D('',#2342,#2343,#2344);
#2342 = CARTESIAN_POINT('',(51.,15.,15.));
#2343 = DIRECTION('',(-1.,-0.,-0.));
#2344 = DIRECTION('',(-0.,0.,1.));
#2345 = ADVANCED_FACE('',(#2346),#2349,.F.);
#2346 = FACE_BOUND('',#2347,.F.);
#2347 = EDGE_LOOP('',(#2348));
#2348 = ORIENTED_EDGE('',*,*,#2324,.T.);
#2349 = PLANE('',#2350);
#2350 = AXIS2_PLACEMENT_3D('',#2351,#2352,#2353);
#2351 = CARTESIAN_POINT('',(56.,15.,15.));
#2352 = DIRECTION('',(1.,0.,0.));
#2353 = DIRECTION('',(-0.,0.,1.));
#2354 = ( GEOMETRIC_REPRESENTATION_CONTEXT(3) 
GLOBAL_UNCERTAINTY_ASSIGNED_CONTEXT((#2358)) 
GLOBAL_UNIT_ASSIGNED_CONTEXT((#2355,#2356,#2357)) REPRESENTATION_CONTEXT
('Context #1','3D Context with UNIT and UNCERTAINTY') );
#2355 = ( LENGTH_UNIT() NAMED_UNIT(*) SI_UNIT(.MILLI.,.METRE.) );
#2356 = ( NAMED_UNIT(*) PLANE_ANGLE_UNIT() SI_UNIT($,.RADIAN.) );
#2357 = ( NAMED_UNIT(*) SI_UNIT($,.STERADIAN.) SOLID_ANGLE_UNIT() );
#2358 = UNCERTAINTY_MEASURE_WITH_UNIT(LENGTH_MEASURE(1.E-07),#2355,
  'distance_accuracy_value','confusion accuracy');
#2359 = CONTEXT_DEPENDENT_SHAPE_REPRESENTATION(#2360,#2362);
#2360 = ( REPRESENTATION_RELATIONSHIP('','',#2255,#10) 
REPRESENTATION_RELATIONSHIP_WITH_TRANSFORMATION(#2361) 
SHAPE_REPRESENTATION_RELATIONSHIP() );
#2361 = ITEM_DEFINED_TRANSFORMATION('','',#11,#51);
#2362 = PRODUCT_DEFINITION_SHAPE('Placement','Placement of an item',
  #2363);
#2363 = NEXT_ASSEMBLY_USAGE_OCCURRENCE('31','cover_deckel','',#5,#2250,$
  );
#2364 = PRODUCT_RELATED_PRODUCT_CATEGORY('part',$,(#2252));
#2365 = SHAPE_DEFINITION_REPRESENTATION(#2366,#2372);
#2366 = PRODUCT_DEFINITION_SHAPE('','',#2367);
#2367 = PRODUCT_DEFINITION('design','',#2368,#2371);
#2368 = PRODUCT_DEFINITION_FORMATION('','',#2369);
#2369 = PRODUCT('inlet_valve','inlet_valve','',(#2370));
#2370 = PRODUCT_CONTEXT('',#2,'mechanical');
#2371 = PRODUCT_DEFINITION_CONTEXT('part definition',#2,'design');
#2372 = ADVANCED_BREP_SHAPE_REPRESENTATION('',(#11,#2373),#2523);
#2373 = MANIFOLD_SOLID_BREP('',#2374);
#2374 = CLOSED_SHELL('',(#2375,#2415,#2455,#2477,#2499,#2511));
#2375 = ADVANCED_FACE('',(#2376),#2410,.F.);
#2376 = FACE_BOUND('',#2377,.F.);
#2377 = EDGE_LOOP('',(#2378,#2388,#2396,#2404));
#2378 = ORIENTED_EDGE('',*,*,#2379,.F.);
#2379 = EDGE_CURVE('',#2380,#2382,#2384,.T.);
#2380 = VERTEX_POINT('',#2381);
#2381 = CARTESIAN_POINT('',(56.5,13.5,11.));
#2382 = VERTEX_POINT('',#2383);
#2383 = CARTESIAN_POINT('',(56.5,13.5,13.));
#2384 = LINE('',#2385,#2386);
#2385 = CARTESIAN_POINT('',(56.5,13.5,11.));
#2386 = VECTOR('',#2387,1.);
#2387 = DIRECTION('',(0.,0.,1.));
#2388 = ORIENTED_EDGE('',*,*,#2389,.T.);
#2389 = EDGE_CURVE('',#2380,#2390,#2392,.T.);
#2390 = VERTEX_POINT('',#2391);
#2391 = CARTESIAN_POINT('',(56.5,16.5,11.));
#2392 = LINE('',#2393,#2394);
#2393 = CARTESIAN_POINT('',(56.5,13.5,11.));
#2394 = VECTOR('',#2395,1.);
#2395 = DIRECTION('',(-0.,1.,0.));
#2396 = ORIENTED_EDGE('',*,*,#2397,.T.);
#2397 = EDGE_CURVE('',#2390,#2398,#2400,.T.);
#2398 = VERTEX_POINT('',#2399);
#2399 = CARTESIAN_POINT('',(56.5,16.5,13.));
#2400 = LINE('',#2401,#2402);
#2401 = CARTESIAN_POINT('',(56.5,16.5,11.));
#2402 = VECTOR('',#2403,1.);
#2403 = DIRECTION('',(0.,0.,1.));
#2404 = ORIENTED_EDGE('',*,*,#2405,.F.);
#2405 = EDGE_CURVE('',#2382,#2398,#2406,.T.);
#2406 = LINE('',#2407,#2408);
#2407 = CARTESIAN_POINT('',(56.5,13.5,13.));
#2408 = VECTOR('',#2409,1.);
#2409 = DIRECTION('',(-0.,1.,0.));
#2410 = PLANE('',#2411);
#2411 = AXIS2_PLACEMENT_3D('',#2412,#2413,#2414);
#2412 = CARTESIAN_POINT('',(56.5,13.5,11.));
#2413 = DIRECTION('',(1.,0.,-0.));
#2414 = DIRECTION('',(0.,0.,1.));
#2415 = ADVANCED_FACE('',(#2416),#2450,.T.);
#2416 = FACE_BOUND('',#2417,.T.);
#2417 = EDGE_LOOP('',(#2418,#2428,#2436,#2444));
#2418 = ORIENTED_EDGE('',*,*,#2419,.F.);
#2419 = EDGE_CURVE('',#2420,#2422,#2424,.T.);
#2420 = VERTEX_POINT('',#2421);
#2421 = CARTESIAN_POINT('',(58.,13.5,11.));
#2422 = VERTEX_POINT('',#2423);
#2423 = CARTESIAN_POINT('',(58.,13.5,13.));
#2424 = LINE('',#2425,#2426);
#2425 = CARTESIAN_POINT('',(58.,13.5,11.));
#2426 = VECTOR('',#2427,1.);
#2427 = DIRECTION('',(0.,0.,1.));
#2428 = ORIENTED_EDGE('',*,*,#2429,.T.);
#2429 = EDGE_CURVE('',#2420,#2430,#2432,.T.);
#2430 = VERTEX_POINT('',#2431);
#2431 = CARTESIAN_POINT('',(58.,16.5,11.));
#2432 = LINE('',#2433,#2434);
#2433 = CARTESIAN_POINT('',(58.,13.5,11.));
#2434 = VECTOR('',#2435,1.);
#2435 = DIRECTION('',(-0.,1.,0.));
#2436 = ORIENTED_EDGE('',*,*,#2437,.T.);
#2437 = EDGE_CURVE('',#2430,#2438,#2440,.T.);
#2438 = VERTEX_POINT('',#2439);
#2439 = CARTESIAN_POINT('',(58.,16.5,13.));
#2440 = LINE('',#2441,#2442);
#2441 = CARTESIAN_POINT('',(58.,16.5,11.));
#2442 = VECTOR('',#2443,1.);
#2443 = DIRECTION('',(0.,0.,1.));
#2444 = ORIENTED_EDGE('',*,*,#2445,.F.);
#2445 = EDGE_CURVE('',#2422,#2438,#2446,.T.);
#2446 = LINE('',#2447,#2448);
#2447 = CARTESIAN_POINT('',(58.,13.5,13.));
#2448 = VECTOR('',#2449,1.);
#2449 = DIRECTION('',(-0.,1.,0.));
#2450 = PLANE('',#2451);
#2451 = AXIS2_PLACEMENT_3D('',#2452,#2453,#2454);
#2452 = CARTESIAN_POINT('',(58.,13.5,11.));
#2453 = DIRECTION('',(1.,0.,-0.));
#2454 = DIRECTION('',(0.,0.,1.));
#2455 = ADVANCED_FACE('',(#2456),#2472,.F.);
#2456 = FACE_BOUND('',#2457,.F.);
#2457 = EDGE_LOOP('',(#2458,#2464,#2465,#2471));
#2458 = ORIENTED_EDGE('',*,*,#2459,.F.);
#2459 = EDGE_CURVE('',#2380,#2420,#2460,.T.);
#2460 = LINE('',#2461,#2462);
#2461 = CARTESIAN_POINT('',(56.5,13.5,11.));
#2462 = VECTOR('',#2463,1.);
#2463 = DIRECTION('',(1.,0.,-0.));
#2464 = ORIENTED_EDGE('',*,*,#2379,.T.);
#2465 = ORIENTED_EDGE('',*,*,#2466,.T.);
#2466 = EDGE_CURVE('',#2382,#2422,#2467,.T.);
#2467 = LINE('',#2468,#2469);
#2468 = CARTESIAN_POINT('',(56.5,13.5,13.));
#2469 = VECTOR('',#2470,1.);
#2470 = DIRECTION('',(1.,0.,-0.));
#2471 = ORIENTED_EDGE('',*,*,#2419,.F.);
#2472 = PLANE('',#2473);
#2473 = AXIS2_PLACEMENT_3D('',#2474,#2475,#2476);
#2474 = CARTESIAN_POINT('',(56.5,13.5,11.));
#2475 = DIRECTION('',(-0.,1.,0.));
#2476 = DIRECTION('',(0.,0.,1.));
#2477 = ADVANCED_FACE('',(#2478),#2494,.T.);
#2478 = FACE_BOUND('',#2479,.T.);
#2479 = EDGE_LOOP('',(#2480,#2486,#2487,#2493));
#2480 = ORIENTED_EDGE('',*,*,#2481,.F.);
#2481 = EDGE_CURVE('',#2390,#2430,#2482,.T.);
#2482 = LINE('',#2483,#2484);
#2483 = CARTESIAN_POINT('',(56.5,16.5,11.));
#2484 = VECTOR('',#2485,1.);
#2485 = DIRECTION('',(1.,0.,-0.));
#2486 = ORIENTED_EDGE('',*,*,#2397,.T.);
#2487 = ORIENTED_EDGE('',*,*,#2488,.T.);
#2488 = EDGE_CURVE('',#2398,#2438,#2489,.T.);
#2489 = LINE('',#2490,#2491);
#2490 = CARTESIAN_POINT('',(56.5,16.5,13.));
#2491 = VECTOR('',#2492,1.);
#2492 = DIRECTION('',(1.,0.,-0.));
#2493 = ORIENTED_EDGE('',*,*,#2437,.F.);
#2494 = PLANE('',#2495);
#2495 = AXIS2_PLACEMENT_3D('',#2496,#2497,#2498);
#2496 = CARTESIAN_POINT('',(56.5,16.5,11.));
#2497 = DIRECTION('',(-0.,1.,0.));
#2498 = DIRECTION('',(0.,0.,1.));
#2499 = ADVANCED_FACE('',(#2500),#2506,.F.);
#2500 = FACE_BOUND('',#2501,.F.);
#2501 = EDGE_LOOP('',(#2502,#2503,#2504,#2505));
#2502 = ORIENTED_EDGE('',*,*,#2389,.F.);
#2503 = ORIENTED_EDGE('',*,*,#2459,.T.);
#2504 = ORIENTED_EDGE('',*,*,#2429,.T.);
#2505 = ORIENTED_EDGE('',*,*,#2481,.F.);
#2506 = PLANE('',#2507);
#2507 = AXIS2_PLACEMENT_3D('',#2508,#2509,#2510);
#2508 = CARTESIAN_POINT('',(56.5,13.5,11.));
#2509 = DIRECTION('',(0.,0.,1.));
#2510 = DIRECTION('',(1.,0.,-0.));
#2511 = ADVANCED_FACE('',(#2512),#2518,.T.);
#2512 = FACE_BOUND('',#2513,.T.);
#2513 = EDGE_LOOP('',(#2514,#2515,#2516,#2517));
#2514 = ORIENTED_EDGE('',*,*,#2405,.F.);
#2515 = ORIENTED_EDGE('',*,*,#2466,.T.);
#2516 = ORIENTED_EDGE('',*,*,#2445,.T.);
#2517 = ORIENTED_EDGE('',*,*,#2488,.F.);
#2518 = PLANE('',#2519);
#2519 = AXIS2_PLACEMENT_3D('',#2520,#2521,#2522);
#2520 = CARTESIAN_POINT('',(56.5,13.5,13.));
#2521 = DIRECTION('',(0.,0.,1.));
#2522 = DIRECTION('',(1.,0.,-0.));
#2523 = ( GEOMETRIC_REPRESENTATION_CONTEXT(3) 
GLOBAL_UNCERTAINTY_ASSIGNED_CONTEXT((#2527)) 
GLOBAL_UNIT_ASSIGNED_CONTEXT((#2524,#2525,#2526)) REPRESENTATION_CONTEXT
('Context #1','3D Context with UNIT and UNCERTAINTY') );
#2524 = ( LENGTH_UNIT() NAMED_UNIT(*) SI_UNIT(.MILLI.,.METRE.) );
#2525 = ( NAMED_UNIT(*) PLANE_ANGLE_UNIT() SI_UNIT($,.RADIAN.) );
#2526 = ( NAMED_UNIT(*) SI_UNIT($,.STERADIAN.) SOLID_ANGLE_UNIT() );
#2527 = UNCERTAINTY_MEASURE_WITH_UNIT(LENGTH_MEASURE(1.E-07),#2524,
  'distance_accuracy_value','confusion accuracy');
#2528 = CONTEXT_DEPENDENT_SHAPE_REPRESENTATION(#2529,#2531);
#2529 = ( REPRESENTATION_RELATIONSHIP('','',#2372,#10) 
REPRESENTATION_RELATIONSHIP_WITH_TRANSFORMATION(#2530) 
SHAPE_REPRESENTATION_RELATIONSHIP() );
#2530 = ITEM_DEFINED_TRANSFORMATION('','',#11,#55);
#2531 = PRODUCT_DEFINITION_SHAPE('Placement','Placement of an item',
  #2532);
#2532 = NEXT_ASSEMBLY_USAGE_OCCURRENCE('32','inlet_valve','',#5,#2367,$
  );
#2533 = PRODUCT_RELATED_PRODUCT_CATEGORY('part',$,(#2369));
#2534 = SHAPE_DEFINITION_REPRESENTATION(#2535,#2541);
#2535 = PRODUCT_DEFINITION_SHAPE('','',#2536);
#2536 = PRODUCT_DEFINITION('design','',#2537,#2540);
#2537 = PRODUCT_DEFINITION_FORMATION('','',#2538);
#2538 = PRODUCT('outlet_valve','outlet_valve','',(#2539));
#2539 = PRODUCT_CONTEXT('',#2,'mechanical');
#2540 = PRODUCT_DEFINITION_CONTEXT('part definition',#2,'design');
#2541 = ADVANCED_BREP_SHAPE_REPRESENTATION('',(#11,#2542),#2692);
#2542 = MANIFOLD_SOLID_BREP('',#2543);
#2543 = CLOSED_SHELL('',(#2544,#2584,#2624,#2646,#2668,#2680));
#2544 = ADVANCED_FACE('',(#2545),#2579,.F.);
#2545 = FACE_BOUND('',#2546,.F.);
#2546 = EDGE_LOOP('',(#2547,#2557,#2565,#2573));
#2547 = ORIENTED_EDGE('',*,*,#2548,.F.);
#2548 = EDGE_CURVE('',#2549,#2551,#2553,.T.);
#2549 = VERTEX_POINT('',#2550);
#2550 = CARTESIAN_POINT('',(56.5,13.5,17.));
#2551 = VERTEX_POINT('',#2552);
#2552 = CARTESIAN_POINT('',(56.5,13.5,19.));
#2553 = LINE('',#2554,#2555);
#2554 = CARTESIAN_POINT('',(56.5,13.5,17.));
#2555 = VECTOR('',#2556,1.);
#2556 = DIRECTION('',(0.,0.,1.));
#2557 = ORIENTED_EDGE('',*,*,#2558,.T.);
#2558 = EDGE_CURVE('',#2549,#2559,#2561,.T.);
#2559 = VERTEX_POINT('',#2560);
#2560 = CARTESIAN_POINT('',(56.5,16.5,17.));
#2561 = LINE('',#2562,#2563);
#2562 = CARTESIAN_POINT('',(56.5,13.5,17.));
#2563 = VECTOR('',#2564,1.);
#2564 = DIRECTION('',(-0.,1.,0.));
#2565 = ORIENTED_EDGE('',*,*,#2566,.T.);
#2566 = EDGE_CURVE('',#2559,#2567,#2569,.T.);
#2567 = VERTEX_POINT('',#2568);
#2568 = CARTESIAN_POINT('',(56.5,16.5,19.));
#2569 = LINE('',#2570,#2571);
#2570 = CARTESIAN_POINT('',(56.5,16.5,17.));
#2571 = VECTOR('',#2572,1.);
#2572 = DIRECTION('',(0.,0.,1.));
#2573 = ORIENTED_EDGE('',*,*,#2574,.F.);
#2574 = EDGE_CURVE('',#2551,#2567,#2575,.T.);
#2575 = LINE('',#2576,#2577);
#2576 = CARTESIAN_POINT('',(56.5,13.5,19.));
#2577 = VECTOR('',#2578,1.);
#2578 = DIRECTION('',(-0.,1.,0.));
#2579 = PLANE('',#2580);
#2580 = AXIS2_PLACEMENT_3D('',#2581,#2582,#2583);
#2581 = CARTESIAN_POINT('',(56.5,13.5,17.));
#2582 = DIRECTION('',(1.,0.,-0.));
#2583 = DIRECTION('',(0.,0.,1.));
#2584 = ADVANCED_FACE('',(#2585),#2619,.T.);
#2585 = FACE_BOUND('',#2586,.T.);
#2586 = EDGE_LOOP('',(#2587,#2597,#2605,#2613));
#2587 = ORIENTED_EDGE('',*,*,#2588,.F.);
#2588 = EDGE_CURVE('',#2589,#2591,#2593,.T.);
#2589 = VERTEX_POINT('',#2590);
#2590 = CARTESIAN_POINT('',(58.,13.5,17.));
#2591 = VERTEX_POINT('',#2592);
#2592 = CARTESIAN_POINT('',(58.,13.5,19.));
#2593 = LINE('',#2594,#2595);
#2594 = CARTESIAN_POINT('',(58.,13.5,17.));
#2595 = VECTOR('',#2596,1.);
#2596 = DIRECTION('',(0.,0.,1.));
#2597 = ORIENTED_EDGE('',*,*,#2598,.T.);
#2598 = EDGE_CURVE('',#2589,#2599,#2601,.T.);
#2599 = VERTEX_POINT('',#2600);
#2600 = CARTESIAN_POINT('',(58.,16.5,17.));
#2601 = LINE('',#2602,#2603);
#2602 = CARTESIAN_POINT('',(58.,13.5,17.));
#2603 = VECTOR('',#2604,1.);
#2604 = DIRECTION('',(-0.,1.,0.));
#2605 = ORIENTED_EDGE('',*,*,#2606,.T.);
#2606 = EDGE_CURVE('',#2599,#2607,#2609,.T.);
#2607 = VERTEX_POINT('',#2608);
#2608 = CARTESIAN_POINT('',(58.,16.5,19.));
#2609 = LINE('',#2610,#2611);
#2610 = CARTESIAN_POINT('',(58.,16.5,17.));
#2611 = VECTOR('',#2612,1.);
#2612 = DIRECTION('',(0.,0.,1.));
#2613 = ORIENTED_EDGE('',*,*,#2614,.F.);
#2614 = EDGE_CURVE('',#2591,#2607,#2615,.T.);
#2615 = LINE('',#2616,#2617);
#2616 = CARTESIAN_POINT('',(58.,13.5,19.));
#2617 = VECTOR('',#2618,1.);
#2618 = DIRECTION('',(-0.,1.,0.));
#2619 = PLANE('',#2620);
#2620 = AXIS2_PLACEMENT_3D('',#2621,#2622,#2623);
#2621 = CARTESIAN_POINT('',(58.,13.5,17.));
#2622 = DIRECTION('',(1.,0.,-0.));
#2623 = DIRECTION('',(0.,0.,1.));
#2624 = ADVANCED_FACE('',(#2625),#2641,.F.);
#2625 = FACE_BOUND('',#2626,.F.);
#2626 = EDGE_LOOP('',(#2627,#2633,#2634,#2640));
#2627 = ORIENTED_EDGE('',*,*,#2628,.F.);
#2628 = EDGE_CURVE('',#2549,#2589,#2629,.T.);
#2629 = LINE('',#2630,#2631);
#2630 = CARTESIAN_POINT('',(56.5,13.5,17.));
#2631 = VECTOR('',#2632,1.);
#2632 = DIRECTION('',(1.,0.,-0.));
#2633 = ORIENTED_EDGE('',*,*,#2548,.T.);
#2634 = ORIENTED_EDGE('',*,*,#2635,.T.);
#2635 = EDGE_CURVE('',#2551,#2591,#2636,.T.);
#2636 = LINE('',#2637,#2638);
#2637 = CARTESIAN_POINT('',(56.5,13.5,19.));
#2638 = VECTOR('',#2639,1.);
#2639 = DIRECTION('',(1.,0.,-0.));
#2640 = ORIENTED_EDGE('',*,*,#2588,.F.);
#2641 = PLANE('',#2642);
#2642 = AXIS2_PLACEMENT_3D('',#2643,#2644,#2645);
#2643 = CARTESIAN_POINT('',(56.5,13.5,17.));
#2644 = DIRECTION('',(-0.,1.,0.));
#2645 = DIRECTION('',(0.,0.,1.));
#2646 = ADVANCED_FACE('',(#2647),#2663,.T.);
#2647 = FACE_BOUND('',#2648,.T.);
#2648 = EDGE_LOOP('',(#2649,#2655,#2656,#2662));
#2649 = ORIENTED_EDGE('',*,*,#2650,.F.);
#2650 = EDGE_CURVE('',#2559,#2599,#2651,.T.);
#2651 = LINE('',#2652,#2653);
#2652 = CARTESIAN_POINT('',(56.5,16.5,17.));
#2653 = VECTOR('',#2654,1.);
#2654 = DIRECTION('',(1.,0.,-0.));
#2655 = ORIENTED_EDGE('',*,*,#2566,.T.);
#2656 = ORIENTED_EDGE('',*,*,#2657,.T.);
#2657 = EDGE_CURVE('',#2567,#2607,#2658,.T.);
#2658 = LINE('',#2659,#2660);
#2659 = CARTESIAN_POINT('',(56.5,16.5,19.));
#2660 = VECTOR('',#2661,1.);
#2661 = DIRECTION('',(1.,0.,-0.));
#2662 = ORIENTED_EDGE('',*,*,#2606,.F.);
#2663 = PLANE('',#2664);
#2664 = AXIS2_PLACEMENT_3D('',#2665,#2666,#2667);
#2665 = CARTESIAN_POINT('',(56.5,16.5,17.));
#2666 = DIRECTION('',(-0.,1.,0.));
#2667 = DIRECTION('',(0.,0.,1.));
#2668 = ADVANCED_FACE('',(#2669),#2675,.F.);
#2669 = FACE_BOUND('',#2670,.F.);
#2670 = EDGE_LOOP('',(#2671,#2672,#2673,#2674));
#2671 = ORIENTED_EDGE('',*,*,#2558,.F.);
#2672 = ORIENTED_EDGE('',*,*,#2628,.T.);
#2673 = ORIENTED_EDGE('',*,*,#2598,.T.);
#2674 = ORIENTED_EDGE('',*,*,#2650,.F.);
#2675 = PLANE('',#2676);
#2676 = AXIS2_PLACEMENT_3D('',#2677,#2678,#2679);
#2677 = CARTESIAN_POINT('',(56.5,13.5,17.));
#2678 = DIRECTION('',(0.,0.,1.));
#2679 = DIRECTION('',(1.,0.,-0.));
#2680 = ADVANCED_FACE('',(#2681),#2687,.T.);
#2681 = FACE_BOUND('',#2682,.T.);
#2682 = EDGE_LOOP('',(#2683,#2684,#2685,#2686));
#2683 = ORIENTED_EDGE('',*,*,#2574,.F.);
#2684 = ORIENTED_EDGE('',*,*,#2635,.T.);
#2685 = ORIENTED_EDGE('',*,*,#2614,.T.);
#2686 = ORIENTED_EDGE('',*,*,#2657,.F.);
#2687 = PLANE('',#2688);
#2688 = AXIS2_PLACEMENT_3D('',#2689,#2690,#2691);
#2689 = CARTESIAN_POINT('',(56.5,13.5,19.));
#2690 = DIRECTION('',(0.,0.,1.));
#2691 = DIRECTION('',(1.,0.,-0.));
#2692 = ( GEOMETRIC_REPRESENTATION_CONTEXT(3) 
GLOBAL_UNCERTAINTY_ASSIGNED_CONTEXT((#2696)) 
GLOBAL_UNIT_ASSIGNED_CONTEXT((#2693,#2694,#2695)) REPRESENTATION_CONTEXT
('Context #1','3D Context with UNIT and UNCERTAINTY') );
#2693 = ( LENGTH_UNIT() NAMED_UNIT(*) SI_UNIT(.MILLI.,.METRE.) );
#2694 = ( NAMED_UNIT(*) PLANE_ANGLE_UNIT() SI_UNIT($,.RADIAN.) );
#2695 = ( NAMED_UNIT(*) SI_UNIT($,.STERADIAN.) SOLID_ANGLE_UNIT() );
#2696 = UNCERTAINTY_MEASURE_WITH_UNIT(LENGTH_MEASURE(1.E-07),#2693,
  'distance_accuracy_value','confusion accuracy');
#2697 = CONTEXT_DEPENDENT_SHAPE_REPRESENTATION(#2698,#2700);
#2698 = ( REPRESENTATION_RELATIONSHIP('','',#2541,#10) 
REPRESENTATION_RELATIONSHIP_WITH_TRANSFORMATION(#2699) 
SHAPE_REPRESENTATION_RELATIONSHIP() );
#2699 = ITEM_DEFINED_TRANSFORMATION('','',#11,#59);
#2700 = PRODUCT_DEFINITION_SHAPE('Placement','Placement of an item',
  #2701);
#2701 = NEXT_ASSEMBLY_USAGE_OCCURRENCE('33','outlet_valve','',#5,#2536,$
  );
#2702 = PRODUCT_RELATED_PRODUCT_CATEGORY('part',$,(#2538));
ENDSEC;
END-ISO-10303-21;
