ISO-10303-21;
HEADER;
FILE_DESCRIPTION(('FreeCAD Model'),'2;1');
FILE_NAME('Open CASCADE Shape Model','2026-10-06T09:20:30',(''),(''),
  'Open CASCADE STEP processor 7.8','FreeCAD','Unknown');
FILE_SCHEMA(('AUTOMOTIVE_DESIGN { 1 0 10303 214 1 1 1 1 }'));
ENDSEC;
DATA;
#1 = APPLICATION_PROTOCOL_DEFINITION('international standard',
  'automotive_design',2000,#2);
#2 = APPLICATION_CONTEXT(
  'core data for automotive mechanical design processes');
#3 = SHAPE_DEFINITION_REPRESENTATION(#4,#10);
#4 = PRODUCT_DEFINITION_SHAPE('','',#5);
#5 = PRODUCT_DEFINITION('design','',#6,#9);
#6 = PRODUCT_DEFINITION_FORMATION('','',#7);
#7 = PRODUCT('drag_chain','drag_chain','',(#8));
#8 = PRODUCT_CONTEXT('',#2,'mechanical');
#9 = PRODUCT_DEFINITION_CONTEXT('part definition',#2,'design');
#10 = SHAPE_REPRESENTATION('',(#11,#15,#19,#23,#27,#31,#35,#39,#43,#47,
    #51,#55,#59,#63,#67,#71,#75,#79,#83,#87,#91,#95,#99,#103,#107,#111,
    #115,#119,#123,#127,#131,#135),#139);
#11 = AXIS2_PLACEMENT_3D('',#12,#13,#14);
#12 = CARTESIAN_POINT('',(0.,0.,0.));
#13 = DIRECTION('',(0.,0.,1.));
#14 = DIRECTION('',(1.,0.,-0.));
#15 = AXIS2_PLACEMENT_3D('',#16,#17,#18);
#16 = CARTESIAN_POINT('',(0.,0.,454.41379310344));
#17 = DIRECTION('',(1.,-0.,2.22044604925E-16));
#18 = DIRECTION('',(2.22044604925E-16,0.,-1.));
#19 = AXIS2_PLACEMENT_3D('',#20,#21,#22);
#20 = CARTESIAN_POINT('',(0.,0.,439.24137931034));
#21 = DIRECTION('',(1.,-0.,2.22044604925E-16));
#22 = DIRECTION('',(2.22044604925E-16,0.,-1.));
#23 = AXIS2_PLACEMENT_3D('',#24,#25,#26);
#24 = CARTESIAN_POINT('',(0.,0.,424.06896551724));
#25 = DIRECTION('',(1.,-0.,2.22044604925E-16));
#26 = DIRECTION('',(2.22044604925E-16,0.,-1.));
#27 = AXIS2_PLACEMENT_3D('',#28,#29,#30);
#28 = CARTESIAN_POINT('',(0.,0.,408.89655172413));
#29 = DIRECTION('',(1.,-0.,2.22044604925E-16));
#30 = DIRECTION('',(2.22044604925E-16,0.,-1.));
#31 = AXIS2_PLACEMENT_3D('',#32,#33,#34);
#32 = CARTESIAN_POINT('',(0.,0.,393.72413793103));
#33 = DIRECTION('',(1.,-0.,2.22044604925E-16));
#34 = DIRECTION('',(2.22044604925E-16,0.,-1.));
#35 = AXIS2_PLACEMENT_3D('',#36,#37,#38);
#36 = CARTESIAN_POINT('',(0.,0.,378.55172413793));
#37 = DIRECTION('',(1.,-0.,2.22044604925E-16));
#38 = DIRECTION('',(2.22044604925E-16,0.,-1.));
#39 = AXIS2_PLACEMENT_3D('',#40,#41,#42);
#40 = CARTESIAN_POINT('',(0.,0.,363.37931034482));
#41 = DIRECTION('',(1.,-0.,2.22044604925E-16));
#42 = DIRECTION('',(2.22044604925E-16,0.,-1.));
#43 = AXIS2_PLACEMENT_3D('',#44,#45,#46);
#44 = CARTESIAN_POINT('',(0.,0.,348.20689655172));
#45 = DIRECTION('',(1.,-0.,2.22044604925E-16));
#46 = DIRECTION('',(2.22044604925E-16,0.,-1.));
#47 = AXIS2_PLACEMENT_3D('',#48,#49,#50);
#48 = CARTESIAN_POINT('',(0.,0.,333.03448275862));
#49 = DIRECTION('',(1.,-0.,2.22044604925E-16));
#50 = DIRECTION('',(2.22044604925E-16,0.,-1.));
#51 = AXIS2_PLACEMENT_3D('',#52,#53,#54);
#52 = CARTESIAN_POINT('',(0.,0.,317.86206896551));
#53 = DIRECTION('',(1.,-0.,2.22044604925E-16));
#54 = DIRECTION('',(2.22044604925E-16,0.,-1.));
#55 = AXIS2_PLACEMENT_3D('',#56,#57,#58);
#56 = CARTESIAN_POINT('',(0.,0.,302.68965517241));
#57 = DIRECTION('',(1.,-0.,2.22044604925E-16));
#58 = DIRECTION('',(2.22044604925E-16,0.,-1.));
#59 = AXIS2_PLACEMENT_3D('',#60,#61,#62);
#60 = CARTESIAN_POINT('',(0.,0.,287.51724137931));
#61 = DIRECTION('',(1.,-0.,2.22044604925E-16));
#62 = DIRECTION('',(2.22044604925E-16,0.,-1.));
#63 = AXIS2_PLACEMENT_3D('',#64,#65,#66);
#64 = CARTESIAN_POINT('',(0.,0.,272.3448275862));
#65 = DIRECTION('',(1.,-0.,2.22044604925E-16));
#66 = DIRECTION('',(2.22044604925E-16,0.,-1.));
#67 = AXIS2_PLACEMENT_3D('',#68,#69,#70);
#68 = CARTESIAN_POINT('',(0.,0.,257.1724137931));
#69 = DIRECTION('',(1.,-0.,2.22044604925E-16));
#70 = DIRECTION('',(2.22044604925E-16,0.,-1.));
#71 = AXIS2_PLACEMENT_3D('',#72,#73,#74);
#72 = CARTESIAN_POINT('',(0.,0.,242.));
#73 = DIRECTION('',(1.,-0.,2.22044604925E-16));
#74 = DIRECTION('',(2.22044604925E-16,0.,-1.));
#75 = AXIS2_PLACEMENT_3D('',#76,#77,#78);
#76 = CARTESIAN_POINT('',(0.,0.,226.82758620689));
#77 = DIRECTION('',(1.,-0.,2.22044604925E-16));
#78 = DIRECTION('',(2.22044604925E-16,0.,-1.));
#79 = AXIS2_PLACEMENT_3D('',#80,#81,#82);
#80 = CARTESIAN_POINT('',(0.,0.,211.65517241379));
#81 = DIRECTION('',(1.,-0.,2.22044604925E-16));
#82 = DIRECTION('',(2.22044604925E-16,0.,-1.));
#83 = AXIS2_PLACEMENT_3D('',#84,#85,#86);
#84 = CARTESIAN_POINT('',(0.,0.,196.48275862069));
#85 = DIRECTION('',(1.,-0.,2.22044604925E-16));
#86 = DIRECTION('',(2.22044604925E-16,0.,-1.));
#87 = AXIS2_PLACEMENT_3D('',#88,#89,#90);
#88 = CARTESIAN_POINT('',(0.,0.,181.31034482758));
#89 = DIRECTION('',(1.,-0.,2.22044604925E-16));
#90 = DIRECTION('',(2.22044604925E-16,0.,-1.));
#91 = AXIS2_PLACEMENT_3D('',#92,#93,#94);
#92 = CARTESIAN_POINT('',(4.081792079085E-02,0.,166.13880057148));
#93 = DIRECTION('',(0.99795910396,-0.,6.385629822062E-02));
#94 = DIRECTION('',(6.385629822062E-02,0.,-0.99795910396));
#95 = AXIS2_PLACEMENT_3D('',#96,#97,#98);
#96 = CARTESIAN_POINT('',(6.392475700424,0.,152.75866613579));
#97 = DIRECTION('',(0.680376214979,-0.,0.732863020005));
#98 = DIRECTION('',(0.732863020005,0.,-0.680376214979));
#99 = AXIS2_PLACEMENT_3D('',#100,#101,#102);
#100 = CARTESIAN_POINT('',(20.206892861556,0.,147.41699668093));
#101 = DIRECTION('',(-1.034464307778E-02,-0.,0.999946492748));
#102 = DIRECTION('',(0.999946492748,0.,1.034464307778E-02));
#103 = AXIS2_PLACEMENT_3D('',#104,#105,#106);
#104 = CARTESIAN_POINT('',(33.907844001275,0.,153.04331803096));
#105 = DIRECTION('',(-0.695392200064,-0.,0.718630425247));
#106 = DIRECTION('',(0.718630425247,0.,0.695392200064));
#107 = AXIS2_PLACEMENT_3D('',#108,#109,#110);
#108 = CARTESIAN_POINT('',(39.9813317603,0.,166.55199304029));
#109 = DIRECTION('',(-0.999066588015,-0.,4.319667478029E-02));
#110 = DIRECTION('',(4.319667478029E-02,0.,0.999066588015));
#111 = AXIS2_PLACEMENT_3D('',#112,#113,#114);
#112 = CARTESIAN_POINT('',(40.,0.,181.72413793103));
#113 = DIRECTION('',(-1.,-0.,2.22044604925E-16));
#114 = DIRECTION('',(2.22044604925E-16,0.,1.));
#115 = AXIS2_PLACEMENT_3D('',#116,#117,#118);
#116 = CARTESIAN_POINT('',(40.,0.,196.89655172413));
#117 = DIRECTION('',(-1.,-0.,2.22044604925E-16));
#118 = DIRECTION('',(2.22044604925E-16,0.,1.));
#119 = AXIS2_PLACEMENT_3D('',#120,#121,#122);
#120 = CARTESIAN_POINT('',(40.,0.,212.06896551724));
#121 = DIRECTION('',(-1.,-0.,2.22044604925E-16));
#122 = DIRECTION('',(2.22044604925E-16,0.,1.));
#123 = AXIS2_PLACEMENT_3D('',#124,#125,#126);
#124 = CARTESIAN_POINT('',(40.,0.,227.24137931034));
#125 = DIRECTION('',(-1.,-0.,2.22044604925E-16));
#126 = DIRECTION('',(2.22044604925E-16,0.,1.));
#127 = AXIS2_PLACEMENT_3D('',#128,#129,#130);
#128 = CARTESIAN_POINT('',(40.,0.,242.41379310344));
#129 = DIRECTION('',(-1.,-0.,2.22044604925E-16));
#130 = DIRECTION('',(2.22044604925E-16,0.,1.));
#131 = AXIS2_PLACEMENT_3D('',#132,#133,#134);
#132 = CARTESIAN_POINT('',(0.,0.,0.));
#133 = DIRECTION('',(0.,0.,1.));
#134 = DIRECTION('',(1.,0.,0.));
#135 = AXIS2_PLACEMENT_3D('',#136,#137,#138);
#136 = CARTESIAN_POINT('',(0.,0.,0.));
#137 = DIRECTION('',(0.,0.,1.));
#138 = DIRECTION('',(1.,0.,0.));
#139 = ( GEOMETRIC_REPRESENTATION_CONTEXT(3) 
GLOBAL_UNCERTAINTY_ASSIGNED_CONTEXT((#143)) GLOBAL_UNIT_ASSIGNED_CONTEXT
((#140,#141,#142)) REPRESENTATION_CONTEXT('Context #1',
  '3D Context with UNIT and UNCERTAINTY') );
#140 = ( LENGTH_UNIT() NAMED_UNIT(*) SI_UNIT(.MILLI.,.METRE.) );
#141 = ( NAMED_UNIT(*) PLANE_ANGLE_UNIT() SI_UNIT($,.RADIAN.) );
#142 = ( NAMED_UNIT(*) SI_UNIT($,.STERADIAN.) SOLID_ANGLE_UNIT() );
#143 = UNCERTAINTY_MEASURE_WITH_UNIT(LENGTH_MEASURE(1.E-07),#140,
  'distance_accuracy_value','confusion accuracy');
#144 = PRODUCT_RELATED_PRODUCT_CATEGORY('part',$,(#7));
#145 = SHAPE_DEFINITION_REPRESENTATION(#146,#152);
#146 = PRODUCT_DEFINITION_SHAPE('','',#147);
#147 = PRODUCT_DEFINITION('design','',#148,#151);
#148 = PRODUCT_DEFINITION_FORMATION('','',#149);
#149 = PRODUCT('link_00','link_00','',(#150));
#150 = PRODUCT_CONTEXT('',#2,'mechanical');
#151 = PRODUCT_DEFINITION_CONTEXT('part definition',#2,'design');
#152 = ADVANCED_BREP_SHAPE_REPRESENTATION('',(#11,#153),#883);
#153 = MANIFOLD_SOLID_BREP('',#154);
#154 = CLOSED_SHELL('',(#155,#211,#244,#291,#322,#346,#377,#424,#455,
    #493,#540,#571,#609,#626,#643,#660,#677,#724,#771,#795,#819,#831,
    #851,#871));
#155 = ADVANCED_FACE('',(#156),#206,.T.);
#156 = FACE_BOUND('',#157,.T.);
#157 = EDGE_LOOP('',(#158,#168,#176,#184,#192,#200));
#158 = ORIENTED_EDGE('',*,*,#159,.F.);
#159 = EDGE_CURVE('',#160,#162,#164,.T.);
#160 = VERTEX_POINT('',#161);
#161 = CARTESIAN_POINT('',(-7.586206896552,-12.5,5.));
#162 = VERTEX_POINT('',#163);
#163 = CARTESIAN_POINT('',(-7.586206896552,-11.,5.));
#164 = LINE('',#165,#166);
#165 = CARTESIAN_POINT('',(-7.586206896552,-12.5,5.));
#166 = VECTOR('',#167,1.);
#167 = DIRECTION('',(-0.,1.,0.));
#168 = ORIENTED_EDGE('',*,*,#169,.T.);
#169 = EDGE_CURVE('',#160,#170,#172,.T.);
#170 = VERTEX_POINT('',#171);
#171 = CARTESIAN_POINT('',(7.586206896552,-12.5,5.));
#172 = LINE('',#173,#174);
#173 = CARTESIAN_POINT('',(-7.586206896552,-12.5,5.));
#174 = VECTOR('',#175,1.);
#175 = DIRECTION('',(1.,0.,-0.));
#176 = ORIENTED_EDGE('',*,*,#177,.T.);
#177 = EDGE_CURVE('',#170,#178,#180,.T.);
#178 = VERTEX_POINT('',#179);
#179 = CARTESIAN_POINT('',(7.586206896552,-11.,5.));
#180 = LINE('',#181,#182);
#181 = CARTESIAN_POINT('',(7.586206896552,-12.5,5.));
#182 = VECTOR('',#183,1.);
#183 = DIRECTION('',(-0.,1.,0.));
#184 = ORIENTED_EDGE('',*,*,#185,.F.);
#185 = EDGE_CURVE('',#186,#178,#188,.T.);
#186 = VERTEX_POINT('',#187);
#187 = CARTESIAN_POINT('',(1.5,-11.,5.));
#188 = LINE('',#189,#190);
#189 = CARTESIAN_POINT('',(-7.586206896552,-11.,5.));
#190 = VECTOR('',#191,1.);
#191 = DIRECTION('',(1.,0.,-0.));
#192 = ORIENTED_EDGE('',*,*,#193,.F.);
#193 = EDGE_CURVE('',#194,#186,#196,.T.);
#194 = VERTEX_POINT('',#195);
#195 = CARTESIAN_POINT('',(-1.5,-11.,5.));
#196 = LINE('',#197,#198);
#197 = CARTESIAN_POINT('',(-7.586206896552,-11.,5.));
#198 = VECTOR('',#199,1.);
#199 = DIRECTION('',(1.,0.,-0.));
#200 = ORIENTED_EDGE('',*,*,#201,.F.);
#201 = EDGE_CURVE('',#162,#194,#202,.T.);
#202 = LINE('',#203,#204);
#203 = CARTESIAN_POINT('',(-7.586206896552,-11.,5.));
#204 = VECTOR('',#205,1.);
#205 = DIRECTION('',(1.,0.,-0.));
#206 = PLANE('',#207);
#207 = AXIS2_PLACEMENT_3D('',#208,#209,#210);
#208 = CARTESIAN_POINT('',(-7.586206896552,-12.5,5.));
#209 = DIRECTION('',(0.,0.,1.));
#210 = DIRECTION('',(1.,0.,-0.));
#211 = ADVANCED_FACE('',(#212),#239,.T.);
#212 = FACE_BOUND('',#213,.T.);
#213 = EDGE_LOOP('',(#214,#215,#224,#232));
#214 = ORIENTED_EDGE('',*,*,#159,.T.);
#215 = ORIENTED_EDGE('',*,*,#216,.F.);
#216 = EDGE_CURVE('',#217,#162,#219,.T.);
#217 = VERTEX_POINT('',#218);
#218 = CARTESIAN_POINT('',(-7.586206896552,-11.,-5.));
#219 = CIRCLE('',#220,5.);
#220 = AXIS2_PLACEMENT_3D('',#221,#222,#223);
#221 = CARTESIAN_POINT('',(-7.586206896552,-11.,0.));
#222 = DIRECTION('',(0.,1.,0.));
#223 = DIRECTION('',(0.,-0.,1.));
#224 = ORIENTED_EDGE('',*,*,#225,.F.);
#225 = EDGE_CURVE('',#226,#217,#228,.T.);
#226 = VERTEX_POINT('',#227);
#227 = CARTESIAN_POINT('',(-7.586206896552,-12.5,-5.));
#228 = LINE('',#229,#230);
#229 = CARTESIAN_POINT('',(-7.586206896552,-12.5,-5.));
#230 = VECTOR('',#231,1.);
#231 = DIRECTION('',(-0.,1.,0.));
#232 = ORIENTED_EDGE('',*,*,#233,.T.);
#233 = EDGE_CURVE('',#226,#160,#234,.T.);
#234 = CIRCLE('',#235,5.);
#235 = AXIS2_PLACEMENT_3D('',#236,#237,#238);
#236 = CARTESIAN_POINT('',(-7.586206896552,-12.5,0.));
#237 = DIRECTION('',(0.,1.,0.));
#238 = DIRECTION('',(0.,-0.,1.));
#239 = CYLINDRICAL_SURFACE('',#240,5.);
#240 = AXIS2_PLACEMENT_3D('',#241,#242,#243);
#241 = CARTESIAN_POINT('',(-7.586206896552,-12.5,0.));
#242 = DIRECTION('',(0.,1.,0.));
#243 = DIRECTION('',(0.,-0.,1.));
#244 = ADVANCED_FACE('',(#245),#286,.F.);
#245 = FACE_BOUND('',#246,.F.);
#246 = EDGE_LOOP('',(#247,#248,#256,#264,#272,#280));
#247 = ORIENTED_EDGE('',*,*,#225,.F.);
#248 = ORIENTED_EDGE('',*,*,#249,.T.);
#249 = EDGE_CURVE('',#226,#250,#252,.T.);
#250 = VERTEX_POINT('',#251);
#251 = CARTESIAN_POINT('',(7.586206896552,-12.5,-5.));
#252 = LINE('',#253,#254);
#253 = CARTESIAN_POINT('',(-7.586206896552,-12.5,-5.));
#254 = VECTOR('',#255,1.);
#255 = DIRECTION('',(1.,0.,-0.));
#256 = ORIENTED_EDGE('',*,*,#257,.T.);
#257 = EDGE_CURVE('',#250,#258,#260,.T.);
#258 = VERTEX_POINT('',#259);
#259 = CARTESIAN_POINT('',(7.586206896552,-11.,-5.));
#260 = LINE('',#261,#262);
#261 = CARTESIAN_POINT('',(7.586206896552,-12.5,-5.));
#262 = VECTOR('',#263,1.);
#263 = DIRECTION('',(-0.,1.,0.));
#264 = ORIENTED_EDGE('',*,*,#265,.F.);
#265 = EDGE_CURVE('',#266,#258,#268,.T.);
#266 = VERTEX_POINT('',#267);
#267 = CARTESIAN_POINT('',(1.5,-11.,-5.));
#268 = LINE('',#269,#270);
#269 = CARTESIAN_POINT('',(-7.586206896552,-11.,-5.));
#270 = VECTOR('',#271,1.);
#271 = DIRECTION('',(1.,0.,-0.));
#272 = ORIENTED_EDGE('',*,*,#273,.F.);
#273 = EDGE_CURVE('',#274,#266,#276,.T.);
#274 = VERTEX_POINT('',#275);
#275 = CARTESIAN_POINT('',(-1.5,-11.,-5.));
#276 = LINE('',#277,#278);
#277 = CARTESIAN_POINT('',(-7.586206896552,-11.,-5.));
#278 = VECTOR('',#279,1.);
#279 = DIRECTION('',(1.,0.,-0.));
#280 = ORIENTED_EDGE('',*,*,#281,.F.);
#281 = EDGE_CURVE('',#217,#274,#282,.T.);
#282 = LINE('',#283,#284);
#283 = CARTESIAN_POINT('',(-7.586206896552,-11.,-5.));
#284 = VECTOR('',#285,1.);
#285 = DIRECTION('',(1.,0.,-0.));
#286 = PLANE('',#287);
#287 = AXIS2_PLACEMENT_3D('',#288,#289,#290);
#288 = CARTESIAN_POINT('',(-7.586206896552,-12.5,-5.));
#289 = DIRECTION('',(0.,0.,1.));
#290 = DIRECTION('',(1.,0.,-0.));
#291 = ADVANCED_FACE('',(#292),#317,.F.);
#292 = FACE_BOUND('',#293,.F.);
#293 = EDGE_LOOP('',(#294,#302,#310,#316));
#294 = ORIENTED_EDGE('',*,*,#295,.F.);
#295 = EDGE_CURVE('',#296,#266,#298,.T.);
#296 = VERTEX_POINT('',#297);
#297 = CARTESIAN_POINT('',(1.5,-11.,-6.));
#298 = LINE('',#299,#300);
#299 = CARTESIAN_POINT('',(1.5,-11.,-6.));
#300 = VECTOR('',#301,1.);
#301 = DIRECTION('',(0.,0.,1.));
#302 = ORIENTED_EDGE('',*,*,#303,.F.);
#303 = EDGE_CURVE('',#304,#296,#306,.T.);
#304 = VERTEX_POINT('',#305);
#305 = CARTESIAN_POINT('',(-1.5,-11.,-6.));
#306 = LINE('',#307,#308);
#307 = CARTESIAN_POINT('',(-1.5,-11.,-6.));
#308 = VECTOR('',#309,1.);
#309 = DIRECTION('',(1.,0.,-0.));
#310 = ORIENTED_EDGE('',*,*,#311,.T.);
#311 = EDGE_CURVE('',#304,#274,#312,.T.);
#312 = LINE('',#313,#314);
#313 = CARTESIAN_POINT('',(-1.5,-11.,-6.));
#314 = VECTOR('',#315,1.);
#315 = DIRECTION('',(0.,0.,1.));
#316 = ORIENTED_EDGE('',*,*,#273,.T.);
#317 = PLANE('',#318);
#318 = AXIS2_PLACEMENT_3D('',#319,#320,#321);
#319 = CARTESIAN_POINT('',(-1.5,-11.,-6.));
#320 = DIRECTION('',(-0.,1.,0.));
#321 = DIRECTION('',(0.,0.,1.));
#322 = ADVANCED_FACE('',(#323),#341,.T.);
#323 = FACE_BOUND('',#324,.T.);
#324 = EDGE_LOOP('',(#325,#332,#333,#340));
#325 = ORIENTED_EDGE('',*,*,#326,.F.);
#326 = EDGE_CURVE('',#178,#258,#327,.T.);
#327 = CIRCLE('',#328,5.);
#328 = AXIS2_PLACEMENT_3D('',#329,#330,#331);
#329 = CARTESIAN_POINT('',(7.586206896552,-11.,0.));
#330 = DIRECTION('',(0.,1.,0.));
#331 = DIRECTION('',(0.,-0.,1.));
#332 = ORIENTED_EDGE('',*,*,#177,.F.);
#333 = ORIENTED_EDGE('',*,*,#334,.T.);
#334 = EDGE_CURVE('',#170,#250,#335,.T.);
#335 = CIRCLE('',#336,5.);
#336 = AXIS2_PLACEMENT_3D('',#337,#338,#339);
#337 = CARTESIAN_POINT('',(7.586206896552,-12.5,0.));
#338 = DIRECTION('',(0.,1.,0.));
#339 = DIRECTION('',(0.,-0.,1.));
#340 = ORIENTED_EDGE('',*,*,#257,.T.);
#341 = CYLINDRICAL_SURFACE('',#342,5.);
#342 = AXIS2_PLACEMENT_3D('',#343,#344,#345);
#343 = CARTESIAN_POINT('',(7.586206896552,-12.5,0.));
#344 = DIRECTION('',(0.,1.,0.));
#345 = DIRECTION('',(0.,-0.,1.));
#346 = ADVANCED_FACE('',(#347),#372,.F.);
#347 = FACE_BOUND('',#348,.F.);
#348 = EDGE_LOOP('',(#349,#350,#358,#366));
#349 = ORIENTED_EDGE('',*,*,#193,.F.);
#350 = ORIENTED_EDGE('',*,*,#351,.T.);
#351 = EDGE_CURVE('',#194,#352,#354,.T.);
#352 = VERTEX_POINT('',#353);
#353 = CARTESIAN_POINT('',(-1.5,-11.,6.));
#354 = LINE('',#355,#356);
#355 = CARTESIAN_POINT('',(-1.5,-11.,4.5));
#356 = VECTOR('',#357,1.);
#357 = DIRECTION('',(0.,0.,1.));
#358 = ORIENTED_EDGE('',*,*,#359,.T.);
#359 = EDGE_CURVE('',#352,#360,#362,.T.);
#360 = VERTEX_POINT('',#361);
#361 = CARTESIAN_POINT('',(1.5,-11.,6.));
#362 = LINE('',#363,#364);
#363 = CARTESIAN_POINT('',(-1.5,-11.,6.));
#364 = VECTOR('',#365,1.);
#365 = DIRECTION('',(1.,0.,-0.));
#366 = ORIENTED_EDGE('',*,*,#367,.F.);
#367 = EDGE_CURVE('',#186,#360,#368,.T.);
#368 = LINE('',#369,#370);
#369 = CARTESIAN_POINT('',(1.5,-11.,4.5));
#370 = VECTOR('',#371,1.);
#371 = DIRECTION('',(0.,0.,1.));
#372 = PLANE('',#373);
#373 = AXIS2_PLACEMENT_3D('',#374,#375,#376);
#374 = CARTESIAN_POINT('',(-1.5,-11.,4.5));
#375 = DIRECTION('',(-0.,1.,0.));
#376 = DIRECTION('',(0.,0.,1.));
#377 = ADVANCED_FACE('',(#378),#419,.F.);
#378 = FACE_BOUND('',#379,.F.);
#379 = EDGE_LOOP('',(#380,#381,#389,#397,#405,#413));
#380 = ORIENTED_EDGE('',*,*,#311,.F.);
#381 = ORIENTED_EDGE('',*,*,#382,.T.);
#382 = EDGE_CURVE('',#304,#383,#385,.T.);
#383 = VERTEX_POINT('',#384);
#384 = CARTESIAN_POINT('',(-1.5,11.,-6.));
#385 = LINE('',#386,#387);
#386 = CARTESIAN_POINT('',(-1.5,-11.,-6.));
#387 = VECTOR('',#388,1.);
#388 = DIRECTION('',(-0.,1.,0.));
#389 = ORIENTED_EDGE('',*,*,#390,.T.);
#390 = EDGE_CURVE('',#383,#391,#393,.T.);
#391 = VERTEX_POINT('',#392);
#392 = CARTESIAN_POINT('',(-1.5,11.,-5.));
#393 = LINE('',#394,#395);
#394 = CARTESIAN_POINT('',(-1.5,11.,-6.));
#395 = VECTOR('',#396,1.);
#396 = DIRECTION('',(0.,0.,1.));
#397 = ORIENTED_EDGE('',*,*,#398,.T.);
#398 = EDGE_CURVE('',#391,#399,#401,.T.);
#399 = VERTEX_POINT('',#400);
#400 = CARTESIAN_POINT('',(-1.5,11.,-4.5));
#401 = LINE('',#402,#403);
#402 = CARTESIAN_POINT('',(-1.5,11.,-6.));
#403 = VECTOR('',#404,1.);
#404 = DIRECTION('',(0.,0.,1.));
#405 = ORIENTED_EDGE('',*,*,#406,.F.);
#406 = EDGE_CURVE('',#407,#399,#409,.T.);
#407 = VERTEX_POINT('',#408);
#408 = CARTESIAN_POINT('',(-1.5,-11.,-4.5));
#409 = LINE('',#410,#411);
#410 = CARTESIAN_POINT('',(-1.5,-11.,-4.5));
#411 = VECTOR('',#412,1.);
#412 = DIRECTION('',(-0.,1.,0.));
#413 = ORIENTED_EDGE('',*,*,#414,.F.);
#414 = EDGE_CURVE('',#274,#407,#415,.T.);
#415 = LINE('',#416,#417);
#416 = CARTESIAN_POINT('',(-1.5,-11.,-6.));
#417 = VECTOR('',#418,1.);
#418 = DIRECTION('',(0.,0.,1.));
#419 = PLANE('',#420);
#420 = AXIS2_PLACEMENT_3D('',#421,#422,#423);
#421 = CARTESIAN_POINT('',(-1.5,-11.,-6.));
#422 = DIRECTION('',(1.,0.,-0.));
#423 = DIRECTION('',(0.,0.,1.));
#424 = ADVANCED_FACE('',(#425),#450,.T.);
#425 = FACE_BOUND('',#426,.T.);
#426 = EDGE_LOOP('',(#427,#428,#436,#444));
#427 = ORIENTED_EDGE('',*,*,#406,.F.);
#428 = ORIENTED_EDGE('',*,*,#429,.T.);
#429 = EDGE_CURVE('',#407,#430,#432,.T.);
#430 = VERTEX_POINT('',#431);
#431 = CARTESIAN_POINT('',(1.5,-11.,-4.5));
#432 = LINE('',#433,#434);
#433 = CARTESIAN_POINT('',(-1.5,-11.,-4.5));
#434 = VECTOR('',#435,1.);
#435 = DIRECTION('',(1.,0.,-0.));
#436 = ORIENTED_EDGE('',*,*,#437,.T.);
#437 = EDGE_CURVE('',#430,#438,#440,.T.);
#438 = VERTEX_POINT('',#439);
#439 = CARTESIAN_POINT('',(1.5,11.,-4.5));
#440 = LINE('',#441,#442);
#441 = CARTESIAN_POINT('',(1.5,-11.,-4.5));
#442 = VECTOR('',#443,1.);
#443 = DIRECTION('',(-0.,1.,0.));
#444 = ORIENTED_EDGE('',*,*,#445,.F.);
#445 = EDGE_CURVE('',#399,#438,#446,.T.);
#446 = LINE('',#447,#448);
#447 = CARTESIAN_POINT('',(-1.5,11.,-4.5));
#448 = VECTOR('',#449,1.);
#449 = DIRECTION('',(1.,0.,-0.));
#450 = PLANE('',#451);
#451 = AXIS2_PLACEMENT_3D('',#452,#453,#454);
#452 = CARTESIAN_POINT('',(-1.5,-11.,-4.5));
#453 = DIRECTION('',(0.,0.,1.));
#454 = DIRECTION('',(1.,0.,-0.));
#455 = ADVANCED_FACE('',(#456),#488,.T.);
#456 = FACE_BOUND('',#457,.T.);
#457 = EDGE_LOOP('',(#458,#459,#467,#475,#481,#482));
#458 = ORIENTED_EDGE('',*,*,#295,.F.);
#459 = ORIENTED_EDGE('',*,*,#460,.T.);
#460 = EDGE_CURVE('',#296,#461,#463,.T.);
#461 = VERTEX_POINT('',#462);
#462 = CARTESIAN_POINT('',(1.5,11.,-6.));
#463 = LINE('',#464,#465);
#464 = CARTESIAN_POINT('',(1.5,-11.,-6.));
#465 = VECTOR('',#466,1.);
#466 = DIRECTION('',(-0.,1.,0.));
#467 = ORIENTED_EDGE('',*,*,#468,.T.);
#468 = EDGE_CURVE('',#461,#469,#471,.T.);
#469 = VERTEX_POINT('',#470);
#470 = CARTESIAN_POINT('',(1.5,11.,-5.));
#471 = LINE('',#472,#473);
#472 = CARTESIAN_POINT('',(1.5,11.,-6.));
#473 = VECTOR('',#474,1.);
#474 = DIRECTION('',(0.,0.,1.));
#475 = ORIENTED_EDGE('',*,*,#476,.T.);
#476 = EDGE_CURVE('',#469,#438,#477,.T.);
#477 = LINE('',#478,#479);
#478 = CARTESIAN_POINT('',(1.5,11.,-6.));
#479 = VECTOR('',#480,1.);
#480 = DIRECTION('',(0.,0.,1.));
#481 = ORIENTED_EDGE('',*,*,#437,.F.);
#482 = ORIENTED_EDGE('',*,*,#483,.F.);
#483 = EDGE_CURVE('',#266,#430,#484,.T.);
#484 = LINE('',#485,#486);
#485 = CARTESIAN_POINT('',(1.5,-11.,-6.));
#486 = VECTOR('',#487,1.);
#487 = DIRECTION('',(0.,0.,1.));
#488 = PLANE('',#489);
#489 = AXIS2_PLACEMENT_3D('',#490,#491,#492);
#490 = CARTESIAN_POINT('',(1.5,-11.,-6.));
#491 = DIRECTION('',(1.,0.,-0.));
#492 = DIRECTION('',(0.,0.,1.));
#493 = ADVANCED_FACE('',(#494),#535,.T.);
#494 = FACE_BOUND('',#495,.T.);
#495 = EDGE_LOOP('',(#496,#504,#512,#520,#528,#534));
#496 = ORIENTED_EDGE('',*,*,#497,.F.);
#497 = EDGE_CURVE('',#498,#186,#500,.T.);
#498 = VERTEX_POINT('',#499);
#499 = CARTESIAN_POINT('',(1.5,-11.,4.5));
#500 = LINE('',#501,#502);
#501 = CARTESIAN_POINT('',(1.5,-11.,4.5));
#502 = VECTOR('',#503,1.);
#503 = DIRECTION('',(0.,0.,1.));
#504 = ORIENTED_EDGE('',*,*,#505,.T.);
#505 = EDGE_CURVE('',#498,#506,#508,.T.);
#506 = VERTEX_POINT('',#507);
#507 = CARTESIAN_POINT('',(1.5,11.,4.5));
#508 = LINE('',#509,#510);
#509 = CARTESIAN_POINT('',(1.5,-11.,4.5));
#510 = VECTOR('',#511,1.);
#511 = DIRECTION('',(-0.,1.,0.));
#512 = ORIENTED_EDGE('',*,*,#513,.T.);
#513 = EDGE_CURVE('',#506,#514,#516,.T.);
#514 = VERTEX_POINT('',#515);
#515 = CARTESIAN_POINT('',(1.5,11.,5.));
#516 = LINE('',#517,#518);
#517 = CARTESIAN_POINT('',(1.5,11.,4.5));
#518 = VECTOR('',#519,1.);
#519 = DIRECTION('',(0.,0.,1.));
#520 = ORIENTED_EDGE('',*,*,#521,.T.);
#521 = EDGE_CURVE('',#514,#522,#524,.T.);
#522 = VERTEX_POINT('',#523);
#523 = CARTESIAN_POINT('',(1.5,11.,6.));
#524 = LINE('',#525,#526);
#525 = CARTESIAN_POINT('',(1.5,11.,4.5));
#526 = VECTOR('',#527,1.);
#527 = DIRECTION('',(0.,0.,1.));
#528 = ORIENTED_EDGE('',*,*,#529,.F.);
#529 = EDGE_CURVE('',#360,#522,#530,.T.);
#530 = LINE('',#531,#532);
#531 = CARTESIAN_POINT('',(1.5,-11.,6.));
#532 = VECTOR('',#533,1.);
#533 = DIRECTION('',(-0.,1.,0.));
#534 = ORIENTED_EDGE('',*,*,#367,.F.);
#535 = PLANE('',#536);
#536 = AXIS2_PLACEMENT_3D('',#537,#538,#539);
#537 = CARTESIAN_POINT('',(1.5,-11.,4.5));
#538 = DIRECTION('',(1.,0.,-0.));
#539 = DIRECTION('',(0.,0.,1.));
#540 = ADVANCED_FACE('',(#541),#566,.F.);
#541 = FACE_BOUND('',#542,.F.);
#542 = EDGE_LOOP('',(#543,#553,#559,#560));
#543 = ORIENTED_EDGE('',*,*,#544,.F.);
#544 = EDGE_CURVE('',#545,#547,#549,.T.);
#545 = VERTEX_POINT('',#546);
#546 = CARTESIAN_POINT('',(-1.5,-11.,4.5));
#547 = VERTEX_POINT('',#548);
#548 = CARTESIAN_POINT('',(-1.5,11.,4.5));
#549 = LINE('',#550,#551);
#550 = CARTESIAN_POINT('',(-1.5,-11.,4.5));
#551 = VECTOR('',#552,1.);
#552 = DIRECTION('',(-0.,1.,0.));
#553 = ORIENTED_EDGE('',*,*,#554,.T.);
#554 = EDGE_CURVE('',#545,#498,#555,.T.);
#555 = LINE('',#556,#557);
#556 = CARTESIAN_POINT('',(-1.5,-11.,4.5));
#557 = VECTOR('',#558,1.);
#558 = DIRECTION('',(1.,0.,-0.));
#559 = ORIENTED_EDGE('',*,*,#505,.T.);
#560 = ORIENTED_EDGE('',*,*,#561,.F.);
#561 = EDGE_CURVE('',#547,#506,#562,.T.);
#562 = LINE('',#563,#564);
#563 = CARTESIAN_POINT('',(-1.5,11.,4.5));
#564 = VECTOR('',#565,1.);
#565 = DIRECTION('',(1.,0.,-0.));
#566 = PLANE('',#567);
#567 = AXIS2_PLACEMENT_3D('',#568,#569,#570);
#568 = CARTESIAN_POINT('',(-1.5,-11.,4.5));
#569 = DIRECTION('',(0.,0.,1.));
#570 = DIRECTION('',(1.,0.,-0.));
#571 = ADVANCED_FACE('',(#572),#604,.F.);
#572 = FACE_BOUND('',#573,.F.);
#573 = EDGE_LOOP('',(#574,#580,#581,#589,#597,#603));
#574 = ORIENTED_EDGE('',*,*,#575,.F.);
#575 = EDGE_CURVE('',#545,#194,#576,.T.);
#576 = LINE('',#577,#578);
#577 = CARTESIAN_POINT('',(-1.5,-11.,4.5));
#578 = VECTOR('',#579,1.);
#579 = DIRECTION('',(0.,0.,1.));
#580 = ORIENTED_EDGE('',*,*,#544,.T.);
#581 = ORIENTED_EDGE('',*,*,#582,.T.);
#582 = EDGE_CURVE('',#547,#583,#585,.T.);
#583 = VERTEX_POINT('',#584);
#584 = CARTESIAN_POINT('',(-1.5,11.,5.));
#585 = LINE('',#586,#587);
#586 = CARTESIAN_POINT('',(-1.5,11.,4.5));
#587 = VECTOR('',#588,1.);
#588 = DIRECTION('',(0.,0.,1.));
#589 = ORIENTED_EDGE('',*,*,#590,.T.);
#590 = EDGE_CURVE('',#583,#591,#593,.T.);
#591 = VERTEX_POINT('',#592);
#592 = CARTESIAN_POINT('',(-1.5,11.,6.));
#593 = LINE('',#594,#595);
#594 = CARTESIAN_POINT('',(-1.5,11.,4.5));
#595 = VECTOR('',#596,1.);
#596 = DIRECTION('',(0.,0.,1.));
#597 = ORIENTED_EDGE('',*,*,#598,.F.);
#598 = EDGE_CURVE('',#352,#591,#599,.T.);
#599 = LINE('',#600,#601);
#600 = CARTESIAN_POINT('',(-1.5,-11.,6.));
#601 = VECTOR('',#602,1.);
#602 = DIRECTION('',(-0.,1.,0.));
#603 = ORIENTED_EDGE('',*,*,#351,.F.);
#604 = PLANE('',#605);
#605 = AXIS2_PLACEMENT_3D('',#606,#607,#608);
#606 = CARTESIAN_POINT('',(-1.5,-11.,4.5));
#607 = DIRECTION('',(1.,0.,-0.));
#608 = DIRECTION('',(0.,0.,1.));
#609 = ADVANCED_FACE('',(#610),#621,.F.);
#610 = FACE_BOUND('',#611,.F.);
#611 = EDGE_LOOP('',(#612,#613,#614,#615));
#612 = ORIENTED_EDGE('',*,*,#382,.F.);
#613 = ORIENTED_EDGE('',*,*,#303,.T.);
#614 = ORIENTED_EDGE('',*,*,#460,.T.);
#615 = ORIENTED_EDGE('',*,*,#616,.F.);
#616 = EDGE_CURVE('',#383,#461,#617,.T.);
#617 = LINE('',#618,#619);
#618 = CARTESIAN_POINT('',(-1.5,11.,-6.));
#619 = VECTOR('',#620,1.);
#620 = DIRECTION('',(1.,0.,-0.));
#621 = PLANE('',#622);
#622 = AXIS2_PLACEMENT_3D('',#623,#624,#625);
#623 = CARTESIAN_POINT('',(-1.5,-11.,-6.));
#624 = DIRECTION('',(0.,0.,1.));
#625 = DIRECTION('',(1.,0.,-0.));
#626 = ADVANCED_FACE('',(#627),#638,.T.);
#627 = FACE_BOUND('',#628,.T.);
#628 = EDGE_LOOP('',(#629,#630,#631,#632));
#629 = ORIENTED_EDGE('',*,*,#598,.F.);
#630 = ORIENTED_EDGE('',*,*,#359,.T.);
#631 = ORIENTED_EDGE('',*,*,#529,.T.);
#632 = ORIENTED_EDGE('',*,*,#633,.F.);
#633 = EDGE_CURVE('',#591,#522,#634,.T.);
#634 = LINE('',#635,#636);
#635 = CARTESIAN_POINT('',(-1.5,11.,6.));
#636 = VECTOR('',#637,1.);
#637 = DIRECTION('',(1.,0.,-0.));
#638 = PLANE('',#639);
#639 = AXIS2_PLACEMENT_3D('',#640,#641,#642);
#640 = CARTESIAN_POINT('',(-1.5,-11.,6.));
#641 = DIRECTION('',(0.,0.,1.));
#642 = DIRECTION('',(1.,0.,-0.));
#643 = ADVANCED_FACE('',(#644),#655,.T.);
#644 = FACE_BOUND('',#645,.T.);
#645 = EDGE_LOOP('',(#646,#647,#648,#649));
#646 = ORIENTED_EDGE('',*,*,#468,.F.);
#647 = ORIENTED_EDGE('',*,*,#616,.F.);
#648 = ORIENTED_EDGE('',*,*,#390,.T.);
#649 = ORIENTED_EDGE('',*,*,#650,.T.);
#650 = EDGE_CURVE('',#391,#469,#651,.T.);
#651 = LINE('',#652,#653);
#652 = CARTESIAN_POINT('',(-7.586206896552,11.,-5.));
#653 = VECTOR('',#654,1.);
#654 = DIRECTION('',(1.,0.,-0.));
#655 = PLANE('',#656);
#656 = AXIS2_PLACEMENT_3D('',#657,#658,#659);
#657 = CARTESIAN_POINT('',(-1.5,11.,-6.));
#658 = DIRECTION('',(-0.,1.,0.));
#659 = DIRECTION('',(0.,0.,1.));
#660 = ADVANCED_FACE('',(#661),#672,.T.);
#661 = FACE_BOUND('',#662,.T.);
#662 = EDGE_LOOP('',(#663,#669,#670,#671));
#663 = ORIENTED_EDGE('',*,*,#664,.F.);
#664 = EDGE_CURVE('',#583,#514,#665,.T.);
#665 = LINE('',#666,#667);
#666 = CARTESIAN_POINT('',(-7.586206896552,11.,5.));
#667 = VECTOR('',#668,1.);
#668 = DIRECTION('',(1.,0.,-0.));
#669 = ORIENTED_EDGE('',*,*,#590,.T.);
#670 = ORIENTED_EDGE('',*,*,#633,.T.);
#671 = ORIENTED_EDGE('',*,*,#521,.F.);
#672 = PLANE('',#673);
#673 = AXIS2_PLACEMENT_3D('',#674,#675,#676);
#674 = CARTESIAN_POINT('',(-1.5,11.,4.5));
#675 = DIRECTION('',(-0.,1.,0.));
#676 = DIRECTION('',(0.,0.,1.));
#677 = ADVANCED_FACE('',(#678),#719,.F.);
#678 = FACE_BOUND('',#679,.F.);
#679 = EDGE_LOOP('',(#680,#690,#696,#697,#705,#713));
#680 = ORIENTED_EDGE('',*,*,#681,.F.);
#681 = EDGE_CURVE('',#682,#684,#686,.T.);
#682 = VERTEX_POINT('',#683);
#683 = CARTESIAN_POINT('',(-7.586206896552,11.,-5.));
#684 = VERTEX_POINT('',#685);
#685 = CARTESIAN_POINT('',(-7.586206896552,12.5,-5.));
#686 = LINE('',#687,#688);
#687 = CARTESIAN_POINT('',(-7.586206896552,11.,-5.));
#688 = VECTOR('',#689,1.);
#689 = DIRECTION('',(-0.,1.,0.));
#690 = ORIENTED_EDGE('',*,*,#691,.T.);
#691 = EDGE_CURVE('',#682,#391,#692,.T.);
#692 = LINE('',#693,#694);
#693 = CARTESIAN_POINT('',(-7.586206896552,11.,-5.));
#694 = VECTOR('',#695,1.);
#695 = DIRECTION('',(1.,0.,-0.));
#696 = ORIENTED_EDGE('',*,*,#650,.T.);
#697 = ORIENTED_EDGE('',*,*,#698,.T.);
#698 = EDGE_CURVE('',#469,#699,#701,.T.);
#699 = VERTEX_POINT('',#700);
#700 = CARTESIAN_POINT('',(7.586206896552,11.,-5.));
#701 = LINE('',#702,#703);
#702 = CARTESIAN_POINT('',(-7.586206896552,11.,-5.));
#703 = VECTOR('',#704,1.);
#704 = DIRECTION('',(1.,0.,-0.));
#705 = ORIENTED_EDGE('',*,*,#706,.T.);
#706 = EDGE_CURVE('',#699,#707,#709,.T.);
#707 = VERTEX_POINT('',#708);
#708 = CARTESIAN_POINT('',(7.586206896552,12.5,-5.));
#709 = LINE('',#710,#711);
#710 = CARTESIAN_POINT('',(7.586206896552,11.,-5.));
#711 = VECTOR('',#712,1.);
#712 = DIRECTION('',(-0.,1.,0.));
#713 = ORIENTED_EDGE('',*,*,#714,.F.);
#714 = EDGE_CURVE('',#684,#707,#715,.T.);
#715 = LINE('',#716,#717);
#716 = CARTESIAN_POINT('',(-7.586206896552,12.5,-5.));
#717 = VECTOR('',#718,1.);
#718 = DIRECTION('',(1.,0.,-0.));
#719 = PLANE('',#720);
#720 = AXIS2_PLACEMENT_3D('',#721,#722,#723);
#721 = CARTESIAN_POINT('',(-7.586206896552,11.,-5.));
#722 = DIRECTION('',(0.,0.,1.));
#723 = DIRECTION('',(1.,0.,-0.));
#724 = ADVANCED_FACE('',(#725),#766,.T.);
#725 = FACE_BOUND('',#726,.T.);
#726 = EDGE_LOOP('',(#727,#737,#743,#744,#752,#760));
#727 = ORIENTED_EDGE('',*,*,#728,.F.);
#728 = EDGE_CURVE('',#729,#731,#733,.T.);
#729 = VERTEX_POINT('',#730);
#730 = CARTESIAN_POINT('',(-7.586206896552,11.,5.));
#731 = VERTEX_POINT('',#732);
#732 = CARTESIAN_POINT('',(-7.586206896552,12.5,5.));
#733 = LINE('',#734,#735);
#734 = CARTESIAN_POINT('',(-7.586206896552,11.,5.));
#735 = VECTOR('',#736,1.);
#736 = DIRECTION('',(-0.,1.,0.));
#737 = ORIENTED_EDGE('',*,*,#738,.T.);
#738 = EDGE_CURVE('',#729,#583,#739,.T.);
#739 = LINE('',#740,#741);
#740 = CARTESIAN_POINT('',(-7.586206896552,11.,5.));
#741 = VECTOR('',#742,1.);
#742 = DIRECTION('',(1.,0.,-0.));
#743 = ORIENTED_EDGE('',*,*,#664,.T.);
#744 = ORIENTED_EDGE('',*,*,#745,.T.);
#745 = EDGE_CURVE('',#514,#746,#748,.T.);
#746 = VERTEX_POINT('',#747);
#747 = CARTESIAN_POINT('',(7.586206896552,11.,5.));
#748 = LINE('',#749,#750);
#749 = CARTESIAN_POINT('',(-7.586206896552,11.,5.));
#750 = VECTOR('',#751,1.);
#751 = DIRECTION('',(1.,0.,-0.));
#752 = ORIENTED_EDGE('',*,*,#753,.T.);
#753 = EDGE_CURVE('',#746,#754,#756,.T.);
#754 = VERTEX_POINT('',#755);
#755 = CARTESIAN_POINT('',(7.586206896552,12.5,5.));
#756 = LINE('',#757,#758);
#757 = CARTESIAN_POINT('',(7.586206896552,11.,5.));
#758 = VECTOR('',#759,1.);
#759 = DIRECTION('',(-0.,1.,0.));
#760 = ORIENTED_EDGE('',*,*,#761,.F.);
#761 = EDGE_CURVE('',#731,#754,#762,.T.);
#762 = LINE('',#763,#764);
#763 = CARTESIAN_POINT('',(-7.586206896552,12.5,5.));
#764 = VECTOR('',#765,1.);
#765 = DIRECTION('',(1.,0.,-0.));
#766 = PLANE('',#767);
#767 = AXIS2_PLACEMENT_3D('',#768,#769,#770);
#768 = CARTESIAN_POINT('',(-7.586206896552,11.,5.));
#769 = DIRECTION('',(0.,0.,1.));
#770 = DIRECTION('',(1.,0.,-0.));
#771 = ADVANCED_FACE('',(#772),#790,.T.);
#772 = FACE_BOUND('',#773,.T.);
#773 = EDGE_LOOP('',(#774,#775,#782,#783));
#774 = ORIENTED_EDGE('',*,*,#728,.T.);
#775 = ORIENTED_EDGE('',*,*,#776,.F.);
#776 = EDGE_CURVE('',#684,#731,#777,.T.);
#777 = CIRCLE('',#778,5.);
#778 = AXIS2_PLACEMENT_3D('',#779,#780,#781);
#779 = CARTESIAN_POINT('',(-7.586206896552,12.5,0.));
#780 = DIRECTION('',(0.,1.,0.));
#781 = DIRECTION('',(0.,-0.,1.));
#782 = ORIENTED_EDGE('',*,*,#681,.F.);
#783 = ORIENTED_EDGE('',*,*,#784,.T.);
#784 = EDGE_CURVE('',#682,#729,#785,.T.);
#785 = CIRCLE('',#786,5.);
#786 = AXIS2_PLACEMENT_3D('',#787,#788,#789);
#787 = CARTESIAN_POINT('',(-7.586206896552,11.,0.));
#788 = DIRECTION('',(0.,1.,0.));
#789 = DIRECTION('',(0.,-0.,1.));
#790 = CYLINDRICAL_SURFACE('',#791,5.);
#791 = AXIS2_PLACEMENT_3D('',#792,#793,#794);
#792 = CARTESIAN_POINT('',(-7.586206896552,11.,0.));
#793 = DIRECTION('',(0.,1.,0.));
#794 = DIRECTION('',(0.,-0.,1.));
#795 = ADVANCED_FACE('',(#796),#814,.T.);
#796 = FACE_BOUND('',#797,.T.);
#797 = EDGE_LOOP('',(#798,#805,#806,#813));
#798 = ORIENTED_EDGE('',*,*,#799,.F.);
#799 = EDGE_CURVE('',#754,#707,#800,.T.);
#800 = CIRCLE('',#801,5.);
#801 = AXIS2_PLACEMENT_3D('',#802,#803,#804);
#802 = CARTESIAN_POINT('',(7.586206896552,12.5,0.));
#803 = DIRECTION('',(0.,1.,0.));
#804 = DIRECTION('',(0.,-0.,1.));
#805 = ORIENTED_EDGE('',*,*,#753,.F.);
#806 = ORIENTED_EDGE('',*,*,#807,.T.);
#807 = EDGE_CURVE('',#746,#699,#808,.T.);
#808 = CIRCLE('',#809,5.);
#809 = AXIS2_PLACEMENT_3D('',#810,#811,#812);
#810 = CARTESIAN_POINT('',(7.586206896552,11.,0.));
#811 = DIRECTION('',(0.,1.,0.));
#812 = DIRECTION('',(0.,-0.,1.));
#813 = ORIENTED_EDGE('',*,*,#706,.T.);
#814 = CYLINDRICAL_SURFACE('',#815,5.);
#815 = AXIS2_PLACEMENT_3D('',#816,#817,#818);
#816 = CARTESIAN_POINT('',(7.586206896552,11.,0.));
#817 = DIRECTION('',(0.,1.,0.));
#818 = DIRECTION('',(0.,-0.,1.));
#819 = ADVANCED_FACE('',(#820),#826,.T.);
#820 = FACE_BOUND('',#821,.T.);
#821 = EDGE_LOOP('',(#822,#823,#824,#825));
#822 = ORIENTED_EDGE('',*,*,#249,.T.);
#823 = ORIENTED_EDGE('',*,*,#334,.F.);
#824 = ORIENTED_EDGE('',*,*,#169,.F.);
#825 = ORIENTED_EDGE('',*,*,#233,.F.);
#826 = PLANE('',#827);
#827 = AXIS2_PLACEMENT_3D('',#828,#829,#830);
#828 = CARTESIAN_POINT('',(-6.476089505928E-16,-12.5,-2.354941638519E-16
    ));
#829 = DIRECTION('',(-0.,-1.,-0.));
#830 = DIRECTION('',(0.,0.,-1.));
#831 = ADVANCED_FACE('',(#832),#846,.T.);
#832 = FACE_BOUND('',#833,.T.);
#833 = EDGE_LOOP('',(#834,#835,#836,#837,#838,#839,#840,#841,#842,#843,
    #844,#845));
#834 = ORIENTED_EDGE('',*,*,#281,.F.);
#835 = ORIENTED_EDGE('',*,*,#216,.T.);
#836 = ORIENTED_EDGE('',*,*,#201,.T.);
#837 = ORIENTED_EDGE('',*,*,#575,.F.);
#838 = ORIENTED_EDGE('',*,*,#554,.T.);
#839 = ORIENTED_EDGE('',*,*,#497,.T.);
#840 = ORIENTED_EDGE('',*,*,#185,.T.);
#841 = ORIENTED_EDGE('',*,*,#326,.T.);
#842 = ORIENTED_EDGE('',*,*,#265,.F.);
#843 = ORIENTED_EDGE('',*,*,#483,.T.);
#844 = ORIENTED_EDGE('',*,*,#429,.F.);
#845 = ORIENTED_EDGE('',*,*,#414,.F.);
#846 = PLANE('',#847);
#847 = AXIS2_PLACEMENT_3D('',#848,#849,#850);
#848 = CARTESIAN_POINT('',(1.139697972182E-16,-11.,-2.279395944363E-16)
  );
#849 = DIRECTION('',(0.,1.,0.));
#850 = DIRECTION('',(0.,-0.,1.));
#851 = ADVANCED_FACE('',(#852),#866,.T.);
#852 = FACE_BOUND('',#853,.T.);
#853 = EDGE_LOOP('',(#854,#855,#856,#857,#858,#859,#860,#861,#862,#863,
    #864,#865));
#854 = ORIENTED_EDGE('',*,*,#691,.T.);
#855 = ORIENTED_EDGE('',*,*,#398,.T.);
#856 = ORIENTED_EDGE('',*,*,#445,.T.);
#857 = ORIENTED_EDGE('',*,*,#476,.F.);
#858 = ORIENTED_EDGE('',*,*,#698,.T.);
#859 = ORIENTED_EDGE('',*,*,#807,.F.);
#860 = ORIENTED_EDGE('',*,*,#745,.F.);
#861 = ORIENTED_EDGE('',*,*,#513,.F.);
#862 = ORIENTED_EDGE('',*,*,#561,.F.);
#863 = ORIENTED_EDGE('',*,*,#582,.T.);
#864 = ORIENTED_EDGE('',*,*,#738,.F.);
#865 = ORIENTED_EDGE('',*,*,#784,.F.);
#866 = PLANE('',#867);
#867 = AXIS2_PLACEMENT_3D('',#868,#869,#870);
#868 = CARTESIAN_POINT('',(-6.268338846999E-16,11.,-2.279395944363E-16)
  );
#869 = DIRECTION('',(-0.,-1.,-0.));
#870 = DIRECTION('',(0.,0.,-1.));
#871 = ADVANCED_FACE('',(#872),#878,.T.);
#872 = FACE_BOUND('',#873,.T.);
#873 = EDGE_LOOP('',(#874,#875,#876,#877));
#874 = ORIENTED_EDGE('',*,*,#714,.F.);
#875 = ORIENTED_EDGE('',*,*,#776,.T.);
#876 = ORIENTED_EDGE('',*,*,#761,.T.);
#877 = ORIENTED_EDGE('',*,*,#799,.T.);
#878 = PLANE('',#879);
#879 = AXIS2_PLACEMENT_3D('',#880,#881,#882);
#880 = CARTESIAN_POINT('',(-3.532412457779E-16,12.5,8.831031144447E-17)
  );
#881 = DIRECTION('',(0.,1.,0.));
#882 = DIRECTION('',(0.,-0.,1.));
#883 = ( GEOMETRIC_REPRESENTATION_CONTEXT(3) 
GLOBAL_UNCERTAINTY_ASSIGNED_CONTEXT((#887)) GLOBAL_UNIT_ASSIGNED_CONTEXT
((#884,#885,#886)) REPRESENTATION_CONTEXT('Context #1',
  '3D Context with UNIT and UNCERTAINTY') );
#884 = ( LENGTH_UNIT() NAMED_UNIT(*) SI_UNIT(.MILLI.,.METRE.) );
#885 = ( NAMED_UNIT(*) PLANE_ANGLE_UNIT() SI_UNIT($,.RADIAN.) );
#886 = ( NAMED_UNIT(*) SI_UNIT($,.STERADIAN.) SOLID_ANGLE_UNIT() );
#887 = UNCERTAINTY_MEASURE_WITH_UNIT(LENGTH_MEASURE(1.E-07),#884,
  'distance_accuracy_value','confusion accuracy');
#888 = CONTEXT_DEPENDENT_SHAPE_REPRESENTATION(#889,#891);
#889 = ( REPRESENTATION_RELATIONSHIP('','',#152,#10) 
REPRESENTATION_RELATIONSHIP_WITH_TRANSFORMATION(#890) 
SHAPE_REPRESENTATION_RELATIONSHIP() );
#890 = ITEM_DEFINED_TRANSFORMATION('','',#11,#15);
#891 = PRODUCT_DEFINITION_SHAPE('Placement','Placement of an item',#892
  );
#892 = NEXT_ASSEMBLY_USAGE_OCCURRENCE('1','link_00','',#5,#147,$);
#893 = PRODUCT_RELATED_PRODUCT_CATEGORY('part',$,(#149));
#894 = SHAPE_DEFINITION_REPRESENTATION(#895,#901);
#895 = PRODUCT_DEFINITION_SHAPE('','',#896);
#896 = PRODUCT_DEFINITION('design','',#897,#900);
#897 = PRODUCT_DEFINITION_FORMATION('','',#898);
#898 = PRODUCT('link_01','link_01','',(#899));
#899 = PRODUCT_CONTEXT('',#2,'mechanical');
#900 = PRODUCT_DEFINITION_CONTEXT('part definition',#2,'design');
#901 = ADVANCED_BREP_SHAPE_REPRESENTATION('',(#11,#902),#1632);
#902 = MANIFOLD_SOLID_BREP('',#903);
#903 = CLOSED_SHELL('',(#904,#960,#993,#1040,#1071,#1095,#1126,#1173,
    #1204,#1242,#1289,#1320,#1358,#1375,#1392,#1409,#1426,#1473,#1520,
    #1544,#1568,#1580,#1600,#1620));
#904 = ADVANCED_FACE('',(#905),#955,.T.);
#905 = FACE_BOUND('',#906,.T.);
#906 = EDGE_LOOP('',(#907,#917,#925,#933,#941,#949));
#907 = ORIENTED_EDGE('',*,*,#908,.F.);
#908 = EDGE_CURVE('',#909,#911,#913,.T.);
#909 = VERTEX_POINT('',#910);
#910 = CARTESIAN_POINT('',(-7.586206896552,-12.5,5.));
#911 = VERTEX_POINT('',#912);
#912 = CARTESIAN_POINT('',(-7.586206896552,-11.,5.));
#913 = LINE('',#914,#915);
#914 = CARTESIAN_POINT('',(-7.586206896552,-12.5,5.));
#915 = VECTOR('',#916,1.);
#916 = DIRECTION('',(-0.,1.,0.));
#917 = ORIENTED_EDGE('',*,*,#918,.T.);
#918 = EDGE_CURVE('',#909,#919,#921,.T.);
#919 = VERTEX_POINT('',#920);
#920 = CARTESIAN_POINT('',(7.586206896552,-12.5,5.));
#921 = LINE('',#922,#923);
#922 = CARTESIAN_POINT('',(-7.586206896552,-12.5,5.));
#923 = VECTOR('',#924,1.);
#924 = DIRECTION('',(1.,0.,-0.));
#925 = ORIENTED_EDGE('',*,*,#926,.T.);
#926 = EDGE_CURVE('',#919,#927,#929,.T.);
#927 = VERTEX_POINT('',#928);
#928 = CARTESIAN_POINT('',(7.586206896552,-11.,5.));
#929 = LINE('',#930,#931);
#930 = CARTESIAN_POINT('',(7.586206896552,-12.5,5.));
#931 = VECTOR('',#932,1.);
#932 = DIRECTION('',(-0.,1.,0.));
#933 = ORIENTED_EDGE('',*,*,#934,.F.);
#934 = EDGE_CURVE('',#935,#927,#937,.T.);
#935 = VERTEX_POINT('',#936);
#936 = CARTESIAN_POINT('',(1.5,-11.,5.));
#937 = LINE('',#938,#939);
#938 = CARTESIAN_POINT('',(-7.586206896552,-11.,5.));
#939 = VECTOR('',#940,1.);
#940 = DIRECTION('',(1.,0.,-0.));
#941 = ORIENTED_EDGE('',*,*,#942,.F.);
#942 = EDGE_CURVE('',#943,#935,#945,.T.);
#943 = VERTEX_POINT('',#944);
#944 = CARTESIAN_POINT('',(-1.5,-11.,5.));
#945 = LINE('',#946,#947);
#946 = CARTESIAN_POINT('',(-7.586206896552,-11.,5.));
#947 = VECTOR('',#948,1.);
#948 = DIRECTION('',(1.,0.,-0.));
#949 = ORIENTED_EDGE('',*,*,#950,.F.);
#950 = EDGE_CURVE('',#911,#943,#951,.T.);
#951 = LINE('',#952,#953);
#952 = CARTESIAN_POINT('',(-7.586206896552,-11.,5.));
#953 = VECTOR('',#954,1.);
#954 = DIRECTION('',(1.,0.,-0.));
#955 = PLANE('',#956);
#956 = AXIS2_PLACEMENT_3D('',#957,#958,#959);
#957 = CARTESIAN_POINT('',(-7.586206896552,-12.5,5.));
#958 = DIRECTION('',(0.,0.,1.));
#959 = DIRECTION('',(1.,0.,-0.));
#960 = ADVANCED_FACE('',(#961),#988,.T.);
#961 = FACE_BOUND('',#962,.T.);
#962 = EDGE_LOOP('',(#963,#964,#973,#981));
#963 = ORIENTED_EDGE('',*,*,#908,.T.);
#964 = ORIENTED_EDGE('',*,*,#965,.F.);
#965 = EDGE_CURVE('',#966,#911,#968,.T.);
#966 = VERTEX_POINT('',#967);
#967 = CARTESIAN_POINT('',(-7.586206896552,-11.,-5.));
#968 = CIRCLE('',#969,5.);
#969 = AXIS2_PLACEMENT_3D('',#970,#971,#972);
#970 = CARTESIAN_POINT('',(-7.586206896552,-11.,0.));
#971 = DIRECTION('',(0.,1.,0.));
#972 = DIRECTION('',(0.,-0.,1.));
#973 = ORIENTED_EDGE('',*,*,#974,.F.);
#974 = EDGE_CURVE('',#975,#966,#977,.T.);
#975 = VERTEX_POINT('',#976);
#976 = CARTESIAN_POINT('',(-7.586206896552,-12.5,-5.));
#977 = LINE('',#978,#979);
#978 = CARTESIAN_POINT('',(-7.586206896552,-12.5,-5.));
#979 = VECTOR('',#980,1.);
#980 = DIRECTION('',(-0.,1.,0.));
#981 = ORIENTED_EDGE('',*,*,#982,.T.);
#982 = EDGE_CURVE('',#975,#909,#983,.T.);
#983 = CIRCLE('',#984,5.);
#984 = AXIS2_PLACEMENT_3D('',#985,#986,#987);
#985 = CARTESIAN_POINT('',(-7.586206896552,-12.5,0.));
#986 = DIRECTION('',(0.,1.,0.));
#987 = DIRECTION('',(0.,-0.,1.));
#988 = CYLINDRICAL_SURFACE('',#989,5.);
#989 = AXIS2_PLACEMENT_3D('',#990,#991,#992);
#990 = CARTESIAN_POINT('',(-7.586206896552,-12.5,0.));
#991 = DIRECTION('',(0.,1.,0.));
#992 = DIRECTION('',(0.,-0.,1.));
#993 = ADVANCED_FACE('',(#994),#1035,.F.);
#994 = FACE_BOUND('',#995,.F.);
#995 = EDGE_LOOP('',(#996,#997,#1005,#1013,#1021,#1029));
#996 = ORIENTED_EDGE('',*,*,#974,.F.);
#997 = ORIENTED_EDGE('',*,*,#998,.T.);
#998 = EDGE_CURVE('',#975,#999,#1001,.T.);
#999 = VERTEX_POINT('',#1000);
#1000 = CARTESIAN_POINT('',(7.586206896552,-12.5,-5.));
#1001 = LINE('',#1002,#1003);
#1002 = CARTESIAN_POINT('',(-7.586206896552,-12.5,-5.));
#1003 = VECTOR('',#1004,1.);
#1004 = DIRECTION('',(1.,0.,-0.));
#1005 = ORIENTED_EDGE('',*,*,#1006,.T.);
#1006 = EDGE_CURVE('',#999,#1007,#1009,.T.);
#1007 = VERTEX_POINT('',#1008);
#1008 = CARTESIAN_POINT('',(7.586206896552,-11.,-5.));
#1009 = LINE('',#1010,#1011);
#1010 = CARTESIAN_POINT('',(7.586206896552,-12.5,-5.));
#1011 = VECTOR('',#1012,1.);
#1012 = DIRECTION('',(-0.,1.,0.));
#1013 = ORIENTED_EDGE('',*,*,#1014,.F.);
#1014 = EDGE_CURVE('',#1015,#1007,#1017,.T.);
#1015 = VERTEX_POINT('',#1016);
#1016 = CARTESIAN_POINT('',(1.5,-11.,-5.));
#1017 = LINE('',#1018,#1019);
#1018 = CARTESIAN_POINT('',(-7.586206896552,-11.,-5.));
#1019 = VECTOR('',#1020,1.);
#1020 = DIRECTION('',(1.,0.,-0.));
#1021 = ORIENTED_EDGE('',*,*,#1022,.F.);
#1022 = EDGE_CURVE('',#1023,#1015,#1025,.T.);
#1023 = VERTEX_POINT('',#1024);
#1024 = CARTESIAN_POINT('',(-1.5,-11.,-5.));
#1025 = LINE('',#1026,#1027);
#1026 = CARTESIAN_POINT('',(-7.586206896552,-11.,-5.));
#1027 = VECTOR('',#1028,1.);
#1028 = DIRECTION('',(1.,0.,-0.));
#1029 = ORIENTED_EDGE('',*,*,#1030,.F.);
#1030 = EDGE_CURVE('',#966,#1023,#1031,.T.);
#1031 = LINE('',#1032,#1033);
#1032 = CARTESIAN_POINT('',(-7.586206896552,-11.,-5.));
#1033 = VECTOR('',#1034,1.);
#1034 = DIRECTION('',(1.,0.,-0.));
#1035 = PLANE('',#1036);
#1036 = AXIS2_PLACEMENT_3D('',#1037,#1038,#1039);
#1037 = CARTESIAN_POINT('',(-7.586206896552,-12.5,-5.));
#1038 = DIRECTION('',(0.,0.,1.));
#1039 = DIRECTION('',(1.,0.,-0.));
#1040 = ADVANCED_FACE('',(#1041),#1066,.F.);
#1041 = FACE_BOUND('',#1042,.F.);
#1042 = EDGE_LOOP('',(#1043,#1051,#1059,#1065));
#1043 = ORIENTED_EDGE('',*,*,#1044,.F.);
#1044 = EDGE_CURVE('',#1045,#1015,#1047,.T.);
#1045 = VERTEX_POINT('',#1046);
#1046 = CARTESIAN_POINT('',(1.5,-11.,-6.));
#1047 = LINE('',#1048,#1049);
#1048 = CARTESIAN_POINT('',(1.5,-11.,-6.));
#1049 = VECTOR('',#1050,1.);
#1050 = DIRECTION('',(0.,0.,1.));
#1051 = ORIENTED_EDGE('',*,*,#1052,.F.);
#1052 = EDGE_CURVE('',#1053,#1045,#1055,.T.);
#1053 = VERTEX_POINT('',#1054);
#1054 = CARTESIAN_POINT('',(-1.5,-11.,-6.));
#1055 = LINE('',#1056,#1057);
#1056 = CARTESIAN_POINT('',(-1.5,-11.,-6.));
#1057 = VECTOR('',#1058,1.);
#1058 = DIRECTION('',(1.,0.,-0.));
#1059 = ORIENTED_EDGE('',*,*,#1060,.T.);
#1060 = EDGE_CURVE('',#1053,#1023,#1061,.T.);
#1061 = LINE('',#1062,#1063);
#1062 = CARTESIAN_POINT('',(-1.5,-11.,-6.));
#1063 = VECTOR('',#1064,1.);
#1064 = DIRECTION('',(0.,0.,1.));
#1065 = ORIENTED_EDGE('',*,*,#1022,.T.);
#1066 = PLANE('',#1067);
#1067 = AXIS2_PLACEMENT_3D('',#1068,#1069,#1070);
#1068 = CARTESIAN_POINT('',(-1.5,-11.,-6.));
#1069 = DIRECTION('',(-0.,1.,0.));
#1070 = DIRECTION('',(0.,0.,1.));
#1071 = ADVANCED_FACE('',(#1072),#1090,.T.);
#1072 = FACE_BOUND('',#1073,.T.);
#1073 = EDGE_LOOP('',(#1074,#1081,#1082,#1089));
#1074 = ORIENTED_EDGE('',*,*,#1075,.F.);
#1075 = EDGE_CURVE('',#927,#1007,#1076,.T.);
#1076 = CIRCLE('',#1077,5.);
#1077 = AXIS2_PLACEMENT_3D('',#1078,#1079,#1080);
#1078 = CARTESIAN_POINT('',(7.586206896552,-11.,0.));
#1079 = DIRECTION('',(0.,1.,0.));
#1080 = DIRECTION('',(0.,-0.,1.));
#1081 = ORIENTED_EDGE('',*,*,#926,.F.);
#1082 = ORIENTED_EDGE('',*,*,#1083,.T.);
#1083 = EDGE_CURVE('',#919,#999,#1084,.T.);
#1084 = CIRCLE('',#1085,5.);
#1085 = AXIS2_PLACEMENT_3D('',#1086,#1087,#1088);
#1086 = CARTESIAN_POINT('',(7.586206896552,-12.5,0.));
#1087 = DIRECTION('',(0.,1.,0.));
#1088 = DIRECTION('',(0.,-0.,1.));
#1089 = ORIENTED_EDGE('',*,*,#1006,.T.);
#1090 = CYLINDRICAL_SURFACE('',#1091,5.);
#1091 = AXIS2_PLACEMENT_3D('',#1092,#1093,#1094);
#1092 = CARTESIAN_POINT('',(7.586206896552,-12.5,0.));
#1093 = DIRECTION('',(0.,1.,0.));
#1094 = DIRECTION('',(0.,-0.,1.));
#1095 = ADVANCED_FACE('',(#1096),#1121,.F.);
#1096 = FACE_BOUND('',#1097,.F.);
#1097 = EDGE_LOOP('',(#1098,#1099,#1107,#1115));
#1098 = ORIENTED_EDGE('',*,*,#942,.F.);
#1099 = ORIENTED_EDGE('',*,*,#1100,.T.);
#1100 = EDGE_CURVE('',#943,#1101,#1103,.T.);
#1101 = VERTEX_POINT('',#1102);
#1102 = CARTESIAN_POINT('',(-1.5,-11.,6.));
#1103 = LINE('',#1104,#1105);
#1104 = CARTESIAN_POINT('',(-1.5,-11.,4.5));
#1105 = VECTOR('',#1106,1.);
#1106 = DIRECTION('',(0.,0.,1.));
#1107 = ORIENTED_EDGE('',*,*,#1108,.T.);
#1108 = EDGE_CURVE('',#1101,#1109,#1111,.T.);
#1109 = VERTEX_POINT('',#1110);
#1110 = CARTESIAN_POINT('',(1.5,-11.,6.));
#1111 = LINE('',#1112,#1113);
#1112 = CARTESIAN_POINT('',(-1.5,-11.,6.));
#1113 = VECTOR('',#1114,1.);
#1114 = DIRECTION('',(1.,0.,-0.));
#1115 = ORIENTED_EDGE('',*,*,#1116,.F.);
#1116 = EDGE_CURVE('',#935,#1109,#1117,.T.);
#1117 = LINE('',#1118,#1119);
#1118 = CARTESIAN_POINT('',(1.5,-11.,4.5));
#1119 = VECTOR('',#1120,1.);
#1120 = DIRECTION('',(0.,0.,1.));
#1121 = PLANE('',#1122);
#1122 = AXIS2_PLACEMENT_3D('',#1123,#1124,#1125);
#1123 = CARTESIAN_POINT('',(-1.5,-11.,4.5));
#1124 = DIRECTION('',(-0.,1.,0.));
#1125 = DIRECTION('',(0.,0.,1.));
#1126 = ADVANCED_FACE('',(#1127),#1168,.F.);
#1127 = FACE_BOUND('',#1128,.F.);
#1128 = EDGE_LOOP('',(#1129,#1130,#1138,#1146,#1154,#1162));
#1129 = ORIENTED_EDGE('',*,*,#1060,.F.);
#1130 = ORIENTED_EDGE('',*,*,#1131,.T.);
#1131 = EDGE_CURVE('',#1053,#1132,#1134,.T.);
#1132 = VERTEX_POINT('',#1133);
#1133 = CARTESIAN_POINT('',(-1.5,11.,-6.));
#1134 = LINE('',#1135,#1136);
#1135 = CARTESIAN_POINT('',(-1.5,-11.,-6.));
#1136 = VECTOR('',#1137,1.);
#1137 = DIRECTION('',(-0.,1.,0.));
#1138 = ORIENTED_EDGE('',*,*,#1139,.T.);
#1139 = EDGE_CURVE('',#1132,#1140,#1142,.T.);
#1140 = VERTEX_POINT('',#1141);
#1141 = CARTESIAN_POINT('',(-1.5,11.,-5.));
#1142 = LINE('',#1143,#1144);
#1143 = CARTESIAN_POINT('',(-1.5,11.,-6.));
#1144 = VECTOR('',#1145,1.);
#1145 = DIRECTION('',(0.,0.,1.));
#1146 = ORIENTED_EDGE('',*,*,#1147,.T.);
#1147 = EDGE_CURVE('',#1140,#1148,#1150,.T.);
#1148 = VERTEX_POINT('',#1149);
#1149 = CARTESIAN_POINT('',(-1.5,11.,-4.5));
#1150 = LINE('',#1151,#1152);
#1151 = CARTESIAN_POINT('',(-1.5,11.,-6.));
#1152 = VECTOR('',#1153,1.);
#1153 = DIRECTION('',(0.,0.,1.));
#1154 = ORIENTED_EDGE('',*,*,#1155,.F.);
#1155 = EDGE_CURVE('',#1156,#1148,#1158,.T.);
#1156 = VERTEX_POINT('',#1157);
#1157 = CARTESIAN_POINT('',(-1.5,-11.,-4.5));
#1158 = LINE('',#1159,#1160);
#1159 = CARTESIAN_POINT('',(-1.5,-11.,-4.5));
#1160 = VECTOR('',#1161,1.);
#1161 = DIRECTION('',(-0.,1.,0.));
#1162 = ORIENTED_EDGE('',*,*,#1163,.F.);
#1163 = EDGE_CURVE('',#1023,#1156,#1164,.T.);
#1164 = LINE('',#1165,#1166);
#1165 = CARTESIAN_POINT('',(-1.5,-11.,-6.));
#1166 = VECTOR('',#1167,1.);
#1167 = DIRECTION('',(0.,0.,1.));
#1168 = PLANE('',#1169);
#1169 = AXIS2_PLACEMENT_3D('',#1170,#1171,#1172);
#1170 = CARTESIAN_POINT('',(-1.5,-11.,-6.));
#1171 = DIRECTION('',(1.,0.,-0.));
#1172 = DIRECTION('',(0.,0.,1.));
#1173 = ADVANCED_FACE('',(#1174),#1199,.T.);
#1174 = FACE_BOUND('',#1175,.T.);
#1175 = EDGE_LOOP('',(#1176,#1177,#1185,#1193));
#1176 = ORIENTED_EDGE('',*,*,#1155,.F.);
#1177 = ORIENTED_EDGE('',*,*,#1178,.T.);
#1178 = EDGE_CURVE('',#1156,#1179,#1181,.T.);
#1179 = VERTEX_POINT('',#1180);
#1180 = CARTESIAN_POINT('',(1.5,-11.,-4.5));
#1181 = LINE('',#1182,#1183);
#1182 = CARTESIAN_POINT('',(-1.5,-11.,-4.5));
#1183 = VECTOR('',#1184,1.);
#1184 = DIRECTION('',(1.,0.,-0.));
#1185 = ORIENTED_EDGE('',*,*,#1186,.T.);
#1186 = EDGE_CURVE('',#1179,#1187,#1189,.T.);
#1187 = VERTEX_POINT('',#1188);
#1188 = CARTESIAN_POINT('',(1.5,11.,-4.5));
#1189 = LINE('',#1190,#1191);
#1190 = CARTESIAN_POINT('',(1.5,-11.,-4.5));
#1191 = VECTOR('',#1192,1.);
#1192 = DIRECTION('',(-0.,1.,0.));
#1193 = ORIENTED_EDGE('',*,*,#1194,.F.);
#1194 = EDGE_CURVE('',#1148,#1187,#1195,.T.);
#1195 = LINE('',#1196,#1197);
#1196 = CARTESIAN_POINT('',(-1.5,11.,-4.5));
#1197 = VECTOR('',#1198,1.);
#1198 = DIRECTION('',(1.,0.,-0.));
#1199 = PLANE('',#1200);
#1200 = AXIS2_PLACEMENT_3D('',#1201,#1202,#1203);
#1201 = CARTESIAN_POINT('',(-1.5,-11.,-4.5));
#1202 = DIRECTION('',(0.,0.,1.));
#1203 = DIRECTION('',(1.,0.,-0.));
#1204 = ADVANCED_FACE('',(#1205),#1237,.T.);
#1205 = FACE_BOUND('',#1206,.T.);
#1206 = EDGE_LOOP('',(#1207,#1208,#1216,#1224,#1230,#1231));
#1207 = ORIENTED_EDGE('',*,*,#1044,.F.);
#1208 = ORIENTED_EDGE('',*,*,#1209,.T.);
#1209 = EDGE_CURVE('',#1045,#1210,#1212,.T.);
#1210 = VERTEX_POINT('',#1211);
#1211 = CARTESIAN_POINT('',(1.5,11.,-6.));
#1212 = LINE('',#1213,#1214);
#1213 = CARTESIAN_POINT('',(1.5,-11.,-6.));
#1214 = VECTOR('',#1215,1.);
#1215 = DIRECTION('',(-0.,1.,0.));
#1216 = ORIENTED_EDGE('',*,*,#1217,.T.);
#1217 = EDGE_CURVE('',#1210,#1218,#1220,.T.);
#1218 = VERTEX_POINT('',#1219);
#1219 = CARTESIAN_POINT('',(1.5,11.,-5.));
#1220 = LINE('',#1221,#1222);
#1221 = CARTESIAN_POINT('',(1.5,11.,-6.));
#1222 = VECTOR('',#1223,1.);
#1223 = DIRECTION('',(0.,0.,1.));
#1224 = ORIENTED_EDGE('',*,*,#1225,.T.);
#1225 = EDGE_CURVE('',#1218,#1187,#1226,.T.);
#1226 = LINE('',#1227,#1228);
#1227 = CARTESIAN_POINT('',(1.5,11.,-6.));
#1228 = VECTOR('',#1229,1.);
#1229 = DIRECTION('',(0.,0.,1.));
#1230 = ORIENTED_EDGE('',*,*,#1186,.F.);
#1231 = ORIENTED_EDGE('',*,*,#1232,.F.);
#1232 = EDGE_CURVE('',#1015,#1179,#1233,.T.);
#1233 = LINE('',#1234,#1235);
#1234 = CARTESIAN_POINT('',(1.5,-11.,-6.));
#1235 = VECTOR('',#1236,1.);
#1236 = DIRECTION('',(0.,0.,1.));
#1237 = PLANE('',#1238);
#1238 = AXIS2_PLACEMENT_3D('',#1239,#1240,#1241);
#1239 = CARTESIAN_POINT('',(1.5,-11.,-6.));
#1240 = DIRECTION('',(1.,0.,-0.));
#1241 = DIRECTION('',(0.,0.,1.));
#1242 = ADVANCED_FACE('',(#1243),#1284,.T.);
#1243 = FACE_BOUND('',#1244,.T.);
#1244 = EDGE_LOOP('',(#1245,#1253,#1261,#1269,#1277,#1283));
#1245 = ORIENTED_EDGE('',*,*,#1246,.F.);
#1246 = EDGE_CURVE('',#1247,#935,#1249,.T.);
#1247 = VERTEX_POINT('',#1248);
#1248 = CARTESIAN_POINT('',(1.5,-11.,4.5));
#1249 = LINE('',#1250,#1251);
#1250 = CARTESIAN_POINT('',(1.5,-11.,4.5));
#1251 = VECTOR('',#1252,1.);
#1252 = DIRECTION('',(0.,0.,1.));
#1253 = ORIENTED_EDGE('',*,*,#1254,.T.);
#1254 = EDGE_CURVE('',#1247,#1255,#1257,.T.);
#1255 = VERTEX_POINT('',#1256);
#1256 = CARTESIAN_POINT('',(1.5,11.,4.5));
#1257 = LINE('',#1258,#1259);
#1258 = CARTESIAN_POINT('',(1.5,-11.,4.5));
#1259 = VECTOR('',#1260,1.);
#1260 = DIRECTION('',(-0.,1.,0.));
#1261 = ORIENTED_EDGE('',*,*,#1262,.T.);
#1262 = EDGE_CURVE('',#1255,#1263,#1265,.T.);
#1263 = VERTEX_POINT('',#1264);
#1264 = CARTESIAN_POINT('',(1.5,11.,5.));
#1265 = LINE('',#1266,#1267);
#1266 = CARTESIAN_POINT('',(1.5,11.,4.5));
#1267 = VECTOR('',#1268,1.);
#1268 = DIRECTION('',(0.,0.,1.));
#1269 = ORIENTED_EDGE('',*,*,#1270,.T.);
#1270 = EDGE_CURVE('',#1263,#1271,#1273,.T.);
#1271 = VERTEX_POINT('',#1272);
#1272 = CARTESIAN_POINT('',(1.5,11.,6.));
#1273 = LINE('',#1274,#1275);
#1274 = CARTESIAN_POINT('',(1.5,11.,4.5));
#1275 = VECTOR('',#1276,1.);
#1276 = DIRECTION('',(0.,0.,1.));
#1277 = ORIENTED_EDGE('',*,*,#1278,.F.);
#1278 = EDGE_CURVE('',#1109,#1271,#1279,.T.);
#1279 = LINE('',#1280,#1281);
#1280 = CARTESIAN_POINT('',(1.5,-11.,6.));
#1281 = VECTOR('',#1282,1.);
#1282 = DIRECTION('',(-0.,1.,0.));
#1283 = ORIENTED_EDGE('',*,*,#1116,.F.);
#1284 = PLANE('',#1285);
#1285 = AXIS2_PLACEMENT_3D('',#1286,#1287,#1288);
#1286 = CARTESIAN_POINT('',(1.5,-11.,4.5));
#1287 = DIRECTION('',(1.,0.,-0.));
#1288 = DIRECTION('',(0.,0.,1.));
#1289 = ADVANCED_FACE('',(#1290),#1315,.F.);
#1290 = FACE_BOUND('',#1291,.F.);
#1291 = EDGE_LOOP('',(#1292,#1302,#1308,#1309));
#1292 = ORIENTED_EDGE('',*,*,#1293,.F.);
#1293 = EDGE_CURVE('',#1294,#1296,#1298,.T.);
#1294 = VERTEX_POINT('',#1295);
#1295 = CARTESIAN_POINT('',(-1.5,-11.,4.5));
#1296 = VERTEX_POINT('',#1297);
#1297 = CARTESIAN_POINT('',(-1.5,11.,4.5));
#1298 = LINE('',#1299,#1300);
#1299 = CARTESIAN_POINT('',(-1.5,-11.,4.5));
#1300 = VECTOR('',#1301,1.);
#1301 = DIRECTION('',(-0.,1.,0.));
#1302 = ORIENTED_EDGE('',*,*,#1303,.T.);
#1303 = EDGE_CURVE('',#1294,#1247,#1304,.T.);
#1304 = LINE('',#1305,#1306);
#1305 = CARTESIAN_POINT('',(-1.5,-11.,4.5));
#1306 = VECTOR('',#1307,1.);
#1307 = DIRECTION('',(1.,0.,-0.));
#1308 = ORIENTED_EDGE('',*,*,#1254,.T.);
#1309 = ORIENTED_EDGE('',*,*,#1310,.F.);
#1310 = EDGE_CURVE('',#1296,#1255,#1311,.T.);
#1311 = LINE('',#1312,#1313);
#1312 = CARTESIAN_POINT('',(-1.5,11.,4.5));
#1313 = VECTOR('',#1314,1.);
#1314 = DIRECTION('',(1.,0.,-0.));
#1315 = PLANE('',#1316);
#1316 = AXIS2_PLACEMENT_3D('',#1317,#1318,#1319);
#1317 = CARTESIAN_POINT('',(-1.5,-11.,4.5));
#1318 = DIRECTION('',(0.,0.,1.));
#1319 = DIRECTION('',(1.,0.,-0.));
#1320 = ADVANCED_FACE('',(#1321),#1353,.F.);
#1321 = FACE_BOUND('',#1322,.F.);
#1322 = EDGE_LOOP('',(#1323,#1329,#1330,#1338,#1346,#1352));
#1323 = ORIENTED_EDGE('',*,*,#1324,.F.);
#1324 = EDGE_CURVE('',#1294,#943,#1325,.T.);
#1325 = LINE('',#1326,#1327);
#1326 = CARTESIAN_POINT('',(-1.5,-11.,4.5));
#1327 = VECTOR('',#1328,1.);
#1328 = DIRECTION('',(0.,0.,1.));
#1329 = ORIENTED_EDGE('',*,*,#1293,.T.);
#1330 = ORIENTED_EDGE('',*,*,#1331,.T.);
#1331 = EDGE_CURVE('',#1296,#1332,#1334,.T.);
#1332 = VERTEX_POINT('',#1333);
#1333 = CARTESIAN_POINT('',(-1.5,11.,5.));
#1334 = LINE('',#1335,#1336);
#1335 = CARTESIAN_POINT('',(-1.5,11.,4.5));
#1336 = VECTOR('',#1337,1.);
#1337 = DIRECTION('',(0.,0.,1.));
#1338 = ORIENTED_EDGE('',*,*,#1339,.T.);
#1339 = EDGE_CURVE('',#1332,#1340,#1342,.T.);
#1340 = VERTEX_POINT('',#1341);
#1341 = CARTESIAN_POINT('',(-1.5,11.,6.));
#1342 = LINE('',#1343,#1344);
#1343 = CARTESIAN_POINT('',(-1.5,11.,4.5));
#1344 = VECTOR('',#1345,1.);
#1345 = DIRECTION('',(0.,0.,1.));
#1346 = ORIENTED_EDGE('',*,*,#1347,.F.);
#1347 = EDGE_CURVE('',#1101,#1340,#1348,.T.);
#1348 = LINE('',#1349,#1350);
#1349 = CARTESIAN_POINT('',(-1.5,-11.,6.));
#1350 = VECTOR('',#1351,1.);
#1351 = DIRECTION('',(-0.,1.,0.));
#1352 = ORIENTED_EDGE('',*,*,#1100,.F.);
#1353 = PLANE('',#1354);
#1354 = AXIS2_PLACEMENT_3D('',#1355,#1356,#1357);
#1355 = CARTESIAN_POINT('',(-1.5,-11.,4.5));
#1356 = DIRECTION('',(1.,0.,-0.));
#1357 = DIRECTION('',(0.,0.,1.));
#1358 = ADVANCED_FACE('',(#1359),#1370,.F.);
#1359 = FACE_BOUND('',#1360,.F.);
#1360 = EDGE_LOOP('',(#1361,#1362,#1363,#1364));
#1361 = ORIENTED_EDGE('',*,*,#1131,.F.);
#1362 = ORIENTED_EDGE('',*,*,#1052,.T.);
#1363 = ORIENTED_EDGE('',*,*,#1209,.T.);
#1364 = ORIENTED_EDGE('',*,*,#1365,.F.);
#1365 = EDGE_CURVE('',#1132,#1210,#1366,.T.);
#1366 = LINE('',#1367,#1368);
#1367 = CARTESIAN_POINT('',(-1.5,11.,-6.));
#1368 = VECTOR('',#1369,1.);
#1369 = DIRECTION('',(1.,0.,-0.));
#1370 = PLANE('',#1371);
#1371 = AXIS2_PLACEMENT_3D('',#1372,#1373,#1374);
#1372 = CARTESIAN_POINT('',(-1.5,-11.,-6.));
#1373 = DIRECTION('',(0.,0.,1.));
#1374 = DIRECTION('',(1.,0.,-0.));
#1375 = ADVANCED_FACE('',(#1376),#1387,.T.);
#1376 = FACE_BOUND('',#1377,.T.);
#1377 = EDGE_LOOP('',(#1378,#1379,#1380,#1381));
#1378 = ORIENTED_EDGE('',*,*,#1347,.F.);
#1379 = ORIENTED_EDGE('',*,*,#1108,.T.);
#1380 = ORIENTED_EDGE('',*,*,#1278,.T.);
#1381 = ORIENTED_EDGE('',*,*,#1382,.F.);
#1382 = EDGE_CURVE('',#1340,#1271,#1383,.T.);
#1383 = LINE('',#1384,#1385);
#1384 = CARTESIAN_POINT('',(-1.5,11.,6.));
#1385 = VECTOR('',#1386,1.);
#1386 = DIRECTION('',(1.,0.,-0.));
#1387 = PLANE('',#1388);
#1388 = AXIS2_PLACEMENT_3D('',#1389,#1390,#1391);
#1389 = CARTESIAN_POINT('',(-1.5,-11.,6.));
#1390 = DIRECTION('',(0.,0.,1.));
#1391 = DIRECTION('',(1.,0.,-0.));
#1392 = ADVANCED_FACE('',(#1393),#1404,.T.);
#1393 = FACE_BOUND('',#1394,.T.);
#1394 = EDGE_LOOP('',(#1395,#1396,#1397,#1398));
#1395 = ORIENTED_EDGE('',*,*,#1217,.F.);
#1396 = ORIENTED_EDGE('',*,*,#1365,.F.);
#1397 = ORIENTED_EDGE('',*,*,#1139,.T.);
#1398 = ORIENTED_EDGE('',*,*,#1399,.T.);
#1399 = EDGE_CURVE('',#1140,#1218,#1400,.T.);
#1400 = LINE('',#1401,#1402);
#1401 = CARTESIAN_POINT('',(-7.586206896552,11.,-5.));
#1402 = VECTOR('',#1403,1.);
#1403 = DIRECTION('',(1.,0.,-0.));
#1404 = PLANE('',#1405);
#1405 = AXIS2_PLACEMENT_3D('',#1406,#1407,#1408);
#1406 = CARTESIAN_POINT('',(-1.5,11.,-6.));
#1407 = DIRECTION('',(-0.,1.,0.));
#1408 = DIRECTION('',(0.,0.,1.));
#1409 = ADVANCED_FACE('',(#1410),#1421,.T.);
#1410 = FACE_BOUND('',#1411,.T.);
#1411 = EDGE_LOOP('',(#1412,#1418,#1419,#1420));
#1412 = ORIENTED_EDGE('',*,*,#1413,.F.);
#1413 = EDGE_CURVE('',#1332,#1263,#1414,.T.);
#1414 = LINE('',#1415,#1416);
#1415 = CARTESIAN_POINT('',(-7.586206896552,11.,5.));
#1416 = VECTOR('',#1417,1.);
#1417 = DIRECTION('',(1.,0.,-0.));
#1418 = ORIENTED_EDGE('',*,*,#1339,.T.);
#1419 = ORIENTED_EDGE('',*,*,#1382,.T.);
#1420 = ORIENTED_EDGE('',*,*,#1270,.F.);
#1421 = PLANE('',#1422);
#1422 = AXIS2_PLACEMENT_3D('',#1423,#1424,#1425);
#1423 = CARTESIAN_POINT('',(-1.5,11.,4.5));
#1424 = DIRECTION('',(-0.,1.,0.));
#1425 = DIRECTION('',(0.,0.,1.));
#1426 = ADVANCED_FACE('',(#1427),#1468,.F.);
#1427 = FACE_BOUND('',#1428,.F.);
#1428 = EDGE_LOOP('',(#1429,#1439,#1445,#1446,#1454,#1462));
#1429 = ORIENTED_EDGE('',*,*,#1430,.F.);
#1430 = EDGE_CURVE('',#1431,#1433,#1435,.T.);
#1431 = VERTEX_POINT('',#1432);
#1432 = CARTESIAN_POINT('',(-7.586206896552,11.,-5.));
#1433 = VERTEX_POINT('',#1434);
#1434 = CARTESIAN_POINT('',(-7.586206896552,12.5,-5.));
#1435 = LINE('',#1436,#1437);
#1436 = CARTESIAN_POINT('',(-7.586206896552,11.,-5.));
#1437 = VECTOR('',#1438,1.);
#1438 = DIRECTION('',(-0.,1.,0.));
#1439 = ORIENTED_EDGE('',*,*,#1440,.T.);
#1440 = EDGE_CURVE('',#1431,#1140,#1441,.T.);
#1441 = LINE('',#1442,#1443);
#1442 = CARTESIAN_POINT('',(-7.586206896552,11.,-5.));
#1443 = VECTOR('',#1444,1.);
#1444 = DIRECTION('',(1.,0.,-0.));
#1445 = ORIENTED_EDGE('',*,*,#1399,.T.);
#1446 = ORIENTED_EDGE('',*,*,#1447,.T.);
#1447 = EDGE_CURVE('',#1218,#1448,#1450,.T.);
#1448 = VERTEX_POINT('',#1449);
#1449 = CARTESIAN_POINT('',(7.586206896552,11.,-5.));
#1450 = LINE('',#1451,#1452);
#1451 = CARTESIAN_POINT('',(-7.586206896552,11.,-5.));
#1452 = VECTOR('',#1453,1.);
#1453 = DIRECTION('',(1.,0.,-0.));
#1454 = ORIENTED_EDGE('',*,*,#1455,.T.);
#1455 = EDGE_CURVE('',#1448,#1456,#1458,.T.);
#1456 = VERTEX_POINT('',#1457);
#1457 = CARTESIAN_POINT('',(7.586206896552,12.5,-5.));
#1458 = LINE('',#1459,#1460);
#1459 = CARTESIAN_POINT('',(7.586206896552,11.,-5.));
#1460 = VECTOR('',#1461,1.);
#1461 = DIRECTION('',(-0.,1.,0.));
#1462 = ORIENTED_EDGE('',*,*,#1463,.F.);
#1463 = EDGE_CURVE('',#1433,#1456,#1464,.T.);
#1464 = LINE('',#1465,#1466);
#1465 = CARTESIAN_POINT('',(-7.586206896552,12.5,-5.));
#1466 = VECTOR('',#1467,1.);
#1467 = DIRECTION('',(1.,0.,-0.));
#1468 = PLANE('',#1469);
#1469 = AXIS2_PLACEMENT_3D('',#1470,#1471,#1472);
#1470 = CARTESIAN_POINT('',(-7.586206896552,11.,-5.));
#1471 = DIRECTION('',(0.,0.,1.));
#1472 = DIRECTION('',(1.,0.,-0.));
#1473 = ADVANCED_FACE('',(#1474),#1515,.T.);
#1474 = FACE_BOUND('',#1475,.T.);
#1475 = EDGE_LOOP('',(#1476,#1486,#1492,#1493,#1501,#1509));
#1476 = ORIENTED_EDGE('',*,*,#1477,.F.);
#1477 = EDGE_CURVE('',#1478,#1480,#1482,.T.);
#1478 = VERTEX_POINT('',#1479);
#1479 = CARTESIAN_POINT('',(-7.586206896552,11.,5.));
#1480 = VERTEX_POINT('',#1481);
#1481 = CARTESIAN_POINT('',(-7.586206896552,12.5,5.));
#1482 = LINE('',#1483,#1484);
#1483 = CARTESIAN_POINT('',(-7.586206896552,11.,5.));
#1484 = VECTOR('',#1485,1.);
#1485 = DIRECTION('',(-0.,1.,0.));
#1486 = ORIENTED_EDGE('',*,*,#1487,.T.);
#1487 = EDGE_CURVE('',#1478,#1332,#1488,.T.);
#1488 = LINE('',#1489,#1490);
#1489 = CARTESIAN_POINT('',(-7.586206896552,11.,5.));
#1490 = VECTOR('',#1491,1.);
#1491 = DIRECTION('',(1.,0.,-0.));
#1492 = ORIENTED_EDGE('',*,*,#1413,.T.);
#1493 = ORIENTED_EDGE('',*,*,#1494,.T.);
#1494 = EDGE_CURVE('',#1263,#1495,#1497,.T.);
#1495 = VERTEX_POINT('',#1496);
#1496 = CARTESIAN_POINT('',(7.586206896552,11.,5.));
#1497 = LINE('',#1498,#1499);
#1498 = CARTESIAN_POINT('',(-7.586206896552,11.,5.));
#1499 = VECTOR('',#1500,1.);
#1500 = DIRECTION('',(1.,0.,-0.));
#1501 = ORIENTED_EDGE('',*,*,#1502,.T.);
#1502 = EDGE_CURVE('',#1495,#1503,#1505,.T.);
#1503 = VERTEX_POINT('',#1504);
#1504 = CARTESIAN_POINT('',(7.586206896552,12.5,5.));
#1505 = LINE('',#1506,#1507);
#1506 = CARTESIAN_POINT('',(7.586206896552,11.,5.));
#1507 = VECTOR('',#1508,1.);
#1508 = DIRECTION('',(-0.,1.,0.));
#1509 = ORIENTED_EDGE('',*,*,#1510,.F.);
#1510 = EDGE_CURVE('',#1480,#1503,#1511,.T.);
#1511 = LINE('',#1512,#1513);
#1512 = CARTESIAN_POINT('',(-7.586206896552,12.5,5.));
#1513 = VECTOR('',#1514,1.);
#1514 = DIRECTION('',(1.,0.,-0.));
#1515 = PLANE('',#1516);
#1516 = AXIS2_PLACEMENT_3D('',#1517,#1518,#1519);
#1517 = CARTESIAN_POINT('',(-7.586206896552,11.,5.));
#1518 = DIRECTION('',(0.,0.,1.));
#1519 = DIRECTION('',(1.,0.,-0.));
#1520 = ADVANCED_FACE('',(#1521),#1539,.T.);
#1521 = FACE_BOUND('',#1522,.T.);
#1522 = EDGE_LOOP('',(#1523,#1524,#1531,#1532));
#1523 = ORIENTED_EDGE('',*,*,#1477,.T.);
#1524 = ORIENTED_EDGE('',*,*,#1525,.F.);
#1525 = EDGE_CURVE('',#1433,#1480,#1526,.T.);
#1526 = CIRCLE('',#1527,5.);
#1527 = AXIS2_PLACEMENT_3D('',#1528,#1529,#1530);
#1528 = CARTESIAN_POINT('',(-7.586206896552,12.5,0.));
#1529 = DIRECTION('',(0.,1.,0.));
#1530 = DIRECTION('',(0.,-0.,1.));
#1531 = ORIENTED_EDGE('',*,*,#1430,.F.);
#1532 = ORIENTED_EDGE('',*,*,#1533,.T.);
#1533 = EDGE_CURVE('',#1431,#1478,#1534,.T.);
#1534 = CIRCLE('',#1535,5.);
#1535 = AXIS2_PLACEMENT_3D('',#1536,#1537,#1538);
#1536 = CARTESIAN_POINT('',(-7.586206896552,11.,0.));
#1537 = DIRECTION('',(0.,1.,0.));
#1538 = DIRECTION('',(0.,-0.,1.));
#1539 = CYLINDRICAL_SURFACE('',#1540,5.);
#1540 = AXIS2_PLACEMENT_3D('',#1541,#1542,#1543);
#1541 = CARTESIAN_POINT('',(-7.586206896552,11.,0.));
#1542 = DIRECTION('',(0.,1.,0.));
#1543 = DIRECTION('',(0.,-0.,1.));
#1544 = ADVANCED_FACE('',(#1545),#1563,.T.);
#1545 = FACE_BOUND('',#1546,.T.);
#1546 = EDGE_LOOP('',(#1547,#1554,#1555,#1562));
#1547 = ORIENTED_EDGE('',*,*,#1548,.F.);
#1548 = EDGE_CURVE('',#1503,#1456,#1549,.T.);
#1549 = CIRCLE('',#1550,5.);
#1550 = AXIS2_PLACEMENT_3D('',#1551,#1552,#1553);
#1551 = CARTESIAN_POINT('',(7.586206896552,12.5,0.));
#1552 = DIRECTION('',(0.,1.,0.));
#1553 = DIRECTION('',(0.,-0.,1.));
#1554 = ORIENTED_EDGE('',*,*,#1502,.F.);
#1555 = ORIENTED_EDGE('',*,*,#1556,.T.);
#1556 = EDGE_CURVE('',#1495,#1448,#1557,.T.);
#1557 = CIRCLE('',#1558,5.);
#1558 = AXIS2_PLACEMENT_3D('',#1559,#1560,#1561);
#1559 = CARTESIAN_POINT('',(7.586206896552,11.,0.));
#1560 = DIRECTION('',(0.,1.,0.));
#1561 = DIRECTION('',(0.,-0.,1.));
#1562 = ORIENTED_EDGE('',*,*,#1455,.T.);
#1563 = CYLINDRICAL_SURFACE('',#1564,5.);
#1564 = AXIS2_PLACEMENT_3D('',#1565,#1566,#1567);
#1565 = CARTESIAN_POINT('',(7.586206896552,11.,0.));
#1566 = DIRECTION('',(0.,1.,0.));
#1567 = DIRECTION('',(0.,-0.,1.));
#1568 = ADVANCED_FACE('',(#1569),#1575,.T.);
#1569 = FACE_BOUND('',#1570,.T.);
#1570 = EDGE_LOOP('',(#1571,#1572,#1573,#1574));
#1571 = ORIENTED_EDGE('',*,*,#998,.T.);
#1572 = ORIENTED_EDGE('',*,*,#1083,.F.);
#1573 = ORIENTED_EDGE('',*,*,#918,.F.);
#1574 = ORIENTED_EDGE('',*,*,#982,.F.);
#1575 = PLANE('',#1576);
#1576 = AXIS2_PLACEMENT_3D('',#1577,#1578,#1579);
#1577 = CARTESIAN_POINT('',(-6.476089505928E-16,-12.5,
    -2.354941638519E-16));
#1578 = DIRECTION('',(-0.,-1.,-0.));
#1579 = DIRECTION('',(0.,0.,-1.));
#1580 = ADVANCED_FACE('',(#1581),#1595,.T.);
#1581 = FACE_BOUND('',#1582,.T.);
#1582 = EDGE_LOOP('',(#1583,#1584,#1585,#1586,#1587,#1588,#1589,#1590,
    #1591,#1592,#1593,#1594));
#1583 = ORIENTED_EDGE('',*,*,#1030,.F.);
#1584 = ORIENTED_EDGE('',*,*,#965,.T.);
#1585 = ORIENTED_EDGE('',*,*,#950,.T.);
#1586 = ORIENTED_EDGE('',*,*,#1324,.F.);
#1587 = ORIENTED_EDGE('',*,*,#1303,.T.);
#1588 = ORIENTED_EDGE('',*,*,#1246,.T.);
#1589 = ORIENTED_EDGE('',*,*,#934,.T.);
#1590 = ORIENTED_EDGE('',*,*,#1075,.T.);
#1591 = ORIENTED_EDGE('',*,*,#1014,.F.);
#1592 = ORIENTED_EDGE('',*,*,#1232,.T.);
#1593 = ORIENTED_EDGE('',*,*,#1178,.F.);
#1594 = ORIENTED_EDGE('',*,*,#1163,.F.);
#1595 = PLANE('',#1596);
#1596 = AXIS2_PLACEMENT_3D('',#1597,#1598,#1599);
#1597 = CARTESIAN_POINT('',(1.139697972182E-16,-11.,-2.279395944363E-16)
  );
#1598 = DIRECTION('',(0.,1.,0.));
#1599 = DIRECTION('',(0.,-0.,1.));
#1600 = ADVANCED_FACE('',(#1601),#1615,.T.);
#1601 = FACE_BOUND('',#1602,.T.);
#1602 = EDGE_LOOP('',(#1603,#1604,#1605,#1606,#1607,#1608,#1609,#1610,
    #1611,#1612,#1613,#1614));
#1603 = ORIENTED_EDGE('',*,*,#1440,.T.);
#1604 = ORIENTED_EDGE('',*,*,#1147,.T.);
#1605 = ORIENTED_EDGE('',*,*,#1194,.T.);
#1606 = ORIENTED_EDGE('',*,*,#1225,.F.);
#1607 = ORIENTED_EDGE('',*,*,#1447,.T.);
#1608 = ORIENTED_EDGE('',*,*,#1556,.F.);
#1609 = ORIENTED_EDGE('',*,*,#1494,.F.);
#1610 = ORIENTED_EDGE('',*,*,#1262,.F.);
#1611 = ORIENTED_EDGE('',*,*,#1310,.F.);
#1612 = ORIENTED_EDGE('',*,*,#1331,.T.);
#1613 = ORIENTED_EDGE('',*,*,#1487,.F.);
#1614 = ORIENTED_EDGE('',*,*,#1533,.F.);
#1615 = PLANE('',#1616);
#1616 = AXIS2_PLACEMENT_3D('',#1617,#1618,#1619);
#1617 = CARTESIAN_POINT('',(-6.268338846999E-16,11.,-2.279395944363E-16)
  );
#1618 = DIRECTION('',(-0.,-1.,-0.));
#1619 = DIRECTION('',(0.,0.,-1.));
#1620 = ADVANCED_FACE('',(#1621),#1627,.T.);
#1621 = FACE_BOUND('',#1622,.T.);
#1622 = EDGE_LOOP('',(#1623,#1624,#1625,#1626));
#1623 = ORIENTED_EDGE('',*,*,#1463,.F.);
#1624 = ORIENTED_EDGE('',*,*,#1525,.T.);
#1625 = ORIENTED_EDGE('',*,*,#1510,.T.);
#1626 = ORIENTED_EDGE('',*,*,#1548,.T.);
#1627 = PLANE('',#1628);
#1628 = AXIS2_PLACEMENT_3D('',#1629,#1630,#1631);
#1629 = CARTESIAN_POINT('',(-3.532412457779E-16,12.5,8.831031144447E-17)
  );
#1630 = DIRECTION('',(0.,1.,0.));
#1631 = DIRECTION('',(0.,-0.,1.));
#1632 = ( GEOMETRIC_REPRESENTATION_CONTEXT(3) 
GLOBAL_UNCERTAINTY_ASSIGNED_CONTEXT((#1636)) 
GLOBAL_UNIT_ASSIGNED_CONTEXT((#1633,#1634,#1635)) REPRESENTATION_CONTEXT
('Context #1','3D Context with UNIT and UNCERTAINTY') );
#1633 = ( LENGTH_UNIT() NAMED_UNIT(*) SI_UNIT(.MILLI.,.METRE.) );
#1634 = ( NAMED_UNIT(*) PLANE_ANGLE_UNIT() SI_UNIT($,.RADIAN.) );
#1635 = ( NAMED_UNIT(*) SI_UNIT($,.STERADIAN.) SOLID_ANGLE_UNIT() );
#1636 = UNCERTAINTY_MEASURE_WITH_UNIT(LENGTH_MEASURE(1.E-07),#1633,
  'distance_accuracy_value','confusion accuracy');
#1637 = CONTEXT_DEPENDENT_SHAPE_REPRESENTATION(#1638,#1640);
#1638 = ( REPRESENTATION_RELATIONSHIP('','',#901,#10) 
REPRESENTATION_RELATIONSHIP_WITH_TRANSFORMATION(#1639) 
SHAPE_REPRESENTATION_RELATIONSHIP() );
#1639 = ITEM_DEFINED_TRANSFORMATION('','',#11,#19);
#1640 = PRODUCT_DEFINITION_SHAPE('Placement','Placement of an item',
  #1641);
#1641 = NEXT_ASSEMBLY_USAGE_OCCURRENCE('2','link_01','',#5,#896,$);
#1642 = PRODUCT_RELATED_PRODUCT_CATEGORY('part',$,(#898));
#1643 = SHAPE_DEFINITION_REPRESENTATION(#1644,#1650);
#1644 = PRODUCT_DEFINITION_SHAPE('','',#1645);
#1645 = PRODUCT_DEFINITION('design','',#1646,#1649);
#1646 = PRODUCT_DEFINITION_FORMATION('','',#1647);
#1647 = PRODUCT('link_02','link_02','',(#1648));
#1648 = PRODUCT_CONTEXT('',#2,'mechanical');
#1649 = PRODUCT_DEFINITION_CONTEXT('part definition',#2,'design');
#1650 = ADVANCED_BREP_SHAPE_REPRESENTATION('',(#11,#1651),#2381);
#1651 = MANIFOLD_SOLID_BREP('',#1652);
#1652 = CLOSED_SHELL('',(#1653,#1709,#1742,#1789,#1820,#1844,#1875,#1922
    ,#1953,#1991,#2038,#2069,#2107,#2124,#2141,#2158,#2175,#2222,#2269,
    #2293,#2317,#2329,#2349,#2369));
#1653 = ADVANCED_FACE('',(#1654),#1704,.T.);
#1654 = FACE_BOUND('',#1655,.T.);
#1655 = EDGE_LOOP('',(#1656,#1666,#1674,#1682,#1690,#1698));
#1656 = ORIENTED_EDGE('',*,*,#1657,.F.);
#1657 = EDGE_CURVE('',#1658,#1660,#1662,.T.);
#1658 = VERTEX_POINT('',#1659);
#1659 = CARTESIAN_POINT('',(-7.586206896552,-12.5,5.));
#1660 = VERTEX_POINT('',#1661);
#1661 = CARTESIAN_POINT('',(-7.586206896552,-11.,5.));
#1662 = LINE('',#1663,#1664);
#1663 = CARTESIAN_POINT('',(-7.586206896552,-12.5,5.));
#1664 = VECTOR('',#1665,1.);
#1665 = DIRECTION('',(-0.,1.,0.));
#1666 = ORIENTED_EDGE('',*,*,#1667,.T.);
#1667 = EDGE_CURVE('',#1658,#1668,#1670,.T.);
#1668 = VERTEX_POINT('',#1669);
#1669 = CARTESIAN_POINT('',(7.586206896552,-12.5,5.));
#1670 = LINE('',#1671,#1672);
#1671 = CARTESIAN_POINT('',(-7.586206896552,-12.5,5.));
#1672 = VECTOR('',#1673,1.);
#1673 = DIRECTION('',(1.,0.,-0.));
#1674 = ORIENTED_EDGE('',*,*,#1675,.T.);
#1675 = EDGE_CURVE('',#1668,#1676,#1678,.T.);
#1676 = VERTEX_POINT('',#1677);
#1677 = CARTESIAN_POINT('',(7.586206896552,-11.,5.));
#1678 = LINE('',#1679,#1680);
#1679 = CARTESIAN_POINT('',(7.586206896552,-12.5,5.));
#1680 = VECTOR('',#1681,1.);
#1681 = DIRECTION('',(-0.,1.,0.));
#1682 = ORIENTED_EDGE('',*,*,#1683,.F.);
#1683 = EDGE_CURVE('',#1684,#1676,#1686,.T.);
#1684 = VERTEX_POINT('',#1685);
#1685 = CARTESIAN_POINT('',(1.5,-11.,5.));
#1686 = LINE('',#1687,#1688);
#1687 = CARTESIAN_POINT('',(-7.586206896552,-11.,5.));
#1688 = VECTOR('',#1689,1.);
#1689 = DIRECTION('',(1.,0.,-0.));
#1690 = ORIENTED_EDGE('',*,*,#1691,.F.);
#1691 = EDGE_CURVE('',#1692,#1684,#1694,.T.);
#1692 = VERTEX_POINT('',#1693);
#1693 = CARTESIAN_POINT('',(-1.5,-11.,5.));
#1694 = LINE('',#1695,#1696);
#1695 = CARTESIAN_POINT('',(-7.586206896552,-11.,5.));
#1696 = VECTOR('',#1697,1.);
#1697 = DIRECTION('',(1.,0.,-0.));
#1698 = ORIENTED_EDGE('',*,*,#1699,.F.);
#1699 = EDGE_CURVE('',#1660,#1692,#1700,.T.);
#1700 = LINE('',#1701,#1702);
#1701 = CARTESIAN_POINT('',(-7.586206896552,-11.,5.));
#1702 = VECTOR('',#1703,1.);
#1703 = DIRECTION('',(1.,0.,-0.));
#1704 = PLANE('',#1705);
#1705 = AXIS2_PLACEMENT_3D('',#1706,#1707,#1708);
#1706 = CARTESIAN_POINT('',(-7.586206896552,-12.5,5.));
#1707 = DIRECTION('',(0.,0.,1.));
#1708 = DIRECTION('',(1.,0.,-0.));
#1709 = ADVANCED_FACE('',(#1710),#1737,.T.);
#1710 = FACE_BOUND('',#1711,.T.);
#1711 = EDGE_LOOP('',(#1712,#1713,#1722,#1730));
#1712 = ORIENTED_EDGE('',*,*,#1657,.T.);
#1713 = ORIENTED_EDGE('',*,*,#1714,.F.);
#1714 = EDGE_CURVE('',#1715,#1660,#1717,.T.);
#1715 = VERTEX_POINT('',#1716);
#1716 = CARTESIAN_POINT('',(-7.586206896552,-11.,-5.));
#1717 = CIRCLE('',#1718,5.);
#1718 = AXIS2_PLACEMENT_3D('',#1719,#1720,#1721);
#1719 = CARTESIAN_POINT('',(-7.586206896552,-11.,0.));
#1720 = DIRECTION('',(0.,1.,0.));
#1721 = DIRECTION('',(0.,-0.,1.));
#1722 = ORIENTED_EDGE('',*,*,#1723,.F.);
#1723 = EDGE_CURVE('',#1724,#1715,#1726,.T.);
#1724 = VERTEX_POINT('',#1725);
#1725 = CARTESIAN_POINT('',(-7.586206896552,-12.5,-5.));
#1726 = LINE('',#1727,#1728);
#1727 = CARTESIAN_POINT('',(-7.586206896552,-12.5,-5.));
#1728 = VECTOR('',#1729,1.);
#1729 = DIRECTION('',(-0.,1.,0.));
#1730 = ORIENTED_EDGE('',*,*,#1731,.T.);
#1731 = EDGE_CURVE('',#1724,#1658,#1732,.T.);
#1732 = CIRCLE('',#1733,5.);
#1733 = AXIS2_PLACEMENT_3D('',#1734,#1735,#1736);
#1734 = CARTESIAN_POINT('',(-7.586206896552,-12.5,0.));
#1735 = DIRECTION('',(0.,1.,0.));
#1736 = DIRECTION('',(0.,-0.,1.));
#1737 = CYLINDRICAL_SURFACE('',#1738,5.);
#1738 = AXIS2_PLACEMENT_3D('',#1739,#1740,#1741);
#1739 = CARTESIAN_POINT('',(-7.586206896552,-12.5,0.));
#1740 = DIRECTION('',(0.,1.,0.));
#1741 = DIRECTION('',(0.,-0.,1.));
#1742 = ADVANCED_FACE('',(#1743),#1784,.F.);
#1743 = FACE_BOUND('',#1744,.F.);
#1744 = EDGE_LOOP('',(#1745,#1746,#1754,#1762,#1770,#1778));
#1745 = ORIENTED_EDGE('',*,*,#1723,.F.);
#1746 = ORIENTED_EDGE('',*,*,#1747,.T.);
#1747 = EDGE_CURVE('',#1724,#1748,#1750,.T.);
#1748 = VERTEX_POINT('',#1749);
#1749 = CARTESIAN_POINT('',(7.586206896552,-12.5,-5.));
#1750 = LINE('',#1751,#1752);
#1751 = CARTESIAN_POINT('',(-7.586206896552,-12.5,-5.));
#1752 = VECTOR('',#1753,1.);
#1753 = DIRECTION('',(1.,0.,-0.));
#1754 = ORIENTED_EDGE('',*,*,#1755,.T.);
#1755 = EDGE_CURVE('',#1748,#1756,#1758,.T.);
#1756 = VERTEX_POINT('',#1757);
#1757 = CARTESIAN_POINT('',(7.586206896552,-11.,-5.));
#1758 = LINE('',#1759,#1760);
#1759 = CARTESIAN_POINT('',(7.586206896552,-12.5,-5.));
#1760 = VECTOR('',#1761,1.);
#1761 = DIRECTION('',(-0.,1.,0.));
#1762 = ORIENTED_EDGE('',*,*,#1763,.F.);
#1763 = EDGE_CURVE('',#1764,#1756,#1766,.T.);
#1764 = VERTEX_POINT('',#1765);
#1765 = CARTESIAN_POINT('',(1.5,-11.,-5.));
#1766 = LINE('',#1767,#1768);
#1767 = CARTESIAN_POINT('',(-7.586206896552,-11.,-5.));
#1768 = VECTOR('',#1769,1.);
#1769 = DIRECTION('',(1.,0.,-0.));
#1770 = ORIENTED_EDGE('',*,*,#1771,.F.);
#1771 = EDGE_CURVE('',#1772,#1764,#1774,.T.);
#1772 = VERTEX_POINT('',#1773);
#1773 = CARTESIAN_POINT('',(-1.5,-11.,-5.));
#1774 = LINE('',#1775,#1776);
#1775 = CARTESIAN_POINT('',(-7.586206896552,-11.,-5.));
#1776 = VECTOR('',#1777,1.);
#1777 = DIRECTION('',(1.,0.,-0.));
#1778 = ORIENTED_EDGE('',*,*,#1779,.F.);
#1779 = EDGE_CURVE('',#1715,#1772,#1780,.T.);
#1780 = LINE('',#1781,#1782);
#1781 = CARTESIAN_POINT('',(-7.586206896552,-11.,-5.));
#1782 = VECTOR('',#1783,1.);
#1783 = DIRECTION('',(1.,0.,-0.));
#1784 = PLANE('',#1785);
#1785 = AXIS2_PLACEMENT_3D('',#1786,#1787,#1788);
#1786 = CARTESIAN_POINT('',(-7.586206896552,-12.5,-5.));
#1787 = DIRECTION('',(0.,0.,1.));
#1788 = DIRECTION('',(1.,0.,-0.));
#1789 = ADVANCED_FACE('',(#1790),#1815,.F.);
#1790 = FACE_BOUND('',#1791,.F.);
#1791 = EDGE_LOOP('',(#1792,#1800,#1808,#1814));
#1792 = ORIENTED_EDGE('',*,*,#1793,.F.);
#1793 = EDGE_CURVE('',#1794,#1764,#1796,.T.);
#1794 = VERTEX_POINT('',#1795);
#1795 = CARTESIAN_POINT('',(1.5,-11.,-6.));
#1796 = LINE('',#1797,#1798);
#1797 = CARTESIAN_POINT('',(1.5,-11.,-6.));
#1798 = VECTOR('',#1799,1.);
#1799 = DIRECTION('',(0.,0.,1.));
#1800 = ORIENTED_EDGE('',*,*,#1801,.F.);
#1801 = EDGE_CURVE('',#1802,#1794,#1804,.T.);
#1802 = VERTEX_POINT('',#1803);
#1803 = CARTESIAN_POINT('',(-1.5,-11.,-6.));
#1804 = LINE('',#1805,#1806);
#1805 = CARTESIAN_POINT('',(-1.5,-11.,-6.));
#1806 = VECTOR('',#1807,1.);
#1807 = DIRECTION('',(1.,0.,-0.));
#1808 = ORIENTED_EDGE('',*,*,#1809,.T.);
#1809 = EDGE_CURVE('',#1802,#1772,#1810,.T.);
#1810 = LINE('',#1811,#1812);
#1811 = CARTESIAN_POINT('',(-1.5,-11.,-6.));
#1812 = VECTOR('',#1813,1.);
#1813 = DIRECTION('',(0.,0.,1.));
#1814 = ORIENTED_EDGE('',*,*,#1771,.T.);
#1815 = PLANE('',#1816);
#1816 = AXIS2_PLACEMENT_3D('',#1817,#1818,#1819);
#1817 = CARTESIAN_POINT('',(-1.5,-11.,-6.));
#1818 = DIRECTION('',(-0.,1.,0.));
#1819 = DIRECTION('',(0.,0.,1.));
#1820 = ADVANCED_FACE('',(#1821),#1839,.T.);
#1821 = FACE_BOUND('',#1822,.T.);
#1822 = EDGE_LOOP('',(#1823,#1830,#1831,#1838));
#1823 = ORIENTED_EDGE('',*,*,#1824,.F.);
#1824 = EDGE_CURVE('',#1676,#1756,#1825,.T.);
#1825 = CIRCLE('',#1826,5.);
#1826 = AXIS2_PLACEMENT_3D('',#1827,#1828,#1829);
#1827 = CARTESIAN_POINT('',(7.586206896552,-11.,0.));
#1828 = DIRECTION('',(0.,1.,0.));
#1829 = DIRECTION('',(0.,-0.,1.));
#1830 = ORIENTED_EDGE('',*,*,#1675,.F.);
#1831 = ORIENTED_EDGE('',*,*,#1832,.T.);
#1832 = EDGE_CURVE('',#1668,#1748,#1833,.T.);
#1833 = CIRCLE('',#1834,5.);
#1834 = AXIS2_PLACEMENT_3D('',#1835,#1836,#1837);
#1835 = CARTESIAN_POINT('',(7.586206896552,-12.5,0.));
#1836 = DIRECTION('',(0.,1.,0.));
#1837 = DIRECTION('',(0.,-0.,1.));
#1838 = ORIENTED_EDGE('',*,*,#1755,.T.);
#1839 = CYLINDRICAL_SURFACE('',#1840,5.);
#1840 = AXIS2_PLACEMENT_3D('',#1841,#1842,#1843);
#1841 = CARTESIAN_POINT('',(7.586206896552,-12.5,0.));
#1842 = DIRECTION('',(0.,1.,0.));
#1843 = DIRECTION('',(0.,-0.,1.));
#1844 = ADVANCED_FACE('',(#1845),#1870,.F.);
#1845 = FACE_BOUND('',#1846,.F.);
#1846 = EDGE_LOOP('',(#1847,#1848,#1856,#1864));
#1847 = ORIENTED_EDGE('',*,*,#1691,.F.);
#1848 = ORIENTED_EDGE('',*,*,#1849,.T.);
#1849 = EDGE_CURVE('',#1692,#1850,#1852,.T.);
#1850 = VERTEX_POINT('',#1851);
#1851 = CARTESIAN_POINT('',(-1.5,-11.,6.));
#1852 = LINE('',#1853,#1854);
#1853 = CARTESIAN_POINT('',(-1.5,-11.,4.5));
#1854 = VECTOR('',#1855,1.);
#1855 = DIRECTION('',(0.,0.,1.));
#1856 = ORIENTED_EDGE('',*,*,#1857,.T.);
#1857 = EDGE_CURVE('',#1850,#1858,#1860,.T.);
#1858 = VERTEX_POINT('',#1859);
#1859 = CARTESIAN_POINT('',(1.5,-11.,6.));
#1860 = LINE('',#1861,#1862);
#1861 = CARTESIAN_POINT('',(-1.5,-11.,6.));
#1862 = VECTOR('',#1863,1.);
#1863 = DIRECTION('',(1.,0.,-0.));
#1864 = ORIENTED_EDGE('',*,*,#1865,.F.);
#1865 = EDGE_CURVE('',#1684,#1858,#1866,.T.);
#1866 = LINE('',#1867,#1868);
#1867 = CARTESIAN_POINT('',(1.5,-11.,4.5));
#1868 = VECTOR('',#1869,1.);
#1869 = DIRECTION('',(0.,0.,1.));
#1870 = PLANE('',#1871);
#1871 = AXIS2_PLACEMENT_3D('',#1872,#1873,#1874);
#1872 = CARTESIAN_POINT('',(-1.5,-11.,4.5));
#1873 = DIRECTION('',(-0.,1.,0.));
#1874 = DIRECTION('',(0.,0.,1.));
#1875 = ADVANCED_FACE('',(#1876),#1917,.F.);
#1876 = FACE_BOUND('',#1877,.F.);
#1877 = EDGE_LOOP('',(#1878,#1879,#1887,#1895,#1903,#1911));
#1878 = ORIENTED_EDGE('',*,*,#1809,.F.);
#1879 = ORIENTED_EDGE('',*,*,#1880,.T.);
#1880 = EDGE_CURVE('',#1802,#1881,#1883,.T.);
#1881 = VERTEX_POINT('',#1882);
#1882 = CARTESIAN_POINT('',(-1.5,11.,-6.));
#1883 = LINE('',#1884,#1885);
#1884 = CARTESIAN_POINT('',(-1.5,-11.,-6.));
#1885 = VECTOR('',#1886,1.);
#1886 = DIRECTION('',(-0.,1.,0.));
#1887 = ORIENTED_EDGE('',*,*,#1888,.T.);
#1888 = EDGE_CURVE('',#1881,#1889,#1891,.T.);
#1889 = VERTEX_POINT('',#1890);
#1890 = CARTESIAN_POINT('',(-1.5,11.,-5.));
#1891 = LINE('',#1892,#1893);
#1892 = CARTESIAN_POINT('',(-1.5,11.,-6.));
#1893 = VECTOR('',#1894,1.);
#1894 = DIRECTION('',(0.,0.,1.));
#1895 = ORIENTED_EDGE('',*,*,#1896,.T.);
#1896 = EDGE_CURVE('',#1889,#1897,#1899,.T.);
#1897 = VERTEX_POINT('',#1898);
#1898 = CARTESIAN_POINT('',(-1.5,11.,-4.5));
#1899 = LINE('',#1900,#1901);
#1900 = CARTESIAN_POINT('',(-1.5,11.,-6.));
#1901 = VECTOR('',#1902,1.);
#1902 = DIRECTION('',(0.,0.,1.));
#1903 = ORIENTED_EDGE('',*,*,#1904,.F.);
#1904 = EDGE_CURVE('',#1905,#1897,#1907,.T.);
#1905 = VERTEX_POINT('',#1906);
#1906 = CARTESIAN_POINT('',(-1.5,-11.,-4.5));
#1907 = LINE('',#1908,#1909);
#1908 = CARTESIAN_POINT('',(-1.5,-11.,-4.5));
#1909 = VECTOR('',#1910,1.);
#1910 = DIRECTION('',(-0.,1.,0.));
#1911 = ORIENTED_EDGE('',*,*,#1912,.F.);
#1912 = EDGE_CURVE('',#1772,#1905,#1913,.T.);
#1913 = LINE('',#1914,#1915);
#1914 = CARTESIAN_POINT('',(-1.5,-11.,-6.));
#1915 = VECTOR('',#1916,1.);
#1916 = DIRECTION('',(0.,0.,1.));
#1917 = PLANE('',#1918);
#1918 = AXIS2_PLACEMENT_3D('',#1919,#1920,#1921);
#1919 = CARTESIAN_POINT('',(-1.5,-11.,-6.));
#1920 = DIRECTION('',(1.,0.,-0.));
#1921 = DIRECTION('',(0.,0.,1.));
#1922 = ADVANCED_FACE('',(#1923),#1948,.T.);
#1923 = FACE_BOUND('',#1924,.T.);
#1924 = EDGE_LOOP('',(#1925,#1926,#1934,#1942));
#1925 = ORIENTED_EDGE('',*,*,#1904,.F.);
#1926 = ORIENTED_EDGE('',*,*,#1927,.T.);
#1927 = EDGE_CURVE('',#1905,#1928,#1930,.T.);
#1928 = VERTEX_POINT('',#1929);
#1929 = CARTESIAN_POINT('',(1.5,-11.,-4.5));
#1930 = LINE('',#1931,#1932);
#1931 = CARTESIAN_POINT('',(-1.5,-11.,-4.5));
#1932 = VECTOR('',#1933,1.);
#1933 = DIRECTION('',(1.,0.,-0.));
#1934 = ORIENTED_EDGE('',*,*,#1935,.T.);
#1935 = EDGE_CURVE('',#1928,#1936,#1938,.T.);
#1936 = VERTEX_POINT('',#1937);
#1937 = CARTESIAN_POINT('',(1.5,11.,-4.5));
#1938 = LINE('',#1939,#1940);
#1939 = CARTESIAN_POINT('',(1.5,-11.,-4.5));
#1940 = VECTOR('',#1941,1.);
#1941 = DIRECTION('',(-0.,1.,0.));
#1942 = ORIENTED_EDGE('',*,*,#1943,.F.);
#1943 = EDGE_CURVE('',#1897,#1936,#1944,.T.);
#1944 = LINE('',#1945,#1946);
#1945 = CARTESIAN_POINT('',(-1.5,11.,-4.5));
#1946 = VECTOR('',#1947,1.);
#1947 = DIRECTION('',(1.,0.,-0.));
#1948 = PLANE('',#1949);
#1949 = AXIS2_PLACEMENT_3D('',#1950,#1951,#1952);
#1950 = CARTESIAN_POINT('',(-1.5,-11.,-4.5));
#1951 = DIRECTION('',(0.,0.,1.));
#1952 = DIRECTION('',(1.,0.,-0.));
#1953 = ADVANCED_FACE('',(#1954),#1986,.T.);
#1954 = FACE_BOUND('',#1955,.T.);
#1955 = EDGE_LOOP('',(#1956,#1957,#1965,#1973,#1979,#1980));
#1956 = ORIENTED_EDGE('',*,*,#1793,.F.);
#1957 = ORIENTED_EDGE('',*,*,#1958,.T.);
#1958 = EDGE_CURVE('',#1794,#1959,#1961,.T.);
#1959 = VERTEX_POINT('',#1960);
#1960 = CARTESIAN_POINT('',(1.5,11.,-6.));
#1961 = LINE('',#1962,#1963);
#1962 = CARTESIAN_POINT('',(1.5,-11.,-6.));
#1963 = VECTOR('',#1964,1.);
#1964 = DIRECTION('',(-0.,1.,0.));
#1965 = ORIENTED_EDGE('',*,*,#1966,.T.);
#1966 = EDGE_CURVE('',#1959,#1967,#1969,.T.);
#1967 = VERTEX_POINT('',#1968);
#1968 = CARTESIAN_POINT('',(1.5,11.,-5.));
#1969 = LINE('',#1970,#1971);
#1970 = CARTESIAN_POINT('',(1.5,11.,-6.));
#1971 = VECTOR('',#1972,1.);
#1972 = DIRECTION('',(0.,0.,1.));
#1973 = ORIENTED_EDGE('',*,*,#1974,.T.);
#1974 = EDGE_CURVE('',#1967,#1936,#1975,.T.);
#1975 = LINE('',#1976,#1977);
#1976 = CARTESIAN_POINT('',(1.5,11.,-6.));
#1977 = VECTOR('',#1978,1.);
#1978 = DIRECTION('',(0.,0.,1.));
#1979 = ORIENTED_EDGE('',*,*,#1935,.F.);
#1980 = ORIENTED_EDGE('',*,*,#1981,.F.);
#1981 = EDGE_CURVE('',#1764,#1928,#1982,.T.);
#1982 = LINE('',#1983,#1984);
#1983 = CARTESIAN_POINT('',(1.5,-11.,-6.));
#1984 = VECTOR('',#1985,1.);
#1985 = DIRECTION('',(0.,0.,1.));
#1986 = PLANE('',#1987);
#1987 = AXIS2_PLACEMENT_3D('',#1988,#1989,#1990);
#1988 = CARTESIAN_POINT('',(1.5,-11.,-6.));
#1989 = DIRECTION('',(1.,0.,-0.));
#1990 = DIRECTION('',(0.,0.,1.));
#1991 = ADVANCED_FACE('',(#1992),#2033,.T.);
#1992 = FACE_BOUND('',#1993,.T.);
#1993 = EDGE_LOOP('',(#1994,#2002,#2010,#2018,#2026,#2032));
#1994 = ORIENTED_EDGE('',*,*,#1995,.F.);
#1995 = EDGE_CURVE('',#1996,#1684,#1998,.T.);
#1996 = VERTEX_POINT('',#1997);
#1997 = CARTESIAN_POINT('',(1.5,-11.,4.5));
#1998 = LINE('',#1999,#2000);
#1999 = CARTESIAN_POINT('',(1.5,-11.,4.5));
#2000 = VECTOR('',#2001,1.);
#2001 = DIRECTION('',(0.,0.,1.));
#2002 = ORIENTED_EDGE('',*,*,#2003,.T.);
#2003 = EDGE_CURVE('',#1996,#2004,#2006,.T.);
#2004 = VERTEX_POINT('',#2005);
#2005 = CARTESIAN_POINT('',(1.5,11.,4.5));
#2006 = LINE('',#2007,#2008);
#2007 = CARTESIAN_POINT('',(1.5,-11.,4.5));
#2008 = VECTOR('',#2009,1.);
#2009 = DIRECTION('',(-0.,1.,0.));
#2010 = ORIENTED_EDGE('',*,*,#2011,.T.);
#2011 = EDGE_CURVE('',#2004,#2012,#2014,.T.);
#2012 = VERTEX_POINT('',#2013);
#2013 = CARTESIAN_POINT('',(1.5,11.,5.));
#2014 = LINE('',#2015,#2016);
#2015 = CARTESIAN_POINT('',(1.5,11.,4.5));
#2016 = VECTOR('',#2017,1.);
#2017 = DIRECTION('',(0.,0.,1.));
#2018 = ORIENTED_EDGE('',*,*,#2019,.T.);
#2019 = EDGE_CURVE('',#2012,#2020,#2022,.T.);
#2020 = VERTEX_POINT('',#2021);
#2021 = CARTESIAN_POINT('',(1.5,11.,6.));
#2022 = LINE('',#2023,#2024);
#2023 = CARTESIAN_POINT('',(1.5,11.,4.5));
#2024 = VECTOR('',#2025,1.);
#2025 = DIRECTION('',(0.,0.,1.));
#2026 = ORIENTED_EDGE('',*,*,#2027,.F.);
#2027 = EDGE_CURVE('',#1858,#2020,#2028,.T.);
#2028 = LINE('',#2029,#2030);
#2029 = CARTESIAN_POINT('',(1.5,-11.,6.));
#2030 = VECTOR('',#2031,1.);
#2031 = DIRECTION('',(-0.,1.,0.));
#2032 = ORIENTED_EDGE('',*,*,#1865,.F.);
#2033 = PLANE('',#2034);
#2034 = AXIS2_PLACEMENT_3D('',#2035,#2036,#2037);
#2035 = CARTESIAN_POINT('',(1.5,-11.,4.5));
#2036 = DIRECTION('',(1.,0.,-0.));
#2037 = DIRECTION('',(0.,0.,1.));
#2038 = ADVANCED_FACE('',(#2039),#2064,.F.);
#2039 = FACE_BOUND('',#2040,.F.);
#2040 = EDGE_LOOP('',(#2041,#2051,#2057,#2058));
#2041 = ORIENTED_EDGE('',*,*,#2042,.F.);
#2042 = EDGE_CURVE('',#2043,#2045,#2047,.T.);
#2043 = VERTEX_POINT('',#2044);
#2044 = CARTESIAN_POINT('',(-1.5,-11.,4.5));
#2045 = VERTEX_POINT('',#2046);
#2046 = CARTESIAN_POINT('',(-1.5,11.,4.5));
#2047 = LINE('',#2048,#2049);
#2048 = CARTESIAN_POINT('',(-1.5,-11.,4.5));
#2049 = VECTOR('',#2050,1.);
#2050 = DIRECTION('',(-0.,1.,0.));
#2051 = ORIENTED_EDGE('',*,*,#2052,.T.);
#2052 = EDGE_CURVE('',#2043,#1996,#2053,.T.);
#2053 = LINE('',#2054,#2055);
#2054 = CARTESIAN_POINT('',(-1.5,-11.,4.5));
#2055 = VECTOR('',#2056,1.);
#2056 = DIRECTION('',(1.,0.,-0.));
#2057 = ORIENTED_EDGE('',*,*,#2003,.T.);
#2058 = ORIENTED_EDGE('',*,*,#2059,.F.);
#2059 = EDGE_CURVE('',#2045,#2004,#2060,.T.);
#2060 = LINE('',#2061,#2062);
#2061 = CARTESIAN_POINT('',(-1.5,11.,4.5));
#2062 = VECTOR('',#2063,1.);
#2063 = DIRECTION('',(1.,0.,-0.));
#2064 = PLANE('',#2065);
#2065 = AXIS2_PLACEMENT_3D('',#2066,#2067,#2068);
#2066 = CARTESIAN_POINT('',(-1.5,-11.,4.5));
#2067 = DIRECTION('',(0.,0.,1.));
#2068 = DIRECTION('',(1.,0.,-0.));
#2069 = ADVANCED_FACE('',(#2070),#2102,.F.);
#2070 = FACE_BOUND('',#2071,.F.);
#2071 = EDGE_LOOP('',(#2072,#2078,#2079,#2087,#2095,#2101));
#2072 = ORIENTED_EDGE('',*,*,#2073,.F.);
#2073 = EDGE_CURVE('',#2043,#1692,#2074,.T.);
#2074 = LINE('',#2075,#2076);
#2075 = CARTESIAN_POINT('',(-1.5,-11.,4.5));
#2076 = VECTOR('',#2077,1.);
#2077 = DIRECTION('',(0.,0.,1.));
#2078 = ORIENTED_EDGE('',*,*,#2042,.T.);
#2079 = ORIENTED_EDGE('',*,*,#2080,.T.);
#2080 = EDGE_CURVE('',#2045,#2081,#2083,.T.);
#2081 = VERTEX_POINT('',#2082);
#2082 = CARTESIAN_POINT('',(-1.5,11.,5.));
#2083 = LINE('',#2084,#2085);
#2084 = CARTESIAN_POINT('',(-1.5,11.,4.5));
#2085 = VECTOR('',#2086,1.);
#2086 = DIRECTION('',(0.,0.,1.));
#2087 = ORIENTED_EDGE('',*,*,#2088,.T.);
#2088 = EDGE_CURVE('',#2081,#2089,#2091,.T.);
#2089 = VERTEX_POINT('',#2090);
#2090 = CARTESIAN_POINT('',(-1.5,11.,6.));
#2091 = LINE('',#2092,#2093);
#2092 = CARTESIAN_POINT('',(-1.5,11.,4.5));
#2093 = VECTOR('',#2094,1.);
#2094 = DIRECTION('',(0.,0.,1.));
#2095 = ORIENTED_EDGE('',*,*,#2096,.F.);
#2096 = EDGE_CURVE('',#1850,#2089,#2097,.T.);
#2097 = LINE('',#2098,#2099);
#2098 = CARTESIAN_POINT('',(-1.5,-11.,6.));
#2099 = VECTOR('',#2100,1.);
#2100 = DIRECTION('',(-0.,1.,0.));
#2101 = ORIENTED_EDGE('',*,*,#1849,.F.);
#2102 = PLANE('',#2103);
#2103 = AXIS2_PLACEMENT_3D('',#2104,#2105,#2106);
#2104 = CARTESIAN_POINT('',(-1.5,-11.,4.5));
#2105 = DIRECTION('',(1.,0.,-0.));
#2106 = DIRECTION('',(0.,0.,1.));
#2107 = ADVANCED_FACE('',(#2108),#2119,.F.);
#2108 = FACE_BOUND('',#2109,.F.);
#2109 = EDGE_LOOP('',(#2110,#2111,#2112,#2113));
#2110 = ORIENTED_EDGE('',*,*,#1880,.F.);
#2111 = ORIENTED_EDGE('',*,*,#1801,.T.);
#2112 = ORIENTED_EDGE('',*,*,#1958,.T.);
#2113 = ORIENTED_EDGE('',*,*,#2114,.F.);
#2114 = EDGE_CURVE('',#1881,#1959,#2115,.T.);
#2115 = LINE('',#2116,#2117);
#2116 = CARTESIAN_POINT('',(-1.5,11.,-6.));
#2117 = VECTOR('',#2118,1.);
#2118 = DIRECTION('',(1.,0.,-0.));
#2119 = PLANE('',#2120);
#2120 = AXIS2_PLACEMENT_3D('',#2121,#2122,#2123);
#2121 = CARTESIAN_POINT('',(-1.5,-11.,-6.));
#2122 = DIRECTION('',(0.,0.,1.));
#2123 = DIRECTION('',(1.,0.,-0.));
#2124 = ADVANCED_FACE('',(#2125),#2136,.T.);
#2125 = FACE_BOUND('',#2126,.T.);
#2126 = EDGE_LOOP('',(#2127,#2128,#2129,#2130));
#2127 = ORIENTED_EDGE('',*,*,#2096,.F.);
#2128 = ORIENTED_EDGE('',*,*,#1857,.T.);
#2129 = ORIENTED_EDGE('',*,*,#2027,.T.);
#2130 = ORIENTED_EDGE('',*,*,#2131,.F.);
#2131 = EDGE_CURVE('',#2089,#2020,#2132,.T.);
#2132 = LINE('',#2133,#2134);
#2133 = CARTESIAN_POINT('',(-1.5,11.,6.));
#2134 = VECTOR('',#2135,1.);
#2135 = DIRECTION('',(1.,0.,-0.));
#2136 = PLANE('',#2137);
#2137 = AXIS2_PLACEMENT_3D('',#2138,#2139,#2140);
#2138 = CARTESIAN_POINT('',(-1.5,-11.,6.));
#2139 = DIRECTION('',(0.,0.,1.));
#2140 = DIRECTION('',(1.,0.,-0.));
#2141 = ADVANCED_FACE('',(#2142),#2153,.T.);
#2142 = FACE_BOUND('',#2143,.T.);
#2143 = EDGE_LOOP('',(#2144,#2145,#2146,#2147));
#2144 = ORIENTED_EDGE('',*,*,#1966,.F.);
#2145 = ORIENTED_EDGE('',*,*,#2114,.F.);
#2146 = ORIENTED_EDGE('',*,*,#1888,.T.);
#2147 = ORIENTED_EDGE('',*,*,#2148,.T.);
#2148 = EDGE_CURVE('',#1889,#1967,#2149,.T.);
#2149 = LINE('',#2150,#2151);
#2150 = CARTESIAN_POINT('',(-7.586206896552,11.,-5.));
#2151 = VECTOR('',#2152,1.);
#2152 = DIRECTION('',(1.,0.,-0.));
#2153 = PLANE('',#2154);
#2154 = AXIS2_PLACEMENT_3D('',#2155,#2156,#2157);
#2155 = CARTESIAN_POINT('',(-1.5,11.,-6.));
#2156 = DIRECTION('',(-0.,1.,0.));
#2157 = DIRECTION('',(0.,0.,1.));
#2158 = ADVANCED_FACE('',(#2159),#2170,.T.);
#2159 = FACE_BOUND('',#2160,.T.);
#2160 = EDGE_LOOP('',(#2161,#2167,#2168,#2169));
#2161 = ORIENTED_EDGE('',*,*,#2162,.F.);
#2162 = EDGE_CURVE('',#2081,#2012,#2163,.T.);
#2163 = LINE('',#2164,#2165);
#2164 = CARTESIAN_POINT('',(-7.586206896552,11.,5.));
#2165 = VECTOR('',#2166,1.);
#2166 = DIRECTION('',(1.,0.,-0.));
#2167 = ORIENTED_EDGE('',*,*,#2088,.T.);
#2168 = ORIENTED_EDGE('',*,*,#2131,.T.);
#2169 = ORIENTED_EDGE('',*,*,#2019,.F.);
#2170 = PLANE('',#2171);
#2171 = AXIS2_PLACEMENT_3D('',#2172,#2173,#2174);
#2172 = CARTESIAN_POINT('',(-1.5,11.,4.5));
#2173 = DIRECTION('',(-0.,1.,0.));
#2174 = DIRECTION('',(0.,0.,1.));
#2175 = ADVANCED_FACE('',(#2176),#2217,.F.);
#2176 = FACE_BOUND('',#2177,.F.);
#2177 = EDGE_LOOP('',(#2178,#2188,#2194,#2195,#2203,#2211));
#2178 = ORIENTED_EDGE('',*,*,#2179,.F.);
#2179 = EDGE_CURVE('',#2180,#2182,#2184,.T.);
#2180 = VERTEX_POINT('',#2181);
#2181 = CARTESIAN_POINT('',(-7.586206896552,11.,-5.));
#2182 = VERTEX_POINT('',#2183);
#2183 = CARTESIAN_POINT('',(-7.586206896552,12.5,-5.));
#2184 = LINE('',#2185,#2186);
#2185 = CARTESIAN_POINT('',(-7.586206896552,11.,-5.));
#2186 = VECTOR('',#2187,1.);
#2187 = DIRECTION('',(-0.,1.,0.));
#2188 = ORIENTED_EDGE('',*,*,#2189,.T.);
#2189 = EDGE_CURVE('',#2180,#1889,#2190,.T.);
#2190 = LINE('',#2191,#2192);
#2191 = CARTESIAN_POINT('',(-7.586206896552,11.,-5.));
#2192 = VECTOR('',#2193,1.);
#2193 = DIRECTION('',(1.,0.,-0.));
#2194 = ORIENTED_EDGE('',*,*,#2148,.T.);
#2195 = ORIENTED_EDGE('',*,*,#2196,.T.);
#2196 = EDGE_CURVE('',#1967,#2197,#2199,.T.);
#2197 = VERTEX_POINT('',#2198);
#2198 = CARTESIAN_POINT('',(7.586206896552,11.,-5.));
#2199 = LINE('',#2200,#2201);
#2200 = CARTESIAN_POINT('',(-7.586206896552,11.,-5.));
#2201 = VECTOR('',#2202,1.);
#2202 = DIRECTION('',(1.,0.,-0.));
#2203 = ORIENTED_EDGE('',*,*,#2204,.T.);
#2204 = EDGE_CURVE('',#2197,#2205,#2207,.T.);
#2205 = VERTEX_POINT('',#2206);
#2206 = CARTESIAN_POINT('',(7.586206896552,12.5,-5.));
#2207 = LINE('',#2208,#2209);
#2208 = CARTESIAN_POINT('',(7.586206896552,11.,-5.));
#2209 = VECTOR('',#2210,1.);
#2210 = DIRECTION('',(-0.,1.,0.));
#2211 = ORIENTED_EDGE('',*,*,#2212,.F.);
#2212 = EDGE_CURVE('',#2182,#2205,#2213,.T.);
#2213 = LINE('',#2214,#2215);
#2214 = CARTESIAN_POINT('',(-7.586206896552,12.5,-5.));
#2215 = VECTOR('',#2216,1.);
#2216 = DIRECTION('',(1.,0.,-0.));
#2217 = PLANE('',#2218);
#2218 = AXIS2_PLACEMENT_3D('',#2219,#2220,#2221);
#2219 = CARTESIAN_POINT('',(-7.586206896552,11.,-5.));
#2220 = DIRECTION('',(0.,0.,1.));
#2221 = DIRECTION('',(1.,0.,-0.));
#2222 = ADVANCED_FACE('',(#2223),#2264,.T.);
#2223 = FACE_BOUND('',#2224,.T.);
#2224 = EDGE_LOOP('',(#2225,#2235,#2241,#2242,#2250,#2258));
#2225 = ORIENTED_EDGE('',*,*,#2226,.F.);
#2226 = EDGE_CURVE('',#2227,#2229,#2231,.T.);
#2227 = VERTEX_POINT('',#2228);
#2228 = CARTESIAN_POINT('',(-7.586206896552,11.,5.));
#2229 = VERTEX_POINT('',#2230);
#2230 = CARTESIAN_POINT('',(-7.586206896552,12.5,5.));
#2231 = LINE('',#2232,#2233);
#2232 = CARTESIAN_POINT('',(-7.586206896552,11.,5.));
#2233 = VECTOR('',#2234,1.);
#2234 = DIRECTION('',(-0.,1.,0.));
#2235 = ORIENTED_EDGE('',*,*,#2236,.T.);
#2236 = EDGE_CURVE('',#2227,#2081,#2237,.T.);
#2237 = LINE('',#2238,#2239);
#2238 = CARTESIAN_POINT('',(-7.586206896552,11.,5.));
#2239 = VECTOR('',#2240,1.);
#2240 = DIRECTION('',(1.,0.,-0.));
#2241 = ORIENTED_EDGE('',*,*,#2162,.T.);
#2242 = ORIENTED_EDGE('',*,*,#2243,.T.);
#2243 = EDGE_CURVE('',#2012,#2244,#2246,.T.);
#2244 = VERTEX_POINT('',#2245);
#2245 = CARTESIAN_POINT('',(7.586206896552,11.,5.));
#2246 = LINE('',#2247,#2248);
#2247 = CARTESIAN_POINT('',(-7.586206896552,11.,5.));
#2248 = VECTOR('',#2249,1.);
#2249 = DIRECTION('',(1.,0.,-0.));
#2250 = ORIENTED_EDGE('',*,*,#2251,.T.);
#2251 = EDGE_CURVE('',#2244,#2252,#2254,.T.);
#2252 = VERTEX_POINT('',#2253);
#2253 = CARTESIAN_POINT('',(7.586206896552,12.5,5.));
#2254 = LINE('',#2255,#2256);
#2255 = CARTESIAN_POINT('',(7.586206896552,11.,5.));
#2256 = VECTOR('',#2257,1.);
#2257 = DIRECTION('',(-0.,1.,0.));
#2258 = ORIENTED_EDGE('',*,*,#2259,.F.);
#2259 = EDGE_CURVE('',#2229,#2252,#2260,.T.);
#2260 = LINE('',#2261,#2262);
#2261 = CARTESIAN_POINT('',(-7.586206896552,12.5,5.));
#2262 = VECTOR('',#2263,1.);
#2263 = DIRECTION('',(1.,0.,-0.));
#2264 = PLANE('',#2265);
#2265 = AXIS2_PLACEMENT_3D('',#2266,#2267,#2268);
#2266 = CARTESIAN_POINT('',(-7.586206896552,11.,5.));
#2267 = DIRECTION('',(0.,0.,1.));
#2268 = DIRECTION('',(1.,0.,-0.));
#2269 = ADVANCED_FACE('',(#2270),#2288,.T.);
#2270 = FACE_BOUND('',#2271,.T.);
#2271 = EDGE_LOOP('',(#2272,#2273,#2280,#2281));
#2272 = ORIENTED_EDGE('',*,*,#2226,.T.);
#2273 = ORIENTED_EDGE('',*,*,#2274,.F.);
#2274 = EDGE_CURVE('',#2182,#2229,#2275,.T.);
#2275 = CIRCLE('',#2276,5.);
#2276 = AXIS2_PLACEMENT_3D('',#2277,#2278,#2279);
#2277 = CARTESIAN_POINT('',(-7.586206896552,12.5,0.));
#2278 = DIRECTION('',(0.,1.,0.));
#2279 = DIRECTION('',(0.,-0.,1.));
#2280 = ORIENTED_EDGE('',*,*,#2179,.F.);
#2281 = ORIENTED_EDGE('',*,*,#2282,.T.);
#2282 = EDGE_CURVE('',#2180,#2227,#2283,.T.);
#2283 = CIRCLE('',#2284,5.);
#2284 = AXIS2_PLACEMENT_3D('',#2285,#2286,#2287);
#2285 = CARTESIAN_POINT('',(-7.586206896552,11.,0.));
#2286 = DIRECTION('',(0.,1.,0.));
#2287 = DIRECTION('',(0.,-0.,1.));
#2288 = CYLINDRICAL_SURFACE('',#2289,5.);
#2289 = AXIS2_PLACEMENT_3D('',#2290,#2291,#2292);
#2290 = CARTESIAN_POINT('',(-7.586206896552,11.,0.));
#2291 = DIRECTION('',(0.,1.,0.));
#2292 = DIRECTION('',(0.,-0.,1.));
#2293 = ADVANCED_FACE('',(#2294),#2312,.T.);
#2294 = FACE_BOUND('',#2295,.T.);
#2295 = EDGE_LOOP('',(#2296,#2303,#2304,#2311));
#2296 = ORIENTED_EDGE('',*,*,#2297,.F.);
#2297 = EDGE_CURVE('',#2252,#2205,#2298,.T.);
#2298 = CIRCLE('',#2299,5.);
#2299 = AXIS2_PLACEMENT_3D('',#2300,#2301,#2302);
#2300 = CARTESIAN_POINT('',(7.586206896552,12.5,0.));
#2301 = DIRECTION('',(0.,1.,0.));
#2302 = DIRECTION('',(0.,-0.,1.));
#2303 = ORIENTED_EDGE('',*,*,#2251,.F.);
#2304 = ORIENTED_EDGE('',*,*,#2305,.T.);
#2305 = EDGE_CURVE('',#2244,#2197,#2306,.T.);
#2306 = CIRCLE('',#2307,5.);
#2307 = AXIS2_PLACEMENT_3D('',#2308,#2309,#2310);
#2308 = CARTESIAN_POINT('',(7.586206896552,11.,0.));
#2309 = DIRECTION('',(0.,1.,0.));
#2310 = DIRECTION('',(0.,-0.,1.));
#2311 = ORIENTED_EDGE('',*,*,#2204,.T.);
#2312 = CYLINDRICAL_SURFACE('',#2313,5.);
#2313 = AXIS2_PLACEMENT_3D('',#2314,#2315,#2316);
#2314 = CARTESIAN_POINT('',(7.586206896552,11.,0.));
#2315 = DIRECTION('',(0.,1.,0.));
#2316 = DIRECTION('',(0.,-0.,1.));
#2317 = ADVANCED_FACE('',(#2318),#2324,.T.);
#2318 = FACE_BOUND('',#2319,.T.);
#2319 = EDGE_LOOP('',(#2320,#2321,#2322,#2323));
#2320 = ORIENTED_EDGE('',*,*,#1747,.T.);
#2321 = ORIENTED_EDGE('',*,*,#1832,.F.);
#2322 = ORIENTED_EDGE('',*,*,#1667,.F.);
#2323 = ORIENTED_EDGE('',*,*,#1731,.F.);
#2324 = PLANE('',#2325);
#2325 = AXIS2_PLACEMENT_3D('',#2326,#2327,#2328);
#2326 = CARTESIAN_POINT('',(-6.476089505928E-16,-12.5,
    -2.354941638519E-16));
#2327 = DIRECTION('',(-0.,-1.,-0.));
#2328 = DIRECTION('',(0.,0.,-1.));
#2329 = ADVANCED_FACE('',(#2330),#2344,.T.);
#2330 = FACE_BOUND('',#2331,.T.);
#2331 = EDGE_LOOP('',(#2332,#2333,#2334,#2335,#2336,#2337,#2338,#2339,
    #2340,#2341,#2342,#2343));
#2332 = ORIENTED_EDGE('',*,*,#1779,.F.);
#2333 = ORIENTED_EDGE('',*,*,#1714,.T.);
#2334 = ORIENTED_EDGE('',*,*,#1699,.T.);
#2335 = ORIENTED_EDGE('',*,*,#2073,.F.);
#2336 = ORIENTED_EDGE('',*,*,#2052,.T.);
#2337 = ORIENTED_EDGE('',*,*,#1995,.T.);
#2338 = ORIENTED_EDGE('',*,*,#1683,.T.);
#2339 = ORIENTED_EDGE('',*,*,#1824,.T.);
#2340 = ORIENTED_EDGE('',*,*,#1763,.F.);
#2341 = ORIENTED_EDGE('',*,*,#1981,.T.);
#2342 = ORIENTED_EDGE('',*,*,#1927,.F.);
#2343 = ORIENTED_EDGE('',*,*,#1912,.F.);
#2344 = PLANE('',#2345);
#2345 = AXIS2_PLACEMENT_3D('',#2346,#2347,#2348);
#2346 = CARTESIAN_POINT('',(1.139697972182E-16,-11.,-2.279395944363E-16)
  );
#2347 = DIRECTION('',(0.,1.,0.));
#2348 = DIRECTION('',(0.,-0.,1.));
#2349 = ADVANCED_FACE('',(#2350),#2364,.T.);
#2350 = FACE_BOUND('',#2351,.T.);
#2351 = EDGE_LOOP('',(#2352,#2353,#2354,#2355,#2356,#2357,#2358,#2359,
    #2360,#2361,#2362,#2363));
#2352 = ORIENTED_EDGE('',*,*,#2189,.T.);
#2353 = ORIENTED_EDGE('',*,*,#1896,.T.);
#2354 = ORIENTED_EDGE('',*,*,#1943,.T.);
#2355 = ORIENTED_EDGE('',*,*,#1974,.F.);
#2356 = ORIENTED_EDGE('',*,*,#2196,.T.);
#2357 = ORIENTED_EDGE('',*,*,#2305,.F.);
#2358 = ORIENTED_EDGE('',*,*,#2243,.F.);
#2359 = ORIENTED_EDGE('',*,*,#2011,.F.);
#2360 = ORIENTED_EDGE('',*,*,#2059,.F.);
#2361 = ORIENTED_EDGE('',*,*,#2080,.T.);
#2362 = ORIENTED_EDGE('',*,*,#2236,.F.);
#2363 = ORIENTED_EDGE('',*,*,#2282,.F.);
#2364 = PLANE('',#2365);
#2365 = AXIS2_PLACEMENT_3D('',#2366,#2367,#2368);
#2366 = CARTESIAN_POINT('',(-6.268338846999E-16,11.,-2.279395944363E-16)
  );
#2367 = DIRECTION('',(-0.,-1.,-0.));
#2368 = DIRECTION('',(0.,0.,-1.));
#2369 = ADVANCED_FACE('',(#2370),#2376,.T.);
#2370 = FACE_BOUND('',#2371,.T.);
#2371 = EDGE_LOOP('',(#2372,#2373,#2374,#2375));
#2372 = ORIENTED_EDGE('',*,*,#2212,.F.);
#2373 = ORIENTED_EDGE('',*,*,#2274,.T.);
#2374 = ORIENTED_EDGE('',*,*,#2259,.T.);
#2375 = ORIENTED_EDGE('',*,*,#2297,.T.);
#2376 = PLANE('',#2377);
#2377 = AXIS2_PLACEMENT_3D('',#2378,#2379,#2380);
#2378 = CARTESIAN_POINT('',(-3.532412457779E-16,12.5,8.831031144447E-17)
  );
#2379 = DIRECTION('',(0.,1.,0.));
#2380 = DIRECTION('',(0.,-0.,1.));
#2381 = ( GEOMETRIC_REPRESENTATION_CONTEXT(3) 
GLOBAL_UNCERTAINTY_ASSIGNED_CONTEXT((#2385)) 
GLOBAL_UNIT_ASSIGNED_CONTEXT((#2382,#2383,#2384)) REPRESENTATION_CONTEXT
('Context #1','3D Context with UNIT and UNCERTAINTY') );
#2382 = ( LENGTH_UNIT() NAMED_UNIT(*) SI_UNIT(.MILLI.,.METRE.) );
#2383 = ( NAMED_UNIT(*) PLANE_ANGLE_UNIT() SI_UNIT($,.RADIAN.) );
#2384 = ( NAMED_UNIT(*) SI_UNIT($,.STERADIAN.) SOLID_ANGLE_UNIT() );
#2385 = UNCERTAINTY_MEASURE_WITH_UNIT(LENGTH_MEASURE(1.E-07),#2382,
  'distance_accuracy_value','confusion accuracy');
#2386 = CONTEXT_DEPENDENT_SHAPE_REPRESENTATION(#2387,#2389);
#2387 = ( REPRESENTATION_RELATIONSHIP('','',#1650,#10) 
REPRESENTATION_RELATIONSHIP_WITH_TRANSFORMATION(#2388) 
SHAPE_REPRESENTATION_RELATIONSHIP() );
#2388 = ITEM_DEFINED_TRANSFORMATION('','',#11,#23);
#2389 = PRODUCT_DEFINITION_SHAPE('Placement','Placement of an item',
  #2390);
#2390 = NEXT_ASSEMBLY_USAGE_OCCURRENCE('3','link_02','',#5,#1645,$);
#2391 = PRODUCT_RELATED_PRODUCT_CATEGORY('part',$,(#1647));
#2392 = SHAPE_DEFINITION_REPRESENTATION(#2393,#2399);
#2393 = PRODUCT_DEFINITION_SHAPE('','',#2394);
#2394 = PRODUCT_DEFINITION('design','',#2395,#2398);
#2395 = PRODUCT_DEFINITION_FORMATION('','',#2396);
#2396 = PRODUCT('link_03','link_03','',(#2397));
#2397 = PRODUCT_CONTEXT('',#2,'mechanical');
#2398 = PRODUCT_DEFINITION_CONTEXT('part definition',#2,'design');
#2399 = ADVANCED_BREP_SHAPE_REPRESENTATION('',(#11,#2400),#3130);
#2400 = MANIFOLD_SOLID_BREP('',#2401);
#2401 = CLOSED_SHELL('',(#2402,#2458,#2491,#2538,#2569,#2593,#2624,#2671
    ,#2702,#2740,#2787,#2818,#2856,#2873,#2890,#2907,#2924,#2971,#3018,
    #3042,#3066,#3078,#3098,#3118));
#2402 = ADVANCED_FACE('',(#2403),#2453,.T.);
#2403 = FACE_BOUND('',#2404,.T.);
#2404 = EDGE_LOOP('',(#2405,#2415,#2423,#2431,#2439,#2447));
#2405 = ORIENTED_EDGE('',*,*,#2406,.F.);
#2406 = EDGE_CURVE('',#2407,#2409,#2411,.T.);
#2407 = VERTEX_POINT('',#2408);
#2408 = CARTESIAN_POINT('',(-7.586206896552,-12.5,5.));
#2409 = VERTEX_POINT('',#2410);
#2410 = CARTESIAN_POINT('',(-7.586206896552,-11.,5.));
#2411 = LINE('',#2412,#2413);
#2412 = CARTESIAN_POINT('',(-7.586206896552,-12.5,5.));
#2413 = VECTOR('',#2414,1.);
#2414 = DIRECTION('',(-0.,1.,0.));
#2415 = ORIENTED_EDGE('',*,*,#2416,.T.);
#2416 = EDGE_CURVE('',#2407,#2417,#2419,.T.);
#2417 = VERTEX_POINT('',#2418);
#2418 = CARTESIAN_POINT('',(7.586206896552,-12.5,5.));
#2419 = LINE('',#2420,#2421);
#2420 = CARTESIAN_POINT('',(-7.586206896552,-12.5,5.));
#2421 = VECTOR('',#2422,1.);
#2422 = DIRECTION('',(1.,0.,-0.));
#2423 = ORIENTED_EDGE('',*,*,#2424,.T.);
#2424 = EDGE_CURVE('',#2417,#2425,#2427,.T.);
#2425 = VERTEX_POINT('',#2426);
#2426 = CARTESIAN_POINT('',(7.586206896552,-11.,5.));
#2427 = LINE('',#2428,#2429);
#2428 = CARTESIAN_POINT('',(7.586206896552,-12.5,5.));
#2429 = VECTOR('',#2430,1.);
#2430 = DIRECTION('',(-0.,1.,0.));
#2431 = ORIENTED_EDGE('',*,*,#2432,.F.);
#2432 = EDGE_CURVE('',#2433,#2425,#2435,.T.);
#2433 = VERTEX_POINT('',#2434);
#2434 = CARTESIAN_POINT('',(1.5,-11.,5.));
#2435 = LINE('',#2436,#2437);
#2436 = CARTESIAN_POINT('',(-7.586206896552,-11.,5.));
#2437 = VECTOR('',#2438,1.);
#2438 = DIRECTION('',(1.,0.,-0.));
#2439 = ORIENTED_EDGE('',*,*,#2440,.F.);
#2440 = EDGE_CURVE('',#2441,#2433,#2443,.T.);
#2441 = VERTEX_POINT('',#2442);
#2442 = CARTESIAN_POINT('',(-1.5,-11.,5.));
#2443 = LINE('',#2444,#2445);
#2444 = CARTESIAN_POINT('',(-7.586206896552,-11.,5.));
#2445 = VECTOR('',#2446,1.);
#2446 = DIRECTION('',(1.,0.,-0.));
#2447 = ORIENTED_EDGE('',*,*,#2448,.F.);
#2448 = EDGE_CURVE('',#2409,#2441,#2449,.T.);
#2449 = LINE('',#2450,#2451);
#2450 = CARTESIAN_POINT('',(-7.586206896552,-11.,5.));
#2451 = VECTOR('',#2452,1.);
#2452 = DIRECTION('',(1.,0.,-0.));
#2453 = PLANE('',#2454);
#2454 = AXIS2_PLACEMENT_3D('',#2455,#2456,#2457);
#2455 = CARTESIAN_POINT('',(-7.586206896552,-12.5,5.));
#2456 = DIRECTION('',(0.,0.,1.));
#2457 = DIRECTION('',(1.,0.,-0.));
#2458 = ADVANCED_FACE('',(#2459),#2486,.T.);
#2459 = FACE_BOUND('',#2460,.T.);
#2460 = EDGE_LOOP('',(#2461,#2462,#2471,#2479));
#2461 = ORIENTED_EDGE('',*,*,#2406,.T.);
#2462 = ORIENTED_EDGE('',*,*,#2463,.F.);
#2463 = EDGE_CURVE('',#2464,#2409,#2466,.T.);
#2464 = VERTEX_POINT('',#2465);
#2465 = CARTESIAN_POINT('',(-7.586206896552,-11.,-5.));
#2466 = CIRCLE('',#2467,5.);
#2467 = AXIS2_PLACEMENT_3D('',#2468,#2469,#2470);
#2468 = CARTESIAN_POINT('',(-7.586206896552,-11.,0.));
#2469 = DIRECTION('',(0.,1.,0.));
#2470 = DIRECTION('',(0.,-0.,1.));
#2471 = ORIENTED_EDGE('',*,*,#2472,.F.);
#2472 = EDGE_CURVE('',#2473,#2464,#2475,.T.);
#2473 = VERTEX_POINT('',#2474);
#2474 = CARTESIAN_POINT('',(-7.586206896552,-12.5,-5.));
#2475 = LINE('',#2476,#2477);
#2476 = CARTESIAN_POINT('',(-7.586206896552,-12.5,-5.));
#2477 = VECTOR('',#2478,1.);
#2478 = DIRECTION('',(-0.,1.,0.));
#2479 = ORIENTED_EDGE('',*,*,#2480,.T.);
#2480 = EDGE_CURVE('',#2473,#2407,#2481,.T.);
#2481 = CIRCLE('',#2482,5.);
#2482 = AXIS2_PLACEMENT_3D('',#2483,#2484,#2485);
#2483 = CARTESIAN_POINT('',(-7.586206896552,-12.5,0.));
#2484 = DIRECTION('',(0.,1.,0.));
#2485 = DIRECTION('',(0.,-0.,1.));
#2486 = CYLINDRICAL_SURFACE('',#2487,5.);
#2487 = AXIS2_PLACEMENT_3D('',#2488,#2489,#2490);
#2488 = CARTESIAN_POINT('',(-7.586206896552,-12.5,0.));
#2489 = DIRECTION('',(0.,1.,0.));
#2490 = DIRECTION('',(0.,-0.,1.));
#2491 = ADVANCED_FACE('',(#2492),#2533,.F.);
#2492 = FACE_BOUND('',#2493,.F.);
#2493 = EDGE_LOOP('',(#2494,#2495,#2503,#2511,#2519,#2527));
#2494 = ORIENTED_EDGE('',*,*,#2472,.F.);
#2495 = ORIENTED_EDGE('',*,*,#2496,.T.);
#2496 = EDGE_CURVE('',#2473,#2497,#2499,.T.);
#2497 = VERTEX_POINT('',#2498);
#2498 = CARTESIAN_POINT('',(7.586206896552,-12.5,-5.));
#2499 = LINE('',#2500,#2501);
#2500 = CARTESIAN_POINT('',(-7.586206896552,-12.5,-5.));
#2501 = VECTOR('',#2502,1.);
#2502 = DIRECTION('',(1.,0.,-0.));
#2503 = ORIENTED_EDGE('',*,*,#2504,.T.);
#2504 = EDGE_CURVE('',#2497,#2505,#2507,.T.);
#2505 = VERTEX_POINT('',#2506);
#2506 = CARTESIAN_POINT('',(7.586206896552,-11.,-5.));
#2507 = LINE('',#2508,#2509);
#2508 = CARTESIAN_POINT('',(7.586206896552,-12.5,-5.));
#2509 = VECTOR('',#2510,1.);
#2510 = DIRECTION('',(-0.,1.,0.));
#2511 = ORIENTED_EDGE('',*,*,#2512,.F.);
#2512 = EDGE_CURVE('',#2513,#2505,#2515,.T.);
#2513 = VERTEX_POINT('',#2514);
#2514 = CARTESIAN_POINT('',(1.5,-11.,-5.));
#2515 = LINE('',#2516,#2517);
#2516 = CARTESIAN_POINT('',(-7.586206896552,-11.,-5.));
#2517 = VECTOR('',#2518,1.);
#2518 = DIRECTION('',(1.,0.,-0.));
#2519 = ORIENTED_EDGE('',*,*,#2520,.F.);
#2520 = EDGE_CURVE('',#2521,#2513,#2523,.T.);
#2521 = VERTEX_POINT('',#2522);
#2522 = CARTESIAN_POINT('',(-1.5,-11.,-5.));
#2523 = LINE('',#2524,#2525);
#2524 = CARTESIAN_POINT('',(-7.586206896552,-11.,-5.));
#2525 = VECTOR('',#2526,1.);
#2526 = DIRECTION('',(1.,0.,-0.));
#2527 = ORIENTED_EDGE('',*,*,#2528,.F.);
#2528 = EDGE_CURVE('',#2464,#2521,#2529,.T.);
#2529 = LINE('',#2530,#2531);
#2530 = CARTESIAN_POINT('',(-7.586206896552,-11.,-5.));
#2531 = VECTOR('',#2532,1.);
#2532 = DIRECTION('',(1.,0.,-0.));
#2533 = PLANE('',#2534);
#2534 = AXIS2_PLACEMENT_3D('',#2535,#2536,#2537);
#2535 = CARTESIAN_POINT('',(-7.586206896552,-12.5,-5.));
#2536 = DIRECTION('',(0.,0.,1.));
#2537 = DIRECTION('',(1.,0.,-0.));
#2538 = ADVANCED_FACE('',(#2539),#2564,.F.);
#2539 = FACE_BOUND('',#2540,.F.);
#2540 = EDGE_LOOP('',(#2541,#2549,#2557,#2563));
#2541 = ORIENTED_EDGE('',*,*,#2542,.F.);
#2542 = EDGE_CURVE('',#2543,#2513,#2545,.T.);
#2543 = VERTEX_POINT('',#2544);
#2544 = CARTESIAN_POINT('',(1.5,-11.,-6.));
#2545 = LINE('',#2546,#2547);
#2546 = CARTESIAN_POINT('',(1.5,-11.,-6.));
#2547 = VECTOR('',#2548,1.);
#2548 = DIRECTION('',(0.,0.,1.));
#2549 = ORIENTED_EDGE('',*,*,#2550,.F.);
#2550 = EDGE_CURVE('',#2551,#2543,#2553,.T.);
#2551 = VERTEX_POINT('',#2552);
#2552 = CARTESIAN_POINT('',(-1.5,-11.,-6.));
#2553 = LINE('',#2554,#2555);
#2554 = CARTESIAN_POINT('',(-1.5,-11.,-6.));
#2555 = VECTOR('',#2556,1.);
#2556 = DIRECTION('',(1.,0.,-0.));
#2557 = ORIENTED_EDGE('',*,*,#2558,.T.);
#2558 = EDGE_CURVE('',#2551,#2521,#2559,.T.);
#2559 = LINE('',#2560,#2561);
#2560 = CARTESIAN_POINT('',(-1.5,-11.,-6.));
#2561 = VECTOR('',#2562,1.);
#2562 = DIRECTION('',(0.,0.,1.));
#2563 = ORIENTED_EDGE('',*,*,#2520,.T.);
#2564 = PLANE('',#2565);
#2565 = AXIS2_PLACEMENT_3D('',#2566,#2567,#2568);
#2566 = CARTESIAN_POINT('',(-1.5,-11.,-6.));
#2567 = DIRECTION('',(-0.,1.,0.));
#2568 = DIRECTION('',(0.,0.,1.));
#2569 = ADVANCED_FACE('',(#2570),#2588,.T.);
#2570 = FACE_BOUND('',#2571,.T.);
#2571 = EDGE_LOOP('',(#2572,#2579,#2580,#2587));
#2572 = ORIENTED_EDGE('',*,*,#2573,.F.);
#2573 = EDGE_CURVE('',#2425,#2505,#2574,.T.);
#2574 = CIRCLE('',#2575,5.);
#2575 = AXIS2_PLACEMENT_3D('',#2576,#2577,#2578);
#2576 = CARTESIAN_POINT('',(7.586206896552,-11.,0.));
#2577 = DIRECTION('',(0.,1.,0.));
#2578 = DIRECTION('',(0.,-0.,1.));
#2579 = ORIENTED_EDGE('',*,*,#2424,.F.);
#2580 = ORIENTED_EDGE('',*,*,#2581,.T.);
#2581 = EDGE_CURVE('',#2417,#2497,#2582,.T.);
#2582 = CIRCLE('',#2583,5.);
#2583 = AXIS2_PLACEMENT_3D('',#2584,#2585,#2586);
#2584 = CARTESIAN_POINT('',(7.586206896552,-12.5,0.));
#2585 = DIRECTION('',(0.,1.,0.));
#2586 = DIRECTION('',(0.,-0.,1.));
#2587 = ORIENTED_EDGE('',*,*,#2504,.T.);
#2588 = CYLINDRICAL_SURFACE('',#2589,5.);
#2589 = AXIS2_PLACEMENT_3D('',#2590,#2591,#2592);
#2590 = CARTESIAN_POINT('',(7.586206896552,-12.5,0.));
#2591 = DIRECTION('',(0.,1.,0.));
#2592 = DIRECTION('',(0.,-0.,1.));
#2593 = ADVANCED_FACE('',(#2594),#2619,.F.);
#2594 = FACE_BOUND('',#2595,.F.);
#2595 = EDGE_LOOP('',(#2596,#2597,#2605,#2613));
#2596 = ORIENTED_EDGE('',*,*,#2440,.F.);
#2597 = ORIENTED_EDGE('',*,*,#2598,.T.);
#2598 = EDGE_CURVE('',#2441,#2599,#2601,.T.);
#2599 = VERTEX_POINT('',#2600);
#2600 = CARTESIAN_POINT('',(-1.5,-11.,6.));
#2601 = LINE('',#2602,#2603);
#2602 = CARTESIAN_POINT('',(-1.5,-11.,4.5));
#2603 = VECTOR('',#2604,1.);
#2604 = DIRECTION('',(0.,0.,1.));
#2605 = ORIENTED_EDGE('',*,*,#2606,.T.);
#2606 = EDGE_CURVE('',#2599,#2607,#2609,.T.);
#2607 = VERTEX_POINT('',#2608);
#2608 = CARTESIAN_POINT('',(1.5,-11.,6.));
#2609 = LINE('',#2610,#2611);
#2610 = CARTESIAN_POINT('',(-1.5,-11.,6.));
#2611 = VECTOR('',#2612,1.);
#2612 = DIRECTION('',(1.,0.,-0.));
#2613 = ORIENTED_EDGE('',*,*,#2614,.F.);
#2614 = EDGE_CURVE('',#2433,#2607,#2615,.T.);
#2615 = LINE('',#2616,#2617);
#2616 = CARTESIAN_POINT('',(1.5,-11.,4.5));
#2617 = VECTOR('',#2618,1.);
#2618 = DIRECTION('',(0.,0.,1.));
#2619 = PLANE('',#2620);
#2620 = AXIS2_PLACEMENT_3D('',#2621,#2622,#2623);
#2621 = CARTESIAN_POINT('',(-1.5,-11.,4.5));
#2622 = DIRECTION('',(-0.,1.,0.));
#2623 = DIRECTION('',(0.,0.,1.));
#2624 = ADVANCED_FACE('',(#2625),#2666,.F.);
#2625 = FACE_BOUND('',#2626,.F.);
#2626 = EDGE_LOOP('',(#2627,#2628,#2636,#2644,#2652,#2660));
#2627 = ORIENTED_EDGE('',*,*,#2558,.F.);
#2628 = ORIENTED_EDGE('',*,*,#2629,.T.);
#2629 = EDGE_CURVE('',#2551,#2630,#2632,.T.);
#2630 = VERTEX_POINT('',#2631);
#2631 = CARTESIAN_POINT('',(-1.5,11.,-6.));
#2632 = LINE('',#2633,#2634);
#2633 = CARTESIAN_POINT('',(-1.5,-11.,-6.));
#2634 = VECTOR('',#2635,1.);
#2635 = DIRECTION('',(-0.,1.,0.));
#2636 = ORIENTED_EDGE('',*,*,#2637,.T.);
#2637 = EDGE_CURVE('',#2630,#2638,#2640,.T.);
#2638 = VERTEX_POINT('',#2639);
#2639 = CARTESIAN_POINT('',(-1.5,11.,-5.));
#2640 = LINE('',#2641,#2642);
#2641 = CARTESIAN_POINT('',(-1.5,11.,-6.));
#2642 = VECTOR('',#2643,1.);
#2643 = DIRECTION('',(0.,0.,1.));
#2644 = ORIENTED_EDGE('',*,*,#2645,.T.);
#2645 = EDGE_CURVE('',#2638,#2646,#2648,.T.);
#2646 = VERTEX_POINT('',#2647);
#2647 = CARTESIAN_POINT('',(-1.5,11.,-4.5));
#2648 = LINE('',#2649,#2650);
#2649 = CARTESIAN_POINT('',(-1.5,11.,-6.));
#2650 = VECTOR('',#2651,1.);
#2651 = DIRECTION('',(0.,0.,1.));
#2652 = ORIENTED_EDGE('',*,*,#2653,.F.);
#2653 = EDGE_CURVE('',#2654,#2646,#2656,.T.);
#2654 = VERTEX_POINT('',#2655);
#2655 = CARTESIAN_POINT('',(-1.5,-11.,-4.5));
#2656 = LINE('',#2657,#2658);
#2657 = CARTESIAN_POINT('',(-1.5,-11.,-4.5));
#2658 = VECTOR('',#2659,1.);
#2659 = DIRECTION('',(-0.,1.,0.));
#2660 = ORIENTED_EDGE('',*,*,#2661,.F.);
#2661 = EDGE_CURVE('',#2521,#2654,#2662,.T.);
#2662 = LINE('',#2663,#2664);
#2663 = CARTESIAN_POINT('',(-1.5,-11.,-6.));
#2664 = VECTOR('',#2665,1.);
#2665 = DIRECTION('',(0.,0.,1.));
#2666 = PLANE('',#2667);
#2667 = AXIS2_PLACEMENT_3D('',#2668,#2669,#2670);
#2668 = CARTESIAN_POINT('',(-1.5,-11.,-6.));
#2669 = DIRECTION('',(1.,0.,-0.));
#2670 = DIRECTION('',(0.,0.,1.));
#2671 = ADVANCED_FACE('',(#2672),#2697,.T.);
#2672 = FACE_BOUND('',#2673,.T.);
#2673 = EDGE_LOOP('',(#2674,#2675,#2683,#2691));
#2674 = ORIENTED_EDGE('',*,*,#2653,.F.);
#2675 = ORIENTED_EDGE('',*,*,#2676,.T.);
#2676 = EDGE_CURVE('',#2654,#2677,#2679,.T.);
#2677 = VERTEX_POINT('',#2678);
#2678 = CARTESIAN_POINT('',(1.5,-11.,-4.5));
#2679 = LINE('',#2680,#2681);
#2680 = CARTESIAN_POINT('',(-1.5,-11.,-4.5));
#2681 = VECTOR('',#2682,1.);
#2682 = DIRECTION('',(1.,0.,-0.));
#2683 = ORIENTED_EDGE('',*,*,#2684,.T.);
#2684 = EDGE_CURVE('',#2677,#2685,#2687,.T.);
#2685 = VERTEX_POINT('',#2686);
#2686 = CARTESIAN_POINT('',(1.5,11.,-4.5));
#2687 = LINE('',#2688,#2689);
#2688 = CARTESIAN_POINT('',(1.5,-11.,-4.5));
#2689 = VECTOR('',#2690,1.);
#2690 = DIRECTION('',(-0.,1.,0.));
#2691 = ORIENTED_EDGE('',*,*,#2692,.F.);
#2692 = EDGE_CURVE('',#2646,#2685,#2693,.T.);
#2693 = LINE('',#2694,#2695);
#2694 = CARTESIAN_POINT('',(-1.5,11.,-4.5));
#2695 = VECTOR('',#2696,1.);
#2696 = DIRECTION('',(1.,0.,-0.));
#2697 = PLANE('',#2698);
#2698 = AXIS2_PLACEMENT_3D('',#2699,#2700,#2701);
#2699 = CARTESIAN_POINT('',(-1.5,-11.,-4.5));
#2700 = DIRECTION('',(0.,0.,1.));
#2701 = DIRECTION('',(1.,0.,-0.));
#2702 = ADVANCED_FACE('',(#2703),#2735,.T.);
#2703 = FACE_BOUND('',#2704,.T.);
#2704 = EDGE_LOOP('',(#2705,#2706,#2714,#2722,#2728,#2729));
#2705 = ORIENTED_EDGE('',*,*,#2542,.F.);
#2706 = ORIENTED_EDGE('',*,*,#2707,.T.);
#2707 = EDGE_CURVE('',#2543,#2708,#2710,.T.);
#2708 = VERTEX_POINT('',#2709);
#2709 = CARTESIAN_POINT('',(1.5,11.,-6.));
#2710 = LINE('',#2711,#2712);
#2711 = CARTESIAN_POINT('',(1.5,-11.,-6.));
#2712 = VECTOR('',#2713,1.);
#2713 = DIRECTION('',(-0.,1.,0.));
#2714 = ORIENTED_EDGE('',*,*,#2715,.T.);
#2715 = EDGE_CURVE('',#2708,#2716,#2718,.T.);
#2716 = VERTEX_POINT('',#2717);
#2717 = CARTESIAN_POINT('',(1.5,11.,-5.));
#2718 = LINE('',#2719,#2720);
#2719 = CARTESIAN_POINT('',(1.5,11.,-6.));
#2720 = VECTOR('',#2721,1.);
#2721 = DIRECTION('',(0.,0.,1.));
#2722 = ORIENTED_EDGE('',*,*,#2723,.T.);
#2723 = EDGE_CURVE('',#2716,#2685,#2724,.T.);
#2724 = LINE('',#2725,#2726);
#2725 = CARTESIAN_POINT('',(1.5,11.,-6.));
#2726 = VECTOR('',#2727,1.);
#2727 = DIRECTION('',(0.,0.,1.));
#2728 = ORIENTED_EDGE('',*,*,#2684,.F.);
#2729 = ORIENTED_EDGE('',*,*,#2730,.F.);
#2730 = EDGE_CURVE('',#2513,#2677,#2731,.T.);
#2731 = LINE('',#2732,#2733);
#2732 = CARTESIAN_POINT('',(1.5,-11.,-6.));
#2733 = VECTOR('',#2734,1.);
#2734 = DIRECTION('',(0.,0.,1.));
#2735 = PLANE('',#2736);
#2736 = AXIS2_PLACEMENT_3D('',#2737,#2738,#2739);
#2737 = CARTESIAN_POINT('',(1.5,-11.,-6.));
#2738 = DIRECTION('',(1.,0.,-0.));
#2739 = DIRECTION('',(0.,0.,1.));
#2740 = ADVANCED_FACE('',(#2741),#2782,.T.);
#2741 = FACE_BOUND('',#2742,.T.);
#2742 = EDGE_LOOP('',(#2743,#2751,#2759,#2767,#2775,#2781));
#2743 = ORIENTED_EDGE('',*,*,#2744,.F.);
#2744 = EDGE_CURVE('',#2745,#2433,#2747,.T.);
#2745 = VERTEX_POINT('',#2746);
#2746 = CARTESIAN_POINT('',(1.5,-11.,4.5));
#2747 = LINE('',#2748,#2749);
#2748 = CARTESIAN_POINT('',(1.5,-11.,4.5));
#2749 = VECTOR('',#2750,1.);
#2750 = DIRECTION('',(0.,0.,1.));
#2751 = ORIENTED_EDGE('',*,*,#2752,.T.);
#2752 = EDGE_CURVE('',#2745,#2753,#2755,.T.);
#2753 = VERTEX_POINT('',#2754);
#2754 = CARTESIAN_POINT('',(1.5,11.,4.5));
#2755 = LINE('',#2756,#2757);
#2756 = CARTESIAN_POINT('',(1.5,-11.,4.5));
#2757 = VECTOR('',#2758,1.);
#2758 = DIRECTION('',(-0.,1.,0.));
#2759 = ORIENTED_EDGE('',*,*,#2760,.T.);
#2760 = EDGE_CURVE('',#2753,#2761,#2763,.T.);
#2761 = VERTEX_POINT('',#2762);
#2762 = CARTESIAN_POINT('',(1.5,11.,5.));
#2763 = LINE('',#2764,#2765);
#2764 = CARTESIAN_POINT('',(1.5,11.,4.5));
#2765 = VECTOR('',#2766,1.);
#2766 = DIRECTION('',(0.,0.,1.));
#2767 = ORIENTED_EDGE('',*,*,#2768,.T.);
#2768 = EDGE_CURVE('',#2761,#2769,#2771,.T.);
#2769 = VERTEX_POINT('',#2770);
#2770 = CARTESIAN_POINT('',(1.5,11.,6.));
#2771 = LINE('',#2772,#2773);
#2772 = CARTESIAN_POINT('',(1.5,11.,4.5));
#2773 = VECTOR('',#2774,1.);
#2774 = DIRECTION('',(0.,0.,1.));
#2775 = ORIENTED_EDGE('',*,*,#2776,.F.);
#2776 = EDGE_CURVE('',#2607,#2769,#2777,.T.);
#2777 = LINE('',#2778,#2779);
#2778 = CARTESIAN_POINT('',(1.5,-11.,6.));
#2779 = VECTOR('',#2780,1.);
#2780 = DIRECTION('',(-0.,1.,0.));
#2781 = ORIENTED_EDGE('',*,*,#2614,.F.);
#2782 = PLANE('',#2783);
#2783 = AXIS2_PLACEMENT_3D('',#2784,#2785,#2786);
#2784 = CARTESIAN_POINT('',(1.5,-11.,4.5));
#2785 = DIRECTION('',(1.,0.,-0.));
#2786 = DIRECTION('',(0.,0.,1.));
#2787 = ADVANCED_FACE('',(#2788),#2813,.F.);
#2788 = FACE_BOUND('',#2789,.F.);
#2789 = EDGE_LOOP('',(#2790,#2800,#2806,#2807));
#2790 = ORIENTED_EDGE('',*,*,#2791,.F.);
#2791 = EDGE_CURVE('',#2792,#2794,#2796,.T.);
#2792 = VERTEX_POINT('',#2793);
#2793 = CARTESIAN_POINT('',(-1.5,-11.,4.5));
#2794 = VERTEX_POINT('',#2795);
#2795 = CARTESIAN_POINT('',(-1.5,11.,4.5));
#2796 = LINE('',#2797,#2798);
#2797 = CARTESIAN_POINT('',(-1.5,-11.,4.5));
#2798 = VECTOR('',#2799,1.);
#2799 = DIRECTION('',(-0.,1.,0.));
#2800 = ORIENTED_EDGE('',*,*,#2801,.T.);
#2801 = EDGE_CURVE('',#2792,#2745,#2802,.T.);
#2802 = LINE('',#2803,#2804);
#2803 = CARTESIAN_POINT('',(-1.5,-11.,4.5));
#2804 = VECTOR('',#2805,1.);
#2805 = DIRECTION('',(1.,0.,-0.));
#2806 = ORIENTED_EDGE('',*,*,#2752,.T.);
#2807 = ORIENTED_EDGE('',*,*,#2808,.F.);
#2808 = EDGE_CURVE('',#2794,#2753,#2809,.T.);
#2809 = LINE('',#2810,#2811);
#2810 = CARTESIAN_POINT('',(-1.5,11.,4.5));
#2811 = VECTOR('',#2812,1.);
#2812 = DIRECTION('',(1.,0.,-0.));
#2813 = PLANE('',#2814);
#2814 = AXIS2_PLACEMENT_3D('',#2815,#2816,#2817);
#2815 = CARTESIAN_POINT('',(-1.5,-11.,4.5));
#2816 = DIRECTION('',(0.,0.,1.));
#2817 = DIRECTION('',(1.,0.,-0.));
#2818 = ADVANCED_FACE('',(#2819),#2851,.F.);
#2819 = FACE_BOUND('',#2820,.F.);
#2820 = EDGE_LOOP('',(#2821,#2827,#2828,#2836,#2844,#2850));
#2821 = ORIENTED_EDGE('',*,*,#2822,.F.);
#2822 = EDGE_CURVE('',#2792,#2441,#2823,.T.);
#2823 = LINE('',#2824,#2825);
#2824 = CARTESIAN_POINT('',(-1.5,-11.,4.5));
#2825 = VECTOR('',#2826,1.);
#2826 = DIRECTION('',(0.,0.,1.));
#2827 = ORIENTED_EDGE('',*,*,#2791,.T.);
#2828 = ORIENTED_EDGE('',*,*,#2829,.T.);
#2829 = EDGE_CURVE('',#2794,#2830,#2832,.T.);
#2830 = VERTEX_POINT('',#2831);
#2831 = CARTESIAN_POINT('',(-1.5,11.,5.));
#2832 = LINE('',#2833,#2834);
#2833 = CARTESIAN_POINT('',(-1.5,11.,4.5));
#2834 = VECTOR('',#2835,1.);
#2835 = DIRECTION('',(0.,0.,1.));
#2836 = ORIENTED_EDGE('',*,*,#2837,.T.);
#2837 = EDGE_CURVE('',#2830,#2838,#2840,.T.);
#2838 = VERTEX_POINT('',#2839);
#2839 = CARTESIAN_POINT('',(-1.5,11.,6.));
#2840 = LINE('',#2841,#2842);
#2841 = CARTESIAN_POINT('',(-1.5,11.,4.5));
#2842 = VECTOR('',#2843,1.);
#2843 = DIRECTION('',(0.,0.,1.));
#2844 = ORIENTED_EDGE('',*,*,#2845,.F.);
#2845 = EDGE_CURVE('',#2599,#2838,#2846,.T.);
#2846 = LINE('',#2847,#2848);
#2847 = CARTESIAN_POINT('',(-1.5,-11.,6.));
#2848 = VECTOR('',#2849,1.);
#2849 = DIRECTION('',(-0.,1.,0.));
#2850 = ORIENTED_EDGE('',*,*,#2598,.F.);
#2851 = PLANE('',#2852);
#2852 = AXIS2_PLACEMENT_3D('',#2853,#2854,#2855);
#2853 = CARTESIAN_POINT('',(-1.5,-11.,4.5));
#2854 = DIRECTION('',(1.,0.,-0.));
#2855 = DIRECTION('',(0.,0.,1.));
#2856 = ADVANCED_FACE('',(#2857),#2868,.F.);
#2857 = FACE_BOUND('',#2858,.F.);
#2858 = EDGE_LOOP('',(#2859,#2860,#2861,#2862));
#2859 = ORIENTED_EDGE('',*,*,#2629,.F.);
#2860 = ORIENTED_EDGE('',*,*,#2550,.T.);
#2861 = ORIENTED_EDGE('',*,*,#2707,.T.);
#2862 = ORIENTED_EDGE('',*,*,#2863,.F.);
#2863 = EDGE_CURVE('',#2630,#2708,#2864,.T.);
#2864 = LINE('',#2865,#2866);
#2865 = CARTESIAN_POINT('',(-1.5,11.,-6.));
#2866 = VECTOR('',#2867,1.);
#2867 = DIRECTION('',(1.,0.,-0.));
#2868 = PLANE('',#2869);
#2869 = AXIS2_PLACEMENT_3D('',#2870,#2871,#2872);
#2870 = CARTESIAN_POINT('',(-1.5,-11.,-6.));
#2871 = DIRECTION('',(0.,0.,1.));
#2872 = DIRECTION('',(1.,0.,-0.));
#2873 = ADVANCED_FACE('',(#2874),#2885,.T.);
#2874 = FACE_BOUND('',#2875,.T.);
#2875 = EDGE_LOOP('',(#2876,#2877,#2878,#2879));
#2876 = ORIENTED_EDGE('',*,*,#2845,.F.);
#2877 = ORIENTED_EDGE('',*,*,#2606,.T.);
#2878 = ORIENTED_EDGE('',*,*,#2776,.T.);
#2879 = ORIENTED_EDGE('',*,*,#2880,.F.);
#2880 = EDGE_CURVE('',#2838,#2769,#2881,.T.);
#2881 = LINE('',#2882,#2883);
#2882 = CARTESIAN_POINT('',(-1.5,11.,6.));
#2883 = VECTOR('',#2884,1.);
#2884 = DIRECTION('',(1.,0.,-0.));
#2885 = PLANE('',#2886);
#2886 = AXIS2_PLACEMENT_3D('',#2887,#2888,#2889);
#2887 = CARTESIAN_POINT('',(-1.5,-11.,6.));
#2888 = DIRECTION('',(0.,0.,1.));
#2889 = DIRECTION('',(1.,0.,-0.));
#2890 = ADVANCED_FACE('',(#2891),#2902,.T.);
#2891 = FACE_BOUND('',#2892,.T.);
#2892 = EDGE_LOOP('',(#2893,#2894,#2895,#2896));
#2893 = ORIENTED_EDGE('',*,*,#2715,.F.);
#2894 = ORIENTED_EDGE('',*,*,#2863,.F.);
#2895 = ORIENTED_EDGE('',*,*,#2637,.T.);
#2896 = ORIENTED_EDGE('',*,*,#2897,.T.);
#2897 = EDGE_CURVE('',#2638,#2716,#2898,.T.);
#2898 = LINE('',#2899,#2900);
#2899 = CARTESIAN_POINT('',(-7.586206896552,11.,-5.));
#2900 = VECTOR('',#2901,1.);
#2901 = DIRECTION('',(1.,0.,-0.));
#2902 = PLANE('',#2903);
#2903 = AXIS2_PLACEMENT_3D('',#2904,#2905,#2906);
#2904 = CARTESIAN_POINT('',(-1.5,11.,-6.));
#2905 = DIRECTION('',(-0.,1.,0.));
#2906 = DIRECTION('',(0.,0.,1.));
#2907 = ADVANCED_FACE('',(#2908),#2919,.T.);
#2908 = FACE_BOUND('',#2909,.T.);
#2909 = EDGE_LOOP('',(#2910,#2916,#2917,#2918));
#2910 = ORIENTED_EDGE('',*,*,#2911,.F.);
#2911 = EDGE_CURVE('',#2830,#2761,#2912,.T.);
#2912 = LINE('',#2913,#2914);
#2913 = CARTESIAN_POINT('',(-7.586206896552,11.,5.));
#2914 = VECTOR('',#2915,1.);
#2915 = DIRECTION('',(1.,0.,-0.));
#2916 = ORIENTED_EDGE('',*,*,#2837,.T.);
#2917 = ORIENTED_EDGE('',*,*,#2880,.T.);
#2918 = ORIENTED_EDGE('',*,*,#2768,.F.);
#2919 = PLANE('',#2920);
#2920 = AXIS2_PLACEMENT_3D('',#2921,#2922,#2923);
#2921 = CARTESIAN_POINT('',(-1.5,11.,4.5));
#2922 = DIRECTION('',(-0.,1.,0.));
#2923 = DIRECTION('',(0.,0.,1.));
#2924 = ADVANCED_FACE('',(#2925),#2966,.F.);
#2925 = FACE_BOUND('',#2926,.F.);
#2926 = EDGE_LOOP('',(#2927,#2937,#2943,#2944,#2952,#2960));
#2927 = ORIENTED_EDGE('',*,*,#2928,.F.);
#2928 = EDGE_CURVE('',#2929,#2931,#2933,.T.);
#2929 = VERTEX_POINT('',#2930);
#2930 = CARTESIAN_POINT('',(-7.586206896552,11.,-5.));
#2931 = VERTEX_POINT('',#2932);
#2932 = CARTESIAN_POINT('',(-7.586206896552,12.5,-5.));
#2933 = LINE('',#2934,#2935);
#2934 = CARTESIAN_POINT('',(-7.586206896552,11.,-5.));
#2935 = VECTOR('',#2936,1.);
#2936 = DIRECTION('',(-0.,1.,0.));
#2937 = ORIENTED_EDGE('',*,*,#2938,.T.);
#2938 = EDGE_CURVE('',#2929,#2638,#2939,.T.);
#2939 = LINE('',#2940,#2941);
#2940 = CARTESIAN_POINT('',(-7.586206896552,11.,-5.));
#2941 = VECTOR('',#2942,1.);
#2942 = DIRECTION('',(1.,0.,-0.));
#2943 = ORIENTED_EDGE('',*,*,#2897,.T.);
#2944 = ORIENTED_EDGE('',*,*,#2945,.T.);
#2945 = EDGE_CURVE('',#2716,#2946,#2948,.T.);
#2946 = VERTEX_POINT('',#2947);
#2947 = CARTESIAN_POINT('',(7.586206896552,11.,-5.));
#2948 = LINE('',#2949,#2950);
#2949 = CARTESIAN_POINT('',(-7.586206896552,11.,-5.));
#2950 = VECTOR('',#2951,1.);
#2951 = DIRECTION('',(1.,0.,-0.));
#2952 = ORIENTED_EDGE('',*,*,#2953,.T.);
#2953 = EDGE_CURVE('',#2946,#2954,#2956,.T.);
#2954 = VERTEX_POINT('',#2955);
#2955 = CARTESIAN_POINT('',(7.586206896552,12.5,-5.));
#2956 = LINE('',#2957,#2958);
#2957 = CARTESIAN_POINT('',(7.586206896552,11.,-5.));
#2958 = VECTOR('',#2959,1.);
#2959 = DIRECTION('',(-0.,1.,0.));
#2960 = ORIENTED_EDGE('',*,*,#2961,.F.);
#2961 = EDGE_CURVE('',#2931,#2954,#2962,.T.);
#2962 = LINE('',#2963,#2964);
#2963 = CARTESIAN_POINT('',(-7.586206896552,12.5,-5.));
#2964 = VECTOR('',#2965,1.);
#2965 = DIRECTION('',(1.,0.,-0.));
#2966 = PLANE('',#2967);
#2967 = AXIS2_PLACEMENT_3D('',#2968,#2969,#2970);
#2968 = CARTESIAN_POINT('',(-7.586206896552,11.,-5.));
#2969 = DIRECTION('',(0.,0.,1.));
#2970 = DIRECTION('',(1.,0.,-0.));
#2971 = ADVANCED_FACE('',(#2972),#3013,.T.);
#2972 = FACE_BOUND('',#2973,.T.);
#2973 = EDGE_LOOP('',(#2974,#2984,#2990,#2991,#2999,#3007));
#2974 = ORIENTED_EDGE('',*,*,#2975,.F.);
#2975 = EDGE_CURVE('',#2976,#2978,#2980,.T.);
#2976 = VERTEX_POINT('',#2977);
#2977 = CARTESIAN_POINT('',(-7.586206896552,11.,5.));
#2978 = VERTEX_POINT('',#2979);
#2979 = CARTESIAN_POINT('',(-7.586206896552,12.5,5.));
#2980 = LINE('',#2981,#2982);
#2981 = CARTESIAN_POINT('',(-7.586206896552,11.,5.));
#2982 = VECTOR('',#2983,1.);
#2983 = DIRECTION('',(-0.,1.,0.));
#2984 = ORIENTED_EDGE('',*,*,#2985,.T.);
#2985 = EDGE_CURVE('',#2976,#2830,#2986,.T.);
#2986 = LINE('',#2987,#2988);
#2987 = CARTESIAN_POINT('',(-7.586206896552,11.,5.));
#2988 = VECTOR('',#2989,1.);
#2989 = DIRECTION('',(1.,0.,-0.));
#2990 = ORIENTED_EDGE('',*,*,#2911,.T.);
#2991 = ORIENTED_EDGE('',*,*,#2992,.T.);
#2992 = EDGE_CURVE('',#2761,#2993,#2995,.T.);
#2993 = VERTEX_POINT('',#2994);
#2994 = CARTESIAN_POINT('',(7.586206896552,11.,5.));
#2995 = LINE('',#2996,#2997);
#2996 = CARTESIAN_POINT('',(-7.586206896552,11.,5.));
#2997 = VECTOR('',#2998,1.);
#2998 = DIRECTION('',(1.,0.,-0.));
#2999 = ORIENTED_EDGE('',*,*,#3000,.T.);
#3000 = EDGE_CURVE('',#2993,#3001,#3003,.T.);
#3001 = VERTEX_POINT('',#3002);
#3002 = CARTESIAN_POINT('',(7.586206896552,12.5,5.));
#3003 = LINE('',#3004,#3005);
#3004 = CARTESIAN_POINT('',(7.586206896552,11.,5.));
#3005 = VECTOR('',#3006,1.);
#3006 = DIRECTION('',(-0.,1.,0.));
#3007 = ORIENTED_EDGE('',*,*,#3008,.F.);
#3008 = EDGE_CURVE('',#2978,#3001,#3009,.T.);
#3009 = LINE('',#3010,#3011);
#3010 = CARTESIAN_POINT('',(-7.586206896552,12.5,5.));
#3011 = VECTOR('',#3012,1.);
#3012 = DIRECTION('',(1.,0.,-0.));
#3013 = PLANE('',#3014);
#3014 = AXIS2_PLACEMENT_3D('',#3015,#3016,#3017);
#3015 = CARTESIAN_POINT('',(-7.586206896552,11.,5.));
#3016 = DIRECTION('',(0.,0.,1.));
#3017 = DIRECTION('',(1.,0.,-0.));
#3018 = ADVANCED_FACE('',(#3019),#3037,.T.);
#3019 = FACE_BOUND('',#3020,.T.);
#3020 = EDGE_LOOP('',(#3021,#3022,#3029,#3030));
#3021 = ORIENTED_EDGE('',*,*,#2975,.T.);
#3022 = ORIENTED_EDGE('',*,*,#3023,.F.);
#3023 = EDGE_CURVE('',#2931,#2978,#3024,.T.);
#3024 = CIRCLE('',#3025,5.);
#3025 = AXIS2_PLACEMENT_3D('',#3026,#3027,#3028);
#3026 = CARTESIAN_POINT('',(-7.586206896552,12.5,0.));
#3027 = DIRECTION('',(0.,1.,0.));
#3028 = DIRECTION('',(0.,-0.,1.));
#3029 = ORIENTED_EDGE('',*,*,#2928,.F.);
#3030 = ORIENTED_EDGE('',*,*,#3031,.T.);
#3031 = EDGE_CURVE('',#2929,#2976,#3032,.T.);
#3032 = CIRCLE('',#3033,5.);
#3033 = AXIS2_PLACEMENT_3D('',#3034,#3035,#3036);
#3034 = CARTESIAN_POINT('',(-7.586206896552,11.,0.));
#3035 = DIRECTION('',(0.,1.,0.));
#3036 = DIRECTION('',(0.,-0.,1.));
#3037 = CYLINDRICAL_SURFACE('',#3038,5.);
#3038 = AXIS2_PLACEMENT_3D('',#3039,#3040,#3041);
#3039 = CARTESIAN_POINT('',(-7.586206896552,11.,0.));
#3040 = DIRECTION('',(0.,1.,0.));
#3041 = DIRECTION('',(0.,-0.,1.));
#3042 = ADVANCED_FACE('',(#3043),#3061,.T.);
#3043 = FACE_BOUND('',#3044,.T.);
#3044 = EDGE_LOOP('',(#3045,#3052,#3053,#3060));
#3045 = ORIENTED_EDGE('',*,*,#3046,.F.);
#3046 = EDGE_CURVE('',#3001,#2954,#3047,.T.);
#3047 = CIRCLE('',#3048,5.);
#3048 = AXIS2_PLACEMENT_3D('',#3049,#3050,#3051);
#3049 = CARTESIAN_POINT('',(7.586206896552,12.5,0.));
#3050 = DIRECTION('',(0.,1.,0.));
#3051 = DIRECTION('',(0.,-0.,1.));
#3052 = ORIENTED_EDGE('',*,*,#3000,.F.);
#3053 = ORIENTED_EDGE('',*,*,#3054,.T.);
#3054 = EDGE_CURVE('',#2993,#2946,#3055,.T.);
#3055 = CIRCLE('',#3056,5.);
#3056 = AXIS2_PLACEMENT_3D('',#3057,#3058,#3059);
#3057 = CARTESIAN_POINT('',(7.586206896552,11.,0.));
#3058 = DIRECTION('',(0.,1.,0.));
#3059 = DIRECTION('',(0.,-0.,1.));
#3060 = ORIENTED_EDGE('',*,*,#2953,.T.);
#3061 = CYLINDRICAL_SURFACE('',#3062,5.);
#3062 = AXIS2_PLACEMENT_3D('',#3063,#3064,#3065);
#3063 = CARTESIAN_POINT('',(7.586206896552,11.,0.));
#3064 = DIRECTION('',(0.,1.,0.));
#3065 = DIRECTION('',(0.,-0.,1.));
#3066 = ADVANCED_FACE('',(#3067),#3073,.T.);
#3067 = FACE_BOUND('',#3068,.T.);
#3068 = EDGE_LOOP('',(#3069,#3070,#3071,#3072));
#3069 = ORIENTED_EDGE('',*,*,#2496,.T.);
#3070 = ORIENTED_EDGE('',*,*,#2581,.F.);
#3071 = ORIENTED_EDGE('',*,*,#2416,.F.);
#3072 = ORIENTED_EDGE('',*,*,#2480,.F.);
#3073 = PLANE('',#3074);
#3074 = AXIS2_PLACEMENT_3D('',#3075,#3076,#3077);
#3075 = CARTESIAN_POINT('',(-6.476089505928E-16,-12.5,
    -2.354941638519E-16));
#3076 = DIRECTION('',(-0.,-1.,-0.));
#3077 = DIRECTION('',(0.,0.,-1.));
#3078 = ADVANCED_FACE('',(#3079),#3093,.T.);
#3079 = FACE_BOUND('',#3080,.T.);
#3080 = EDGE_LOOP('',(#3081,#3082,#3083,#3084,#3085,#3086,#3087,#3088,
    #3089,#3090,#3091,#3092));
#3081 = ORIENTED_EDGE('',*,*,#2528,.F.);
#3082 = ORIENTED_EDGE('',*,*,#2463,.T.);
#3083 = ORIENTED_EDGE('',*,*,#2448,.T.);
#3084 = ORIENTED_EDGE('',*,*,#2822,.F.);
#3085 = ORIENTED_EDGE('',*,*,#2801,.T.);
#3086 = ORIENTED_EDGE('',*,*,#2744,.T.);
#3087 = ORIENTED_EDGE('',*,*,#2432,.T.);
#3088 = ORIENTED_EDGE('',*,*,#2573,.T.);
#3089 = ORIENTED_EDGE('',*,*,#2512,.F.);
#3090 = ORIENTED_EDGE('',*,*,#2730,.T.);
#3091 = ORIENTED_EDGE('',*,*,#2676,.F.);
#3092 = ORIENTED_EDGE('',*,*,#2661,.F.);
#3093 = PLANE('',#3094);
#3094 = AXIS2_PLACEMENT_3D('',#3095,#3096,#3097);
#3095 = CARTESIAN_POINT('',(1.139697972182E-16,-11.,-2.279395944363E-16)
  );
#3096 = DIRECTION('',(0.,1.,0.));
#3097 = DIRECTION('',(0.,-0.,1.));
#3098 = ADVANCED_FACE('',(#3099),#3113,.T.);
#3099 = FACE_BOUND('',#3100,.T.);
#3100 = EDGE_LOOP('',(#3101,#3102,#3103,#3104,#3105,#3106,#3107,#3108,
    #3109,#3110,#3111,#3112));
#3101 = ORIENTED_EDGE('',*,*,#2938,.T.);
#3102 = ORIENTED_EDGE('',*,*,#2645,.T.);
#3103 = ORIENTED_EDGE('',*,*,#2692,.T.);
#3104 = ORIENTED_EDGE('',*,*,#2723,.F.);
#3105 = ORIENTED_EDGE('',*,*,#2945,.T.);
#3106 = ORIENTED_EDGE('',*,*,#3054,.F.);
#3107 = ORIENTED_EDGE('',*,*,#2992,.F.);
#3108 = ORIENTED_EDGE('',*,*,#2760,.F.);
#3109 = ORIENTED_EDGE('',*,*,#2808,.F.);
#3110 = ORIENTED_EDGE('',*,*,#2829,.T.);
#3111 = ORIENTED_EDGE('',*,*,#2985,.F.);
#3112 = ORIENTED_EDGE('',*,*,#3031,.F.);
#3113 = PLANE('',#3114);
#3114 = AXIS2_PLACEMENT_3D('',#3115,#3116,#3117);
#3115 = CARTESIAN_POINT('',(-6.268338846999E-16,11.,-2.279395944363E-16)
  );
#3116 = DIRECTION('',(-0.,-1.,-0.));
#3117 = DIRECTION('',(0.,0.,-1.));
#3118 = ADVANCED_FACE('',(#3119),#3125,.T.);
#3119 = FACE_BOUND('',#3120,.T.);
#3120 = EDGE_LOOP('',(#3121,#3122,#3123,#3124));
#3121 = ORIENTED_EDGE('',*,*,#2961,.F.);
#3122 = ORIENTED_EDGE('',*,*,#3023,.T.);
#3123 = ORIENTED_EDGE('',*,*,#3008,.T.);
#3124 = ORIENTED_EDGE('',*,*,#3046,.T.);
#3125 = PLANE('',#3126);
#3126 = AXIS2_PLACEMENT_3D('',#3127,#3128,#3129);
#3127 = CARTESIAN_POINT('',(-3.532412457779E-16,12.5,8.831031144447E-17)
  );
#3128 = DIRECTION('',(0.,1.,0.));
#3129 = DIRECTION('',(0.,-0.,1.));
#3130 = ( GEOMETRIC_REPRESENTATION_CONTEXT(3) 
GLOBAL_UNCERTAINTY_ASSIGNED_CONTEXT((#3134)) 
GLOBAL_UNIT_ASSIGNED_CONTEXT((#3131,#3132,#3133)) REPRESENTATION_CONTEXT
('Context #1','3D Context with UNIT and UNCERTAINTY') );
#3131 = ( LENGTH_UNIT() NAMED_UNIT(*) SI_UNIT(.MILLI.,.METRE.) );
#3132 = ( NAMED_UNIT(*) PLANE_ANGLE_UNIT() SI_UNIT($,.RADIAN.) );
#3133 = ( NAMED_UNIT(*) SI_UNIT($,.STERADIAN.) SOLID_ANGLE_UNIT() );
#3134 = UNCERTAINTY_MEASURE_WITH_UNIT(LENGTH_MEASURE(1.E-07),#3131,
  'distance_accuracy_value','confusion accuracy');
#3135 = CONTEXT_DEPENDENT_SHAPE_REPRESENTATION(#3136,#3138);
#3136 = ( REPRESENTATION_RELATIONSHIP('','',#2399,#10) 
REPRESENTATION_RELATIONSHIP_WITH_TRANSFORMATION(#3137) 
SHAPE_REPRESENTATION_RELATIONSHIP() );
#3137 = ITEM_DEFINED_TRANSFORMATION('','',#11,#27);
#3138 = PRODUCT_DEFINITION_SHAPE('Placement','Placement of an item',
  #3139);
#3139 = NEXT_ASSEMBLY_USAGE_OCCURRENCE('4','link_03','',#5,#2394,$);
#3140 = PRODUCT_RELATED_PRODUCT_CATEGORY('part',$,(#2396));
#3141 = SHAPE_DEFINITION_REPRESENTATION(#3142,#3148);
#3142 = PRODUCT_DEFINITION_SHAPE('','',#3143);
#3143 = PRODUCT_DEFINITION('design','',#3144,#3147);
#3144 = PRODUCT_DEFINITION_FORMATION('','',#3145);
#3145 = PRODUCT('link_04','link_04','',(#3146));
#3146 = PRODUCT_CONTEXT('',#2,'mechanical');
#3147 = PRODUCT_DEFINITION_CONTEXT('part definition',#2,'design');
#3148 = ADVANCED_BREP_SHAPE_REPRESENTATION('',(#11,#3149),#3879);
#3149 = MANIFOLD_SOLID_BREP('',#3150);
#3150 = CLOSED_SHELL('',(#3151,#3207,#3240,#3287,#3318,#3342,#3373,#3420
    ,#3451,#3489,#3536,#3567,#3605,#3622,#3639,#3656,#3673,#3720,#3767,
    #3791,#3815,#3827,#3847,#3867));
#3151 = ADVANCED_FACE('',(#3152),#3202,.T.);
#3152 = FACE_BOUND('',#3153,.T.);
#3153 = EDGE_LOOP('',(#3154,#3164,#3172,#3180,#3188,#3196));
#3154 = ORIENTED_EDGE('',*,*,#3155,.F.);
#3155 = EDGE_CURVE('',#3156,#3158,#3160,.T.);
#3156 = VERTEX_POINT('',#3157);
#3157 = CARTESIAN_POINT('',(-7.586206896552,-12.5,5.));
#3158 = VERTEX_POINT('',#3159);
#3159 = CARTESIAN_POINT('',(-7.586206896552,-11.,5.));
#3160 = LINE('',#3161,#3162);
#3161 = CARTESIAN_POINT('',(-7.586206896552,-12.5,5.));
#3162 = VECTOR('',#3163,1.);
#3163 = DIRECTION('',(-0.,1.,0.));
#3164 = ORIENTED_EDGE('',*,*,#3165,.T.);
#3165 = EDGE_CURVE('',#3156,#3166,#3168,.T.);
#3166 = VERTEX_POINT('',#3167);
#3167 = CARTESIAN_POINT('',(7.586206896552,-12.5,5.));
#3168 = LINE('',#3169,#3170);
#3169 = CARTESIAN_POINT('',(-7.586206896552,-12.5,5.));
#3170 = VECTOR('',#3171,1.);
#3171 = DIRECTION('',(1.,0.,-0.));
#3172 = ORIENTED_EDGE('',*,*,#3173,.T.);
#3173 = EDGE_CURVE('',#3166,#3174,#3176,.T.);
#3174 = VERTEX_POINT('',#3175);
#3175 = CARTESIAN_POINT('',(7.586206896552,-11.,5.));
#3176 = LINE('',#3177,#3178);
#3177 = CARTESIAN_POINT('',(7.586206896552,-12.5,5.));
#3178 = VECTOR('',#3179,1.);
#3179 = DIRECTION('',(-0.,1.,0.));
#3180 = ORIENTED_EDGE('',*,*,#3181,.F.);
#3181 = EDGE_CURVE('',#3182,#3174,#3184,.T.);
#3182 = VERTEX_POINT('',#3183);
#3183 = CARTESIAN_POINT('',(1.5,-11.,5.));
#3184 = LINE('',#3185,#3186);
#3185 = CARTESIAN_POINT('',(-7.586206896552,-11.,5.));
#3186 = VECTOR('',#3187,1.);
#3187 = DIRECTION('',(1.,0.,-0.));
#3188 = ORIENTED_EDGE('',*,*,#3189,.F.);
#3189 = EDGE_CURVE('',#3190,#3182,#3192,.T.);
#3190 = VERTEX_POINT('',#3191);
#3191 = CARTESIAN_POINT('',(-1.5,-11.,5.));
#3192 = LINE('',#3193,#3194);
#3193 = CARTESIAN_POINT('',(-7.586206896552,-11.,5.));
#3194 = VECTOR('',#3195,1.);
#3195 = DIRECTION('',(1.,0.,-0.));
#3196 = ORIENTED_EDGE('',*,*,#3197,.F.);
#3197 = EDGE_CURVE('',#3158,#3190,#3198,.T.);
#3198 = LINE('',#3199,#3200);
#3199 = CARTESIAN_POINT('',(-7.586206896552,-11.,5.));
#3200 = VECTOR('',#3201,1.);
#3201 = DIRECTION('',(1.,0.,-0.));
#3202 = PLANE('',#3203);
#3203 = AXIS2_PLACEMENT_3D('',#3204,#3205,#3206);
#3204 = CARTESIAN_POINT('',(-7.586206896552,-12.5,5.));
#3205 = DIRECTION('',(0.,0.,1.));
#3206 = DIRECTION('',(1.,0.,-0.));
#3207 = ADVANCED_FACE('',(#3208),#3235,.T.);
#3208 = FACE_BOUND('',#3209,.T.);
#3209 = EDGE_LOOP('',(#3210,#3211,#3220,#3228));
#3210 = ORIENTED_EDGE('',*,*,#3155,.T.);
#3211 = ORIENTED_EDGE('',*,*,#3212,.F.);
#3212 = EDGE_CURVE('',#3213,#3158,#3215,.T.);
#3213 = VERTEX_POINT('',#3214);
#3214 = CARTESIAN_POINT('',(-7.586206896552,-11.,-5.));
#3215 = CIRCLE('',#3216,5.);
#3216 = AXIS2_PLACEMENT_3D('',#3217,#3218,#3219);
#3217 = CARTESIAN_POINT('',(-7.586206896552,-11.,0.));
#3218 = DIRECTION('',(0.,1.,0.));
#3219 = DIRECTION('',(0.,-0.,1.));
#3220 = ORIENTED_EDGE('',*,*,#3221,.F.);
#3221 = EDGE_CURVE('',#3222,#3213,#3224,.T.);
#3222 = VERTEX_POINT('',#3223);
#3223 = CARTESIAN_POINT('',(-7.586206896552,-12.5,-5.));
#3224 = LINE('',#3225,#3226);
#3225 = CARTESIAN_POINT('',(-7.586206896552,-12.5,-5.));
#3226 = VECTOR('',#3227,1.);
#3227 = DIRECTION('',(-0.,1.,0.));
#3228 = ORIENTED_EDGE('',*,*,#3229,.T.);
#3229 = EDGE_CURVE('',#3222,#3156,#3230,.T.);
#3230 = CIRCLE('',#3231,5.);
#3231 = AXIS2_PLACEMENT_3D('',#3232,#3233,#3234);
#3232 = CARTESIAN_POINT('',(-7.586206896552,-12.5,0.));
#3233 = DIRECTION('',(0.,1.,0.));
#3234 = DIRECTION('',(0.,-0.,1.));
#3235 = CYLINDRICAL_SURFACE('',#3236,5.);
#3236 = AXIS2_PLACEMENT_3D('',#3237,#3238,#3239);
#3237 = CARTESIAN_POINT('',(-7.586206896552,-12.5,0.));
#3238 = DIRECTION('',(0.,1.,0.));
#3239 = DIRECTION('',(0.,-0.,1.));
#3240 = ADVANCED_FACE('',(#3241),#3282,.F.);
#3241 = FACE_BOUND('',#3242,.F.);
#3242 = EDGE_LOOP('',(#3243,#3244,#3252,#3260,#3268,#3276));
#3243 = ORIENTED_EDGE('',*,*,#3221,.F.);
#3244 = ORIENTED_EDGE('',*,*,#3245,.T.);
#3245 = EDGE_CURVE('',#3222,#3246,#3248,.T.);
#3246 = VERTEX_POINT('',#3247);
#3247 = CARTESIAN_POINT('',(7.586206896552,-12.5,-5.));
#3248 = LINE('',#3249,#3250);
#3249 = CARTESIAN_POINT('',(-7.586206896552,-12.5,-5.));
#3250 = VECTOR('',#3251,1.);
#3251 = DIRECTION('',(1.,0.,-0.));
#3252 = ORIENTED_EDGE('',*,*,#3253,.T.);
#3253 = EDGE_CURVE('',#3246,#3254,#3256,.T.);
#3254 = VERTEX_POINT('',#3255);
#3255 = CARTESIAN_POINT('',(7.586206896552,-11.,-5.));
#3256 = LINE('',#3257,#3258);
#3257 = CARTESIAN_POINT('',(7.586206896552,-12.5,-5.));
#3258 = VECTOR('',#3259,1.);
#3259 = DIRECTION('',(-0.,1.,0.));
#3260 = ORIENTED_EDGE('',*,*,#3261,.F.);
#3261 = EDGE_CURVE('',#3262,#3254,#3264,.T.);
#3262 = VERTEX_POINT('',#3263);
#3263 = CARTESIAN_POINT('',(1.5,-11.,-5.));
#3264 = LINE('',#3265,#3266);
#3265 = CARTESIAN_POINT('',(-7.586206896552,-11.,-5.));
#3266 = VECTOR('',#3267,1.);
#3267 = DIRECTION('',(1.,0.,-0.));
#3268 = ORIENTED_EDGE('',*,*,#3269,.F.);
#3269 = EDGE_CURVE('',#3270,#3262,#3272,.T.);
#3270 = VERTEX_POINT('',#3271);
#3271 = CARTESIAN_POINT('',(-1.5,-11.,-5.));
#3272 = LINE('',#3273,#3274);
#3273 = CARTESIAN_POINT('',(-7.586206896552,-11.,-5.));
#3274 = VECTOR('',#3275,1.);
#3275 = DIRECTION('',(1.,0.,-0.));
#3276 = ORIENTED_EDGE('',*,*,#3277,.F.);
#3277 = EDGE_CURVE('',#3213,#3270,#3278,.T.);
#3278 = LINE('',#3279,#3280);
#3279 = CARTESIAN_POINT('',(-7.586206896552,-11.,-5.));
#3280 = VECTOR('',#3281,1.);
#3281 = DIRECTION('',(1.,0.,-0.));
#3282 = PLANE('',#3283);
#3283 = AXIS2_PLACEMENT_3D('',#3284,#3285,#3286);
#3284 = CARTESIAN_POINT('',(-7.586206896552,-12.5,-5.));
#3285 = DIRECTION('',(0.,0.,1.));
#3286 = DIRECTION('',(1.,0.,-0.));
#3287 = ADVANCED_FACE('',(#3288),#3313,.F.);
#3288 = FACE_BOUND('',#3289,.F.);
#3289 = EDGE_LOOP('',(#3290,#3298,#3306,#3312));
#3290 = ORIENTED_EDGE('',*,*,#3291,.F.);
#3291 = EDGE_CURVE('',#3292,#3262,#3294,.T.);
#3292 = VERTEX_POINT('',#3293);
#3293 = CARTESIAN_POINT('',(1.5,-11.,-6.));
#3294 = LINE('',#3295,#3296);
#3295 = CARTESIAN_POINT('',(1.5,-11.,-6.));
#3296 = VECTOR('',#3297,1.);
#3297 = DIRECTION('',(0.,0.,1.));
#3298 = ORIENTED_EDGE('',*,*,#3299,.F.);
#3299 = EDGE_CURVE('',#3300,#3292,#3302,.T.);
#3300 = VERTEX_POINT('',#3301);
#3301 = CARTESIAN_POINT('',(-1.5,-11.,-6.));
#3302 = LINE('',#3303,#3304);
#3303 = CARTESIAN_POINT('',(-1.5,-11.,-6.));
#3304 = VECTOR('',#3305,1.);
#3305 = DIRECTION('',(1.,0.,-0.));
#3306 = ORIENTED_EDGE('',*,*,#3307,.T.);
#3307 = EDGE_CURVE('',#3300,#3270,#3308,.T.);
#3308 = LINE('',#3309,#3310);
#3309 = CARTESIAN_POINT('',(-1.5,-11.,-6.));
#3310 = VECTOR('',#3311,1.);
#3311 = DIRECTION('',(0.,0.,1.));
#3312 = ORIENTED_EDGE('',*,*,#3269,.T.);
#3313 = PLANE('',#3314);
#3314 = AXIS2_PLACEMENT_3D('',#3315,#3316,#3317);
#3315 = CARTESIAN_POINT('',(-1.5,-11.,-6.));
#3316 = DIRECTION('',(-0.,1.,0.));
#3317 = DIRECTION('',(0.,0.,1.));
#3318 = ADVANCED_FACE('',(#3319),#3337,.T.);
#3319 = FACE_BOUND('',#3320,.T.);
#3320 = EDGE_LOOP('',(#3321,#3328,#3329,#3336));
#3321 = ORIENTED_EDGE('',*,*,#3322,.F.);
#3322 = EDGE_CURVE('',#3174,#3254,#3323,.T.);
#3323 = CIRCLE('',#3324,5.);
#3324 = AXIS2_PLACEMENT_3D('',#3325,#3326,#3327);
#3325 = CARTESIAN_POINT('',(7.586206896552,-11.,0.));
#3326 = DIRECTION('',(0.,1.,0.));
#3327 = DIRECTION('',(0.,-0.,1.));
#3328 = ORIENTED_EDGE('',*,*,#3173,.F.);
#3329 = ORIENTED_EDGE('',*,*,#3330,.T.);
#3330 = EDGE_CURVE('',#3166,#3246,#3331,.T.);
#3331 = CIRCLE('',#3332,5.);
#3332 = AXIS2_PLACEMENT_3D('',#3333,#3334,#3335);
#3333 = CARTESIAN_POINT('',(7.586206896552,-12.5,0.));
#3334 = DIRECTION('',(0.,1.,0.));
#3335 = DIRECTION('',(0.,-0.,1.));
#3336 = ORIENTED_EDGE('',*,*,#3253,.T.);
#3337 = CYLINDRICAL_SURFACE('',#3338,5.);
#3338 = AXIS2_PLACEMENT_3D('',#3339,#3340,#3341);
#3339 = CARTESIAN_POINT('',(7.586206896552,-12.5,0.));
#3340 = DIRECTION('',(0.,1.,0.));
#3341 = DIRECTION('',(0.,-0.,1.));
#3342 = ADVANCED_FACE('',(#3343),#3368,.F.);
#3343 = FACE_BOUND('',#3344,.F.);
#3344 = EDGE_LOOP('',(#3345,#3346,#3354,#3362));
#3345 = ORIENTED_EDGE('',*,*,#3189,.F.);
#3346 = ORIENTED_EDGE('',*,*,#3347,.T.);
#3347 = EDGE_CURVE('',#3190,#3348,#3350,.T.);
#3348 = VERTEX_POINT('',#3349);
#3349 = CARTESIAN_POINT('',(-1.5,-11.,6.));
#3350 = LINE('',#3351,#3352);
#3351 = CARTESIAN_POINT('',(-1.5,-11.,4.5));
#3352 = VECTOR('',#3353,1.);
#3353 = DIRECTION('',(0.,0.,1.));
#3354 = ORIENTED_EDGE('',*,*,#3355,.T.);
#3355 = EDGE_CURVE('',#3348,#3356,#3358,.T.);
#3356 = VERTEX_POINT('',#3357);
#3357 = CARTESIAN_POINT('',(1.5,-11.,6.));
#3358 = LINE('',#3359,#3360);
#3359 = CARTESIAN_POINT('',(-1.5,-11.,6.));
#3360 = VECTOR('',#3361,1.);
#3361 = DIRECTION('',(1.,0.,-0.));
#3362 = ORIENTED_EDGE('',*,*,#3363,.F.);
#3363 = EDGE_CURVE('',#3182,#3356,#3364,.T.);
#3364 = LINE('',#3365,#3366);
#3365 = CARTESIAN_POINT('',(1.5,-11.,4.5));
#3366 = VECTOR('',#3367,1.);
#3367 = DIRECTION('',(0.,0.,1.));
#3368 = PLANE('',#3369);
#3369 = AXIS2_PLACEMENT_3D('',#3370,#3371,#3372);
#3370 = CARTESIAN_POINT('',(-1.5,-11.,4.5));
#3371 = DIRECTION('',(-0.,1.,0.));
#3372 = DIRECTION('',(0.,0.,1.));
#3373 = ADVANCED_FACE('',(#3374),#3415,.F.);
#3374 = FACE_BOUND('',#3375,.F.);
#3375 = EDGE_LOOP('',(#3376,#3377,#3385,#3393,#3401,#3409));
#3376 = ORIENTED_EDGE('',*,*,#3307,.F.);
#3377 = ORIENTED_EDGE('',*,*,#3378,.T.);
#3378 = EDGE_CURVE('',#3300,#3379,#3381,.T.);
#3379 = VERTEX_POINT('',#3380);
#3380 = CARTESIAN_POINT('',(-1.5,11.,-6.));
#3381 = LINE('',#3382,#3383);
#3382 = CARTESIAN_POINT('',(-1.5,-11.,-6.));
#3383 = VECTOR('',#3384,1.);
#3384 = DIRECTION('',(-0.,1.,0.));
#3385 = ORIENTED_EDGE('',*,*,#3386,.T.);
#3386 = EDGE_CURVE('',#3379,#3387,#3389,.T.);
#3387 = VERTEX_POINT('',#3388);
#3388 = CARTESIAN_POINT('',(-1.5,11.,-5.));
#3389 = LINE('',#3390,#3391);
#3390 = CARTESIAN_POINT('',(-1.5,11.,-6.));
#3391 = VECTOR('',#3392,1.);
#3392 = DIRECTION('',(0.,0.,1.));
#3393 = ORIENTED_EDGE('',*,*,#3394,.T.);
#3394 = EDGE_CURVE('',#3387,#3395,#3397,.T.);
#3395 = VERTEX_POINT('',#3396);
#3396 = CARTESIAN_POINT('',(-1.5,11.,-4.5));
#3397 = LINE('',#3398,#3399);
#3398 = CARTESIAN_POINT('',(-1.5,11.,-6.));
#3399 = VECTOR('',#3400,1.);
#3400 = DIRECTION('',(0.,0.,1.));
#3401 = ORIENTED_EDGE('',*,*,#3402,.F.);
#3402 = EDGE_CURVE('',#3403,#3395,#3405,.T.);
#3403 = VERTEX_POINT('',#3404);
#3404 = CARTESIAN_POINT('',(-1.5,-11.,-4.5));
#3405 = LINE('',#3406,#3407);
#3406 = CARTESIAN_POINT('',(-1.5,-11.,-4.5));
#3407 = VECTOR('',#3408,1.);
#3408 = DIRECTION('',(-0.,1.,0.));
#3409 = ORIENTED_EDGE('',*,*,#3410,.F.);
#3410 = EDGE_CURVE('',#3270,#3403,#3411,.T.);
#3411 = LINE('',#3412,#3413);
#3412 = CARTESIAN_POINT('',(-1.5,-11.,-6.));
#3413 = VECTOR('',#3414,1.);
#3414 = DIRECTION('',(0.,0.,1.));
#3415 = PLANE('',#3416);
#3416 = AXIS2_PLACEMENT_3D('',#3417,#3418,#3419);
#3417 = CARTESIAN_POINT('',(-1.5,-11.,-6.));
#3418 = DIRECTION('',(1.,0.,-0.));
#3419 = DIRECTION('',(0.,0.,1.));
#3420 = ADVANCED_FACE('',(#3421),#3446,.T.);
#3421 = FACE_BOUND('',#3422,.T.);
#3422 = EDGE_LOOP('',(#3423,#3424,#3432,#3440));
#3423 = ORIENTED_EDGE('',*,*,#3402,.F.);
#3424 = ORIENTED_EDGE('',*,*,#3425,.T.);
#3425 = EDGE_CURVE('',#3403,#3426,#3428,.T.);
#3426 = VERTEX_POINT('',#3427);
#3427 = CARTESIAN_POINT('',(1.5,-11.,-4.5));
#3428 = LINE('',#3429,#3430);
#3429 = CARTESIAN_POINT('',(-1.5,-11.,-4.5));
#3430 = VECTOR('',#3431,1.);
#3431 = DIRECTION('',(1.,0.,-0.));
#3432 = ORIENTED_EDGE('',*,*,#3433,.T.);
#3433 = EDGE_CURVE('',#3426,#3434,#3436,.T.);
#3434 = VERTEX_POINT('',#3435);
#3435 = CARTESIAN_POINT('',(1.5,11.,-4.5));
#3436 = LINE('',#3437,#3438);
#3437 = CARTESIAN_POINT('',(1.5,-11.,-4.5));
#3438 = VECTOR('',#3439,1.);
#3439 = DIRECTION('',(-0.,1.,0.));
#3440 = ORIENTED_EDGE('',*,*,#3441,.F.);
#3441 = EDGE_CURVE('',#3395,#3434,#3442,.T.);
#3442 = LINE('',#3443,#3444);
#3443 = CARTESIAN_POINT('',(-1.5,11.,-4.5));
#3444 = VECTOR('',#3445,1.);
#3445 = DIRECTION('',(1.,0.,-0.));
#3446 = PLANE('',#3447);
#3447 = AXIS2_PLACEMENT_3D('',#3448,#3449,#3450);
#3448 = CARTESIAN_POINT('',(-1.5,-11.,-4.5));
#3449 = DIRECTION('',(0.,0.,1.));
#3450 = DIRECTION('',(1.,0.,-0.));
#3451 = ADVANCED_FACE('',(#3452),#3484,.T.);
#3452 = FACE_BOUND('',#3453,.T.);
#3453 = EDGE_LOOP('',(#3454,#3455,#3463,#3471,#3477,#3478));
#3454 = ORIENTED_EDGE('',*,*,#3291,.F.);
#3455 = ORIENTED_EDGE('',*,*,#3456,.T.);
#3456 = EDGE_CURVE('',#3292,#3457,#3459,.T.);
#3457 = VERTEX_POINT('',#3458);
#3458 = CARTESIAN_POINT('',(1.5,11.,-6.));
#3459 = LINE('',#3460,#3461);
#3460 = CARTESIAN_POINT('',(1.5,-11.,-6.));
#3461 = VECTOR('',#3462,1.);
#3462 = DIRECTION('',(-0.,1.,0.));
#3463 = ORIENTED_EDGE('',*,*,#3464,.T.);
#3464 = EDGE_CURVE('',#3457,#3465,#3467,.T.);
#3465 = VERTEX_POINT('',#3466);
#3466 = CARTESIAN_POINT('',(1.5,11.,-5.));
#3467 = LINE('',#3468,#3469);
#3468 = CARTESIAN_POINT('',(1.5,11.,-6.));
#3469 = VECTOR('',#3470,1.);
#3470 = DIRECTION('',(0.,0.,1.));
#3471 = ORIENTED_EDGE('',*,*,#3472,.T.);
#3472 = EDGE_CURVE('',#3465,#3434,#3473,.T.);
#3473 = LINE('',#3474,#3475);
#3474 = CARTESIAN_POINT('',(1.5,11.,-6.));
#3475 = VECTOR('',#3476,1.);
#3476 = DIRECTION('',(0.,0.,1.));
#3477 = ORIENTED_EDGE('',*,*,#3433,.F.);
#3478 = ORIENTED_EDGE('',*,*,#3479,.F.);
#3479 = EDGE_CURVE('',#3262,#3426,#3480,.T.);
#3480 = LINE('',#3481,#3482);
#3481 = CARTESIAN_POINT('',(1.5,-11.,-6.));
#3482 = VECTOR('',#3483,1.);
#3483 = DIRECTION('',(0.,0.,1.));
#3484 = PLANE('',#3485);
#3485 = AXIS2_PLACEMENT_3D('',#3486,#3487,#3488);
#3486 = CARTESIAN_POINT('',(1.5,-11.,-6.));
#3487 = DIRECTION('',(1.,0.,-0.));
#3488 = DIRECTION('',(0.,0.,1.));
#3489 = ADVANCED_FACE('',(#3490),#3531,.T.);
#3490 = FACE_BOUND('',#3491,.T.);
#3491 = EDGE_LOOP('',(#3492,#3500,#3508,#3516,#3524,#3530));
#3492 = ORIENTED_EDGE('',*,*,#3493,.F.);
#3493 = EDGE_CURVE('',#3494,#3182,#3496,.T.);
#3494 = VERTEX_POINT('',#3495);
#3495 = CARTESIAN_POINT('',(1.5,-11.,4.5));
#3496 = LINE('',#3497,#3498);
#3497 = CARTESIAN_POINT('',(1.5,-11.,4.5));
#3498 = VECTOR('',#3499,1.);
#3499 = DIRECTION('',(0.,0.,1.));
#3500 = ORIENTED_EDGE('',*,*,#3501,.T.);
#3501 = EDGE_CURVE('',#3494,#3502,#3504,.T.);
#3502 = VERTEX_POINT('',#3503);
#3503 = CARTESIAN_POINT('',(1.5,11.,4.5));
#3504 = LINE('',#3505,#3506);
#3505 = CARTESIAN_POINT('',(1.5,-11.,4.5));
#3506 = VECTOR('',#3507,1.);
#3507 = DIRECTION('',(-0.,1.,0.));
#3508 = ORIENTED_EDGE('',*,*,#3509,.T.);
#3509 = EDGE_CURVE('',#3502,#3510,#3512,.T.);
#3510 = VERTEX_POINT('',#3511);
#3511 = CARTESIAN_POINT('',(1.5,11.,5.));
#3512 = LINE('',#3513,#3514);
#3513 = CARTESIAN_POINT('',(1.5,11.,4.5));
#3514 = VECTOR('',#3515,1.);
#3515 = DIRECTION('',(0.,0.,1.));
#3516 = ORIENTED_EDGE('',*,*,#3517,.T.);
#3517 = EDGE_CURVE('',#3510,#3518,#3520,.T.);
#3518 = VERTEX_POINT('',#3519);
#3519 = CARTESIAN_POINT('',(1.5,11.,6.));
#3520 = LINE('',#3521,#3522);
#3521 = CARTESIAN_POINT('',(1.5,11.,4.5));
#3522 = VECTOR('',#3523,1.);
#3523 = DIRECTION('',(0.,0.,1.));
#3524 = ORIENTED_EDGE('',*,*,#3525,.F.);
#3525 = EDGE_CURVE('',#3356,#3518,#3526,.T.);
#3526 = LINE('',#3527,#3528);
#3527 = CARTESIAN_POINT('',(1.5,-11.,6.));
#3528 = VECTOR('',#3529,1.);
#3529 = DIRECTION('',(-0.,1.,0.));
#3530 = ORIENTED_EDGE('',*,*,#3363,.F.);
#3531 = PLANE('',#3532);
#3532 = AXIS2_PLACEMENT_3D('',#3533,#3534,#3535);
#3533 = CARTESIAN_POINT('',(1.5,-11.,4.5));
#3534 = DIRECTION('',(1.,0.,-0.));
#3535 = DIRECTION('',(0.,0.,1.));
#3536 = ADVANCED_FACE('',(#3537),#3562,.F.);
#3537 = FACE_BOUND('',#3538,.F.);
#3538 = EDGE_LOOP('',(#3539,#3549,#3555,#3556));
#3539 = ORIENTED_EDGE('',*,*,#3540,.F.);
#3540 = EDGE_CURVE('',#3541,#3543,#3545,.T.);
#3541 = VERTEX_POINT('',#3542);
#3542 = CARTESIAN_POINT('',(-1.5,-11.,4.5));
#3543 = VERTEX_POINT('',#3544);
#3544 = CARTESIAN_POINT('',(-1.5,11.,4.5));
#3545 = LINE('',#3546,#3547);
#3546 = CARTESIAN_POINT('',(-1.5,-11.,4.5));
#3547 = VECTOR('',#3548,1.);
#3548 = DIRECTION('',(-0.,1.,0.));
#3549 = ORIENTED_EDGE('',*,*,#3550,.T.);
#3550 = EDGE_CURVE('',#3541,#3494,#3551,.T.);
#3551 = LINE('',#3552,#3553);
#3552 = CARTESIAN_POINT('',(-1.5,-11.,4.5));
#3553 = VECTOR('',#3554,1.);
#3554 = DIRECTION('',(1.,0.,-0.));
#3555 = ORIENTED_EDGE('',*,*,#3501,.T.);
#3556 = ORIENTED_EDGE('',*,*,#3557,.F.);
#3557 = EDGE_CURVE('',#3543,#3502,#3558,.T.);
#3558 = LINE('',#3559,#3560);
#3559 = CARTESIAN_POINT('',(-1.5,11.,4.5));
#3560 = VECTOR('',#3561,1.);
#3561 = DIRECTION('',(1.,0.,-0.));
#3562 = PLANE('',#3563);
#3563 = AXIS2_PLACEMENT_3D('',#3564,#3565,#3566);
#3564 = CARTESIAN_POINT('',(-1.5,-11.,4.5));
#3565 = DIRECTION('',(0.,0.,1.));
#3566 = DIRECTION('',(1.,0.,-0.));
#3567 = ADVANCED_FACE('',(#3568),#3600,.F.);
#3568 = FACE_BOUND('',#3569,.F.);
#3569 = EDGE_LOOP('',(#3570,#3576,#3577,#3585,#3593,#3599));
#3570 = ORIENTED_EDGE('',*,*,#3571,.F.);
#3571 = EDGE_CURVE('',#3541,#3190,#3572,.T.);
#3572 = LINE('',#3573,#3574);
#3573 = CARTESIAN_POINT('',(-1.5,-11.,4.5));
#3574 = VECTOR('',#3575,1.);
#3575 = DIRECTION('',(0.,0.,1.));
#3576 = ORIENTED_EDGE('',*,*,#3540,.T.);
#3577 = ORIENTED_EDGE('',*,*,#3578,.T.);
#3578 = EDGE_CURVE('',#3543,#3579,#3581,.T.);
#3579 = VERTEX_POINT('',#3580);
#3580 = CARTESIAN_POINT('',(-1.5,11.,5.));
#3581 = LINE('',#3582,#3583);
#3582 = CARTESIAN_POINT('',(-1.5,11.,4.5));
#3583 = VECTOR('',#3584,1.);
#3584 = DIRECTION('',(0.,0.,1.));
#3585 = ORIENTED_EDGE('',*,*,#3586,.T.);
#3586 = EDGE_CURVE('',#3579,#3587,#3589,.T.);
#3587 = VERTEX_POINT('',#3588);
#3588 = CARTESIAN_POINT('',(-1.5,11.,6.));
#3589 = LINE('',#3590,#3591);
#3590 = CARTESIAN_POINT('',(-1.5,11.,4.5));
#3591 = VECTOR('',#3592,1.);
#3592 = DIRECTION('',(0.,0.,1.));
#3593 = ORIENTED_EDGE('',*,*,#3594,.F.);
#3594 = EDGE_CURVE('',#3348,#3587,#3595,.T.);
#3595 = LINE('',#3596,#3597);
#3596 = CARTESIAN_POINT('',(-1.5,-11.,6.));
#3597 = VECTOR('',#3598,1.);
#3598 = DIRECTION('',(-0.,1.,0.));
#3599 = ORIENTED_EDGE('',*,*,#3347,.F.);
#3600 = PLANE('',#3601);
#3601 = AXIS2_PLACEMENT_3D('',#3602,#3603,#3604);
#3602 = CARTESIAN_POINT('',(-1.5,-11.,4.5));
#3603 = DIRECTION('',(1.,0.,-0.));
#3604 = DIRECTION('',(0.,0.,1.));
#3605 = ADVANCED_FACE('',(#3606),#3617,.F.);
#3606 = FACE_BOUND('',#3607,.F.);
#3607 = EDGE_LOOP('',(#3608,#3609,#3610,#3611));
#3608 = ORIENTED_EDGE('',*,*,#3378,.F.);
#3609 = ORIENTED_EDGE('',*,*,#3299,.T.);
#3610 = ORIENTED_EDGE('',*,*,#3456,.T.);
#3611 = ORIENTED_EDGE('',*,*,#3612,.F.);
#3612 = EDGE_CURVE('',#3379,#3457,#3613,.T.);
#3613 = LINE('',#3614,#3615);
#3614 = CARTESIAN_POINT('',(-1.5,11.,-6.));
#3615 = VECTOR('',#3616,1.);
#3616 = DIRECTION('',(1.,0.,-0.));
#3617 = PLANE('',#3618);
#3618 = AXIS2_PLACEMENT_3D('',#3619,#3620,#3621);
#3619 = CARTESIAN_POINT('',(-1.5,-11.,-6.));
#3620 = DIRECTION('',(0.,0.,1.));
#3621 = DIRECTION('',(1.,0.,-0.));
#3622 = ADVANCED_FACE('',(#3623),#3634,.T.);
#3623 = FACE_BOUND('',#3624,.T.);
#3624 = EDGE_LOOP('',(#3625,#3626,#3627,#3628));
#3625 = ORIENTED_EDGE('',*,*,#3594,.F.);
#3626 = ORIENTED_EDGE('',*,*,#3355,.T.);
#3627 = ORIENTED_EDGE('',*,*,#3525,.T.);
#3628 = ORIENTED_EDGE('',*,*,#3629,.F.);
#3629 = EDGE_CURVE('',#3587,#3518,#3630,.T.);
#3630 = LINE('',#3631,#3632);
#3631 = CARTESIAN_POINT('',(-1.5,11.,6.));
#3632 = VECTOR('',#3633,1.);
#3633 = DIRECTION('',(1.,0.,-0.));
#3634 = PLANE('',#3635);
#3635 = AXIS2_PLACEMENT_3D('',#3636,#3637,#3638);
#3636 = CARTESIAN_POINT('',(-1.5,-11.,6.));
#3637 = DIRECTION('',(0.,0.,1.));
#3638 = DIRECTION('',(1.,0.,-0.));
#3639 = ADVANCED_FACE('',(#3640),#3651,.T.);
#3640 = FACE_BOUND('',#3641,.T.);
#3641 = EDGE_LOOP('',(#3642,#3643,#3644,#3645));
#3642 = ORIENTED_EDGE('',*,*,#3464,.F.);
#3643 = ORIENTED_EDGE('',*,*,#3612,.F.);
#3644 = ORIENTED_EDGE('',*,*,#3386,.T.);
#3645 = ORIENTED_EDGE('',*,*,#3646,.T.);
#3646 = EDGE_CURVE('',#3387,#3465,#3647,.T.);
#3647 = LINE('',#3648,#3649);
#3648 = CARTESIAN_POINT('',(-7.586206896552,11.,-5.));
#3649 = VECTOR('',#3650,1.);
#3650 = DIRECTION('',(1.,0.,-0.));
#3651 = PLANE('',#3652);
#3652 = AXIS2_PLACEMENT_3D('',#3653,#3654,#3655);
#3653 = CARTESIAN_POINT('',(-1.5,11.,-6.));
#3654 = DIRECTION('',(-0.,1.,0.));
#3655 = DIRECTION('',(0.,0.,1.));
#3656 = ADVANCED_FACE('',(#3657),#3668,.T.);
#3657 = FACE_BOUND('',#3658,.T.);
#3658 = EDGE_LOOP('',(#3659,#3665,#3666,#3667));
#3659 = ORIENTED_EDGE('',*,*,#3660,.F.);
#3660 = EDGE_CURVE('',#3579,#3510,#3661,.T.);
#3661 = LINE('',#3662,#3663);
#3662 = CARTESIAN_POINT('',(-7.586206896552,11.,5.));
#3663 = VECTOR('',#3664,1.);
#3664 = DIRECTION('',(1.,0.,-0.));
#3665 = ORIENTED_EDGE('',*,*,#3586,.T.);
#3666 = ORIENTED_EDGE('',*,*,#3629,.T.);
#3667 = ORIENTED_EDGE('',*,*,#3517,.F.);
#3668 = PLANE('',#3669);
#3669 = AXIS2_PLACEMENT_3D('',#3670,#3671,#3672);
#3670 = CARTESIAN_POINT('',(-1.5,11.,4.5));
#3671 = DIRECTION('',(-0.,1.,0.));
#3672 = DIRECTION('',(0.,0.,1.));
#3673 = ADVANCED_FACE('',(#3674),#3715,.F.);
#3674 = FACE_BOUND('',#3675,.F.);
#3675 = EDGE_LOOP('',(#3676,#3686,#3692,#3693,#3701,#3709));
#3676 = ORIENTED_EDGE('',*,*,#3677,.F.);
#3677 = EDGE_CURVE('',#3678,#3680,#3682,.T.);
#3678 = VERTEX_POINT('',#3679);
#3679 = CARTESIAN_POINT('',(-7.586206896552,11.,-5.));
#3680 = VERTEX_POINT('',#3681);
#3681 = CARTESIAN_POINT('',(-7.586206896552,12.5,-5.));
#3682 = LINE('',#3683,#3684);
#3683 = CARTESIAN_POINT('',(-7.586206896552,11.,-5.));
#3684 = VECTOR('',#3685,1.);
#3685 = DIRECTION('',(-0.,1.,0.));
#3686 = ORIENTED_EDGE('',*,*,#3687,.T.);
#3687 = EDGE_CURVE('',#3678,#3387,#3688,.T.);
#3688 = LINE('',#3689,#3690);
#3689 = CARTESIAN_POINT('',(-7.586206896552,11.,-5.));
#3690 = VECTOR('',#3691,1.);
#3691 = DIRECTION('',(1.,0.,-0.));
#3692 = ORIENTED_EDGE('',*,*,#3646,.T.);
#3693 = ORIENTED_EDGE('',*,*,#3694,.T.);
#3694 = EDGE_CURVE('',#3465,#3695,#3697,.T.);
#3695 = VERTEX_POINT('',#3696);
#3696 = CARTESIAN_POINT('',(7.586206896552,11.,-5.));
#3697 = LINE('',#3698,#3699);
#3698 = CARTESIAN_POINT('',(-7.586206896552,11.,-5.));
#3699 = VECTOR('',#3700,1.);
#3700 = DIRECTION('',(1.,0.,-0.));
#3701 = ORIENTED_EDGE('',*,*,#3702,.T.);
#3702 = EDGE_CURVE('',#3695,#3703,#3705,.T.);
#3703 = VERTEX_POINT('',#3704);
#3704 = CARTESIAN_POINT('',(7.586206896552,12.5,-5.));
#3705 = LINE('',#3706,#3707);
#3706 = CARTESIAN_POINT('',(7.586206896552,11.,-5.));
#3707 = VECTOR('',#3708,1.);
#3708 = DIRECTION('',(-0.,1.,0.));
#3709 = ORIENTED_EDGE('',*,*,#3710,.F.);
#3710 = EDGE_CURVE('',#3680,#3703,#3711,.T.);
#3711 = LINE('',#3712,#3713);
#3712 = CARTESIAN_POINT('',(-7.586206896552,12.5,-5.));
#3713 = VECTOR('',#3714,1.);
#3714 = DIRECTION('',(1.,0.,-0.));
#3715 = PLANE('',#3716);
#3716 = AXIS2_PLACEMENT_3D('',#3717,#3718,#3719);
#3717 = CARTESIAN_POINT('',(-7.586206896552,11.,-5.));
#3718 = DIRECTION('',(0.,0.,1.));
#3719 = DIRECTION('',(1.,0.,-0.));
#3720 = ADVANCED_FACE('',(#3721),#3762,.T.);
#3721 = FACE_BOUND('',#3722,.T.);
#3722 = EDGE_LOOP('',(#3723,#3733,#3739,#3740,#3748,#3756));
#3723 = ORIENTED_EDGE('',*,*,#3724,.F.);
#3724 = EDGE_CURVE('',#3725,#3727,#3729,.T.);
#3725 = VERTEX_POINT('',#3726);
#3726 = CARTESIAN_POINT('',(-7.586206896552,11.,5.));
#3727 = VERTEX_POINT('',#3728);
#3728 = CARTESIAN_POINT('',(-7.586206896552,12.5,5.));
#3729 = LINE('',#3730,#3731);
#3730 = CARTESIAN_POINT('',(-7.586206896552,11.,5.));
#3731 = VECTOR('',#3732,1.);
#3732 = DIRECTION('',(-0.,1.,0.));
#3733 = ORIENTED_EDGE('',*,*,#3734,.T.);
#3734 = EDGE_CURVE('',#3725,#3579,#3735,.T.);
#3735 = LINE('',#3736,#3737);
#3736 = CARTESIAN_POINT('',(-7.586206896552,11.,5.));
#3737 = VECTOR('',#3738,1.);
#3738 = DIRECTION('',(1.,0.,-0.));
#3739 = ORIENTED_EDGE('',*,*,#3660,.T.);
#3740 = ORIENTED_EDGE('',*,*,#3741,.T.);
#3741 = EDGE_CURVE('',#3510,#3742,#3744,.T.);
#3742 = VERTEX_POINT('',#3743);
#3743 = CARTESIAN_POINT('',(7.586206896552,11.,5.));
#3744 = LINE('',#3745,#3746);
#3745 = CARTESIAN_POINT('',(-7.586206896552,11.,5.));
#3746 = VECTOR('',#3747,1.);
#3747 = DIRECTION('',(1.,0.,-0.));
#3748 = ORIENTED_EDGE('',*,*,#3749,.T.);
#3749 = EDGE_CURVE('',#3742,#3750,#3752,.T.);
#3750 = VERTEX_POINT('',#3751);
#3751 = CARTESIAN_POINT('',(7.586206896552,12.5,5.));
#3752 = LINE('',#3753,#3754);
#3753 = CARTESIAN_POINT('',(7.586206896552,11.,5.));
#3754 = VECTOR('',#3755,1.);
#3755 = DIRECTION('',(-0.,1.,0.));
#3756 = ORIENTED_EDGE('',*,*,#3757,.F.);
#3757 = EDGE_CURVE('',#3727,#3750,#3758,.T.);
#3758 = LINE('',#3759,#3760);
#3759 = CARTESIAN_POINT('',(-7.586206896552,12.5,5.));
#3760 = VECTOR('',#3761,1.);
#3761 = DIRECTION('',(1.,0.,-0.));
#3762 = PLANE('',#3763);
#3763 = AXIS2_PLACEMENT_3D('',#3764,#3765,#3766);
#3764 = CARTESIAN_POINT('',(-7.586206896552,11.,5.));
#3765 = DIRECTION('',(0.,0.,1.));
#3766 = DIRECTION('',(1.,0.,-0.));
#3767 = ADVANCED_FACE('',(#3768),#3786,.T.);
#3768 = FACE_BOUND('',#3769,.T.);
#3769 = EDGE_LOOP('',(#3770,#3771,#3778,#3779));
#3770 = ORIENTED_EDGE('',*,*,#3724,.T.);
#3771 = ORIENTED_EDGE('',*,*,#3772,.F.);
#3772 = EDGE_CURVE('',#3680,#3727,#3773,.T.);
#3773 = CIRCLE('',#3774,5.);
#3774 = AXIS2_PLACEMENT_3D('',#3775,#3776,#3777);
#3775 = CARTESIAN_POINT('',(-7.586206896552,12.5,0.));
#3776 = DIRECTION('',(0.,1.,0.));
#3777 = DIRECTION('',(0.,-0.,1.));
#3778 = ORIENTED_EDGE('',*,*,#3677,.F.);
#3779 = ORIENTED_EDGE('',*,*,#3780,.T.);
#3780 = EDGE_CURVE('',#3678,#3725,#3781,.T.);
#3781 = CIRCLE('',#3782,5.);
#3782 = AXIS2_PLACEMENT_3D('',#3783,#3784,#3785);
#3783 = CARTESIAN_POINT('',(-7.586206896552,11.,0.));
#3784 = DIRECTION('',(0.,1.,0.));
#3785 = DIRECTION('',(0.,-0.,1.));
#3786 = CYLINDRICAL_SURFACE('',#3787,5.);
#3787 = AXIS2_PLACEMENT_3D('',#3788,#3789,#3790);
#3788 = CARTESIAN_POINT('',(-7.586206896552,11.,0.));
#3789 = DIRECTION('',(0.,1.,0.));
#3790 = DIRECTION('',(0.,-0.,1.));
#3791 = ADVANCED_FACE('',(#3792),#3810,.T.);
#3792 = FACE_BOUND('',#3793,.T.);
#3793 = EDGE_LOOP('',(#3794,#3801,#3802,#3809));
#3794 = ORIENTED_EDGE('',*,*,#3795,.F.);
#3795 = EDGE_CURVE('',#3750,#3703,#3796,.T.);
#3796 = CIRCLE('',#3797,5.);
#3797 = AXIS2_PLACEMENT_3D('',#3798,#3799,#3800);
#3798 = CARTESIAN_POINT('',(7.586206896552,12.5,0.));
#3799 = DIRECTION('',(0.,1.,0.));
#3800 = DIRECTION('',(0.,-0.,1.));
#3801 = ORIENTED_EDGE('',*,*,#3749,.F.);
#3802 = ORIENTED_EDGE('',*,*,#3803,.T.);
#3803 = EDGE_CURVE('',#3742,#3695,#3804,.T.);
#3804 = CIRCLE('',#3805,5.);
#3805 = AXIS2_PLACEMENT_3D('',#3806,#3807,#3808);
#3806 = CARTESIAN_POINT('',(7.586206896552,11.,0.));
#3807 = DIRECTION('',(0.,1.,0.));
#3808 = DIRECTION('',(0.,-0.,1.));
#3809 = ORIENTED_EDGE('',*,*,#3702,.T.);
#3810 = CYLINDRICAL_SURFACE('',#3811,5.);
#3811 = AXIS2_PLACEMENT_3D('',#3812,#3813,#3814);
#3812 = CARTESIAN_POINT('',(7.586206896552,11.,0.));
#3813 = DIRECTION('',(0.,1.,0.));
#3814 = DIRECTION('',(0.,-0.,1.));
#3815 = ADVANCED_FACE('',(#3816),#3822,.T.);
#3816 = FACE_BOUND('',#3817,.T.);
#3817 = EDGE_LOOP('',(#3818,#3819,#3820,#3821));
#3818 = ORIENTED_EDGE('',*,*,#3245,.T.);
#3819 = ORIENTED_EDGE('',*,*,#3330,.F.);
#3820 = ORIENTED_EDGE('',*,*,#3165,.F.);
#3821 = ORIENTED_EDGE('',*,*,#3229,.F.);
#3822 = PLANE('',#3823);
#3823 = AXIS2_PLACEMENT_3D('',#3824,#3825,#3826);
#3824 = CARTESIAN_POINT('',(-6.476089505928E-16,-12.5,
    -2.354941638519E-16));
#3825 = DIRECTION('',(-0.,-1.,-0.));
#3826 = DIRECTION('',(0.,0.,-1.));
#3827 = ADVANCED_FACE('',(#3828),#3842,.T.);
#3828 = FACE_BOUND('',#3829,.T.);
#3829 = EDGE_LOOP('',(#3830,#3831,#3832,#3833,#3834,#3835,#3836,#3837,
    #3838,#3839,#3840,#3841));
#3830 = ORIENTED_EDGE('',*,*,#3277,.F.);
#3831 = ORIENTED_EDGE('',*,*,#3212,.T.);
#3832 = ORIENTED_EDGE('',*,*,#3197,.T.);
#3833 = ORIENTED_EDGE('',*,*,#3571,.F.);
#3834 = ORIENTED_EDGE('',*,*,#3550,.T.);
#3835 = ORIENTED_EDGE('',*,*,#3493,.T.);
#3836 = ORIENTED_EDGE('',*,*,#3181,.T.);
#3837 = ORIENTED_EDGE('',*,*,#3322,.T.);
#3838 = ORIENTED_EDGE('',*,*,#3261,.F.);
#3839 = ORIENTED_EDGE('',*,*,#3479,.T.);
#3840 = ORIENTED_EDGE('',*,*,#3425,.F.);
#3841 = ORIENTED_EDGE('',*,*,#3410,.F.);
#3842 = PLANE('',#3843);
#3843 = AXIS2_PLACEMENT_3D('',#3844,#3845,#3846);
#3844 = CARTESIAN_POINT('',(1.139697972182E-16,-11.,-2.279395944363E-16)
  );
#3845 = DIRECTION('',(0.,1.,0.));
#3846 = DIRECTION('',(0.,-0.,1.));
#3847 = ADVANCED_FACE('',(#3848),#3862,.T.);
#3848 = FACE_BOUND('',#3849,.T.);
#3849 = EDGE_LOOP('',(#3850,#3851,#3852,#3853,#3854,#3855,#3856,#3857,
    #3858,#3859,#3860,#3861));
#3850 = ORIENTED_EDGE('',*,*,#3687,.T.);
#3851 = ORIENTED_EDGE('',*,*,#3394,.T.);
#3852 = ORIENTED_EDGE('',*,*,#3441,.T.);
#3853 = ORIENTED_EDGE('',*,*,#3472,.F.);
#3854 = ORIENTED_EDGE('',*,*,#3694,.T.);
#3855 = ORIENTED_EDGE('',*,*,#3803,.F.);
#3856 = ORIENTED_EDGE('',*,*,#3741,.F.);
#3857 = ORIENTED_EDGE('',*,*,#3509,.F.);
#3858 = ORIENTED_EDGE('',*,*,#3557,.F.);
#3859 = ORIENTED_EDGE('',*,*,#3578,.T.);
#3860 = ORIENTED_EDGE('',*,*,#3734,.F.);
#3861 = ORIENTED_EDGE('',*,*,#3780,.F.);
#3862 = PLANE('',#3863);
#3863 = AXIS2_PLACEMENT_3D('',#3864,#3865,#3866);
#3864 = CARTESIAN_POINT('',(-6.268338846999E-16,11.,-2.279395944363E-16)
  );
#3865 = DIRECTION('',(-0.,-1.,-0.));
#3866 = DIRECTION('',(0.,0.,-1.));
#3867 = ADVANCED_FACE('',(#3868),#3874,.T.);
#3868 = FACE_BOUND('',#3869,.T.);
#3869 = EDGE_LOOP('',(#3870,#3871,#3872,#3873));
#3870 = ORIENTED_EDGE('',*,*,#3710,.F.);
#3871 = ORIENTED_EDGE('',*,*,#3772,.T.);
#3872 = ORIENTED_EDGE('',*,*,#3757,.T.);
#3873 = ORIENTED_EDGE('',*,*,#3795,.T.);
#3874 = PLANE('',#3875);
#3875 = AXIS2_PLACEMENT_3D('',#3876,#3877,#3878);
#3876 = CARTESIAN_POINT('',(-3.532412457779E-16,12.5,8.831031144447E-17)
  );
#3877 = DIRECTION('',(0.,1.,0.));
#3878 = DIRECTION('',(0.,-0.,1.));
#3879 = ( GEOMETRIC_REPRESENTATION_CONTEXT(3) 
GLOBAL_UNCERTAINTY_ASSIGNED_CONTEXT((#3883)) 
GLOBAL_UNIT_ASSIGNED_CONTEXT((#3880,#3881,#3882)) REPRESENTATION_CONTEXT
('Context #1','3D Context with UNIT and UNCERTAINTY') );
#3880 = ( LENGTH_UNIT() NAMED_UNIT(*) SI_UNIT(.MILLI.,.METRE.) );
#3881 = ( NAMED_UNIT(*) PLANE_ANGLE_UNIT() SI_UNIT($,.RADIAN.) );
#3882 = ( NAMED_UNIT(*) SI_UNIT($,.STERADIAN.) SOLID_ANGLE_UNIT() );
#3883 = UNCERTAINTY_MEASURE_WITH_UNIT(LENGTH_MEASURE(1.E-07),#3880,
  'distance_accuracy_value','confusion accuracy');
#3884 = CONTEXT_DEPENDENT_SHAPE_REPRESENTATION(#3885,#3887);
#3885 = ( REPRESENTATION_RELATIONSHIP('','',#3148,#10) 
REPRESENTATION_RELATIONSHIP_WITH_TRANSFORMATION(#3886) 
SHAPE_REPRESENTATION_RELATIONSHIP() );
#3886 = ITEM_DEFINED_TRANSFORMATION('','',#11,#31);
#3887 = PRODUCT_DEFINITION_SHAPE('Placement','Placement of an item',
  #3888);
#3888 = NEXT_ASSEMBLY_USAGE_OCCURRENCE('5','link_04','',#5,#3143,$);
#3889 = PRODUCT_RELATED_PRODUCT_CATEGORY('part',$,(#3145));
#3890 = SHAPE_DEFINITION_REPRESENTATION(#3891,#3897);
#3891 = PRODUCT_DEFINITION_SHAPE('','',#3892);
#3892 = PRODUCT_DEFINITION('design','',#3893,#3896);
#3893 = PRODUCT_DEFINITION_FORMATION('','',#3894);
#3894 = PRODUCT('link_05','link_05','',(#3895));
#3895 = PRODUCT_CONTEXT('',#2,'mechanical');
#3896 = PRODUCT_DEFINITION_CONTEXT('part definition',#2,'design');
#3897 = ADVANCED_BREP_SHAPE_REPRESENTATION('',(#11,#3898),#4628);
#3898 = MANIFOLD_SOLID_BREP('',#3899);
#3899 = CLOSED_SHELL('',(#3900,#3956,#3989,#4036,#4067,#4091,#4122,#4169
    ,#4200,#4238,#4285,#4316,#4354,#4371,#4388,#4405,#4422,#4469,#4516,
    #4540,#4564,#4576,#4596,#4616));
#3900 = ADVANCED_FACE('',(#3901),#3951,.T.);
#3901 = FACE_BOUND('',#3902,.T.);
#3902 = EDGE_LOOP('',(#3903,#3913,#3921,#3929,#3937,#3945));
#3903 = ORIENTED_EDGE('',*,*,#3904,.F.);
#3904 = EDGE_CURVE('',#3905,#3907,#3909,.T.);
#3905 = VERTEX_POINT('',#3906);
#3906 = CARTESIAN_POINT('',(-7.586206896552,-12.5,5.));
#3907 = VERTEX_POINT('',#3908);
#3908 = CARTESIAN_POINT('',(-7.586206896552,-11.,5.));
#3909 = LINE('',#3910,#3911);
#3910 = CARTESIAN_POINT('',(-7.586206896552,-12.5,5.));
#3911 = VECTOR('',#3912,1.);
#3912 = DIRECTION('',(-0.,1.,0.));
#3913 = ORIENTED_EDGE('',*,*,#3914,.T.);
#3914 = EDGE_CURVE('',#3905,#3915,#3917,.T.);
#3915 = VERTEX_POINT('',#3916);
#3916 = CARTESIAN_POINT('',(7.586206896552,-12.5,5.));
#3917 = LINE('',#3918,#3919);
#3918 = CARTESIAN_POINT('',(-7.586206896552,-12.5,5.));
#3919 = VECTOR('',#3920,1.);
#3920 = DIRECTION('',(1.,0.,-0.));
#3921 = ORIENTED_EDGE('',*,*,#3922,.T.);
#3922 = EDGE_CURVE('',#3915,#3923,#3925,.T.);
#3923 = VERTEX_POINT('',#3924);
#3924 = CARTESIAN_POINT('',(7.586206896552,-11.,5.));
#3925 = LINE('',#3926,#3927);
#3926 = CARTESIAN_POINT('',(7.586206896552,-12.5,5.));
#3927 = VECTOR('',#3928,1.);
#3928 = DIRECTION('',(-0.,1.,0.));
#3929 = ORIENTED_EDGE('',*,*,#3930,.F.);
#3930 = EDGE_CURVE('',#3931,#3923,#3933,.T.);
#3931 = VERTEX_POINT('',#3932);
#3932 = CARTESIAN_POINT('',(1.5,-11.,5.));
#3933 = LINE('',#3934,#3935);
#3934 = CARTESIAN_POINT('',(-7.586206896552,-11.,5.));
#3935 = VECTOR('',#3936,1.);
#3936 = DIRECTION('',(1.,0.,-0.));
#3937 = ORIENTED_EDGE('',*,*,#3938,.F.);
#3938 = EDGE_CURVE('',#3939,#3931,#3941,.T.);
#3939 = VERTEX_POINT('',#3940);
#3940 = CARTESIAN_POINT('',(-1.5,-11.,5.));
#3941 = LINE('',#3942,#3943);
#3942 = CARTESIAN_POINT('',(-7.586206896552,-11.,5.));
#3943 = VECTOR('',#3944,1.);
#3944 = DIRECTION('',(1.,0.,-0.));
#3945 = ORIENTED_EDGE('',*,*,#3946,.F.);
#3946 = EDGE_CURVE('',#3907,#3939,#3947,.T.);
#3947 = LINE('',#3948,#3949);
#3948 = CARTESIAN_POINT('',(-7.586206896552,-11.,5.));
#3949 = VECTOR('',#3950,1.);
#3950 = DIRECTION('',(1.,0.,-0.));
#3951 = PLANE('',#3952);
#3952 = AXIS2_PLACEMENT_3D('',#3953,#3954,#3955);
#3953 = CARTESIAN_POINT('',(-7.586206896552,-12.5,5.));
#3954 = DIRECTION('',(0.,0.,1.));
#3955 = DIRECTION('',(1.,0.,-0.));
#3956 = ADVANCED_FACE('',(#3957),#3984,.T.);
#3957 = FACE_BOUND('',#3958,.T.);
#3958 = EDGE_LOOP('',(#3959,#3960,#3969,#3977));
#3959 = ORIENTED_EDGE('',*,*,#3904,.T.);
#3960 = ORIENTED_EDGE('',*,*,#3961,.F.);
#3961 = EDGE_CURVE('',#3962,#3907,#3964,.T.);
#3962 = VERTEX_POINT('',#3963);
#3963 = CARTESIAN_POINT('',(-7.586206896552,-11.,-5.));
#3964 = CIRCLE('',#3965,5.);
#3965 = AXIS2_PLACEMENT_3D('',#3966,#3967,#3968);
#3966 = CARTESIAN_POINT('',(-7.586206896552,-11.,0.));
#3967 = DIRECTION('',(0.,1.,0.));
#3968 = DIRECTION('',(0.,-0.,1.));
#3969 = ORIENTED_EDGE('',*,*,#3970,.F.);
#3970 = EDGE_CURVE('',#3971,#3962,#3973,.T.);
#3971 = VERTEX_POINT('',#3972);
#3972 = CARTESIAN_POINT('',(-7.586206896552,-12.5,-5.));
#3973 = LINE('',#3974,#3975);
#3974 = CARTESIAN_POINT('',(-7.586206896552,-12.5,-5.));
#3975 = VECTOR('',#3976,1.);
#3976 = DIRECTION('',(-0.,1.,0.));
#3977 = ORIENTED_EDGE('',*,*,#3978,.T.);
#3978 = EDGE_CURVE('',#3971,#3905,#3979,.T.);
#3979 = CIRCLE('',#3980,5.);
#3980 = AXIS2_PLACEMENT_3D('',#3981,#3982,#3983);
#3981 = CARTESIAN_POINT('',(-7.586206896552,-12.5,0.));
#3982 = DIRECTION('',(0.,1.,0.));
#3983 = DIRECTION('',(0.,-0.,1.));
#3984 = CYLINDRICAL_SURFACE('',#3985,5.);
#3985 = AXIS2_PLACEMENT_3D('',#3986,#3987,#3988);
#3986 = CARTESIAN_POINT('',(-7.586206896552,-12.5,0.));
#3987 = DIRECTION('',(0.,1.,0.));
#3988 = DIRECTION('',(0.,-0.,1.));
#3989 = ADVANCED_FACE('',(#3990),#4031,.F.);
#3990 = FACE_BOUND('',#3991,.F.);
#3991 = EDGE_LOOP('',(#3992,#3993,#4001,#4009,#4017,#4025));
#3992 = ORIENTED_EDGE('',*,*,#3970,.F.);
#3993 = ORIENTED_EDGE('',*,*,#3994,.T.);
#3994 = EDGE_CURVE('',#3971,#3995,#3997,.T.);
#3995 = VERTEX_POINT('',#3996);
#3996 = CARTESIAN_POINT('',(7.586206896552,-12.5,-5.));
#3997 = LINE('',#3998,#3999);
#3998 = CARTESIAN_POINT('',(-7.586206896552,-12.5,-5.));
#3999 = VECTOR('',#4000,1.);
#4000 = DIRECTION('',(1.,0.,-0.));
#4001 = ORIENTED_EDGE('',*,*,#4002,.T.);
#4002 = EDGE_CURVE('',#3995,#4003,#4005,.T.);
#4003 = VERTEX_POINT('',#4004);
#4004 = CARTESIAN_POINT('',(7.586206896552,-11.,-5.));
#4005 = LINE('',#4006,#4007);
#4006 = CARTESIAN_POINT('',(7.586206896552,-12.5,-5.));
#4007 = VECTOR('',#4008,1.);
#4008 = DIRECTION('',(-0.,1.,0.));
#4009 = ORIENTED_EDGE('',*,*,#4010,.F.);
#4010 = EDGE_CURVE('',#4011,#4003,#4013,.T.);
#4011 = VERTEX_POINT('',#4012);
#4012 = CARTESIAN_POINT('',(1.5,-11.,-5.));
#4013 = LINE('',#4014,#4015);
#4014 = CARTESIAN_POINT('',(-7.586206896552,-11.,-5.));
#4015 = VECTOR('',#4016,1.);
#4016 = DIRECTION('',(1.,0.,-0.));
#4017 = ORIENTED_EDGE('',*,*,#4018,.F.);
#4018 = EDGE_CURVE('',#4019,#4011,#4021,.T.);
#4019 = VERTEX_POINT('',#4020);
#4020 = CARTESIAN_POINT('',(-1.5,-11.,-5.));
#4021 = LINE('',#4022,#4023);
#4022 = CARTESIAN_POINT('',(-7.586206896552,-11.,-5.));
#4023 = VECTOR('',#4024,1.);
#4024 = DIRECTION('',(1.,0.,-0.));
#4025 = ORIENTED_EDGE('',*,*,#4026,.F.);
#4026 = EDGE_CURVE('',#3962,#4019,#4027,.T.);
#4027 = LINE('',#4028,#4029);
#4028 = CARTESIAN_POINT('',(-7.586206896552,-11.,-5.));
#4029 = VECTOR('',#4030,1.);
#4030 = DIRECTION('',(1.,0.,-0.));
#4031 = PLANE('',#4032);
#4032 = AXIS2_PLACEMENT_3D('',#4033,#4034,#4035);
#4033 = CARTESIAN_POINT('',(-7.586206896552,-12.5,-5.));
#4034 = DIRECTION('',(0.,0.,1.));
#4035 = DIRECTION('',(1.,0.,-0.));
#4036 = ADVANCED_FACE('',(#4037),#4062,.F.);
#4037 = FACE_BOUND('',#4038,.F.);
#4038 = EDGE_LOOP('',(#4039,#4047,#4055,#4061));
#4039 = ORIENTED_EDGE('',*,*,#4040,.F.);
#4040 = EDGE_CURVE('',#4041,#4011,#4043,.T.);
#4041 = VERTEX_POINT('',#4042);
#4042 = CARTESIAN_POINT('',(1.5,-11.,-6.));
#4043 = LINE('',#4044,#4045);
#4044 = CARTESIAN_POINT('',(1.5,-11.,-6.));
#4045 = VECTOR('',#4046,1.);
#4046 = DIRECTION('',(0.,0.,1.));
#4047 = ORIENTED_EDGE('',*,*,#4048,.F.);
#4048 = EDGE_CURVE('',#4049,#4041,#4051,.T.);
#4049 = VERTEX_POINT('',#4050);
#4050 = CARTESIAN_POINT('',(-1.5,-11.,-6.));
#4051 = LINE('',#4052,#4053);
#4052 = CARTESIAN_POINT('',(-1.5,-11.,-6.));
#4053 = VECTOR('',#4054,1.);
#4054 = DIRECTION('',(1.,0.,-0.));
#4055 = ORIENTED_EDGE('',*,*,#4056,.T.);
#4056 = EDGE_CURVE('',#4049,#4019,#4057,.T.);
#4057 = LINE('',#4058,#4059);
#4058 = CARTESIAN_POINT('',(-1.5,-11.,-6.));
#4059 = VECTOR('',#4060,1.);
#4060 = DIRECTION('',(0.,0.,1.));
#4061 = ORIENTED_EDGE('',*,*,#4018,.T.);
#4062 = PLANE('',#4063);
#4063 = AXIS2_PLACEMENT_3D('',#4064,#4065,#4066);
#4064 = CARTESIAN_POINT('',(-1.5,-11.,-6.));
#4065 = DIRECTION('',(-0.,1.,0.));
#4066 = DIRECTION('',(0.,0.,1.));
#4067 = ADVANCED_FACE('',(#4068),#4086,.T.);
#4068 = FACE_BOUND('',#4069,.T.);
#4069 = EDGE_LOOP('',(#4070,#4077,#4078,#4085));
#4070 = ORIENTED_EDGE('',*,*,#4071,.F.);
#4071 = EDGE_CURVE('',#3923,#4003,#4072,.T.);
#4072 = CIRCLE('',#4073,5.);
#4073 = AXIS2_PLACEMENT_3D('',#4074,#4075,#4076);
#4074 = CARTESIAN_POINT('',(7.586206896552,-11.,0.));
#4075 = DIRECTION('',(0.,1.,0.));
#4076 = DIRECTION('',(0.,-0.,1.));
#4077 = ORIENTED_EDGE('',*,*,#3922,.F.);
#4078 = ORIENTED_EDGE('',*,*,#4079,.T.);
#4079 = EDGE_CURVE('',#3915,#3995,#4080,.T.);
#4080 = CIRCLE('',#4081,5.);
#4081 = AXIS2_PLACEMENT_3D('',#4082,#4083,#4084);
#4082 = CARTESIAN_POINT('',(7.586206896552,-12.5,0.));
#4083 = DIRECTION('',(0.,1.,0.));
#4084 = DIRECTION('',(0.,-0.,1.));
#4085 = ORIENTED_EDGE('',*,*,#4002,.T.);
#4086 = CYLINDRICAL_SURFACE('',#4087,5.);
#4087 = AXIS2_PLACEMENT_3D('',#4088,#4089,#4090);
#4088 = CARTESIAN_POINT('',(7.586206896552,-12.5,0.));
#4089 = DIRECTION('',(0.,1.,0.));
#4090 = DIRECTION('',(0.,-0.,1.));
#4091 = ADVANCED_FACE('',(#4092),#4117,.F.);
#4092 = FACE_BOUND('',#4093,.F.);
#4093 = EDGE_LOOP('',(#4094,#4095,#4103,#4111));
#4094 = ORIENTED_EDGE('',*,*,#3938,.F.);
#4095 = ORIENTED_EDGE('',*,*,#4096,.T.);
#4096 = EDGE_CURVE('',#3939,#4097,#4099,.T.);
#4097 = VERTEX_POINT('',#4098);
#4098 = CARTESIAN_POINT('',(-1.5,-11.,6.));
#4099 = LINE('',#4100,#4101);
#4100 = CARTESIAN_POINT('',(-1.5,-11.,4.5));
#4101 = VECTOR('',#4102,1.);
#4102 = DIRECTION('',(0.,0.,1.));
#4103 = ORIENTED_EDGE('',*,*,#4104,.T.);
#4104 = EDGE_CURVE('',#4097,#4105,#4107,.T.);
#4105 = VERTEX_POINT('',#4106);
#4106 = CARTESIAN_POINT('',(1.5,-11.,6.));
#4107 = LINE('',#4108,#4109);
#4108 = CARTESIAN_POINT('',(-1.5,-11.,6.));
#4109 = VECTOR('',#4110,1.);
#4110 = DIRECTION('',(1.,0.,-0.));
#4111 = ORIENTED_EDGE('',*,*,#4112,.F.);
#4112 = EDGE_CURVE('',#3931,#4105,#4113,.T.);
#4113 = LINE('',#4114,#4115);
#4114 = CARTESIAN_POINT('',(1.5,-11.,4.5));
#4115 = VECTOR('',#4116,1.);
#4116 = DIRECTION('',(0.,0.,1.));
#4117 = PLANE('',#4118);
#4118 = AXIS2_PLACEMENT_3D('',#4119,#4120,#4121);
#4119 = CARTESIAN_POINT('',(-1.5,-11.,4.5));
#4120 = DIRECTION('',(-0.,1.,0.));
#4121 = DIRECTION('',(0.,0.,1.));
#4122 = ADVANCED_FACE('',(#4123),#4164,.F.);
#4123 = FACE_BOUND('',#4124,.F.);
#4124 = EDGE_LOOP('',(#4125,#4126,#4134,#4142,#4150,#4158));
#4125 = ORIENTED_EDGE('',*,*,#4056,.F.);
#4126 = ORIENTED_EDGE('',*,*,#4127,.T.);
#4127 = EDGE_CURVE('',#4049,#4128,#4130,.T.);
#4128 = VERTEX_POINT('',#4129);
#4129 = CARTESIAN_POINT('',(-1.5,11.,-6.));
#4130 = LINE('',#4131,#4132);
#4131 = CARTESIAN_POINT('',(-1.5,-11.,-6.));
#4132 = VECTOR('',#4133,1.);
#4133 = DIRECTION('',(-0.,1.,0.));
#4134 = ORIENTED_EDGE('',*,*,#4135,.T.);
#4135 = EDGE_CURVE('',#4128,#4136,#4138,.T.);
#4136 = VERTEX_POINT('',#4137);
#4137 = CARTESIAN_POINT('',(-1.5,11.,-5.));
#4138 = LINE('',#4139,#4140);
#4139 = CARTESIAN_POINT('',(-1.5,11.,-6.));
#4140 = VECTOR('',#4141,1.);
#4141 = DIRECTION('',(0.,0.,1.));
#4142 = ORIENTED_EDGE('',*,*,#4143,.T.);
#4143 = EDGE_CURVE('',#4136,#4144,#4146,.T.);
#4144 = VERTEX_POINT('',#4145);
#4145 = CARTESIAN_POINT('',(-1.5,11.,-4.5));
#4146 = LINE('',#4147,#4148);
#4147 = CARTESIAN_POINT('',(-1.5,11.,-6.));
#4148 = VECTOR('',#4149,1.);
#4149 = DIRECTION('',(0.,0.,1.));
#4150 = ORIENTED_EDGE('',*,*,#4151,.F.);
#4151 = EDGE_CURVE('',#4152,#4144,#4154,.T.);
#4152 = VERTEX_POINT('',#4153);
#4153 = CARTESIAN_POINT('',(-1.5,-11.,-4.5));
#4154 = LINE('',#4155,#4156);
#4155 = CARTESIAN_POINT('',(-1.5,-11.,-4.5));
#4156 = VECTOR('',#4157,1.);
#4157 = DIRECTION('',(-0.,1.,0.));
#4158 = ORIENTED_EDGE('',*,*,#4159,.F.);
#4159 = EDGE_CURVE('',#4019,#4152,#4160,.T.);
#4160 = LINE('',#4161,#4162);
#4161 = CARTESIAN_POINT('',(-1.5,-11.,-6.));
#4162 = VECTOR('',#4163,1.);
#4163 = DIRECTION('',(0.,0.,1.));
#4164 = PLANE('',#4165);
#4165 = AXIS2_PLACEMENT_3D('',#4166,#4167,#4168);
#4166 = CARTESIAN_POINT('',(-1.5,-11.,-6.));
#4167 = DIRECTION('',(1.,0.,-0.));
#4168 = DIRECTION('',(0.,0.,1.));
#4169 = ADVANCED_FACE('',(#4170),#4195,.T.);
#4170 = FACE_BOUND('',#4171,.T.);
#4171 = EDGE_LOOP('',(#4172,#4173,#4181,#4189));
#4172 = ORIENTED_EDGE('',*,*,#4151,.F.);
#4173 = ORIENTED_EDGE('',*,*,#4174,.T.);
#4174 = EDGE_CURVE('',#4152,#4175,#4177,.T.);
#4175 = VERTEX_POINT('',#4176);
#4176 = CARTESIAN_POINT('',(1.5,-11.,-4.5));
#4177 = LINE('',#4178,#4179);
#4178 = CARTESIAN_POINT('',(-1.5,-11.,-4.5));
#4179 = VECTOR('',#4180,1.);
#4180 = DIRECTION('',(1.,0.,-0.));
#4181 = ORIENTED_EDGE('',*,*,#4182,.T.);
#4182 = EDGE_CURVE('',#4175,#4183,#4185,.T.);
#4183 = VERTEX_POINT('',#4184);
#4184 = CARTESIAN_POINT('',(1.5,11.,-4.5));
#4185 = LINE('',#4186,#4187);
#4186 = CARTESIAN_POINT('',(1.5,-11.,-4.5));
#4187 = VECTOR('',#4188,1.);
#4188 = DIRECTION('',(-0.,1.,0.));
#4189 = ORIENTED_EDGE('',*,*,#4190,.F.);
#4190 = EDGE_CURVE('',#4144,#4183,#4191,.T.);
#4191 = LINE('',#4192,#4193);
#4192 = CARTESIAN_POINT('',(-1.5,11.,-4.5));
#4193 = VECTOR('',#4194,1.);
#4194 = DIRECTION('',(1.,0.,-0.));
#4195 = PLANE('',#4196);
#4196 = AXIS2_PLACEMENT_3D('',#4197,#4198,#4199);
#4197 = CARTESIAN_POINT('',(-1.5,-11.,-4.5));
#4198 = DIRECTION('',(0.,0.,1.));
#4199 = DIRECTION('',(1.,0.,-0.));
#4200 = ADVANCED_FACE('',(#4201),#4233,.T.);
#4201 = FACE_BOUND('',#4202,.T.);
#4202 = EDGE_LOOP('',(#4203,#4204,#4212,#4220,#4226,#4227));
#4203 = ORIENTED_EDGE('',*,*,#4040,.F.);
#4204 = ORIENTED_EDGE('',*,*,#4205,.T.);
#4205 = EDGE_CURVE('',#4041,#4206,#4208,.T.);
#4206 = VERTEX_POINT('',#4207);
#4207 = CARTESIAN_POINT('',(1.5,11.,-6.));
#4208 = LINE('',#4209,#4210);
#4209 = CARTESIAN_POINT('',(1.5,-11.,-6.));
#4210 = VECTOR('',#4211,1.);
#4211 = DIRECTION('',(-0.,1.,0.));
#4212 = ORIENTED_EDGE('',*,*,#4213,.T.);
#4213 = EDGE_CURVE('',#4206,#4214,#4216,.T.);
#4214 = VERTEX_POINT('',#4215);
#4215 = CARTESIAN_POINT('',(1.5,11.,-5.));
#4216 = LINE('',#4217,#4218);
#4217 = CARTESIAN_POINT('',(1.5,11.,-6.));
#4218 = VECTOR('',#4219,1.);
#4219 = DIRECTION('',(0.,0.,1.));
#4220 = ORIENTED_EDGE('',*,*,#4221,.T.);
#4221 = EDGE_CURVE('',#4214,#4183,#4222,.T.);
#4222 = LINE('',#4223,#4224);
#4223 = CARTESIAN_POINT('',(1.5,11.,-6.));
#4224 = VECTOR('',#4225,1.);
#4225 = DIRECTION('',(0.,0.,1.));
#4226 = ORIENTED_EDGE('',*,*,#4182,.F.);
#4227 = ORIENTED_EDGE('',*,*,#4228,.F.);
#4228 = EDGE_CURVE('',#4011,#4175,#4229,.T.);
#4229 = LINE('',#4230,#4231);
#4230 = CARTESIAN_POINT('',(1.5,-11.,-6.));
#4231 = VECTOR('',#4232,1.);
#4232 = DIRECTION('',(0.,0.,1.));
#4233 = PLANE('',#4234);
#4234 = AXIS2_PLACEMENT_3D('',#4235,#4236,#4237);
#4235 = CARTESIAN_POINT('',(1.5,-11.,-6.));
#4236 = DIRECTION('',(1.,0.,-0.));
#4237 = DIRECTION('',(0.,0.,1.));
#4238 = ADVANCED_FACE('',(#4239),#4280,.T.);
#4239 = FACE_BOUND('',#4240,.T.);
#4240 = EDGE_LOOP('',(#4241,#4249,#4257,#4265,#4273,#4279));
#4241 = ORIENTED_EDGE('',*,*,#4242,.F.);
#4242 = EDGE_CURVE('',#4243,#3931,#4245,.T.);
#4243 = VERTEX_POINT('',#4244);
#4244 = CARTESIAN_POINT('',(1.5,-11.,4.5));
#4245 = LINE('',#4246,#4247);
#4246 = CARTESIAN_POINT('',(1.5,-11.,4.5));
#4247 = VECTOR('',#4248,1.);
#4248 = DIRECTION('',(0.,0.,1.));
#4249 = ORIENTED_EDGE('',*,*,#4250,.T.);
#4250 = EDGE_CURVE('',#4243,#4251,#4253,.T.);
#4251 = VERTEX_POINT('',#4252);
#4252 = CARTESIAN_POINT('',(1.5,11.,4.5));
#4253 = LINE('',#4254,#4255);
#4254 = CARTESIAN_POINT('',(1.5,-11.,4.5));
#4255 = VECTOR('',#4256,1.);
#4256 = DIRECTION('',(-0.,1.,0.));
#4257 = ORIENTED_EDGE('',*,*,#4258,.T.);
#4258 = EDGE_CURVE('',#4251,#4259,#4261,.T.);
#4259 = VERTEX_POINT('',#4260);
#4260 = CARTESIAN_POINT('',(1.5,11.,5.));
#4261 = LINE('',#4262,#4263);
#4262 = CARTESIAN_POINT('',(1.5,11.,4.5));
#4263 = VECTOR('',#4264,1.);
#4264 = DIRECTION('',(0.,0.,1.));
#4265 = ORIENTED_EDGE('',*,*,#4266,.T.);
#4266 = EDGE_CURVE('',#4259,#4267,#4269,.T.);
#4267 = VERTEX_POINT('',#4268);
#4268 = CARTESIAN_POINT('',(1.5,11.,6.));
#4269 = LINE('',#4270,#4271);
#4270 = CARTESIAN_POINT('',(1.5,11.,4.5));
#4271 = VECTOR('',#4272,1.);
#4272 = DIRECTION('',(0.,0.,1.));
#4273 = ORIENTED_EDGE('',*,*,#4274,.F.);
#4274 = EDGE_CURVE('',#4105,#4267,#4275,.T.);
#4275 = LINE('',#4276,#4277);
#4276 = CARTESIAN_POINT('',(1.5,-11.,6.));
#4277 = VECTOR('',#4278,1.);
#4278 = DIRECTION('',(-0.,1.,0.));
#4279 = ORIENTED_EDGE('',*,*,#4112,.F.);
#4280 = PLANE('',#4281);
#4281 = AXIS2_PLACEMENT_3D('',#4282,#4283,#4284);
#4282 = CARTESIAN_POINT('',(1.5,-11.,4.5));
#4283 = DIRECTION('',(1.,0.,-0.));
#4284 = DIRECTION('',(0.,0.,1.));
#4285 = ADVANCED_FACE('',(#4286),#4311,.F.);
#4286 = FACE_BOUND('',#4287,.F.);
#4287 = EDGE_LOOP('',(#4288,#4298,#4304,#4305));
#4288 = ORIENTED_EDGE('',*,*,#4289,.F.);
#4289 = EDGE_CURVE('',#4290,#4292,#4294,.T.);
#4290 = VERTEX_POINT('',#4291);
#4291 = CARTESIAN_POINT('',(-1.5,-11.,4.5));
#4292 = VERTEX_POINT('',#4293);
#4293 = CARTESIAN_POINT('',(-1.5,11.,4.5));
#4294 = LINE('',#4295,#4296);
#4295 = CARTESIAN_POINT('',(-1.5,-11.,4.5));
#4296 = VECTOR('',#4297,1.);
#4297 = DIRECTION('',(-0.,1.,0.));
#4298 = ORIENTED_EDGE('',*,*,#4299,.T.);
#4299 = EDGE_CURVE('',#4290,#4243,#4300,.T.);
#4300 = LINE('',#4301,#4302);
#4301 = CARTESIAN_POINT('',(-1.5,-11.,4.5));
#4302 = VECTOR('',#4303,1.);
#4303 = DIRECTION('',(1.,0.,-0.));
#4304 = ORIENTED_EDGE('',*,*,#4250,.T.);
#4305 = ORIENTED_EDGE('',*,*,#4306,.F.);
#4306 = EDGE_CURVE('',#4292,#4251,#4307,.T.);
#4307 = LINE('',#4308,#4309);
#4308 = CARTESIAN_POINT('',(-1.5,11.,4.5));
#4309 = VECTOR('',#4310,1.);
#4310 = DIRECTION('',(1.,0.,-0.));
#4311 = PLANE('',#4312);
#4312 = AXIS2_PLACEMENT_3D('',#4313,#4314,#4315);
#4313 = CARTESIAN_POINT('',(-1.5,-11.,4.5));
#4314 = DIRECTION('',(0.,0.,1.));
#4315 = DIRECTION('',(1.,0.,-0.));
#4316 = ADVANCED_FACE('',(#4317),#4349,.F.);
#4317 = FACE_BOUND('',#4318,.F.);
#4318 = EDGE_LOOP('',(#4319,#4325,#4326,#4334,#4342,#4348));
#4319 = ORIENTED_EDGE('',*,*,#4320,.F.);
#4320 = EDGE_CURVE('',#4290,#3939,#4321,.T.);
#4321 = LINE('',#4322,#4323);
#4322 = CARTESIAN_POINT('',(-1.5,-11.,4.5));
#4323 = VECTOR('',#4324,1.);
#4324 = DIRECTION('',(0.,0.,1.));
#4325 = ORIENTED_EDGE('',*,*,#4289,.T.);
#4326 = ORIENTED_EDGE('',*,*,#4327,.T.);
#4327 = EDGE_CURVE('',#4292,#4328,#4330,.T.);
#4328 = VERTEX_POINT('',#4329);
#4329 = CARTESIAN_POINT('',(-1.5,11.,5.));
#4330 = LINE('',#4331,#4332);
#4331 = CARTESIAN_POINT('',(-1.5,11.,4.5));
#4332 = VECTOR('',#4333,1.);
#4333 = DIRECTION('',(0.,0.,1.));
#4334 = ORIENTED_EDGE('',*,*,#4335,.T.);
#4335 = EDGE_CURVE('',#4328,#4336,#4338,.T.);
#4336 = VERTEX_POINT('',#4337);
#4337 = CARTESIAN_POINT('',(-1.5,11.,6.));
#4338 = LINE('',#4339,#4340);
#4339 = CARTESIAN_POINT('',(-1.5,11.,4.5));
#4340 = VECTOR('',#4341,1.);
#4341 = DIRECTION('',(0.,0.,1.));
#4342 = ORIENTED_EDGE('',*,*,#4343,.F.);
#4343 = EDGE_CURVE('',#4097,#4336,#4344,.T.);
#4344 = LINE('',#4345,#4346);
#4345 = CARTESIAN_POINT('',(-1.5,-11.,6.));
#4346 = VECTOR('',#4347,1.);
#4347 = DIRECTION('',(-0.,1.,0.));
#4348 = ORIENTED_EDGE('',*,*,#4096,.F.);
#4349 = PLANE('',#4350);
#4350 = AXIS2_PLACEMENT_3D('',#4351,#4352,#4353);
#4351 = CARTESIAN_POINT('',(-1.5,-11.,4.5));
#4352 = DIRECTION('',(1.,0.,-0.));
#4353 = DIRECTION('',(0.,0.,1.));
#4354 = ADVANCED_FACE('',(#4355),#4366,.F.);
#4355 = FACE_BOUND('',#4356,.F.);
#4356 = EDGE_LOOP('',(#4357,#4358,#4359,#4360));
#4357 = ORIENTED_EDGE('',*,*,#4127,.F.);
#4358 = ORIENTED_EDGE('',*,*,#4048,.T.);
#4359 = ORIENTED_EDGE('',*,*,#4205,.T.);
#4360 = ORIENTED_EDGE('',*,*,#4361,.F.);
#4361 = EDGE_CURVE('',#4128,#4206,#4362,.T.);
#4362 = LINE('',#4363,#4364);
#4363 = CARTESIAN_POINT('',(-1.5,11.,-6.));
#4364 = VECTOR('',#4365,1.);
#4365 = DIRECTION('',(1.,0.,-0.));
#4366 = PLANE('',#4367);
#4367 = AXIS2_PLACEMENT_3D('',#4368,#4369,#4370);
#4368 = CARTESIAN_POINT('',(-1.5,-11.,-6.));
#4369 = DIRECTION('',(0.,0.,1.));
#4370 = DIRECTION('',(1.,0.,-0.));
#4371 = ADVANCED_FACE('',(#4372),#4383,.T.);
#4372 = FACE_BOUND('',#4373,.T.);
#4373 = EDGE_LOOP('',(#4374,#4375,#4376,#4377));
#4374 = ORIENTED_EDGE('',*,*,#4343,.F.);
#4375 = ORIENTED_EDGE('',*,*,#4104,.T.);
#4376 = ORIENTED_EDGE('',*,*,#4274,.T.);
#4377 = ORIENTED_EDGE('',*,*,#4378,.F.);
#4378 = EDGE_CURVE('',#4336,#4267,#4379,.T.);
#4379 = LINE('',#4380,#4381);
#4380 = CARTESIAN_POINT('',(-1.5,11.,6.));
#4381 = VECTOR('',#4382,1.);
#4382 = DIRECTION('',(1.,0.,-0.));
#4383 = PLANE('',#4384);
#4384 = AXIS2_PLACEMENT_3D('',#4385,#4386,#4387);
#4385 = CARTESIAN_POINT('',(-1.5,-11.,6.));
#4386 = DIRECTION('',(0.,0.,1.));
#4387 = DIRECTION('',(1.,0.,-0.));
#4388 = ADVANCED_FACE('',(#4389),#4400,.T.);
#4389 = FACE_BOUND('',#4390,.T.);
#4390 = EDGE_LOOP('',(#4391,#4392,#4393,#4394));
#4391 = ORIENTED_EDGE('',*,*,#4213,.F.);
#4392 = ORIENTED_EDGE('',*,*,#4361,.F.);
#4393 = ORIENTED_EDGE('',*,*,#4135,.T.);
#4394 = ORIENTED_EDGE('',*,*,#4395,.T.);
#4395 = EDGE_CURVE('',#4136,#4214,#4396,.T.);
#4396 = LINE('',#4397,#4398);
#4397 = CARTESIAN_POINT('',(-7.586206896552,11.,-5.));
#4398 = VECTOR('',#4399,1.);
#4399 = DIRECTION('',(1.,0.,-0.));
#4400 = PLANE('',#4401);
#4401 = AXIS2_PLACEMENT_3D('',#4402,#4403,#4404);
#4402 = CARTESIAN_POINT('',(-1.5,11.,-6.));
#4403 = DIRECTION('',(-0.,1.,0.));
#4404 = DIRECTION('',(0.,0.,1.));
#4405 = ADVANCED_FACE('',(#4406),#4417,.T.);
#4406 = FACE_BOUND('',#4407,.T.);
#4407 = EDGE_LOOP('',(#4408,#4414,#4415,#4416));
#4408 = ORIENTED_EDGE('',*,*,#4409,.F.);
#4409 = EDGE_CURVE('',#4328,#4259,#4410,.T.);
#4410 = LINE('',#4411,#4412);
#4411 = CARTESIAN_POINT('',(-7.586206896552,11.,5.));
#4412 = VECTOR('',#4413,1.);
#4413 = DIRECTION('',(1.,0.,-0.));
#4414 = ORIENTED_EDGE('',*,*,#4335,.T.);
#4415 = ORIENTED_EDGE('',*,*,#4378,.T.);
#4416 = ORIENTED_EDGE('',*,*,#4266,.F.);
#4417 = PLANE('',#4418);
#4418 = AXIS2_PLACEMENT_3D('',#4419,#4420,#4421);
#4419 = CARTESIAN_POINT('',(-1.5,11.,4.5));
#4420 = DIRECTION('',(-0.,1.,0.));
#4421 = DIRECTION('',(0.,0.,1.));
#4422 = ADVANCED_FACE('',(#4423),#4464,.F.);
#4423 = FACE_BOUND('',#4424,.F.);
#4424 = EDGE_LOOP('',(#4425,#4435,#4441,#4442,#4450,#4458));
#4425 = ORIENTED_EDGE('',*,*,#4426,.F.);
#4426 = EDGE_CURVE('',#4427,#4429,#4431,.T.);
#4427 = VERTEX_POINT('',#4428);
#4428 = CARTESIAN_POINT('',(-7.586206896552,11.,-5.));
#4429 = VERTEX_POINT('',#4430);
#4430 = CARTESIAN_POINT('',(-7.586206896552,12.5,-5.));
#4431 = LINE('',#4432,#4433);
#4432 = CARTESIAN_POINT('',(-7.586206896552,11.,-5.));
#4433 = VECTOR('',#4434,1.);
#4434 = DIRECTION('',(-0.,1.,0.));
#4435 = ORIENTED_EDGE('',*,*,#4436,.T.);
#4436 = EDGE_CURVE('',#4427,#4136,#4437,.T.);
#4437 = LINE('',#4438,#4439);
#4438 = CARTESIAN_POINT('',(-7.586206896552,11.,-5.));
#4439 = VECTOR('',#4440,1.);
#4440 = DIRECTION('',(1.,0.,-0.));
#4441 = ORIENTED_EDGE('',*,*,#4395,.T.);
#4442 = ORIENTED_EDGE('',*,*,#4443,.T.);
#4443 = EDGE_CURVE('',#4214,#4444,#4446,.T.);
#4444 = VERTEX_POINT('',#4445);
#4445 = CARTESIAN_POINT('',(7.586206896552,11.,-5.));
#4446 = LINE('',#4447,#4448);
#4447 = CARTESIAN_POINT('',(-7.586206896552,11.,-5.));
#4448 = VECTOR('',#4449,1.);
#4449 = DIRECTION('',(1.,0.,-0.));
#4450 = ORIENTED_EDGE('',*,*,#4451,.T.);
#4451 = EDGE_CURVE('',#4444,#4452,#4454,.T.);
#4452 = VERTEX_POINT('',#4453);
#4453 = CARTESIAN_POINT('',(7.586206896552,12.5,-5.));
#4454 = LINE('',#4455,#4456);
#4455 = CARTESIAN_POINT('',(7.586206896552,11.,-5.));
#4456 = VECTOR('',#4457,1.);
#4457 = DIRECTION('',(-0.,1.,0.));
#4458 = ORIENTED_EDGE('',*,*,#4459,.F.);
#4459 = EDGE_CURVE('',#4429,#4452,#4460,.T.);
#4460 = LINE('',#4461,#4462);
#4461 = CARTESIAN_POINT('',(-7.586206896552,12.5,-5.));
#4462 = VECTOR('',#4463,1.);
#4463 = DIRECTION('',(1.,0.,-0.));
#4464 = PLANE('',#4465);
#4465 = AXIS2_PLACEMENT_3D('',#4466,#4467,#4468);
#4466 = CARTESIAN_POINT('',(-7.586206896552,11.,-5.));
#4467 = DIRECTION('',(0.,0.,1.));
#4468 = DIRECTION('',(1.,0.,-0.));
#4469 = ADVANCED_FACE('',(#4470),#4511,.T.);
#4470 = FACE_BOUND('',#4471,.T.);
#4471 = EDGE_LOOP('',(#4472,#4482,#4488,#4489,#4497,#4505));
#4472 = ORIENTED_EDGE('',*,*,#4473,.F.);
#4473 = EDGE_CURVE('',#4474,#4476,#4478,.T.);
#4474 = VERTEX_POINT('',#4475);
#4475 = CARTESIAN_POINT('',(-7.586206896552,11.,5.));
#4476 = VERTEX_POINT('',#4477);
#4477 = CARTESIAN_POINT('',(-7.586206896552,12.5,5.));
#4478 = LINE('',#4479,#4480);
#4479 = CARTESIAN_POINT('',(-7.586206896552,11.,5.));
#4480 = VECTOR('',#4481,1.);
#4481 = DIRECTION('',(-0.,1.,0.));
#4482 = ORIENTED_EDGE('',*,*,#4483,.T.);
#4483 = EDGE_CURVE('',#4474,#4328,#4484,.T.);
#4484 = LINE('',#4485,#4486);
#4485 = CARTESIAN_POINT('',(-7.586206896552,11.,5.));
#4486 = VECTOR('',#4487,1.);
#4487 = DIRECTION('',(1.,0.,-0.));
#4488 = ORIENTED_EDGE('',*,*,#4409,.T.);
#4489 = ORIENTED_EDGE('',*,*,#4490,.T.);
#4490 = EDGE_CURVE('',#4259,#4491,#4493,.T.);
#4491 = VERTEX_POINT('',#4492);
#4492 = CARTESIAN_POINT('',(7.586206896552,11.,5.));
#4493 = LINE('',#4494,#4495);
#4494 = CARTESIAN_POINT('',(-7.586206896552,11.,5.));
#4495 = VECTOR('',#4496,1.);
#4496 = DIRECTION('',(1.,0.,-0.));
#4497 = ORIENTED_EDGE('',*,*,#4498,.T.);
#4498 = EDGE_CURVE('',#4491,#4499,#4501,.T.);
#4499 = VERTEX_POINT('',#4500);
#4500 = CARTESIAN_POINT('',(7.586206896552,12.5,5.));
#4501 = LINE('',#4502,#4503);
#4502 = CARTESIAN_POINT('',(7.586206896552,11.,5.));
#4503 = VECTOR('',#4504,1.);
#4504 = DIRECTION('',(-0.,1.,0.));
#4505 = ORIENTED_EDGE('',*,*,#4506,.F.);
#4506 = EDGE_CURVE('',#4476,#4499,#4507,.T.);
#4507 = LINE('',#4508,#4509);
#4508 = CARTESIAN_POINT('',(-7.586206896552,12.5,5.));
#4509 = VECTOR('',#4510,1.);
#4510 = DIRECTION('',(1.,0.,-0.));
#4511 = PLANE('',#4512);
#4512 = AXIS2_PLACEMENT_3D('',#4513,#4514,#4515);
#4513 = CARTESIAN_POINT('',(-7.586206896552,11.,5.));
#4514 = DIRECTION('',(0.,0.,1.));
#4515 = DIRECTION('',(1.,0.,-0.));
#4516 = ADVANCED_FACE('',(#4517),#4535,.T.);
#4517 = FACE_BOUND('',#4518,.T.);
#4518 = EDGE_LOOP('',(#4519,#4520,#4527,#4528));
#4519 = ORIENTED_EDGE('',*,*,#4473,.T.);
#4520 = ORIENTED_EDGE('',*,*,#4521,.F.);
#4521 = EDGE_CURVE('',#4429,#4476,#4522,.T.);
#4522 = CIRCLE('',#4523,5.);
#4523 = AXIS2_PLACEMENT_3D('',#4524,#4525,#4526);
#4524 = CARTESIAN_POINT('',(-7.586206896552,12.5,0.));
#4525 = DIRECTION('',(0.,1.,0.));
#4526 = DIRECTION('',(0.,-0.,1.));
#4527 = ORIENTED_EDGE('',*,*,#4426,.F.);
#4528 = ORIENTED_EDGE('',*,*,#4529,.T.);
#4529 = EDGE_CURVE('',#4427,#4474,#4530,.T.);
#4530 = CIRCLE('',#4531,5.);
#4531 = AXIS2_PLACEMENT_3D('',#4532,#4533,#4534);
#4532 = CARTESIAN_POINT('',(-7.586206896552,11.,0.));
#4533 = DIRECTION('',(0.,1.,0.));
#4534 = DIRECTION('',(0.,-0.,1.));
#4535 = CYLINDRICAL_SURFACE('',#4536,5.);
#4536 = AXIS2_PLACEMENT_3D('',#4537,#4538,#4539);
#4537 = CARTESIAN_POINT('',(-7.586206896552,11.,0.));
#4538 = DIRECTION('',(0.,1.,0.));
#4539 = DIRECTION('',(0.,-0.,1.));
#4540 = ADVANCED_FACE('',(#4541),#4559,.T.);
#4541 = FACE_BOUND('',#4542,.T.);
#4542 = EDGE_LOOP('',(#4543,#4550,#4551,#4558));
#4543 = ORIENTED_EDGE('',*,*,#4544,.F.);
#4544 = EDGE_CURVE('',#4499,#4452,#4545,.T.);
#4545 = CIRCLE('',#4546,5.);
#4546 = AXIS2_PLACEMENT_3D('',#4547,#4548,#4549);
#4547 = CARTESIAN_POINT('',(7.586206896552,12.5,0.));
#4548 = DIRECTION('',(0.,1.,0.));
#4549 = DIRECTION('',(0.,-0.,1.));
#4550 = ORIENTED_EDGE('',*,*,#4498,.F.);
#4551 = ORIENTED_EDGE('',*,*,#4552,.T.);
#4552 = EDGE_CURVE('',#4491,#4444,#4553,.T.);
#4553 = CIRCLE('',#4554,5.);
#4554 = AXIS2_PLACEMENT_3D('',#4555,#4556,#4557);
#4555 = CARTESIAN_POINT('',(7.586206896552,11.,0.));
#4556 = DIRECTION('',(0.,1.,0.));
#4557 = DIRECTION('',(0.,-0.,1.));
#4558 = ORIENTED_EDGE('',*,*,#4451,.T.);
#4559 = CYLINDRICAL_SURFACE('',#4560,5.);
#4560 = AXIS2_PLACEMENT_3D('',#4561,#4562,#4563);
#4561 = CARTESIAN_POINT('',(7.586206896552,11.,0.));
#4562 = DIRECTION('',(0.,1.,0.));
#4563 = DIRECTION('',(0.,-0.,1.));
#4564 = ADVANCED_FACE('',(#4565),#4571,.T.);
#4565 = FACE_BOUND('',#4566,.T.);
#4566 = EDGE_LOOP('',(#4567,#4568,#4569,#4570));
#4567 = ORIENTED_EDGE('',*,*,#3994,.T.);
#4568 = ORIENTED_EDGE('',*,*,#4079,.F.);
#4569 = ORIENTED_EDGE('',*,*,#3914,.F.);
#4570 = ORIENTED_EDGE('',*,*,#3978,.F.);
#4571 = PLANE('',#4572);
#4572 = AXIS2_PLACEMENT_3D('',#4573,#4574,#4575);
#4573 = CARTESIAN_POINT('',(-6.476089505928E-16,-12.5,
    -2.354941638519E-16));
#4574 = DIRECTION('',(-0.,-1.,-0.));
#4575 = DIRECTION('',(0.,0.,-1.));
#4576 = ADVANCED_FACE('',(#4577),#4591,.T.);
#4577 = FACE_BOUND('',#4578,.T.);
#4578 = EDGE_LOOP('',(#4579,#4580,#4581,#4582,#4583,#4584,#4585,#4586,
    #4587,#4588,#4589,#4590));
#4579 = ORIENTED_EDGE('',*,*,#4026,.F.);
#4580 = ORIENTED_EDGE('',*,*,#3961,.T.);
#4581 = ORIENTED_EDGE('',*,*,#3946,.T.);
#4582 = ORIENTED_EDGE('',*,*,#4320,.F.);
#4583 = ORIENTED_EDGE('',*,*,#4299,.T.);
#4584 = ORIENTED_EDGE('',*,*,#4242,.T.);
#4585 = ORIENTED_EDGE('',*,*,#3930,.T.);
#4586 = ORIENTED_EDGE('',*,*,#4071,.T.);
#4587 = ORIENTED_EDGE('',*,*,#4010,.F.);
#4588 = ORIENTED_EDGE('',*,*,#4228,.T.);
#4589 = ORIENTED_EDGE('',*,*,#4174,.F.);
#4590 = ORIENTED_EDGE('',*,*,#4159,.F.);
#4591 = PLANE('',#4592);
#4592 = AXIS2_PLACEMENT_3D('',#4593,#4594,#4595);
#4593 = CARTESIAN_POINT('',(1.139697972182E-16,-11.,-2.279395944363E-16)
  );
#4594 = DIRECTION('',(0.,1.,0.));
#4595 = DIRECTION('',(0.,-0.,1.));
#4596 = ADVANCED_FACE('',(#4597),#4611,.T.);
#4597 = FACE_BOUND('',#4598,.T.);
#4598 = EDGE_LOOP('',(#4599,#4600,#4601,#4602,#4603,#4604,#4605,#4606,
    #4607,#4608,#4609,#4610));
#4599 = ORIENTED_EDGE('',*,*,#4436,.T.);
#4600 = ORIENTED_EDGE('',*,*,#4143,.T.);
#4601 = ORIENTED_EDGE('',*,*,#4190,.T.);
#4602 = ORIENTED_EDGE('',*,*,#4221,.F.);
#4603 = ORIENTED_EDGE('',*,*,#4443,.T.);
#4604 = ORIENTED_EDGE('',*,*,#4552,.F.);
#4605 = ORIENTED_EDGE('',*,*,#4490,.F.);
#4606 = ORIENTED_EDGE('',*,*,#4258,.F.);
#4607 = ORIENTED_EDGE('',*,*,#4306,.F.);
#4608 = ORIENTED_EDGE('',*,*,#4327,.T.);
#4609 = ORIENTED_EDGE('',*,*,#4483,.F.);
#4610 = ORIENTED_EDGE('',*,*,#4529,.F.);
#4611 = PLANE('',#4612);
#4612 = AXIS2_PLACEMENT_3D('',#4613,#4614,#4615);
#4613 = CARTESIAN_POINT('',(-6.268338846999E-16,11.,-2.279395944363E-16)
  );
#4614 = DIRECTION('',(-0.,-1.,-0.));
#4615 = DIRECTION('',(0.,0.,-1.));
#4616 = ADVANCED_FACE('',(#4617),#4623,.T.);
#4617 = FACE_BOUND('',#4618,.T.);
#4618 = EDGE_LOOP('',(#4619,#4620,#4621,#4622));
#4619 = ORIENTED_EDGE('',*,*,#4459,.F.);
#4620 = ORIENTED_EDGE('',*,*,#4521,.T.);
#4621 = ORIENTED_EDGE('',*,*,#4506,.T.);
#4622 = ORIENTED_EDGE('',*,*,#4544,.T.);
#4623 = PLANE('',#4624);
#4624 = AXIS2_PLACEMENT_3D('',#4625,#4626,#4627);
#4625 = CARTESIAN_POINT('',(-3.532412457779E-16,12.5,8.831031144447E-17)
  );
#4626 = DIRECTION('',(0.,1.,0.));
#4627 = DIRECTION('',(0.,-0.,1.));
#4628 = ( GEOMETRIC_REPRESENTATION_CONTEXT(3) 
GLOBAL_UNCERTAINTY_ASSIGNED_CONTEXT((#4632)) 
GLOBAL_UNIT_ASSIGNED_CONTEXT((#4629,#4630,#4631)) REPRESENTATION_CONTEXT
('Context #1','3D Context with UNIT and UNCERTAINTY') );
#4629 = ( LENGTH_UNIT() NAMED_UNIT(*) SI_UNIT(.MILLI.,.METRE.) );
#4630 = ( NAMED_UNIT(*) PLANE_ANGLE_UNIT() SI_UNIT($,.RADIAN.) );
#4631 = ( NAMED_UNIT(*) SI_UNIT($,.STERADIAN.) SOLID_ANGLE_UNIT() );
#4632 = UNCERTAINTY_MEASURE_WITH_UNIT(LENGTH_MEASURE(1.E-07),#4629,
  'distance_accuracy_value','confusion accuracy');
#4633 = CONTEXT_DEPENDENT_SHAPE_REPRESENTATION(#4634,#4636);
#4634 = ( REPRESENTATION_RELATIONSHIP('','',#3897,#10) 
REPRESENTATION_RELATIONSHIP_WITH_TRANSFORMATION(#4635) 
SHAPE_REPRESENTATION_RELATIONSHIP() );
#4635 = ITEM_DEFINED_TRANSFORMATION('','',#11,#35);
#4636 = PRODUCT_DEFINITION_SHAPE('Placement','Placement of an item',
  #4637);
#4637 = NEXT_ASSEMBLY_USAGE_OCCURRENCE('6','link_05','',#5,#3892,$);
#4638 = PRODUCT_RELATED_PRODUCT_CATEGORY('part',$,(#3894));
#4639 = SHAPE_DEFINITION_REPRESENTATION(#4640,#4646);
#4640 = PRODUCT_DEFINITION_SHAPE('','',#4641);
#4641 = PRODUCT_DEFINITION('design','',#4642,#4645);
#4642 = PRODUCT_DEFINITION_FORMATION('','',#4643);
#4643 = PRODUCT('link_06','link_06','',(#4644));
#4644 = PRODUCT_CONTEXT('',#2,'mechanical');
#4645 = PRODUCT_DEFINITION_CONTEXT('part definition',#2,'design');
#4646 = ADVANCED_BREP_SHAPE_REPRESENTATION('',(#11,#4647),#5377);
#4647 = MANIFOLD_SOLID_BREP('',#4648);
#4648 = CLOSED_SHELL('',(#4649,#4705,#4738,#4785,#4816,#4840,#4871,#4918
    ,#4949,#4987,#5034,#5065,#5103,#5120,#5137,#5154,#5171,#5218,#5265,
    #5289,#5313,#5325,#5345,#5365));
#4649 = ADVANCED_FACE('',(#4650),#4700,.T.);
#4650 = FACE_BOUND('',#4651,.T.);
#4651 = EDGE_LOOP('',(#4652,#4662,#4670,#4678,#4686,#4694));
#4652 = ORIENTED_EDGE('',*,*,#4653,.F.);
#4653 = EDGE_CURVE('',#4654,#4656,#4658,.T.);
#4654 = VERTEX_POINT('',#4655);
#4655 = CARTESIAN_POINT('',(-7.586206896552,-12.5,5.));
#4656 = VERTEX_POINT('',#4657);
#4657 = CARTESIAN_POINT('',(-7.586206896552,-11.,5.));
#4658 = LINE('',#4659,#4660);
#4659 = CARTESIAN_POINT('',(-7.586206896552,-12.5,5.));
#4660 = VECTOR('',#4661,1.);
#4661 = DIRECTION('',(-0.,1.,0.));
#4662 = ORIENTED_EDGE('',*,*,#4663,.T.);
#4663 = EDGE_CURVE('',#4654,#4664,#4666,.T.);
#4664 = VERTEX_POINT('',#4665);
#4665 = CARTESIAN_POINT('',(7.586206896552,-12.5,5.));
#4666 = LINE('',#4667,#4668);
#4667 = CARTESIAN_POINT('',(-7.586206896552,-12.5,5.));
#4668 = VECTOR('',#4669,1.);
#4669 = DIRECTION('',(1.,0.,-0.));
#4670 = ORIENTED_EDGE('',*,*,#4671,.T.);
#4671 = EDGE_CURVE('',#4664,#4672,#4674,.T.);
#4672 = VERTEX_POINT('',#4673);
#4673 = CARTESIAN_POINT('',(7.586206896552,-11.,5.));
#4674 = LINE('',#4675,#4676);
#4675 = CARTESIAN_POINT('',(7.586206896552,-12.5,5.));
#4676 = VECTOR('',#4677,1.);
#4677 = DIRECTION('',(-0.,1.,0.));
#4678 = ORIENTED_EDGE('',*,*,#4679,.F.);
#4679 = EDGE_CURVE('',#4680,#4672,#4682,.T.);
#4680 = VERTEX_POINT('',#4681);
#4681 = CARTESIAN_POINT('',(1.5,-11.,5.));
#4682 = LINE('',#4683,#4684);
#4683 = CARTESIAN_POINT('',(-7.586206896552,-11.,5.));
#4684 = VECTOR('',#4685,1.);
#4685 = DIRECTION('',(1.,0.,-0.));
#4686 = ORIENTED_EDGE('',*,*,#4687,.F.);
#4687 = EDGE_CURVE('',#4688,#4680,#4690,.T.);
#4688 = VERTEX_POINT('',#4689);
#4689 = CARTESIAN_POINT('',(-1.5,-11.,5.));
#4690 = LINE('',#4691,#4692);
#4691 = CARTESIAN_POINT('',(-7.586206896552,-11.,5.));
#4692 = VECTOR('',#4693,1.);
#4693 = DIRECTION('',(1.,0.,-0.));
#4694 = ORIENTED_EDGE('',*,*,#4695,.F.);
#4695 = EDGE_CURVE('',#4656,#4688,#4696,.T.);
#4696 = LINE('',#4697,#4698);
#4697 = CARTESIAN_POINT('',(-7.586206896552,-11.,5.));
#4698 = VECTOR('',#4699,1.);
#4699 = DIRECTION('',(1.,0.,-0.));
#4700 = PLANE('',#4701);
#4701 = AXIS2_PLACEMENT_3D('',#4702,#4703,#4704);
#4702 = CARTESIAN_POINT('',(-7.586206896552,-12.5,5.));
#4703 = DIRECTION('',(0.,0.,1.));
#4704 = DIRECTION('',(1.,0.,-0.));
#4705 = ADVANCED_FACE('',(#4706),#4733,.T.);
#4706 = FACE_BOUND('',#4707,.T.);
#4707 = EDGE_LOOP('',(#4708,#4709,#4718,#4726));
#4708 = ORIENTED_EDGE('',*,*,#4653,.T.);
#4709 = ORIENTED_EDGE('',*,*,#4710,.F.);
#4710 = EDGE_CURVE('',#4711,#4656,#4713,.T.);
#4711 = VERTEX_POINT('',#4712);
#4712 = CARTESIAN_POINT('',(-7.586206896552,-11.,-5.));
#4713 = CIRCLE('',#4714,5.);
#4714 = AXIS2_PLACEMENT_3D('',#4715,#4716,#4717);
#4715 = CARTESIAN_POINT('',(-7.586206896552,-11.,0.));
#4716 = DIRECTION('',(0.,1.,0.));
#4717 = DIRECTION('',(0.,-0.,1.));
#4718 = ORIENTED_EDGE('',*,*,#4719,.F.);
#4719 = EDGE_CURVE('',#4720,#4711,#4722,.T.);
#4720 = VERTEX_POINT('',#4721);
#4721 = CARTESIAN_POINT('',(-7.586206896552,-12.5,-5.));
#4722 = LINE('',#4723,#4724);
#4723 = CARTESIAN_POINT('',(-7.586206896552,-12.5,-5.));
#4724 = VECTOR('',#4725,1.);
#4725 = DIRECTION('',(-0.,1.,0.));
#4726 = ORIENTED_EDGE('',*,*,#4727,.T.);
#4727 = EDGE_CURVE('',#4720,#4654,#4728,.T.);
#4728 = CIRCLE('',#4729,5.);
#4729 = AXIS2_PLACEMENT_3D('',#4730,#4731,#4732);
#4730 = CARTESIAN_POINT('',(-7.586206896552,-12.5,0.));
#4731 = DIRECTION('',(0.,1.,0.));
#4732 = DIRECTION('',(0.,-0.,1.));
#4733 = CYLINDRICAL_SURFACE('',#4734,5.);
#4734 = AXIS2_PLACEMENT_3D('',#4735,#4736,#4737);
#4735 = CARTESIAN_POINT('',(-7.586206896552,-12.5,0.));
#4736 = DIRECTION('',(0.,1.,0.));
#4737 = DIRECTION('',(0.,-0.,1.));
#4738 = ADVANCED_FACE('',(#4739),#4780,.F.);
#4739 = FACE_BOUND('',#4740,.F.);
#4740 = EDGE_LOOP('',(#4741,#4742,#4750,#4758,#4766,#4774));
#4741 = ORIENTED_EDGE('',*,*,#4719,.F.);
#4742 = ORIENTED_EDGE('',*,*,#4743,.T.);
#4743 = EDGE_CURVE('',#4720,#4744,#4746,.T.);
#4744 = VERTEX_POINT('',#4745);
#4745 = CARTESIAN_POINT('',(7.586206896552,-12.5,-5.));
#4746 = LINE('',#4747,#4748);
#4747 = CARTESIAN_POINT('',(-7.586206896552,-12.5,-5.));
#4748 = VECTOR('',#4749,1.);
#4749 = DIRECTION('',(1.,0.,-0.));
#4750 = ORIENTED_EDGE('',*,*,#4751,.T.);
#4751 = EDGE_CURVE('',#4744,#4752,#4754,.T.);
#4752 = VERTEX_POINT('',#4753);
#4753 = CARTESIAN_POINT('',(7.586206896552,-11.,-5.));
#4754 = LINE('',#4755,#4756);
#4755 = CARTESIAN_POINT('',(7.586206896552,-12.5,-5.));
#4756 = VECTOR('',#4757,1.);
#4757 = DIRECTION('',(-0.,1.,0.));
#4758 = ORIENTED_EDGE('',*,*,#4759,.F.);
#4759 = EDGE_CURVE('',#4760,#4752,#4762,.T.);
#4760 = VERTEX_POINT('',#4761);
#4761 = CARTESIAN_POINT('',(1.5,-11.,-5.));
#4762 = LINE('',#4763,#4764);
#4763 = CARTESIAN_POINT('',(-7.586206896552,-11.,-5.));
#4764 = VECTOR('',#4765,1.);
#4765 = DIRECTION('',(1.,0.,-0.));
#4766 = ORIENTED_EDGE('',*,*,#4767,.F.);
#4767 = EDGE_CURVE('',#4768,#4760,#4770,.T.);
#4768 = VERTEX_POINT('',#4769);
#4769 = CARTESIAN_POINT('',(-1.5,-11.,-5.));
#4770 = LINE('',#4771,#4772);
#4771 = CARTESIAN_POINT('',(-7.586206896552,-11.,-5.));
#4772 = VECTOR('',#4773,1.);
#4773 = DIRECTION('',(1.,0.,-0.));
#4774 = ORIENTED_EDGE('',*,*,#4775,.F.);
#4775 = EDGE_CURVE('',#4711,#4768,#4776,.T.);
#4776 = LINE('',#4777,#4778);
#4777 = CARTESIAN_POINT('',(-7.586206896552,-11.,-5.));
#4778 = VECTOR('',#4779,1.);
#4779 = DIRECTION('',(1.,0.,-0.));
#4780 = PLANE('',#4781);
#4781 = AXIS2_PLACEMENT_3D('',#4782,#4783,#4784);
#4782 = CARTESIAN_POINT('',(-7.586206896552,-12.5,-5.));
#4783 = DIRECTION('',(0.,0.,1.));
#4784 = DIRECTION('',(1.,0.,-0.));
#4785 = ADVANCED_FACE('',(#4786),#4811,.F.);
#4786 = FACE_BOUND('',#4787,.F.);
#4787 = EDGE_LOOP('',(#4788,#4796,#4804,#4810));
#4788 = ORIENTED_EDGE('',*,*,#4789,.F.);
#4789 = EDGE_CURVE('',#4790,#4760,#4792,.T.);
#4790 = VERTEX_POINT('',#4791);
#4791 = CARTESIAN_POINT('',(1.5,-11.,-6.));
#4792 = LINE('',#4793,#4794);
#4793 = CARTESIAN_POINT('',(1.5,-11.,-6.));
#4794 = VECTOR('',#4795,1.);
#4795 = DIRECTION('',(0.,0.,1.));
#4796 = ORIENTED_EDGE('',*,*,#4797,.F.);
#4797 = EDGE_CURVE('',#4798,#4790,#4800,.T.);
#4798 = VERTEX_POINT('',#4799);
#4799 = CARTESIAN_POINT('',(-1.5,-11.,-6.));
#4800 = LINE('',#4801,#4802);
#4801 = CARTESIAN_POINT('',(-1.5,-11.,-6.));
#4802 = VECTOR('',#4803,1.);
#4803 = DIRECTION('',(1.,0.,-0.));
#4804 = ORIENTED_EDGE('',*,*,#4805,.T.);
#4805 = EDGE_CURVE('',#4798,#4768,#4806,.T.);
#4806 = LINE('',#4807,#4808);
#4807 = CARTESIAN_POINT('',(-1.5,-11.,-6.));
#4808 = VECTOR('',#4809,1.);
#4809 = DIRECTION('',(0.,0.,1.));
#4810 = ORIENTED_EDGE('',*,*,#4767,.T.);
#4811 = PLANE('',#4812);
#4812 = AXIS2_PLACEMENT_3D('',#4813,#4814,#4815);
#4813 = CARTESIAN_POINT('',(-1.5,-11.,-6.));
#4814 = DIRECTION('',(-0.,1.,0.));
#4815 = DIRECTION('',(0.,0.,1.));
#4816 = ADVANCED_FACE('',(#4817),#4835,.T.);
#4817 = FACE_BOUND('',#4818,.T.);
#4818 = EDGE_LOOP('',(#4819,#4826,#4827,#4834));
#4819 = ORIENTED_EDGE('',*,*,#4820,.F.);
#4820 = EDGE_CURVE('',#4672,#4752,#4821,.T.);
#4821 = CIRCLE('',#4822,5.);
#4822 = AXIS2_PLACEMENT_3D('',#4823,#4824,#4825);
#4823 = CARTESIAN_POINT('',(7.586206896552,-11.,0.));
#4824 = DIRECTION('',(0.,1.,0.));
#4825 = DIRECTION('',(0.,-0.,1.));
#4826 = ORIENTED_EDGE('',*,*,#4671,.F.);
#4827 = ORIENTED_EDGE('',*,*,#4828,.T.);
#4828 = EDGE_CURVE('',#4664,#4744,#4829,.T.);
#4829 = CIRCLE('',#4830,5.);
#4830 = AXIS2_PLACEMENT_3D('',#4831,#4832,#4833);
#4831 = CARTESIAN_POINT('',(7.586206896552,-12.5,0.));
#4832 = DIRECTION('',(0.,1.,0.));
#4833 = DIRECTION('',(0.,-0.,1.));
#4834 = ORIENTED_EDGE('',*,*,#4751,.T.);
#4835 = CYLINDRICAL_SURFACE('',#4836,5.);
#4836 = AXIS2_PLACEMENT_3D('',#4837,#4838,#4839);
#4837 = CARTESIAN_POINT('',(7.586206896552,-12.5,0.));
#4838 = DIRECTION('',(0.,1.,0.));
#4839 = DIRECTION('',(0.,-0.,1.));
#4840 = ADVANCED_FACE('',(#4841),#4866,.F.);
#4841 = FACE_BOUND('',#4842,.F.);
#4842 = EDGE_LOOP('',(#4843,#4844,#4852,#4860));
#4843 = ORIENTED_EDGE('',*,*,#4687,.F.);
#4844 = ORIENTED_EDGE('',*,*,#4845,.T.);
#4845 = EDGE_CURVE('',#4688,#4846,#4848,.T.);
#4846 = VERTEX_POINT('',#4847);
#4847 = CARTESIAN_POINT('',(-1.5,-11.,6.));
#4848 = LINE('',#4849,#4850);
#4849 = CARTESIAN_POINT('',(-1.5,-11.,4.5));
#4850 = VECTOR('',#4851,1.);
#4851 = DIRECTION('',(0.,0.,1.));
#4852 = ORIENTED_EDGE('',*,*,#4853,.T.);
#4853 = EDGE_CURVE('',#4846,#4854,#4856,.T.);
#4854 = VERTEX_POINT('',#4855);
#4855 = CARTESIAN_POINT('',(1.5,-11.,6.));
#4856 = LINE('',#4857,#4858);
#4857 = CARTESIAN_POINT('',(-1.5,-11.,6.));
#4858 = VECTOR('',#4859,1.);
#4859 = DIRECTION('',(1.,0.,-0.));
#4860 = ORIENTED_EDGE('',*,*,#4861,.F.);
#4861 = EDGE_CURVE('',#4680,#4854,#4862,.T.);
#4862 = LINE('',#4863,#4864);
#4863 = CARTESIAN_POINT('',(1.5,-11.,4.5));
#4864 = VECTOR('',#4865,1.);
#4865 = DIRECTION('',(0.,0.,1.));
#4866 = PLANE('',#4867);
#4867 = AXIS2_PLACEMENT_3D('',#4868,#4869,#4870);
#4868 = CARTESIAN_POINT('',(-1.5,-11.,4.5));
#4869 = DIRECTION('',(-0.,1.,0.));
#4870 = DIRECTION('',(0.,0.,1.));
#4871 = ADVANCED_FACE('',(#4872),#4913,.F.);
#4872 = FACE_BOUND('',#4873,.F.);
#4873 = EDGE_LOOP('',(#4874,#4875,#4883,#4891,#4899,#4907));
#4874 = ORIENTED_EDGE('',*,*,#4805,.F.);
#4875 = ORIENTED_EDGE('',*,*,#4876,.T.);
#4876 = EDGE_CURVE('',#4798,#4877,#4879,.T.);
#4877 = VERTEX_POINT('',#4878);
#4878 = CARTESIAN_POINT('',(-1.5,11.,-6.));
#4879 = LINE('',#4880,#4881);
#4880 = CARTESIAN_POINT('',(-1.5,-11.,-6.));
#4881 = VECTOR('',#4882,1.);
#4882 = DIRECTION('',(-0.,1.,0.));
#4883 = ORIENTED_EDGE('',*,*,#4884,.T.);
#4884 = EDGE_CURVE('',#4877,#4885,#4887,.T.);
#4885 = VERTEX_POINT('',#4886);
#4886 = CARTESIAN_POINT('',(-1.5,11.,-5.));
#4887 = LINE('',#4888,#4889);
#4888 = CARTESIAN_POINT('',(-1.5,11.,-6.));
#4889 = VECTOR('',#4890,1.);
#4890 = DIRECTION('',(0.,0.,1.));
#4891 = ORIENTED_EDGE('',*,*,#4892,.T.);
#4892 = EDGE_CURVE('',#4885,#4893,#4895,.T.);
#4893 = VERTEX_POINT('',#4894);
#4894 = CARTESIAN_POINT('',(-1.5,11.,-4.5));
#4895 = LINE('',#4896,#4897);
#4896 = CARTESIAN_POINT('',(-1.5,11.,-6.));
#4897 = VECTOR('',#4898,1.);
#4898 = DIRECTION('',(0.,0.,1.));
#4899 = ORIENTED_EDGE('',*,*,#4900,.F.);
#4900 = EDGE_CURVE('',#4901,#4893,#4903,.T.);
#4901 = VERTEX_POINT('',#4902);
#4902 = CARTESIAN_POINT('',(-1.5,-11.,-4.5));
#4903 = LINE('',#4904,#4905);
#4904 = CARTESIAN_POINT('',(-1.5,-11.,-4.5));
#4905 = VECTOR('',#4906,1.);
#4906 = DIRECTION('',(-0.,1.,0.));
#4907 = ORIENTED_EDGE('',*,*,#4908,.F.);
#4908 = EDGE_CURVE('',#4768,#4901,#4909,.T.);
#4909 = LINE('',#4910,#4911);
#4910 = CARTESIAN_POINT('',(-1.5,-11.,-6.));
#4911 = VECTOR('',#4912,1.);
#4912 = DIRECTION('',(0.,0.,1.));
#4913 = PLANE('',#4914);
#4914 = AXIS2_PLACEMENT_3D('',#4915,#4916,#4917);
#4915 = CARTESIAN_POINT('',(-1.5,-11.,-6.));
#4916 = DIRECTION('',(1.,0.,-0.));
#4917 = DIRECTION('',(0.,0.,1.));
#4918 = ADVANCED_FACE('',(#4919),#4944,.T.);
#4919 = FACE_BOUND('',#4920,.T.);
#4920 = EDGE_LOOP('',(#4921,#4922,#4930,#4938));
#4921 = ORIENTED_EDGE('',*,*,#4900,.F.);
#4922 = ORIENTED_EDGE('',*,*,#4923,.T.);
#4923 = EDGE_CURVE('',#4901,#4924,#4926,.T.);
#4924 = VERTEX_POINT('',#4925);
#4925 = CARTESIAN_POINT('',(1.5,-11.,-4.5));
#4926 = LINE('',#4927,#4928);
#4927 = CARTESIAN_POINT('',(-1.5,-11.,-4.5));
#4928 = VECTOR('',#4929,1.);
#4929 = DIRECTION('',(1.,0.,-0.));
#4930 = ORIENTED_EDGE('',*,*,#4931,.T.);
#4931 = EDGE_CURVE('',#4924,#4932,#4934,.T.);
#4932 = VERTEX_POINT('',#4933);
#4933 = CARTESIAN_POINT('',(1.5,11.,-4.5));
#4934 = LINE('',#4935,#4936);
#4935 = CARTESIAN_POINT('',(1.5,-11.,-4.5));
#4936 = VECTOR('',#4937,1.);
#4937 = DIRECTION('',(-0.,1.,0.));
#4938 = ORIENTED_EDGE('',*,*,#4939,.F.);
#4939 = EDGE_CURVE('',#4893,#4932,#4940,.T.);
#4940 = LINE('',#4941,#4942);
#4941 = CARTESIAN_POINT('',(-1.5,11.,-4.5));
#4942 = VECTOR('',#4943,1.);
#4943 = DIRECTION('',(1.,0.,-0.));
#4944 = PLANE('',#4945);
#4945 = AXIS2_PLACEMENT_3D('',#4946,#4947,#4948);
#4946 = CARTESIAN_POINT('',(-1.5,-11.,-4.5));
#4947 = DIRECTION('',(0.,0.,1.));
#4948 = DIRECTION('',(1.,0.,-0.));
#4949 = ADVANCED_FACE('',(#4950),#4982,.T.);
#4950 = FACE_BOUND('',#4951,.T.);
#4951 = EDGE_LOOP('',(#4952,#4953,#4961,#4969,#4975,#4976));
#4952 = ORIENTED_EDGE('',*,*,#4789,.F.);
#4953 = ORIENTED_EDGE('',*,*,#4954,.T.);
#4954 = EDGE_CURVE('',#4790,#4955,#4957,.T.);
#4955 = VERTEX_POINT('',#4956);
#4956 = CARTESIAN_POINT('',(1.5,11.,-6.));
#4957 = LINE('',#4958,#4959);
#4958 = CARTESIAN_POINT('',(1.5,-11.,-6.));
#4959 = VECTOR('',#4960,1.);
#4960 = DIRECTION('',(-0.,1.,0.));
#4961 = ORIENTED_EDGE('',*,*,#4962,.T.);
#4962 = EDGE_CURVE('',#4955,#4963,#4965,.T.);
#4963 = VERTEX_POINT('',#4964);
#4964 = CARTESIAN_POINT('',(1.5,11.,-5.));
#4965 = LINE('',#4966,#4967);
#4966 = CARTESIAN_POINT('',(1.5,11.,-6.));
#4967 = VECTOR('',#4968,1.);
#4968 = DIRECTION('',(0.,0.,1.));
#4969 = ORIENTED_EDGE('',*,*,#4970,.T.);
#4970 = EDGE_CURVE('',#4963,#4932,#4971,.T.);
#4971 = LINE('',#4972,#4973);
#4972 = CARTESIAN_POINT('',(1.5,11.,-6.));
#4973 = VECTOR('',#4974,1.);
#4974 = DIRECTION('',(0.,0.,1.));
#4975 = ORIENTED_EDGE('',*,*,#4931,.F.);
#4976 = ORIENTED_EDGE('',*,*,#4977,.F.);
#4977 = EDGE_CURVE('',#4760,#4924,#4978,.T.);
#4978 = LINE('',#4979,#4980);
#4979 = CARTESIAN_POINT('',(1.5,-11.,-6.));
#4980 = VECTOR('',#4981,1.);
#4981 = DIRECTION('',(0.,0.,1.));
#4982 = PLANE('',#4983);
#4983 = AXIS2_PLACEMENT_3D('',#4984,#4985,#4986);
#4984 = CARTESIAN_POINT('',(1.5,-11.,-6.));
#4985 = DIRECTION('',(1.,0.,-0.));
#4986 = DIRECTION('',(0.,0.,1.));
#4987 = ADVANCED_FACE('',(#4988),#5029,.T.);
#4988 = FACE_BOUND('',#4989,.T.);
#4989 = EDGE_LOOP('',(#4990,#4998,#5006,#5014,#5022,#5028));
#4990 = ORIENTED_EDGE('',*,*,#4991,.F.);
#4991 = EDGE_CURVE('',#4992,#4680,#4994,.T.);
#4992 = VERTEX_POINT('',#4993);
#4993 = CARTESIAN_POINT('',(1.5,-11.,4.5));
#4994 = LINE('',#4995,#4996);
#4995 = CARTESIAN_POINT('',(1.5,-11.,4.5));
#4996 = VECTOR('',#4997,1.);
#4997 = DIRECTION('',(0.,0.,1.));
#4998 = ORIENTED_EDGE('',*,*,#4999,.T.);
#4999 = EDGE_CURVE('',#4992,#5000,#5002,.T.);
#5000 = VERTEX_POINT('',#5001);
#5001 = CARTESIAN_POINT('',(1.5,11.,4.5));
#5002 = LINE('',#5003,#5004);
#5003 = CARTESIAN_POINT('',(1.5,-11.,4.5));
#5004 = VECTOR('',#5005,1.);
#5005 = DIRECTION('',(-0.,1.,0.));
#5006 = ORIENTED_EDGE('',*,*,#5007,.T.);
#5007 = EDGE_CURVE('',#5000,#5008,#5010,.T.);
#5008 = VERTEX_POINT('',#5009);
#5009 = CARTESIAN_POINT('',(1.5,11.,5.));
#5010 = LINE('',#5011,#5012);
#5011 = CARTESIAN_POINT('',(1.5,11.,4.5));
#5012 = VECTOR('',#5013,1.);
#5013 = DIRECTION('',(0.,0.,1.));
#5014 = ORIENTED_EDGE('',*,*,#5015,.T.);
#5015 = EDGE_CURVE('',#5008,#5016,#5018,.T.);
#5016 = VERTEX_POINT('',#5017);
#5017 = CARTESIAN_POINT('',(1.5,11.,6.));
#5018 = LINE('',#5019,#5020);
#5019 = CARTESIAN_POINT('',(1.5,11.,4.5));
#5020 = VECTOR('',#5021,1.);
#5021 = DIRECTION('',(0.,0.,1.));
#5022 = ORIENTED_EDGE('',*,*,#5023,.F.);
#5023 = EDGE_CURVE('',#4854,#5016,#5024,.T.);
#5024 = LINE('',#5025,#5026);
#5025 = CARTESIAN_POINT('',(1.5,-11.,6.));
#5026 = VECTOR('',#5027,1.);
#5027 = DIRECTION('',(-0.,1.,0.));
#5028 = ORIENTED_EDGE('',*,*,#4861,.F.);
#5029 = PLANE('',#5030);
#5030 = AXIS2_PLACEMENT_3D('',#5031,#5032,#5033);
#5031 = CARTESIAN_POINT('',(1.5,-11.,4.5));
#5032 = DIRECTION('',(1.,0.,-0.));
#5033 = DIRECTION('',(0.,0.,1.));
#5034 = ADVANCED_FACE('',(#5035),#5060,.F.);
#5035 = FACE_BOUND('',#5036,.F.);
#5036 = EDGE_LOOP('',(#5037,#5047,#5053,#5054));
#5037 = ORIENTED_EDGE('',*,*,#5038,.F.);
#5038 = EDGE_CURVE('',#5039,#5041,#5043,.T.);
#5039 = VERTEX_POINT('',#5040);
#5040 = CARTESIAN_POINT('',(-1.5,-11.,4.5));
#5041 = VERTEX_POINT('',#5042);
#5042 = CARTESIAN_POINT('',(-1.5,11.,4.5));
#5043 = LINE('',#5044,#5045);
#5044 = CARTESIAN_POINT('',(-1.5,-11.,4.5));
#5045 = VECTOR('',#5046,1.);
#5046 = DIRECTION('',(-0.,1.,0.));
#5047 = ORIENTED_EDGE('',*,*,#5048,.T.);
#5048 = EDGE_CURVE('',#5039,#4992,#5049,.T.);
#5049 = LINE('',#5050,#5051);
#5050 = CARTESIAN_POINT('',(-1.5,-11.,4.5));
#5051 = VECTOR('',#5052,1.);
#5052 = DIRECTION('',(1.,0.,-0.));
#5053 = ORIENTED_EDGE('',*,*,#4999,.T.);
#5054 = ORIENTED_EDGE('',*,*,#5055,.F.);
#5055 = EDGE_CURVE('',#5041,#5000,#5056,.T.);
#5056 = LINE('',#5057,#5058);
#5057 = CARTESIAN_POINT('',(-1.5,11.,4.5));
#5058 = VECTOR('',#5059,1.);
#5059 = DIRECTION('',(1.,0.,-0.));
#5060 = PLANE('',#5061);
#5061 = AXIS2_PLACEMENT_3D('',#5062,#5063,#5064);
#5062 = CARTESIAN_POINT('',(-1.5,-11.,4.5));
#5063 = DIRECTION('',(0.,0.,1.));
#5064 = DIRECTION('',(1.,0.,-0.));
#5065 = ADVANCED_FACE('',(#5066),#5098,.F.);
#5066 = FACE_BOUND('',#5067,.F.);
#5067 = EDGE_LOOP('',(#5068,#5074,#5075,#5083,#5091,#5097));
#5068 = ORIENTED_EDGE('',*,*,#5069,.F.);
#5069 = EDGE_CURVE('',#5039,#4688,#5070,.T.);
#5070 = LINE('',#5071,#5072);
#5071 = CARTESIAN_POINT('',(-1.5,-11.,4.5));
#5072 = VECTOR('',#5073,1.);
#5073 = DIRECTION('',(0.,0.,1.));
#5074 = ORIENTED_EDGE('',*,*,#5038,.T.);
#5075 = ORIENTED_EDGE('',*,*,#5076,.T.);
#5076 = EDGE_CURVE('',#5041,#5077,#5079,.T.);
#5077 = VERTEX_POINT('',#5078);
#5078 = CARTESIAN_POINT('',(-1.5,11.,5.));
#5079 = LINE('',#5080,#5081);
#5080 = CARTESIAN_POINT('',(-1.5,11.,4.5));
#5081 = VECTOR('',#5082,1.);
#5082 = DIRECTION('',(0.,0.,1.));
#5083 = ORIENTED_EDGE('',*,*,#5084,.T.);
#5084 = EDGE_CURVE('',#5077,#5085,#5087,.T.);
#5085 = VERTEX_POINT('',#5086);
#5086 = CARTESIAN_POINT('',(-1.5,11.,6.));
#5087 = LINE('',#5088,#5089);
#5088 = CARTESIAN_POINT('',(-1.5,11.,4.5));
#5089 = VECTOR('',#5090,1.);
#5090 = DIRECTION('',(0.,0.,1.));
#5091 = ORIENTED_EDGE('',*,*,#5092,.F.);
#5092 = EDGE_CURVE('',#4846,#5085,#5093,.T.);
#5093 = LINE('',#5094,#5095);
#5094 = CARTESIAN_POINT('',(-1.5,-11.,6.));
#5095 = VECTOR('',#5096,1.);
#5096 = DIRECTION('',(-0.,1.,0.));
#5097 = ORIENTED_EDGE('',*,*,#4845,.F.);
#5098 = PLANE('',#5099);
#5099 = AXIS2_PLACEMENT_3D('',#5100,#5101,#5102);
#5100 = CARTESIAN_POINT('',(-1.5,-11.,4.5));
#5101 = DIRECTION('',(1.,0.,-0.));
#5102 = DIRECTION('',(0.,0.,1.));
#5103 = ADVANCED_FACE('',(#5104),#5115,.F.);
#5104 = FACE_BOUND('',#5105,.F.);
#5105 = EDGE_LOOP('',(#5106,#5107,#5108,#5109));
#5106 = ORIENTED_EDGE('',*,*,#4876,.F.);
#5107 = ORIENTED_EDGE('',*,*,#4797,.T.);
#5108 = ORIENTED_EDGE('',*,*,#4954,.T.);
#5109 = ORIENTED_EDGE('',*,*,#5110,.F.);
#5110 = EDGE_CURVE('',#4877,#4955,#5111,.T.);
#5111 = LINE('',#5112,#5113);
#5112 = CARTESIAN_POINT('',(-1.5,11.,-6.));
#5113 = VECTOR('',#5114,1.);
#5114 = DIRECTION('',(1.,0.,-0.));
#5115 = PLANE('',#5116);
#5116 = AXIS2_PLACEMENT_3D('',#5117,#5118,#5119);
#5117 = CARTESIAN_POINT('',(-1.5,-11.,-6.));
#5118 = DIRECTION('',(0.,0.,1.));
#5119 = DIRECTION('',(1.,0.,-0.));
#5120 = ADVANCED_FACE('',(#5121),#5132,.T.);
#5121 = FACE_BOUND('',#5122,.T.);
#5122 = EDGE_LOOP('',(#5123,#5124,#5125,#5126));
#5123 = ORIENTED_EDGE('',*,*,#5092,.F.);
#5124 = ORIENTED_EDGE('',*,*,#4853,.T.);
#5125 = ORIENTED_EDGE('',*,*,#5023,.T.);
#5126 = ORIENTED_EDGE('',*,*,#5127,.F.);
#5127 = EDGE_CURVE('',#5085,#5016,#5128,.T.);
#5128 = LINE('',#5129,#5130);
#5129 = CARTESIAN_POINT('',(-1.5,11.,6.));
#5130 = VECTOR('',#5131,1.);
#5131 = DIRECTION('',(1.,0.,-0.));
#5132 = PLANE('',#5133);
#5133 = AXIS2_PLACEMENT_3D('',#5134,#5135,#5136);
#5134 = CARTESIAN_POINT('',(-1.5,-11.,6.));
#5135 = DIRECTION('',(0.,0.,1.));
#5136 = DIRECTION('',(1.,0.,-0.));
#5137 = ADVANCED_FACE('',(#5138),#5149,.T.);
#5138 = FACE_BOUND('',#5139,.T.);
#5139 = EDGE_LOOP('',(#5140,#5141,#5142,#5143));
#5140 = ORIENTED_EDGE('',*,*,#4962,.F.);
#5141 = ORIENTED_EDGE('',*,*,#5110,.F.);
#5142 = ORIENTED_EDGE('',*,*,#4884,.T.);
#5143 = ORIENTED_EDGE('',*,*,#5144,.T.);
#5144 = EDGE_CURVE('',#4885,#4963,#5145,.T.);
#5145 = LINE('',#5146,#5147);
#5146 = CARTESIAN_POINT('',(-7.586206896552,11.,-5.));
#5147 = VECTOR('',#5148,1.);
#5148 = DIRECTION('',(1.,0.,-0.));
#5149 = PLANE('',#5150);
#5150 = AXIS2_PLACEMENT_3D('',#5151,#5152,#5153);
#5151 = CARTESIAN_POINT('',(-1.5,11.,-6.));
#5152 = DIRECTION('',(-0.,1.,0.));
#5153 = DIRECTION('',(0.,0.,1.));
#5154 = ADVANCED_FACE('',(#5155),#5166,.T.);
#5155 = FACE_BOUND('',#5156,.T.);
#5156 = EDGE_LOOP('',(#5157,#5163,#5164,#5165));
#5157 = ORIENTED_EDGE('',*,*,#5158,.F.);
#5158 = EDGE_CURVE('',#5077,#5008,#5159,.T.);
#5159 = LINE('',#5160,#5161);
#5160 = CARTESIAN_POINT('',(-7.586206896552,11.,5.));
#5161 = VECTOR('',#5162,1.);
#5162 = DIRECTION('',(1.,0.,-0.));
#5163 = ORIENTED_EDGE('',*,*,#5084,.T.);
#5164 = ORIENTED_EDGE('',*,*,#5127,.T.);
#5165 = ORIENTED_EDGE('',*,*,#5015,.F.);
#5166 = PLANE('',#5167);
#5167 = AXIS2_PLACEMENT_3D('',#5168,#5169,#5170);
#5168 = CARTESIAN_POINT('',(-1.5,11.,4.5));
#5169 = DIRECTION('',(-0.,1.,0.));
#5170 = DIRECTION('',(0.,0.,1.));
#5171 = ADVANCED_FACE('',(#5172),#5213,.F.);
#5172 = FACE_BOUND('',#5173,.F.);
#5173 = EDGE_LOOP('',(#5174,#5184,#5190,#5191,#5199,#5207));
#5174 = ORIENTED_EDGE('',*,*,#5175,.F.);
#5175 = EDGE_CURVE('',#5176,#5178,#5180,.T.);
#5176 = VERTEX_POINT('',#5177);
#5177 = CARTESIAN_POINT('',(-7.586206896552,11.,-5.));
#5178 = VERTEX_POINT('',#5179);
#5179 = CARTESIAN_POINT('',(-7.586206896552,12.5,-5.));
#5180 = LINE('',#5181,#5182);
#5181 = CARTESIAN_POINT('',(-7.586206896552,11.,-5.));
#5182 = VECTOR('',#5183,1.);
#5183 = DIRECTION('',(-0.,1.,0.));
#5184 = ORIENTED_EDGE('',*,*,#5185,.T.);
#5185 = EDGE_CURVE('',#5176,#4885,#5186,.T.);
#5186 = LINE('',#5187,#5188);
#5187 = CARTESIAN_POINT('',(-7.586206896552,11.,-5.));
#5188 = VECTOR('',#5189,1.);
#5189 = DIRECTION('',(1.,0.,-0.));
#5190 = ORIENTED_EDGE('',*,*,#5144,.T.);
#5191 = ORIENTED_EDGE('',*,*,#5192,.T.);
#5192 = EDGE_CURVE('',#4963,#5193,#5195,.T.);
#5193 = VERTEX_POINT('',#5194);
#5194 = CARTESIAN_POINT('',(7.586206896552,11.,-5.));
#5195 = LINE('',#5196,#5197);
#5196 = CARTESIAN_POINT('',(-7.586206896552,11.,-5.));
#5197 = VECTOR('',#5198,1.);
#5198 = DIRECTION('',(1.,0.,-0.));
#5199 = ORIENTED_EDGE('',*,*,#5200,.T.);
#5200 = EDGE_CURVE('',#5193,#5201,#5203,.T.);
#5201 = VERTEX_POINT('',#5202);
#5202 = CARTESIAN_POINT('',(7.586206896552,12.5,-5.));
#5203 = LINE('',#5204,#5205);
#5204 = CARTESIAN_POINT('',(7.586206896552,11.,-5.));
#5205 = VECTOR('',#5206,1.);
#5206 = DIRECTION('',(-0.,1.,0.));
#5207 = ORIENTED_EDGE('',*,*,#5208,.F.);
#5208 = EDGE_CURVE('',#5178,#5201,#5209,.T.);
#5209 = LINE('',#5210,#5211);
#5210 = CARTESIAN_POINT('',(-7.586206896552,12.5,-5.));
#5211 = VECTOR('',#5212,1.);
#5212 = DIRECTION('',(1.,0.,-0.));
#5213 = PLANE('',#5214);
#5214 = AXIS2_PLACEMENT_3D('',#5215,#5216,#5217);
#5215 = CARTESIAN_POINT('',(-7.586206896552,11.,-5.));
#5216 = DIRECTION('',(0.,0.,1.));
#5217 = DIRECTION('',(1.,0.,-0.));
#5218 = ADVANCED_FACE('',(#5219),#5260,.T.);
#5219 = FACE_BOUND('',#5220,.T.);
#5220 = EDGE_LOOP('',(#5221,#5231,#5237,#5238,#5246,#5254));
#5221 = ORIENTED_EDGE('',*,*,#5222,.F.);
#5222 = EDGE_CURVE('',#5223,#5225,#5227,.T.);
#5223 = VERTEX_POINT('',#5224);
#5224 = CARTESIAN_POINT('',(-7.586206896552,11.,5.));
#5225 = VERTEX_POINT('',#5226);
#5226 = CARTESIAN_POINT('',(-7.586206896552,12.5,5.));
#5227 = LINE('',#5228,#5229);
#5228 = CARTESIAN_POINT('',(-7.586206896552,11.,5.));
#5229 = VECTOR('',#5230,1.);
#5230 = DIRECTION('',(-0.,1.,0.));
#5231 = ORIENTED_EDGE('',*,*,#5232,.T.);
#5232 = EDGE_CURVE('',#5223,#5077,#5233,.T.);
#5233 = LINE('',#5234,#5235);
#5234 = CARTESIAN_POINT('',(-7.586206896552,11.,5.));
#5235 = VECTOR('',#5236,1.);
#5236 = DIRECTION('',(1.,0.,-0.));
#5237 = ORIENTED_EDGE('',*,*,#5158,.T.);
#5238 = ORIENTED_EDGE('',*,*,#5239,.T.);
#5239 = EDGE_CURVE('',#5008,#5240,#5242,.T.);
#5240 = VERTEX_POINT('',#5241);
#5241 = CARTESIAN_POINT('',(7.586206896552,11.,5.));
#5242 = LINE('',#5243,#5244);
#5243 = CARTESIAN_POINT('',(-7.586206896552,11.,5.));
#5244 = VECTOR('',#5245,1.);
#5245 = DIRECTION('',(1.,0.,-0.));
#5246 = ORIENTED_EDGE('',*,*,#5247,.T.);
#5247 = EDGE_CURVE('',#5240,#5248,#5250,.T.);
#5248 = VERTEX_POINT('',#5249);
#5249 = CARTESIAN_POINT('',(7.586206896552,12.5,5.));
#5250 = LINE('',#5251,#5252);
#5251 = CARTESIAN_POINT('',(7.586206896552,11.,5.));
#5252 = VECTOR('',#5253,1.);
#5253 = DIRECTION('',(-0.,1.,0.));
#5254 = ORIENTED_EDGE('',*,*,#5255,.F.);
#5255 = EDGE_CURVE('',#5225,#5248,#5256,.T.);
#5256 = LINE('',#5257,#5258);
#5257 = CARTESIAN_POINT('',(-7.586206896552,12.5,5.));
#5258 = VECTOR('',#5259,1.);
#5259 = DIRECTION('',(1.,0.,-0.));
#5260 = PLANE('',#5261);
#5261 = AXIS2_PLACEMENT_3D('',#5262,#5263,#5264);
#5262 = CARTESIAN_POINT('',(-7.586206896552,11.,5.));
#5263 = DIRECTION('',(0.,0.,1.));
#5264 = DIRECTION('',(1.,0.,-0.));
#5265 = ADVANCED_FACE('',(#5266),#5284,.T.);
#5266 = FACE_BOUND('',#5267,.T.);
#5267 = EDGE_LOOP('',(#5268,#5269,#5276,#5277));
#5268 = ORIENTED_EDGE('',*,*,#5222,.T.);
#5269 = ORIENTED_EDGE('',*,*,#5270,.F.);
#5270 = EDGE_CURVE('',#5178,#5225,#5271,.T.);
#5271 = CIRCLE('',#5272,5.);
#5272 = AXIS2_PLACEMENT_3D('',#5273,#5274,#5275);
#5273 = CARTESIAN_POINT('',(-7.586206896552,12.5,0.));
#5274 = DIRECTION('',(0.,1.,0.));
#5275 = DIRECTION('',(0.,-0.,1.));
#5276 = ORIENTED_EDGE('',*,*,#5175,.F.);
#5277 = ORIENTED_EDGE('',*,*,#5278,.T.);
#5278 = EDGE_CURVE('',#5176,#5223,#5279,.T.);
#5279 = CIRCLE('',#5280,5.);
#5280 = AXIS2_PLACEMENT_3D('',#5281,#5282,#5283);
#5281 = CARTESIAN_POINT('',(-7.586206896552,11.,0.));
#5282 = DIRECTION('',(0.,1.,0.));
#5283 = DIRECTION('',(0.,-0.,1.));
#5284 = CYLINDRICAL_SURFACE('',#5285,5.);
#5285 = AXIS2_PLACEMENT_3D('',#5286,#5287,#5288);
#5286 = CARTESIAN_POINT('',(-7.586206896552,11.,0.));
#5287 = DIRECTION('',(0.,1.,0.));
#5288 = DIRECTION('',(0.,-0.,1.));
#5289 = ADVANCED_FACE('',(#5290),#5308,.T.);
#5290 = FACE_BOUND('',#5291,.T.);
#5291 = EDGE_LOOP('',(#5292,#5299,#5300,#5307));
#5292 = ORIENTED_EDGE('',*,*,#5293,.F.);
#5293 = EDGE_CURVE('',#5248,#5201,#5294,.T.);
#5294 = CIRCLE('',#5295,5.);
#5295 = AXIS2_PLACEMENT_3D('',#5296,#5297,#5298);
#5296 = CARTESIAN_POINT('',(7.586206896552,12.5,0.));
#5297 = DIRECTION('',(0.,1.,0.));
#5298 = DIRECTION('',(0.,-0.,1.));
#5299 = ORIENTED_EDGE('',*,*,#5247,.F.);
#5300 = ORIENTED_EDGE('',*,*,#5301,.T.);
#5301 = EDGE_CURVE('',#5240,#5193,#5302,.T.);
#5302 = CIRCLE('',#5303,5.);
#5303 = AXIS2_PLACEMENT_3D('',#5304,#5305,#5306);
#5304 = CARTESIAN_POINT('',(7.586206896552,11.,0.));
#5305 = DIRECTION('',(0.,1.,0.));
#5306 = DIRECTION('',(0.,-0.,1.));
#5307 = ORIENTED_EDGE('',*,*,#5200,.T.);
#5308 = CYLINDRICAL_SURFACE('',#5309,5.);
#5309 = AXIS2_PLACEMENT_3D('',#5310,#5311,#5312);
#5310 = CARTESIAN_POINT('',(7.586206896552,11.,0.));
#5311 = DIRECTION('',(0.,1.,0.));
#5312 = DIRECTION('',(0.,-0.,1.));
#5313 = ADVANCED_FACE('',(#5314),#5320,.T.);
#5314 = FACE_BOUND('',#5315,.T.);
#5315 = EDGE_LOOP('',(#5316,#5317,#5318,#5319));
#5316 = ORIENTED_EDGE('',*,*,#4743,.T.);
#5317 = ORIENTED_EDGE('',*,*,#4828,.F.);
#5318 = ORIENTED_EDGE('',*,*,#4663,.F.);
#5319 = ORIENTED_EDGE('',*,*,#4727,.F.);
#5320 = PLANE('',#5321);
#5321 = AXIS2_PLACEMENT_3D('',#5322,#5323,#5324);
#5322 = CARTESIAN_POINT('',(-6.476089505928E-16,-12.5,
    -2.354941638519E-16));
#5323 = DIRECTION('',(-0.,-1.,-0.));
#5324 = DIRECTION('',(0.,0.,-1.));
#5325 = ADVANCED_FACE('',(#5326),#5340,.T.);
#5326 = FACE_BOUND('',#5327,.T.);
#5327 = EDGE_LOOP('',(#5328,#5329,#5330,#5331,#5332,#5333,#5334,#5335,
    #5336,#5337,#5338,#5339));
#5328 = ORIENTED_EDGE('',*,*,#4775,.F.);
#5329 = ORIENTED_EDGE('',*,*,#4710,.T.);
#5330 = ORIENTED_EDGE('',*,*,#4695,.T.);
#5331 = ORIENTED_EDGE('',*,*,#5069,.F.);
#5332 = ORIENTED_EDGE('',*,*,#5048,.T.);
#5333 = ORIENTED_EDGE('',*,*,#4991,.T.);
#5334 = ORIENTED_EDGE('',*,*,#4679,.T.);
#5335 = ORIENTED_EDGE('',*,*,#4820,.T.);
#5336 = ORIENTED_EDGE('',*,*,#4759,.F.);
#5337 = ORIENTED_EDGE('',*,*,#4977,.T.);
#5338 = ORIENTED_EDGE('',*,*,#4923,.F.);
#5339 = ORIENTED_EDGE('',*,*,#4908,.F.);
#5340 = PLANE('',#5341);
#5341 = AXIS2_PLACEMENT_3D('',#5342,#5343,#5344);
#5342 = CARTESIAN_POINT('',(1.139697972182E-16,-11.,-2.279395944363E-16)
  );
#5343 = DIRECTION('',(0.,1.,0.));
#5344 = DIRECTION('',(0.,-0.,1.));
#5345 = ADVANCED_FACE('',(#5346),#5360,.T.);
#5346 = FACE_BOUND('',#5347,.T.);
#5347 = EDGE_LOOP('',(#5348,#5349,#5350,#5351,#5352,#5353,#5354,#5355,
    #5356,#5357,#5358,#5359));
#5348 = ORIENTED_EDGE('',*,*,#5185,.T.);
#5349 = ORIENTED_EDGE('',*,*,#4892,.T.);
#5350 = ORIENTED_EDGE('',*,*,#4939,.T.);
#5351 = ORIENTED_EDGE('',*,*,#4970,.F.);
#5352 = ORIENTED_EDGE('',*,*,#5192,.T.);
#5353 = ORIENTED_EDGE('',*,*,#5301,.F.);
#5354 = ORIENTED_EDGE('',*,*,#5239,.F.);
#5355 = ORIENTED_EDGE('',*,*,#5007,.F.);
#5356 = ORIENTED_EDGE('',*,*,#5055,.F.);
#5357 = ORIENTED_EDGE('',*,*,#5076,.T.);
#5358 = ORIENTED_EDGE('',*,*,#5232,.F.);
#5359 = ORIENTED_EDGE('',*,*,#5278,.F.);
#5360 = PLANE('',#5361);
#5361 = AXIS2_PLACEMENT_3D('',#5362,#5363,#5364);
#5362 = CARTESIAN_POINT('',(-6.268338846999E-16,11.,-2.279395944363E-16)
  );
#5363 = DIRECTION('',(-0.,-1.,-0.));
#5364 = DIRECTION('',(0.,0.,-1.));
#5365 = ADVANCED_FACE('',(#5366),#5372,.T.);
#5366 = FACE_BOUND('',#5367,.T.);
#5367 = EDGE_LOOP('',(#5368,#5369,#5370,#5371));
#5368 = ORIENTED_EDGE('',*,*,#5208,.F.);
#5369 = ORIENTED_EDGE('',*,*,#5270,.T.);
#5370 = ORIENTED_EDGE('',*,*,#5255,.T.);
#5371 = ORIENTED_EDGE('',*,*,#5293,.T.);
#5372 = PLANE('',#5373);
#5373 = AXIS2_PLACEMENT_3D('',#5374,#5375,#5376);
#5374 = CARTESIAN_POINT('',(-3.532412457779E-16,12.5,8.831031144447E-17)
  );
#5375 = DIRECTION('',(0.,1.,0.));
#5376 = DIRECTION('',(0.,-0.,1.));
#5377 = ( GEOMETRIC_REPRESENTATION_CONTEXT(3) 
GLOBAL_UNCERTAINTY_ASSIGNED_CONTEXT((#5381)) 
GLOBAL_UNIT_ASSIGNED_CONTEXT((#5378,#5379,#5380)) REPRESENTATION_CONTEXT
('Context #1','3D Context with UNIT and UNCERTAINTY') );
#5378 = ( LENGTH_UNIT() NAMED_UNIT(*) SI_UNIT(.MILLI.,.METRE.) );
#5379 = ( NAMED_UNIT(*) PLANE_ANGLE_UNIT() SI_UNIT($,.RADIAN.) );
#5380 = ( NAMED_UNIT(*) SI_UNIT($,.STERADIAN.) SOLID_ANGLE_UNIT() );
#5381 = UNCERTAINTY_MEASURE_WITH_UNIT(LENGTH_MEASURE(1.E-07),#5378,
  'distance_accuracy_value','confusion accuracy');
#5382 = CONTEXT_DEPENDENT_SHAPE_REPRESENTATION(#5383,#5385);
#5383 = ( REPRESENTATION_RELATIONSHIP('','',#4646,#10) 
REPRESENTATION_RELATIONSHIP_WITH_TRANSFORMATION(#5384) 
SHAPE_REPRESENTATION_RELATIONSHIP() );
#5384 = ITEM_DEFINED_TRANSFORMATION('','',#11,#39);
#5385 = PRODUCT_DEFINITION_SHAPE('Placement','Placement of an item',
  #5386);
#5386 = NEXT_ASSEMBLY_USAGE_OCCURRENCE('7','link_06','',#5,#4641,$);
#5387 = PRODUCT_RELATED_PRODUCT_CATEGORY('part',$,(#4643));
#5388 = SHAPE_DEFINITION_REPRESENTATION(#5389,#5395);
#5389 = PRODUCT_DEFINITION_SHAPE('','',#5390);
#5390 = PRODUCT_DEFINITION('design','',#5391,#5394);
#5391 = PRODUCT_DEFINITION_FORMATION('','',#5392);
#5392 = PRODUCT('link_07','link_07','',(#5393));
#5393 = PRODUCT_CONTEXT('',#2,'mechanical');
#5394 = PRODUCT_DEFINITION_CONTEXT('part definition',#2,'design');
#5395 = ADVANCED_BREP_SHAPE_REPRESENTATION('',(#11,#5396),#6126);
#5396 = MANIFOLD_SOLID_BREP('',#5397);
#5397 = CLOSED_SHELL('',(#5398,#5454,#5487,#5534,#5565,#5589,#5620,#5667
    ,#5698,#5736,#5783,#5814,#5852,#5869,#5886,#5903,#5920,#5967,#6014,
    #6038,#6062,#6074,#6094,#6114));
#5398 = ADVANCED_FACE('',(#5399),#5449,.T.);
#5399 = FACE_BOUND('',#5400,.T.);
#5400 = EDGE_LOOP('',(#5401,#5411,#5419,#5427,#5435,#5443));
#5401 = ORIENTED_EDGE('',*,*,#5402,.F.);
#5402 = EDGE_CURVE('',#5403,#5405,#5407,.T.);
#5403 = VERTEX_POINT('',#5404);
#5404 = CARTESIAN_POINT('',(-7.586206896552,-12.5,5.));
#5405 = VERTEX_POINT('',#5406);
#5406 = CARTESIAN_POINT('',(-7.586206896552,-11.,5.));
#5407 = LINE('',#5408,#5409);
#5408 = CARTESIAN_POINT('',(-7.586206896552,-12.5,5.));
#5409 = VECTOR('',#5410,1.);
#5410 = DIRECTION('',(-0.,1.,0.));
#5411 = ORIENTED_EDGE('',*,*,#5412,.T.);
#5412 = EDGE_CURVE('',#5403,#5413,#5415,.T.);
#5413 = VERTEX_POINT('',#5414);
#5414 = CARTESIAN_POINT('',(7.586206896552,-12.5,5.));
#5415 = LINE('',#5416,#5417);
#5416 = CARTESIAN_POINT('',(-7.586206896552,-12.5,5.));
#5417 = VECTOR('',#5418,1.);
#5418 = DIRECTION('',(1.,0.,-0.));
#5419 = ORIENTED_EDGE('',*,*,#5420,.T.);
#5420 = EDGE_CURVE('',#5413,#5421,#5423,.T.);
#5421 = VERTEX_POINT('',#5422);
#5422 = CARTESIAN_POINT('',(7.586206896552,-11.,5.));
#5423 = LINE('',#5424,#5425);
#5424 = CARTESIAN_POINT('',(7.586206896552,-12.5,5.));
#5425 = VECTOR('',#5426,1.);
#5426 = DIRECTION('',(-0.,1.,0.));
#5427 = ORIENTED_EDGE('',*,*,#5428,.F.);
#5428 = EDGE_CURVE('',#5429,#5421,#5431,.T.);
#5429 = VERTEX_POINT('',#5430);
#5430 = CARTESIAN_POINT('',(1.5,-11.,5.));
#5431 = LINE('',#5432,#5433);
#5432 = CARTESIAN_POINT('',(-7.586206896552,-11.,5.));
#5433 = VECTOR('',#5434,1.);
#5434 = DIRECTION('',(1.,0.,-0.));
#5435 = ORIENTED_EDGE('',*,*,#5436,.F.);
#5436 = EDGE_CURVE('',#5437,#5429,#5439,.T.);
#5437 = VERTEX_POINT('',#5438);
#5438 = CARTESIAN_POINT('',(-1.5,-11.,5.));
#5439 = LINE('',#5440,#5441);
#5440 = CARTESIAN_POINT('',(-7.586206896552,-11.,5.));
#5441 = VECTOR('',#5442,1.);
#5442 = DIRECTION('',(1.,0.,-0.));
#5443 = ORIENTED_EDGE('',*,*,#5444,.F.);
#5444 = EDGE_CURVE('',#5405,#5437,#5445,.T.);
#5445 = LINE('',#5446,#5447);
#5446 = CARTESIAN_POINT('',(-7.586206896552,-11.,5.));
#5447 = VECTOR('',#5448,1.);
#5448 = DIRECTION('',(1.,0.,-0.));
#5449 = PLANE('',#5450);
#5450 = AXIS2_PLACEMENT_3D('',#5451,#5452,#5453);
#5451 = CARTESIAN_POINT('',(-7.586206896552,-12.5,5.));
#5452 = DIRECTION('',(0.,0.,1.));
#5453 = DIRECTION('',(1.,0.,-0.));
#5454 = ADVANCED_FACE('',(#5455),#5482,.T.);
#5455 = FACE_BOUND('',#5456,.T.);
#5456 = EDGE_LOOP('',(#5457,#5458,#5467,#5475));
#5457 = ORIENTED_EDGE('',*,*,#5402,.T.);
#5458 = ORIENTED_EDGE('',*,*,#5459,.F.);
#5459 = EDGE_CURVE('',#5460,#5405,#5462,.T.);
#5460 = VERTEX_POINT('',#5461);
#5461 = CARTESIAN_POINT('',(-7.586206896552,-11.,-5.));
#5462 = CIRCLE('',#5463,5.);
#5463 = AXIS2_PLACEMENT_3D('',#5464,#5465,#5466);
#5464 = CARTESIAN_POINT('',(-7.586206896552,-11.,0.));
#5465 = DIRECTION('',(0.,1.,0.));
#5466 = DIRECTION('',(0.,-0.,1.));
#5467 = ORIENTED_EDGE('',*,*,#5468,.F.);
#5468 = EDGE_CURVE('',#5469,#5460,#5471,.T.);
#5469 = VERTEX_POINT('',#5470);
#5470 = CARTESIAN_POINT('',(-7.586206896552,-12.5,-5.));
#5471 = LINE('',#5472,#5473);
#5472 = CARTESIAN_POINT('',(-7.586206896552,-12.5,-5.));
#5473 = VECTOR('',#5474,1.);
#5474 = DIRECTION('',(-0.,1.,0.));
#5475 = ORIENTED_EDGE('',*,*,#5476,.T.);
#5476 = EDGE_CURVE('',#5469,#5403,#5477,.T.);
#5477 = CIRCLE('',#5478,5.);
#5478 = AXIS2_PLACEMENT_3D('',#5479,#5480,#5481);
#5479 = CARTESIAN_POINT('',(-7.586206896552,-12.5,0.));
#5480 = DIRECTION('',(0.,1.,0.));
#5481 = DIRECTION('',(0.,-0.,1.));
#5482 = CYLINDRICAL_SURFACE('',#5483,5.);
#5483 = AXIS2_PLACEMENT_3D('',#5484,#5485,#5486);
#5484 = CARTESIAN_POINT('',(-7.586206896552,-12.5,0.));
#5485 = DIRECTION('',(0.,1.,0.));
#5486 = DIRECTION('',(0.,-0.,1.));
#5487 = ADVANCED_FACE('',(#5488),#5529,.F.);
#5488 = FACE_BOUND('',#5489,.F.);
#5489 = EDGE_LOOP('',(#5490,#5491,#5499,#5507,#5515,#5523));
#5490 = ORIENTED_EDGE('',*,*,#5468,.F.);
#5491 = ORIENTED_EDGE('',*,*,#5492,.T.);
#5492 = EDGE_CURVE('',#5469,#5493,#5495,.T.);
#5493 = VERTEX_POINT('',#5494);
#5494 = CARTESIAN_POINT('',(7.586206896552,-12.5,-5.));
#5495 = LINE('',#5496,#5497);
#5496 = CARTESIAN_POINT('',(-7.586206896552,-12.5,-5.));
#5497 = VECTOR('',#5498,1.);
#5498 = DIRECTION('',(1.,0.,-0.));
#5499 = ORIENTED_EDGE('',*,*,#5500,.T.);
#5500 = EDGE_CURVE('',#5493,#5501,#5503,.T.);
#5501 = VERTEX_POINT('',#5502);
#5502 = CARTESIAN_POINT('',(7.586206896552,-11.,-5.));
#5503 = LINE('',#5504,#5505);
#5504 = CARTESIAN_POINT('',(7.586206896552,-12.5,-5.));
#5505 = VECTOR('',#5506,1.);
#5506 = DIRECTION('',(-0.,1.,0.));
#5507 = ORIENTED_EDGE('',*,*,#5508,.F.);
#5508 = EDGE_CURVE('',#5509,#5501,#5511,.T.);
#5509 = VERTEX_POINT('',#5510);
#5510 = CARTESIAN_POINT('',(1.5,-11.,-5.));
#5511 = LINE('',#5512,#5513);
#5512 = CARTESIAN_POINT('',(-7.586206896552,-11.,-5.));
#5513 = VECTOR('',#5514,1.);
#5514 = DIRECTION('',(1.,0.,-0.));
#5515 = ORIENTED_EDGE('',*,*,#5516,.F.);
#5516 = EDGE_CURVE('',#5517,#5509,#5519,.T.);
#5517 = VERTEX_POINT('',#5518);
#5518 = CARTESIAN_POINT('',(-1.5,-11.,-5.));
#5519 = LINE('',#5520,#5521);
#5520 = CARTESIAN_POINT('',(-7.586206896552,-11.,-5.));
#5521 = VECTOR('',#5522,1.);
#5522 = DIRECTION('',(1.,0.,-0.));
#5523 = ORIENTED_EDGE('',*,*,#5524,.F.);
#5524 = EDGE_CURVE('',#5460,#5517,#5525,.T.);
#5525 = LINE('',#5526,#5527);
#5526 = CARTESIAN_POINT('',(-7.586206896552,-11.,-5.));
#5527 = VECTOR('',#5528,1.);
#5528 = DIRECTION('',(1.,0.,-0.));
#5529 = PLANE('',#5530);
#5530 = AXIS2_PLACEMENT_3D('',#5531,#5532,#5533);
#5531 = CARTESIAN_POINT('',(-7.586206896552,-12.5,-5.));
#5532 = DIRECTION('',(0.,0.,1.));
#5533 = DIRECTION('',(1.,0.,-0.));
#5534 = ADVANCED_FACE('',(#5535),#5560,.F.);
#5535 = FACE_BOUND('',#5536,.F.);
#5536 = EDGE_LOOP('',(#5537,#5545,#5553,#5559));
#5537 = ORIENTED_EDGE('',*,*,#5538,.F.);
#5538 = EDGE_CURVE('',#5539,#5509,#5541,.T.);
#5539 = VERTEX_POINT('',#5540);
#5540 = CARTESIAN_POINT('',(1.5,-11.,-6.));
#5541 = LINE('',#5542,#5543);
#5542 = CARTESIAN_POINT('',(1.5,-11.,-6.));
#5543 = VECTOR('',#5544,1.);
#5544 = DIRECTION('',(0.,0.,1.));
#5545 = ORIENTED_EDGE('',*,*,#5546,.F.);
#5546 = EDGE_CURVE('',#5547,#5539,#5549,.T.);
#5547 = VERTEX_POINT('',#5548);
#5548 = CARTESIAN_POINT('',(-1.5,-11.,-6.));
#5549 = LINE('',#5550,#5551);
#5550 = CARTESIAN_POINT('',(-1.5,-11.,-6.));
#5551 = VECTOR('',#5552,1.);
#5552 = DIRECTION('',(1.,0.,-0.));
#5553 = ORIENTED_EDGE('',*,*,#5554,.T.);
#5554 = EDGE_CURVE('',#5547,#5517,#5555,.T.);
#5555 = LINE('',#5556,#5557);
#5556 = CARTESIAN_POINT('',(-1.5,-11.,-6.));
#5557 = VECTOR('',#5558,1.);
#5558 = DIRECTION('',(0.,0.,1.));
#5559 = ORIENTED_EDGE('',*,*,#5516,.T.);
#5560 = PLANE('',#5561);
#5561 = AXIS2_PLACEMENT_3D('',#5562,#5563,#5564);
#5562 = CARTESIAN_POINT('',(-1.5,-11.,-6.));
#5563 = DIRECTION('',(-0.,1.,0.));
#5564 = DIRECTION('',(0.,0.,1.));
#5565 = ADVANCED_FACE('',(#5566),#5584,.T.);
#5566 = FACE_BOUND('',#5567,.T.);
#5567 = EDGE_LOOP('',(#5568,#5575,#5576,#5583));
#5568 = ORIENTED_EDGE('',*,*,#5569,.F.);
#5569 = EDGE_CURVE('',#5421,#5501,#5570,.T.);
#5570 = CIRCLE('',#5571,5.);
#5571 = AXIS2_PLACEMENT_3D('',#5572,#5573,#5574);
#5572 = CARTESIAN_POINT('',(7.586206896552,-11.,0.));
#5573 = DIRECTION('',(0.,1.,0.));
#5574 = DIRECTION('',(0.,-0.,1.));
#5575 = ORIENTED_EDGE('',*,*,#5420,.F.);
#5576 = ORIENTED_EDGE('',*,*,#5577,.T.);
#5577 = EDGE_CURVE('',#5413,#5493,#5578,.T.);
#5578 = CIRCLE('',#5579,5.);
#5579 = AXIS2_PLACEMENT_3D('',#5580,#5581,#5582);
#5580 = CARTESIAN_POINT('',(7.586206896552,-12.5,0.));
#5581 = DIRECTION('',(0.,1.,0.));
#5582 = DIRECTION('',(0.,-0.,1.));
#5583 = ORIENTED_EDGE('',*,*,#5500,.T.);
#5584 = CYLINDRICAL_SURFACE('',#5585,5.);
#5585 = AXIS2_PLACEMENT_3D('',#5586,#5587,#5588);
#5586 = CARTESIAN_POINT('',(7.586206896552,-12.5,0.));
#5587 = DIRECTION('',(0.,1.,0.));
#5588 = DIRECTION('',(0.,-0.,1.));
#5589 = ADVANCED_FACE('',(#5590),#5615,.F.);
#5590 = FACE_BOUND('',#5591,.F.);
#5591 = EDGE_LOOP('',(#5592,#5593,#5601,#5609));
#5592 = ORIENTED_EDGE('',*,*,#5436,.F.);
#5593 = ORIENTED_EDGE('',*,*,#5594,.T.);
#5594 = EDGE_CURVE('',#5437,#5595,#5597,.T.);
#5595 = VERTEX_POINT('',#5596);
#5596 = CARTESIAN_POINT('',(-1.5,-11.,6.));
#5597 = LINE('',#5598,#5599);
#5598 = CARTESIAN_POINT('',(-1.5,-11.,4.5));
#5599 = VECTOR('',#5600,1.);
#5600 = DIRECTION('',(0.,0.,1.));
#5601 = ORIENTED_EDGE('',*,*,#5602,.T.);
#5602 = EDGE_CURVE('',#5595,#5603,#5605,.T.);
#5603 = VERTEX_POINT('',#5604);
#5604 = CARTESIAN_POINT('',(1.5,-11.,6.));
#5605 = LINE('',#5606,#5607);
#5606 = CARTESIAN_POINT('',(-1.5,-11.,6.));
#5607 = VECTOR('',#5608,1.);
#5608 = DIRECTION('',(1.,0.,-0.));
#5609 = ORIENTED_EDGE('',*,*,#5610,.F.);
#5610 = EDGE_CURVE('',#5429,#5603,#5611,.T.);
#5611 = LINE('',#5612,#5613);
#5612 = CARTESIAN_POINT('',(1.5,-11.,4.5));
#5613 = VECTOR('',#5614,1.);
#5614 = DIRECTION('',(0.,0.,1.));
#5615 = PLANE('',#5616);
#5616 = AXIS2_PLACEMENT_3D('',#5617,#5618,#5619);
#5617 = CARTESIAN_POINT('',(-1.5,-11.,4.5));
#5618 = DIRECTION('',(-0.,1.,0.));
#5619 = DIRECTION('',(0.,0.,1.));
#5620 = ADVANCED_FACE('',(#5621),#5662,.F.);
#5621 = FACE_BOUND('',#5622,.F.);
#5622 = EDGE_LOOP('',(#5623,#5624,#5632,#5640,#5648,#5656));
#5623 = ORIENTED_EDGE('',*,*,#5554,.F.);
#5624 = ORIENTED_EDGE('',*,*,#5625,.T.);
#5625 = EDGE_CURVE('',#5547,#5626,#5628,.T.);
#5626 = VERTEX_POINT('',#5627);
#5627 = CARTESIAN_POINT('',(-1.5,11.,-6.));
#5628 = LINE('',#5629,#5630);
#5629 = CARTESIAN_POINT('',(-1.5,-11.,-6.));
#5630 = VECTOR('',#5631,1.);
#5631 = DIRECTION('',(-0.,1.,0.));
#5632 = ORIENTED_EDGE('',*,*,#5633,.T.);
#5633 = EDGE_CURVE('',#5626,#5634,#5636,.T.);
#5634 = VERTEX_POINT('',#5635);
#5635 = CARTESIAN_POINT('',(-1.5,11.,-5.));
#5636 = LINE('',#5637,#5638);
#5637 = CARTESIAN_POINT('',(-1.5,11.,-6.));
#5638 = VECTOR('',#5639,1.);
#5639 = DIRECTION('',(0.,0.,1.));
#5640 = ORIENTED_EDGE('',*,*,#5641,.T.);
#5641 = EDGE_CURVE('',#5634,#5642,#5644,.T.);
#5642 = VERTEX_POINT('',#5643);
#5643 = CARTESIAN_POINT('',(-1.5,11.,-4.5));
#5644 = LINE('',#5645,#5646);
#5645 = CARTESIAN_POINT('',(-1.5,11.,-6.));
#5646 = VECTOR('',#5647,1.);
#5647 = DIRECTION('',(0.,0.,1.));
#5648 = ORIENTED_EDGE('',*,*,#5649,.F.);
#5649 = EDGE_CURVE('',#5650,#5642,#5652,.T.);
#5650 = VERTEX_POINT('',#5651);
#5651 = CARTESIAN_POINT('',(-1.5,-11.,-4.5));
#5652 = LINE('',#5653,#5654);
#5653 = CARTESIAN_POINT('',(-1.5,-11.,-4.5));
#5654 = VECTOR('',#5655,1.);
#5655 = DIRECTION('',(-0.,1.,0.));
#5656 = ORIENTED_EDGE('',*,*,#5657,.F.);
#5657 = EDGE_CURVE('',#5517,#5650,#5658,.T.);
#5658 = LINE('',#5659,#5660);
#5659 = CARTESIAN_POINT('',(-1.5,-11.,-6.));
#5660 = VECTOR('',#5661,1.);
#5661 = DIRECTION('',(0.,0.,1.));
#5662 = PLANE('',#5663);
#5663 = AXIS2_PLACEMENT_3D('',#5664,#5665,#5666);
#5664 = CARTESIAN_POINT('',(-1.5,-11.,-6.));
#5665 = DIRECTION('',(1.,0.,-0.));
#5666 = DIRECTION('',(0.,0.,1.));
#5667 = ADVANCED_FACE('',(#5668),#5693,.T.);
#5668 = FACE_BOUND('',#5669,.T.);
#5669 = EDGE_LOOP('',(#5670,#5671,#5679,#5687));
#5670 = ORIENTED_EDGE('',*,*,#5649,.F.);
#5671 = ORIENTED_EDGE('',*,*,#5672,.T.);
#5672 = EDGE_CURVE('',#5650,#5673,#5675,.T.);
#5673 = VERTEX_POINT('',#5674);
#5674 = CARTESIAN_POINT('',(1.5,-11.,-4.5));
#5675 = LINE('',#5676,#5677);
#5676 = CARTESIAN_POINT('',(-1.5,-11.,-4.5));
#5677 = VECTOR('',#5678,1.);
#5678 = DIRECTION('',(1.,0.,-0.));
#5679 = ORIENTED_EDGE('',*,*,#5680,.T.);
#5680 = EDGE_CURVE('',#5673,#5681,#5683,.T.);
#5681 = VERTEX_POINT('',#5682);
#5682 = CARTESIAN_POINT('',(1.5,11.,-4.5));
#5683 = LINE('',#5684,#5685);
#5684 = CARTESIAN_POINT('',(1.5,-11.,-4.5));
#5685 = VECTOR('',#5686,1.);
#5686 = DIRECTION('',(-0.,1.,0.));
#5687 = ORIENTED_EDGE('',*,*,#5688,.F.);
#5688 = EDGE_CURVE('',#5642,#5681,#5689,.T.);
#5689 = LINE('',#5690,#5691);
#5690 = CARTESIAN_POINT('',(-1.5,11.,-4.5));
#5691 = VECTOR('',#5692,1.);
#5692 = DIRECTION('',(1.,0.,-0.));
#5693 = PLANE('',#5694);
#5694 = AXIS2_PLACEMENT_3D('',#5695,#5696,#5697);
#5695 = CARTESIAN_POINT('',(-1.5,-11.,-4.5));
#5696 = DIRECTION('',(0.,0.,1.));
#5697 = DIRECTION('',(1.,0.,-0.));
#5698 = ADVANCED_FACE('',(#5699),#5731,.T.);
#5699 = FACE_BOUND('',#5700,.T.);
#5700 = EDGE_LOOP('',(#5701,#5702,#5710,#5718,#5724,#5725));
#5701 = ORIENTED_EDGE('',*,*,#5538,.F.);
#5702 = ORIENTED_EDGE('',*,*,#5703,.T.);
#5703 = EDGE_CURVE('',#5539,#5704,#5706,.T.);
#5704 = VERTEX_POINT('',#5705);
#5705 = CARTESIAN_POINT('',(1.5,11.,-6.));
#5706 = LINE('',#5707,#5708);
#5707 = CARTESIAN_POINT('',(1.5,-11.,-6.));
#5708 = VECTOR('',#5709,1.);
#5709 = DIRECTION('',(-0.,1.,0.));
#5710 = ORIENTED_EDGE('',*,*,#5711,.T.);
#5711 = EDGE_CURVE('',#5704,#5712,#5714,.T.);
#5712 = VERTEX_POINT('',#5713);
#5713 = CARTESIAN_POINT('',(1.5,11.,-5.));
#5714 = LINE('',#5715,#5716);
#5715 = CARTESIAN_POINT('',(1.5,11.,-6.));
#5716 = VECTOR('',#5717,1.);
#5717 = DIRECTION('',(0.,0.,1.));
#5718 = ORIENTED_EDGE('',*,*,#5719,.T.);
#5719 = EDGE_CURVE('',#5712,#5681,#5720,.T.);
#5720 = LINE('',#5721,#5722);
#5721 = CARTESIAN_POINT('',(1.5,11.,-6.));
#5722 = VECTOR('',#5723,1.);
#5723 = DIRECTION('',(0.,0.,1.));
#5724 = ORIENTED_EDGE('',*,*,#5680,.F.);
#5725 = ORIENTED_EDGE('',*,*,#5726,.F.);
#5726 = EDGE_CURVE('',#5509,#5673,#5727,.T.);
#5727 = LINE('',#5728,#5729);
#5728 = CARTESIAN_POINT('',(1.5,-11.,-6.));
#5729 = VECTOR('',#5730,1.);
#5730 = DIRECTION('',(0.,0.,1.));
#5731 = PLANE('',#5732);
#5732 = AXIS2_PLACEMENT_3D('',#5733,#5734,#5735);
#5733 = CARTESIAN_POINT('',(1.5,-11.,-6.));
#5734 = DIRECTION('',(1.,0.,-0.));
#5735 = DIRECTION('',(0.,0.,1.));
#5736 = ADVANCED_FACE('',(#5737),#5778,.T.);
#5737 = FACE_BOUND('',#5738,.T.);
#5738 = EDGE_LOOP('',(#5739,#5747,#5755,#5763,#5771,#5777));
#5739 = ORIENTED_EDGE('',*,*,#5740,.F.);
#5740 = EDGE_CURVE('',#5741,#5429,#5743,.T.);
#5741 = VERTEX_POINT('',#5742);
#5742 = CARTESIAN_POINT('',(1.5,-11.,4.5));
#5743 = LINE('',#5744,#5745);
#5744 = CARTESIAN_POINT('',(1.5,-11.,4.5));
#5745 = VECTOR('',#5746,1.);
#5746 = DIRECTION('',(0.,0.,1.));
#5747 = ORIENTED_EDGE('',*,*,#5748,.T.);
#5748 = EDGE_CURVE('',#5741,#5749,#5751,.T.);
#5749 = VERTEX_POINT('',#5750);
#5750 = CARTESIAN_POINT('',(1.5,11.,4.5));
#5751 = LINE('',#5752,#5753);
#5752 = CARTESIAN_POINT('',(1.5,-11.,4.5));
#5753 = VECTOR('',#5754,1.);
#5754 = DIRECTION('',(-0.,1.,0.));
#5755 = ORIENTED_EDGE('',*,*,#5756,.T.);
#5756 = EDGE_CURVE('',#5749,#5757,#5759,.T.);
#5757 = VERTEX_POINT('',#5758);
#5758 = CARTESIAN_POINT('',(1.5,11.,5.));
#5759 = LINE('',#5760,#5761);
#5760 = CARTESIAN_POINT('',(1.5,11.,4.5));
#5761 = VECTOR('',#5762,1.);
#5762 = DIRECTION('',(0.,0.,1.));
#5763 = ORIENTED_EDGE('',*,*,#5764,.T.);
#5764 = EDGE_CURVE('',#5757,#5765,#5767,.T.);
#5765 = VERTEX_POINT('',#5766);
#5766 = CARTESIAN_POINT('',(1.5,11.,6.));
#5767 = LINE('',#5768,#5769);
#5768 = CARTESIAN_POINT('',(1.5,11.,4.5));
#5769 = VECTOR('',#5770,1.);
#5770 = DIRECTION('',(0.,0.,1.));
#5771 = ORIENTED_EDGE('',*,*,#5772,.F.);
#5772 = EDGE_CURVE('',#5603,#5765,#5773,.T.);
#5773 = LINE('',#5774,#5775);
#5774 = CARTESIAN_POINT('',(1.5,-11.,6.));
#5775 = VECTOR('',#5776,1.);
#5776 = DIRECTION('',(-0.,1.,0.));
#5777 = ORIENTED_EDGE('',*,*,#5610,.F.);
#5778 = PLANE('',#5779);
#5779 = AXIS2_PLACEMENT_3D('',#5780,#5781,#5782);
#5780 = CARTESIAN_POINT('',(1.5,-11.,4.5));
#5781 = DIRECTION('',(1.,0.,-0.));
#5782 = DIRECTION('',(0.,0.,1.));
#5783 = ADVANCED_FACE('',(#5784),#5809,.F.);
#5784 = FACE_BOUND('',#5785,.F.);
#5785 = EDGE_LOOP('',(#5786,#5796,#5802,#5803));
#5786 = ORIENTED_EDGE('',*,*,#5787,.F.);
#5787 = EDGE_CURVE('',#5788,#5790,#5792,.T.);
#5788 = VERTEX_POINT('',#5789);
#5789 = CARTESIAN_POINT('',(-1.5,-11.,4.5));
#5790 = VERTEX_POINT('',#5791);
#5791 = CARTESIAN_POINT('',(-1.5,11.,4.5));
#5792 = LINE('',#5793,#5794);
#5793 = CARTESIAN_POINT('',(-1.5,-11.,4.5));
#5794 = VECTOR('',#5795,1.);
#5795 = DIRECTION('',(-0.,1.,0.));
#5796 = ORIENTED_EDGE('',*,*,#5797,.T.);
#5797 = EDGE_CURVE('',#5788,#5741,#5798,.T.);
#5798 = LINE('',#5799,#5800);
#5799 = CARTESIAN_POINT('',(-1.5,-11.,4.5));
#5800 = VECTOR('',#5801,1.);
#5801 = DIRECTION('',(1.,0.,-0.));
#5802 = ORIENTED_EDGE('',*,*,#5748,.T.);
#5803 = ORIENTED_EDGE('',*,*,#5804,.F.);
#5804 = EDGE_CURVE('',#5790,#5749,#5805,.T.);
#5805 = LINE('',#5806,#5807);
#5806 = CARTESIAN_POINT('',(-1.5,11.,4.5));
#5807 = VECTOR('',#5808,1.);
#5808 = DIRECTION('',(1.,0.,-0.));
#5809 = PLANE('',#5810);
#5810 = AXIS2_PLACEMENT_3D('',#5811,#5812,#5813);
#5811 = CARTESIAN_POINT('',(-1.5,-11.,4.5));
#5812 = DIRECTION('',(0.,0.,1.));
#5813 = DIRECTION('',(1.,0.,-0.));
#5814 = ADVANCED_FACE('',(#5815),#5847,.F.);
#5815 = FACE_BOUND('',#5816,.F.);
#5816 = EDGE_LOOP('',(#5817,#5823,#5824,#5832,#5840,#5846));
#5817 = ORIENTED_EDGE('',*,*,#5818,.F.);
#5818 = EDGE_CURVE('',#5788,#5437,#5819,.T.);
#5819 = LINE('',#5820,#5821);
#5820 = CARTESIAN_POINT('',(-1.5,-11.,4.5));
#5821 = VECTOR('',#5822,1.);
#5822 = DIRECTION('',(0.,0.,1.));
#5823 = ORIENTED_EDGE('',*,*,#5787,.T.);
#5824 = ORIENTED_EDGE('',*,*,#5825,.T.);
#5825 = EDGE_CURVE('',#5790,#5826,#5828,.T.);
#5826 = VERTEX_POINT('',#5827);
#5827 = CARTESIAN_POINT('',(-1.5,11.,5.));
#5828 = LINE('',#5829,#5830);
#5829 = CARTESIAN_POINT('',(-1.5,11.,4.5));
#5830 = VECTOR('',#5831,1.);
#5831 = DIRECTION('',(0.,0.,1.));
#5832 = ORIENTED_EDGE('',*,*,#5833,.T.);
#5833 = EDGE_CURVE('',#5826,#5834,#5836,.T.);
#5834 = VERTEX_POINT('',#5835);
#5835 = CARTESIAN_POINT('',(-1.5,11.,6.));
#5836 = LINE('',#5837,#5838);
#5837 = CARTESIAN_POINT('',(-1.5,11.,4.5));
#5838 = VECTOR('',#5839,1.);
#5839 = DIRECTION('',(0.,0.,1.));
#5840 = ORIENTED_EDGE('',*,*,#5841,.F.);
#5841 = EDGE_CURVE('',#5595,#5834,#5842,.T.);
#5842 = LINE('',#5843,#5844);
#5843 = CARTESIAN_POINT('',(-1.5,-11.,6.));
#5844 = VECTOR('',#5845,1.);
#5845 = DIRECTION('',(-0.,1.,0.));
#5846 = ORIENTED_EDGE('',*,*,#5594,.F.);
#5847 = PLANE('',#5848);
#5848 = AXIS2_PLACEMENT_3D('',#5849,#5850,#5851);
#5849 = CARTESIAN_POINT('',(-1.5,-11.,4.5));
#5850 = DIRECTION('',(1.,0.,-0.));
#5851 = DIRECTION('',(0.,0.,1.));
#5852 = ADVANCED_FACE('',(#5853),#5864,.F.);
#5853 = FACE_BOUND('',#5854,.F.);
#5854 = EDGE_LOOP('',(#5855,#5856,#5857,#5858));
#5855 = ORIENTED_EDGE('',*,*,#5625,.F.);
#5856 = ORIENTED_EDGE('',*,*,#5546,.T.);
#5857 = ORIENTED_EDGE('',*,*,#5703,.T.);
#5858 = ORIENTED_EDGE('',*,*,#5859,.F.);
#5859 = EDGE_CURVE('',#5626,#5704,#5860,.T.);
#5860 = LINE('',#5861,#5862);
#5861 = CARTESIAN_POINT('',(-1.5,11.,-6.));
#5862 = VECTOR('',#5863,1.);
#5863 = DIRECTION('',(1.,0.,-0.));
#5864 = PLANE('',#5865);
#5865 = AXIS2_PLACEMENT_3D('',#5866,#5867,#5868);
#5866 = CARTESIAN_POINT('',(-1.5,-11.,-6.));
#5867 = DIRECTION('',(0.,0.,1.));
#5868 = DIRECTION('',(1.,0.,-0.));
#5869 = ADVANCED_FACE('',(#5870),#5881,.T.);
#5870 = FACE_BOUND('',#5871,.T.);
#5871 = EDGE_LOOP('',(#5872,#5873,#5874,#5875));
#5872 = ORIENTED_EDGE('',*,*,#5841,.F.);
#5873 = ORIENTED_EDGE('',*,*,#5602,.T.);
#5874 = ORIENTED_EDGE('',*,*,#5772,.T.);
#5875 = ORIENTED_EDGE('',*,*,#5876,.F.);
#5876 = EDGE_CURVE('',#5834,#5765,#5877,.T.);
#5877 = LINE('',#5878,#5879);
#5878 = CARTESIAN_POINT('',(-1.5,11.,6.));
#5879 = VECTOR('',#5880,1.);
#5880 = DIRECTION('',(1.,0.,-0.));
#5881 = PLANE('',#5882);
#5882 = AXIS2_PLACEMENT_3D('',#5883,#5884,#5885);
#5883 = CARTESIAN_POINT('',(-1.5,-11.,6.));
#5884 = DIRECTION('',(0.,0.,1.));
#5885 = DIRECTION('',(1.,0.,-0.));
#5886 = ADVANCED_FACE('',(#5887),#5898,.T.);
#5887 = FACE_BOUND('',#5888,.T.);
#5888 = EDGE_LOOP('',(#5889,#5890,#5891,#5892));
#5889 = ORIENTED_EDGE('',*,*,#5711,.F.);
#5890 = ORIENTED_EDGE('',*,*,#5859,.F.);
#5891 = ORIENTED_EDGE('',*,*,#5633,.T.);
#5892 = ORIENTED_EDGE('',*,*,#5893,.T.);
#5893 = EDGE_CURVE('',#5634,#5712,#5894,.T.);
#5894 = LINE('',#5895,#5896);
#5895 = CARTESIAN_POINT('',(-7.586206896552,11.,-5.));
#5896 = VECTOR('',#5897,1.);
#5897 = DIRECTION('',(1.,0.,-0.));
#5898 = PLANE('',#5899);
#5899 = AXIS2_PLACEMENT_3D('',#5900,#5901,#5902);
#5900 = CARTESIAN_POINT('',(-1.5,11.,-6.));
#5901 = DIRECTION('',(-0.,1.,0.));
#5902 = DIRECTION('',(0.,0.,1.));
#5903 = ADVANCED_FACE('',(#5904),#5915,.T.);
#5904 = FACE_BOUND('',#5905,.T.);
#5905 = EDGE_LOOP('',(#5906,#5912,#5913,#5914));
#5906 = ORIENTED_EDGE('',*,*,#5907,.F.);
#5907 = EDGE_CURVE('',#5826,#5757,#5908,.T.);
#5908 = LINE('',#5909,#5910);
#5909 = CARTESIAN_POINT('',(-7.586206896552,11.,5.));
#5910 = VECTOR('',#5911,1.);
#5911 = DIRECTION('',(1.,0.,-0.));
#5912 = ORIENTED_EDGE('',*,*,#5833,.T.);
#5913 = ORIENTED_EDGE('',*,*,#5876,.T.);
#5914 = ORIENTED_EDGE('',*,*,#5764,.F.);
#5915 = PLANE('',#5916);
#5916 = AXIS2_PLACEMENT_3D('',#5917,#5918,#5919);
#5917 = CARTESIAN_POINT('',(-1.5,11.,4.5));
#5918 = DIRECTION('',(-0.,1.,0.));
#5919 = DIRECTION('',(0.,0.,1.));
#5920 = ADVANCED_FACE('',(#5921),#5962,.F.);
#5921 = FACE_BOUND('',#5922,.F.);
#5922 = EDGE_LOOP('',(#5923,#5933,#5939,#5940,#5948,#5956));
#5923 = ORIENTED_EDGE('',*,*,#5924,.F.);
#5924 = EDGE_CURVE('',#5925,#5927,#5929,.T.);
#5925 = VERTEX_POINT('',#5926);
#5926 = CARTESIAN_POINT('',(-7.586206896552,11.,-5.));
#5927 = VERTEX_POINT('',#5928);
#5928 = CARTESIAN_POINT('',(-7.586206896552,12.5,-5.));
#5929 = LINE('',#5930,#5931);
#5930 = CARTESIAN_POINT('',(-7.586206896552,11.,-5.));
#5931 = VECTOR('',#5932,1.);
#5932 = DIRECTION('',(-0.,1.,0.));
#5933 = ORIENTED_EDGE('',*,*,#5934,.T.);
#5934 = EDGE_CURVE('',#5925,#5634,#5935,.T.);
#5935 = LINE('',#5936,#5937);
#5936 = CARTESIAN_POINT('',(-7.586206896552,11.,-5.));
#5937 = VECTOR('',#5938,1.);
#5938 = DIRECTION('',(1.,0.,-0.));
#5939 = ORIENTED_EDGE('',*,*,#5893,.T.);
#5940 = ORIENTED_EDGE('',*,*,#5941,.T.);
#5941 = EDGE_CURVE('',#5712,#5942,#5944,.T.);
#5942 = VERTEX_POINT('',#5943);
#5943 = CARTESIAN_POINT('',(7.586206896552,11.,-5.));
#5944 = LINE('',#5945,#5946);
#5945 = CARTESIAN_POINT('',(-7.586206896552,11.,-5.));
#5946 = VECTOR('',#5947,1.);
#5947 = DIRECTION('',(1.,0.,-0.));
#5948 = ORIENTED_EDGE('',*,*,#5949,.T.);
#5949 = EDGE_CURVE('',#5942,#5950,#5952,.T.);
#5950 = VERTEX_POINT('',#5951);
#5951 = CARTESIAN_POINT('',(7.586206896552,12.5,-5.));
#5952 = LINE('',#5953,#5954);
#5953 = CARTESIAN_POINT('',(7.586206896552,11.,-5.));
#5954 = VECTOR('',#5955,1.);
#5955 = DIRECTION('',(-0.,1.,0.));
#5956 = ORIENTED_EDGE('',*,*,#5957,.F.);
#5957 = EDGE_CURVE('',#5927,#5950,#5958,.T.);
#5958 = LINE('',#5959,#5960);
#5959 = CARTESIAN_POINT('',(-7.586206896552,12.5,-5.));
#5960 = VECTOR('',#5961,1.);
#5961 = DIRECTION('',(1.,0.,-0.));
#5962 = PLANE('',#5963);
#5963 = AXIS2_PLACEMENT_3D('',#5964,#5965,#5966);
#5964 = CARTESIAN_POINT('',(-7.586206896552,11.,-5.));
#5965 = DIRECTION('',(0.,0.,1.));
#5966 = DIRECTION('',(1.,0.,-0.));
#5967 = ADVANCED_FACE('',(#5968),#6009,.T.);
#5968 = FACE_BOUND('',#5969,.T.);
#5969 = EDGE_LOOP('',(#5970,#5980,#5986,#5987,#5995,#6003));
#5970 = ORIENTED_EDGE('',*,*,#5971,.F.);
#5971 = EDGE_CURVE('',#5972,#5974,#5976,.T.);
#5972 = VERTEX_POINT('',#5973);
#5973 = CARTESIAN_POINT('',(-7.586206896552,11.,5.));
#5974 = VERTEX_POINT('',#5975);
#5975 = CARTESIAN_POINT('',(-7.586206896552,12.5,5.));
#5976 = LINE('',#5977,#5978);
#5977 = CARTESIAN_POINT('',(-7.586206896552,11.,5.));
#5978 = VECTOR('',#5979,1.);
#5979 = DIRECTION('',(-0.,1.,0.));
#5980 = ORIENTED_EDGE('',*,*,#5981,.T.);
#5981 = EDGE_CURVE('',#5972,#5826,#5982,.T.);
#5982 = LINE('',#5983,#5984);
#5983 = CARTESIAN_POINT('',(-7.586206896552,11.,5.));
#5984 = VECTOR('',#5985,1.);
#5985 = DIRECTION('',(1.,0.,-0.));
#5986 = ORIENTED_EDGE('',*,*,#5907,.T.);
#5987 = ORIENTED_EDGE('',*,*,#5988,.T.);
#5988 = EDGE_CURVE('',#5757,#5989,#5991,.T.);
#5989 = VERTEX_POINT('',#5990);
#5990 = CARTESIAN_POINT('',(7.586206896552,11.,5.));
#5991 = LINE('',#5992,#5993);
#5992 = CARTESIAN_POINT('',(-7.586206896552,11.,5.));
#5993 = VECTOR('',#5994,1.);
#5994 = DIRECTION('',(1.,0.,-0.));
#5995 = ORIENTED_EDGE('',*,*,#5996,.T.);
#5996 = EDGE_CURVE('',#5989,#5997,#5999,.T.);
#5997 = VERTEX_POINT('',#5998);
#5998 = CARTESIAN_POINT('',(7.586206896552,12.5,5.));
#5999 = LINE('',#6000,#6001);
#6000 = CARTESIAN_POINT('',(7.586206896552,11.,5.));
#6001 = VECTOR('',#6002,1.);
#6002 = DIRECTION('',(-0.,1.,0.));
#6003 = ORIENTED_EDGE('',*,*,#6004,.F.);
#6004 = EDGE_CURVE('',#5974,#5997,#6005,.T.);
#6005 = LINE('',#6006,#6007);
#6006 = CARTESIAN_POINT('',(-7.586206896552,12.5,5.));
#6007 = VECTOR('',#6008,1.);
#6008 = DIRECTION('',(1.,0.,-0.));
#6009 = PLANE('',#6010);
#6010 = AXIS2_PLACEMENT_3D('',#6011,#6012,#6013);
#6011 = CARTESIAN_POINT('',(-7.586206896552,11.,5.));
#6012 = DIRECTION('',(0.,0.,1.));
#6013 = DIRECTION('',(1.,0.,-0.));
#6014 = ADVANCED_FACE('',(#6015),#6033,.T.);
#6015 = FACE_BOUND('',#6016,.T.);
#6016 = EDGE_LOOP('',(#6017,#6018,#6025,#6026));
#6017 = ORIENTED_EDGE('',*,*,#5971,.T.);
#6018 = ORIENTED_EDGE('',*,*,#6019,.F.);
#6019 = EDGE_CURVE('',#5927,#5974,#6020,.T.);
#6020 = CIRCLE('',#6021,5.);
#6021 = AXIS2_PLACEMENT_3D('',#6022,#6023,#6024);
#6022 = CARTESIAN_POINT('',(-7.586206896552,12.5,0.));
#6023 = DIRECTION('',(0.,1.,0.));
#6024 = DIRECTION('',(0.,-0.,1.));
#6025 = ORIENTED_EDGE('',*,*,#5924,.F.);
#6026 = ORIENTED_EDGE('',*,*,#6027,.T.);
#6027 = EDGE_CURVE('',#5925,#5972,#6028,.T.);
#6028 = CIRCLE('',#6029,5.);
#6029 = AXIS2_PLACEMENT_3D('',#6030,#6031,#6032);
#6030 = CARTESIAN_POINT('',(-7.586206896552,11.,0.));
#6031 = DIRECTION('',(0.,1.,0.));
#6032 = DIRECTION('',(0.,-0.,1.));
#6033 = CYLINDRICAL_SURFACE('',#6034,5.);
#6034 = AXIS2_PLACEMENT_3D('',#6035,#6036,#6037);
#6035 = CARTESIAN_POINT('',(-7.586206896552,11.,0.));
#6036 = DIRECTION('',(0.,1.,0.));
#6037 = DIRECTION('',(0.,-0.,1.));
#6038 = ADVANCED_FACE('',(#6039),#6057,.T.);
#6039 = FACE_BOUND('',#6040,.T.);
#6040 = EDGE_LOOP('',(#6041,#6048,#6049,#6056));
#6041 = ORIENTED_EDGE('',*,*,#6042,.F.);
#6042 = EDGE_CURVE('',#5997,#5950,#6043,.T.);
#6043 = CIRCLE('',#6044,5.);
#6044 = AXIS2_PLACEMENT_3D('',#6045,#6046,#6047);
#6045 = CARTESIAN_POINT('',(7.586206896552,12.5,0.));
#6046 = DIRECTION('',(0.,1.,0.));
#6047 = DIRECTION('',(0.,-0.,1.));
#6048 = ORIENTED_EDGE('',*,*,#5996,.F.);
#6049 = ORIENTED_EDGE('',*,*,#6050,.T.);
#6050 = EDGE_CURVE('',#5989,#5942,#6051,.T.);
#6051 = CIRCLE('',#6052,5.);
#6052 = AXIS2_PLACEMENT_3D('',#6053,#6054,#6055);
#6053 = CARTESIAN_POINT('',(7.586206896552,11.,0.));
#6054 = DIRECTION('',(0.,1.,0.));
#6055 = DIRECTION('',(0.,-0.,1.));
#6056 = ORIENTED_EDGE('',*,*,#5949,.T.);
#6057 = CYLINDRICAL_SURFACE('',#6058,5.);
#6058 = AXIS2_PLACEMENT_3D('',#6059,#6060,#6061);
#6059 = CARTESIAN_POINT('',(7.586206896552,11.,0.));
#6060 = DIRECTION('',(0.,1.,0.));
#6061 = DIRECTION('',(0.,-0.,1.));
#6062 = ADVANCED_FACE('',(#6063),#6069,.T.);
#6063 = FACE_BOUND('',#6064,.T.);
#6064 = EDGE_LOOP('',(#6065,#6066,#6067,#6068));
#6065 = ORIENTED_EDGE('',*,*,#5492,.T.);
#6066 = ORIENTED_EDGE('',*,*,#5577,.F.);
#6067 = ORIENTED_EDGE('',*,*,#5412,.F.);
#6068 = ORIENTED_EDGE('',*,*,#5476,.F.);
#6069 = PLANE('',#6070);
#6070 = AXIS2_PLACEMENT_3D('',#6071,#6072,#6073);
#6071 = CARTESIAN_POINT('',(-6.476089505928E-16,-12.5,
    -2.354941638519E-16));
#6072 = DIRECTION('',(-0.,-1.,-0.));
#6073 = DIRECTION('',(0.,0.,-1.));
#6074 = ADVANCED_FACE('',(#6075),#6089,.T.);
#6075 = FACE_BOUND('',#6076,.T.);
#6076 = EDGE_LOOP('',(#6077,#6078,#6079,#6080,#6081,#6082,#6083,#6084,
    #6085,#6086,#6087,#6088));
#6077 = ORIENTED_EDGE('',*,*,#5524,.F.);
#6078 = ORIENTED_EDGE('',*,*,#5459,.T.);
#6079 = ORIENTED_EDGE('',*,*,#5444,.T.);
#6080 = ORIENTED_EDGE('',*,*,#5818,.F.);
#6081 = ORIENTED_EDGE('',*,*,#5797,.T.);
#6082 = ORIENTED_EDGE('',*,*,#5740,.T.);
#6083 = ORIENTED_EDGE('',*,*,#5428,.T.);
#6084 = ORIENTED_EDGE('',*,*,#5569,.T.);
#6085 = ORIENTED_EDGE('',*,*,#5508,.F.);
#6086 = ORIENTED_EDGE('',*,*,#5726,.T.);
#6087 = ORIENTED_EDGE('',*,*,#5672,.F.);
#6088 = ORIENTED_EDGE('',*,*,#5657,.F.);
#6089 = PLANE('',#6090);
#6090 = AXIS2_PLACEMENT_3D('',#6091,#6092,#6093);
#6091 = CARTESIAN_POINT('',(1.139697972182E-16,-11.,-2.279395944363E-16)
  );
#6092 = DIRECTION('',(0.,1.,0.));
#6093 = DIRECTION('',(0.,-0.,1.));
#6094 = ADVANCED_FACE('',(#6095),#6109,.T.);
#6095 = FACE_BOUND('',#6096,.T.);
#6096 = EDGE_LOOP('',(#6097,#6098,#6099,#6100,#6101,#6102,#6103,#6104,
    #6105,#6106,#6107,#6108));
#6097 = ORIENTED_EDGE('',*,*,#5934,.T.);
#6098 = ORIENTED_EDGE('',*,*,#5641,.T.);
#6099 = ORIENTED_EDGE('',*,*,#5688,.T.);
#6100 = ORIENTED_EDGE('',*,*,#5719,.F.);
#6101 = ORIENTED_EDGE('',*,*,#5941,.T.);
#6102 = ORIENTED_EDGE('',*,*,#6050,.F.);
#6103 = ORIENTED_EDGE('',*,*,#5988,.F.);
#6104 = ORIENTED_EDGE('',*,*,#5756,.F.);
#6105 = ORIENTED_EDGE('',*,*,#5804,.F.);
#6106 = ORIENTED_EDGE('',*,*,#5825,.T.);
#6107 = ORIENTED_EDGE('',*,*,#5981,.F.);
#6108 = ORIENTED_EDGE('',*,*,#6027,.F.);
#6109 = PLANE('',#6110);
#6110 = AXIS2_PLACEMENT_3D('',#6111,#6112,#6113);
#6111 = CARTESIAN_POINT('',(-6.268338846999E-16,11.,-2.279395944363E-16)
  );
#6112 = DIRECTION('',(-0.,-1.,-0.));
#6113 = DIRECTION('',(0.,0.,-1.));
#6114 = ADVANCED_FACE('',(#6115),#6121,.T.);
#6115 = FACE_BOUND('',#6116,.T.);
#6116 = EDGE_LOOP('',(#6117,#6118,#6119,#6120));
#6117 = ORIENTED_EDGE('',*,*,#5957,.F.);
#6118 = ORIENTED_EDGE('',*,*,#6019,.T.);
#6119 = ORIENTED_EDGE('',*,*,#6004,.T.);
#6120 = ORIENTED_EDGE('',*,*,#6042,.T.);
#6121 = PLANE('',#6122);
#6122 = AXIS2_PLACEMENT_3D('',#6123,#6124,#6125);
#6123 = CARTESIAN_POINT('',(-3.532412457779E-16,12.5,8.831031144447E-17)
  );
#6124 = DIRECTION('',(0.,1.,0.));
#6125 = DIRECTION('',(0.,-0.,1.));
#6126 = ( GEOMETRIC_REPRESENTATION_CONTEXT(3) 
GLOBAL_UNCERTAINTY_ASSIGNED_CONTEXT((#6130)) 
GLOBAL_UNIT_ASSIGNED_CONTEXT((#6127,#6128,#6129)) REPRESENTATION_CONTEXT
('Context #1','3D Context with UNIT and UNCERTAINTY') );
#6127 = ( LENGTH_UNIT() NAMED_UNIT(*) SI_UNIT(.MILLI.,.METRE.) );
#6128 = ( NAMED_UNIT(*) PLANE_ANGLE_UNIT() SI_UNIT($,.RADIAN.) );
#6129 = ( NAMED_UNIT(*) SI_UNIT($,.STERADIAN.) SOLID_ANGLE_UNIT() );
#6130 = UNCERTAINTY_MEASURE_WITH_UNIT(LENGTH_MEASURE(1.E-07),#6127,
  'distance_accuracy_value','confusion accuracy');
#6131 = CONTEXT_DEPENDENT_SHAPE_REPRESENTATION(#6132,#6134);
#6132 = ( REPRESENTATION_RELATIONSHIP('','',#5395,#10) 
REPRESENTATION_RELATIONSHIP_WITH_TRANSFORMATION(#6133) 
SHAPE_REPRESENTATION_RELATIONSHIP() );
#6133 = ITEM_DEFINED_TRANSFORMATION('','',#11,#43);
#6134 = PRODUCT_DEFINITION_SHAPE('Placement','Placement of an item',
  #6135);
#6135 = NEXT_ASSEMBLY_USAGE_OCCURRENCE('8','link_07','',#5,#5390,$);
#6136 = PRODUCT_RELATED_PRODUCT_CATEGORY('part',$,(#5392));
#6137 = SHAPE_DEFINITION_REPRESENTATION(#6138,#6144);
#6138 = PRODUCT_DEFINITION_SHAPE('','',#6139);
#6139 = PRODUCT_DEFINITION('design','',#6140,#6143);
#6140 = PRODUCT_DEFINITION_FORMATION('','',#6141);
#6141 = PRODUCT('link_08','link_08','',(#6142));
#6142 = PRODUCT_CONTEXT('',#2,'mechanical');
#6143 = PRODUCT_DEFINITION_CONTEXT('part definition',#2,'design');
#6144 = ADVANCED_BREP_SHAPE_REPRESENTATION('',(#11,#6145),#6875);
#6145 = MANIFOLD_SOLID_BREP('',#6146);
#6146 = CLOSED_SHELL('',(#6147,#6203,#6236,#6283,#6314,#6338,#6369,#6416
    ,#6447,#6485,#6532,#6563,#6601,#6618,#6635,#6652,#6669,#6716,#6763,
    #6787,#6811,#6823,#6843,#6863));
#6147 = ADVANCED_FACE('',(#6148),#6198,.T.);
#6148 = FACE_BOUND('',#6149,.T.);
#6149 = EDGE_LOOP('',(#6150,#6160,#6168,#6176,#6184,#6192));
#6150 = ORIENTED_EDGE('',*,*,#6151,.F.);
#6151 = EDGE_CURVE('',#6152,#6154,#6156,.T.);
#6152 = VERTEX_POINT('',#6153);
#6153 = CARTESIAN_POINT('',(-7.586206896552,-12.5,5.));
#6154 = VERTEX_POINT('',#6155);
#6155 = CARTESIAN_POINT('',(-7.586206896552,-11.,5.));
#6156 = LINE('',#6157,#6158);
#6157 = CARTESIAN_POINT('',(-7.586206896552,-12.5,5.));
#6158 = VECTOR('',#6159,1.);
#6159 = DIRECTION('',(-0.,1.,0.));
#6160 = ORIENTED_EDGE('',*,*,#6161,.T.);
#6161 = EDGE_CURVE('',#6152,#6162,#6164,.T.);
#6162 = VERTEX_POINT('',#6163);
#6163 = CARTESIAN_POINT('',(7.586206896552,-12.5,5.));
#6164 = LINE('',#6165,#6166);
#6165 = CARTESIAN_POINT('',(-7.586206896552,-12.5,5.));
#6166 = VECTOR('',#6167,1.);
#6167 = DIRECTION('',(1.,0.,-0.));
#6168 = ORIENTED_EDGE('',*,*,#6169,.T.);
#6169 = EDGE_CURVE('',#6162,#6170,#6172,.T.);
#6170 = VERTEX_POINT('',#6171);
#6171 = CARTESIAN_POINT('',(7.586206896552,-11.,5.));
#6172 = LINE('',#6173,#6174);
#6173 = CARTESIAN_POINT('',(7.586206896552,-12.5,5.));
#6174 = VECTOR('',#6175,1.);
#6175 = DIRECTION('',(-0.,1.,0.));
#6176 = ORIENTED_EDGE('',*,*,#6177,.F.);
#6177 = EDGE_CURVE('',#6178,#6170,#6180,.T.);
#6178 = VERTEX_POINT('',#6179);
#6179 = CARTESIAN_POINT('',(1.5,-11.,5.));
#6180 = LINE('',#6181,#6182);
#6181 = CARTESIAN_POINT('',(-7.586206896552,-11.,5.));
#6182 = VECTOR('',#6183,1.);
#6183 = DIRECTION('',(1.,0.,-0.));
#6184 = ORIENTED_EDGE('',*,*,#6185,.F.);
#6185 = EDGE_CURVE('',#6186,#6178,#6188,.T.);
#6186 = VERTEX_POINT('',#6187);
#6187 = CARTESIAN_POINT('',(-1.5,-11.,5.));
#6188 = LINE('',#6189,#6190);
#6189 = CARTESIAN_POINT('',(-7.586206896552,-11.,5.));
#6190 = VECTOR('',#6191,1.);
#6191 = DIRECTION('',(1.,0.,-0.));
#6192 = ORIENTED_EDGE('',*,*,#6193,.F.);
#6193 = EDGE_CURVE('',#6154,#6186,#6194,.T.);
#6194 = LINE('',#6195,#6196);
#6195 = CARTESIAN_POINT('',(-7.586206896552,-11.,5.));
#6196 = VECTOR('',#6197,1.);
#6197 = DIRECTION('',(1.,0.,-0.));
#6198 = PLANE('',#6199);
#6199 = AXIS2_PLACEMENT_3D('',#6200,#6201,#6202);
#6200 = CARTESIAN_POINT('',(-7.586206896552,-12.5,5.));
#6201 = DIRECTION('',(0.,0.,1.));
#6202 = DIRECTION('',(1.,0.,-0.));
#6203 = ADVANCED_FACE('',(#6204),#6231,.T.);
#6204 = FACE_BOUND('',#6205,.T.);
#6205 = EDGE_LOOP('',(#6206,#6207,#6216,#6224));
#6206 = ORIENTED_EDGE('',*,*,#6151,.T.);
#6207 = ORIENTED_EDGE('',*,*,#6208,.F.);
#6208 = EDGE_CURVE('',#6209,#6154,#6211,.T.);
#6209 = VERTEX_POINT('',#6210);
#6210 = CARTESIAN_POINT('',(-7.586206896552,-11.,-5.));
#6211 = CIRCLE('',#6212,5.);
#6212 = AXIS2_PLACEMENT_3D('',#6213,#6214,#6215);
#6213 = CARTESIAN_POINT('',(-7.586206896552,-11.,0.));
#6214 = DIRECTION('',(0.,1.,0.));
#6215 = DIRECTION('',(0.,-0.,1.));
#6216 = ORIENTED_EDGE('',*,*,#6217,.F.);
#6217 = EDGE_CURVE('',#6218,#6209,#6220,.T.);
#6218 = VERTEX_POINT('',#6219);
#6219 = CARTESIAN_POINT('',(-7.586206896552,-12.5,-5.));
#6220 = LINE('',#6221,#6222);
#6221 = CARTESIAN_POINT('',(-7.586206896552,-12.5,-5.));
#6222 = VECTOR('',#6223,1.);
#6223 = DIRECTION('',(-0.,1.,0.));
#6224 = ORIENTED_EDGE('',*,*,#6225,.T.);
#6225 = EDGE_CURVE('',#6218,#6152,#6226,.T.);
#6226 = CIRCLE('',#6227,5.);
#6227 = AXIS2_PLACEMENT_3D('',#6228,#6229,#6230);
#6228 = CARTESIAN_POINT('',(-7.586206896552,-12.5,0.));
#6229 = DIRECTION('',(0.,1.,0.));
#6230 = DIRECTION('',(0.,-0.,1.));
#6231 = CYLINDRICAL_SURFACE('',#6232,5.);
#6232 = AXIS2_PLACEMENT_3D('',#6233,#6234,#6235);
#6233 = CARTESIAN_POINT('',(-7.586206896552,-12.5,0.));
#6234 = DIRECTION('',(0.,1.,0.));
#6235 = DIRECTION('',(0.,-0.,1.));
#6236 = ADVANCED_FACE('',(#6237),#6278,.F.);
#6237 = FACE_BOUND('',#6238,.F.);
#6238 = EDGE_LOOP('',(#6239,#6240,#6248,#6256,#6264,#6272));
#6239 = ORIENTED_EDGE('',*,*,#6217,.F.);
#6240 = ORIENTED_EDGE('',*,*,#6241,.T.);
#6241 = EDGE_CURVE('',#6218,#6242,#6244,.T.);
#6242 = VERTEX_POINT('',#6243);
#6243 = CARTESIAN_POINT('',(7.586206896552,-12.5,-5.));
#6244 = LINE('',#6245,#6246);
#6245 = CARTESIAN_POINT('',(-7.586206896552,-12.5,-5.));
#6246 = VECTOR('',#6247,1.);
#6247 = DIRECTION('',(1.,0.,-0.));
#6248 = ORIENTED_EDGE('',*,*,#6249,.T.);
#6249 = EDGE_CURVE('',#6242,#6250,#6252,.T.);
#6250 = VERTEX_POINT('',#6251);
#6251 = CARTESIAN_POINT('',(7.586206896552,-11.,-5.));
#6252 = LINE('',#6253,#6254);
#6253 = CARTESIAN_POINT('',(7.586206896552,-12.5,-5.));
#6254 = VECTOR('',#6255,1.);
#6255 = DIRECTION('',(-0.,1.,0.));
#6256 = ORIENTED_EDGE('',*,*,#6257,.F.);
#6257 = EDGE_CURVE('',#6258,#6250,#6260,.T.);
#6258 = VERTEX_POINT('',#6259);
#6259 = CARTESIAN_POINT('',(1.5,-11.,-5.));
#6260 = LINE('',#6261,#6262);
#6261 = CARTESIAN_POINT('',(-7.586206896552,-11.,-5.));
#6262 = VECTOR('',#6263,1.);
#6263 = DIRECTION('',(1.,0.,-0.));
#6264 = ORIENTED_EDGE('',*,*,#6265,.F.);
#6265 = EDGE_CURVE('',#6266,#6258,#6268,.T.);
#6266 = VERTEX_POINT('',#6267);
#6267 = CARTESIAN_POINT('',(-1.5,-11.,-5.));
#6268 = LINE('',#6269,#6270);
#6269 = CARTESIAN_POINT('',(-7.586206896552,-11.,-5.));
#6270 = VECTOR('',#6271,1.);
#6271 = DIRECTION('',(1.,0.,-0.));
#6272 = ORIENTED_EDGE('',*,*,#6273,.F.);
#6273 = EDGE_CURVE('',#6209,#6266,#6274,.T.);
#6274 = LINE('',#6275,#6276);
#6275 = CARTESIAN_POINT('',(-7.586206896552,-11.,-5.));
#6276 = VECTOR('',#6277,1.);
#6277 = DIRECTION('',(1.,0.,-0.));
#6278 = PLANE('',#6279);
#6279 = AXIS2_PLACEMENT_3D('',#6280,#6281,#6282);
#6280 = CARTESIAN_POINT('',(-7.586206896552,-12.5,-5.));
#6281 = DIRECTION('',(0.,0.,1.));
#6282 = DIRECTION('',(1.,0.,-0.));
#6283 = ADVANCED_FACE('',(#6284),#6309,.F.);
#6284 = FACE_BOUND('',#6285,.F.);
#6285 = EDGE_LOOP('',(#6286,#6294,#6302,#6308));
#6286 = ORIENTED_EDGE('',*,*,#6287,.F.);
#6287 = EDGE_CURVE('',#6288,#6258,#6290,.T.);
#6288 = VERTEX_POINT('',#6289);
#6289 = CARTESIAN_POINT('',(1.5,-11.,-6.));
#6290 = LINE('',#6291,#6292);
#6291 = CARTESIAN_POINT('',(1.5,-11.,-6.));
#6292 = VECTOR('',#6293,1.);
#6293 = DIRECTION('',(0.,0.,1.));
#6294 = ORIENTED_EDGE('',*,*,#6295,.F.);
#6295 = EDGE_CURVE('',#6296,#6288,#6298,.T.);
#6296 = VERTEX_POINT('',#6297);
#6297 = CARTESIAN_POINT('',(-1.5,-11.,-6.));
#6298 = LINE('',#6299,#6300);
#6299 = CARTESIAN_POINT('',(-1.5,-11.,-6.));
#6300 = VECTOR('',#6301,1.);
#6301 = DIRECTION('',(1.,0.,-0.));
#6302 = ORIENTED_EDGE('',*,*,#6303,.T.);
#6303 = EDGE_CURVE('',#6296,#6266,#6304,.T.);
#6304 = LINE('',#6305,#6306);
#6305 = CARTESIAN_POINT('',(-1.5,-11.,-6.));
#6306 = VECTOR('',#6307,1.);
#6307 = DIRECTION('',(0.,0.,1.));
#6308 = ORIENTED_EDGE('',*,*,#6265,.T.);
#6309 = PLANE('',#6310);
#6310 = AXIS2_PLACEMENT_3D('',#6311,#6312,#6313);
#6311 = CARTESIAN_POINT('',(-1.5,-11.,-6.));
#6312 = DIRECTION('',(-0.,1.,0.));
#6313 = DIRECTION('',(0.,0.,1.));
#6314 = ADVANCED_FACE('',(#6315),#6333,.T.);
#6315 = FACE_BOUND('',#6316,.T.);
#6316 = EDGE_LOOP('',(#6317,#6324,#6325,#6332));
#6317 = ORIENTED_EDGE('',*,*,#6318,.F.);
#6318 = EDGE_CURVE('',#6170,#6250,#6319,.T.);
#6319 = CIRCLE('',#6320,5.);
#6320 = AXIS2_PLACEMENT_3D('',#6321,#6322,#6323);
#6321 = CARTESIAN_POINT('',(7.586206896552,-11.,0.));
#6322 = DIRECTION('',(0.,1.,0.));
#6323 = DIRECTION('',(0.,-0.,1.));
#6324 = ORIENTED_EDGE('',*,*,#6169,.F.);
#6325 = ORIENTED_EDGE('',*,*,#6326,.T.);
#6326 = EDGE_CURVE('',#6162,#6242,#6327,.T.);
#6327 = CIRCLE('',#6328,5.);
#6328 = AXIS2_PLACEMENT_3D('',#6329,#6330,#6331);
#6329 = CARTESIAN_POINT('',(7.586206896552,-12.5,0.));
#6330 = DIRECTION('',(0.,1.,0.));
#6331 = DIRECTION('',(0.,-0.,1.));
#6332 = ORIENTED_EDGE('',*,*,#6249,.T.);
#6333 = CYLINDRICAL_SURFACE('',#6334,5.);
#6334 = AXIS2_PLACEMENT_3D('',#6335,#6336,#6337);
#6335 = CARTESIAN_POINT('',(7.586206896552,-12.5,0.));
#6336 = DIRECTION('',(0.,1.,0.));
#6337 = DIRECTION('',(0.,-0.,1.));
#6338 = ADVANCED_FACE('',(#6339),#6364,.F.);
#6339 = FACE_BOUND('',#6340,.F.);
#6340 = EDGE_LOOP('',(#6341,#6342,#6350,#6358));
#6341 = ORIENTED_EDGE('',*,*,#6185,.F.);
#6342 = ORIENTED_EDGE('',*,*,#6343,.T.);
#6343 = EDGE_CURVE('',#6186,#6344,#6346,.T.);
#6344 = VERTEX_POINT('',#6345);
#6345 = CARTESIAN_POINT('',(-1.5,-11.,6.));
#6346 = LINE('',#6347,#6348);
#6347 = CARTESIAN_POINT('',(-1.5,-11.,4.5));
#6348 = VECTOR('',#6349,1.);
#6349 = DIRECTION('',(0.,0.,1.));
#6350 = ORIENTED_EDGE('',*,*,#6351,.T.);
#6351 = EDGE_CURVE('',#6344,#6352,#6354,.T.);
#6352 = VERTEX_POINT('',#6353);
#6353 = CARTESIAN_POINT('',(1.5,-11.,6.));
#6354 = LINE('',#6355,#6356);
#6355 = CARTESIAN_POINT('',(-1.5,-11.,6.));
#6356 = VECTOR('',#6357,1.);
#6357 = DIRECTION('',(1.,0.,-0.));
#6358 = ORIENTED_EDGE('',*,*,#6359,.F.);
#6359 = EDGE_CURVE('',#6178,#6352,#6360,.T.);
#6360 = LINE('',#6361,#6362);
#6361 = CARTESIAN_POINT('',(1.5,-11.,4.5));
#6362 = VECTOR('',#6363,1.);
#6363 = DIRECTION('',(0.,0.,1.));
#6364 = PLANE('',#6365);
#6365 = AXIS2_PLACEMENT_3D('',#6366,#6367,#6368);
#6366 = CARTESIAN_POINT('',(-1.5,-11.,4.5));
#6367 = DIRECTION('',(-0.,1.,0.));
#6368 = DIRECTION('',(0.,0.,1.));
#6369 = ADVANCED_FACE('',(#6370),#6411,.F.);
#6370 = FACE_BOUND('',#6371,.F.);
#6371 = EDGE_LOOP('',(#6372,#6373,#6381,#6389,#6397,#6405));
#6372 = ORIENTED_EDGE('',*,*,#6303,.F.);
#6373 = ORIENTED_EDGE('',*,*,#6374,.T.);
#6374 = EDGE_CURVE('',#6296,#6375,#6377,.T.);
#6375 = VERTEX_POINT('',#6376);
#6376 = CARTESIAN_POINT('',(-1.5,11.,-6.));
#6377 = LINE('',#6378,#6379);
#6378 = CARTESIAN_POINT('',(-1.5,-11.,-6.));
#6379 = VECTOR('',#6380,1.);
#6380 = DIRECTION('',(-0.,1.,0.));
#6381 = ORIENTED_EDGE('',*,*,#6382,.T.);
#6382 = EDGE_CURVE('',#6375,#6383,#6385,.T.);
#6383 = VERTEX_POINT('',#6384);
#6384 = CARTESIAN_POINT('',(-1.5,11.,-5.));
#6385 = LINE('',#6386,#6387);
#6386 = CARTESIAN_POINT('',(-1.5,11.,-6.));
#6387 = VECTOR('',#6388,1.);
#6388 = DIRECTION('',(0.,0.,1.));
#6389 = ORIENTED_EDGE('',*,*,#6390,.T.);
#6390 = EDGE_CURVE('',#6383,#6391,#6393,.T.);
#6391 = VERTEX_POINT('',#6392);
#6392 = CARTESIAN_POINT('',(-1.5,11.,-4.5));
#6393 = LINE('',#6394,#6395);
#6394 = CARTESIAN_POINT('',(-1.5,11.,-6.));
#6395 = VECTOR('',#6396,1.);
#6396 = DIRECTION('',(0.,0.,1.));
#6397 = ORIENTED_EDGE('',*,*,#6398,.F.);
#6398 = EDGE_CURVE('',#6399,#6391,#6401,.T.);
#6399 = VERTEX_POINT('',#6400);
#6400 = CARTESIAN_POINT('',(-1.5,-11.,-4.5));
#6401 = LINE('',#6402,#6403);
#6402 = CARTESIAN_POINT('',(-1.5,-11.,-4.5));
#6403 = VECTOR('',#6404,1.);
#6404 = DIRECTION('',(-0.,1.,0.));
#6405 = ORIENTED_EDGE('',*,*,#6406,.F.);
#6406 = EDGE_CURVE('',#6266,#6399,#6407,.T.);
#6407 = LINE('',#6408,#6409);
#6408 = CARTESIAN_POINT('',(-1.5,-11.,-6.));
#6409 = VECTOR('',#6410,1.);
#6410 = DIRECTION('',(0.,0.,1.));
#6411 = PLANE('',#6412);
#6412 = AXIS2_PLACEMENT_3D('',#6413,#6414,#6415);
#6413 = CARTESIAN_POINT('',(-1.5,-11.,-6.));
#6414 = DIRECTION('',(1.,0.,-0.));
#6415 = DIRECTION('',(0.,0.,1.));
#6416 = ADVANCED_FACE('',(#6417),#6442,.T.);
#6417 = FACE_BOUND('',#6418,.T.);
#6418 = EDGE_LOOP('',(#6419,#6420,#6428,#6436));
#6419 = ORIENTED_EDGE('',*,*,#6398,.F.);
#6420 = ORIENTED_EDGE('',*,*,#6421,.T.);
#6421 = EDGE_CURVE('',#6399,#6422,#6424,.T.);
#6422 = VERTEX_POINT('',#6423);
#6423 = CARTESIAN_POINT('',(1.5,-11.,-4.5));
#6424 = LINE('',#6425,#6426);
#6425 = CARTESIAN_POINT('',(-1.5,-11.,-4.5));
#6426 = VECTOR('',#6427,1.);
#6427 = DIRECTION('',(1.,0.,-0.));
#6428 = ORIENTED_EDGE('',*,*,#6429,.T.);
#6429 = EDGE_CURVE('',#6422,#6430,#6432,.T.);
#6430 = VERTEX_POINT('',#6431);
#6431 = CARTESIAN_POINT('',(1.5,11.,-4.5));
#6432 = LINE('',#6433,#6434);
#6433 = CARTESIAN_POINT('',(1.5,-11.,-4.5));
#6434 = VECTOR('',#6435,1.);
#6435 = DIRECTION('',(-0.,1.,0.));
#6436 = ORIENTED_EDGE('',*,*,#6437,.F.);
#6437 = EDGE_CURVE('',#6391,#6430,#6438,.T.);
#6438 = LINE('',#6439,#6440);
#6439 = CARTESIAN_POINT('',(-1.5,11.,-4.5));
#6440 = VECTOR('',#6441,1.);
#6441 = DIRECTION('',(1.,0.,-0.));
#6442 = PLANE('',#6443);
#6443 = AXIS2_PLACEMENT_3D('',#6444,#6445,#6446);
#6444 = CARTESIAN_POINT('',(-1.5,-11.,-4.5));
#6445 = DIRECTION('',(0.,0.,1.));
#6446 = DIRECTION('',(1.,0.,-0.));
#6447 = ADVANCED_FACE('',(#6448),#6480,.T.);
#6448 = FACE_BOUND('',#6449,.T.);
#6449 = EDGE_LOOP('',(#6450,#6451,#6459,#6467,#6473,#6474));
#6450 = ORIENTED_EDGE('',*,*,#6287,.F.);
#6451 = ORIENTED_EDGE('',*,*,#6452,.T.);
#6452 = EDGE_CURVE('',#6288,#6453,#6455,.T.);
#6453 = VERTEX_POINT('',#6454);
#6454 = CARTESIAN_POINT('',(1.5,11.,-6.));
#6455 = LINE('',#6456,#6457);
#6456 = CARTESIAN_POINT('',(1.5,-11.,-6.));
#6457 = VECTOR('',#6458,1.);
#6458 = DIRECTION('',(-0.,1.,0.));
#6459 = ORIENTED_EDGE('',*,*,#6460,.T.);
#6460 = EDGE_CURVE('',#6453,#6461,#6463,.T.);
#6461 = VERTEX_POINT('',#6462);
#6462 = CARTESIAN_POINT('',(1.5,11.,-5.));
#6463 = LINE('',#6464,#6465);
#6464 = CARTESIAN_POINT('',(1.5,11.,-6.));
#6465 = VECTOR('',#6466,1.);
#6466 = DIRECTION('',(0.,0.,1.));
#6467 = ORIENTED_EDGE('',*,*,#6468,.T.);
#6468 = EDGE_CURVE('',#6461,#6430,#6469,.T.);
#6469 = LINE('',#6470,#6471);
#6470 = CARTESIAN_POINT('',(1.5,11.,-6.));
#6471 = VECTOR('',#6472,1.);
#6472 = DIRECTION('',(0.,0.,1.));
#6473 = ORIENTED_EDGE('',*,*,#6429,.F.);
#6474 = ORIENTED_EDGE('',*,*,#6475,.F.);
#6475 = EDGE_CURVE('',#6258,#6422,#6476,.T.);
#6476 = LINE('',#6477,#6478);
#6477 = CARTESIAN_POINT('',(1.5,-11.,-6.));
#6478 = VECTOR('',#6479,1.);
#6479 = DIRECTION('',(0.,0.,1.));
#6480 = PLANE('',#6481);
#6481 = AXIS2_PLACEMENT_3D('',#6482,#6483,#6484);
#6482 = CARTESIAN_POINT('',(1.5,-11.,-6.));
#6483 = DIRECTION('',(1.,0.,-0.));
#6484 = DIRECTION('',(0.,0.,1.));
#6485 = ADVANCED_FACE('',(#6486),#6527,.T.);
#6486 = FACE_BOUND('',#6487,.T.);
#6487 = EDGE_LOOP('',(#6488,#6496,#6504,#6512,#6520,#6526));
#6488 = ORIENTED_EDGE('',*,*,#6489,.F.);
#6489 = EDGE_CURVE('',#6490,#6178,#6492,.T.);
#6490 = VERTEX_POINT('',#6491);
#6491 = CARTESIAN_POINT('',(1.5,-11.,4.5));
#6492 = LINE('',#6493,#6494);
#6493 = CARTESIAN_POINT('',(1.5,-11.,4.5));
#6494 = VECTOR('',#6495,1.);
#6495 = DIRECTION('',(0.,0.,1.));
#6496 = ORIENTED_EDGE('',*,*,#6497,.T.);
#6497 = EDGE_CURVE('',#6490,#6498,#6500,.T.);
#6498 = VERTEX_POINT('',#6499);
#6499 = CARTESIAN_POINT('',(1.5,11.,4.5));
#6500 = LINE('',#6501,#6502);
#6501 = CARTESIAN_POINT('',(1.5,-11.,4.5));
#6502 = VECTOR('',#6503,1.);
#6503 = DIRECTION('',(-0.,1.,0.));
#6504 = ORIENTED_EDGE('',*,*,#6505,.T.);
#6505 = EDGE_CURVE('',#6498,#6506,#6508,.T.);
#6506 = VERTEX_POINT('',#6507);
#6507 = CARTESIAN_POINT('',(1.5,11.,5.));
#6508 = LINE('',#6509,#6510);
#6509 = CARTESIAN_POINT('',(1.5,11.,4.5));
#6510 = VECTOR('',#6511,1.);
#6511 = DIRECTION('',(0.,0.,1.));
#6512 = ORIENTED_EDGE('',*,*,#6513,.T.);
#6513 = EDGE_CURVE('',#6506,#6514,#6516,.T.);
#6514 = VERTEX_POINT('',#6515);
#6515 = CARTESIAN_POINT('',(1.5,11.,6.));
#6516 = LINE('',#6517,#6518);
#6517 = CARTESIAN_POINT('',(1.5,11.,4.5));
#6518 = VECTOR('',#6519,1.);
#6519 = DIRECTION('',(0.,0.,1.));
#6520 = ORIENTED_EDGE('',*,*,#6521,.F.);
#6521 = EDGE_CURVE('',#6352,#6514,#6522,.T.);
#6522 = LINE('',#6523,#6524);
#6523 = CARTESIAN_POINT('',(1.5,-11.,6.));
#6524 = VECTOR('',#6525,1.);
#6525 = DIRECTION('',(-0.,1.,0.));
#6526 = ORIENTED_EDGE('',*,*,#6359,.F.);
#6527 = PLANE('',#6528);
#6528 = AXIS2_PLACEMENT_3D('',#6529,#6530,#6531);
#6529 = CARTESIAN_POINT('',(1.5,-11.,4.5));
#6530 = DIRECTION('',(1.,0.,-0.));
#6531 = DIRECTION('',(0.,0.,1.));
#6532 = ADVANCED_FACE('',(#6533),#6558,.F.);
#6533 = FACE_BOUND('',#6534,.F.);
#6534 = EDGE_LOOP('',(#6535,#6545,#6551,#6552));
#6535 = ORIENTED_EDGE('',*,*,#6536,.F.);
#6536 = EDGE_CURVE('',#6537,#6539,#6541,.T.);
#6537 = VERTEX_POINT('',#6538);
#6538 = CARTESIAN_POINT('',(-1.5,-11.,4.5));
#6539 = VERTEX_POINT('',#6540);
#6540 = CARTESIAN_POINT('',(-1.5,11.,4.5));
#6541 = LINE('',#6542,#6543);
#6542 = CARTESIAN_POINT('',(-1.5,-11.,4.5));
#6543 = VECTOR('',#6544,1.);
#6544 = DIRECTION('',(-0.,1.,0.));
#6545 = ORIENTED_EDGE('',*,*,#6546,.T.);
#6546 = EDGE_CURVE('',#6537,#6490,#6547,.T.);
#6547 = LINE('',#6548,#6549);
#6548 = CARTESIAN_POINT('',(-1.5,-11.,4.5));
#6549 = VECTOR('',#6550,1.);
#6550 = DIRECTION('',(1.,0.,-0.));
#6551 = ORIENTED_EDGE('',*,*,#6497,.T.);
#6552 = ORIENTED_EDGE('',*,*,#6553,.F.);
#6553 = EDGE_CURVE('',#6539,#6498,#6554,.T.);
#6554 = LINE('',#6555,#6556);
#6555 = CARTESIAN_POINT('',(-1.5,11.,4.5));
#6556 = VECTOR('',#6557,1.);
#6557 = DIRECTION('',(1.,0.,-0.));
#6558 = PLANE('',#6559);
#6559 = AXIS2_PLACEMENT_3D('',#6560,#6561,#6562);
#6560 = CARTESIAN_POINT('',(-1.5,-11.,4.5));
#6561 = DIRECTION('',(0.,0.,1.));
#6562 = DIRECTION('',(1.,0.,-0.));
#6563 = ADVANCED_FACE('',(#6564),#6596,.F.);
#6564 = FACE_BOUND('',#6565,.F.);
#6565 = EDGE_LOOP('',(#6566,#6572,#6573,#6581,#6589,#6595));
#6566 = ORIENTED_EDGE('',*,*,#6567,.F.);
#6567 = EDGE_CURVE('',#6537,#6186,#6568,.T.);
#6568 = LINE('',#6569,#6570);
#6569 = CARTESIAN_POINT('',(-1.5,-11.,4.5));
#6570 = VECTOR('',#6571,1.);
#6571 = DIRECTION('',(0.,0.,1.));
#6572 = ORIENTED_EDGE('',*,*,#6536,.T.);
#6573 = ORIENTED_EDGE('',*,*,#6574,.T.);
#6574 = EDGE_CURVE('',#6539,#6575,#6577,.T.);
#6575 = VERTEX_POINT('',#6576);
#6576 = CARTESIAN_POINT('',(-1.5,11.,5.));
#6577 = LINE('',#6578,#6579);
#6578 = CARTESIAN_POINT('',(-1.5,11.,4.5));
#6579 = VECTOR('',#6580,1.);
#6580 = DIRECTION('',(0.,0.,1.));
#6581 = ORIENTED_EDGE('',*,*,#6582,.T.);
#6582 = EDGE_CURVE('',#6575,#6583,#6585,.T.);
#6583 = VERTEX_POINT('',#6584);
#6584 = CARTESIAN_POINT('',(-1.5,11.,6.));
#6585 = LINE('',#6586,#6587);
#6586 = CARTESIAN_POINT('',(-1.5,11.,4.5));
#6587 = VECTOR('',#6588,1.);
#6588 = DIRECTION('',(0.,0.,1.));
#6589 = ORIENTED_EDGE('',*,*,#6590,.F.);
#6590 = EDGE_CURVE('',#6344,#6583,#6591,.T.);
#6591 = LINE('',#6592,#6593);
#6592 = CARTESIAN_POINT('',(-1.5,-11.,6.));
#6593 = VECTOR('',#6594,1.);
#6594 = DIRECTION('',(-0.,1.,0.));
#6595 = ORIENTED_EDGE('',*,*,#6343,.F.);
#6596 = PLANE('',#6597);
#6597 = AXIS2_PLACEMENT_3D('',#6598,#6599,#6600);
#6598 = CARTESIAN_POINT('',(-1.5,-11.,4.5));
#6599 = DIRECTION('',(1.,0.,-0.));
#6600 = DIRECTION('',(0.,0.,1.));
#6601 = ADVANCED_FACE('',(#6602),#6613,.F.);
#6602 = FACE_BOUND('',#6603,.F.);
#6603 = EDGE_LOOP('',(#6604,#6605,#6606,#6607));
#6604 = ORIENTED_EDGE('',*,*,#6374,.F.);
#6605 = ORIENTED_EDGE('',*,*,#6295,.T.);
#6606 = ORIENTED_EDGE('',*,*,#6452,.T.);
#6607 = ORIENTED_EDGE('',*,*,#6608,.F.);
#6608 = EDGE_CURVE('',#6375,#6453,#6609,.T.);
#6609 = LINE('',#6610,#6611);
#6610 = CARTESIAN_POINT('',(-1.5,11.,-6.));
#6611 = VECTOR('',#6612,1.);
#6612 = DIRECTION('',(1.,0.,-0.));
#6613 = PLANE('',#6614);
#6614 = AXIS2_PLACEMENT_3D('',#6615,#6616,#6617);
#6615 = CARTESIAN_POINT('',(-1.5,-11.,-6.));
#6616 = DIRECTION('',(0.,0.,1.));
#6617 = DIRECTION('',(1.,0.,-0.));
#6618 = ADVANCED_FACE('',(#6619),#6630,.T.);
#6619 = FACE_BOUND('',#6620,.T.);
#6620 = EDGE_LOOP('',(#6621,#6622,#6623,#6624));
#6621 = ORIENTED_EDGE('',*,*,#6590,.F.);
#6622 = ORIENTED_EDGE('',*,*,#6351,.T.);
#6623 = ORIENTED_EDGE('',*,*,#6521,.T.);
#6624 = ORIENTED_EDGE('',*,*,#6625,.F.);
#6625 = EDGE_CURVE('',#6583,#6514,#6626,.T.);
#6626 = LINE('',#6627,#6628);
#6627 = CARTESIAN_POINT('',(-1.5,11.,6.));
#6628 = VECTOR('',#6629,1.);
#6629 = DIRECTION('',(1.,0.,-0.));
#6630 = PLANE('',#6631);
#6631 = AXIS2_PLACEMENT_3D('',#6632,#6633,#6634);
#6632 = CARTESIAN_POINT('',(-1.5,-11.,6.));
#6633 = DIRECTION('',(0.,0.,1.));
#6634 = DIRECTION('',(1.,0.,-0.));
#6635 = ADVANCED_FACE('',(#6636),#6647,.T.);
#6636 = FACE_BOUND('',#6637,.T.);
#6637 = EDGE_LOOP('',(#6638,#6639,#6640,#6641));
#6638 = ORIENTED_EDGE('',*,*,#6460,.F.);
#6639 = ORIENTED_EDGE('',*,*,#6608,.F.);
#6640 = ORIENTED_EDGE('',*,*,#6382,.T.);
#6641 = ORIENTED_EDGE('',*,*,#6642,.T.);
#6642 = EDGE_CURVE('',#6383,#6461,#6643,.T.);
#6643 = LINE('',#6644,#6645);
#6644 = CARTESIAN_POINT('',(-7.586206896552,11.,-5.));
#6645 = VECTOR('',#6646,1.);
#6646 = DIRECTION('',(1.,0.,-0.));
#6647 = PLANE('',#6648);
#6648 = AXIS2_PLACEMENT_3D('',#6649,#6650,#6651);
#6649 = CARTESIAN_POINT('',(-1.5,11.,-6.));
#6650 = DIRECTION('',(-0.,1.,0.));
#6651 = DIRECTION('',(0.,0.,1.));
#6652 = ADVANCED_FACE('',(#6653),#6664,.T.);
#6653 = FACE_BOUND('',#6654,.T.);
#6654 = EDGE_LOOP('',(#6655,#6661,#6662,#6663));
#6655 = ORIENTED_EDGE('',*,*,#6656,.F.);
#6656 = EDGE_CURVE('',#6575,#6506,#6657,.T.);
#6657 = LINE('',#6658,#6659);
#6658 = CARTESIAN_POINT('',(-7.586206896552,11.,5.));
#6659 = VECTOR('',#6660,1.);
#6660 = DIRECTION('',(1.,0.,-0.));
#6661 = ORIENTED_EDGE('',*,*,#6582,.T.);
#6662 = ORIENTED_EDGE('',*,*,#6625,.T.);
#6663 = ORIENTED_EDGE('',*,*,#6513,.F.);
#6664 = PLANE('',#6665);
#6665 = AXIS2_PLACEMENT_3D('',#6666,#6667,#6668);
#6666 = CARTESIAN_POINT('',(-1.5,11.,4.5));
#6667 = DIRECTION('',(-0.,1.,0.));
#6668 = DIRECTION('',(0.,0.,1.));
#6669 = ADVANCED_FACE('',(#6670),#6711,.F.);
#6670 = FACE_BOUND('',#6671,.F.);
#6671 = EDGE_LOOP('',(#6672,#6682,#6688,#6689,#6697,#6705));
#6672 = ORIENTED_EDGE('',*,*,#6673,.F.);
#6673 = EDGE_CURVE('',#6674,#6676,#6678,.T.);
#6674 = VERTEX_POINT('',#6675);
#6675 = CARTESIAN_POINT('',(-7.586206896552,11.,-5.));
#6676 = VERTEX_POINT('',#6677);
#6677 = CARTESIAN_POINT('',(-7.586206896552,12.5,-5.));
#6678 = LINE('',#6679,#6680);
#6679 = CARTESIAN_POINT('',(-7.586206896552,11.,-5.));
#6680 = VECTOR('',#6681,1.);
#6681 = DIRECTION('',(-0.,1.,0.));
#6682 = ORIENTED_EDGE('',*,*,#6683,.T.);
#6683 = EDGE_CURVE('',#6674,#6383,#6684,.T.);
#6684 = LINE('',#6685,#6686);
#6685 = CARTESIAN_POINT('',(-7.586206896552,11.,-5.));
#6686 = VECTOR('',#6687,1.);
#6687 = DIRECTION('',(1.,0.,-0.));
#6688 = ORIENTED_EDGE('',*,*,#6642,.T.);
#6689 = ORIENTED_EDGE('',*,*,#6690,.T.);
#6690 = EDGE_CURVE('',#6461,#6691,#6693,.T.);
#6691 = VERTEX_POINT('',#6692);
#6692 = CARTESIAN_POINT('',(7.586206896552,11.,-5.));
#6693 = LINE('',#6694,#6695);
#6694 = CARTESIAN_POINT('',(-7.586206896552,11.,-5.));
#6695 = VECTOR('',#6696,1.);
#6696 = DIRECTION('',(1.,0.,-0.));
#6697 = ORIENTED_EDGE('',*,*,#6698,.T.);
#6698 = EDGE_CURVE('',#6691,#6699,#6701,.T.);
#6699 = VERTEX_POINT('',#6700);
#6700 = CARTESIAN_POINT('',(7.586206896552,12.5,-5.));
#6701 = LINE('',#6702,#6703);
#6702 = CARTESIAN_POINT('',(7.586206896552,11.,-5.));
#6703 = VECTOR('',#6704,1.);
#6704 = DIRECTION('',(-0.,1.,0.));
#6705 = ORIENTED_EDGE('',*,*,#6706,.F.);
#6706 = EDGE_CURVE('',#6676,#6699,#6707,.T.);
#6707 = LINE('',#6708,#6709);
#6708 = CARTESIAN_POINT('',(-7.586206896552,12.5,-5.));
#6709 = VECTOR('',#6710,1.);
#6710 = DIRECTION('',(1.,0.,-0.));
#6711 = PLANE('',#6712);
#6712 = AXIS2_PLACEMENT_3D('',#6713,#6714,#6715);
#6713 = CARTESIAN_POINT('',(-7.586206896552,11.,-5.));
#6714 = DIRECTION('',(0.,0.,1.));
#6715 = DIRECTION('',(1.,0.,-0.));
#6716 = ADVANCED_FACE('',(#6717),#6758,.T.);
#6717 = FACE_BOUND('',#6718,.T.);
#6718 = EDGE_LOOP('',(#6719,#6729,#6735,#6736,#6744,#6752));
#6719 = ORIENTED_EDGE('',*,*,#6720,.F.);
#6720 = EDGE_CURVE('',#6721,#6723,#6725,.T.);
#6721 = VERTEX_POINT('',#6722);
#6722 = CARTESIAN_POINT('',(-7.586206896552,11.,5.));
#6723 = VERTEX_POINT('',#6724);
#6724 = CARTESIAN_POINT('',(-7.586206896552,12.5,5.));
#6725 = LINE('',#6726,#6727);
#6726 = CARTESIAN_POINT('',(-7.586206896552,11.,5.));
#6727 = VECTOR('',#6728,1.);
#6728 = DIRECTION('',(-0.,1.,0.));
#6729 = ORIENTED_EDGE('',*,*,#6730,.T.);
#6730 = EDGE_CURVE('',#6721,#6575,#6731,.T.);
#6731 = LINE('',#6732,#6733);
#6732 = CARTESIAN_POINT('',(-7.586206896552,11.,5.));
#6733 = VECTOR('',#6734,1.);
#6734 = DIRECTION('',(1.,0.,-0.));
#6735 = ORIENTED_EDGE('',*,*,#6656,.T.);
#6736 = ORIENTED_EDGE('',*,*,#6737,.T.);
#6737 = EDGE_CURVE('',#6506,#6738,#6740,.T.);
#6738 = VERTEX_POINT('',#6739);
#6739 = CARTESIAN_POINT('',(7.586206896552,11.,5.));
#6740 = LINE('',#6741,#6742);
#6741 = CARTESIAN_POINT('',(-7.586206896552,11.,5.));
#6742 = VECTOR('',#6743,1.);
#6743 = DIRECTION('',(1.,0.,-0.));
#6744 = ORIENTED_EDGE('',*,*,#6745,.T.);
#6745 = EDGE_CURVE('',#6738,#6746,#6748,.T.);
#6746 = VERTEX_POINT('',#6747);
#6747 = CARTESIAN_POINT('',(7.586206896552,12.5,5.));
#6748 = LINE('',#6749,#6750);
#6749 = CARTESIAN_POINT('',(7.586206896552,11.,5.));
#6750 = VECTOR('',#6751,1.);
#6751 = DIRECTION('',(-0.,1.,0.));
#6752 = ORIENTED_EDGE('',*,*,#6753,.F.);
#6753 = EDGE_CURVE('',#6723,#6746,#6754,.T.);
#6754 = LINE('',#6755,#6756);
#6755 = CARTESIAN_POINT('',(-7.586206896552,12.5,5.));
#6756 = VECTOR('',#6757,1.);
#6757 = DIRECTION('',(1.,0.,-0.));
#6758 = PLANE('',#6759);
#6759 = AXIS2_PLACEMENT_3D('',#6760,#6761,#6762);
#6760 = CARTESIAN_POINT('',(-7.586206896552,11.,5.));
#6761 = DIRECTION('',(0.,0.,1.));
#6762 = DIRECTION('',(1.,0.,-0.));
#6763 = ADVANCED_FACE('',(#6764),#6782,.T.);
#6764 = FACE_BOUND('',#6765,.T.);
#6765 = EDGE_LOOP('',(#6766,#6767,#6774,#6775));
#6766 = ORIENTED_EDGE('',*,*,#6720,.T.);
#6767 = ORIENTED_EDGE('',*,*,#6768,.F.);
#6768 = EDGE_CURVE('',#6676,#6723,#6769,.T.);
#6769 = CIRCLE('',#6770,5.);
#6770 = AXIS2_PLACEMENT_3D('',#6771,#6772,#6773);
#6771 = CARTESIAN_POINT('',(-7.586206896552,12.5,0.));
#6772 = DIRECTION('',(0.,1.,0.));
#6773 = DIRECTION('',(0.,-0.,1.));
#6774 = ORIENTED_EDGE('',*,*,#6673,.F.);
#6775 = ORIENTED_EDGE('',*,*,#6776,.T.);
#6776 = EDGE_CURVE('',#6674,#6721,#6777,.T.);
#6777 = CIRCLE('',#6778,5.);
#6778 = AXIS2_PLACEMENT_3D('',#6779,#6780,#6781);
#6779 = CARTESIAN_POINT('',(-7.586206896552,11.,0.));
#6780 = DIRECTION('',(0.,1.,0.));
#6781 = DIRECTION('',(0.,-0.,1.));
#6782 = CYLINDRICAL_SURFACE('',#6783,5.);
#6783 = AXIS2_PLACEMENT_3D('',#6784,#6785,#6786);
#6784 = CARTESIAN_POINT('',(-7.586206896552,11.,0.));
#6785 = DIRECTION('',(0.,1.,0.));
#6786 = DIRECTION('',(0.,-0.,1.));
#6787 = ADVANCED_FACE('',(#6788),#6806,.T.);
#6788 = FACE_BOUND('',#6789,.T.);
#6789 = EDGE_LOOP('',(#6790,#6797,#6798,#6805));
#6790 = ORIENTED_EDGE('',*,*,#6791,.F.);
#6791 = EDGE_CURVE('',#6746,#6699,#6792,.T.);
#6792 = CIRCLE('',#6793,5.);
#6793 = AXIS2_PLACEMENT_3D('',#6794,#6795,#6796);
#6794 = CARTESIAN_POINT('',(7.586206896552,12.5,0.));
#6795 = DIRECTION('',(0.,1.,0.));
#6796 = DIRECTION('',(0.,-0.,1.));
#6797 = ORIENTED_EDGE('',*,*,#6745,.F.);
#6798 = ORIENTED_EDGE('',*,*,#6799,.T.);
#6799 = EDGE_CURVE('',#6738,#6691,#6800,.T.);
#6800 = CIRCLE('',#6801,5.);
#6801 = AXIS2_PLACEMENT_3D('',#6802,#6803,#6804);
#6802 = CARTESIAN_POINT('',(7.586206896552,11.,0.));
#6803 = DIRECTION('',(0.,1.,0.));
#6804 = DIRECTION('',(0.,-0.,1.));
#6805 = ORIENTED_EDGE('',*,*,#6698,.T.);
#6806 = CYLINDRICAL_SURFACE('',#6807,5.);
#6807 = AXIS2_PLACEMENT_3D('',#6808,#6809,#6810);
#6808 = CARTESIAN_POINT('',(7.586206896552,11.,0.));
#6809 = DIRECTION('',(0.,1.,0.));
#6810 = DIRECTION('',(0.,-0.,1.));
#6811 = ADVANCED_FACE('',(#6812),#6818,.T.);
#6812 = FACE_BOUND('',#6813,.T.);
#6813 = EDGE_LOOP('',(#6814,#6815,#6816,#6817));
#6814 = ORIENTED_EDGE('',*,*,#6241,.T.);
#6815 = ORIENTED_EDGE('',*,*,#6326,.F.);
#6816 = ORIENTED_EDGE('',*,*,#6161,.F.);
#6817 = ORIENTED_EDGE('',*,*,#6225,.F.);
#6818 = PLANE('',#6819);
#6819 = AXIS2_PLACEMENT_3D('',#6820,#6821,#6822);
#6820 = CARTESIAN_POINT('',(-6.476089505928E-16,-12.5,
    -2.354941638519E-16));
#6821 = DIRECTION('',(-0.,-1.,-0.));
#6822 = DIRECTION('',(0.,0.,-1.));
#6823 = ADVANCED_FACE('',(#6824),#6838,.T.);
#6824 = FACE_BOUND('',#6825,.T.);
#6825 = EDGE_LOOP('',(#6826,#6827,#6828,#6829,#6830,#6831,#6832,#6833,
    #6834,#6835,#6836,#6837));
#6826 = ORIENTED_EDGE('',*,*,#6273,.F.);
#6827 = ORIENTED_EDGE('',*,*,#6208,.T.);
#6828 = ORIENTED_EDGE('',*,*,#6193,.T.);
#6829 = ORIENTED_EDGE('',*,*,#6567,.F.);
#6830 = ORIENTED_EDGE('',*,*,#6546,.T.);
#6831 = ORIENTED_EDGE('',*,*,#6489,.T.);
#6832 = ORIENTED_EDGE('',*,*,#6177,.T.);
#6833 = ORIENTED_EDGE('',*,*,#6318,.T.);
#6834 = ORIENTED_EDGE('',*,*,#6257,.F.);
#6835 = ORIENTED_EDGE('',*,*,#6475,.T.);
#6836 = ORIENTED_EDGE('',*,*,#6421,.F.);
#6837 = ORIENTED_EDGE('',*,*,#6406,.F.);
#6838 = PLANE('',#6839);
#6839 = AXIS2_PLACEMENT_3D('',#6840,#6841,#6842);
#6840 = CARTESIAN_POINT('',(1.139697972182E-16,-11.,-2.279395944363E-16)
  );
#6841 = DIRECTION('',(0.,1.,0.));
#6842 = DIRECTION('',(0.,-0.,1.));
#6843 = ADVANCED_FACE('',(#6844),#6858,.T.);
#6844 = FACE_BOUND('',#6845,.T.);
#6845 = EDGE_LOOP('',(#6846,#6847,#6848,#6849,#6850,#6851,#6852,#6853,
    #6854,#6855,#6856,#6857));
#6846 = ORIENTED_EDGE('',*,*,#6683,.T.);
#6847 = ORIENTED_EDGE('',*,*,#6390,.T.);
#6848 = ORIENTED_EDGE('',*,*,#6437,.T.);
#6849 = ORIENTED_EDGE('',*,*,#6468,.F.);
#6850 = ORIENTED_EDGE('',*,*,#6690,.T.);
#6851 = ORIENTED_EDGE('',*,*,#6799,.F.);
#6852 = ORIENTED_EDGE('',*,*,#6737,.F.);
#6853 = ORIENTED_EDGE('',*,*,#6505,.F.);
#6854 = ORIENTED_EDGE('',*,*,#6553,.F.);
#6855 = ORIENTED_EDGE('',*,*,#6574,.T.);
#6856 = ORIENTED_EDGE('',*,*,#6730,.F.);
#6857 = ORIENTED_EDGE('',*,*,#6776,.F.);
#6858 = PLANE('',#6859);
#6859 = AXIS2_PLACEMENT_3D('',#6860,#6861,#6862);
#6860 = CARTESIAN_POINT('',(-6.268338846999E-16,11.,-2.279395944363E-16)
  );
#6861 = DIRECTION('',(-0.,-1.,-0.));
#6862 = DIRECTION('',(0.,0.,-1.));
#6863 = ADVANCED_FACE('',(#6864),#6870,.T.);
#6864 = FACE_BOUND('',#6865,.T.);
#6865 = EDGE_LOOP('',(#6866,#6867,#6868,#6869));
#6866 = ORIENTED_EDGE('',*,*,#6706,.F.);
#6867 = ORIENTED_EDGE('',*,*,#6768,.T.);
#6868 = ORIENTED_EDGE('',*,*,#6753,.T.);
#6869 = ORIENTED_EDGE('',*,*,#6791,.T.);
#6870 = PLANE('',#6871);
#6871 = AXIS2_PLACEMENT_3D('',#6872,#6873,#6874);
#6872 = CARTESIAN_POINT('',(-3.532412457779E-16,12.5,8.831031144447E-17)
  );
#6873 = DIRECTION('',(0.,1.,0.));
#6874 = DIRECTION('',(0.,-0.,1.));
#6875 = ( GEOMETRIC_REPRESENTATION_CONTEXT(3) 
GLOBAL_UNCERTAINTY_ASSIGNED_CONTEXT((#6879)) 
GLOBAL_UNIT_ASSIGNED_CONTEXT((#6876,#6877,#6878)) REPRESENTATION_CONTEXT
('Context #1','3D Context with UNIT and UNCERTAINTY') );
#6876 = ( LENGTH_UNIT() NAMED_UNIT(*) SI_UNIT(.MILLI.,.METRE.) );
#6877 = ( NAMED_UNIT(*) PLANE_ANGLE_UNIT() SI_UNIT($,.RADIAN.) );
#6878 = ( NAMED_UNIT(*) SI_UNIT($,.STERADIAN.) SOLID_ANGLE_UNIT() );
#6879 = UNCERTAINTY_MEASURE_WITH_UNIT(LENGTH_MEASURE(1.E-07),#6876,
  'distance_accuracy_value','confusion accuracy');
#6880 = CONTEXT_DEPENDENT_SHAPE_REPRESENTATION(#6881,#6883);
#6881 = ( REPRESENTATION_RELATIONSHIP('','',#6144,#10) 
REPRESENTATION_RELATIONSHIP_WITH_TRANSFORMATION(#6882) 
SHAPE_REPRESENTATION_RELATIONSHIP() );
#6882 = ITEM_DEFINED_TRANSFORMATION('','',#11,#47);
#6883 = PRODUCT_DEFINITION_SHAPE('Placement','Placement of an item',
  #6884);
#6884 = NEXT_ASSEMBLY_USAGE_OCCURRENCE('9','link_08','',#5,#6139,$);
#6885 = PRODUCT_RELATED_PRODUCT_CATEGORY('part',$,(#6141));
#6886 = SHAPE_DEFINITION_REPRESENTATION(#6887,#6893);
#6887 = PRODUCT_DEFINITION_SHAPE('','',#6888);
#6888 = PRODUCT_DEFINITION('design','',#6889,#6892);
#6889 = PRODUCT_DEFINITION_FORMATION('','',#6890);
#6890 = PRODUCT('link_09','link_09','',(#6891));
#6891 = PRODUCT_CONTEXT('',#2,'mechanical');
#6892 = PRODUCT_DEFINITION_CONTEXT('part definition',#2,'design');
#6893 = ADVANCED_BREP_SHAPE_REPRESENTATION('',(#11,#6894),#7624);
#6894 = MANIFOLD_SOLID_BREP('',#6895);
#6895 = CLOSED_SHELL('',(#6896,#6952,#6985,#7032,#7063,#7087,#7118,#7165
    ,#7196,#7234,#7281,#7312,#7350,#7367,#7384,#7401,#7418,#7465,#7512,
    #7536,#7560,#7572,#7592,#7612));
#6896 = ADVANCED_FACE('',(#6897),#6947,.T.);
#6897 = FACE_BOUND('',#6898,.T.);
#6898 = EDGE_LOOP('',(#6899,#6909,#6917,#6925,#6933,#6941));
#6899 = ORIENTED_EDGE('',*,*,#6900,.F.);
#6900 = EDGE_CURVE('',#6901,#6903,#6905,.T.);
#6901 = VERTEX_POINT('',#6902);
#6902 = CARTESIAN_POINT('',(-7.586206896552,-12.5,5.));
#6903 = VERTEX_POINT('',#6904);
#6904 = CARTESIAN_POINT('',(-7.586206896552,-11.,5.));
#6905 = LINE('',#6906,#6907);
#6906 = CARTESIAN_POINT('',(-7.586206896552,-12.5,5.));
#6907 = VECTOR('',#6908,1.);
#6908 = DIRECTION('',(-0.,1.,0.));
#6909 = ORIENTED_EDGE('',*,*,#6910,.T.);
#6910 = EDGE_CURVE('',#6901,#6911,#6913,.T.);
#6911 = VERTEX_POINT('',#6912);
#6912 = CARTESIAN_POINT('',(7.586206896552,-12.5,5.));
#6913 = LINE('',#6914,#6915);
#6914 = CARTESIAN_POINT('',(-7.586206896552,-12.5,5.));
#6915 = VECTOR('',#6916,1.);
#6916 = DIRECTION('',(1.,0.,-0.));
#6917 = ORIENTED_EDGE('',*,*,#6918,.T.);
#6918 = EDGE_CURVE('',#6911,#6919,#6921,.T.);
#6919 = VERTEX_POINT('',#6920);
#6920 = CARTESIAN_POINT('',(7.586206896552,-11.,5.));
#6921 = LINE('',#6922,#6923);
#6922 = CARTESIAN_POINT('',(7.586206896552,-12.5,5.));
#6923 = VECTOR('',#6924,1.);
#6924 = DIRECTION('',(-0.,1.,0.));
#6925 = ORIENTED_EDGE('',*,*,#6926,.F.);
#6926 = EDGE_CURVE('',#6927,#6919,#6929,.T.);
#6927 = VERTEX_POINT('',#6928);
#6928 = CARTESIAN_POINT('',(1.5,-11.,5.));
#6929 = LINE('',#6930,#6931);
#6930 = CARTESIAN_POINT('',(-7.586206896552,-11.,5.));
#6931 = VECTOR('',#6932,1.);
#6932 = DIRECTION('',(1.,0.,-0.));
#6933 = ORIENTED_EDGE('',*,*,#6934,.F.);
#6934 = EDGE_CURVE('',#6935,#6927,#6937,.T.);
#6935 = VERTEX_POINT('',#6936);
#6936 = CARTESIAN_POINT('',(-1.5,-11.,5.));
#6937 = LINE('',#6938,#6939);
#6938 = CARTESIAN_POINT('',(-7.586206896552,-11.,5.));
#6939 = VECTOR('',#6940,1.);
#6940 = DIRECTION('',(1.,0.,-0.));
#6941 = ORIENTED_EDGE('',*,*,#6942,.F.);
#6942 = EDGE_CURVE('',#6903,#6935,#6943,.T.);
#6943 = LINE('',#6944,#6945);
#6944 = CARTESIAN_POINT('',(-7.586206896552,-11.,5.));
#6945 = VECTOR('',#6946,1.);
#6946 = DIRECTION('',(1.,0.,-0.));
#6947 = PLANE('',#6948);
#6948 = AXIS2_PLACEMENT_3D('',#6949,#6950,#6951);
#6949 = CARTESIAN_POINT('',(-7.586206896552,-12.5,5.));
#6950 = DIRECTION('',(0.,0.,1.));
#6951 = DIRECTION('',(1.,0.,-0.));
#6952 = ADVANCED_FACE('',(#6953),#6980,.T.);
#6953 = FACE_BOUND('',#6954,.T.);
#6954 = EDGE_LOOP('',(#6955,#6956,#6965,#6973));
#6955 = ORIENTED_EDGE('',*,*,#6900,.T.);
#6956 = ORIENTED_EDGE('',*,*,#6957,.F.);
#6957 = EDGE_CURVE('',#6958,#6903,#6960,.T.);
#6958 = VERTEX_POINT('',#6959);
#6959 = CARTESIAN_POINT('',(-7.586206896552,-11.,-5.));
#6960 = CIRCLE('',#6961,5.);
#6961 = AXIS2_PLACEMENT_3D('',#6962,#6963,#6964);
#6962 = CARTESIAN_POINT('',(-7.586206896552,-11.,0.));
#6963 = DIRECTION('',(0.,1.,0.));
#6964 = DIRECTION('',(0.,-0.,1.));
#6965 = ORIENTED_EDGE('',*,*,#6966,.F.);
#6966 = EDGE_CURVE('',#6967,#6958,#6969,.T.);
#6967 = VERTEX_POINT('',#6968);
#6968 = CARTESIAN_POINT('',(-7.586206896552,-12.5,-5.));
#6969 = LINE('',#6970,#6971);
#6970 = CARTESIAN_POINT('',(-7.586206896552,-12.5,-5.));
#6971 = VECTOR('',#6972,1.);
#6972 = DIRECTION('',(-0.,1.,0.));
#6973 = ORIENTED_EDGE('',*,*,#6974,.T.);
#6974 = EDGE_CURVE('',#6967,#6901,#6975,.T.);
#6975 = CIRCLE('',#6976,5.);
#6976 = AXIS2_PLACEMENT_3D('',#6977,#6978,#6979);
#6977 = CARTESIAN_POINT('',(-7.586206896552,-12.5,0.));
#6978 = DIRECTION('',(0.,1.,0.));
#6979 = DIRECTION('',(0.,-0.,1.));
#6980 = CYLINDRICAL_SURFACE('',#6981,5.);
#6981 = AXIS2_PLACEMENT_3D('',#6982,#6983,#6984);
#6982 = CARTESIAN_POINT('',(-7.586206896552,-12.5,0.));
#6983 = DIRECTION('',(0.,1.,0.));
#6984 = DIRECTION('',(0.,-0.,1.));
#6985 = ADVANCED_FACE('',(#6986),#7027,.F.);
#6986 = FACE_BOUND('',#6987,.F.);
#6987 = EDGE_LOOP('',(#6988,#6989,#6997,#7005,#7013,#7021));
#6988 = ORIENTED_EDGE('',*,*,#6966,.F.);
#6989 = ORIENTED_EDGE('',*,*,#6990,.T.);
#6990 = EDGE_CURVE('',#6967,#6991,#6993,.T.);
#6991 = VERTEX_POINT('',#6992);
#6992 = CARTESIAN_POINT('',(7.586206896552,-12.5,-5.));
#6993 = LINE('',#6994,#6995);
#6994 = CARTESIAN_POINT('',(-7.586206896552,-12.5,-5.));
#6995 = VECTOR('',#6996,1.);
#6996 = DIRECTION('',(1.,0.,-0.));
#6997 = ORIENTED_EDGE('',*,*,#6998,.T.);
#6998 = EDGE_CURVE('',#6991,#6999,#7001,.T.);
#6999 = VERTEX_POINT('',#7000);
#7000 = CARTESIAN_POINT('',(7.586206896552,-11.,-5.));
#7001 = LINE('',#7002,#7003);
#7002 = CARTESIAN_POINT('',(7.586206896552,-12.5,-5.));
#7003 = VECTOR('',#7004,1.);
#7004 = DIRECTION('',(-0.,1.,0.));
#7005 = ORIENTED_EDGE('',*,*,#7006,.F.);
#7006 = EDGE_CURVE('',#7007,#6999,#7009,.T.);
#7007 = VERTEX_POINT('',#7008);
#7008 = CARTESIAN_POINT('',(1.5,-11.,-5.));
#7009 = LINE('',#7010,#7011);
#7010 = CARTESIAN_POINT('',(-7.586206896552,-11.,-5.));
#7011 = VECTOR('',#7012,1.);
#7012 = DIRECTION('',(1.,0.,-0.));
#7013 = ORIENTED_EDGE('',*,*,#7014,.F.);
#7014 = EDGE_CURVE('',#7015,#7007,#7017,.T.);
#7015 = VERTEX_POINT('',#7016);
#7016 = CARTESIAN_POINT('',(-1.5,-11.,-5.));
#7017 = LINE('',#7018,#7019);
#7018 = CARTESIAN_POINT('',(-7.586206896552,-11.,-5.));
#7019 = VECTOR('',#7020,1.);
#7020 = DIRECTION('',(1.,0.,-0.));
#7021 = ORIENTED_EDGE('',*,*,#7022,.F.);
#7022 = EDGE_CURVE('',#6958,#7015,#7023,.T.);
#7023 = LINE('',#7024,#7025);
#7024 = CARTESIAN_POINT('',(-7.586206896552,-11.,-5.));
#7025 = VECTOR('',#7026,1.);
#7026 = DIRECTION('',(1.,0.,-0.));
#7027 = PLANE('',#7028);
#7028 = AXIS2_PLACEMENT_3D('',#7029,#7030,#7031);
#7029 = CARTESIAN_POINT('',(-7.586206896552,-12.5,-5.));
#7030 = DIRECTION('',(0.,0.,1.));
#7031 = DIRECTION('',(1.,0.,-0.));
#7032 = ADVANCED_FACE('',(#7033),#7058,.F.);
#7033 = FACE_BOUND('',#7034,.F.);
#7034 = EDGE_LOOP('',(#7035,#7043,#7051,#7057));
#7035 = ORIENTED_EDGE('',*,*,#7036,.F.);
#7036 = EDGE_CURVE('',#7037,#7007,#7039,.T.);
#7037 = VERTEX_POINT('',#7038);
#7038 = CARTESIAN_POINT('',(1.5,-11.,-6.));
#7039 = LINE('',#7040,#7041);
#7040 = CARTESIAN_POINT('',(1.5,-11.,-6.));
#7041 = VECTOR('',#7042,1.);
#7042 = DIRECTION('',(0.,0.,1.));
#7043 = ORIENTED_EDGE('',*,*,#7044,.F.);
#7044 = EDGE_CURVE('',#7045,#7037,#7047,.T.);
#7045 = VERTEX_POINT('',#7046);
#7046 = CARTESIAN_POINT('',(-1.5,-11.,-6.));
#7047 = LINE('',#7048,#7049);
#7048 = CARTESIAN_POINT('',(-1.5,-11.,-6.));
#7049 = VECTOR('',#7050,1.);
#7050 = DIRECTION('',(1.,0.,-0.));
#7051 = ORIENTED_EDGE('',*,*,#7052,.T.);
#7052 = EDGE_CURVE('',#7045,#7015,#7053,.T.);
#7053 = LINE('',#7054,#7055);
#7054 = CARTESIAN_POINT('',(-1.5,-11.,-6.));
#7055 = VECTOR('',#7056,1.);
#7056 = DIRECTION('',(0.,0.,1.));
#7057 = ORIENTED_EDGE('',*,*,#7014,.T.);
#7058 = PLANE('',#7059);
#7059 = AXIS2_PLACEMENT_3D('',#7060,#7061,#7062);
#7060 = CARTESIAN_POINT('',(-1.5,-11.,-6.));
#7061 = DIRECTION('',(-0.,1.,0.));
#7062 = DIRECTION('',(0.,0.,1.));
#7063 = ADVANCED_FACE('',(#7064),#7082,.T.);
#7064 = FACE_BOUND('',#7065,.T.);
#7065 = EDGE_LOOP('',(#7066,#7073,#7074,#7081));
#7066 = ORIENTED_EDGE('',*,*,#7067,.F.);
#7067 = EDGE_CURVE('',#6919,#6999,#7068,.T.);
#7068 = CIRCLE('',#7069,5.);
#7069 = AXIS2_PLACEMENT_3D('',#7070,#7071,#7072);
#7070 = CARTESIAN_POINT('',(7.586206896552,-11.,0.));
#7071 = DIRECTION('',(0.,1.,0.));
#7072 = DIRECTION('',(0.,-0.,1.));
#7073 = ORIENTED_EDGE('',*,*,#6918,.F.);
#7074 = ORIENTED_EDGE('',*,*,#7075,.T.);
#7075 = EDGE_CURVE('',#6911,#6991,#7076,.T.);
#7076 = CIRCLE('',#7077,5.);
#7077 = AXIS2_PLACEMENT_3D('',#7078,#7079,#7080);
#7078 = CARTESIAN_POINT('',(7.586206896552,-12.5,0.));
#7079 = DIRECTION('',(0.,1.,0.));
#7080 = DIRECTION('',(0.,-0.,1.));
#7081 = ORIENTED_EDGE('',*,*,#6998,.T.);
#7082 = CYLINDRICAL_SURFACE('',#7083,5.);
#7083 = AXIS2_PLACEMENT_3D('',#7084,#7085,#7086);
#7084 = CARTESIAN_POINT('',(7.586206896552,-12.5,0.));
#7085 = DIRECTION('',(0.,1.,0.));
#7086 = DIRECTION('',(0.,-0.,1.));
#7087 = ADVANCED_FACE('',(#7088),#7113,.F.);
#7088 = FACE_BOUND('',#7089,.F.);
#7089 = EDGE_LOOP('',(#7090,#7091,#7099,#7107));
#7090 = ORIENTED_EDGE('',*,*,#6934,.F.);
#7091 = ORIENTED_EDGE('',*,*,#7092,.T.);
#7092 = EDGE_CURVE('',#6935,#7093,#7095,.T.);
#7093 = VERTEX_POINT('',#7094);
#7094 = CARTESIAN_POINT('',(-1.5,-11.,6.));
#7095 = LINE('',#7096,#7097);
#7096 = CARTESIAN_POINT('',(-1.5,-11.,4.5));
#7097 = VECTOR('',#7098,1.);
#7098 = DIRECTION('',(0.,0.,1.));
#7099 = ORIENTED_EDGE('',*,*,#7100,.T.);
#7100 = EDGE_CURVE('',#7093,#7101,#7103,.T.);
#7101 = VERTEX_POINT('',#7102);
#7102 = CARTESIAN_POINT('',(1.5,-11.,6.));
#7103 = LINE('',#7104,#7105);
#7104 = CARTESIAN_POINT('',(-1.5,-11.,6.));
#7105 = VECTOR('',#7106,1.);
#7106 = DIRECTION('',(1.,0.,-0.));
#7107 = ORIENTED_EDGE('',*,*,#7108,.F.);
#7108 = EDGE_CURVE('',#6927,#7101,#7109,.T.);
#7109 = LINE('',#7110,#7111);
#7110 = CARTESIAN_POINT('',(1.5,-11.,4.5));
#7111 = VECTOR('',#7112,1.);
#7112 = DIRECTION('',(0.,0.,1.));
#7113 = PLANE('',#7114);
#7114 = AXIS2_PLACEMENT_3D('',#7115,#7116,#7117);
#7115 = CARTESIAN_POINT('',(-1.5,-11.,4.5));
#7116 = DIRECTION('',(-0.,1.,0.));
#7117 = DIRECTION('',(0.,0.,1.));
#7118 = ADVANCED_FACE('',(#7119),#7160,.F.);
#7119 = FACE_BOUND('',#7120,.F.);
#7120 = EDGE_LOOP('',(#7121,#7122,#7130,#7138,#7146,#7154));
#7121 = ORIENTED_EDGE('',*,*,#7052,.F.);
#7122 = ORIENTED_EDGE('',*,*,#7123,.T.);
#7123 = EDGE_CURVE('',#7045,#7124,#7126,.T.);
#7124 = VERTEX_POINT('',#7125);
#7125 = CARTESIAN_POINT('',(-1.5,11.,-6.));
#7126 = LINE('',#7127,#7128);
#7127 = CARTESIAN_POINT('',(-1.5,-11.,-6.));
#7128 = VECTOR('',#7129,1.);
#7129 = DIRECTION('',(-0.,1.,0.));
#7130 = ORIENTED_EDGE('',*,*,#7131,.T.);
#7131 = EDGE_CURVE('',#7124,#7132,#7134,.T.);
#7132 = VERTEX_POINT('',#7133);
#7133 = CARTESIAN_POINT('',(-1.5,11.,-5.));
#7134 = LINE('',#7135,#7136);
#7135 = CARTESIAN_POINT('',(-1.5,11.,-6.));
#7136 = VECTOR('',#7137,1.);
#7137 = DIRECTION('',(0.,0.,1.));
#7138 = ORIENTED_EDGE('',*,*,#7139,.T.);
#7139 = EDGE_CURVE('',#7132,#7140,#7142,.T.);
#7140 = VERTEX_POINT('',#7141);
#7141 = CARTESIAN_POINT('',(-1.5,11.,-4.5));
#7142 = LINE('',#7143,#7144);
#7143 = CARTESIAN_POINT('',(-1.5,11.,-6.));
#7144 = VECTOR('',#7145,1.);
#7145 = DIRECTION('',(0.,0.,1.));
#7146 = ORIENTED_EDGE('',*,*,#7147,.F.);
#7147 = EDGE_CURVE('',#7148,#7140,#7150,.T.);
#7148 = VERTEX_POINT('',#7149);
#7149 = CARTESIAN_POINT('',(-1.5,-11.,-4.5));
#7150 = LINE('',#7151,#7152);
#7151 = CARTESIAN_POINT('',(-1.5,-11.,-4.5));
#7152 = VECTOR('',#7153,1.);
#7153 = DIRECTION('',(-0.,1.,0.));
#7154 = ORIENTED_EDGE('',*,*,#7155,.F.);
#7155 = EDGE_CURVE('',#7015,#7148,#7156,.T.);
#7156 = LINE('',#7157,#7158);
#7157 = CARTESIAN_POINT('',(-1.5,-11.,-6.));
#7158 = VECTOR('',#7159,1.);
#7159 = DIRECTION('',(0.,0.,1.));
#7160 = PLANE('',#7161);
#7161 = AXIS2_PLACEMENT_3D('',#7162,#7163,#7164);
#7162 = CARTESIAN_POINT('',(-1.5,-11.,-6.));
#7163 = DIRECTION('',(1.,0.,-0.));
#7164 = DIRECTION('',(0.,0.,1.));
#7165 = ADVANCED_FACE('',(#7166),#7191,.T.);
#7166 = FACE_BOUND('',#7167,.T.);
#7167 = EDGE_LOOP('',(#7168,#7169,#7177,#7185));
#7168 = ORIENTED_EDGE('',*,*,#7147,.F.);
#7169 = ORIENTED_EDGE('',*,*,#7170,.T.);
#7170 = EDGE_CURVE('',#7148,#7171,#7173,.T.);
#7171 = VERTEX_POINT('',#7172);
#7172 = CARTESIAN_POINT('',(1.5,-11.,-4.5));
#7173 = LINE('',#7174,#7175);
#7174 = CARTESIAN_POINT('',(-1.5,-11.,-4.5));
#7175 = VECTOR('',#7176,1.);
#7176 = DIRECTION('',(1.,0.,-0.));
#7177 = ORIENTED_EDGE('',*,*,#7178,.T.);
#7178 = EDGE_CURVE('',#7171,#7179,#7181,.T.);
#7179 = VERTEX_POINT('',#7180);
#7180 = CARTESIAN_POINT('',(1.5,11.,-4.5));
#7181 = LINE('',#7182,#7183);
#7182 = CARTESIAN_POINT('',(1.5,-11.,-4.5));
#7183 = VECTOR('',#7184,1.);
#7184 = DIRECTION('',(-0.,1.,0.));
#7185 = ORIENTED_EDGE('',*,*,#7186,.F.);
#7186 = EDGE_CURVE('',#7140,#7179,#7187,.T.);
#7187 = LINE('',#7188,#7189);
#7188 = CARTESIAN_POINT('',(-1.5,11.,-4.5));
#7189 = VECTOR('',#7190,1.);
#7190 = DIRECTION('',(1.,0.,-0.));
#7191 = PLANE('',#7192);
#7192 = AXIS2_PLACEMENT_3D('',#7193,#7194,#7195);
#7193 = CARTESIAN_POINT('',(-1.5,-11.,-4.5));
#7194 = DIRECTION('',(0.,0.,1.));
#7195 = DIRECTION('',(1.,0.,-0.));
#7196 = ADVANCED_FACE('',(#7197),#7229,.T.);
#7197 = FACE_BOUND('',#7198,.T.);
#7198 = EDGE_LOOP('',(#7199,#7200,#7208,#7216,#7222,#7223));
#7199 = ORIENTED_EDGE('',*,*,#7036,.F.);
#7200 = ORIENTED_EDGE('',*,*,#7201,.T.);
#7201 = EDGE_CURVE('',#7037,#7202,#7204,.T.);
#7202 = VERTEX_POINT('',#7203);
#7203 = CARTESIAN_POINT('',(1.5,11.,-6.));
#7204 = LINE('',#7205,#7206);
#7205 = CARTESIAN_POINT('',(1.5,-11.,-6.));
#7206 = VECTOR('',#7207,1.);
#7207 = DIRECTION('',(-0.,1.,0.));
#7208 = ORIENTED_EDGE('',*,*,#7209,.T.);
#7209 = EDGE_CURVE('',#7202,#7210,#7212,.T.);
#7210 = VERTEX_POINT('',#7211);
#7211 = CARTESIAN_POINT('',(1.5,11.,-5.));
#7212 = LINE('',#7213,#7214);
#7213 = CARTESIAN_POINT('',(1.5,11.,-6.));
#7214 = VECTOR('',#7215,1.);
#7215 = DIRECTION('',(0.,0.,1.));
#7216 = ORIENTED_EDGE('',*,*,#7217,.T.);
#7217 = EDGE_CURVE('',#7210,#7179,#7218,.T.);
#7218 = LINE('',#7219,#7220);
#7219 = CARTESIAN_POINT('',(1.5,11.,-6.));
#7220 = VECTOR('',#7221,1.);
#7221 = DIRECTION('',(0.,0.,1.));
#7222 = ORIENTED_EDGE('',*,*,#7178,.F.);
#7223 = ORIENTED_EDGE('',*,*,#7224,.F.);
#7224 = EDGE_CURVE('',#7007,#7171,#7225,.T.);
#7225 = LINE('',#7226,#7227);
#7226 = CARTESIAN_POINT('',(1.5,-11.,-6.));
#7227 = VECTOR('',#7228,1.);
#7228 = DIRECTION('',(0.,0.,1.));
#7229 = PLANE('',#7230);
#7230 = AXIS2_PLACEMENT_3D('',#7231,#7232,#7233);
#7231 = CARTESIAN_POINT('',(1.5,-11.,-6.));
#7232 = DIRECTION('',(1.,0.,-0.));
#7233 = DIRECTION('',(0.,0.,1.));
#7234 = ADVANCED_FACE('',(#7235),#7276,.T.);
#7235 = FACE_BOUND('',#7236,.T.);
#7236 = EDGE_LOOP('',(#7237,#7245,#7253,#7261,#7269,#7275));
#7237 = ORIENTED_EDGE('',*,*,#7238,.F.);
#7238 = EDGE_CURVE('',#7239,#6927,#7241,.T.);
#7239 = VERTEX_POINT('',#7240);
#7240 = CARTESIAN_POINT('',(1.5,-11.,4.5));
#7241 = LINE('',#7242,#7243);
#7242 = CARTESIAN_POINT('',(1.5,-11.,4.5));
#7243 = VECTOR('',#7244,1.);
#7244 = DIRECTION('',(0.,0.,1.));
#7245 = ORIENTED_EDGE('',*,*,#7246,.T.);
#7246 = EDGE_CURVE('',#7239,#7247,#7249,.T.);
#7247 = VERTEX_POINT('',#7248);
#7248 = CARTESIAN_POINT('',(1.5,11.,4.5));
#7249 = LINE('',#7250,#7251);
#7250 = CARTESIAN_POINT('',(1.5,-11.,4.5));
#7251 = VECTOR('',#7252,1.);
#7252 = DIRECTION('',(-0.,1.,0.));
#7253 = ORIENTED_EDGE('',*,*,#7254,.T.);
#7254 = EDGE_CURVE('',#7247,#7255,#7257,.T.);
#7255 = VERTEX_POINT('',#7256);
#7256 = CARTESIAN_POINT('',(1.5,11.,5.));
#7257 = LINE('',#7258,#7259);
#7258 = CARTESIAN_POINT('',(1.5,11.,4.5));
#7259 = VECTOR('',#7260,1.);
#7260 = DIRECTION('',(0.,0.,1.));
#7261 = ORIENTED_EDGE('',*,*,#7262,.T.);
#7262 = EDGE_CURVE('',#7255,#7263,#7265,.T.);
#7263 = VERTEX_POINT('',#7264);
#7264 = CARTESIAN_POINT('',(1.5,11.,6.));
#7265 = LINE('',#7266,#7267);
#7266 = CARTESIAN_POINT('',(1.5,11.,4.5));
#7267 = VECTOR('',#7268,1.);
#7268 = DIRECTION('',(0.,0.,1.));
#7269 = ORIENTED_EDGE('',*,*,#7270,.F.);
#7270 = EDGE_CURVE('',#7101,#7263,#7271,.T.);
#7271 = LINE('',#7272,#7273);
#7272 = CARTESIAN_POINT('',(1.5,-11.,6.));
#7273 = VECTOR('',#7274,1.);
#7274 = DIRECTION('',(-0.,1.,0.));
#7275 = ORIENTED_EDGE('',*,*,#7108,.F.);
#7276 = PLANE('',#7277);
#7277 = AXIS2_PLACEMENT_3D('',#7278,#7279,#7280);
#7278 = CARTESIAN_POINT('',(1.5,-11.,4.5));
#7279 = DIRECTION('',(1.,0.,-0.));
#7280 = DIRECTION('',(0.,0.,1.));
#7281 = ADVANCED_FACE('',(#7282),#7307,.F.);
#7282 = FACE_BOUND('',#7283,.F.);
#7283 = EDGE_LOOP('',(#7284,#7294,#7300,#7301));
#7284 = ORIENTED_EDGE('',*,*,#7285,.F.);
#7285 = EDGE_CURVE('',#7286,#7288,#7290,.T.);
#7286 = VERTEX_POINT('',#7287);
#7287 = CARTESIAN_POINT('',(-1.5,-11.,4.5));
#7288 = VERTEX_POINT('',#7289);
#7289 = CARTESIAN_POINT('',(-1.5,11.,4.5));
#7290 = LINE('',#7291,#7292);
#7291 = CARTESIAN_POINT('',(-1.5,-11.,4.5));
#7292 = VECTOR('',#7293,1.);
#7293 = DIRECTION('',(-0.,1.,0.));
#7294 = ORIENTED_EDGE('',*,*,#7295,.T.);
#7295 = EDGE_CURVE('',#7286,#7239,#7296,.T.);
#7296 = LINE('',#7297,#7298);
#7297 = CARTESIAN_POINT('',(-1.5,-11.,4.5));
#7298 = VECTOR('',#7299,1.);
#7299 = DIRECTION('',(1.,0.,-0.));
#7300 = ORIENTED_EDGE('',*,*,#7246,.T.);
#7301 = ORIENTED_EDGE('',*,*,#7302,.F.);
#7302 = EDGE_CURVE('',#7288,#7247,#7303,.T.);
#7303 = LINE('',#7304,#7305);
#7304 = CARTESIAN_POINT('',(-1.5,11.,4.5));
#7305 = VECTOR('',#7306,1.);
#7306 = DIRECTION('',(1.,0.,-0.));
#7307 = PLANE('',#7308);
#7308 = AXIS2_PLACEMENT_3D('',#7309,#7310,#7311);
#7309 = CARTESIAN_POINT('',(-1.5,-11.,4.5));
#7310 = DIRECTION('',(0.,0.,1.));
#7311 = DIRECTION('',(1.,0.,-0.));
#7312 = ADVANCED_FACE('',(#7313),#7345,.F.);
#7313 = FACE_BOUND('',#7314,.F.);
#7314 = EDGE_LOOP('',(#7315,#7321,#7322,#7330,#7338,#7344));
#7315 = ORIENTED_EDGE('',*,*,#7316,.F.);
#7316 = EDGE_CURVE('',#7286,#6935,#7317,.T.);
#7317 = LINE('',#7318,#7319);
#7318 = CARTESIAN_POINT('',(-1.5,-11.,4.5));
#7319 = VECTOR('',#7320,1.);
#7320 = DIRECTION('',(0.,0.,1.));
#7321 = ORIENTED_EDGE('',*,*,#7285,.T.);
#7322 = ORIENTED_EDGE('',*,*,#7323,.T.);
#7323 = EDGE_CURVE('',#7288,#7324,#7326,.T.);
#7324 = VERTEX_POINT('',#7325);
#7325 = CARTESIAN_POINT('',(-1.5,11.,5.));
#7326 = LINE('',#7327,#7328);
#7327 = CARTESIAN_POINT('',(-1.5,11.,4.5));
#7328 = VECTOR('',#7329,1.);
#7329 = DIRECTION('',(0.,0.,1.));
#7330 = ORIENTED_EDGE('',*,*,#7331,.T.);
#7331 = EDGE_CURVE('',#7324,#7332,#7334,.T.);
#7332 = VERTEX_POINT('',#7333);
#7333 = CARTESIAN_POINT('',(-1.5,11.,6.));
#7334 = LINE('',#7335,#7336);
#7335 = CARTESIAN_POINT('',(-1.5,11.,4.5));
#7336 = VECTOR('',#7337,1.);
#7337 = DIRECTION('',(0.,0.,1.));
#7338 = ORIENTED_EDGE('',*,*,#7339,.F.);
#7339 = EDGE_CURVE('',#7093,#7332,#7340,.T.);
#7340 = LINE('',#7341,#7342);
#7341 = CARTESIAN_POINT('',(-1.5,-11.,6.));
#7342 = VECTOR('',#7343,1.);
#7343 = DIRECTION('',(-0.,1.,0.));
#7344 = ORIENTED_EDGE('',*,*,#7092,.F.);
#7345 = PLANE('',#7346);
#7346 = AXIS2_PLACEMENT_3D('',#7347,#7348,#7349);
#7347 = CARTESIAN_POINT('',(-1.5,-11.,4.5));
#7348 = DIRECTION('',(1.,0.,-0.));
#7349 = DIRECTION('',(0.,0.,1.));
#7350 = ADVANCED_FACE('',(#7351),#7362,.F.);
#7351 = FACE_BOUND('',#7352,.F.);
#7352 = EDGE_LOOP('',(#7353,#7354,#7355,#7356));
#7353 = ORIENTED_EDGE('',*,*,#7123,.F.);
#7354 = ORIENTED_EDGE('',*,*,#7044,.T.);
#7355 = ORIENTED_EDGE('',*,*,#7201,.T.);
#7356 = ORIENTED_EDGE('',*,*,#7357,.F.);
#7357 = EDGE_CURVE('',#7124,#7202,#7358,.T.);
#7358 = LINE('',#7359,#7360);
#7359 = CARTESIAN_POINT('',(-1.5,11.,-6.));
#7360 = VECTOR('',#7361,1.);
#7361 = DIRECTION('',(1.,0.,-0.));
#7362 = PLANE('',#7363);
#7363 = AXIS2_PLACEMENT_3D('',#7364,#7365,#7366);
#7364 = CARTESIAN_POINT('',(-1.5,-11.,-6.));
#7365 = DIRECTION('',(0.,0.,1.));
#7366 = DIRECTION('',(1.,0.,-0.));
#7367 = ADVANCED_FACE('',(#7368),#7379,.T.);
#7368 = FACE_BOUND('',#7369,.T.);
#7369 = EDGE_LOOP('',(#7370,#7371,#7372,#7373));
#7370 = ORIENTED_EDGE('',*,*,#7339,.F.);
#7371 = ORIENTED_EDGE('',*,*,#7100,.T.);
#7372 = ORIENTED_EDGE('',*,*,#7270,.T.);
#7373 = ORIENTED_EDGE('',*,*,#7374,.F.);
#7374 = EDGE_CURVE('',#7332,#7263,#7375,.T.);
#7375 = LINE('',#7376,#7377);
#7376 = CARTESIAN_POINT('',(-1.5,11.,6.));
#7377 = VECTOR('',#7378,1.);
#7378 = DIRECTION('',(1.,0.,-0.));
#7379 = PLANE('',#7380);
#7380 = AXIS2_PLACEMENT_3D('',#7381,#7382,#7383);
#7381 = CARTESIAN_POINT('',(-1.5,-11.,6.));
#7382 = DIRECTION('',(0.,0.,1.));
#7383 = DIRECTION('',(1.,0.,-0.));
#7384 = ADVANCED_FACE('',(#7385),#7396,.T.);
#7385 = FACE_BOUND('',#7386,.T.);
#7386 = EDGE_LOOP('',(#7387,#7388,#7389,#7390));
#7387 = ORIENTED_EDGE('',*,*,#7209,.F.);
#7388 = ORIENTED_EDGE('',*,*,#7357,.F.);
#7389 = ORIENTED_EDGE('',*,*,#7131,.T.);
#7390 = ORIENTED_EDGE('',*,*,#7391,.T.);
#7391 = EDGE_CURVE('',#7132,#7210,#7392,.T.);
#7392 = LINE('',#7393,#7394);
#7393 = CARTESIAN_POINT('',(-7.586206896552,11.,-5.));
#7394 = VECTOR('',#7395,1.);
#7395 = DIRECTION('',(1.,0.,-0.));
#7396 = PLANE('',#7397);
#7397 = AXIS2_PLACEMENT_3D('',#7398,#7399,#7400);
#7398 = CARTESIAN_POINT('',(-1.5,11.,-6.));
#7399 = DIRECTION('',(-0.,1.,0.));
#7400 = DIRECTION('',(0.,0.,1.));
#7401 = ADVANCED_FACE('',(#7402),#7413,.T.);
#7402 = FACE_BOUND('',#7403,.T.);
#7403 = EDGE_LOOP('',(#7404,#7410,#7411,#7412));
#7404 = ORIENTED_EDGE('',*,*,#7405,.F.);
#7405 = EDGE_CURVE('',#7324,#7255,#7406,.T.);
#7406 = LINE('',#7407,#7408);
#7407 = CARTESIAN_POINT('',(-7.586206896552,11.,5.));
#7408 = VECTOR('',#7409,1.);
#7409 = DIRECTION('',(1.,0.,-0.));
#7410 = ORIENTED_EDGE('',*,*,#7331,.T.);
#7411 = ORIENTED_EDGE('',*,*,#7374,.T.);
#7412 = ORIENTED_EDGE('',*,*,#7262,.F.);
#7413 = PLANE('',#7414);
#7414 = AXIS2_PLACEMENT_3D('',#7415,#7416,#7417);
#7415 = CARTESIAN_POINT('',(-1.5,11.,4.5));
#7416 = DIRECTION('',(-0.,1.,0.));
#7417 = DIRECTION('',(0.,0.,1.));
#7418 = ADVANCED_FACE('',(#7419),#7460,.F.);
#7419 = FACE_BOUND('',#7420,.F.);
#7420 = EDGE_LOOP('',(#7421,#7431,#7437,#7438,#7446,#7454));
#7421 = ORIENTED_EDGE('',*,*,#7422,.F.);
#7422 = EDGE_CURVE('',#7423,#7425,#7427,.T.);
#7423 = VERTEX_POINT('',#7424);
#7424 = CARTESIAN_POINT('',(-7.586206896552,11.,-5.));
#7425 = VERTEX_POINT('',#7426);
#7426 = CARTESIAN_POINT('',(-7.586206896552,12.5,-5.));
#7427 = LINE('',#7428,#7429);
#7428 = CARTESIAN_POINT('',(-7.586206896552,11.,-5.));
#7429 = VECTOR('',#7430,1.);
#7430 = DIRECTION('',(-0.,1.,0.));
#7431 = ORIENTED_EDGE('',*,*,#7432,.T.);
#7432 = EDGE_CURVE('',#7423,#7132,#7433,.T.);
#7433 = LINE('',#7434,#7435);
#7434 = CARTESIAN_POINT('',(-7.586206896552,11.,-5.));
#7435 = VECTOR('',#7436,1.);
#7436 = DIRECTION('',(1.,0.,-0.));
#7437 = ORIENTED_EDGE('',*,*,#7391,.T.);
#7438 = ORIENTED_EDGE('',*,*,#7439,.T.);
#7439 = EDGE_CURVE('',#7210,#7440,#7442,.T.);
#7440 = VERTEX_POINT('',#7441);
#7441 = CARTESIAN_POINT('',(7.586206896552,11.,-5.));
#7442 = LINE('',#7443,#7444);
#7443 = CARTESIAN_POINT('',(-7.586206896552,11.,-5.));
#7444 = VECTOR('',#7445,1.);
#7445 = DIRECTION('',(1.,0.,-0.));
#7446 = ORIENTED_EDGE('',*,*,#7447,.T.);
#7447 = EDGE_CURVE('',#7440,#7448,#7450,.T.);
#7448 = VERTEX_POINT('',#7449);
#7449 = CARTESIAN_POINT('',(7.586206896552,12.5,-5.));
#7450 = LINE('',#7451,#7452);
#7451 = CARTESIAN_POINT('',(7.586206896552,11.,-5.));
#7452 = VECTOR('',#7453,1.);
#7453 = DIRECTION('',(-0.,1.,0.));
#7454 = ORIENTED_EDGE('',*,*,#7455,.F.);
#7455 = EDGE_CURVE('',#7425,#7448,#7456,.T.);
#7456 = LINE('',#7457,#7458);
#7457 = CARTESIAN_POINT('',(-7.586206896552,12.5,-5.));
#7458 = VECTOR('',#7459,1.);
#7459 = DIRECTION('',(1.,0.,-0.));
#7460 = PLANE('',#7461);
#7461 = AXIS2_PLACEMENT_3D('',#7462,#7463,#7464);
#7462 = CARTESIAN_POINT('',(-7.586206896552,11.,-5.));
#7463 = DIRECTION('',(0.,0.,1.));
#7464 = DIRECTION('',(1.,0.,-0.));
#7465 = ADVANCED_FACE('',(#7466),#7507,.T.);
#7466 = FACE_BOUND('',#7467,.T.);
#7467 = EDGE_LOOP('',(#7468,#7478,#7484,#7485,#7493,#7501));
#7468 = ORIENTED_EDGE('',*,*,#7469,.F.);
#7469 = EDGE_CURVE('',#7470,#7472,#7474,.T.);
#7470 = VERTEX_POINT('',#7471);
#7471 = CARTESIAN_POINT('',(-7.586206896552,11.,5.));
#7472 = VERTEX_POINT('',#7473);
#7473 = CARTESIAN_POINT('',(-7.586206896552,12.5,5.));
#7474 = LINE('',#7475,#7476);
#7475 = CARTESIAN_POINT('',(-7.586206896552,11.,5.));
#7476 = VECTOR('',#7477,1.);
#7477 = DIRECTION('',(-0.,1.,0.));
#7478 = ORIENTED_EDGE('',*,*,#7479,.T.);
#7479 = EDGE_CURVE('',#7470,#7324,#7480,.T.);
#7480 = LINE('',#7481,#7482);
#7481 = CARTESIAN_POINT('',(-7.586206896552,11.,5.));
#7482 = VECTOR('',#7483,1.);
#7483 = DIRECTION('',(1.,0.,-0.));
#7484 = ORIENTED_EDGE('',*,*,#7405,.T.);
#7485 = ORIENTED_EDGE('',*,*,#7486,.T.);
#7486 = EDGE_CURVE('',#7255,#7487,#7489,.T.);
#7487 = VERTEX_POINT('',#7488);
#7488 = CARTESIAN_POINT('',(7.586206896552,11.,5.));
#7489 = LINE('',#7490,#7491);
#7490 = CARTESIAN_POINT('',(-7.586206896552,11.,5.));
#7491 = VECTOR('',#7492,1.);
#7492 = DIRECTION('',(1.,0.,-0.));
#7493 = ORIENTED_EDGE('',*,*,#7494,.T.);
#7494 = EDGE_CURVE('',#7487,#7495,#7497,.T.);
#7495 = VERTEX_POINT('',#7496);
#7496 = CARTESIAN_POINT('',(7.586206896552,12.5,5.));
#7497 = LINE('',#7498,#7499);
#7498 = CARTESIAN_POINT('',(7.586206896552,11.,5.));
#7499 = VECTOR('',#7500,1.);
#7500 = DIRECTION('',(-0.,1.,0.));
#7501 = ORIENTED_EDGE('',*,*,#7502,.F.);
#7502 = EDGE_CURVE('',#7472,#7495,#7503,.T.);
#7503 = LINE('',#7504,#7505);
#7504 = CARTESIAN_POINT('',(-7.586206896552,12.5,5.));
#7505 = VECTOR('',#7506,1.);
#7506 = DIRECTION('',(1.,0.,-0.));
#7507 = PLANE('',#7508);
#7508 = AXIS2_PLACEMENT_3D('',#7509,#7510,#7511);
#7509 = CARTESIAN_POINT('',(-7.586206896552,11.,5.));
#7510 = DIRECTION('',(0.,0.,1.));
#7511 = DIRECTION('',(1.,0.,-0.));
#7512 = ADVANCED_FACE('',(#7513),#7531,.T.);
#7513 = FACE_BOUND('',#7514,.T.);
#7514 = EDGE_LOOP('',(#7515,#7516,#7523,#7524));
#7515 = ORIENTED_EDGE('',*,*,#7469,.T.);
#7516 = ORIENTED_EDGE('',*,*,#7517,.F.);
#7517 = EDGE_CURVE('',#7425,#7472,#7518,.T.);
#7518 = CIRCLE('',#7519,5.);
#7519 = AXIS2_PLACEMENT_3D('',#7520,#7521,#7522);
#7520 = CARTESIAN_POINT('',(-7.586206896552,12.5,0.));
#7521 = DIRECTION('',(0.,1.,0.));
#7522 = DIRECTION('',(0.,-0.,1.));
#7523 = ORIENTED_EDGE('',*,*,#7422,.F.);
#7524 = ORIENTED_EDGE('',*,*,#7525,.T.);
#7525 = EDGE_CURVE('',#7423,#7470,#7526,.T.);
#7526 = CIRCLE('',#7527,5.);
#7527 = AXIS2_PLACEMENT_3D('',#7528,#7529,#7530);
#7528 = CARTESIAN_POINT('',(-7.586206896552,11.,0.));
#7529 = DIRECTION('',(0.,1.,0.));
#7530 = DIRECTION('',(0.,-0.,1.));
#7531 = CYLINDRICAL_SURFACE('',#7532,5.);
#7532 = AXIS2_PLACEMENT_3D('',#7533,#7534,#7535);
#7533 = CARTESIAN_POINT('',(-7.586206896552,11.,0.));
#7534 = DIRECTION('',(0.,1.,0.));
#7535 = DIRECTION('',(0.,-0.,1.));
#7536 = ADVANCED_FACE('',(#7537),#7555,.T.);
#7537 = FACE_BOUND('',#7538,.T.);
#7538 = EDGE_LOOP('',(#7539,#7546,#7547,#7554));
#7539 = ORIENTED_EDGE('',*,*,#7540,.F.);
#7540 = EDGE_CURVE('',#7495,#7448,#7541,.T.);
#7541 = CIRCLE('',#7542,5.);
#7542 = AXIS2_PLACEMENT_3D('',#7543,#7544,#7545);
#7543 = CARTESIAN_POINT('',(7.586206896552,12.5,0.));
#7544 = DIRECTION('',(0.,1.,0.));
#7545 = DIRECTION('',(0.,-0.,1.));
#7546 = ORIENTED_EDGE('',*,*,#7494,.F.);
#7547 = ORIENTED_EDGE('',*,*,#7548,.T.);
#7548 = EDGE_CURVE('',#7487,#7440,#7549,.T.);
#7549 = CIRCLE('',#7550,5.);
#7550 = AXIS2_PLACEMENT_3D('',#7551,#7552,#7553);
#7551 = CARTESIAN_POINT('',(7.586206896552,11.,0.));
#7552 = DIRECTION('',(0.,1.,0.));
#7553 = DIRECTION('',(0.,-0.,1.));
#7554 = ORIENTED_EDGE('',*,*,#7447,.T.);
#7555 = CYLINDRICAL_SURFACE('',#7556,5.);
#7556 = AXIS2_PLACEMENT_3D('',#7557,#7558,#7559);
#7557 = CARTESIAN_POINT('',(7.586206896552,11.,0.));
#7558 = DIRECTION('',(0.,1.,0.));
#7559 = DIRECTION('',(0.,-0.,1.));
#7560 = ADVANCED_FACE('',(#7561),#7567,.T.);
#7561 = FACE_BOUND('',#7562,.T.);
#7562 = EDGE_LOOP('',(#7563,#7564,#7565,#7566));
#7563 = ORIENTED_EDGE('',*,*,#6990,.T.);
#7564 = ORIENTED_EDGE('',*,*,#7075,.F.);
#7565 = ORIENTED_EDGE('',*,*,#6910,.F.);
#7566 = ORIENTED_EDGE('',*,*,#6974,.F.);
#7567 = PLANE('',#7568);
#7568 = AXIS2_PLACEMENT_3D('',#7569,#7570,#7571);
#7569 = CARTESIAN_POINT('',(-6.476089505928E-16,-12.5,
    -2.354941638519E-16));
#7570 = DIRECTION('',(-0.,-1.,-0.));
#7571 = DIRECTION('',(0.,0.,-1.));
#7572 = ADVANCED_FACE('',(#7573),#7587,.T.);
#7573 = FACE_BOUND('',#7574,.T.);
#7574 = EDGE_LOOP('',(#7575,#7576,#7577,#7578,#7579,#7580,#7581,#7582,
    #7583,#7584,#7585,#7586));
#7575 = ORIENTED_EDGE('',*,*,#7022,.F.);
#7576 = ORIENTED_EDGE('',*,*,#6957,.T.);
#7577 = ORIENTED_EDGE('',*,*,#6942,.T.);
#7578 = ORIENTED_EDGE('',*,*,#7316,.F.);
#7579 = ORIENTED_EDGE('',*,*,#7295,.T.);
#7580 = ORIENTED_EDGE('',*,*,#7238,.T.);
#7581 = ORIENTED_EDGE('',*,*,#6926,.T.);
#7582 = ORIENTED_EDGE('',*,*,#7067,.T.);
#7583 = ORIENTED_EDGE('',*,*,#7006,.F.);
#7584 = ORIENTED_EDGE('',*,*,#7224,.T.);
#7585 = ORIENTED_EDGE('',*,*,#7170,.F.);
#7586 = ORIENTED_EDGE('',*,*,#7155,.F.);
#7587 = PLANE('',#7588);
#7588 = AXIS2_PLACEMENT_3D('',#7589,#7590,#7591);
#7589 = CARTESIAN_POINT('',(1.139697972182E-16,-11.,-2.279395944363E-16)
  );
#7590 = DIRECTION('',(0.,1.,0.));
#7591 = DIRECTION('',(0.,-0.,1.));
#7592 = ADVANCED_FACE('',(#7593),#7607,.T.);
#7593 = FACE_BOUND('',#7594,.T.);
#7594 = EDGE_LOOP('',(#7595,#7596,#7597,#7598,#7599,#7600,#7601,#7602,
    #7603,#7604,#7605,#7606));
#7595 = ORIENTED_EDGE('',*,*,#7432,.T.);
#7596 = ORIENTED_EDGE('',*,*,#7139,.T.);
#7597 = ORIENTED_EDGE('',*,*,#7186,.T.);
#7598 = ORIENTED_EDGE('',*,*,#7217,.F.);
#7599 = ORIENTED_EDGE('',*,*,#7439,.T.);
#7600 = ORIENTED_EDGE('',*,*,#7548,.F.);
#7601 = ORIENTED_EDGE('',*,*,#7486,.F.);
#7602 = ORIENTED_EDGE('',*,*,#7254,.F.);
#7603 = ORIENTED_EDGE('',*,*,#7302,.F.);
#7604 = ORIENTED_EDGE('',*,*,#7323,.T.);
#7605 = ORIENTED_EDGE('',*,*,#7479,.F.);
#7606 = ORIENTED_EDGE('',*,*,#7525,.F.);
#7607 = PLANE('',#7608);
#7608 = AXIS2_PLACEMENT_3D('',#7609,#7610,#7611);
#7609 = CARTESIAN_POINT('',(-6.268338846999E-16,11.,-2.279395944363E-16)
  );
#7610 = DIRECTION('',(-0.,-1.,-0.));
#7611 = DIRECTION('',(0.,0.,-1.));
#7612 = ADVANCED_FACE('',(#7613),#7619,.T.);
#7613 = FACE_BOUND('',#7614,.T.);
#7614 = EDGE_LOOP('',(#7615,#7616,#7617,#7618));
#7615 = ORIENTED_EDGE('',*,*,#7455,.F.);
#7616 = ORIENTED_EDGE('',*,*,#7517,.T.);
#7617 = ORIENTED_EDGE('',*,*,#7502,.T.);
#7618 = ORIENTED_EDGE('',*,*,#7540,.T.);
#7619 = PLANE('',#7620);
#7620 = AXIS2_PLACEMENT_3D('',#7621,#7622,#7623);
#7621 = CARTESIAN_POINT('',(-3.532412457779E-16,12.5,8.831031144447E-17)
  );
#7622 = DIRECTION('',(0.,1.,0.));
#7623 = DIRECTION('',(0.,-0.,1.));
#7624 = ( GEOMETRIC_REPRESENTATION_CONTEXT(3) 
GLOBAL_UNCERTAINTY_ASSIGNED_CONTEXT((#7628)) 
GLOBAL_UNIT_ASSIGNED_CONTEXT((#7625,#7626,#7627)) REPRESENTATION_CONTEXT
('Context #1','3D Context with UNIT and UNCERTAINTY') );
#7625 = ( LENGTH_UNIT() NAMED_UNIT(*) SI_UNIT(.MILLI.,.METRE.) );
#7626 = ( NAMED_UNIT(*) PLANE_ANGLE_UNIT() SI_UNIT($,.RADIAN.) );
#7627 = ( NAMED_UNIT(*) SI_UNIT($,.STERADIAN.) SOLID_ANGLE_UNIT() );
#7628 = UNCERTAINTY_MEASURE_WITH_UNIT(LENGTH_MEASURE(1.E-07),#7625,
  'distance_accuracy_value','confusion accuracy');
#7629 = CONTEXT_DEPENDENT_SHAPE_REPRESENTATION(#7630,#7632);
#7630 = ( REPRESENTATION_RELATIONSHIP('','',#6893,#10) 
REPRESENTATION_RELATIONSHIP_WITH_TRANSFORMATION(#7631) 
SHAPE_REPRESENTATION_RELATIONSHIP() );
#7631 = ITEM_DEFINED_TRANSFORMATION('','',#11,#51);
#7632 = PRODUCT_DEFINITION_SHAPE('Placement','Placement of an item',
  #7633);
#7633 = NEXT_ASSEMBLY_USAGE_OCCURRENCE('10','link_09','',#5,#6888,$);
#7634 = PRODUCT_RELATED_PRODUCT_CATEGORY('part',$,(#6890));
#7635 = SHAPE_DEFINITION_REPRESENTATION(#7636,#7642);
#7636 = PRODUCT_DEFINITION_SHAPE('','',#7637);
#7637 = PRODUCT_DEFINITION('design','',#7638,#7641);
#7638 = PRODUCT_DEFINITION_FORMATION('','',#7639);
#7639 = PRODUCT('link_10','link_10','',(#7640));
#7640 = PRODUCT_CONTEXT('',#2,'mechanical');
#7641 = PRODUCT_DEFINITION_CONTEXT('part definition',#2,'design');
#7642 = ADVANCED_BREP_SHAPE_REPRESENTATION('',(#11,#7643),#8373);
#7643 = MANIFOLD_SOLID_BREP('',#7644);
#7644 = CLOSED_SHELL('',(#7645,#7701,#7734,#7781,#7812,#7836,#7867,#7914
    ,#7945,#7983,#8030,#8061,#8099,#8116,#8133,#8150,#8167,#8214,#8261,
    #8285,#8309,#8321,#8341,#8361));
#7645 = ADVANCED_FACE('',(#7646),#7696,.T.);
#7646 = FACE_BOUND('',#7647,.T.);
#7647 = EDGE_LOOP('',(#7648,#7658,#7666,#7674,#7682,#7690));
#7648 = ORIENTED_EDGE('',*,*,#7649,.F.);
#7649 = EDGE_CURVE('',#7650,#7652,#7654,.T.);
#7650 = VERTEX_POINT('',#7651);
#7651 = CARTESIAN_POINT('',(-7.586206896552,-12.5,5.));
#7652 = VERTEX_POINT('',#7653);
#7653 = CARTESIAN_POINT('',(-7.586206896552,-11.,5.));
#7654 = LINE('',#7655,#7656);
#7655 = CARTESIAN_POINT('',(-7.586206896552,-12.5,5.));
#7656 = VECTOR('',#7657,1.);
#7657 = DIRECTION('',(-0.,1.,0.));
#7658 = ORIENTED_EDGE('',*,*,#7659,.T.);
#7659 = EDGE_CURVE('',#7650,#7660,#7662,.T.);
#7660 = VERTEX_POINT('',#7661);
#7661 = CARTESIAN_POINT('',(7.586206896552,-12.5,5.));
#7662 = LINE('',#7663,#7664);
#7663 = CARTESIAN_POINT('',(-7.586206896552,-12.5,5.));
#7664 = VECTOR('',#7665,1.);
#7665 = DIRECTION('',(1.,0.,-0.));
#7666 = ORIENTED_EDGE('',*,*,#7667,.T.);
#7667 = EDGE_CURVE('',#7660,#7668,#7670,.T.);
#7668 = VERTEX_POINT('',#7669);
#7669 = CARTESIAN_POINT('',(7.586206896552,-11.,5.));
#7670 = LINE('',#7671,#7672);
#7671 = CARTESIAN_POINT('',(7.586206896552,-12.5,5.));
#7672 = VECTOR('',#7673,1.);
#7673 = DIRECTION('',(-0.,1.,0.));
#7674 = ORIENTED_EDGE('',*,*,#7675,.F.);
#7675 = EDGE_CURVE('',#7676,#7668,#7678,.T.);
#7676 = VERTEX_POINT('',#7677);
#7677 = CARTESIAN_POINT('',(1.5,-11.,5.));
#7678 = LINE('',#7679,#7680);
#7679 = CARTESIAN_POINT('',(-7.586206896552,-11.,5.));
#7680 = VECTOR('',#7681,1.);
#7681 = DIRECTION('',(1.,0.,-0.));
#7682 = ORIENTED_EDGE('',*,*,#7683,.F.);
#7683 = EDGE_CURVE('',#7684,#7676,#7686,.T.);
#7684 = VERTEX_POINT('',#7685);
#7685 = CARTESIAN_POINT('',(-1.5,-11.,5.));
#7686 = LINE('',#7687,#7688);
#7687 = CARTESIAN_POINT('',(-7.586206896552,-11.,5.));
#7688 = VECTOR('',#7689,1.);
#7689 = DIRECTION('',(1.,0.,-0.));
#7690 = ORIENTED_EDGE('',*,*,#7691,.F.);
#7691 = EDGE_CURVE('',#7652,#7684,#7692,.T.);
#7692 = LINE('',#7693,#7694);
#7693 = CARTESIAN_POINT('',(-7.586206896552,-11.,5.));
#7694 = VECTOR('',#7695,1.);
#7695 = DIRECTION('',(1.,0.,-0.));
#7696 = PLANE('',#7697);
#7697 = AXIS2_PLACEMENT_3D('',#7698,#7699,#7700);
#7698 = CARTESIAN_POINT('',(-7.586206896552,-12.5,5.));
#7699 = DIRECTION('',(0.,0.,1.));
#7700 = DIRECTION('',(1.,0.,-0.));
#7701 = ADVANCED_FACE('',(#7702),#7729,.T.);
#7702 = FACE_BOUND('',#7703,.T.);
#7703 = EDGE_LOOP('',(#7704,#7705,#7714,#7722));
#7704 = ORIENTED_EDGE('',*,*,#7649,.T.);
#7705 = ORIENTED_EDGE('',*,*,#7706,.F.);
#7706 = EDGE_CURVE('',#7707,#7652,#7709,.T.);
#7707 = VERTEX_POINT('',#7708);
#7708 = CARTESIAN_POINT('',(-7.586206896552,-11.,-5.));
#7709 = CIRCLE('',#7710,5.);
#7710 = AXIS2_PLACEMENT_3D('',#7711,#7712,#7713);
#7711 = CARTESIAN_POINT('',(-7.586206896552,-11.,0.));
#7712 = DIRECTION('',(0.,1.,0.));
#7713 = DIRECTION('',(0.,-0.,1.));
#7714 = ORIENTED_EDGE('',*,*,#7715,.F.);
#7715 = EDGE_CURVE('',#7716,#7707,#7718,.T.);
#7716 = VERTEX_POINT('',#7717);
#7717 = CARTESIAN_POINT('',(-7.586206896552,-12.5,-5.));
#7718 = LINE('',#7719,#7720);
#7719 = CARTESIAN_POINT('',(-7.586206896552,-12.5,-5.));
#7720 = VECTOR('',#7721,1.);
#7721 = DIRECTION('',(-0.,1.,0.));
#7722 = ORIENTED_EDGE('',*,*,#7723,.T.);
#7723 = EDGE_CURVE('',#7716,#7650,#7724,.T.);
#7724 = CIRCLE('',#7725,5.);
#7725 = AXIS2_PLACEMENT_3D('',#7726,#7727,#7728);
#7726 = CARTESIAN_POINT('',(-7.586206896552,-12.5,0.));
#7727 = DIRECTION('',(0.,1.,0.));
#7728 = DIRECTION('',(0.,-0.,1.));
#7729 = CYLINDRICAL_SURFACE('',#7730,5.);
#7730 = AXIS2_PLACEMENT_3D('',#7731,#7732,#7733);
#7731 = CARTESIAN_POINT('',(-7.586206896552,-12.5,0.));
#7732 = DIRECTION('',(0.,1.,0.));
#7733 = DIRECTION('',(0.,-0.,1.));
#7734 = ADVANCED_FACE('',(#7735),#7776,.F.);
#7735 = FACE_BOUND('',#7736,.F.);
#7736 = EDGE_LOOP('',(#7737,#7738,#7746,#7754,#7762,#7770));
#7737 = ORIENTED_EDGE('',*,*,#7715,.F.);
#7738 = ORIENTED_EDGE('',*,*,#7739,.T.);
#7739 = EDGE_CURVE('',#7716,#7740,#7742,.T.);
#7740 = VERTEX_POINT('',#7741);
#7741 = CARTESIAN_POINT('',(7.586206896552,-12.5,-5.));
#7742 = LINE('',#7743,#7744);
#7743 = CARTESIAN_POINT('',(-7.586206896552,-12.5,-5.));
#7744 = VECTOR('',#7745,1.);
#7745 = DIRECTION('',(1.,0.,-0.));
#7746 = ORIENTED_EDGE('',*,*,#7747,.T.);
#7747 = EDGE_CURVE('',#7740,#7748,#7750,.T.);
#7748 = VERTEX_POINT('',#7749);
#7749 = CARTESIAN_POINT('',(7.586206896552,-11.,-5.));
#7750 = LINE('',#7751,#7752);
#7751 = CARTESIAN_POINT('',(7.586206896552,-12.5,-5.));
#7752 = VECTOR('',#7753,1.);
#7753 = DIRECTION('',(-0.,1.,0.));
#7754 = ORIENTED_EDGE('',*,*,#7755,.F.);
#7755 = EDGE_CURVE('',#7756,#7748,#7758,.T.);
#7756 = VERTEX_POINT('',#7757);
#7757 = CARTESIAN_POINT('',(1.5,-11.,-5.));
#7758 = LINE('',#7759,#7760);
#7759 = CARTESIAN_POINT('',(-7.586206896552,-11.,-5.));
#7760 = VECTOR('',#7761,1.);
#7761 = DIRECTION('',(1.,0.,-0.));
#7762 = ORIENTED_EDGE('',*,*,#7763,.F.);
#7763 = EDGE_CURVE('',#7764,#7756,#7766,.T.);
#7764 = VERTEX_POINT('',#7765);
#7765 = CARTESIAN_POINT('',(-1.5,-11.,-5.));
#7766 = LINE('',#7767,#7768);
#7767 = CARTESIAN_POINT('',(-7.586206896552,-11.,-5.));
#7768 = VECTOR('',#7769,1.);
#7769 = DIRECTION('',(1.,0.,-0.));
#7770 = ORIENTED_EDGE('',*,*,#7771,.F.);
#7771 = EDGE_CURVE('',#7707,#7764,#7772,.T.);
#7772 = LINE('',#7773,#7774);
#7773 = CARTESIAN_POINT('',(-7.586206896552,-11.,-5.));
#7774 = VECTOR('',#7775,1.);
#7775 = DIRECTION('',(1.,0.,-0.));
#7776 = PLANE('',#7777);
#7777 = AXIS2_PLACEMENT_3D('',#7778,#7779,#7780);
#7778 = CARTESIAN_POINT('',(-7.586206896552,-12.5,-5.));
#7779 = DIRECTION('',(0.,0.,1.));
#7780 = DIRECTION('',(1.,0.,-0.));
#7781 = ADVANCED_FACE('',(#7782),#7807,.F.);
#7782 = FACE_BOUND('',#7783,.F.);
#7783 = EDGE_LOOP('',(#7784,#7792,#7800,#7806));
#7784 = ORIENTED_EDGE('',*,*,#7785,.F.);
#7785 = EDGE_CURVE('',#7786,#7756,#7788,.T.);
#7786 = VERTEX_POINT('',#7787);
#7787 = CARTESIAN_POINT('',(1.5,-11.,-6.));
#7788 = LINE('',#7789,#7790);
#7789 = CARTESIAN_POINT('',(1.5,-11.,-6.));
#7790 = VECTOR('',#7791,1.);
#7791 = DIRECTION('',(0.,0.,1.));
#7792 = ORIENTED_EDGE('',*,*,#7793,.F.);
#7793 = EDGE_CURVE('',#7794,#7786,#7796,.T.);
#7794 = VERTEX_POINT('',#7795);
#7795 = CARTESIAN_POINT('',(-1.5,-11.,-6.));
#7796 = LINE('',#7797,#7798);
#7797 = CARTESIAN_POINT('',(-1.5,-11.,-6.));
#7798 = VECTOR('',#7799,1.);
#7799 = DIRECTION('',(1.,0.,-0.));
#7800 = ORIENTED_EDGE('',*,*,#7801,.T.);
#7801 = EDGE_CURVE('',#7794,#7764,#7802,.T.);
#7802 = LINE('',#7803,#7804);
#7803 = CARTESIAN_POINT('',(-1.5,-11.,-6.));
#7804 = VECTOR('',#7805,1.);
#7805 = DIRECTION('',(0.,0.,1.));
#7806 = ORIENTED_EDGE('',*,*,#7763,.T.);
#7807 = PLANE('',#7808);
#7808 = AXIS2_PLACEMENT_3D('',#7809,#7810,#7811);
#7809 = CARTESIAN_POINT('',(-1.5,-11.,-6.));
#7810 = DIRECTION('',(-0.,1.,0.));
#7811 = DIRECTION('',(0.,0.,1.));
#7812 = ADVANCED_FACE('',(#7813),#7831,.T.);
#7813 = FACE_BOUND('',#7814,.T.);
#7814 = EDGE_LOOP('',(#7815,#7822,#7823,#7830));
#7815 = ORIENTED_EDGE('',*,*,#7816,.F.);
#7816 = EDGE_CURVE('',#7668,#7748,#7817,.T.);
#7817 = CIRCLE('',#7818,5.);
#7818 = AXIS2_PLACEMENT_3D('',#7819,#7820,#7821);
#7819 = CARTESIAN_POINT('',(7.586206896552,-11.,0.));
#7820 = DIRECTION('',(0.,1.,0.));
#7821 = DIRECTION('',(0.,-0.,1.));
#7822 = ORIENTED_EDGE('',*,*,#7667,.F.);
#7823 = ORIENTED_EDGE('',*,*,#7824,.T.);
#7824 = EDGE_CURVE('',#7660,#7740,#7825,.T.);
#7825 = CIRCLE('',#7826,5.);
#7826 = AXIS2_PLACEMENT_3D('',#7827,#7828,#7829);
#7827 = CARTESIAN_POINT('',(7.586206896552,-12.5,0.));
#7828 = DIRECTION('',(0.,1.,0.));
#7829 = DIRECTION('',(0.,-0.,1.));
#7830 = ORIENTED_EDGE('',*,*,#7747,.T.);
#7831 = CYLINDRICAL_SURFACE('',#7832,5.);
#7832 = AXIS2_PLACEMENT_3D('',#7833,#7834,#7835);
#7833 = CARTESIAN_POINT('',(7.586206896552,-12.5,0.));
#7834 = DIRECTION('',(0.,1.,0.));
#7835 = DIRECTION('',(0.,-0.,1.));
#7836 = ADVANCED_FACE('',(#7837),#7862,.F.);
#7837 = FACE_BOUND('',#7838,.F.);
#7838 = EDGE_LOOP('',(#7839,#7840,#7848,#7856));
#7839 = ORIENTED_EDGE('',*,*,#7683,.F.);
#7840 = ORIENTED_EDGE('',*,*,#7841,.T.);
#7841 = EDGE_CURVE('',#7684,#7842,#7844,.T.);
#7842 = VERTEX_POINT('',#7843);
#7843 = CARTESIAN_POINT('',(-1.5,-11.,6.));
#7844 = LINE('',#7845,#7846);
#7845 = CARTESIAN_POINT('',(-1.5,-11.,4.5));
#7846 = VECTOR('',#7847,1.);
#7847 = DIRECTION('',(0.,0.,1.));
#7848 = ORIENTED_EDGE('',*,*,#7849,.T.);
#7849 = EDGE_CURVE('',#7842,#7850,#7852,.T.);
#7850 = VERTEX_POINT('',#7851);
#7851 = CARTESIAN_POINT('',(1.5,-11.,6.));
#7852 = LINE('',#7853,#7854);
#7853 = CARTESIAN_POINT('',(-1.5,-11.,6.));
#7854 = VECTOR('',#7855,1.);
#7855 = DIRECTION('',(1.,0.,-0.));
#7856 = ORIENTED_EDGE('',*,*,#7857,.F.);
#7857 = EDGE_CURVE('',#7676,#7850,#7858,.T.);
#7858 = LINE('',#7859,#7860);
#7859 = CARTESIAN_POINT('',(1.5,-11.,4.5));
#7860 = VECTOR('',#7861,1.);
#7861 = DIRECTION('',(0.,0.,1.));
#7862 = PLANE('',#7863);
#7863 = AXIS2_PLACEMENT_3D('',#7864,#7865,#7866);
#7864 = CARTESIAN_POINT('',(-1.5,-11.,4.5));
#7865 = DIRECTION('',(-0.,1.,0.));
#7866 = DIRECTION('',(0.,0.,1.));
#7867 = ADVANCED_FACE('',(#7868),#7909,.F.);
#7868 = FACE_BOUND('',#7869,.F.);
#7869 = EDGE_LOOP('',(#7870,#7871,#7879,#7887,#7895,#7903));
#7870 = ORIENTED_EDGE('',*,*,#7801,.F.);
#7871 = ORIENTED_EDGE('',*,*,#7872,.T.);
#7872 = EDGE_CURVE('',#7794,#7873,#7875,.T.);
#7873 = VERTEX_POINT('',#7874);
#7874 = CARTESIAN_POINT('',(-1.5,11.,-6.));
#7875 = LINE('',#7876,#7877);
#7876 = CARTESIAN_POINT('',(-1.5,-11.,-6.));
#7877 = VECTOR('',#7878,1.);
#7878 = DIRECTION('',(-0.,1.,0.));
#7879 = ORIENTED_EDGE('',*,*,#7880,.T.);
#7880 = EDGE_CURVE('',#7873,#7881,#7883,.T.);
#7881 = VERTEX_POINT('',#7882);
#7882 = CARTESIAN_POINT('',(-1.5,11.,-5.));
#7883 = LINE('',#7884,#7885);
#7884 = CARTESIAN_POINT('',(-1.5,11.,-6.));
#7885 = VECTOR('',#7886,1.);
#7886 = DIRECTION('',(0.,0.,1.));
#7887 = ORIENTED_EDGE('',*,*,#7888,.T.);
#7888 = EDGE_CURVE('',#7881,#7889,#7891,.T.);
#7889 = VERTEX_POINT('',#7890);
#7890 = CARTESIAN_POINT('',(-1.5,11.,-4.5));
#7891 = LINE('',#7892,#7893);
#7892 = CARTESIAN_POINT('',(-1.5,11.,-6.));
#7893 = VECTOR('',#7894,1.);
#7894 = DIRECTION('',(0.,0.,1.));
#7895 = ORIENTED_EDGE('',*,*,#7896,.F.);
#7896 = EDGE_CURVE('',#7897,#7889,#7899,.T.);
#7897 = VERTEX_POINT('',#7898);
#7898 = CARTESIAN_POINT('',(-1.5,-11.,-4.5));
#7899 = LINE('',#7900,#7901);
#7900 = CARTESIAN_POINT('',(-1.5,-11.,-4.5));
#7901 = VECTOR('',#7902,1.);
#7902 = DIRECTION('',(-0.,1.,0.));
#7903 = ORIENTED_EDGE('',*,*,#7904,.F.);
#7904 = EDGE_CURVE('',#7764,#7897,#7905,.T.);
#7905 = LINE('',#7906,#7907);
#7906 = CARTESIAN_POINT('',(-1.5,-11.,-6.));
#7907 = VECTOR('',#7908,1.);
#7908 = DIRECTION('',(0.,0.,1.));
#7909 = PLANE('',#7910);
#7910 = AXIS2_PLACEMENT_3D('',#7911,#7912,#7913);
#7911 = CARTESIAN_POINT('',(-1.5,-11.,-6.));
#7912 = DIRECTION('',(1.,0.,-0.));
#7913 = DIRECTION('',(0.,0.,1.));
#7914 = ADVANCED_FACE('',(#7915),#7940,.T.);
#7915 = FACE_BOUND('',#7916,.T.);
#7916 = EDGE_LOOP('',(#7917,#7918,#7926,#7934));
#7917 = ORIENTED_EDGE('',*,*,#7896,.F.);
#7918 = ORIENTED_EDGE('',*,*,#7919,.T.);
#7919 = EDGE_CURVE('',#7897,#7920,#7922,.T.);
#7920 = VERTEX_POINT('',#7921);
#7921 = CARTESIAN_POINT('',(1.5,-11.,-4.5));
#7922 = LINE('',#7923,#7924);
#7923 = CARTESIAN_POINT('',(-1.5,-11.,-4.5));
#7924 = VECTOR('',#7925,1.);
#7925 = DIRECTION('',(1.,0.,-0.));
#7926 = ORIENTED_EDGE('',*,*,#7927,.T.);
#7927 = EDGE_CURVE('',#7920,#7928,#7930,.T.);
#7928 = VERTEX_POINT('',#7929);
#7929 = CARTESIAN_POINT('',(1.5,11.,-4.5));
#7930 = LINE('',#7931,#7932);
#7931 = CARTESIAN_POINT('',(1.5,-11.,-4.5));
#7932 = VECTOR('',#7933,1.);
#7933 = DIRECTION('',(-0.,1.,0.));
#7934 = ORIENTED_EDGE('',*,*,#7935,.F.);
#7935 = EDGE_CURVE('',#7889,#7928,#7936,.T.);
#7936 = LINE('',#7937,#7938);
#7937 = CARTESIAN_POINT('',(-1.5,11.,-4.5));
#7938 = VECTOR('',#7939,1.);
#7939 = DIRECTION('',(1.,0.,-0.));
#7940 = PLANE('',#7941);
#7941 = AXIS2_PLACEMENT_3D('',#7942,#7943,#7944);
#7942 = CARTESIAN_POINT('',(-1.5,-11.,-4.5));
#7943 = DIRECTION('',(0.,0.,1.));
#7944 = DIRECTION('',(1.,0.,-0.));
#7945 = ADVANCED_FACE('',(#7946),#7978,.T.);
#7946 = FACE_BOUND('',#7947,.T.);
#7947 = EDGE_LOOP('',(#7948,#7949,#7957,#7965,#7971,#7972));
#7948 = ORIENTED_EDGE('',*,*,#7785,.F.);
#7949 = ORIENTED_EDGE('',*,*,#7950,.T.);
#7950 = EDGE_CURVE('',#7786,#7951,#7953,.T.);
#7951 = VERTEX_POINT('',#7952);
#7952 = CARTESIAN_POINT('',(1.5,11.,-6.));
#7953 = LINE('',#7954,#7955);
#7954 = CARTESIAN_POINT('',(1.5,-11.,-6.));
#7955 = VECTOR('',#7956,1.);
#7956 = DIRECTION('',(-0.,1.,0.));
#7957 = ORIENTED_EDGE('',*,*,#7958,.T.);
#7958 = EDGE_CURVE('',#7951,#7959,#7961,.T.);
#7959 = VERTEX_POINT('',#7960);
#7960 = CARTESIAN_POINT('',(1.5,11.,-5.));
#7961 = LINE('',#7962,#7963);
#7962 = CARTESIAN_POINT('',(1.5,11.,-6.));
#7963 = VECTOR('',#7964,1.);
#7964 = DIRECTION('',(0.,0.,1.));
#7965 = ORIENTED_EDGE('',*,*,#7966,.T.);
#7966 = EDGE_CURVE('',#7959,#7928,#7967,.T.);
#7967 = LINE('',#7968,#7969);
#7968 = CARTESIAN_POINT('',(1.5,11.,-6.));
#7969 = VECTOR('',#7970,1.);
#7970 = DIRECTION('',(0.,0.,1.));
#7971 = ORIENTED_EDGE('',*,*,#7927,.F.);
#7972 = ORIENTED_EDGE('',*,*,#7973,.F.);
#7973 = EDGE_CURVE('',#7756,#7920,#7974,.T.);
#7974 = LINE('',#7975,#7976);
#7975 = CARTESIAN_POINT('',(1.5,-11.,-6.));
#7976 = VECTOR('',#7977,1.);
#7977 = DIRECTION('',(0.,0.,1.));
#7978 = PLANE('',#7979);
#7979 = AXIS2_PLACEMENT_3D('',#7980,#7981,#7982);
#7980 = CARTESIAN_POINT('',(1.5,-11.,-6.));
#7981 = DIRECTION('',(1.,0.,-0.));
#7982 = DIRECTION('',(0.,0.,1.));
#7983 = ADVANCED_FACE('',(#7984),#8025,.T.);
#7984 = FACE_BOUND('',#7985,.T.);
#7985 = EDGE_LOOP('',(#7986,#7994,#8002,#8010,#8018,#8024));
#7986 = ORIENTED_EDGE('',*,*,#7987,.F.);
#7987 = EDGE_CURVE('',#7988,#7676,#7990,.T.);
#7988 = VERTEX_POINT('',#7989);
#7989 = CARTESIAN_POINT('',(1.5,-11.,4.5));
#7990 = LINE('',#7991,#7992);
#7991 = CARTESIAN_POINT('',(1.5,-11.,4.5));
#7992 = VECTOR('',#7993,1.);
#7993 = DIRECTION('',(0.,0.,1.));
#7994 = ORIENTED_EDGE('',*,*,#7995,.T.);
#7995 = EDGE_CURVE('',#7988,#7996,#7998,.T.);
#7996 = VERTEX_POINT('',#7997);
#7997 = CARTESIAN_POINT('',(1.5,11.,4.5));
#7998 = LINE('',#7999,#8000);
#7999 = CARTESIAN_POINT('',(1.5,-11.,4.5));
#8000 = VECTOR('',#8001,1.);
#8001 = DIRECTION('',(-0.,1.,0.));
#8002 = ORIENTED_EDGE('',*,*,#8003,.T.);
#8003 = EDGE_CURVE('',#7996,#8004,#8006,.T.);
#8004 = VERTEX_POINT('',#8005);
#8005 = CARTESIAN_POINT('',(1.5,11.,5.));
#8006 = LINE('',#8007,#8008);
#8007 = CARTESIAN_POINT('',(1.5,11.,4.5));
#8008 = VECTOR('',#8009,1.);
#8009 = DIRECTION('',(0.,0.,1.));
#8010 = ORIENTED_EDGE('',*,*,#8011,.T.);
#8011 = EDGE_CURVE('',#8004,#8012,#8014,.T.);
#8012 = VERTEX_POINT('',#8013);
#8013 = CARTESIAN_POINT('',(1.5,11.,6.));
#8014 = LINE('',#8015,#8016);
#8015 = CARTESIAN_POINT('',(1.5,11.,4.5));
#8016 = VECTOR('',#8017,1.);
#8017 = DIRECTION('',(0.,0.,1.));
#8018 = ORIENTED_EDGE('',*,*,#8019,.F.);
#8019 = EDGE_CURVE('',#7850,#8012,#8020,.T.);
#8020 = LINE('',#8021,#8022);
#8021 = CARTESIAN_POINT('',(1.5,-11.,6.));
#8022 = VECTOR('',#8023,1.);
#8023 = DIRECTION('',(-0.,1.,0.));
#8024 = ORIENTED_EDGE('',*,*,#7857,.F.);
#8025 = PLANE('',#8026);
#8026 = AXIS2_PLACEMENT_3D('',#8027,#8028,#8029);
#8027 = CARTESIAN_POINT('',(1.5,-11.,4.5));
#8028 = DIRECTION('',(1.,0.,-0.));
#8029 = DIRECTION('',(0.,0.,1.));
#8030 = ADVANCED_FACE('',(#8031),#8056,.F.);
#8031 = FACE_BOUND('',#8032,.F.);
#8032 = EDGE_LOOP('',(#8033,#8043,#8049,#8050));
#8033 = ORIENTED_EDGE('',*,*,#8034,.F.);
#8034 = EDGE_CURVE('',#8035,#8037,#8039,.T.);
#8035 = VERTEX_POINT('',#8036);
#8036 = CARTESIAN_POINT('',(-1.5,-11.,4.5));
#8037 = VERTEX_POINT('',#8038);
#8038 = CARTESIAN_POINT('',(-1.5,11.,4.5));
#8039 = LINE('',#8040,#8041);
#8040 = CARTESIAN_POINT('',(-1.5,-11.,4.5));
#8041 = VECTOR('',#8042,1.);
#8042 = DIRECTION('',(-0.,1.,0.));
#8043 = ORIENTED_EDGE('',*,*,#8044,.T.);
#8044 = EDGE_CURVE('',#8035,#7988,#8045,.T.);
#8045 = LINE('',#8046,#8047);
#8046 = CARTESIAN_POINT('',(-1.5,-11.,4.5));
#8047 = VECTOR('',#8048,1.);
#8048 = DIRECTION('',(1.,0.,-0.));
#8049 = ORIENTED_EDGE('',*,*,#7995,.T.);
#8050 = ORIENTED_EDGE('',*,*,#8051,.F.);
#8051 = EDGE_CURVE('',#8037,#7996,#8052,.T.);
#8052 = LINE('',#8053,#8054);
#8053 = CARTESIAN_POINT('',(-1.5,11.,4.5));
#8054 = VECTOR('',#8055,1.);
#8055 = DIRECTION('',(1.,0.,-0.));
#8056 = PLANE('',#8057);
#8057 = AXIS2_PLACEMENT_3D('',#8058,#8059,#8060);
#8058 = CARTESIAN_POINT('',(-1.5,-11.,4.5));
#8059 = DIRECTION('',(0.,0.,1.));
#8060 = DIRECTION('',(1.,0.,-0.));
#8061 = ADVANCED_FACE('',(#8062),#8094,.F.);
#8062 = FACE_BOUND('',#8063,.F.);
#8063 = EDGE_LOOP('',(#8064,#8070,#8071,#8079,#8087,#8093));
#8064 = ORIENTED_EDGE('',*,*,#8065,.F.);
#8065 = EDGE_CURVE('',#8035,#7684,#8066,.T.);
#8066 = LINE('',#8067,#8068);
#8067 = CARTESIAN_POINT('',(-1.5,-11.,4.5));
#8068 = VECTOR('',#8069,1.);
#8069 = DIRECTION('',(0.,0.,1.));
#8070 = ORIENTED_EDGE('',*,*,#8034,.T.);
#8071 = ORIENTED_EDGE('',*,*,#8072,.T.);
#8072 = EDGE_CURVE('',#8037,#8073,#8075,.T.);
#8073 = VERTEX_POINT('',#8074);
#8074 = CARTESIAN_POINT('',(-1.5,11.,5.));
#8075 = LINE('',#8076,#8077);
#8076 = CARTESIAN_POINT('',(-1.5,11.,4.5));
#8077 = VECTOR('',#8078,1.);
#8078 = DIRECTION('',(0.,0.,1.));
#8079 = ORIENTED_EDGE('',*,*,#8080,.T.);
#8080 = EDGE_CURVE('',#8073,#8081,#8083,.T.);
#8081 = VERTEX_POINT('',#8082);
#8082 = CARTESIAN_POINT('',(-1.5,11.,6.));
#8083 = LINE('',#8084,#8085);
#8084 = CARTESIAN_POINT('',(-1.5,11.,4.5));
#8085 = VECTOR('',#8086,1.);
#8086 = DIRECTION('',(0.,0.,1.));
#8087 = ORIENTED_EDGE('',*,*,#8088,.F.);
#8088 = EDGE_CURVE('',#7842,#8081,#8089,.T.);
#8089 = LINE('',#8090,#8091);
#8090 = CARTESIAN_POINT('',(-1.5,-11.,6.));
#8091 = VECTOR('',#8092,1.);
#8092 = DIRECTION('',(-0.,1.,0.));
#8093 = ORIENTED_EDGE('',*,*,#7841,.F.);
#8094 = PLANE('',#8095);
#8095 = AXIS2_PLACEMENT_3D('',#8096,#8097,#8098);
#8096 = CARTESIAN_POINT('',(-1.5,-11.,4.5));
#8097 = DIRECTION('',(1.,0.,-0.));
#8098 = DIRECTION('',(0.,0.,1.));
#8099 = ADVANCED_FACE('',(#8100),#8111,.F.);
#8100 = FACE_BOUND('',#8101,.F.);
#8101 = EDGE_LOOP('',(#8102,#8103,#8104,#8105));
#8102 = ORIENTED_EDGE('',*,*,#7872,.F.);
#8103 = ORIENTED_EDGE('',*,*,#7793,.T.);
#8104 = ORIENTED_EDGE('',*,*,#7950,.T.);
#8105 = ORIENTED_EDGE('',*,*,#8106,.F.);
#8106 = EDGE_CURVE('',#7873,#7951,#8107,.T.);
#8107 = LINE('',#8108,#8109);
#8108 = CARTESIAN_POINT('',(-1.5,11.,-6.));
#8109 = VECTOR('',#8110,1.);
#8110 = DIRECTION('',(1.,0.,-0.));
#8111 = PLANE('',#8112);
#8112 = AXIS2_PLACEMENT_3D('',#8113,#8114,#8115);
#8113 = CARTESIAN_POINT('',(-1.5,-11.,-6.));
#8114 = DIRECTION('',(0.,0.,1.));
#8115 = DIRECTION('',(1.,0.,-0.));
#8116 = ADVANCED_FACE('',(#8117),#8128,.T.);
#8117 = FACE_BOUND('',#8118,.T.);
#8118 = EDGE_LOOP('',(#8119,#8120,#8121,#8122));
#8119 = ORIENTED_EDGE('',*,*,#8088,.F.);
#8120 = ORIENTED_EDGE('',*,*,#7849,.T.);
#8121 = ORIENTED_EDGE('',*,*,#8019,.T.);
#8122 = ORIENTED_EDGE('',*,*,#8123,.F.);
#8123 = EDGE_CURVE('',#8081,#8012,#8124,.T.);
#8124 = LINE('',#8125,#8126);
#8125 = CARTESIAN_POINT('',(-1.5,11.,6.));
#8126 = VECTOR('',#8127,1.);
#8127 = DIRECTION('',(1.,0.,-0.));
#8128 = PLANE('',#8129);
#8129 = AXIS2_PLACEMENT_3D('',#8130,#8131,#8132);
#8130 = CARTESIAN_POINT('',(-1.5,-11.,6.));
#8131 = DIRECTION('',(0.,0.,1.));
#8132 = DIRECTION('',(1.,0.,-0.));
#8133 = ADVANCED_FACE('',(#8134),#8145,.T.);
#8134 = FACE_BOUND('',#8135,.T.);
#8135 = EDGE_LOOP('',(#8136,#8137,#8138,#8139));
#8136 = ORIENTED_EDGE('',*,*,#7958,.F.);
#8137 = ORIENTED_EDGE('',*,*,#8106,.F.);
#8138 = ORIENTED_EDGE('',*,*,#7880,.T.);
#8139 = ORIENTED_EDGE('',*,*,#8140,.T.);
#8140 = EDGE_CURVE('',#7881,#7959,#8141,.T.);
#8141 = LINE('',#8142,#8143);
#8142 = CARTESIAN_POINT('',(-7.586206896552,11.,-5.));
#8143 = VECTOR('',#8144,1.);
#8144 = DIRECTION('',(1.,0.,-0.));
#8145 = PLANE('',#8146);
#8146 = AXIS2_PLACEMENT_3D('',#8147,#8148,#8149);
#8147 = CARTESIAN_POINT('',(-1.5,11.,-6.));
#8148 = DIRECTION('',(-0.,1.,0.));
#8149 = DIRECTION('',(0.,0.,1.));
#8150 = ADVANCED_FACE('',(#8151),#8162,.T.);
#8151 = FACE_BOUND('',#8152,.T.);
#8152 = EDGE_LOOP('',(#8153,#8159,#8160,#8161));
#8153 = ORIENTED_EDGE('',*,*,#8154,.F.);
#8154 = EDGE_CURVE('',#8073,#8004,#8155,.T.);
#8155 = LINE('',#8156,#8157);
#8156 = CARTESIAN_POINT('',(-7.586206896552,11.,5.));
#8157 = VECTOR('',#8158,1.);
#8158 = DIRECTION('',(1.,0.,-0.));
#8159 = ORIENTED_EDGE('',*,*,#8080,.T.);
#8160 = ORIENTED_EDGE('',*,*,#8123,.T.);
#8161 = ORIENTED_EDGE('',*,*,#8011,.F.);
#8162 = PLANE('',#8163);
#8163 = AXIS2_PLACEMENT_3D('',#8164,#8165,#8166);
#8164 = CARTESIAN_POINT('',(-1.5,11.,4.5));
#8165 = DIRECTION('',(-0.,1.,0.));
#8166 = DIRECTION('',(0.,0.,1.));
#8167 = ADVANCED_FACE('',(#8168),#8209,.F.);
#8168 = FACE_BOUND('',#8169,.F.);
#8169 = EDGE_LOOP('',(#8170,#8180,#8186,#8187,#8195,#8203));
#8170 = ORIENTED_EDGE('',*,*,#8171,.F.);
#8171 = EDGE_CURVE('',#8172,#8174,#8176,.T.);
#8172 = VERTEX_POINT('',#8173);
#8173 = CARTESIAN_POINT('',(-7.586206896552,11.,-5.));
#8174 = VERTEX_POINT('',#8175);
#8175 = CARTESIAN_POINT('',(-7.586206896552,12.5,-5.));
#8176 = LINE('',#8177,#8178);
#8177 = CARTESIAN_POINT('',(-7.586206896552,11.,-5.));
#8178 = VECTOR('',#8179,1.);
#8179 = DIRECTION('',(-0.,1.,0.));
#8180 = ORIENTED_EDGE('',*,*,#8181,.T.);
#8181 = EDGE_CURVE('',#8172,#7881,#8182,.T.);
#8182 = LINE('',#8183,#8184);
#8183 = CARTESIAN_POINT('',(-7.586206896552,11.,-5.));
#8184 = VECTOR('',#8185,1.);
#8185 = DIRECTION('',(1.,0.,-0.));
#8186 = ORIENTED_EDGE('',*,*,#8140,.T.);
#8187 = ORIENTED_EDGE('',*,*,#8188,.T.);
#8188 = EDGE_CURVE('',#7959,#8189,#8191,.T.);
#8189 = VERTEX_POINT('',#8190);
#8190 = CARTESIAN_POINT('',(7.586206896552,11.,-5.));
#8191 = LINE('',#8192,#8193);
#8192 = CARTESIAN_POINT('',(-7.586206896552,11.,-5.));
#8193 = VECTOR('',#8194,1.);
#8194 = DIRECTION('',(1.,0.,-0.));
#8195 = ORIENTED_EDGE('',*,*,#8196,.T.);
#8196 = EDGE_CURVE('',#8189,#8197,#8199,.T.);
#8197 = VERTEX_POINT('',#8198);
#8198 = CARTESIAN_POINT('',(7.586206896552,12.5,-5.));
#8199 = LINE('',#8200,#8201);
#8200 = CARTESIAN_POINT('',(7.586206896552,11.,-5.));
#8201 = VECTOR('',#8202,1.);
#8202 = DIRECTION('',(-0.,1.,0.));
#8203 = ORIENTED_EDGE('',*,*,#8204,.F.);
#8204 = EDGE_CURVE('',#8174,#8197,#8205,.T.);
#8205 = LINE('',#8206,#8207);
#8206 = CARTESIAN_POINT('',(-7.586206896552,12.5,-5.));
#8207 = VECTOR('',#8208,1.);
#8208 = DIRECTION('',(1.,0.,-0.));
#8209 = PLANE('',#8210);
#8210 = AXIS2_PLACEMENT_3D('',#8211,#8212,#8213);
#8211 = CARTESIAN_POINT('',(-7.586206896552,11.,-5.));
#8212 = DIRECTION('',(0.,0.,1.));
#8213 = DIRECTION('',(1.,0.,-0.));
#8214 = ADVANCED_FACE('',(#8215),#8256,.T.);
#8215 = FACE_BOUND('',#8216,.T.);
#8216 = EDGE_LOOP('',(#8217,#8227,#8233,#8234,#8242,#8250));
#8217 = ORIENTED_EDGE('',*,*,#8218,.F.);
#8218 = EDGE_CURVE('',#8219,#8221,#8223,.T.);
#8219 = VERTEX_POINT('',#8220);
#8220 = CARTESIAN_POINT('',(-7.586206896552,11.,5.));
#8221 = VERTEX_POINT('',#8222);
#8222 = CARTESIAN_POINT('',(-7.586206896552,12.5,5.));
#8223 = LINE('',#8224,#8225);
#8224 = CARTESIAN_POINT('',(-7.586206896552,11.,5.));
#8225 = VECTOR('',#8226,1.);
#8226 = DIRECTION('',(-0.,1.,0.));
#8227 = ORIENTED_EDGE('',*,*,#8228,.T.);
#8228 = EDGE_CURVE('',#8219,#8073,#8229,.T.);
#8229 = LINE('',#8230,#8231);
#8230 = CARTESIAN_POINT('',(-7.586206896552,11.,5.));
#8231 = VECTOR('',#8232,1.);
#8232 = DIRECTION('',(1.,0.,-0.));
#8233 = ORIENTED_EDGE('',*,*,#8154,.T.);
#8234 = ORIENTED_EDGE('',*,*,#8235,.T.);
#8235 = EDGE_CURVE('',#8004,#8236,#8238,.T.);
#8236 = VERTEX_POINT('',#8237);
#8237 = CARTESIAN_POINT('',(7.586206896552,11.,5.));
#8238 = LINE('',#8239,#8240);
#8239 = CARTESIAN_POINT('',(-7.586206896552,11.,5.));
#8240 = VECTOR('',#8241,1.);
#8241 = DIRECTION('',(1.,0.,-0.));
#8242 = ORIENTED_EDGE('',*,*,#8243,.T.);
#8243 = EDGE_CURVE('',#8236,#8244,#8246,.T.);
#8244 = VERTEX_POINT('',#8245);
#8245 = CARTESIAN_POINT('',(7.586206896552,12.5,5.));
#8246 = LINE('',#8247,#8248);
#8247 = CARTESIAN_POINT('',(7.586206896552,11.,5.));
#8248 = VECTOR('',#8249,1.);
#8249 = DIRECTION('',(-0.,1.,0.));
#8250 = ORIENTED_EDGE('',*,*,#8251,.F.);
#8251 = EDGE_CURVE('',#8221,#8244,#8252,.T.);
#8252 = LINE('',#8253,#8254);
#8253 = CARTESIAN_POINT('',(-7.586206896552,12.5,5.));
#8254 = VECTOR('',#8255,1.);
#8255 = DIRECTION('',(1.,0.,-0.));
#8256 = PLANE('',#8257);
#8257 = AXIS2_PLACEMENT_3D('',#8258,#8259,#8260);
#8258 = CARTESIAN_POINT('',(-7.586206896552,11.,5.));
#8259 = DIRECTION('',(0.,0.,1.));
#8260 = DIRECTION('',(1.,0.,-0.));
#8261 = ADVANCED_FACE('',(#8262),#8280,.T.);
#8262 = FACE_BOUND('',#8263,.T.);
#8263 = EDGE_LOOP('',(#8264,#8265,#8272,#8273));
#8264 = ORIENTED_EDGE('',*,*,#8218,.T.);
#8265 = ORIENTED_EDGE('',*,*,#8266,.F.);
#8266 = EDGE_CURVE('',#8174,#8221,#8267,.T.);
#8267 = CIRCLE('',#8268,5.);
#8268 = AXIS2_PLACEMENT_3D('',#8269,#8270,#8271);
#8269 = CARTESIAN_POINT('',(-7.586206896552,12.5,0.));
#8270 = DIRECTION('',(0.,1.,0.));
#8271 = DIRECTION('',(0.,-0.,1.));
#8272 = ORIENTED_EDGE('',*,*,#8171,.F.);
#8273 = ORIENTED_EDGE('',*,*,#8274,.T.);
#8274 = EDGE_CURVE('',#8172,#8219,#8275,.T.);
#8275 = CIRCLE('',#8276,5.);
#8276 = AXIS2_PLACEMENT_3D('',#8277,#8278,#8279);
#8277 = CARTESIAN_POINT('',(-7.586206896552,11.,0.));
#8278 = DIRECTION('',(0.,1.,0.));
#8279 = DIRECTION('',(0.,-0.,1.));
#8280 = CYLINDRICAL_SURFACE('',#8281,5.);
#8281 = AXIS2_PLACEMENT_3D('',#8282,#8283,#8284);
#8282 = CARTESIAN_POINT('',(-7.586206896552,11.,0.));
#8283 = DIRECTION('',(0.,1.,0.));
#8284 = DIRECTION('',(0.,-0.,1.));
#8285 = ADVANCED_FACE('',(#8286),#8304,.T.);
#8286 = FACE_BOUND('',#8287,.T.);
#8287 = EDGE_LOOP('',(#8288,#8295,#8296,#8303));
#8288 = ORIENTED_EDGE('',*,*,#8289,.F.);
#8289 = EDGE_CURVE('',#8244,#8197,#8290,.T.);
#8290 = CIRCLE('',#8291,5.);
#8291 = AXIS2_PLACEMENT_3D('',#8292,#8293,#8294);
#8292 = CARTESIAN_POINT('',(7.586206896552,12.5,0.));
#8293 = DIRECTION('',(0.,1.,0.));
#8294 = DIRECTION('',(0.,-0.,1.));
#8295 = ORIENTED_EDGE('',*,*,#8243,.F.);
#8296 = ORIENTED_EDGE('',*,*,#8297,.T.);
#8297 = EDGE_CURVE('',#8236,#8189,#8298,.T.);
#8298 = CIRCLE('',#8299,5.);
#8299 = AXIS2_PLACEMENT_3D('',#8300,#8301,#8302);
#8300 = CARTESIAN_POINT('',(7.586206896552,11.,0.));
#8301 = DIRECTION('',(0.,1.,0.));
#8302 = DIRECTION('',(0.,-0.,1.));
#8303 = ORIENTED_EDGE('',*,*,#8196,.T.);
#8304 = CYLINDRICAL_SURFACE('',#8305,5.);
#8305 = AXIS2_PLACEMENT_3D('',#8306,#8307,#8308);
#8306 = CARTESIAN_POINT('',(7.586206896552,11.,0.));
#8307 = DIRECTION('',(0.,1.,0.));
#8308 = DIRECTION('',(0.,-0.,1.));
#8309 = ADVANCED_FACE('',(#8310),#8316,.T.);
#8310 = FACE_BOUND('',#8311,.T.);
#8311 = EDGE_LOOP('',(#8312,#8313,#8314,#8315));
#8312 = ORIENTED_EDGE('',*,*,#7739,.T.);
#8313 = ORIENTED_EDGE('',*,*,#7824,.F.);
#8314 = ORIENTED_EDGE('',*,*,#7659,.F.);
#8315 = ORIENTED_EDGE('',*,*,#7723,.F.);
#8316 = PLANE('',#8317);
#8317 = AXIS2_PLACEMENT_3D('',#8318,#8319,#8320);
#8318 = CARTESIAN_POINT('',(-6.476089505928E-16,-12.5,
    -2.354941638519E-16));
#8319 = DIRECTION('',(-0.,-1.,-0.));
#8320 = DIRECTION('',(0.,0.,-1.));
#8321 = ADVANCED_FACE('',(#8322),#8336,.T.);
#8322 = FACE_BOUND('',#8323,.T.);
#8323 = EDGE_LOOP('',(#8324,#8325,#8326,#8327,#8328,#8329,#8330,#8331,
    #8332,#8333,#8334,#8335));
#8324 = ORIENTED_EDGE('',*,*,#7771,.F.);
#8325 = ORIENTED_EDGE('',*,*,#7706,.T.);
#8326 = ORIENTED_EDGE('',*,*,#7691,.T.);
#8327 = ORIENTED_EDGE('',*,*,#8065,.F.);
#8328 = ORIENTED_EDGE('',*,*,#8044,.T.);
#8329 = ORIENTED_EDGE('',*,*,#7987,.T.);
#8330 = ORIENTED_EDGE('',*,*,#7675,.T.);
#8331 = ORIENTED_EDGE('',*,*,#7816,.T.);
#8332 = ORIENTED_EDGE('',*,*,#7755,.F.);
#8333 = ORIENTED_EDGE('',*,*,#7973,.T.);
#8334 = ORIENTED_EDGE('',*,*,#7919,.F.);
#8335 = ORIENTED_EDGE('',*,*,#7904,.F.);
#8336 = PLANE('',#8337);
#8337 = AXIS2_PLACEMENT_3D('',#8338,#8339,#8340);
#8338 = CARTESIAN_POINT('',(1.139697972182E-16,-11.,-2.279395944363E-16)
  );
#8339 = DIRECTION('',(0.,1.,0.));
#8340 = DIRECTION('',(0.,-0.,1.));
#8341 = ADVANCED_FACE('',(#8342),#8356,.T.);
#8342 = FACE_BOUND('',#8343,.T.);
#8343 = EDGE_LOOP('',(#8344,#8345,#8346,#8347,#8348,#8349,#8350,#8351,
    #8352,#8353,#8354,#8355));
#8344 = ORIENTED_EDGE('',*,*,#8181,.T.);
#8345 = ORIENTED_EDGE('',*,*,#7888,.T.);
#8346 = ORIENTED_EDGE('',*,*,#7935,.T.);
#8347 = ORIENTED_EDGE('',*,*,#7966,.F.);
#8348 = ORIENTED_EDGE('',*,*,#8188,.T.);
#8349 = ORIENTED_EDGE('',*,*,#8297,.F.);
#8350 = ORIENTED_EDGE('',*,*,#8235,.F.);
#8351 = ORIENTED_EDGE('',*,*,#8003,.F.);
#8352 = ORIENTED_EDGE('',*,*,#8051,.F.);
#8353 = ORIENTED_EDGE('',*,*,#8072,.T.);
#8354 = ORIENTED_EDGE('',*,*,#8228,.F.);
#8355 = ORIENTED_EDGE('',*,*,#8274,.F.);
#8356 = PLANE('',#8357);
#8357 = AXIS2_PLACEMENT_3D('',#8358,#8359,#8360);
#8358 = CARTESIAN_POINT('',(-6.268338846999E-16,11.,-2.279395944363E-16)
  );
#8359 = DIRECTION('',(-0.,-1.,-0.));
#8360 = DIRECTION('',(0.,0.,-1.));
#8361 = ADVANCED_FACE('',(#8362),#8368,.T.);
#8362 = FACE_BOUND('',#8363,.T.);
#8363 = EDGE_LOOP('',(#8364,#8365,#8366,#8367));
#8364 = ORIENTED_EDGE('',*,*,#8204,.F.);
#8365 = ORIENTED_EDGE('',*,*,#8266,.T.);
#8366 = ORIENTED_EDGE('',*,*,#8251,.T.);
#8367 = ORIENTED_EDGE('',*,*,#8289,.T.);
#8368 = PLANE('',#8369);
#8369 = AXIS2_PLACEMENT_3D('',#8370,#8371,#8372);
#8370 = CARTESIAN_POINT('',(-3.532412457779E-16,12.5,8.831031144447E-17)
  );
#8371 = DIRECTION('',(0.,1.,0.));
#8372 = DIRECTION('',(0.,-0.,1.));
#8373 = ( GEOMETRIC_REPRESENTATION_CONTEXT(3) 
GLOBAL_UNCERTAINTY_ASSIGNED_CONTEXT((#8377)) 
GLOBAL_UNIT_ASSIGNED_CONTEXT((#8374,#8375,#8376)) REPRESENTATION_CONTEXT
('Context #1','3D Context with UNIT and UNCERTAINTY') );
#8374 = ( LENGTH_UNIT() NAMED_UNIT(*) SI_UNIT(.MILLI.,.METRE.) );
#8375 = ( NAMED_UNIT(*) PLANE_ANGLE_UNIT() SI_UNIT($,.RADIAN.) );
#8376 = ( NAMED_UNIT(*) SI_UNIT($,.STERADIAN.) SOLID_ANGLE_UNIT() );
#8377 = UNCERTAINTY_MEASURE_WITH_UNIT(LENGTH_MEASURE(1.E-07),#8374,
  'distance_accuracy_value','confusion accuracy');
#8378 = CONTEXT_DEPENDENT_SHAPE_REPRESENTATION(#8379,#8381);
#8379 = ( REPRESENTATION_RELATIONSHIP('','',#7642,#10) 
REPRESENTATION_RELATIONSHIP_WITH_TRANSFORMATION(#8380) 
SHAPE_REPRESENTATION_RELATIONSHIP() );
#8380 = ITEM_DEFINED_TRANSFORMATION('','',#11,#55);
#8381 = PRODUCT_DEFINITION_SHAPE('Placement','Placement of an item',
  #8382);
#8382 = NEXT_ASSEMBLY_USAGE_OCCURRENCE('11','link_10','',#5,#7637,$);
#8383 = PRODUCT_RELATED_PRODUCT_CATEGORY('part',$,(#7639));
#8384 = SHAPE_DEFINITION_REPRESENTATION(#8385,#8391);
#8385 = PRODUCT_DEFINITION_SHAPE('','',#8386);
#8386 = PRODUCT_DEFINITION('design','',#8387,#8390);
#8387 = PRODUCT_DEFINITION_FORMATION('','',#8388);
#8388 = PRODUCT('link_11','link_11','',(#8389));
#8389 = PRODUCT_CONTEXT('',#2,'mechanical');
#8390 = PRODUCT_DEFINITION_CONTEXT('part definition',#2,'design');
#8391 = ADVANCED_BREP_SHAPE_REPRESENTATION('',(#11,#8392),#9122);
#8392 = MANIFOLD_SOLID_BREP('',#8393);
#8393 = CLOSED_SHELL('',(#8394,#8450,#8483,#8530,#8561,#8585,#8616,#8663
    ,#8694,#8732,#8779,#8810,#8848,#8865,#8882,#8899,#8916,#8963,#9010,
    #9034,#9058,#9070,#9090,#9110));
#8394 = ADVANCED_FACE('',(#8395),#8445,.T.);
#8395 = FACE_BOUND('',#8396,.T.);
#8396 = EDGE_LOOP('',(#8397,#8407,#8415,#8423,#8431,#8439));
#8397 = ORIENTED_EDGE('',*,*,#8398,.F.);
#8398 = EDGE_CURVE('',#8399,#8401,#8403,.T.);
#8399 = VERTEX_POINT('',#8400);
#8400 = CARTESIAN_POINT('',(-7.586206896552,-12.5,5.));
#8401 = VERTEX_POINT('',#8402);
#8402 = CARTESIAN_POINT('',(-7.586206896552,-11.,5.));
#8403 = LINE('',#8404,#8405);
#8404 = CARTESIAN_POINT('',(-7.586206896552,-12.5,5.));
#8405 = VECTOR('',#8406,1.);
#8406 = DIRECTION('',(-0.,1.,0.));
#8407 = ORIENTED_EDGE('',*,*,#8408,.T.);
#8408 = EDGE_CURVE('',#8399,#8409,#8411,.T.);
#8409 = VERTEX_POINT('',#8410);
#8410 = CARTESIAN_POINT('',(7.586206896552,-12.5,5.));
#8411 = LINE('',#8412,#8413);
#8412 = CARTESIAN_POINT('',(-7.586206896552,-12.5,5.));
#8413 = VECTOR('',#8414,1.);
#8414 = DIRECTION('',(1.,0.,-0.));
#8415 = ORIENTED_EDGE('',*,*,#8416,.T.);
#8416 = EDGE_CURVE('',#8409,#8417,#8419,.T.);
#8417 = VERTEX_POINT('',#8418);
#8418 = CARTESIAN_POINT('',(7.586206896552,-11.,5.));
#8419 = LINE('',#8420,#8421);
#8420 = CARTESIAN_POINT('',(7.586206896552,-12.5,5.));
#8421 = VECTOR('',#8422,1.);
#8422 = DIRECTION('',(-0.,1.,0.));
#8423 = ORIENTED_EDGE('',*,*,#8424,.F.);
#8424 = EDGE_CURVE('',#8425,#8417,#8427,.T.);
#8425 = VERTEX_POINT('',#8426);
#8426 = CARTESIAN_POINT('',(1.5,-11.,5.));
#8427 = LINE('',#8428,#8429);
#8428 = CARTESIAN_POINT('',(-7.586206896552,-11.,5.));
#8429 = VECTOR('',#8430,1.);
#8430 = DIRECTION('',(1.,0.,-0.));
#8431 = ORIENTED_EDGE('',*,*,#8432,.F.);
#8432 = EDGE_CURVE('',#8433,#8425,#8435,.T.);
#8433 = VERTEX_POINT('',#8434);
#8434 = CARTESIAN_POINT('',(-1.5,-11.,5.));
#8435 = LINE('',#8436,#8437);
#8436 = CARTESIAN_POINT('',(-7.586206896552,-11.,5.));
#8437 = VECTOR('',#8438,1.);
#8438 = DIRECTION('',(1.,0.,-0.));
#8439 = ORIENTED_EDGE('',*,*,#8440,.F.);
#8440 = EDGE_CURVE('',#8401,#8433,#8441,.T.);
#8441 = LINE('',#8442,#8443);
#8442 = CARTESIAN_POINT('',(-7.586206896552,-11.,5.));
#8443 = VECTOR('',#8444,1.);
#8444 = DIRECTION('',(1.,0.,-0.));
#8445 = PLANE('',#8446);
#8446 = AXIS2_PLACEMENT_3D('',#8447,#8448,#8449);
#8447 = CARTESIAN_POINT('',(-7.586206896552,-12.5,5.));
#8448 = DIRECTION('',(0.,0.,1.));
#8449 = DIRECTION('',(1.,0.,-0.));
#8450 = ADVANCED_FACE('',(#8451),#8478,.T.);
#8451 = FACE_BOUND('',#8452,.T.);
#8452 = EDGE_LOOP('',(#8453,#8454,#8463,#8471));
#8453 = ORIENTED_EDGE('',*,*,#8398,.T.);
#8454 = ORIENTED_EDGE('',*,*,#8455,.F.);
#8455 = EDGE_CURVE('',#8456,#8401,#8458,.T.);
#8456 = VERTEX_POINT('',#8457);
#8457 = CARTESIAN_POINT('',(-7.586206896552,-11.,-5.));
#8458 = CIRCLE('',#8459,5.);
#8459 = AXIS2_PLACEMENT_3D('',#8460,#8461,#8462);
#8460 = CARTESIAN_POINT('',(-7.586206896552,-11.,0.));
#8461 = DIRECTION('',(0.,1.,0.));
#8462 = DIRECTION('',(0.,-0.,1.));
#8463 = ORIENTED_EDGE('',*,*,#8464,.F.);
#8464 = EDGE_CURVE('',#8465,#8456,#8467,.T.);
#8465 = VERTEX_POINT('',#8466);
#8466 = CARTESIAN_POINT('',(-7.586206896552,-12.5,-5.));
#8467 = LINE('',#8468,#8469);
#8468 = CARTESIAN_POINT('',(-7.586206896552,-12.5,-5.));
#8469 = VECTOR('',#8470,1.);
#8470 = DIRECTION('',(-0.,1.,0.));
#8471 = ORIENTED_EDGE('',*,*,#8472,.T.);
#8472 = EDGE_CURVE('',#8465,#8399,#8473,.T.);
#8473 = CIRCLE('',#8474,5.);
#8474 = AXIS2_PLACEMENT_3D('',#8475,#8476,#8477);
#8475 = CARTESIAN_POINT('',(-7.586206896552,-12.5,0.));
#8476 = DIRECTION('',(0.,1.,0.));
#8477 = DIRECTION('',(0.,-0.,1.));
#8478 = CYLINDRICAL_SURFACE('',#8479,5.);
#8479 = AXIS2_PLACEMENT_3D('',#8480,#8481,#8482);
#8480 = CARTESIAN_POINT('',(-7.586206896552,-12.5,0.));
#8481 = DIRECTION('',(0.,1.,0.));
#8482 = DIRECTION('',(0.,-0.,1.));
#8483 = ADVANCED_FACE('',(#8484),#8525,.F.);
#8484 = FACE_BOUND('',#8485,.F.);
#8485 = EDGE_LOOP('',(#8486,#8487,#8495,#8503,#8511,#8519));
#8486 = ORIENTED_EDGE('',*,*,#8464,.F.);
#8487 = ORIENTED_EDGE('',*,*,#8488,.T.);
#8488 = EDGE_CURVE('',#8465,#8489,#8491,.T.);
#8489 = VERTEX_POINT('',#8490);
#8490 = CARTESIAN_POINT('',(7.586206896552,-12.5,-5.));
#8491 = LINE('',#8492,#8493);
#8492 = CARTESIAN_POINT('',(-7.586206896552,-12.5,-5.));
#8493 = VECTOR('',#8494,1.);
#8494 = DIRECTION('',(1.,0.,-0.));
#8495 = ORIENTED_EDGE('',*,*,#8496,.T.);
#8496 = EDGE_CURVE('',#8489,#8497,#8499,.T.);
#8497 = VERTEX_POINT('',#8498);
#8498 = CARTESIAN_POINT('',(7.586206896552,-11.,-5.));
#8499 = LINE('',#8500,#8501);
#8500 = CARTESIAN_POINT('',(7.586206896552,-12.5,-5.));
#8501 = VECTOR('',#8502,1.);
#8502 = DIRECTION('',(-0.,1.,0.));
#8503 = ORIENTED_EDGE('',*,*,#8504,.F.);
#8504 = EDGE_CURVE('',#8505,#8497,#8507,.T.);
#8505 = VERTEX_POINT('',#8506);
#8506 = CARTESIAN_POINT('',(1.5,-11.,-5.));
#8507 = LINE('',#8508,#8509);
#8508 = CARTESIAN_POINT('',(-7.586206896552,-11.,-5.));
#8509 = VECTOR('',#8510,1.);
#8510 = DIRECTION('',(1.,0.,-0.));
#8511 = ORIENTED_EDGE('',*,*,#8512,.F.);
#8512 = EDGE_CURVE('',#8513,#8505,#8515,.T.);
#8513 = VERTEX_POINT('',#8514);
#8514 = CARTESIAN_POINT('',(-1.5,-11.,-5.));
#8515 = LINE('',#8516,#8517);
#8516 = CARTESIAN_POINT('',(-7.586206896552,-11.,-5.));
#8517 = VECTOR('',#8518,1.);
#8518 = DIRECTION('',(1.,0.,-0.));
#8519 = ORIENTED_EDGE('',*,*,#8520,.F.);
#8520 = EDGE_CURVE('',#8456,#8513,#8521,.T.);
#8521 = LINE('',#8522,#8523);
#8522 = CARTESIAN_POINT('',(-7.586206896552,-11.,-5.));
#8523 = VECTOR('',#8524,1.);
#8524 = DIRECTION('',(1.,0.,-0.));
#8525 = PLANE('',#8526);
#8526 = AXIS2_PLACEMENT_3D('',#8527,#8528,#8529);
#8527 = CARTESIAN_POINT('',(-7.586206896552,-12.5,-5.));
#8528 = DIRECTION('',(0.,0.,1.));
#8529 = DIRECTION('',(1.,0.,-0.));
#8530 = ADVANCED_FACE('',(#8531),#8556,.F.);
#8531 = FACE_BOUND('',#8532,.F.);
#8532 = EDGE_LOOP('',(#8533,#8541,#8549,#8555));
#8533 = ORIENTED_EDGE('',*,*,#8534,.F.);
#8534 = EDGE_CURVE('',#8535,#8505,#8537,.T.);
#8535 = VERTEX_POINT('',#8536);
#8536 = CARTESIAN_POINT('',(1.5,-11.,-6.));
#8537 = LINE('',#8538,#8539);
#8538 = CARTESIAN_POINT('',(1.5,-11.,-6.));
#8539 = VECTOR('',#8540,1.);
#8540 = DIRECTION('',(0.,0.,1.));
#8541 = ORIENTED_EDGE('',*,*,#8542,.F.);
#8542 = EDGE_CURVE('',#8543,#8535,#8545,.T.);
#8543 = VERTEX_POINT('',#8544);
#8544 = CARTESIAN_POINT('',(-1.5,-11.,-6.));
#8545 = LINE('',#8546,#8547);
#8546 = CARTESIAN_POINT('',(-1.5,-11.,-6.));
#8547 = VECTOR('',#8548,1.);
#8548 = DIRECTION('',(1.,0.,-0.));
#8549 = ORIENTED_EDGE('',*,*,#8550,.T.);
#8550 = EDGE_CURVE('',#8543,#8513,#8551,.T.);
#8551 = LINE('',#8552,#8553);
#8552 = CARTESIAN_POINT('',(-1.5,-11.,-6.));
#8553 = VECTOR('',#8554,1.);
#8554 = DIRECTION('',(0.,0.,1.));
#8555 = ORIENTED_EDGE('',*,*,#8512,.T.);
#8556 = PLANE('',#8557);
#8557 = AXIS2_PLACEMENT_3D('',#8558,#8559,#8560);
#8558 = CARTESIAN_POINT('',(-1.5,-11.,-6.));
#8559 = DIRECTION('',(-0.,1.,0.));
#8560 = DIRECTION('',(0.,0.,1.));
#8561 = ADVANCED_FACE('',(#8562),#8580,.T.);
#8562 = FACE_BOUND('',#8563,.T.);
#8563 = EDGE_LOOP('',(#8564,#8571,#8572,#8579));
#8564 = ORIENTED_EDGE('',*,*,#8565,.F.);
#8565 = EDGE_CURVE('',#8417,#8497,#8566,.T.);
#8566 = CIRCLE('',#8567,5.);
#8567 = AXIS2_PLACEMENT_3D('',#8568,#8569,#8570);
#8568 = CARTESIAN_POINT('',(7.586206896552,-11.,0.));
#8569 = DIRECTION('',(0.,1.,0.));
#8570 = DIRECTION('',(0.,-0.,1.));
#8571 = ORIENTED_EDGE('',*,*,#8416,.F.);
#8572 = ORIENTED_EDGE('',*,*,#8573,.T.);
#8573 = EDGE_CURVE('',#8409,#8489,#8574,.T.);
#8574 = CIRCLE('',#8575,5.);
#8575 = AXIS2_PLACEMENT_3D('',#8576,#8577,#8578);
#8576 = CARTESIAN_POINT('',(7.586206896552,-12.5,0.));
#8577 = DIRECTION('',(0.,1.,0.));
#8578 = DIRECTION('',(0.,-0.,1.));
#8579 = ORIENTED_EDGE('',*,*,#8496,.T.);
#8580 = CYLINDRICAL_SURFACE('',#8581,5.);
#8581 = AXIS2_PLACEMENT_3D('',#8582,#8583,#8584);
#8582 = CARTESIAN_POINT('',(7.586206896552,-12.5,0.));
#8583 = DIRECTION('',(0.,1.,0.));
#8584 = DIRECTION('',(0.,-0.,1.));
#8585 = ADVANCED_FACE('',(#8586),#8611,.F.);
#8586 = FACE_BOUND('',#8587,.F.);
#8587 = EDGE_LOOP('',(#8588,#8589,#8597,#8605));
#8588 = ORIENTED_EDGE('',*,*,#8432,.F.);
#8589 = ORIENTED_EDGE('',*,*,#8590,.T.);
#8590 = EDGE_CURVE('',#8433,#8591,#8593,.T.);
#8591 = VERTEX_POINT('',#8592);
#8592 = CARTESIAN_POINT('',(-1.5,-11.,6.));
#8593 = LINE('',#8594,#8595);
#8594 = CARTESIAN_POINT('',(-1.5,-11.,4.5));
#8595 = VECTOR('',#8596,1.);
#8596 = DIRECTION('',(0.,0.,1.));
#8597 = ORIENTED_EDGE('',*,*,#8598,.T.);
#8598 = EDGE_CURVE('',#8591,#8599,#8601,.T.);
#8599 = VERTEX_POINT('',#8600);
#8600 = CARTESIAN_POINT('',(1.5,-11.,6.));
#8601 = LINE('',#8602,#8603);
#8602 = CARTESIAN_POINT('',(-1.5,-11.,6.));
#8603 = VECTOR('',#8604,1.);
#8604 = DIRECTION('',(1.,0.,-0.));
#8605 = ORIENTED_EDGE('',*,*,#8606,.F.);
#8606 = EDGE_CURVE('',#8425,#8599,#8607,.T.);
#8607 = LINE('',#8608,#8609);
#8608 = CARTESIAN_POINT('',(1.5,-11.,4.5));
#8609 = VECTOR('',#8610,1.);
#8610 = DIRECTION('',(0.,0.,1.));
#8611 = PLANE('',#8612);
#8612 = AXIS2_PLACEMENT_3D('',#8613,#8614,#8615);
#8613 = CARTESIAN_POINT('',(-1.5,-11.,4.5));
#8614 = DIRECTION('',(-0.,1.,0.));
#8615 = DIRECTION('',(0.,0.,1.));
#8616 = ADVANCED_FACE('',(#8617),#8658,.F.);
#8617 = FACE_BOUND('',#8618,.F.);
#8618 = EDGE_LOOP('',(#8619,#8620,#8628,#8636,#8644,#8652));
#8619 = ORIENTED_EDGE('',*,*,#8550,.F.);
#8620 = ORIENTED_EDGE('',*,*,#8621,.T.);
#8621 = EDGE_CURVE('',#8543,#8622,#8624,.T.);
#8622 = VERTEX_POINT('',#8623);
#8623 = CARTESIAN_POINT('',(-1.5,11.,-6.));
#8624 = LINE('',#8625,#8626);
#8625 = CARTESIAN_POINT('',(-1.5,-11.,-6.));
#8626 = VECTOR('',#8627,1.);
#8627 = DIRECTION('',(-0.,1.,0.));
#8628 = ORIENTED_EDGE('',*,*,#8629,.T.);
#8629 = EDGE_CURVE('',#8622,#8630,#8632,.T.);
#8630 = VERTEX_POINT('',#8631);
#8631 = CARTESIAN_POINT('',(-1.5,11.,-5.));
#8632 = LINE('',#8633,#8634);
#8633 = CARTESIAN_POINT('',(-1.5,11.,-6.));
#8634 = VECTOR('',#8635,1.);
#8635 = DIRECTION('',(0.,0.,1.));
#8636 = ORIENTED_EDGE('',*,*,#8637,.T.);
#8637 = EDGE_CURVE('',#8630,#8638,#8640,.T.);
#8638 = VERTEX_POINT('',#8639);
#8639 = CARTESIAN_POINT('',(-1.5,11.,-4.5));
#8640 = LINE('',#8641,#8642);
#8641 = CARTESIAN_POINT('',(-1.5,11.,-6.));
#8642 = VECTOR('',#8643,1.);
#8643 = DIRECTION('',(0.,0.,1.));
#8644 = ORIENTED_EDGE('',*,*,#8645,.F.);
#8645 = EDGE_CURVE('',#8646,#8638,#8648,.T.);
#8646 = VERTEX_POINT('',#8647);
#8647 = CARTESIAN_POINT('',(-1.5,-11.,-4.5));
#8648 = LINE('',#8649,#8650);
#8649 = CARTESIAN_POINT('',(-1.5,-11.,-4.5));
#8650 = VECTOR('',#8651,1.);
#8651 = DIRECTION('',(-0.,1.,0.));
#8652 = ORIENTED_EDGE('',*,*,#8653,.F.);
#8653 = EDGE_CURVE('',#8513,#8646,#8654,.T.);
#8654 = LINE('',#8655,#8656);
#8655 = CARTESIAN_POINT('',(-1.5,-11.,-6.));
#8656 = VECTOR('',#8657,1.);
#8657 = DIRECTION('',(0.,0.,1.));
#8658 = PLANE('',#8659);
#8659 = AXIS2_PLACEMENT_3D('',#8660,#8661,#8662);
#8660 = CARTESIAN_POINT('',(-1.5,-11.,-6.));
#8661 = DIRECTION('',(1.,0.,-0.));
#8662 = DIRECTION('',(0.,0.,1.));
#8663 = ADVANCED_FACE('',(#8664),#8689,.T.);
#8664 = FACE_BOUND('',#8665,.T.);
#8665 = EDGE_LOOP('',(#8666,#8667,#8675,#8683));
#8666 = ORIENTED_EDGE('',*,*,#8645,.F.);
#8667 = ORIENTED_EDGE('',*,*,#8668,.T.);
#8668 = EDGE_CURVE('',#8646,#8669,#8671,.T.);
#8669 = VERTEX_POINT('',#8670);
#8670 = CARTESIAN_POINT('',(1.5,-11.,-4.5));
#8671 = LINE('',#8672,#8673);
#8672 = CARTESIAN_POINT('',(-1.5,-11.,-4.5));
#8673 = VECTOR('',#8674,1.);
#8674 = DIRECTION('',(1.,0.,-0.));
#8675 = ORIENTED_EDGE('',*,*,#8676,.T.);
#8676 = EDGE_CURVE('',#8669,#8677,#8679,.T.);
#8677 = VERTEX_POINT('',#8678);
#8678 = CARTESIAN_POINT('',(1.5,11.,-4.5));
#8679 = LINE('',#8680,#8681);
#8680 = CARTESIAN_POINT('',(1.5,-11.,-4.5));
#8681 = VECTOR('',#8682,1.);
#8682 = DIRECTION('',(-0.,1.,0.));
#8683 = ORIENTED_EDGE('',*,*,#8684,.F.);
#8684 = EDGE_CURVE('',#8638,#8677,#8685,.T.);
#8685 = LINE('',#8686,#8687);
#8686 = CARTESIAN_POINT('',(-1.5,11.,-4.5));
#8687 = VECTOR('',#8688,1.);
#8688 = DIRECTION('',(1.,0.,-0.));
#8689 = PLANE('',#8690);
#8690 = AXIS2_PLACEMENT_3D('',#8691,#8692,#8693);
#8691 = CARTESIAN_POINT('',(-1.5,-11.,-4.5));
#8692 = DIRECTION('',(0.,0.,1.));
#8693 = DIRECTION('',(1.,0.,-0.));
#8694 = ADVANCED_FACE('',(#8695),#8727,.T.);
#8695 = FACE_BOUND('',#8696,.T.);
#8696 = EDGE_LOOP('',(#8697,#8698,#8706,#8714,#8720,#8721));
#8697 = ORIENTED_EDGE('',*,*,#8534,.F.);
#8698 = ORIENTED_EDGE('',*,*,#8699,.T.);
#8699 = EDGE_CURVE('',#8535,#8700,#8702,.T.);
#8700 = VERTEX_POINT('',#8701);
#8701 = CARTESIAN_POINT('',(1.5,11.,-6.));
#8702 = LINE('',#8703,#8704);
#8703 = CARTESIAN_POINT('',(1.5,-11.,-6.));
#8704 = VECTOR('',#8705,1.);
#8705 = DIRECTION('',(-0.,1.,0.));
#8706 = ORIENTED_EDGE('',*,*,#8707,.T.);
#8707 = EDGE_CURVE('',#8700,#8708,#8710,.T.);
#8708 = VERTEX_POINT('',#8709);
#8709 = CARTESIAN_POINT('',(1.5,11.,-5.));
#8710 = LINE('',#8711,#8712);
#8711 = CARTESIAN_POINT('',(1.5,11.,-6.));
#8712 = VECTOR('',#8713,1.);
#8713 = DIRECTION('',(0.,0.,1.));
#8714 = ORIENTED_EDGE('',*,*,#8715,.T.);
#8715 = EDGE_CURVE('',#8708,#8677,#8716,.T.);
#8716 = LINE('',#8717,#8718);
#8717 = CARTESIAN_POINT('',(1.5,11.,-6.));
#8718 = VECTOR('',#8719,1.);
#8719 = DIRECTION('',(0.,0.,1.));
#8720 = ORIENTED_EDGE('',*,*,#8676,.F.);
#8721 = ORIENTED_EDGE('',*,*,#8722,.F.);
#8722 = EDGE_CURVE('',#8505,#8669,#8723,.T.);
#8723 = LINE('',#8724,#8725);
#8724 = CARTESIAN_POINT('',(1.5,-11.,-6.));
#8725 = VECTOR('',#8726,1.);
#8726 = DIRECTION('',(0.,0.,1.));
#8727 = PLANE('',#8728);
#8728 = AXIS2_PLACEMENT_3D('',#8729,#8730,#8731);
#8729 = CARTESIAN_POINT('',(1.5,-11.,-6.));
#8730 = DIRECTION('',(1.,0.,-0.));
#8731 = DIRECTION('',(0.,0.,1.));
#8732 = ADVANCED_FACE('',(#8733),#8774,.T.);
#8733 = FACE_BOUND('',#8734,.T.);
#8734 = EDGE_LOOP('',(#8735,#8743,#8751,#8759,#8767,#8773));
#8735 = ORIENTED_EDGE('',*,*,#8736,.F.);
#8736 = EDGE_CURVE('',#8737,#8425,#8739,.T.);
#8737 = VERTEX_POINT('',#8738);
#8738 = CARTESIAN_POINT('',(1.5,-11.,4.5));
#8739 = LINE('',#8740,#8741);
#8740 = CARTESIAN_POINT('',(1.5,-11.,4.5));
#8741 = VECTOR('',#8742,1.);
#8742 = DIRECTION('',(0.,0.,1.));
#8743 = ORIENTED_EDGE('',*,*,#8744,.T.);
#8744 = EDGE_CURVE('',#8737,#8745,#8747,.T.);
#8745 = VERTEX_POINT('',#8746);
#8746 = CARTESIAN_POINT('',(1.5,11.,4.5));
#8747 = LINE('',#8748,#8749);
#8748 = CARTESIAN_POINT('',(1.5,-11.,4.5));
#8749 = VECTOR('',#8750,1.);
#8750 = DIRECTION('',(-0.,1.,0.));
#8751 = ORIENTED_EDGE('',*,*,#8752,.T.);
#8752 = EDGE_CURVE('',#8745,#8753,#8755,.T.);
#8753 = VERTEX_POINT('',#8754);
#8754 = CARTESIAN_POINT('',(1.5,11.,5.));
#8755 = LINE('',#8756,#8757);
#8756 = CARTESIAN_POINT('',(1.5,11.,4.5));
#8757 = VECTOR('',#8758,1.);
#8758 = DIRECTION('',(0.,0.,1.));
#8759 = ORIENTED_EDGE('',*,*,#8760,.T.);
#8760 = EDGE_CURVE('',#8753,#8761,#8763,.T.);
#8761 = VERTEX_POINT('',#8762);
#8762 = CARTESIAN_POINT('',(1.5,11.,6.));
#8763 = LINE('',#8764,#8765);
#8764 = CARTESIAN_POINT('',(1.5,11.,4.5));
#8765 = VECTOR('',#8766,1.);
#8766 = DIRECTION('',(0.,0.,1.));
#8767 = ORIENTED_EDGE('',*,*,#8768,.F.);
#8768 = EDGE_CURVE('',#8599,#8761,#8769,.T.);
#8769 = LINE('',#8770,#8771);
#8770 = CARTESIAN_POINT('',(1.5,-11.,6.));
#8771 = VECTOR('',#8772,1.);
#8772 = DIRECTION('',(-0.,1.,0.));
#8773 = ORIENTED_EDGE('',*,*,#8606,.F.);
#8774 = PLANE('',#8775);
#8775 = AXIS2_PLACEMENT_3D('',#8776,#8777,#8778);
#8776 = CARTESIAN_POINT('',(1.5,-11.,4.5));
#8777 = DIRECTION('',(1.,0.,-0.));
#8778 = DIRECTION('',(0.,0.,1.));
#8779 = ADVANCED_FACE('',(#8780),#8805,.F.);
#8780 = FACE_BOUND('',#8781,.F.);
#8781 = EDGE_LOOP('',(#8782,#8792,#8798,#8799));
#8782 = ORIENTED_EDGE('',*,*,#8783,.F.);
#8783 = EDGE_CURVE('',#8784,#8786,#8788,.T.);
#8784 = VERTEX_POINT('',#8785);
#8785 = CARTESIAN_POINT('',(-1.5,-11.,4.5));
#8786 = VERTEX_POINT('',#8787);
#8787 = CARTESIAN_POINT('',(-1.5,11.,4.5));
#8788 = LINE('',#8789,#8790);
#8789 = CARTESIAN_POINT('',(-1.5,-11.,4.5));
#8790 = VECTOR('',#8791,1.);
#8791 = DIRECTION('',(-0.,1.,0.));
#8792 = ORIENTED_EDGE('',*,*,#8793,.T.);
#8793 = EDGE_CURVE('',#8784,#8737,#8794,.T.);
#8794 = LINE('',#8795,#8796);
#8795 = CARTESIAN_POINT('',(-1.5,-11.,4.5));
#8796 = VECTOR('',#8797,1.);
#8797 = DIRECTION('',(1.,0.,-0.));
#8798 = ORIENTED_EDGE('',*,*,#8744,.T.);
#8799 = ORIENTED_EDGE('',*,*,#8800,.F.);
#8800 = EDGE_CURVE('',#8786,#8745,#8801,.T.);
#8801 = LINE('',#8802,#8803);
#8802 = CARTESIAN_POINT('',(-1.5,11.,4.5));
#8803 = VECTOR('',#8804,1.);
#8804 = DIRECTION('',(1.,0.,-0.));
#8805 = PLANE('',#8806);
#8806 = AXIS2_PLACEMENT_3D('',#8807,#8808,#8809);
#8807 = CARTESIAN_POINT('',(-1.5,-11.,4.5));
#8808 = DIRECTION('',(0.,0.,1.));
#8809 = DIRECTION('',(1.,0.,-0.));
#8810 = ADVANCED_FACE('',(#8811),#8843,.F.);
#8811 = FACE_BOUND('',#8812,.F.);
#8812 = EDGE_LOOP('',(#8813,#8819,#8820,#8828,#8836,#8842));
#8813 = ORIENTED_EDGE('',*,*,#8814,.F.);
#8814 = EDGE_CURVE('',#8784,#8433,#8815,.T.);
#8815 = LINE('',#8816,#8817);
#8816 = CARTESIAN_POINT('',(-1.5,-11.,4.5));
#8817 = VECTOR('',#8818,1.);
#8818 = DIRECTION('',(0.,0.,1.));
#8819 = ORIENTED_EDGE('',*,*,#8783,.T.);
#8820 = ORIENTED_EDGE('',*,*,#8821,.T.);
#8821 = EDGE_CURVE('',#8786,#8822,#8824,.T.);
#8822 = VERTEX_POINT('',#8823);
#8823 = CARTESIAN_POINT('',(-1.5,11.,5.));
#8824 = LINE('',#8825,#8826);
#8825 = CARTESIAN_POINT('',(-1.5,11.,4.5));
#8826 = VECTOR('',#8827,1.);
#8827 = DIRECTION('',(0.,0.,1.));
#8828 = ORIENTED_EDGE('',*,*,#8829,.T.);
#8829 = EDGE_CURVE('',#8822,#8830,#8832,.T.);
#8830 = VERTEX_POINT('',#8831);
#8831 = CARTESIAN_POINT('',(-1.5,11.,6.));
#8832 = LINE('',#8833,#8834);
#8833 = CARTESIAN_POINT('',(-1.5,11.,4.5));
#8834 = VECTOR('',#8835,1.);
#8835 = DIRECTION('',(0.,0.,1.));
#8836 = ORIENTED_EDGE('',*,*,#8837,.F.);
#8837 = EDGE_CURVE('',#8591,#8830,#8838,.T.);
#8838 = LINE('',#8839,#8840);
#8839 = CARTESIAN_POINT('',(-1.5,-11.,6.));
#8840 = VECTOR('',#8841,1.);
#8841 = DIRECTION('',(-0.,1.,0.));
#8842 = ORIENTED_EDGE('',*,*,#8590,.F.);
#8843 = PLANE('',#8844);
#8844 = AXIS2_PLACEMENT_3D('',#8845,#8846,#8847);
#8845 = CARTESIAN_POINT('',(-1.5,-11.,4.5));
#8846 = DIRECTION('',(1.,0.,-0.));
#8847 = DIRECTION('',(0.,0.,1.));
#8848 = ADVANCED_FACE('',(#8849),#8860,.F.);
#8849 = FACE_BOUND('',#8850,.F.);
#8850 = EDGE_LOOP('',(#8851,#8852,#8853,#8854));
#8851 = ORIENTED_EDGE('',*,*,#8621,.F.);
#8852 = ORIENTED_EDGE('',*,*,#8542,.T.);
#8853 = ORIENTED_EDGE('',*,*,#8699,.T.);
#8854 = ORIENTED_EDGE('',*,*,#8855,.F.);
#8855 = EDGE_CURVE('',#8622,#8700,#8856,.T.);
#8856 = LINE('',#8857,#8858);
#8857 = CARTESIAN_POINT('',(-1.5,11.,-6.));
#8858 = VECTOR('',#8859,1.);
#8859 = DIRECTION('',(1.,0.,-0.));
#8860 = PLANE('',#8861);
#8861 = AXIS2_PLACEMENT_3D('',#8862,#8863,#8864);
#8862 = CARTESIAN_POINT('',(-1.5,-11.,-6.));
#8863 = DIRECTION('',(0.,0.,1.));
#8864 = DIRECTION('',(1.,0.,-0.));
#8865 = ADVANCED_FACE('',(#8866),#8877,.T.);
#8866 = FACE_BOUND('',#8867,.T.);
#8867 = EDGE_LOOP('',(#8868,#8869,#8870,#8871));
#8868 = ORIENTED_EDGE('',*,*,#8837,.F.);
#8869 = ORIENTED_EDGE('',*,*,#8598,.T.);
#8870 = ORIENTED_EDGE('',*,*,#8768,.T.);
#8871 = ORIENTED_EDGE('',*,*,#8872,.F.);
#8872 = EDGE_CURVE('',#8830,#8761,#8873,.T.);
#8873 = LINE('',#8874,#8875);
#8874 = CARTESIAN_POINT('',(-1.5,11.,6.));
#8875 = VECTOR('',#8876,1.);
#8876 = DIRECTION('',(1.,0.,-0.));
#8877 = PLANE('',#8878);
#8878 = AXIS2_PLACEMENT_3D('',#8879,#8880,#8881);
#8879 = CARTESIAN_POINT('',(-1.5,-11.,6.));
#8880 = DIRECTION('',(0.,0.,1.));
#8881 = DIRECTION('',(1.,0.,-0.));
#8882 = ADVANCED_FACE('',(#8883),#8894,.T.);
#8883 = FACE_BOUND('',#8884,.T.);
#8884 = EDGE_LOOP('',(#8885,#8886,#8887,#8888));
#8885 = ORIENTED_EDGE('',*,*,#8707,.F.);
#8886 = ORIENTED_EDGE('',*,*,#8855,.F.);
#8887 = ORIENTED_EDGE('',*,*,#8629,.T.);
#8888 = ORIENTED_EDGE('',*,*,#8889,.T.);
#8889 = EDGE_CURVE('',#8630,#8708,#8890,.T.);
#8890 = LINE('',#8891,#8892);
#8891 = CARTESIAN_POINT('',(-7.586206896552,11.,-5.));
#8892 = VECTOR('',#8893,1.);
#8893 = DIRECTION('',(1.,0.,-0.));
#8894 = PLANE('',#8895);
#8895 = AXIS2_PLACEMENT_3D('',#8896,#8897,#8898);
#8896 = CARTESIAN_POINT('',(-1.5,11.,-6.));
#8897 = DIRECTION('',(-0.,1.,0.));
#8898 = DIRECTION('',(0.,0.,1.));
#8899 = ADVANCED_FACE('',(#8900),#8911,.T.);
#8900 = FACE_BOUND('',#8901,.T.);
#8901 = EDGE_LOOP('',(#8902,#8908,#8909,#8910));
#8902 = ORIENTED_EDGE('',*,*,#8903,.F.);
#8903 = EDGE_CURVE('',#8822,#8753,#8904,.T.);
#8904 = LINE('',#8905,#8906);
#8905 = CARTESIAN_POINT('',(-7.586206896552,11.,5.));
#8906 = VECTOR('',#8907,1.);
#8907 = DIRECTION('',(1.,0.,-0.));
#8908 = ORIENTED_EDGE('',*,*,#8829,.T.);
#8909 = ORIENTED_EDGE('',*,*,#8872,.T.);
#8910 = ORIENTED_EDGE('',*,*,#8760,.F.);
#8911 = PLANE('',#8912);
#8912 = AXIS2_PLACEMENT_3D('',#8913,#8914,#8915);
#8913 = CARTESIAN_POINT('',(-1.5,11.,4.5));
#8914 = DIRECTION('',(-0.,1.,0.));
#8915 = DIRECTION('',(0.,0.,1.));
#8916 = ADVANCED_FACE('',(#8917),#8958,.F.);
#8917 = FACE_BOUND('',#8918,.F.);
#8918 = EDGE_LOOP('',(#8919,#8929,#8935,#8936,#8944,#8952));
#8919 = ORIENTED_EDGE('',*,*,#8920,.F.);
#8920 = EDGE_CURVE('',#8921,#8923,#8925,.T.);
#8921 = VERTEX_POINT('',#8922);
#8922 = CARTESIAN_POINT('',(-7.586206896552,11.,-5.));
#8923 = VERTEX_POINT('',#8924);
#8924 = CARTESIAN_POINT('',(-7.586206896552,12.5,-5.));
#8925 = LINE('',#8926,#8927);
#8926 = CARTESIAN_POINT('',(-7.586206896552,11.,-5.));
#8927 = VECTOR('',#8928,1.);
#8928 = DIRECTION('',(-0.,1.,0.));
#8929 = ORIENTED_EDGE('',*,*,#8930,.T.);
#8930 = EDGE_CURVE('',#8921,#8630,#8931,.T.);
#8931 = LINE('',#8932,#8933);
#8932 = CARTESIAN_POINT('',(-7.586206896552,11.,-5.));
#8933 = VECTOR('',#8934,1.);
#8934 = DIRECTION('',(1.,0.,-0.));
#8935 = ORIENTED_EDGE('',*,*,#8889,.T.);
#8936 = ORIENTED_EDGE('',*,*,#8937,.T.);
#8937 = EDGE_CURVE('',#8708,#8938,#8940,.T.);
#8938 = VERTEX_POINT('',#8939);
#8939 = CARTESIAN_POINT('',(7.586206896552,11.,-5.));
#8940 = LINE('',#8941,#8942);
#8941 = CARTESIAN_POINT('',(-7.586206896552,11.,-5.));
#8942 = VECTOR('',#8943,1.);
#8943 = DIRECTION('',(1.,0.,-0.));
#8944 = ORIENTED_EDGE('',*,*,#8945,.T.);
#8945 = EDGE_CURVE('',#8938,#8946,#8948,.T.);
#8946 = VERTEX_POINT('',#8947);
#8947 = CARTESIAN_POINT('',(7.586206896552,12.5,-5.));
#8948 = LINE('',#8949,#8950);
#8949 = CARTESIAN_POINT('',(7.586206896552,11.,-5.));
#8950 = VECTOR('',#8951,1.);
#8951 = DIRECTION('',(-0.,1.,0.));
#8952 = ORIENTED_EDGE('',*,*,#8953,.F.);
#8953 = EDGE_CURVE('',#8923,#8946,#8954,.T.);
#8954 = LINE('',#8955,#8956);
#8955 = CARTESIAN_POINT('',(-7.586206896552,12.5,-5.));
#8956 = VECTOR('',#8957,1.);
#8957 = DIRECTION('',(1.,0.,-0.));
#8958 = PLANE('',#8959);
#8959 = AXIS2_PLACEMENT_3D('',#8960,#8961,#8962);
#8960 = CARTESIAN_POINT('',(-7.586206896552,11.,-5.));
#8961 = DIRECTION('',(0.,0.,1.));
#8962 = DIRECTION('',(1.,0.,-0.));
#8963 = ADVANCED_FACE('',(#8964),#9005,.T.);
#8964 = FACE_BOUND('',#8965,.T.);
#8965 = EDGE_LOOP('',(#8966,#8976,#8982,#8983,#8991,#8999));
#8966 = ORIENTED_EDGE('',*,*,#8967,.F.);
#8967 = EDGE_CURVE('',#8968,#8970,#8972,.T.);
#8968 = VERTEX_POINT('',#8969);
#8969 = CARTESIAN_POINT('',(-7.586206896552,11.,5.));
#8970 = VERTEX_POINT('',#8971);
#8971 = CARTESIAN_POINT('',(-7.586206896552,12.5,5.));
#8972 = LINE('',#8973,#8974);
#8973 = CARTESIAN_POINT('',(-7.586206896552,11.,5.));
#8974 = VECTOR('',#8975,1.);
#8975 = DIRECTION('',(-0.,1.,0.));
#8976 = ORIENTED_EDGE('',*,*,#8977,.T.);
#8977 = EDGE_CURVE('',#8968,#8822,#8978,.T.);
#8978 = LINE('',#8979,#8980);
#8979 = CARTESIAN_POINT('',(-7.586206896552,11.,5.));
#8980 = VECTOR('',#8981,1.);
#8981 = DIRECTION('',(1.,0.,-0.));
#8982 = ORIENTED_EDGE('',*,*,#8903,.T.);
#8983 = ORIENTED_EDGE('',*,*,#8984,.T.);
#8984 = EDGE_CURVE('',#8753,#8985,#8987,.T.);
#8985 = VERTEX_POINT('',#8986);
#8986 = CARTESIAN_POINT('',(7.586206896552,11.,5.));
#8987 = LINE('',#8988,#8989);
#8988 = CARTESIAN_POINT('',(-7.586206896552,11.,5.));
#8989 = VECTOR('',#8990,1.);
#8990 = DIRECTION('',(1.,0.,-0.));
#8991 = ORIENTED_EDGE('',*,*,#8992,.T.);
#8992 = EDGE_CURVE('',#8985,#8993,#8995,.T.);
#8993 = VERTEX_POINT('',#8994);
#8994 = CARTESIAN_POINT('',(7.586206896552,12.5,5.));
#8995 = LINE('',#8996,#8997);
#8996 = CARTESIAN_POINT('',(7.586206896552,11.,5.));
#8997 = VECTOR('',#8998,1.);
#8998 = DIRECTION('',(-0.,1.,0.));
#8999 = ORIENTED_EDGE('',*,*,#9000,.F.);
#9000 = EDGE_CURVE('',#8970,#8993,#9001,.T.);
#9001 = LINE('',#9002,#9003);
#9002 = CARTESIAN_POINT('',(-7.586206896552,12.5,5.));
#9003 = VECTOR('',#9004,1.);
#9004 = DIRECTION('',(1.,0.,-0.));
#9005 = PLANE('',#9006);
#9006 = AXIS2_PLACEMENT_3D('',#9007,#9008,#9009);
#9007 = CARTESIAN_POINT('',(-7.586206896552,11.,5.));
#9008 = DIRECTION('',(0.,0.,1.));
#9009 = DIRECTION('',(1.,0.,-0.));
#9010 = ADVANCED_FACE('',(#9011),#9029,.T.);
#9011 = FACE_BOUND('',#9012,.T.);
#9012 = EDGE_LOOP('',(#9013,#9014,#9021,#9022));
#9013 = ORIENTED_EDGE('',*,*,#8967,.T.);
#9014 = ORIENTED_EDGE('',*,*,#9015,.F.);
#9015 = EDGE_CURVE('',#8923,#8970,#9016,.T.);
#9016 = CIRCLE('',#9017,5.);
#9017 = AXIS2_PLACEMENT_3D('',#9018,#9019,#9020);
#9018 = CARTESIAN_POINT('',(-7.586206896552,12.5,0.));
#9019 = DIRECTION('',(0.,1.,0.));
#9020 = DIRECTION('',(0.,-0.,1.));
#9021 = ORIENTED_EDGE('',*,*,#8920,.F.);
#9022 = ORIENTED_EDGE('',*,*,#9023,.T.);
#9023 = EDGE_CURVE('',#8921,#8968,#9024,.T.);
#9024 = CIRCLE('',#9025,5.);
#9025 = AXIS2_PLACEMENT_3D('',#9026,#9027,#9028);
#9026 = CARTESIAN_POINT('',(-7.586206896552,11.,0.));
#9027 = DIRECTION('',(0.,1.,0.));
#9028 = DIRECTION('',(0.,-0.,1.));
#9029 = CYLINDRICAL_SURFACE('',#9030,5.);
#9030 = AXIS2_PLACEMENT_3D('',#9031,#9032,#9033);
#9031 = CARTESIAN_POINT('',(-7.586206896552,11.,0.));
#9032 = DIRECTION('',(0.,1.,0.));
#9033 = DIRECTION('',(0.,-0.,1.));
#9034 = ADVANCED_FACE('',(#9035),#9053,.T.);
#9035 = FACE_BOUND('',#9036,.T.);
#9036 = EDGE_LOOP('',(#9037,#9044,#9045,#9052));
#9037 = ORIENTED_EDGE('',*,*,#9038,.F.);
#9038 = EDGE_CURVE('',#8993,#8946,#9039,.T.);
#9039 = CIRCLE('',#9040,5.);
#9040 = AXIS2_PLACEMENT_3D('',#9041,#9042,#9043);
#9041 = CARTESIAN_POINT('',(7.586206896552,12.5,0.));
#9042 = DIRECTION('',(0.,1.,0.));
#9043 = DIRECTION('',(0.,-0.,1.));
#9044 = ORIENTED_EDGE('',*,*,#8992,.F.);
#9045 = ORIENTED_EDGE('',*,*,#9046,.T.);
#9046 = EDGE_CURVE('',#8985,#8938,#9047,.T.);
#9047 = CIRCLE('',#9048,5.);
#9048 = AXIS2_PLACEMENT_3D('',#9049,#9050,#9051);
#9049 = CARTESIAN_POINT('',(7.586206896552,11.,0.));
#9050 = DIRECTION('',(0.,1.,0.));
#9051 = DIRECTION('',(0.,-0.,1.));
#9052 = ORIENTED_EDGE('',*,*,#8945,.T.);
#9053 = CYLINDRICAL_SURFACE('',#9054,5.);
#9054 = AXIS2_PLACEMENT_3D('',#9055,#9056,#9057);
#9055 = CARTESIAN_POINT('',(7.586206896552,11.,0.));
#9056 = DIRECTION('',(0.,1.,0.));
#9057 = DIRECTION('',(0.,-0.,1.));
#9058 = ADVANCED_FACE('',(#9059),#9065,.T.);
#9059 = FACE_BOUND('',#9060,.T.);
#9060 = EDGE_LOOP('',(#9061,#9062,#9063,#9064));
#9061 = ORIENTED_EDGE('',*,*,#8488,.T.);
#9062 = ORIENTED_EDGE('',*,*,#8573,.F.);
#9063 = ORIENTED_EDGE('',*,*,#8408,.F.);
#9064 = ORIENTED_EDGE('',*,*,#8472,.F.);
#9065 = PLANE('',#9066);
#9066 = AXIS2_PLACEMENT_3D('',#9067,#9068,#9069);
#9067 = CARTESIAN_POINT('',(-6.476089505928E-16,-12.5,
    -2.354941638519E-16));
#9068 = DIRECTION('',(-0.,-1.,-0.));
#9069 = DIRECTION('',(0.,0.,-1.));
#9070 = ADVANCED_FACE('',(#9071),#9085,.T.);
#9071 = FACE_BOUND('',#9072,.T.);
#9072 = EDGE_LOOP('',(#9073,#9074,#9075,#9076,#9077,#9078,#9079,#9080,
    #9081,#9082,#9083,#9084));
#9073 = ORIENTED_EDGE('',*,*,#8520,.F.);
#9074 = ORIENTED_EDGE('',*,*,#8455,.T.);
#9075 = ORIENTED_EDGE('',*,*,#8440,.T.);
#9076 = ORIENTED_EDGE('',*,*,#8814,.F.);
#9077 = ORIENTED_EDGE('',*,*,#8793,.T.);
#9078 = ORIENTED_EDGE('',*,*,#8736,.T.);
#9079 = ORIENTED_EDGE('',*,*,#8424,.T.);
#9080 = ORIENTED_EDGE('',*,*,#8565,.T.);
#9081 = ORIENTED_EDGE('',*,*,#8504,.F.);
#9082 = ORIENTED_EDGE('',*,*,#8722,.T.);
#9083 = ORIENTED_EDGE('',*,*,#8668,.F.);
#9084 = ORIENTED_EDGE('',*,*,#8653,.F.);
#9085 = PLANE('',#9086);
#9086 = AXIS2_PLACEMENT_3D('',#9087,#9088,#9089);
#9087 = CARTESIAN_POINT('',(1.139697972182E-16,-11.,-2.279395944363E-16)
  );
#9088 = DIRECTION('',(0.,1.,0.));
#9089 = DIRECTION('',(0.,-0.,1.));
#9090 = ADVANCED_FACE('',(#9091),#9105,.T.);
#9091 = FACE_BOUND('',#9092,.T.);
#9092 = EDGE_LOOP('',(#9093,#9094,#9095,#9096,#9097,#9098,#9099,#9100,
    #9101,#9102,#9103,#9104));
#9093 = ORIENTED_EDGE('',*,*,#8930,.T.);
#9094 = ORIENTED_EDGE('',*,*,#8637,.T.);
#9095 = ORIENTED_EDGE('',*,*,#8684,.T.);
#9096 = ORIENTED_EDGE('',*,*,#8715,.F.);
#9097 = ORIENTED_EDGE('',*,*,#8937,.T.);
#9098 = ORIENTED_EDGE('',*,*,#9046,.F.);
#9099 = ORIENTED_EDGE('',*,*,#8984,.F.);
#9100 = ORIENTED_EDGE('',*,*,#8752,.F.);
#9101 = ORIENTED_EDGE('',*,*,#8800,.F.);
#9102 = ORIENTED_EDGE('',*,*,#8821,.T.);
#9103 = ORIENTED_EDGE('',*,*,#8977,.F.);
#9104 = ORIENTED_EDGE('',*,*,#9023,.F.);
#9105 = PLANE('',#9106);
#9106 = AXIS2_PLACEMENT_3D('',#9107,#9108,#9109);
#9107 = CARTESIAN_POINT('',(-6.268338846999E-16,11.,-2.279395944363E-16)
  );
#9108 = DIRECTION('',(-0.,-1.,-0.));
#9109 = DIRECTION('',(0.,0.,-1.));
#9110 = ADVANCED_FACE('',(#9111),#9117,.T.);
#9111 = FACE_BOUND('',#9112,.T.);
#9112 = EDGE_LOOP('',(#9113,#9114,#9115,#9116));
#9113 = ORIENTED_EDGE('',*,*,#8953,.F.);
#9114 = ORIENTED_EDGE('',*,*,#9015,.T.);
#9115 = ORIENTED_EDGE('',*,*,#9000,.T.);
#9116 = ORIENTED_EDGE('',*,*,#9038,.T.);
#9117 = PLANE('',#9118);
#9118 = AXIS2_PLACEMENT_3D('',#9119,#9120,#9121);
#9119 = CARTESIAN_POINT('',(-3.532412457779E-16,12.5,8.831031144447E-17)
  );
#9120 = DIRECTION('',(0.,1.,0.));
#9121 = DIRECTION('',(0.,-0.,1.));
#9122 = ( GEOMETRIC_REPRESENTATION_CONTEXT(3) 
GLOBAL_UNCERTAINTY_ASSIGNED_CONTEXT((#9126)) 
GLOBAL_UNIT_ASSIGNED_CONTEXT((#9123,#9124,#9125)) REPRESENTATION_CONTEXT
('Context #1','3D Context with UNIT and UNCERTAINTY') );
#9123 = ( LENGTH_UNIT() NAMED_UNIT(*) SI_UNIT(.MILLI.,.METRE.) );
#9124 = ( NAMED_UNIT(*) PLANE_ANGLE_UNIT() SI_UNIT($,.RADIAN.) );
#9125 = ( NAMED_UNIT(*) SI_UNIT($,.STERADIAN.) SOLID_ANGLE_UNIT() );
#9126 = UNCERTAINTY_MEASURE_WITH_UNIT(LENGTH_MEASURE(1.E-07),#9123,
  'distance_accuracy_value','confusion accuracy');
#9127 = CONTEXT_DEPENDENT_SHAPE_REPRESENTATION(#9128,#9130);
#9128 = ( REPRESENTATION_RELATIONSHIP('','',#8391,#10) 
REPRESENTATION_RELATIONSHIP_WITH_TRANSFORMATION(#9129) 
SHAPE_REPRESENTATION_RELATIONSHIP() );
#9129 = ITEM_DEFINED_TRANSFORMATION('','',#11,#59);
#9130 = PRODUCT_DEFINITION_SHAPE('Placement','Placement of an item',
  #9131);
#9131 = NEXT_ASSEMBLY_USAGE_OCCURRENCE('12','link_11','',#5,#8386,$);
#9132 = PRODUCT_RELATED_PRODUCT_CATEGORY('part',$,(#8388));
#9133 = SHAPE_DEFINITION_REPRESENTATION(#9134,#9140);
#9134 = PRODUCT_DEFINITION_SHAPE('','',#9135);
#9135 = PRODUCT_DEFINITION('design','',#9136,#9139);
#9136 = PRODUCT_DEFINITION_FORMATION('','',#9137);
#9137 = PRODUCT('link_12','link_12','',(#9138));
#9138 = PRODUCT_CONTEXT('',#2,'mechanical');
#9139 = PRODUCT_DEFINITION_CONTEXT('part definition',#2,'design');
#9140 = ADVANCED_BREP_SHAPE_REPRESENTATION('',(#11,#9141),#9871);
#9141 = MANIFOLD_SOLID_BREP('',#9142);
#9142 = CLOSED_SHELL('',(#9143,#9199,#9232,#9279,#9310,#9334,#9365,#9412
    ,#9443,#9481,#9528,#9559,#9597,#9614,#9631,#9648,#9665,#9712,#9759,
    #9783,#9807,#9819,#9839,#9859));
#9143 = ADVANCED_FACE('',(#9144),#9194,.T.);
#9144 = FACE_BOUND('',#9145,.T.);
#9145 = EDGE_LOOP('',(#9146,#9156,#9164,#9172,#9180,#9188));
#9146 = ORIENTED_EDGE('',*,*,#9147,.F.);
#9147 = EDGE_CURVE('',#9148,#9150,#9152,.T.);
#9148 = VERTEX_POINT('',#9149);
#9149 = CARTESIAN_POINT('',(-7.586206896552,-12.5,5.));
#9150 = VERTEX_POINT('',#9151);
#9151 = CARTESIAN_POINT('',(-7.586206896552,-11.,5.));
#9152 = LINE('',#9153,#9154);
#9153 = CARTESIAN_POINT('',(-7.586206896552,-12.5,5.));
#9154 = VECTOR('',#9155,1.);
#9155 = DIRECTION('',(-0.,1.,0.));
#9156 = ORIENTED_EDGE('',*,*,#9157,.T.);
#9157 = EDGE_CURVE('',#9148,#9158,#9160,.T.);
#9158 = VERTEX_POINT('',#9159);
#9159 = CARTESIAN_POINT('',(7.586206896552,-12.5,5.));
#9160 = LINE('',#9161,#9162);
#9161 = CARTESIAN_POINT('',(-7.586206896552,-12.5,5.));
#9162 = VECTOR('',#9163,1.);
#9163 = DIRECTION('',(1.,0.,-0.));
#9164 = ORIENTED_EDGE('',*,*,#9165,.T.);
#9165 = EDGE_CURVE('',#9158,#9166,#9168,.T.);
#9166 = VERTEX_POINT('',#9167);
#9167 = CARTESIAN_POINT('',(7.586206896552,-11.,5.));
#9168 = LINE('',#9169,#9170);
#9169 = CARTESIAN_POINT('',(7.586206896552,-12.5,5.));
#9170 = VECTOR('',#9171,1.);
#9171 = DIRECTION('',(-0.,1.,0.));
#9172 = ORIENTED_EDGE('',*,*,#9173,.F.);
#9173 = EDGE_CURVE('',#9174,#9166,#9176,.T.);
#9174 = VERTEX_POINT('',#9175);
#9175 = CARTESIAN_POINT('',(1.5,-11.,5.));
#9176 = LINE('',#9177,#9178);
#9177 = CARTESIAN_POINT('',(-7.586206896552,-11.,5.));
#9178 = VECTOR('',#9179,1.);
#9179 = DIRECTION('',(1.,0.,-0.));
#9180 = ORIENTED_EDGE('',*,*,#9181,.F.);
#9181 = EDGE_CURVE('',#9182,#9174,#9184,.T.);
#9182 = VERTEX_POINT('',#9183);
#9183 = CARTESIAN_POINT('',(-1.5,-11.,5.));
#9184 = LINE('',#9185,#9186);
#9185 = CARTESIAN_POINT('',(-7.586206896552,-11.,5.));
#9186 = VECTOR('',#9187,1.);
#9187 = DIRECTION('',(1.,0.,-0.));
#9188 = ORIENTED_EDGE('',*,*,#9189,.F.);
#9189 = EDGE_CURVE('',#9150,#9182,#9190,.T.);
#9190 = LINE('',#9191,#9192);
#9191 = CARTESIAN_POINT('',(-7.586206896552,-11.,5.));
#9192 = VECTOR('',#9193,1.);
#9193 = DIRECTION('',(1.,0.,-0.));
#9194 = PLANE('',#9195);
#9195 = AXIS2_PLACEMENT_3D('',#9196,#9197,#9198);
#9196 = CARTESIAN_POINT('',(-7.586206896552,-12.5,5.));
#9197 = DIRECTION('',(0.,0.,1.));
#9198 = DIRECTION('',(1.,0.,-0.));
#9199 = ADVANCED_FACE('',(#9200),#9227,.T.);
#9200 = FACE_BOUND('',#9201,.T.);
#9201 = EDGE_LOOP('',(#9202,#9203,#9212,#9220));
#9202 = ORIENTED_EDGE('',*,*,#9147,.T.);
#9203 = ORIENTED_EDGE('',*,*,#9204,.F.);
#9204 = EDGE_CURVE('',#9205,#9150,#9207,.T.);
#9205 = VERTEX_POINT('',#9206);
#9206 = CARTESIAN_POINT('',(-7.586206896552,-11.,-5.));
#9207 = CIRCLE('',#9208,5.);
#9208 = AXIS2_PLACEMENT_3D('',#9209,#9210,#9211);
#9209 = CARTESIAN_POINT('',(-7.586206896552,-11.,0.));
#9210 = DIRECTION('',(0.,1.,0.));
#9211 = DIRECTION('',(0.,-0.,1.));
#9212 = ORIENTED_EDGE('',*,*,#9213,.F.);
#9213 = EDGE_CURVE('',#9214,#9205,#9216,.T.);
#9214 = VERTEX_POINT('',#9215);
#9215 = CARTESIAN_POINT('',(-7.586206896552,-12.5,-5.));
#9216 = LINE('',#9217,#9218);
#9217 = CARTESIAN_POINT('',(-7.586206896552,-12.5,-5.));
#9218 = VECTOR('',#9219,1.);
#9219 = DIRECTION('',(-0.,1.,0.));
#9220 = ORIENTED_EDGE('',*,*,#9221,.T.);
#9221 = EDGE_CURVE('',#9214,#9148,#9222,.T.);
#9222 = CIRCLE('',#9223,5.);
#9223 = AXIS2_PLACEMENT_3D('',#9224,#9225,#9226);
#9224 = CARTESIAN_POINT('',(-7.586206896552,-12.5,0.));
#9225 = DIRECTION('',(0.,1.,0.));
#9226 = DIRECTION('',(0.,-0.,1.));
#9227 = CYLINDRICAL_SURFACE('',#9228,5.);
#9228 = AXIS2_PLACEMENT_3D('',#9229,#9230,#9231);
#9229 = CARTESIAN_POINT('',(-7.586206896552,-12.5,0.));
#9230 = DIRECTION('',(0.,1.,0.));
#9231 = DIRECTION('',(0.,-0.,1.));
#9232 = ADVANCED_FACE('',(#9233),#9274,.F.);
#9233 = FACE_BOUND('',#9234,.F.);
#9234 = EDGE_LOOP('',(#9235,#9236,#9244,#9252,#9260,#9268));
#9235 = ORIENTED_EDGE('',*,*,#9213,.F.);
#9236 = ORIENTED_EDGE('',*,*,#9237,.T.);
#9237 = EDGE_CURVE('',#9214,#9238,#9240,.T.);
#9238 = VERTEX_POINT('',#9239);
#9239 = CARTESIAN_POINT('',(7.586206896552,-12.5,-5.));
#9240 = LINE('',#9241,#9242);
#9241 = CARTESIAN_POINT('',(-7.586206896552,-12.5,-5.));
#9242 = VECTOR('',#9243,1.);
#9243 = DIRECTION('',(1.,0.,-0.));
#9244 = ORIENTED_EDGE('',*,*,#9245,.T.);
#9245 = EDGE_CURVE('',#9238,#9246,#9248,.T.);
#9246 = VERTEX_POINT('',#9247);
#9247 = CARTESIAN_POINT('',(7.586206896552,-11.,-5.));
#9248 = LINE('',#9249,#9250);
#9249 = CARTESIAN_POINT('',(7.586206896552,-12.5,-5.));
#9250 = VECTOR('',#9251,1.);
#9251 = DIRECTION('',(-0.,1.,0.));
#9252 = ORIENTED_EDGE('',*,*,#9253,.F.);
#9253 = EDGE_CURVE('',#9254,#9246,#9256,.T.);
#9254 = VERTEX_POINT('',#9255);
#9255 = CARTESIAN_POINT('',(1.5,-11.,-5.));
#9256 = LINE('',#9257,#9258);
#9257 = CARTESIAN_POINT('',(-7.586206896552,-11.,-5.));
#9258 = VECTOR('',#9259,1.);
#9259 = DIRECTION('',(1.,0.,-0.));
#9260 = ORIENTED_EDGE('',*,*,#9261,.F.);
#9261 = EDGE_CURVE('',#9262,#9254,#9264,.T.);
#9262 = VERTEX_POINT('',#9263);
#9263 = CARTESIAN_POINT('',(-1.5,-11.,-5.));
#9264 = LINE('',#9265,#9266);
#9265 = CARTESIAN_POINT('',(-7.586206896552,-11.,-5.));
#9266 = VECTOR('',#9267,1.);
#9267 = DIRECTION('',(1.,0.,-0.));
#9268 = ORIENTED_EDGE('',*,*,#9269,.F.);
#9269 = EDGE_CURVE('',#9205,#9262,#9270,.T.);
#9270 = LINE('',#9271,#9272);
#9271 = CARTESIAN_POINT('',(-7.586206896552,-11.,-5.));
#9272 = VECTOR('',#9273,1.);
#9273 = DIRECTION('',(1.,0.,-0.));
#9274 = PLANE('',#9275);
#9275 = AXIS2_PLACEMENT_3D('',#9276,#9277,#9278);
#9276 = CARTESIAN_POINT('',(-7.586206896552,-12.5,-5.));
#9277 = DIRECTION('',(0.,0.,1.));
#9278 = DIRECTION('',(1.,0.,-0.));
#9279 = ADVANCED_FACE('',(#9280),#9305,.F.);
#9280 = FACE_BOUND('',#9281,.F.);
#9281 = EDGE_LOOP('',(#9282,#9290,#9298,#9304));
#9282 = ORIENTED_EDGE('',*,*,#9283,.F.);
#9283 = EDGE_CURVE('',#9284,#9254,#9286,.T.);
#9284 = VERTEX_POINT('',#9285);
#9285 = CARTESIAN_POINT('',(1.5,-11.,-6.));
#9286 = LINE('',#9287,#9288);
#9287 = CARTESIAN_POINT('',(1.5,-11.,-6.));
#9288 = VECTOR('',#9289,1.);
#9289 = DIRECTION('',(0.,0.,1.));
#9290 = ORIENTED_EDGE('',*,*,#9291,.F.);
#9291 = EDGE_CURVE('',#9292,#9284,#9294,.T.);
#9292 = VERTEX_POINT('',#9293);
#9293 = CARTESIAN_POINT('',(-1.5,-11.,-6.));
#9294 = LINE('',#9295,#9296);
#9295 = CARTESIAN_POINT('',(-1.5,-11.,-6.));
#9296 = VECTOR('',#9297,1.);
#9297 = DIRECTION('',(1.,0.,-0.));
#9298 = ORIENTED_EDGE('',*,*,#9299,.T.);
#9299 = EDGE_CURVE('',#9292,#9262,#9300,.T.);
#9300 = LINE('',#9301,#9302);
#9301 = CARTESIAN_POINT('',(-1.5,-11.,-6.));
#9302 = VECTOR('',#9303,1.);
#9303 = DIRECTION('',(0.,0.,1.));
#9304 = ORIENTED_EDGE('',*,*,#9261,.T.);
#9305 = PLANE('',#9306);
#9306 = AXIS2_PLACEMENT_3D('',#9307,#9308,#9309);
#9307 = CARTESIAN_POINT('',(-1.5,-11.,-6.));
#9308 = DIRECTION('',(-0.,1.,0.));
#9309 = DIRECTION('',(0.,0.,1.));
#9310 = ADVANCED_FACE('',(#9311),#9329,.T.);
#9311 = FACE_BOUND('',#9312,.T.);
#9312 = EDGE_LOOP('',(#9313,#9320,#9321,#9328));
#9313 = ORIENTED_EDGE('',*,*,#9314,.F.);
#9314 = EDGE_CURVE('',#9166,#9246,#9315,.T.);
#9315 = CIRCLE('',#9316,5.);
#9316 = AXIS2_PLACEMENT_3D('',#9317,#9318,#9319);
#9317 = CARTESIAN_POINT('',(7.586206896552,-11.,0.));
#9318 = DIRECTION('',(0.,1.,0.));
#9319 = DIRECTION('',(0.,-0.,1.));
#9320 = ORIENTED_EDGE('',*,*,#9165,.F.);
#9321 = ORIENTED_EDGE('',*,*,#9322,.T.);
#9322 = EDGE_CURVE('',#9158,#9238,#9323,.T.);
#9323 = CIRCLE('',#9324,5.);
#9324 = AXIS2_PLACEMENT_3D('',#9325,#9326,#9327);
#9325 = CARTESIAN_POINT('',(7.586206896552,-12.5,0.));
#9326 = DIRECTION('',(0.,1.,0.));
#9327 = DIRECTION('',(0.,-0.,1.));
#9328 = ORIENTED_EDGE('',*,*,#9245,.T.);
#9329 = CYLINDRICAL_SURFACE('',#9330,5.);
#9330 = AXIS2_PLACEMENT_3D('',#9331,#9332,#9333);
#9331 = CARTESIAN_POINT('',(7.586206896552,-12.5,0.));
#9332 = DIRECTION('',(0.,1.,0.));
#9333 = DIRECTION('',(0.,-0.,1.));
#9334 = ADVANCED_FACE('',(#9335),#9360,.F.);
#9335 = FACE_BOUND('',#9336,.F.);
#9336 = EDGE_LOOP('',(#9337,#9338,#9346,#9354));
#9337 = ORIENTED_EDGE('',*,*,#9181,.F.);
#9338 = ORIENTED_EDGE('',*,*,#9339,.T.);
#9339 = EDGE_CURVE('',#9182,#9340,#9342,.T.);
#9340 = VERTEX_POINT('',#9341);
#9341 = CARTESIAN_POINT('',(-1.5,-11.,6.));
#9342 = LINE('',#9343,#9344);
#9343 = CARTESIAN_POINT('',(-1.5,-11.,4.5));
#9344 = VECTOR('',#9345,1.);
#9345 = DIRECTION('',(0.,0.,1.));
#9346 = ORIENTED_EDGE('',*,*,#9347,.T.);
#9347 = EDGE_CURVE('',#9340,#9348,#9350,.T.);
#9348 = VERTEX_POINT('',#9349);
#9349 = CARTESIAN_POINT('',(1.5,-11.,6.));
#9350 = LINE('',#9351,#9352);
#9351 = CARTESIAN_POINT('',(-1.5,-11.,6.));
#9352 = VECTOR('',#9353,1.);
#9353 = DIRECTION('',(1.,0.,-0.));
#9354 = ORIENTED_EDGE('',*,*,#9355,.F.);
#9355 = EDGE_CURVE('',#9174,#9348,#9356,.T.);
#9356 = LINE('',#9357,#9358);
#9357 = CARTESIAN_POINT('',(1.5,-11.,4.5));
#9358 = VECTOR('',#9359,1.);
#9359 = DIRECTION('',(0.,0.,1.));
#9360 = PLANE('',#9361);
#9361 = AXIS2_PLACEMENT_3D('',#9362,#9363,#9364);
#9362 = CARTESIAN_POINT('',(-1.5,-11.,4.5));
#9363 = DIRECTION('',(-0.,1.,0.));
#9364 = DIRECTION('',(0.,0.,1.));
#9365 = ADVANCED_FACE('',(#9366),#9407,.F.);
#9366 = FACE_BOUND('',#9367,.F.);
#9367 = EDGE_LOOP('',(#9368,#9369,#9377,#9385,#9393,#9401));
#9368 = ORIENTED_EDGE('',*,*,#9299,.F.);
#9369 = ORIENTED_EDGE('',*,*,#9370,.T.);
#9370 = EDGE_CURVE('',#9292,#9371,#9373,.T.);
#9371 = VERTEX_POINT('',#9372);
#9372 = CARTESIAN_POINT('',(-1.5,11.,-6.));
#9373 = LINE('',#9374,#9375);
#9374 = CARTESIAN_POINT('',(-1.5,-11.,-6.));
#9375 = VECTOR('',#9376,1.);
#9376 = DIRECTION('',(-0.,1.,0.));
#9377 = ORIENTED_EDGE('',*,*,#9378,.T.);
#9378 = EDGE_CURVE('',#9371,#9379,#9381,.T.);
#9379 = VERTEX_POINT('',#9380);
#9380 = CARTESIAN_POINT('',(-1.5,11.,-5.));
#9381 = LINE('',#9382,#9383);
#9382 = CARTESIAN_POINT('',(-1.5,11.,-6.));
#9383 = VECTOR('',#9384,1.);
#9384 = DIRECTION('',(0.,0.,1.));
#9385 = ORIENTED_EDGE('',*,*,#9386,.T.);
#9386 = EDGE_CURVE('',#9379,#9387,#9389,.T.);
#9387 = VERTEX_POINT('',#9388);
#9388 = CARTESIAN_POINT('',(-1.5,11.,-4.5));
#9389 = LINE('',#9390,#9391);
#9390 = CARTESIAN_POINT('',(-1.5,11.,-6.));
#9391 = VECTOR('',#9392,1.);
#9392 = DIRECTION('',(0.,0.,1.));
#9393 = ORIENTED_EDGE('',*,*,#9394,.F.);
#9394 = EDGE_CURVE('',#9395,#9387,#9397,.T.);
#9395 = VERTEX_POINT('',#9396);
#9396 = CARTESIAN_POINT('',(-1.5,-11.,-4.5));
#9397 = LINE('',#9398,#9399);
#9398 = CARTESIAN_POINT('',(-1.5,-11.,-4.5));
#9399 = VECTOR('',#9400,1.);
#9400 = DIRECTION('',(-0.,1.,0.));
#9401 = ORIENTED_EDGE('',*,*,#9402,.F.);
#9402 = EDGE_CURVE('',#9262,#9395,#9403,.T.);
#9403 = LINE('',#9404,#9405);
#9404 = CARTESIAN_POINT('',(-1.5,-11.,-6.));
#9405 = VECTOR('',#9406,1.);
#9406 = DIRECTION('',(0.,0.,1.));
#9407 = PLANE('',#9408);
#9408 = AXIS2_PLACEMENT_3D('',#9409,#9410,#9411);
#9409 = CARTESIAN_POINT('',(-1.5,-11.,-6.));
#9410 = DIRECTION('',(1.,0.,-0.));
#9411 = DIRECTION('',(0.,0.,1.));
#9412 = ADVANCED_FACE('',(#9413),#9438,.T.);
#9413 = FACE_BOUND('',#9414,.T.);
#9414 = EDGE_LOOP('',(#9415,#9416,#9424,#9432));
#9415 = ORIENTED_EDGE('',*,*,#9394,.F.);
#9416 = ORIENTED_EDGE('',*,*,#9417,.T.);
#9417 = EDGE_CURVE('',#9395,#9418,#9420,.T.);
#9418 = VERTEX_POINT('',#9419);
#9419 = CARTESIAN_POINT('',(1.5,-11.,-4.5));
#9420 = LINE('',#9421,#9422);
#9421 = CARTESIAN_POINT('',(-1.5,-11.,-4.5));
#9422 = VECTOR('',#9423,1.);
#9423 = DIRECTION('',(1.,0.,-0.));
#9424 = ORIENTED_EDGE('',*,*,#9425,.T.);
#9425 = EDGE_CURVE('',#9418,#9426,#9428,.T.);
#9426 = VERTEX_POINT('',#9427);
#9427 = CARTESIAN_POINT('',(1.5,11.,-4.5));
#9428 = LINE('',#9429,#9430);
#9429 = CARTESIAN_POINT('',(1.5,-11.,-4.5));
#9430 = VECTOR('',#9431,1.);
#9431 = DIRECTION('',(-0.,1.,0.));
#9432 = ORIENTED_EDGE('',*,*,#9433,.F.);
#9433 = EDGE_CURVE('',#9387,#9426,#9434,.T.);
#9434 = LINE('',#9435,#9436);
#9435 = CARTESIAN_POINT('',(-1.5,11.,-4.5));
#9436 = VECTOR('',#9437,1.);
#9437 = DIRECTION('',(1.,0.,-0.));
#9438 = PLANE('',#9439);
#9439 = AXIS2_PLACEMENT_3D('',#9440,#9441,#9442);
#9440 = CARTESIAN_POINT('',(-1.5,-11.,-4.5));
#9441 = DIRECTION('',(0.,0.,1.));
#9442 = DIRECTION('',(1.,0.,-0.));
#9443 = ADVANCED_FACE('',(#9444),#9476,.T.);
#9444 = FACE_BOUND('',#9445,.T.);
#9445 = EDGE_LOOP('',(#9446,#9447,#9455,#9463,#9469,#9470));
#9446 = ORIENTED_EDGE('',*,*,#9283,.F.);
#9447 = ORIENTED_EDGE('',*,*,#9448,.T.);
#9448 = EDGE_CURVE('',#9284,#9449,#9451,.T.);
#9449 = VERTEX_POINT('',#9450);
#9450 = CARTESIAN_POINT('',(1.5,11.,-6.));
#9451 = LINE('',#9452,#9453);
#9452 = CARTESIAN_POINT('',(1.5,-11.,-6.));
#9453 = VECTOR('',#9454,1.);
#9454 = DIRECTION('',(-0.,1.,0.));
#9455 = ORIENTED_EDGE('',*,*,#9456,.T.);
#9456 = EDGE_CURVE('',#9449,#9457,#9459,.T.);
#9457 = VERTEX_POINT('',#9458);
#9458 = CARTESIAN_POINT('',(1.5,11.,-5.));
#9459 = LINE('',#9460,#9461);
#9460 = CARTESIAN_POINT('',(1.5,11.,-6.));
#9461 = VECTOR('',#9462,1.);
#9462 = DIRECTION('',(0.,0.,1.));
#9463 = ORIENTED_EDGE('',*,*,#9464,.T.);
#9464 = EDGE_CURVE('',#9457,#9426,#9465,.T.);
#9465 = LINE('',#9466,#9467);
#9466 = CARTESIAN_POINT('',(1.5,11.,-6.));
#9467 = VECTOR('',#9468,1.);
#9468 = DIRECTION('',(0.,0.,1.));
#9469 = ORIENTED_EDGE('',*,*,#9425,.F.);
#9470 = ORIENTED_EDGE('',*,*,#9471,.F.);
#9471 = EDGE_CURVE('',#9254,#9418,#9472,.T.);
#9472 = LINE('',#9473,#9474);
#9473 = CARTESIAN_POINT('',(1.5,-11.,-6.));
#9474 = VECTOR('',#9475,1.);
#9475 = DIRECTION('',(0.,0.,1.));
#9476 = PLANE('',#9477);
#9477 = AXIS2_PLACEMENT_3D('',#9478,#9479,#9480);
#9478 = CARTESIAN_POINT('',(1.5,-11.,-6.));
#9479 = DIRECTION('',(1.,0.,-0.));
#9480 = DIRECTION('',(0.,0.,1.));
#9481 = ADVANCED_FACE('',(#9482),#9523,.T.);
#9482 = FACE_BOUND('',#9483,.T.);
#9483 = EDGE_LOOP('',(#9484,#9492,#9500,#9508,#9516,#9522));
#9484 = ORIENTED_EDGE('',*,*,#9485,.F.);
#9485 = EDGE_CURVE('',#9486,#9174,#9488,.T.);
#9486 = VERTEX_POINT('',#9487);
#9487 = CARTESIAN_POINT('',(1.5,-11.,4.5));
#9488 = LINE('',#9489,#9490);
#9489 = CARTESIAN_POINT('',(1.5,-11.,4.5));
#9490 = VECTOR('',#9491,1.);
#9491 = DIRECTION('',(0.,0.,1.));
#9492 = ORIENTED_EDGE('',*,*,#9493,.T.);
#9493 = EDGE_CURVE('',#9486,#9494,#9496,.T.);
#9494 = VERTEX_POINT('',#9495);
#9495 = CARTESIAN_POINT('',(1.5,11.,4.5));
#9496 = LINE('',#9497,#9498);
#9497 = CARTESIAN_POINT('',(1.5,-11.,4.5));
#9498 = VECTOR('',#9499,1.);
#9499 = DIRECTION('',(-0.,1.,0.));
#9500 = ORIENTED_EDGE('',*,*,#9501,.T.);
#9501 = EDGE_CURVE('',#9494,#9502,#9504,.T.);
#9502 = VERTEX_POINT('',#9503);
#9503 = CARTESIAN_POINT('',(1.5,11.,5.));
#9504 = LINE('',#9505,#9506);
#9505 = CARTESIAN_POINT('',(1.5,11.,4.5));
#9506 = VECTOR('',#9507,1.);
#9507 = DIRECTION('',(0.,0.,1.));
#9508 = ORIENTED_EDGE('',*,*,#9509,.T.);
#9509 = EDGE_CURVE('',#9502,#9510,#9512,.T.);
#9510 = VERTEX_POINT('',#9511);
#9511 = CARTESIAN_POINT('',(1.5,11.,6.));
#9512 = LINE('',#9513,#9514);
#9513 = CARTESIAN_POINT('',(1.5,11.,4.5));
#9514 = VECTOR('',#9515,1.);
#9515 = DIRECTION('',(0.,0.,1.));
#9516 = ORIENTED_EDGE('',*,*,#9517,.F.);
#9517 = EDGE_CURVE('',#9348,#9510,#9518,.T.);
#9518 = LINE('',#9519,#9520);
#9519 = CARTESIAN_POINT('',(1.5,-11.,6.));
#9520 = VECTOR('',#9521,1.);
#9521 = DIRECTION('',(-0.,1.,0.));
#9522 = ORIENTED_EDGE('',*,*,#9355,.F.);
#9523 = PLANE('',#9524);
#9524 = AXIS2_PLACEMENT_3D('',#9525,#9526,#9527);
#9525 = CARTESIAN_POINT('',(1.5,-11.,4.5));
#9526 = DIRECTION('',(1.,0.,-0.));
#9527 = DIRECTION('',(0.,0.,1.));
#9528 = ADVANCED_FACE('',(#9529),#9554,.F.);
#9529 = FACE_BOUND('',#9530,.F.);
#9530 = EDGE_LOOP('',(#9531,#9541,#9547,#9548));
#9531 = ORIENTED_EDGE('',*,*,#9532,.F.);
#9532 = EDGE_CURVE('',#9533,#9535,#9537,.T.);
#9533 = VERTEX_POINT('',#9534);
#9534 = CARTESIAN_POINT('',(-1.5,-11.,4.5));
#9535 = VERTEX_POINT('',#9536);
#9536 = CARTESIAN_POINT('',(-1.5,11.,4.5));
#9537 = LINE('',#9538,#9539);
#9538 = CARTESIAN_POINT('',(-1.5,-11.,4.5));
#9539 = VECTOR('',#9540,1.);
#9540 = DIRECTION('',(-0.,1.,0.));
#9541 = ORIENTED_EDGE('',*,*,#9542,.T.);
#9542 = EDGE_CURVE('',#9533,#9486,#9543,.T.);
#9543 = LINE('',#9544,#9545);
#9544 = CARTESIAN_POINT('',(-1.5,-11.,4.5));
#9545 = VECTOR('',#9546,1.);
#9546 = DIRECTION('',(1.,0.,-0.));
#9547 = ORIENTED_EDGE('',*,*,#9493,.T.);
#9548 = ORIENTED_EDGE('',*,*,#9549,.F.);
#9549 = EDGE_CURVE('',#9535,#9494,#9550,.T.);
#9550 = LINE('',#9551,#9552);
#9551 = CARTESIAN_POINT('',(-1.5,11.,4.5));
#9552 = VECTOR('',#9553,1.);
#9553 = DIRECTION('',(1.,0.,-0.));
#9554 = PLANE('',#9555);
#9555 = AXIS2_PLACEMENT_3D('',#9556,#9557,#9558);
#9556 = CARTESIAN_POINT('',(-1.5,-11.,4.5));
#9557 = DIRECTION('',(0.,0.,1.));
#9558 = DIRECTION('',(1.,0.,-0.));
#9559 = ADVANCED_FACE('',(#9560),#9592,.F.);
#9560 = FACE_BOUND('',#9561,.F.);
#9561 = EDGE_LOOP('',(#9562,#9568,#9569,#9577,#9585,#9591));
#9562 = ORIENTED_EDGE('',*,*,#9563,.F.);
#9563 = EDGE_CURVE('',#9533,#9182,#9564,.T.);
#9564 = LINE('',#9565,#9566);
#9565 = CARTESIAN_POINT('',(-1.5,-11.,4.5));
#9566 = VECTOR('',#9567,1.);
#9567 = DIRECTION('',(0.,0.,1.));
#9568 = ORIENTED_EDGE('',*,*,#9532,.T.);
#9569 = ORIENTED_EDGE('',*,*,#9570,.T.);
#9570 = EDGE_CURVE('',#9535,#9571,#9573,.T.);
#9571 = VERTEX_POINT('',#9572);
#9572 = CARTESIAN_POINT('',(-1.5,11.,5.));
#9573 = LINE('',#9574,#9575);
#9574 = CARTESIAN_POINT('',(-1.5,11.,4.5));
#9575 = VECTOR('',#9576,1.);
#9576 = DIRECTION('',(0.,0.,1.));
#9577 = ORIENTED_EDGE('',*,*,#9578,.T.);
#9578 = EDGE_CURVE('',#9571,#9579,#9581,.T.);
#9579 = VERTEX_POINT('',#9580);
#9580 = CARTESIAN_POINT('',(-1.5,11.,6.));
#9581 = LINE('',#9582,#9583);
#9582 = CARTESIAN_POINT('',(-1.5,11.,4.5));
#9583 = VECTOR('',#9584,1.);
#9584 = DIRECTION('',(0.,0.,1.));
#9585 = ORIENTED_EDGE('',*,*,#9586,.F.);
#9586 = EDGE_CURVE('',#9340,#9579,#9587,.T.);
#9587 = LINE('',#9588,#9589);
#9588 = CARTESIAN_POINT('',(-1.5,-11.,6.));
#9589 = VECTOR('',#9590,1.);
#9590 = DIRECTION('',(-0.,1.,0.));
#9591 = ORIENTED_EDGE('',*,*,#9339,.F.);
#9592 = PLANE('',#9593);
#9593 = AXIS2_PLACEMENT_3D('',#9594,#9595,#9596);
#9594 = CARTESIAN_POINT('',(-1.5,-11.,4.5));
#9595 = DIRECTION('',(1.,0.,-0.));
#9596 = DIRECTION('',(0.,0.,1.));
#9597 = ADVANCED_FACE('',(#9598),#9609,.F.);
#9598 = FACE_BOUND('',#9599,.F.);
#9599 = EDGE_LOOP('',(#9600,#9601,#9602,#9603));
#9600 = ORIENTED_EDGE('',*,*,#9370,.F.);
#9601 = ORIENTED_EDGE('',*,*,#9291,.T.);
#9602 = ORIENTED_EDGE('',*,*,#9448,.T.);
#9603 = ORIENTED_EDGE('',*,*,#9604,.F.);
#9604 = EDGE_CURVE('',#9371,#9449,#9605,.T.);
#9605 = LINE('',#9606,#9607);
#9606 = CARTESIAN_POINT('',(-1.5,11.,-6.));
#9607 = VECTOR('',#9608,1.);
#9608 = DIRECTION('',(1.,0.,-0.));
#9609 = PLANE('',#9610);
#9610 = AXIS2_PLACEMENT_3D('',#9611,#9612,#9613);
#9611 = CARTESIAN_POINT('',(-1.5,-11.,-6.));
#9612 = DIRECTION('',(0.,0.,1.));
#9613 = DIRECTION('',(1.,0.,-0.));
#9614 = ADVANCED_FACE('',(#9615),#9626,.T.);
#9615 = FACE_BOUND('',#9616,.T.);
#9616 = EDGE_LOOP('',(#9617,#9618,#9619,#9620));
#9617 = ORIENTED_EDGE('',*,*,#9586,.F.);
#9618 = ORIENTED_EDGE('',*,*,#9347,.T.);
#9619 = ORIENTED_EDGE('',*,*,#9517,.T.);
#9620 = ORIENTED_EDGE('',*,*,#9621,.F.);
#9621 = EDGE_CURVE('',#9579,#9510,#9622,.T.);
#9622 = LINE('',#9623,#9624);
#9623 = CARTESIAN_POINT('',(-1.5,11.,6.));
#9624 = VECTOR('',#9625,1.);
#9625 = DIRECTION('',(1.,0.,-0.));
#9626 = PLANE('',#9627);
#9627 = AXIS2_PLACEMENT_3D('',#9628,#9629,#9630);
#9628 = CARTESIAN_POINT('',(-1.5,-11.,6.));
#9629 = DIRECTION('',(0.,0.,1.));
#9630 = DIRECTION('',(1.,0.,-0.));
#9631 = ADVANCED_FACE('',(#9632),#9643,.T.);
#9632 = FACE_BOUND('',#9633,.T.);
#9633 = EDGE_LOOP('',(#9634,#9635,#9636,#9637));
#9634 = ORIENTED_EDGE('',*,*,#9456,.F.);
#9635 = ORIENTED_EDGE('',*,*,#9604,.F.);
#9636 = ORIENTED_EDGE('',*,*,#9378,.T.);
#9637 = ORIENTED_EDGE('',*,*,#9638,.T.);
#9638 = EDGE_CURVE('',#9379,#9457,#9639,.T.);
#9639 = LINE('',#9640,#9641);
#9640 = CARTESIAN_POINT('',(-7.586206896552,11.,-5.));
#9641 = VECTOR('',#9642,1.);
#9642 = DIRECTION('',(1.,0.,-0.));
#9643 = PLANE('',#9644);
#9644 = AXIS2_PLACEMENT_3D('',#9645,#9646,#9647);
#9645 = CARTESIAN_POINT('',(-1.5,11.,-6.));
#9646 = DIRECTION('',(-0.,1.,0.));
#9647 = DIRECTION('',(0.,0.,1.));
#9648 = ADVANCED_FACE('',(#9649),#9660,.T.);
#9649 = FACE_BOUND('',#9650,.T.);
#9650 = EDGE_LOOP('',(#9651,#9657,#9658,#9659));
#9651 = ORIENTED_EDGE('',*,*,#9652,.F.);
#9652 = EDGE_CURVE('',#9571,#9502,#9653,.T.);
#9653 = LINE('',#9654,#9655);
#9654 = CARTESIAN_POINT('',(-7.586206896552,11.,5.));
#9655 = VECTOR('',#9656,1.);
#9656 = DIRECTION('',(1.,0.,-0.));
#9657 = ORIENTED_EDGE('',*,*,#9578,.T.);
#9658 = ORIENTED_EDGE('',*,*,#9621,.T.);
#9659 = ORIENTED_EDGE('',*,*,#9509,.F.);
#9660 = PLANE('',#9661);
#9661 = AXIS2_PLACEMENT_3D('',#9662,#9663,#9664);
#9662 = CARTESIAN_POINT('',(-1.5,11.,4.5));
#9663 = DIRECTION('',(-0.,1.,0.));
#9664 = DIRECTION('',(0.,0.,1.));
#9665 = ADVANCED_FACE('',(#9666),#9707,.F.);
#9666 = FACE_BOUND('',#9667,.F.);
#9667 = EDGE_LOOP('',(#9668,#9678,#9684,#9685,#9693,#9701));
#9668 = ORIENTED_EDGE('',*,*,#9669,.F.);
#9669 = EDGE_CURVE('',#9670,#9672,#9674,.T.);
#9670 = VERTEX_POINT('',#9671);
#9671 = CARTESIAN_POINT('',(-7.586206896552,11.,-5.));
#9672 = VERTEX_POINT('',#9673);
#9673 = CARTESIAN_POINT('',(-7.586206896552,12.5,-5.));
#9674 = LINE('',#9675,#9676);
#9675 = CARTESIAN_POINT('',(-7.586206896552,11.,-5.));
#9676 = VECTOR('',#9677,1.);
#9677 = DIRECTION('',(-0.,1.,0.));
#9678 = ORIENTED_EDGE('',*,*,#9679,.T.);
#9679 = EDGE_CURVE('',#9670,#9379,#9680,.T.);
#9680 = LINE('',#9681,#9682);
#9681 = CARTESIAN_POINT('',(-7.586206896552,11.,-5.));
#9682 = VECTOR('',#9683,1.);
#9683 = DIRECTION('',(1.,0.,-0.));
#9684 = ORIENTED_EDGE('',*,*,#9638,.T.);
#9685 = ORIENTED_EDGE('',*,*,#9686,.T.);
#9686 = EDGE_CURVE('',#9457,#9687,#9689,.T.);
#9687 = VERTEX_POINT('',#9688);
#9688 = CARTESIAN_POINT('',(7.586206896552,11.,-5.));
#9689 = LINE('',#9690,#9691);
#9690 = CARTESIAN_POINT('',(-7.586206896552,11.,-5.));
#9691 = VECTOR('',#9692,1.);
#9692 = DIRECTION('',(1.,0.,-0.));
#9693 = ORIENTED_EDGE('',*,*,#9694,.T.);
#9694 = EDGE_CURVE('',#9687,#9695,#9697,.T.);
#9695 = VERTEX_POINT('',#9696);
#9696 = CARTESIAN_POINT('',(7.586206896552,12.5,-5.));
#9697 = LINE('',#9698,#9699);
#9698 = CARTESIAN_POINT('',(7.586206896552,11.,-5.));
#9699 = VECTOR('',#9700,1.);
#9700 = DIRECTION('',(-0.,1.,0.));
#9701 = ORIENTED_EDGE('',*,*,#9702,.F.);
#9702 = EDGE_CURVE('',#9672,#9695,#9703,.T.);
#9703 = LINE('',#9704,#9705);
#9704 = CARTESIAN_POINT('',(-7.586206896552,12.5,-5.));
#9705 = VECTOR('',#9706,1.);
#9706 = DIRECTION('',(1.,0.,-0.));
#9707 = PLANE('',#9708);
#9708 = AXIS2_PLACEMENT_3D('',#9709,#9710,#9711);
#9709 = CARTESIAN_POINT('',(-7.586206896552,11.,-5.));
#9710 = DIRECTION('',(0.,0.,1.));
#9711 = DIRECTION('',(1.,0.,-0.));
#9712 = ADVANCED_FACE('',(#9713),#9754,.T.);
#9713 = FACE_BOUND('',#9714,.T.);
#9714 = EDGE_LOOP('',(#9715,#9725,#9731,#9732,#9740,#9748));
#9715 = ORIENTED_EDGE('',*,*,#9716,.F.);
#9716 = EDGE_CURVE('',#9717,#9719,#9721,.T.);
#9717 = VERTEX_POINT('',#9718);
#9718 = CARTESIAN_POINT('',(-7.586206896552,11.,5.));
#9719 = VERTEX_POINT('',#9720);
#9720 = CARTESIAN_POINT('',(-7.586206896552,12.5,5.));
#9721 = LINE('',#9722,#9723);
#9722 = CARTESIAN_POINT('',(-7.586206896552,11.,5.));
#9723 = VECTOR('',#9724,1.);
#9724 = DIRECTION('',(-0.,1.,0.));
#9725 = ORIENTED_EDGE('',*,*,#9726,.T.);
#9726 = EDGE_CURVE('',#9717,#9571,#9727,.T.);
#9727 = LINE('',#9728,#9729);
#9728 = CARTESIAN_POINT('',(-7.586206896552,11.,5.));
#9729 = VECTOR('',#9730,1.);
#9730 = DIRECTION('',(1.,0.,-0.));
#9731 = ORIENTED_EDGE('',*,*,#9652,.T.);
#9732 = ORIENTED_EDGE('',*,*,#9733,.T.);
#9733 = EDGE_CURVE('',#9502,#9734,#9736,.T.);
#9734 = VERTEX_POINT('',#9735);
#9735 = CARTESIAN_POINT('',(7.586206896552,11.,5.));
#9736 = LINE('',#9737,#9738);
#9737 = CARTESIAN_POINT('',(-7.586206896552,11.,5.));
#9738 = VECTOR('',#9739,1.);
#9739 = DIRECTION('',(1.,0.,-0.));
#9740 = ORIENTED_EDGE('',*,*,#9741,.T.);
#9741 = EDGE_CURVE('',#9734,#9742,#9744,.T.);
#9742 = VERTEX_POINT('',#9743);
#9743 = CARTESIAN_POINT('',(7.586206896552,12.5,5.));
#9744 = LINE('',#9745,#9746);
#9745 = CARTESIAN_POINT('',(7.586206896552,11.,5.));
#9746 = VECTOR('',#9747,1.);
#9747 = DIRECTION('',(-0.,1.,0.));
#9748 = ORIENTED_EDGE('',*,*,#9749,.F.);
#9749 = EDGE_CURVE('',#9719,#9742,#9750,.T.);
#9750 = LINE('',#9751,#9752);
#9751 = CARTESIAN_POINT('',(-7.586206896552,12.5,5.));
#9752 = VECTOR('',#9753,1.);
#9753 = DIRECTION('',(1.,0.,-0.));
#9754 = PLANE('',#9755);
#9755 = AXIS2_PLACEMENT_3D('',#9756,#9757,#9758);
#9756 = CARTESIAN_POINT('',(-7.586206896552,11.,5.));
#9757 = DIRECTION('',(0.,0.,1.));
#9758 = DIRECTION('',(1.,0.,-0.));
#9759 = ADVANCED_FACE('',(#9760),#9778,.T.);
#9760 = FACE_BOUND('',#9761,.T.);
#9761 = EDGE_LOOP('',(#9762,#9763,#9770,#9771));
#9762 = ORIENTED_EDGE('',*,*,#9716,.T.);
#9763 = ORIENTED_EDGE('',*,*,#9764,.F.);
#9764 = EDGE_CURVE('',#9672,#9719,#9765,.T.);
#9765 = CIRCLE('',#9766,5.);
#9766 = AXIS2_PLACEMENT_3D('',#9767,#9768,#9769);
#9767 = CARTESIAN_POINT('',(-7.586206896552,12.5,0.));
#9768 = DIRECTION('',(0.,1.,0.));
#9769 = DIRECTION('',(0.,-0.,1.));
#9770 = ORIENTED_EDGE('',*,*,#9669,.F.);
#9771 = ORIENTED_EDGE('',*,*,#9772,.T.);
#9772 = EDGE_CURVE('',#9670,#9717,#9773,.T.);
#9773 = CIRCLE('',#9774,5.);
#9774 = AXIS2_PLACEMENT_3D('',#9775,#9776,#9777);
#9775 = CARTESIAN_POINT('',(-7.586206896552,11.,0.));
#9776 = DIRECTION('',(0.,1.,0.));
#9777 = DIRECTION('',(0.,-0.,1.));
#9778 = CYLINDRICAL_SURFACE('',#9779,5.);
#9779 = AXIS2_PLACEMENT_3D('',#9780,#9781,#9782);
#9780 = CARTESIAN_POINT('',(-7.586206896552,11.,0.));
#9781 = DIRECTION('',(0.,1.,0.));
#9782 = DIRECTION('',(0.,-0.,1.));
#9783 = ADVANCED_FACE('',(#9784),#9802,.T.);
#9784 = FACE_BOUND('',#9785,.T.);
#9785 = EDGE_LOOP('',(#9786,#9793,#9794,#9801));
#9786 = ORIENTED_EDGE('',*,*,#9787,.F.);
#9787 = EDGE_CURVE('',#9742,#9695,#9788,.T.);
#9788 = CIRCLE('',#9789,5.);
#9789 = AXIS2_PLACEMENT_3D('',#9790,#9791,#9792);
#9790 = CARTESIAN_POINT('',(7.586206896552,12.5,0.));
#9791 = DIRECTION('',(0.,1.,0.));
#9792 = DIRECTION('',(0.,-0.,1.));
#9793 = ORIENTED_EDGE('',*,*,#9741,.F.);
#9794 = ORIENTED_EDGE('',*,*,#9795,.T.);
#9795 = EDGE_CURVE('',#9734,#9687,#9796,.T.);
#9796 = CIRCLE('',#9797,5.);
#9797 = AXIS2_PLACEMENT_3D('',#9798,#9799,#9800);
#9798 = CARTESIAN_POINT('',(7.586206896552,11.,0.));
#9799 = DIRECTION('',(0.,1.,0.));
#9800 = DIRECTION('',(0.,-0.,1.));
#9801 = ORIENTED_EDGE('',*,*,#9694,.T.);
#9802 = CYLINDRICAL_SURFACE('',#9803,5.);
#9803 = AXIS2_PLACEMENT_3D('',#9804,#9805,#9806);
#9804 = CARTESIAN_POINT('',(7.586206896552,11.,0.));
#9805 = DIRECTION('',(0.,1.,0.));
#9806 = DIRECTION('',(0.,-0.,1.));
#9807 = ADVANCED_FACE('',(#9808),#9814,.T.);
#9808 = FACE_BOUND('',#9809,.T.);
#9809 = EDGE_LOOP('',(#9810,#9811,#9812,#9813));
#9810 = ORIENTED_EDGE('',*,*,#9237,.T.);
#9811 = ORIENTED_EDGE('',*,*,#9322,.F.);
#9812 = ORIENTED_EDGE('',*,*,#9157,.F.);
#9813 = ORIENTED_EDGE('',*,*,#9221,.F.);
#9814 = PLANE('',#9815);
#9815 = AXIS2_PLACEMENT_3D('',#9816,#9817,#9818);
#9816 = CARTESIAN_POINT('',(-6.476089505928E-16,-12.5,
    -2.354941638519E-16));
#9817 = DIRECTION('',(-0.,-1.,-0.));
#9818 = DIRECTION('',(0.,0.,-1.));
#9819 = ADVANCED_FACE('',(#9820),#9834,.T.);
#9820 = FACE_BOUND('',#9821,.T.);
#9821 = EDGE_LOOP('',(#9822,#9823,#9824,#9825,#9826,#9827,#9828,#9829,
    #9830,#9831,#9832,#9833));
#9822 = ORIENTED_EDGE('',*,*,#9269,.F.);
#9823 = ORIENTED_EDGE('',*,*,#9204,.T.);
#9824 = ORIENTED_EDGE('',*,*,#9189,.T.);
#9825 = ORIENTED_EDGE('',*,*,#9563,.F.);
#9826 = ORIENTED_EDGE('',*,*,#9542,.T.);
#9827 = ORIENTED_EDGE('',*,*,#9485,.T.);
#9828 = ORIENTED_EDGE('',*,*,#9173,.T.);
#9829 = ORIENTED_EDGE('',*,*,#9314,.T.);
#9830 = ORIENTED_EDGE('',*,*,#9253,.F.);
#9831 = ORIENTED_EDGE('',*,*,#9471,.T.);
#9832 = ORIENTED_EDGE('',*,*,#9417,.F.);
#9833 = ORIENTED_EDGE('',*,*,#9402,.F.);
#9834 = PLANE('',#9835);
#9835 = AXIS2_PLACEMENT_3D('',#9836,#9837,#9838);
#9836 = CARTESIAN_POINT('',(1.139697972182E-16,-11.,-2.279395944363E-16)
  );
#9837 = DIRECTION('',(0.,1.,0.));
#9838 = DIRECTION('',(0.,-0.,1.));
#9839 = ADVANCED_FACE('',(#9840),#9854,.T.);
#9840 = FACE_BOUND('',#9841,.T.);
#9841 = EDGE_LOOP('',(#9842,#9843,#9844,#9845,#9846,#9847,#9848,#9849,
    #9850,#9851,#9852,#9853));
#9842 = ORIENTED_EDGE('',*,*,#9679,.T.);
#9843 = ORIENTED_EDGE('',*,*,#9386,.T.);
#9844 = ORIENTED_EDGE('',*,*,#9433,.T.);
#9845 = ORIENTED_EDGE('',*,*,#9464,.F.);
#9846 = ORIENTED_EDGE('',*,*,#9686,.T.);
#9847 = ORIENTED_EDGE('',*,*,#9795,.F.);
#9848 = ORIENTED_EDGE('',*,*,#9733,.F.);
#9849 = ORIENTED_EDGE('',*,*,#9501,.F.);
#9850 = ORIENTED_EDGE('',*,*,#9549,.F.);
#9851 = ORIENTED_EDGE('',*,*,#9570,.T.);
#9852 = ORIENTED_EDGE('',*,*,#9726,.F.);
#9853 = ORIENTED_EDGE('',*,*,#9772,.F.);
#9854 = PLANE('',#9855);
#9855 = AXIS2_PLACEMENT_3D('',#9856,#9857,#9858);
#9856 = CARTESIAN_POINT('',(-6.268338846999E-16,11.,-2.279395944363E-16)
  );
#9857 = DIRECTION('',(-0.,-1.,-0.));
#9858 = DIRECTION('',(0.,0.,-1.));
#9859 = ADVANCED_FACE('',(#9860),#9866,.T.);
#9860 = FACE_BOUND('',#9861,.T.);
#9861 = EDGE_LOOP('',(#9862,#9863,#9864,#9865));
#9862 = ORIENTED_EDGE('',*,*,#9702,.F.);
#9863 = ORIENTED_EDGE('',*,*,#9764,.T.);
#9864 = ORIENTED_EDGE('',*,*,#9749,.T.);
#9865 = ORIENTED_EDGE('',*,*,#9787,.T.);
#9866 = PLANE('',#9867);
#9867 = AXIS2_PLACEMENT_3D('',#9868,#9869,#9870);
#9868 = CARTESIAN_POINT('',(-3.532412457779E-16,12.5,8.831031144447E-17)
  );
#9869 = DIRECTION('',(0.,1.,0.));
#9870 = DIRECTION('',(0.,-0.,1.));
#9871 = ( GEOMETRIC_REPRESENTATION_CONTEXT(3) 
GLOBAL_UNCERTAINTY_ASSIGNED_CONTEXT((#9875)) 
GLOBAL_UNIT_ASSIGNED_CONTEXT((#9872,#9873,#9874)) REPRESENTATION_CONTEXT
('Context #1','3D Context with UNIT and UNCERTAINTY') );
#9872 = ( LENGTH_UNIT() NAMED_UNIT(*) SI_UNIT(.MILLI.,.METRE.) );
#9873 = ( NAMED_UNIT(*) PLANE_ANGLE_UNIT() SI_UNIT($,.RADIAN.) );
#9874 = ( NAMED_UNIT(*) SI_UNIT($,.STERADIAN.) SOLID_ANGLE_UNIT() );
#9875 = UNCERTAINTY_MEASURE_WITH_UNIT(LENGTH_MEASURE(1.E-07),#9872,
  'distance_accuracy_value','confusion accuracy');
#9876 = CONTEXT_DEPENDENT_SHAPE_REPRESENTATION(#9877,#9879);
#9877 = ( REPRESENTATION_RELATIONSHIP('','',#9140,#10) 
REPRESENTATION_RELATIONSHIP_WITH_TRANSFORMATION(#9878) 
SHAPE_REPRESENTATION_RELATIONSHIP() );
#9878 = ITEM_DEFINED_TRANSFORMATION('','',#11,#63);
#9879 = PRODUCT_DEFINITION_SHAPE('Placement','Placement of an item',
  #9880);
#9880 = NEXT_ASSEMBLY_USAGE_OCCURRENCE('13','link_12','',#5,#9135,$);
#9881 = PRODUCT_RELATED_PRODUCT_CATEGORY('part',$,(#9137));
#9882 = SHAPE_DEFINITION_REPRESENTATION(#9883,#9889);
#9883 = PRODUCT_DEFINITION_SHAPE('','',#9884);
#9884 = PRODUCT_DEFINITION('design','',#9885,#9888);
#9885 = PRODUCT_DEFINITION_FORMATION('','',#9886);
#9886 = PRODUCT('link_13','link_13','',(#9887));
#9887 = PRODUCT_CONTEXT('',#2,'mechanical');
#9888 = PRODUCT_DEFINITION_CONTEXT('part definition',#2,'design');
#9889 = ADVANCED_BREP_SHAPE_REPRESENTATION('',(#11,#9890),#10620);
#9890 = MANIFOLD_SOLID_BREP('',#9891);
#9891 = CLOSED_SHELL('',(#9892,#9948,#9981,#10028,#10059,#10083,#10114,
    #10161,#10192,#10230,#10277,#10308,#10346,#10363,#10380,#10397,
    #10414,#10461,#10508,#10532,#10556,#10568,#10588,#10608));
#9892 = ADVANCED_FACE('',(#9893),#9943,.T.);
#9893 = FACE_BOUND('',#9894,.T.);
#9894 = EDGE_LOOP('',(#9895,#9905,#9913,#9921,#9929,#9937));
#9895 = ORIENTED_EDGE('',*,*,#9896,.F.);
#9896 = EDGE_CURVE('',#9897,#9899,#9901,.T.);
#9897 = VERTEX_POINT('',#9898);
#9898 = CARTESIAN_POINT('',(-7.586206896552,-12.5,5.));
#9899 = VERTEX_POINT('',#9900);
#9900 = CARTESIAN_POINT('',(-7.586206896552,-11.,5.));
#9901 = LINE('',#9902,#9903);
#9902 = CARTESIAN_POINT('',(-7.586206896552,-12.5,5.));
#9903 = VECTOR('',#9904,1.);
#9904 = DIRECTION('',(-0.,1.,0.));
#9905 = ORIENTED_EDGE('',*,*,#9906,.T.);
#9906 = EDGE_CURVE('',#9897,#9907,#9909,.T.);
#9907 = VERTEX_POINT('',#9908);
#9908 = CARTESIAN_POINT('',(7.586206896552,-12.5,5.));
#9909 = LINE('',#9910,#9911);
#9910 = CARTESIAN_POINT('',(-7.586206896552,-12.5,5.));
#9911 = VECTOR('',#9912,1.);
#9912 = DIRECTION('',(1.,0.,-0.));
#9913 = ORIENTED_EDGE('',*,*,#9914,.T.);
#9914 = EDGE_CURVE('',#9907,#9915,#9917,.T.);
#9915 = VERTEX_POINT('',#9916);
#9916 = CARTESIAN_POINT('',(7.586206896552,-11.,5.));
#9917 = LINE('',#9918,#9919);
#9918 = CARTESIAN_POINT('',(7.586206896552,-12.5,5.));
#9919 = VECTOR('',#9920,1.);
#9920 = DIRECTION('',(-0.,1.,0.));
#9921 = ORIENTED_EDGE('',*,*,#9922,.F.);
#9922 = EDGE_CURVE('',#9923,#9915,#9925,.T.);
#9923 = VERTEX_POINT('',#9924);
#9924 = CARTESIAN_POINT('',(1.5,-11.,5.));
#9925 = LINE('',#9926,#9927);
#9926 = CARTESIAN_POINT('',(-7.586206896552,-11.,5.));
#9927 = VECTOR('',#9928,1.);
#9928 = DIRECTION('',(1.,0.,-0.));
#9929 = ORIENTED_EDGE('',*,*,#9930,.F.);
#9930 = EDGE_CURVE('',#9931,#9923,#9933,.T.);
#9931 = VERTEX_POINT('',#9932);
#9932 = CARTESIAN_POINT('',(-1.5,-11.,5.));
#9933 = LINE('',#9934,#9935);
#9934 = CARTESIAN_POINT('',(-7.586206896552,-11.,5.));
#9935 = VECTOR('',#9936,1.);
#9936 = DIRECTION('',(1.,0.,-0.));
#9937 = ORIENTED_EDGE('',*,*,#9938,.F.);
#9938 = EDGE_CURVE('',#9899,#9931,#9939,.T.);
#9939 = LINE('',#9940,#9941);
#9940 = CARTESIAN_POINT('',(-7.586206896552,-11.,5.));
#9941 = VECTOR('',#9942,1.);
#9942 = DIRECTION('',(1.,0.,-0.));
#9943 = PLANE('',#9944);
#9944 = AXIS2_PLACEMENT_3D('',#9945,#9946,#9947);
#9945 = CARTESIAN_POINT('',(-7.586206896552,-12.5,5.));
#9946 = DIRECTION('',(0.,0.,1.));
#9947 = DIRECTION('',(1.,0.,-0.));
#9948 = ADVANCED_FACE('',(#9949),#9976,.T.);
#9949 = FACE_BOUND('',#9950,.T.);
#9950 = EDGE_LOOP('',(#9951,#9952,#9961,#9969));
#9951 = ORIENTED_EDGE('',*,*,#9896,.T.);
#9952 = ORIENTED_EDGE('',*,*,#9953,.F.);
#9953 = EDGE_CURVE('',#9954,#9899,#9956,.T.);
#9954 = VERTEX_POINT('',#9955);
#9955 = CARTESIAN_POINT('',(-7.586206896552,-11.,-5.));
#9956 = CIRCLE('',#9957,5.);
#9957 = AXIS2_PLACEMENT_3D('',#9958,#9959,#9960);
#9958 = CARTESIAN_POINT('',(-7.586206896552,-11.,0.));
#9959 = DIRECTION('',(0.,1.,0.));
#9960 = DIRECTION('',(0.,-0.,1.));
#9961 = ORIENTED_EDGE('',*,*,#9962,.F.);
#9962 = EDGE_CURVE('',#9963,#9954,#9965,.T.);
#9963 = VERTEX_POINT('',#9964);
#9964 = CARTESIAN_POINT('',(-7.586206896552,-12.5,-5.));
#9965 = LINE('',#9966,#9967);
#9966 = CARTESIAN_POINT('',(-7.586206896552,-12.5,-5.));
#9967 = VECTOR('',#9968,1.);
#9968 = DIRECTION('',(-0.,1.,0.));
#9969 = ORIENTED_EDGE('',*,*,#9970,.T.);
#9970 = EDGE_CURVE('',#9963,#9897,#9971,.T.);
#9971 = CIRCLE('',#9972,5.);
#9972 = AXIS2_PLACEMENT_3D('',#9973,#9974,#9975);
#9973 = CARTESIAN_POINT('',(-7.586206896552,-12.5,0.));
#9974 = DIRECTION('',(0.,1.,0.));
#9975 = DIRECTION('',(0.,-0.,1.));
#9976 = CYLINDRICAL_SURFACE('',#9977,5.);
#9977 = AXIS2_PLACEMENT_3D('',#9978,#9979,#9980);
#9978 = CARTESIAN_POINT('',(-7.586206896552,-12.5,0.));
#9979 = DIRECTION('',(0.,1.,0.));
#9980 = DIRECTION('',(0.,-0.,1.));
#9981 = ADVANCED_FACE('',(#9982),#10023,.F.);
#9982 = FACE_BOUND('',#9983,.F.);
#9983 = EDGE_LOOP('',(#9984,#9985,#9993,#10001,#10009,#10017));
#9984 = ORIENTED_EDGE('',*,*,#9962,.F.);
#9985 = ORIENTED_EDGE('',*,*,#9986,.T.);
#9986 = EDGE_CURVE('',#9963,#9987,#9989,.T.);
#9987 = VERTEX_POINT('',#9988);
#9988 = CARTESIAN_POINT('',(7.586206896552,-12.5,-5.));
#9989 = LINE('',#9990,#9991);
#9990 = CARTESIAN_POINT('',(-7.586206896552,-12.5,-5.));
#9991 = VECTOR('',#9992,1.);
#9992 = DIRECTION('',(1.,0.,-0.));
#9993 = ORIENTED_EDGE('',*,*,#9994,.T.);
#9994 = EDGE_CURVE('',#9987,#9995,#9997,.T.);
#9995 = VERTEX_POINT('',#9996);
#9996 = CARTESIAN_POINT('',(7.586206896552,-11.,-5.));
#9997 = LINE('',#9998,#9999);
#9998 = CARTESIAN_POINT('',(7.586206896552,-12.5,-5.));
#9999 = VECTOR('',#10000,1.);
#10000 = DIRECTION('',(-0.,1.,0.));
#10001 = ORIENTED_EDGE('',*,*,#10002,.F.);
#10002 = EDGE_CURVE('',#10003,#9995,#10005,.T.);
#10003 = VERTEX_POINT('',#10004);
#10004 = CARTESIAN_POINT('',(1.5,-11.,-5.));
#10005 = LINE('',#10006,#10007);
#10006 = CARTESIAN_POINT('',(-7.586206896552,-11.,-5.));
#10007 = VECTOR('',#10008,1.);
#10008 = DIRECTION('',(1.,0.,-0.));
#10009 = ORIENTED_EDGE('',*,*,#10010,.F.);
#10010 = EDGE_CURVE('',#10011,#10003,#10013,.T.);
#10011 = VERTEX_POINT('',#10012);
#10012 = CARTESIAN_POINT('',(-1.5,-11.,-5.));
#10013 = LINE('',#10014,#10015);
#10014 = CARTESIAN_POINT('',(-7.586206896552,-11.,-5.));
#10015 = VECTOR('',#10016,1.);
#10016 = DIRECTION('',(1.,0.,-0.));
#10017 = ORIENTED_EDGE('',*,*,#10018,.F.);
#10018 = EDGE_CURVE('',#9954,#10011,#10019,.T.);
#10019 = LINE('',#10020,#10021);
#10020 = CARTESIAN_POINT('',(-7.586206896552,-11.,-5.));
#10021 = VECTOR('',#10022,1.);
#10022 = DIRECTION('',(1.,0.,-0.));
#10023 = PLANE('',#10024);
#10024 = AXIS2_PLACEMENT_3D('',#10025,#10026,#10027);
#10025 = CARTESIAN_POINT('',(-7.586206896552,-12.5,-5.));
#10026 = DIRECTION('',(0.,0.,1.));
#10027 = DIRECTION('',(1.,0.,-0.));
#10028 = ADVANCED_FACE('',(#10029),#10054,.F.);
#10029 = FACE_BOUND('',#10030,.F.);
#10030 = EDGE_LOOP('',(#10031,#10039,#10047,#10053));
#10031 = ORIENTED_EDGE('',*,*,#10032,.F.);
#10032 = EDGE_CURVE('',#10033,#10003,#10035,.T.);
#10033 = VERTEX_POINT('',#10034);
#10034 = CARTESIAN_POINT('',(1.5,-11.,-6.));
#10035 = LINE('',#10036,#10037);
#10036 = CARTESIAN_POINT('',(1.5,-11.,-6.));
#10037 = VECTOR('',#10038,1.);
#10038 = DIRECTION('',(0.,0.,1.));
#10039 = ORIENTED_EDGE('',*,*,#10040,.F.);
#10040 = EDGE_CURVE('',#10041,#10033,#10043,.T.);
#10041 = VERTEX_POINT('',#10042);
#10042 = CARTESIAN_POINT('',(-1.5,-11.,-6.));
#10043 = LINE('',#10044,#10045);
#10044 = CARTESIAN_POINT('',(-1.5,-11.,-6.));
#10045 = VECTOR('',#10046,1.);
#10046 = DIRECTION('',(1.,0.,-0.));
#10047 = ORIENTED_EDGE('',*,*,#10048,.T.);
#10048 = EDGE_CURVE('',#10041,#10011,#10049,.T.);
#10049 = LINE('',#10050,#10051);
#10050 = CARTESIAN_POINT('',(-1.5,-11.,-6.));
#10051 = VECTOR('',#10052,1.);
#10052 = DIRECTION('',(0.,0.,1.));
#10053 = ORIENTED_EDGE('',*,*,#10010,.T.);
#10054 = PLANE('',#10055);
#10055 = AXIS2_PLACEMENT_3D('',#10056,#10057,#10058);
#10056 = CARTESIAN_POINT('',(-1.5,-11.,-6.));
#10057 = DIRECTION('',(-0.,1.,0.));
#10058 = DIRECTION('',(0.,0.,1.));
#10059 = ADVANCED_FACE('',(#10060),#10078,.T.);
#10060 = FACE_BOUND('',#10061,.T.);
#10061 = EDGE_LOOP('',(#10062,#10069,#10070,#10077));
#10062 = ORIENTED_EDGE('',*,*,#10063,.F.);
#10063 = EDGE_CURVE('',#9915,#9995,#10064,.T.);
#10064 = CIRCLE('',#10065,5.);
#10065 = AXIS2_PLACEMENT_3D('',#10066,#10067,#10068);
#10066 = CARTESIAN_POINT('',(7.586206896552,-11.,0.));
#10067 = DIRECTION('',(0.,1.,0.));
#10068 = DIRECTION('',(0.,-0.,1.));
#10069 = ORIENTED_EDGE('',*,*,#9914,.F.);
#10070 = ORIENTED_EDGE('',*,*,#10071,.T.);
#10071 = EDGE_CURVE('',#9907,#9987,#10072,.T.);
#10072 = CIRCLE('',#10073,5.);
#10073 = AXIS2_PLACEMENT_3D('',#10074,#10075,#10076);
#10074 = CARTESIAN_POINT('',(7.586206896552,-12.5,0.));
#10075 = DIRECTION('',(0.,1.,0.));
#10076 = DIRECTION('',(0.,-0.,1.));
#10077 = ORIENTED_EDGE('',*,*,#9994,.T.);
#10078 = CYLINDRICAL_SURFACE('',#10079,5.);
#10079 = AXIS2_PLACEMENT_3D('',#10080,#10081,#10082);
#10080 = CARTESIAN_POINT('',(7.586206896552,-12.5,0.));
#10081 = DIRECTION('',(0.,1.,0.));
#10082 = DIRECTION('',(0.,-0.,1.));
#10083 = ADVANCED_FACE('',(#10084),#10109,.F.);
#10084 = FACE_BOUND('',#10085,.F.);
#10085 = EDGE_LOOP('',(#10086,#10087,#10095,#10103));
#10086 = ORIENTED_EDGE('',*,*,#9930,.F.);
#10087 = ORIENTED_EDGE('',*,*,#10088,.T.);
#10088 = EDGE_CURVE('',#9931,#10089,#10091,.T.);
#10089 = VERTEX_POINT('',#10090);
#10090 = CARTESIAN_POINT('',(-1.5,-11.,6.));
#10091 = LINE('',#10092,#10093);
#10092 = CARTESIAN_POINT('',(-1.5,-11.,4.5));
#10093 = VECTOR('',#10094,1.);
#10094 = DIRECTION('',(0.,0.,1.));
#10095 = ORIENTED_EDGE('',*,*,#10096,.T.);
#10096 = EDGE_CURVE('',#10089,#10097,#10099,.T.);
#10097 = VERTEX_POINT('',#10098);
#10098 = CARTESIAN_POINT('',(1.5,-11.,6.));
#10099 = LINE('',#10100,#10101);
#10100 = CARTESIAN_POINT('',(-1.5,-11.,6.));
#10101 = VECTOR('',#10102,1.);
#10102 = DIRECTION('',(1.,0.,-0.));
#10103 = ORIENTED_EDGE('',*,*,#10104,.F.);
#10104 = EDGE_CURVE('',#9923,#10097,#10105,.T.);
#10105 = LINE('',#10106,#10107);
#10106 = CARTESIAN_POINT('',(1.5,-11.,4.5));
#10107 = VECTOR('',#10108,1.);
#10108 = DIRECTION('',(0.,0.,1.));
#10109 = PLANE('',#10110);
#10110 = AXIS2_PLACEMENT_3D('',#10111,#10112,#10113);
#10111 = CARTESIAN_POINT('',(-1.5,-11.,4.5));
#10112 = DIRECTION('',(-0.,1.,0.));
#10113 = DIRECTION('',(0.,0.,1.));
#10114 = ADVANCED_FACE('',(#10115),#10156,.F.);
#10115 = FACE_BOUND('',#10116,.F.);
#10116 = EDGE_LOOP('',(#10117,#10118,#10126,#10134,#10142,#10150));
#10117 = ORIENTED_EDGE('',*,*,#10048,.F.);
#10118 = ORIENTED_EDGE('',*,*,#10119,.T.);
#10119 = EDGE_CURVE('',#10041,#10120,#10122,.T.);
#10120 = VERTEX_POINT('',#10121);
#10121 = CARTESIAN_POINT('',(-1.5,11.,-6.));
#10122 = LINE('',#10123,#10124);
#10123 = CARTESIAN_POINT('',(-1.5,-11.,-6.));
#10124 = VECTOR('',#10125,1.);
#10125 = DIRECTION('',(-0.,1.,0.));
#10126 = ORIENTED_EDGE('',*,*,#10127,.T.);
#10127 = EDGE_CURVE('',#10120,#10128,#10130,.T.);
#10128 = VERTEX_POINT('',#10129);
#10129 = CARTESIAN_POINT('',(-1.5,11.,-5.));
#10130 = LINE('',#10131,#10132);
#10131 = CARTESIAN_POINT('',(-1.5,11.,-6.));
#10132 = VECTOR('',#10133,1.);
#10133 = DIRECTION('',(0.,0.,1.));
#10134 = ORIENTED_EDGE('',*,*,#10135,.T.);
#10135 = EDGE_CURVE('',#10128,#10136,#10138,.T.);
#10136 = VERTEX_POINT('',#10137);
#10137 = CARTESIAN_POINT('',(-1.5,11.,-4.5));
#10138 = LINE('',#10139,#10140);
#10139 = CARTESIAN_POINT('',(-1.5,11.,-6.));
#10140 = VECTOR('',#10141,1.);
#10141 = DIRECTION('',(0.,0.,1.));
#10142 = ORIENTED_EDGE('',*,*,#10143,.F.);
#10143 = EDGE_CURVE('',#10144,#10136,#10146,.T.);
#10144 = VERTEX_POINT('',#10145);
#10145 = CARTESIAN_POINT('',(-1.5,-11.,-4.5));
#10146 = LINE('',#10147,#10148);
#10147 = CARTESIAN_POINT('',(-1.5,-11.,-4.5));
#10148 = VECTOR('',#10149,1.);
#10149 = DIRECTION('',(-0.,1.,0.));
#10150 = ORIENTED_EDGE('',*,*,#10151,.F.);
#10151 = EDGE_CURVE('',#10011,#10144,#10152,.T.);
#10152 = LINE('',#10153,#10154);
#10153 = CARTESIAN_POINT('',(-1.5,-11.,-6.));
#10154 = VECTOR('',#10155,1.);
#10155 = DIRECTION('',(0.,0.,1.));
#10156 = PLANE('',#10157);
#10157 = AXIS2_PLACEMENT_3D('',#10158,#10159,#10160);
#10158 = CARTESIAN_POINT('',(-1.5,-11.,-6.));
#10159 = DIRECTION('',(1.,0.,-0.));
#10160 = DIRECTION('',(0.,0.,1.));
#10161 = ADVANCED_FACE('',(#10162),#10187,.T.);
#10162 = FACE_BOUND('',#10163,.T.);
#10163 = EDGE_LOOP('',(#10164,#10165,#10173,#10181));
#10164 = ORIENTED_EDGE('',*,*,#10143,.F.);
#10165 = ORIENTED_EDGE('',*,*,#10166,.T.);
#10166 = EDGE_CURVE('',#10144,#10167,#10169,.T.);
#10167 = VERTEX_POINT('',#10168);
#10168 = CARTESIAN_POINT('',(1.5,-11.,-4.5));
#10169 = LINE('',#10170,#10171);
#10170 = CARTESIAN_POINT('',(-1.5,-11.,-4.5));
#10171 = VECTOR('',#10172,1.);
#10172 = DIRECTION('',(1.,0.,-0.));
#10173 = ORIENTED_EDGE('',*,*,#10174,.T.);
#10174 = EDGE_CURVE('',#10167,#10175,#10177,.T.);
#10175 = VERTEX_POINT('',#10176);
#10176 = CARTESIAN_POINT('',(1.5,11.,-4.5));
#10177 = LINE('',#10178,#10179);
#10178 = CARTESIAN_POINT('',(1.5,-11.,-4.5));
#10179 = VECTOR('',#10180,1.);
#10180 = DIRECTION('',(-0.,1.,0.));
#10181 = ORIENTED_EDGE('',*,*,#10182,.F.);
#10182 = EDGE_CURVE('',#10136,#10175,#10183,.T.);
#10183 = LINE('',#10184,#10185);
#10184 = CARTESIAN_POINT('',(-1.5,11.,-4.5));
#10185 = VECTOR('',#10186,1.);
#10186 = DIRECTION('',(1.,0.,-0.));
#10187 = PLANE('',#10188);
#10188 = AXIS2_PLACEMENT_3D('',#10189,#10190,#10191);
#10189 = CARTESIAN_POINT('',(-1.5,-11.,-4.5));
#10190 = DIRECTION('',(0.,0.,1.));
#10191 = DIRECTION('',(1.,0.,-0.));
#10192 = ADVANCED_FACE('',(#10193),#10225,.T.);
#10193 = FACE_BOUND('',#10194,.T.);
#10194 = EDGE_LOOP('',(#10195,#10196,#10204,#10212,#10218,#10219));
#10195 = ORIENTED_EDGE('',*,*,#10032,.F.);
#10196 = ORIENTED_EDGE('',*,*,#10197,.T.);
#10197 = EDGE_CURVE('',#10033,#10198,#10200,.T.);
#10198 = VERTEX_POINT('',#10199);
#10199 = CARTESIAN_POINT('',(1.5,11.,-6.));
#10200 = LINE('',#10201,#10202);
#10201 = CARTESIAN_POINT('',(1.5,-11.,-6.));
#10202 = VECTOR('',#10203,1.);
#10203 = DIRECTION('',(-0.,1.,0.));
#10204 = ORIENTED_EDGE('',*,*,#10205,.T.);
#10205 = EDGE_CURVE('',#10198,#10206,#10208,.T.);
#10206 = VERTEX_POINT('',#10207);
#10207 = CARTESIAN_POINT('',(1.5,11.,-5.));
#10208 = LINE('',#10209,#10210);
#10209 = CARTESIAN_POINT('',(1.5,11.,-6.));
#10210 = VECTOR('',#10211,1.);
#10211 = DIRECTION('',(0.,0.,1.));
#10212 = ORIENTED_EDGE('',*,*,#10213,.T.);
#10213 = EDGE_CURVE('',#10206,#10175,#10214,.T.);
#10214 = LINE('',#10215,#10216);
#10215 = CARTESIAN_POINT('',(1.5,11.,-6.));
#10216 = VECTOR('',#10217,1.);
#10217 = DIRECTION('',(0.,0.,1.));
#10218 = ORIENTED_EDGE('',*,*,#10174,.F.);
#10219 = ORIENTED_EDGE('',*,*,#10220,.F.);
#10220 = EDGE_CURVE('',#10003,#10167,#10221,.T.);
#10221 = LINE('',#10222,#10223);
#10222 = CARTESIAN_POINT('',(1.5,-11.,-6.));
#10223 = VECTOR('',#10224,1.);
#10224 = DIRECTION('',(0.,0.,1.));
#10225 = PLANE('',#10226);
#10226 = AXIS2_PLACEMENT_3D('',#10227,#10228,#10229);
#10227 = CARTESIAN_POINT('',(1.5,-11.,-6.));
#10228 = DIRECTION('',(1.,0.,-0.));
#10229 = DIRECTION('',(0.,0.,1.));
#10230 = ADVANCED_FACE('',(#10231),#10272,.T.);
#10231 = FACE_BOUND('',#10232,.T.);
#10232 = EDGE_LOOP('',(#10233,#10241,#10249,#10257,#10265,#10271));
#10233 = ORIENTED_EDGE('',*,*,#10234,.F.);
#10234 = EDGE_CURVE('',#10235,#9923,#10237,.T.);
#10235 = VERTEX_POINT('',#10236);
#10236 = CARTESIAN_POINT('',(1.5,-11.,4.5));
#10237 = LINE('',#10238,#10239);
#10238 = CARTESIAN_POINT('',(1.5,-11.,4.5));
#10239 = VECTOR('',#10240,1.);
#10240 = DIRECTION('',(0.,0.,1.));
#10241 = ORIENTED_EDGE('',*,*,#10242,.T.);
#10242 = EDGE_CURVE('',#10235,#10243,#10245,.T.);
#10243 = VERTEX_POINT('',#10244);
#10244 = CARTESIAN_POINT('',(1.5,11.,4.5));
#10245 = LINE('',#10246,#10247);
#10246 = CARTESIAN_POINT('',(1.5,-11.,4.5));
#10247 = VECTOR('',#10248,1.);
#10248 = DIRECTION('',(-0.,1.,0.));
#10249 = ORIENTED_EDGE('',*,*,#10250,.T.);
#10250 = EDGE_CURVE('',#10243,#10251,#10253,.T.);
#10251 = VERTEX_POINT('',#10252);
#10252 = CARTESIAN_POINT('',(1.5,11.,5.));
#10253 = LINE('',#10254,#10255);
#10254 = CARTESIAN_POINT('',(1.5,11.,4.5));
#10255 = VECTOR('',#10256,1.);
#10256 = DIRECTION('',(0.,0.,1.));
#10257 = ORIENTED_EDGE('',*,*,#10258,.T.);
#10258 = EDGE_CURVE('',#10251,#10259,#10261,.T.);
#10259 = VERTEX_POINT('',#10260);
#10260 = CARTESIAN_POINT('',(1.5,11.,6.));
#10261 = LINE('',#10262,#10263);
#10262 = CARTESIAN_POINT('',(1.5,11.,4.5));
#10263 = VECTOR('',#10264,1.);
#10264 = DIRECTION('',(0.,0.,1.));
#10265 = ORIENTED_EDGE('',*,*,#10266,.F.);
#10266 = EDGE_CURVE('',#10097,#10259,#10267,.T.);
#10267 = LINE('',#10268,#10269);
#10268 = CARTESIAN_POINT('',(1.5,-11.,6.));
#10269 = VECTOR('',#10270,1.);
#10270 = DIRECTION('',(-0.,1.,0.));
#10271 = ORIENTED_EDGE('',*,*,#10104,.F.);
#10272 = PLANE('',#10273);
#10273 = AXIS2_PLACEMENT_3D('',#10274,#10275,#10276);
#10274 = CARTESIAN_POINT('',(1.5,-11.,4.5));
#10275 = DIRECTION('',(1.,0.,-0.));
#10276 = DIRECTION('',(0.,0.,1.));
#10277 = ADVANCED_FACE('',(#10278),#10303,.F.);
#10278 = FACE_BOUND('',#10279,.F.);
#10279 = EDGE_LOOP('',(#10280,#10290,#10296,#10297));
#10280 = ORIENTED_EDGE('',*,*,#10281,.F.);
#10281 = EDGE_CURVE('',#10282,#10284,#10286,.T.);
#10282 = VERTEX_POINT('',#10283);
#10283 = CARTESIAN_POINT('',(-1.5,-11.,4.5));
#10284 = VERTEX_POINT('',#10285);
#10285 = CARTESIAN_POINT('',(-1.5,11.,4.5));
#10286 = LINE('',#10287,#10288);
#10287 = CARTESIAN_POINT('',(-1.5,-11.,4.5));
#10288 = VECTOR('',#10289,1.);
#10289 = DIRECTION('',(-0.,1.,0.));
#10290 = ORIENTED_EDGE('',*,*,#10291,.T.);
#10291 = EDGE_CURVE('',#10282,#10235,#10292,.T.);
#10292 = LINE('',#10293,#10294);
#10293 = CARTESIAN_POINT('',(-1.5,-11.,4.5));
#10294 = VECTOR('',#10295,1.);
#10295 = DIRECTION('',(1.,0.,-0.));
#10296 = ORIENTED_EDGE('',*,*,#10242,.T.);
#10297 = ORIENTED_EDGE('',*,*,#10298,.F.);
#10298 = EDGE_CURVE('',#10284,#10243,#10299,.T.);
#10299 = LINE('',#10300,#10301);
#10300 = CARTESIAN_POINT('',(-1.5,11.,4.5));
#10301 = VECTOR('',#10302,1.);
#10302 = DIRECTION('',(1.,0.,-0.));
#10303 = PLANE('',#10304);
#10304 = AXIS2_PLACEMENT_3D('',#10305,#10306,#10307);
#10305 = CARTESIAN_POINT('',(-1.5,-11.,4.5));
#10306 = DIRECTION('',(0.,0.,1.));
#10307 = DIRECTION('',(1.,0.,-0.));
#10308 = ADVANCED_FACE('',(#10309),#10341,.F.);
#10309 = FACE_BOUND('',#10310,.F.);
#10310 = EDGE_LOOP('',(#10311,#10317,#10318,#10326,#10334,#10340));
#10311 = ORIENTED_EDGE('',*,*,#10312,.F.);
#10312 = EDGE_CURVE('',#10282,#9931,#10313,.T.);
#10313 = LINE('',#10314,#10315);
#10314 = CARTESIAN_POINT('',(-1.5,-11.,4.5));
#10315 = VECTOR('',#10316,1.);
#10316 = DIRECTION('',(0.,0.,1.));
#10317 = ORIENTED_EDGE('',*,*,#10281,.T.);
#10318 = ORIENTED_EDGE('',*,*,#10319,.T.);
#10319 = EDGE_CURVE('',#10284,#10320,#10322,.T.);
#10320 = VERTEX_POINT('',#10321);
#10321 = CARTESIAN_POINT('',(-1.5,11.,5.));
#10322 = LINE('',#10323,#10324);
#10323 = CARTESIAN_POINT('',(-1.5,11.,4.5));
#10324 = VECTOR('',#10325,1.);
#10325 = DIRECTION('',(0.,0.,1.));
#10326 = ORIENTED_EDGE('',*,*,#10327,.T.);
#10327 = EDGE_CURVE('',#10320,#10328,#10330,.T.);
#10328 = VERTEX_POINT('',#10329);
#10329 = CARTESIAN_POINT('',(-1.5,11.,6.));
#10330 = LINE('',#10331,#10332);
#10331 = CARTESIAN_POINT('',(-1.5,11.,4.5));
#10332 = VECTOR('',#10333,1.);
#10333 = DIRECTION('',(0.,0.,1.));
#10334 = ORIENTED_EDGE('',*,*,#10335,.F.);
#10335 = EDGE_CURVE('',#10089,#10328,#10336,.T.);
#10336 = LINE('',#10337,#10338);
#10337 = CARTESIAN_POINT('',(-1.5,-11.,6.));
#10338 = VECTOR('',#10339,1.);
#10339 = DIRECTION('',(-0.,1.,0.));
#10340 = ORIENTED_EDGE('',*,*,#10088,.F.);
#10341 = PLANE('',#10342);
#10342 = AXIS2_PLACEMENT_3D('',#10343,#10344,#10345);
#10343 = CARTESIAN_POINT('',(-1.5,-11.,4.5));
#10344 = DIRECTION('',(1.,0.,-0.));
#10345 = DIRECTION('',(0.,0.,1.));
#10346 = ADVANCED_FACE('',(#10347),#10358,.F.);
#10347 = FACE_BOUND('',#10348,.F.);
#10348 = EDGE_LOOP('',(#10349,#10350,#10351,#10352));
#10349 = ORIENTED_EDGE('',*,*,#10119,.F.);
#10350 = ORIENTED_EDGE('',*,*,#10040,.T.);
#10351 = ORIENTED_EDGE('',*,*,#10197,.T.);
#10352 = ORIENTED_EDGE('',*,*,#10353,.F.);
#10353 = EDGE_CURVE('',#10120,#10198,#10354,.T.);
#10354 = LINE('',#10355,#10356);
#10355 = CARTESIAN_POINT('',(-1.5,11.,-6.));
#10356 = VECTOR('',#10357,1.);
#10357 = DIRECTION('',(1.,0.,-0.));
#10358 = PLANE('',#10359);
#10359 = AXIS2_PLACEMENT_3D('',#10360,#10361,#10362);
#10360 = CARTESIAN_POINT('',(-1.5,-11.,-6.));
#10361 = DIRECTION('',(0.,0.,1.));
#10362 = DIRECTION('',(1.,0.,-0.));
#10363 = ADVANCED_FACE('',(#10364),#10375,.T.);
#10364 = FACE_BOUND('',#10365,.T.);
#10365 = EDGE_LOOP('',(#10366,#10367,#10368,#10369));
#10366 = ORIENTED_EDGE('',*,*,#10335,.F.);
#10367 = ORIENTED_EDGE('',*,*,#10096,.T.);
#10368 = ORIENTED_EDGE('',*,*,#10266,.T.);
#10369 = ORIENTED_EDGE('',*,*,#10370,.F.);
#10370 = EDGE_CURVE('',#10328,#10259,#10371,.T.);
#10371 = LINE('',#10372,#10373);
#10372 = CARTESIAN_POINT('',(-1.5,11.,6.));
#10373 = VECTOR('',#10374,1.);
#10374 = DIRECTION('',(1.,0.,-0.));
#10375 = PLANE('',#10376);
#10376 = AXIS2_PLACEMENT_3D('',#10377,#10378,#10379);
#10377 = CARTESIAN_POINT('',(-1.5,-11.,6.));
#10378 = DIRECTION('',(0.,0.,1.));
#10379 = DIRECTION('',(1.,0.,-0.));
#10380 = ADVANCED_FACE('',(#10381),#10392,.T.);
#10381 = FACE_BOUND('',#10382,.T.);
#10382 = EDGE_LOOP('',(#10383,#10384,#10385,#10386));
#10383 = ORIENTED_EDGE('',*,*,#10205,.F.);
#10384 = ORIENTED_EDGE('',*,*,#10353,.F.);
#10385 = ORIENTED_EDGE('',*,*,#10127,.T.);
#10386 = ORIENTED_EDGE('',*,*,#10387,.T.);
#10387 = EDGE_CURVE('',#10128,#10206,#10388,.T.);
#10388 = LINE('',#10389,#10390);
#10389 = CARTESIAN_POINT('',(-7.586206896552,11.,-5.));
#10390 = VECTOR('',#10391,1.);
#10391 = DIRECTION('',(1.,0.,-0.));
#10392 = PLANE('',#10393);
#10393 = AXIS2_PLACEMENT_3D('',#10394,#10395,#10396);
#10394 = CARTESIAN_POINT('',(-1.5,11.,-6.));
#10395 = DIRECTION('',(-0.,1.,0.));
#10396 = DIRECTION('',(0.,0.,1.));
#10397 = ADVANCED_FACE('',(#10398),#10409,.T.);
#10398 = FACE_BOUND('',#10399,.T.);
#10399 = EDGE_LOOP('',(#10400,#10406,#10407,#10408));
#10400 = ORIENTED_EDGE('',*,*,#10401,.F.);
#10401 = EDGE_CURVE('',#10320,#10251,#10402,.T.);
#10402 = LINE('',#10403,#10404);
#10403 = CARTESIAN_POINT('',(-7.586206896552,11.,5.));
#10404 = VECTOR('',#10405,1.);
#10405 = DIRECTION('',(1.,0.,-0.));
#10406 = ORIENTED_EDGE('',*,*,#10327,.T.);
#10407 = ORIENTED_EDGE('',*,*,#10370,.T.);
#10408 = ORIENTED_EDGE('',*,*,#10258,.F.);
#10409 = PLANE('',#10410);
#10410 = AXIS2_PLACEMENT_3D('',#10411,#10412,#10413);
#10411 = CARTESIAN_POINT('',(-1.5,11.,4.5));
#10412 = DIRECTION('',(-0.,1.,0.));
#10413 = DIRECTION('',(0.,0.,1.));
#10414 = ADVANCED_FACE('',(#10415),#10456,.F.);
#10415 = FACE_BOUND('',#10416,.F.);
#10416 = EDGE_LOOP('',(#10417,#10427,#10433,#10434,#10442,#10450));
#10417 = ORIENTED_EDGE('',*,*,#10418,.F.);
#10418 = EDGE_CURVE('',#10419,#10421,#10423,.T.);
#10419 = VERTEX_POINT('',#10420);
#10420 = CARTESIAN_POINT('',(-7.586206896552,11.,-5.));
#10421 = VERTEX_POINT('',#10422);
#10422 = CARTESIAN_POINT('',(-7.586206896552,12.5,-5.));
#10423 = LINE('',#10424,#10425);
#10424 = CARTESIAN_POINT('',(-7.586206896552,11.,-5.));
#10425 = VECTOR('',#10426,1.);
#10426 = DIRECTION('',(-0.,1.,0.));
#10427 = ORIENTED_EDGE('',*,*,#10428,.T.);
#10428 = EDGE_CURVE('',#10419,#10128,#10429,.T.);
#10429 = LINE('',#10430,#10431);
#10430 = CARTESIAN_POINT('',(-7.586206896552,11.,-5.));
#10431 = VECTOR('',#10432,1.);
#10432 = DIRECTION('',(1.,0.,-0.));
#10433 = ORIENTED_EDGE('',*,*,#10387,.T.);
#10434 = ORIENTED_EDGE('',*,*,#10435,.T.);
#10435 = EDGE_CURVE('',#10206,#10436,#10438,.T.);
#10436 = VERTEX_POINT('',#10437);
#10437 = CARTESIAN_POINT('',(7.586206896552,11.,-5.));
#10438 = LINE('',#10439,#10440);
#10439 = CARTESIAN_POINT('',(-7.586206896552,11.,-5.));
#10440 = VECTOR('',#10441,1.);
#10441 = DIRECTION('',(1.,0.,-0.));
#10442 = ORIENTED_EDGE('',*,*,#10443,.T.);
#10443 = EDGE_CURVE('',#10436,#10444,#10446,.T.);
#10444 = VERTEX_POINT('',#10445);
#10445 = CARTESIAN_POINT('',(7.586206896552,12.5,-5.));
#10446 = LINE('',#10447,#10448);
#10447 = CARTESIAN_POINT('',(7.586206896552,11.,-5.));
#10448 = VECTOR('',#10449,1.);
#10449 = DIRECTION('',(-0.,1.,0.));
#10450 = ORIENTED_EDGE('',*,*,#10451,.F.);
#10451 = EDGE_CURVE('',#10421,#10444,#10452,.T.);
#10452 = LINE('',#10453,#10454);
#10453 = CARTESIAN_POINT('',(-7.586206896552,12.5,-5.));
#10454 = VECTOR('',#10455,1.);
#10455 = DIRECTION('',(1.,0.,-0.));
#10456 = PLANE('',#10457);
#10457 = AXIS2_PLACEMENT_3D('',#10458,#10459,#10460);
#10458 = CARTESIAN_POINT('',(-7.586206896552,11.,-5.));
#10459 = DIRECTION('',(0.,0.,1.));
#10460 = DIRECTION('',(1.,0.,-0.));
#10461 = ADVANCED_FACE('',(#10462),#10503,.T.);
#10462 = FACE_BOUND('',#10463,.T.);
#10463 = EDGE_LOOP('',(#10464,#10474,#10480,#10481,#10489,#10497));
#10464 = ORIENTED_EDGE('',*,*,#10465,.F.);
#10465 = EDGE_CURVE('',#10466,#10468,#10470,.T.);
#10466 = VERTEX_POINT('',#10467);
#10467 = CARTESIAN_POINT('',(-7.586206896552,11.,5.));
#10468 = VERTEX_POINT('',#10469);
#10469 = CARTESIAN_POINT('',(-7.586206896552,12.5,5.));
#10470 = LINE('',#10471,#10472);
#10471 = CARTESIAN_POINT('',(-7.586206896552,11.,5.));
#10472 = VECTOR('',#10473,1.);
#10473 = DIRECTION('',(-0.,1.,0.));
#10474 = ORIENTED_EDGE('',*,*,#10475,.T.);
#10475 = EDGE_CURVE('',#10466,#10320,#10476,.T.);
#10476 = LINE('',#10477,#10478);
#10477 = CARTESIAN_POINT('',(-7.586206896552,11.,5.));
#10478 = VECTOR('',#10479,1.);
#10479 = DIRECTION('',(1.,0.,-0.));
#10480 = ORIENTED_EDGE('',*,*,#10401,.T.);
#10481 = ORIENTED_EDGE('',*,*,#10482,.T.);
#10482 = EDGE_CURVE('',#10251,#10483,#10485,.T.);
#10483 = VERTEX_POINT('',#10484);
#10484 = CARTESIAN_POINT('',(7.586206896552,11.,5.));
#10485 = LINE('',#10486,#10487);
#10486 = CARTESIAN_POINT('',(-7.586206896552,11.,5.));
#10487 = VECTOR('',#10488,1.);
#10488 = DIRECTION('',(1.,0.,-0.));
#10489 = ORIENTED_EDGE('',*,*,#10490,.T.);
#10490 = EDGE_CURVE('',#10483,#10491,#10493,.T.);
#10491 = VERTEX_POINT('',#10492);
#10492 = CARTESIAN_POINT('',(7.586206896552,12.5,5.));
#10493 = LINE('',#10494,#10495);
#10494 = CARTESIAN_POINT('',(7.586206896552,11.,5.));
#10495 = VECTOR('',#10496,1.);
#10496 = DIRECTION('',(-0.,1.,0.));
#10497 = ORIENTED_EDGE('',*,*,#10498,.F.);
#10498 = EDGE_CURVE('',#10468,#10491,#10499,.T.);
#10499 = LINE('',#10500,#10501);
#10500 = CARTESIAN_POINT('',(-7.586206896552,12.5,5.));
#10501 = VECTOR('',#10502,1.);
#10502 = DIRECTION('',(1.,0.,-0.));
#10503 = PLANE('',#10504);
#10504 = AXIS2_PLACEMENT_3D('',#10505,#10506,#10507);
#10505 = CARTESIAN_POINT('',(-7.586206896552,11.,5.));
#10506 = DIRECTION('',(0.,0.,1.));
#10507 = DIRECTION('',(1.,0.,-0.));
#10508 = ADVANCED_FACE('',(#10509),#10527,.T.);
#10509 = FACE_BOUND('',#10510,.T.);
#10510 = EDGE_LOOP('',(#10511,#10512,#10519,#10520));
#10511 = ORIENTED_EDGE('',*,*,#10465,.T.);
#10512 = ORIENTED_EDGE('',*,*,#10513,.F.);
#10513 = EDGE_CURVE('',#10421,#10468,#10514,.T.);
#10514 = CIRCLE('',#10515,5.);
#10515 = AXIS2_PLACEMENT_3D('',#10516,#10517,#10518);
#10516 = CARTESIAN_POINT('',(-7.586206896552,12.5,0.));
#10517 = DIRECTION('',(0.,1.,0.));
#10518 = DIRECTION('',(0.,-0.,1.));
#10519 = ORIENTED_EDGE('',*,*,#10418,.F.);
#10520 = ORIENTED_EDGE('',*,*,#10521,.T.);
#10521 = EDGE_CURVE('',#10419,#10466,#10522,.T.);
#10522 = CIRCLE('',#10523,5.);
#10523 = AXIS2_PLACEMENT_3D('',#10524,#10525,#10526);
#10524 = CARTESIAN_POINT('',(-7.586206896552,11.,0.));
#10525 = DIRECTION('',(0.,1.,0.));
#10526 = DIRECTION('',(0.,-0.,1.));
#10527 = CYLINDRICAL_SURFACE('',#10528,5.);
#10528 = AXIS2_PLACEMENT_3D('',#10529,#10530,#10531);
#10529 = CARTESIAN_POINT('',(-7.586206896552,11.,0.));
#10530 = DIRECTION('',(0.,1.,0.));
#10531 = DIRECTION('',(0.,-0.,1.));
#10532 = ADVANCED_FACE('',(#10533),#10551,.T.);
#10533 = FACE_BOUND('',#10534,.T.);
#10534 = EDGE_LOOP('',(#10535,#10542,#10543,#10550));
#10535 = ORIENTED_EDGE('',*,*,#10536,.F.);
#10536 = EDGE_CURVE('',#10491,#10444,#10537,.T.);
#10537 = CIRCLE('',#10538,5.);
#10538 = AXIS2_PLACEMENT_3D('',#10539,#10540,#10541);
#10539 = CARTESIAN_POINT('',(7.586206896552,12.5,0.));
#10540 = DIRECTION('',(0.,1.,0.));
#10541 = DIRECTION('',(0.,-0.,1.));
#10542 = ORIENTED_EDGE('',*,*,#10490,.F.);
#10543 = ORIENTED_EDGE('',*,*,#10544,.T.);
#10544 = EDGE_CURVE('',#10483,#10436,#10545,.T.);
#10545 = CIRCLE('',#10546,5.);
#10546 = AXIS2_PLACEMENT_3D('',#10547,#10548,#10549);
#10547 = CARTESIAN_POINT('',(7.586206896552,11.,0.));
#10548 = DIRECTION('',(0.,1.,0.));
#10549 = DIRECTION('',(0.,-0.,1.));
#10550 = ORIENTED_EDGE('',*,*,#10443,.T.);
#10551 = CYLINDRICAL_SURFACE('',#10552,5.);
#10552 = AXIS2_PLACEMENT_3D('',#10553,#10554,#10555);
#10553 = CARTESIAN_POINT('',(7.586206896552,11.,0.));
#10554 = DIRECTION('',(0.,1.,0.));
#10555 = DIRECTION('',(0.,-0.,1.));
#10556 = ADVANCED_FACE('',(#10557),#10563,.T.);
#10557 = FACE_BOUND('',#10558,.T.);
#10558 = EDGE_LOOP('',(#10559,#10560,#10561,#10562));
#10559 = ORIENTED_EDGE('',*,*,#9986,.T.);
#10560 = ORIENTED_EDGE('',*,*,#10071,.F.);
#10561 = ORIENTED_EDGE('',*,*,#9906,.F.);
#10562 = ORIENTED_EDGE('',*,*,#9970,.F.);
#10563 = PLANE('',#10564);
#10564 = AXIS2_PLACEMENT_3D('',#10565,#10566,#10567);
#10565 = CARTESIAN_POINT('',(-6.476089505928E-16,-12.5,
    -2.354941638519E-16));
#10566 = DIRECTION('',(-0.,-1.,-0.));
#10567 = DIRECTION('',(0.,0.,-1.));
#10568 = ADVANCED_FACE('',(#10569),#10583,.T.);
#10569 = FACE_BOUND('',#10570,.T.);
#10570 = EDGE_LOOP('',(#10571,#10572,#10573,#10574,#10575,#10576,#10577,
    #10578,#10579,#10580,#10581,#10582));
#10571 = ORIENTED_EDGE('',*,*,#10018,.F.);
#10572 = ORIENTED_EDGE('',*,*,#9953,.T.);
#10573 = ORIENTED_EDGE('',*,*,#9938,.T.);
#10574 = ORIENTED_EDGE('',*,*,#10312,.F.);
#10575 = ORIENTED_EDGE('',*,*,#10291,.T.);
#10576 = ORIENTED_EDGE('',*,*,#10234,.T.);
#10577 = ORIENTED_EDGE('',*,*,#9922,.T.);
#10578 = ORIENTED_EDGE('',*,*,#10063,.T.);
#10579 = ORIENTED_EDGE('',*,*,#10002,.F.);
#10580 = ORIENTED_EDGE('',*,*,#10220,.T.);
#10581 = ORIENTED_EDGE('',*,*,#10166,.F.);
#10582 = ORIENTED_EDGE('',*,*,#10151,.F.);
#10583 = PLANE('',#10584);
#10584 = AXIS2_PLACEMENT_3D('',#10585,#10586,#10587);
#10585 = CARTESIAN_POINT('',(1.139697972182E-16,-11.,-2.279395944363E-16
    ));
#10586 = DIRECTION('',(0.,1.,0.));
#10587 = DIRECTION('',(0.,-0.,1.));
#10588 = ADVANCED_FACE('',(#10589),#10603,.T.);
#10589 = FACE_BOUND('',#10590,.T.);
#10590 = EDGE_LOOP('',(#10591,#10592,#10593,#10594,#10595,#10596,#10597,
    #10598,#10599,#10600,#10601,#10602));
#10591 = ORIENTED_EDGE('',*,*,#10428,.T.);
#10592 = ORIENTED_EDGE('',*,*,#10135,.T.);
#10593 = ORIENTED_EDGE('',*,*,#10182,.T.);
#10594 = ORIENTED_EDGE('',*,*,#10213,.F.);
#10595 = ORIENTED_EDGE('',*,*,#10435,.T.);
#10596 = ORIENTED_EDGE('',*,*,#10544,.F.);
#10597 = ORIENTED_EDGE('',*,*,#10482,.F.);
#10598 = ORIENTED_EDGE('',*,*,#10250,.F.);
#10599 = ORIENTED_EDGE('',*,*,#10298,.F.);
#10600 = ORIENTED_EDGE('',*,*,#10319,.T.);
#10601 = ORIENTED_EDGE('',*,*,#10475,.F.);
#10602 = ORIENTED_EDGE('',*,*,#10521,.F.);
#10603 = PLANE('',#10604);
#10604 = AXIS2_PLACEMENT_3D('',#10605,#10606,#10607);
#10605 = CARTESIAN_POINT('',(-6.268338846999E-16,11.,-2.279395944363E-16
    ));
#10606 = DIRECTION('',(-0.,-1.,-0.));
#10607 = DIRECTION('',(0.,0.,-1.));
#10608 = ADVANCED_FACE('',(#10609),#10615,.T.);
#10609 = FACE_BOUND('',#10610,.T.);
#10610 = EDGE_LOOP('',(#10611,#10612,#10613,#10614));
#10611 = ORIENTED_EDGE('',*,*,#10451,.F.);
#10612 = ORIENTED_EDGE('',*,*,#10513,.T.);
#10613 = ORIENTED_EDGE('',*,*,#10498,.T.);
#10614 = ORIENTED_EDGE('',*,*,#10536,.T.);
#10615 = PLANE('',#10616);
#10616 = AXIS2_PLACEMENT_3D('',#10617,#10618,#10619);
#10617 = CARTESIAN_POINT('',(-3.532412457779E-16,12.5,8.831031144447E-17
    ));
#10618 = DIRECTION('',(0.,1.,0.));
#10619 = DIRECTION('',(0.,-0.,1.));
#10620 = ( GEOMETRIC_REPRESENTATION_CONTEXT(3) 
GLOBAL_UNCERTAINTY_ASSIGNED_CONTEXT((#10624)) 
GLOBAL_UNIT_ASSIGNED_CONTEXT((#10621,#10622,#10623)) 
REPRESENTATION_CONTEXT('Context #1',
  '3D Context with UNIT and UNCERTAINTY') );
#10621 = ( LENGTH_UNIT() NAMED_UNIT(*) SI_UNIT(.MILLI.,.METRE.) );
#10622 = ( NAMED_UNIT(*) PLANE_ANGLE_UNIT() SI_UNIT($,.RADIAN.) );
#10623 = ( NAMED_UNIT(*) SI_UNIT($,.STERADIAN.) SOLID_ANGLE_UNIT() );
#10624 = UNCERTAINTY_MEASURE_WITH_UNIT(LENGTH_MEASURE(1.E-07),#10621,
  'distance_accuracy_value','confusion accuracy');
#10625 = CONTEXT_DEPENDENT_SHAPE_REPRESENTATION(#10626,#10628);
#10626 = ( REPRESENTATION_RELATIONSHIP('','',#9889,#10) 
REPRESENTATION_RELATIONSHIP_WITH_TRANSFORMATION(#10627) 
SHAPE_REPRESENTATION_RELATIONSHIP() );
#10627 = ITEM_DEFINED_TRANSFORMATION('','',#11,#67);
#10628 = PRODUCT_DEFINITION_SHAPE('Placement','Placement of an item',
  #10629);
#10629 = NEXT_ASSEMBLY_USAGE_OCCURRENCE('14','link_13','',#5,#9884,$);
#10630 = PRODUCT_RELATED_PRODUCT_CATEGORY('part',$,(#9886));
#10631 = SHAPE_DEFINITION_REPRESENTATION(#10632,#10638);
#10632 = PRODUCT_DEFINITION_SHAPE('','',#10633);
#10633 = PRODUCT_DEFINITION('design','',#10634,#10637);
#10634 = PRODUCT_DEFINITION_FORMATION('','',#10635);
#10635 = PRODUCT('link_14','link_14','',(#10636));
#10636 = PRODUCT_CONTEXT('',#2,'mechanical');
#10637 = PRODUCT_DEFINITION_CONTEXT('part definition',#2,'design');
#10638 = ADVANCED_BREP_SHAPE_REPRESENTATION('',(#11,#10639),#11369);
#10639 = MANIFOLD_SOLID_BREP('',#10640);
#10640 = CLOSED_SHELL('',(#10641,#10697,#10730,#10777,#10808,#10832,
    #10863,#10910,#10941,#10979,#11026,#11057,#11095,#11112,#11129,
    #11146,#11163,#11210,#11257,#11281,#11305,#11317,#11337,#11357));
#10641 = ADVANCED_FACE('',(#10642),#10692,.T.);
#10642 = FACE_BOUND('',#10643,.T.);
#10643 = EDGE_LOOP('',(#10644,#10654,#10662,#10670,#10678,#10686));
#10644 = ORIENTED_EDGE('',*,*,#10645,.F.);
#10645 = EDGE_CURVE('',#10646,#10648,#10650,.T.);
#10646 = VERTEX_POINT('',#10647);
#10647 = CARTESIAN_POINT('',(-7.586206896552,-12.5,5.));
#10648 = VERTEX_POINT('',#10649);
#10649 = CARTESIAN_POINT('',(-7.586206896552,-11.,5.));
#10650 = LINE('',#10651,#10652);
#10651 = CARTESIAN_POINT('',(-7.586206896552,-12.5,5.));
#10652 = VECTOR('',#10653,1.);
#10653 = DIRECTION('',(-0.,1.,0.));
#10654 = ORIENTED_EDGE('',*,*,#10655,.T.);
#10655 = EDGE_CURVE('',#10646,#10656,#10658,.T.);
#10656 = VERTEX_POINT('',#10657);
#10657 = CARTESIAN_POINT('',(7.586206896552,-12.5,5.));
#10658 = LINE('',#10659,#10660);
#10659 = CARTESIAN_POINT('',(-7.586206896552,-12.5,5.));
#10660 = VECTOR('',#10661,1.);
#10661 = DIRECTION('',(1.,0.,-0.));
#10662 = ORIENTED_EDGE('',*,*,#10663,.T.);
#10663 = EDGE_CURVE('',#10656,#10664,#10666,.T.);
#10664 = VERTEX_POINT('',#10665);
#10665 = CARTESIAN_POINT('',(7.586206896552,-11.,5.));
#10666 = LINE('',#10667,#10668);
#10667 = CARTESIAN_POINT('',(7.586206896552,-12.5,5.));
#10668 = VECTOR('',#10669,1.);
#10669 = DIRECTION('',(-0.,1.,0.));
#10670 = ORIENTED_EDGE('',*,*,#10671,.F.);
#10671 = EDGE_CURVE('',#10672,#10664,#10674,.T.);
#10672 = VERTEX_POINT('',#10673);
#10673 = CARTESIAN_POINT('',(1.5,-11.,5.));
#10674 = LINE('',#10675,#10676);
#10675 = CARTESIAN_POINT('',(-7.586206896552,-11.,5.));
#10676 = VECTOR('',#10677,1.);
#10677 = DIRECTION('',(1.,0.,-0.));
#10678 = ORIENTED_EDGE('',*,*,#10679,.F.);
#10679 = EDGE_CURVE('',#10680,#10672,#10682,.T.);
#10680 = VERTEX_POINT('',#10681);
#10681 = CARTESIAN_POINT('',(-1.5,-11.,5.));
#10682 = LINE('',#10683,#10684);
#10683 = CARTESIAN_POINT('',(-7.586206896552,-11.,5.));
#10684 = VECTOR('',#10685,1.);
#10685 = DIRECTION('',(1.,0.,-0.));
#10686 = ORIENTED_EDGE('',*,*,#10687,.F.);
#10687 = EDGE_CURVE('',#10648,#10680,#10688,.T.);
#10688 = LINE('',#10689,#10690);
#10689 = CARTESIAN_POINT('',(-7.586206896552,-11.,5.));
#10690 = VECTOR('',#10691,1.);
#10691 = DIRECTION('',(1.,0.,-0.));
#10692 = PLANE('',#10693);
#10693 = AXIS2_PLACEMENT_3D('',#10694,#10695,#10696);
#10694 = CARTESIAN_POINT('',(-7.586206896552,-12.5,5.));
#10695 = DIRECTION('',(0.,0.,1.));
#10696 = DIRECTION('',(1.,0.,-0.));
#10697 = ADVANCED_FACE('',(#10698),#10725,.T.);
#10698 = FACE_BOUND('',#10699,.T.);
#10699 = EDGE_LOOP('',(#10700,#10701,#10710,#10718));
#10700 = ORIENTED_EDGE('',*,*,#10645,.T.);
#10701 = ORIENTED_EDGE('',*,*,#10702,.F.);
#10702 = EDGE_CURVE('',#10703,#10648,#10705,.T.);
#10703 = VERTEX_POINT('',#10704);
#10704 = CARTESIAN_POINT('',(-7.586206896552,-11.,-5.));
#10705 = CIRCLE('',#10706,5.);
#10706 = AXIS2_PLACEMENT_3D('',#10707,#10708,#10709);
#10707 = CARTESIAN_POINT('',(-7.586206896552,-11.,0.));
#10708 = DIRECTION('',(0.,1.,0.));
#10709 = DIRECTION('',(0.,-0.,1.));
#10710 = ORIENTED_EDGE('',*,*,#10711,.F.);
#10711 = EDGE_CURVE('',#10712,#10703,#10714,.T.);
#10712 = VERTEX_POINT('',#10713);
#10713 = CARTESIAN_POINT('',(-7.586206896552,-12.5,-5.));
#10714 = LINE('',#10715,#10716);
#10715 = CARTESIAN_POINT('',(-7.586206896552,-12.5,-5.));
#10716 = VECTOR('',#10717,1.);
#10717 = DIRECTION('',(-0.,1.,0.));
#10718 = ORIENTED_EDGE('',*,*,#10719,.T.);
#10719 = EDGE_CURVE('',#10712,#10646,#10720,.T.);
#10720 = CIRCLE('',#10721,5.);
#10721 = AXIS2_PLACEMENT_3D('',#10722,#10723,#10724);
#10722 = CARTESIAN_POINT('',(-7.586206896552,-12.5,0.));
#10723 = DIRECTION('',(0.,1.,0.));
#10724 = DIRECTION('',(0.,-0.,1.));
#10725 = CYLINDRICAL_SURFACE('',#10726,5.);
#10726 = AXIS2_PLACEMENT_3D('',#10727,#10728,#10729);
#10727 = CARTESIAN_POINT('',(-7.586206896552,-12.5,0.));
#10728 = DIRECTION('',(0.,1.,0.));
#10729 = DIRECTION('',(0.,-0.,1.));
#10730 = ADVANCED_FACE('',(#10731),#10772,.F.);
#10731 = FACE_BOUND('',#10732,.F.);
#10732 = EDGE_LOOP('',(#10733,#10734,#10742,#10750,#10758,#10766));
#10733 = ORIENTED_EDGE('',*,*,#10711,.F.);
#10734 = ORIENTED_EDGE('',*,*,#10735,.T.);
#10735 = EDGE_CURVE('',#10712,#10736,#10738,.T.);
#10736 = VERTEX_POINT('',#10737);
#10737 = CARTESIAN_POINT('',(7.586206896552,-12.5,-5.));
#10738 = LINE('',#10739,#10740);
#10739 = CARTESIAN_POINT('',(-7.586206896552,-12.5,-5.));
#10740 = VECTOR('',#10741,1.);
#10741 = DIRECTION('',(1.,0.,-0.));
#10742 = ORIENTED_EDGE('',*,*,#10743,.T.);
#10743 = EDGE_CURVE('',#10736,#10744,#10746,.T.);
#10744 = VERTEX_POINT('',#10745);
#10745 = CARTESIAN_POINT('',(7.586206896552,-11.,-5.));
#10746 = LINE('',#10747,#10748);
#10747 = CARTESIAN_POINT('',(7.586206896552,-12.5,-5.));
#10748 = VECTOR('',#10749,1.);
#10749 = DIRECTION('',(-0.,1.,0.));
#10750 = ORIENTED_EDGE('',*,*,#10751,.F.);
#10751 = EDGE_CURVE('',#10752,#10744,#10754,.T.);
#10752 = VERTEX_POINT('',#10753);
#10753 = CARTESIAN_POINT('',(1.5,-11.,-5.));
#10754 = LINE('',#10755,#10756);
#10755 = CARTESIAN_POINT('',(-7.586206896552,-11.,-5.));
#10756 = VECTOR('',#10757,1.);
#10757 = DIRECTION('',(1.,0.,-0.));
#10758 = ORIENTED_EDGE('',*,*,#10759,.F.);
#10759 = EDGE_CURVE('',#10760,#10752,#10762,.T.);
#10760 = VERTEX_POINT('',#10761);
#10761 = CARTESIAN_POINT('',(-1.5,-11.,-5.));
#10762 = LINE('',#10763,#10764);
#10763 = CARTESIAN_POINT('',(-7.586206896552,-11.,-5.));
#10764 = VECTOR('',#10765,1.);
#10765 = DIRECTION('',(1.,0.,-0.));
#10766 = ORIENTED_EDGE('',*,*,#10767,.F.);
#10767 = EDGE_CURVE('',#10703,#10760,#10768,.T.);
#10768 = LINE('',#10769,#10770);
#10769 = CARTESIAN_POINT('',(-7.586206896552,-11.,-5.));
#10770 = VECTOR('',#10771,1.);
#10771 = DIRECTION('',(1.,0.,-0.));
#10772 = PLANE('',#10773);
#10773 = AXIS2_PLACEMENT_3D('',#10774,#10775,#10776);
#10774 = CARTESIAN_POINT('',(-7.586206896552,-12.5,-5.));
#10775 = DIRECTION('',(0.,0.,1.));
#10776 = DIRECTION('',(1.,0.,-0.));
#10777 = ADVANCED_FACE('',(#10778),#10803,.F.);
#10778 = FACE_BOUND('',#10779,.F.);
#10779 = EDGE_LOOP('',(#10780,#10788,#10796,#10802));
#10780 = ORIENTED_EDGE('',*,*,#10781,.F.);
#10781 = EDGE_CURVE('',#10782,#10752,#10784,.T.);
#10782 = VERTEX_POINT('',#10783);
#10783 = CARTESIAN_POINT('',(1.5,-11.,-6.));
#10784 = LINE('',#10785,#10786);
#10785 = CARTESIAN_POINT('',(1.5,-11.,-6.));
#10786 = VECTOR('',#10787,1.);
#10787 = DIRECTION('',(0.,0.,1.));
#10788 = ORIENTED_EDGE('',*,*,#10789,.F.);
#10789 = EDGE_CURVE('',#10790,#10782,#10792,.T.);
#10790 = VERTEX_POINT('',#10791);
#10791 = CARTESIAN_POINT('',(-1.5,-11.,-6.));
#10792 = LINE('',#10793,#10794);
#10793 = CARTESIAN_POINT('',(-1.5,-11.,-6.));
#10794 = VECTOR('',#10795,1.);
#10795 = DIRECTION('',(1.,0.,-0.));
#10796 = ORIENTED_EDGE('',*,*,#10797,.T.);
#10797 = EDGE_CURVE('',#10790,#10760,#10798,.T.);
#10798 = LINE('',#10799,#10800);
#10799 = CARTESIAN_POINT('',(-1.5,-11.,-6.));
#10800 = VECTOR('',#10801,1.);
#10801 = DIRECTION('',(0.,0.,1.));
#10802 = ORIENTED_EDGE('',*,*,#10759,.T.);
#10803 = PLANE('',#10804);
#10804 = AXIS2_PLACEMENT_3D('',#10805,#10806,#10807);
#10805 = CARTESIAN_POINT('',(-1.5,-11.,-6.));
#10806 = DIRECTION('',(-0.,1.,0.));
#10807 = DIRECTION('',(0.,0.,1.));
#10808 = ADVANCED_FACE('',(#10809),#10827,.T.);
#10809 = FACE_BOUND('',#10810,.T.);
#10810 = EDGE_LOOP('',(#10811,#10818,#10819,#10826));
#10811 = ORIENTED_EDGE('',*,*,#10812,.F.);
#10812 = EDGE_CURVE('',#10664,#10744,#10813,.T.);
#10813 = CIRCLE('',#10814,5.);
#10814 = AXIS2_PLACEMENT_3D('',#10815,#10816,#10817);
#10815 = CARTESIAN_POINT('',(7.586206896552,-11.,0.));
#10816 = DIRECTION('',(0.,1.,0.));
#10817 = DIRECTION('',(0.,-0.,1.));
#10818 = ORIENTED_EDGE('',*,*,#10663,.F.);
#10819 = ORIENTED_EDGE('',*,*,#10820,.T.);
#10820 = EDGE_CURVE('',#10656,#10736,#10821,.T.);
#10821 = CIRCLE('',#10822,5.);
#10822 = AXIS2_PLACEMENT_3D('',#10823,#10824,#10825);
#10823 = CARTESIAN_POINT('',(7.586206896552,-12.5,0.));
#10824 = DIRECTION('',(0.,1.,0.));
#10825 = DIRECTION('',(0.,-0.,1.));
#10826 = ORIENTED_EDGE('',*,*,#10743,.T.);
#10827 = CYLINDRICAL_SURFACE('',#10828,5.);
#10828 = AXIS2_PLACEMENT_3D('',#10829,#10830,#10831);
#10829 = CARTESIAN_POINT('',(7.586206896552,-12.5,0.));
#10830 = DIRECTION('',(0.,1.,0.));
#10831 = DIRECTION('',(0.,-0.,1.));
#10832 = ADVANCED_FACE('',(#10833),#10858,.F.);
#10833 = FACE_BOUND('',#10834,.F.);
#10834 = EDGE_LOOP('',(#10835,#10836,#10844,#10852));
#10835 = ORIENTED_EDGE('',*,*,#10679,.F.);
#10836 = ORIENTED_EDGE('',*,*,#10837,.T.);
#10837 = EDGE_CURVE('',#10680,#10838,#10840,.T.);
#10838 = VERTEX_POINT('',#10839);
#10839 = CARTESIAN_POINT('',(-1.5,-11.,6.));
#10840 = LINE('',#10841,#10842);
#10841 = CARTESIAN_POINT('',(-1.5,-11.,4.5));
#10842 = VECTOR('',#10843,1.);
#10843 = DIRECTION('',(0.,0.,1.));
#10844 = ORIENTED_EDGE('',*,*,#10845,.T.);
#10845 = EDGE_CURVE('',#10838,#10846,#10848,.T.);
#10846 = VERTEX_POINT('',#10847);
#10847 = CARTESIAN_POINT('',(1.5,-11.,6.));
#10848 = LINE('',#10849,#10850);
#10849 = CARTESIAN_POINT('',(-1.5,-11.,6.));
#10850 = VECTOR('',#10851,1.);
#10851 = DIRECTION('',(1.,0.,-0.));
#10852 = ORIENTED_EDGE('',*,*,#10853,.F.);
#10853 = EDGE_CURVE('',#10672,#10846,#10854,.T.);
#10854 = LINE('',#10855,#10856);
#10855 = CARTESIAN_POINT('',(1.5,-11.,4.5));
#10856 = VECTOR('',#10857,1.);
#10857 = DIRECTION('',(0.,0.,1.));
#10858 = PLANE('',#10859);
#10859 = AXIS2_PLACEMENT_3D('',#10860,#10861,#10862);
#10860 = CARTESIAN_POINT('',(-1.5,-11.,4.5));
#10861 = DIRECTION('',(-0.,1.,0.));
#10862 = DIRECTION('',(0.,0.,1.));
#10863 = ADVANCED_FACE('',(#10864),#10905,.F.);
#10864 = FACE_BOUND('',#10865,.F.);
#10865 = EDGE_LOOP('',(#10866,#10867,#10875,#10883,#10891,#10899));
#10866 = ORIENTED_EDGE('',*,*,#10797,.F.);
#10867 = ORIENTED_EDGE('',*,*,#10868,.T.);
#10868 = EDGE_CURVE('',#10790,#10869,#10871,.T.);
#10869 = VERTEX_POINT('',#10870);
#10870 = CARTESIAN_POINT('',(-1.5,11.,-6.));
#10871 = LINE('',#10872,#10873);
#10872 = CARTESIAN_POINT('',(-1.5,-11.,-6.));
#10873 = VECTOR('',#10874,1.);
#10874 = DIRECTION('',(-0.,1.,0.));
#10875 = ORIENTED_EDGE('',*,*,#10876,.T.);
#10876 = EDGE_CURVE('',#10869,#10877,#10879,.T.);
#10877 = VERTEX_POINT('',#10878);
#10878 = CARTESIAN_POINT('',(-1.5,11.,-5.));
#10879 = LINE('',#10880,#10881);
#10880 = CARTESIAN_POINT('',(-1.5,11.,-6.));
#10881 = VECTOR('',#10882,1.);
#10882 = DIRECTION('',(0.,0.,1.));
#10883 = ORIENTED_EDGE('',*,*,#10884,.T.);
#10884 = EDGE_CURVE('',#10877,#10885,#10887,.T.);
#10885 = VERTEX_POINT('',#10886);
#10886 = CARTESIAN_POINT('',(-1.5,11.,-4.5));
#10887 = LINE('',#10888,#10889);
#10888 = CARTESIAN_POINT('',(-1.5,11.,-6.));
#10889 = VECTOR('',#10890,1.);
#10890 = DIRECTION('',(0.,0.,1.));
#10891 = ORIENTED_EDGE('',*,*,#10892,.F.);
#10892 = EDGE_CURVE('',#10893,#10885,#10895,.T.);
#10893 = VERTEX_POINT('',#10894);
#10894 = CARTESIAN_POINT('',(-1.5,-11.,-4.5));
#10895 = LINE('',#10896,#10897);
#10896 = CARTESIAN_POINT('',(-1.5,-11.,-4.5));
#10897 = VECTOR('',#10898,1.);
#10898 = DIRECTION('',(-0.,1.,0.));
#10899 = ORIENTED_EDGE('',*,*,#10900,.F.);
#10900 = EDGE_CURVE('',#10760,#10893,#10901,.T.);
#10901 = LINE('',#10902,#10903);
#10902 = CARTESIAN_POINT('',(-1.5,-11.,-6.));
#10903 = VECTOR('',#10904,1.);
#10904 = DIRECTION('',(0.,0.,1.));
#10905 = PLANE('',#10906);
#10906 = AXIS2_PLACEMENT_3D('',#10907,#10908,#10909);
#10907 = CARTESIAN_POINT('',(-1.5,-11.,-6.));
#10908 = DIRECTION('',(1.,0.,-0.));
#10909 = DIRECTION('',(0.,0.,1.));
#10910 = ADVANCED_FACE('',(#10911),#10936,.T.);
#10911 = FACE_BOUND('',#10912,.T.);
#10912 = EDGE_LOOP('',(#10913,#10914,#10922,#10930));
#10913 = ORIENTED_EDGE('',*,*,#10892,.F.);
#10914 = ORIENTED_EDGE('',*,*,#10915,.T.);
#10915 = EDGE_CURVE('',#10893,#10916,#10918,.T.);
#10916 = VERTEX_POINT('',#10917);
#10917 = CARTESIAN_POINT('',(1.5,-11.,-4.5));
#10918 = LINE('',#10919,#10920);
#10919 = CARTESIAN_POINT('',(-1.5,-11.,-4.5));
#10920 = VECTOR('',#10921,1.);
#10921 = DIRECTION('',(1.,0.,-0.));
#10922 = ORIENTED_EDGE('',*,*,#10923,.T.);
#10923 = EDGE_CURVE('',#10916,#10924,#10926,.T.);
#10924 = VERTEX_POINT('',#10925);
#10925 = CARTESIAN_POINT('',(1.5,11.,-4.5));
#10926 = LINE('',#10927,#10928);
#10927 = CARTESIAN_POINT('',(1.5,-11.,-4.5));
#10928 = VECTOR('',#10929,1.);
#10929 = DIRECTION('',(-0.,1.,0.));
#10930 = ORIENTED_EDGE('',*,*,#10931,.F.);
#10931 = EDGE_CURVE('',#10885,#10924,#10932,.T.);
#10932 = LINE('',#10933,#10934);
#10933 = CARTESIAN_POINT('',(-1.5,11.,-4.5));
#10934 = VECTOR('',#10935,1.);
#10935 = DIRECTION('',(1.,0.,-0.));
#10936 = PLANE('',#10937);
#10937 = AXIS2_PLACEMENT_3D('',#10938,#10939,#10940);
#10938 = CARTESIAN_POINT('',(-1.5,-11.,-4.5));
#10939 = DIRECTION('',(0.,0.,1.));
#10940 = DIRECTION('',(1.,0.,-0.));
#10941 = ADVANCED_FACE('',(#10942),#10974,.T.);
#10942 = FACE_BOUND('',#10943,.T.);
#10943 = EDGE_LOOP('',(#10944,#10945,#10953,#10961,#10967,#10968));
#10944 = ORIENTED_EDGE('',*,*,#10781,.F.);
#10945 = ORIENTED_EDGE('',*,*,#10946,.T.);
#10946 = EDGE_CURVE('',#10782,#10947,#10949,.T.);
#10947 = VERTEX_POINT('',#10948);
#10948 = CARTESIAN_POINT('',(1.5,11.,-6.));
#10949 = LINE('',#10950,#10951);
#10950 = CARTESIAN_POINT('',(1.5,-11.,-6.));
#10951 = VECTOR('',#10952,1.);
#10952 = DIRECTION('',(-0.,1.,0.));
#10953 = ORIENTED_EDGE('',*,*,#10954,.T.);
#10954 = EDGE_CURVE('',#10947,#10955,#10957,.T.);
#10955 = VERTEX_POINT('',#10956);
#10956 = CARTESIAN_POINT('',(1.5,11.,-5.));
#10957 = LINE('',#10958,#10959);
#10958 = CARTESIAN_POINT('',(1.5,11.,-6.));
#10959 = VECTOR('',#10960,1.);
#10960 = DIRECTION('',(0.,0.,1.));
#10961 = ORIENTED_EDGE('',*,*,#10962,.T.);
#10962 = EDGE_CURVE('',#10955,#10924,#10963,.T.);
#10963 = LINE('',#10964,#10965);
#10964 = CARTESIAN_POINT('',(1.5,11.,-6.));
#10965 = VECTOR('',#10966,1.);
#10966 = DIRECTION('',(0.,0.,1.));
#10967 = ORIENTED_EDGE('',*,*,#10923,.F.);
#10968 = ORIENTED_EDGE('',*,*,#10969,.F.);
#10969 = EDGE_CURVE('',#10752,#10916,#10970,.T.);
#10970 = LINE('',#10971,#10972);
#10971 = CARTESIAN_POINT('',(1.5,-11.,-6.));
#10972 = VECTOR('',#10973,1.);
#10973 = DIRECTION('',(0.,0.,1.));
#10974 = PLANE('',#10975);
#10975 = AXIS2_PLACEMENT_3D('',#10976,#10977,#10978);
#10976 = CARTESIAN_POINT('',(1.5,-11.,-6.));
#10977 = DIRECTION('',(1.,0.,-0.));
#10978 = DIRECTION('',(0.,0.,1.));
#10979 = ADVANCED_FACE('',(#10980),#11021,.T.);
#10980 = FACE_BOUND('',#10981,.T.);
#10981 = EDGE_LOOP('',(#10982,#10990,#10998,#11006,#11014,#11020));
#10982 = ORIENTED_EDGE('',*,*,#10983,.F.);
#10983 = EDGE_CURVE('',#10984,#10672,#10986,.T.);
#10984 = VERTEX_POINT('',#10985);
#10985 = CARTESIAN_POINT('',(1.5,-11.,4.5));
#10986 = LINE('',#10987,#10988);
#10987 = CARTESIAN_POINT('',(1.5,-11.,4.5));
#10988 = VECTOR('',#10989,1.);
#10989 = DIRECTION('',(0.,0.,1.));
#10990 = ORIENTED_EDGE('',*,*,#10991,.T.);
#10991 = EDGE_CURVE('',#10984,#10992,#10994,.T.);
#10992 = VERTEX_POINT('',#10993);
#10993 = CARTESIAN_POINT('',(1.5,11.,4.5));
#10994 = LINE('',#10995,#10996);
#10995 = CARTESIAN_POINT('',(1.5,-11.,4.5));
#10996 = VECTOR('',#10997,1.);
#10997 = DIRECTION('',(-0.,1.,0.));
#10998 = ORIENTED_EDGE('',*,*,#10999,.T.);
#10999 = EDGE_CURVE('',#10992,#11000,#11002,.T.);
#11000 = VERTEX_POINT('',#11001);
#11001 = CARTESIAN_POINT('',(1.5,11.,5.));
#11002 = LINE('',#11003,#11004);
#11003 = CARTESIAN_POINT('',(1.5,11.,4.5));
#11004 = VECTOR('',#11005,1.);
#11005 = DIRECTION('',(0.,0.,1.));
#11006 = ORIENTED_EDGE('',*,*,#11007,.T.);
#11007 = EDGE_CURVE('',#11000,#11008,#11010,.T.);
#11008 = VERTEX_POINT('',#11009);
#11009 = CARTESIAN_POINT('',(1.5,11.,6.));
#11010 = LINE('',#11011,#11012);
#11011 = CARTESIAN_POINT('',(1.5,11.,4.5));
#11012 = VECTOR('',#11013,1.);
#11013 = DIRECTION('',(0.,0.,1.));
#11014 = ORIENTED_EDGE('',*,*,#11015,.F.);
#11015 = EDGE_CURVE('',#10846,#11008,#11016,.T.);
#11016 = LINE('',#11017,#11018);
#11017 = CARTESIAN_POINT('',(1.5,-11.,6.));
#11018 = VECTOR('',#11019,1.);
#11019 = DIRECTION('',(-0.,1.,0.));
#11020 = ORIENTED_EDGE('',*,*,#10853,.F.);
#11021 = PLANE('',#11022);
#11022 = AXIS2_PLACEMENT_3D('',#11023,#11024,#11025);
#11023 = CARTESIAN_POINT('',(1.5,-11.,4.5));
#11024 = DIRECTION('',(1.,0.,-0.));
#11025 = DIRECTION('',(0.,0.,1.));
#11026 = ADVANCED_FACE('',(#11027),#11052,.F.);
#11027 = FACE_BOUND('',#11028,.F.);
#11028 = EDGE_LOOP('',(#11029,#11039,#11045,#11046));
#11029 = ORIENTED_EDGE('',*,*,#11030,.F.);
#11030 = EDGE_CURVE('',#11031,#11033,#11035,.T.);
#11031 = VERTEX_POINT('',#11032);
#11032 = CARTESIAN_POINT('',(-1.5,-11.,4.5));
#11033 = VERTEX_POINT('',#11034);
#11034 = CARTESIAN_POINT('',(-1.5,11.,4.5));
#11035 = LINE('',#11036,#11037);
#11036 = CARTESIAN_POINT('',(-1.5,-11.,4.5));
#11037 = VECTOR('',#11038,1.);
#11038 = DIRECTION('',(-0.,1.,0.));
#11039 = ORIENTED_EDGE('',*,*,#11040,.T.);
#11040 = EDGE_CURVE('',#11031,#10984,#11041,.T.);
#11041 = LINE('',#11042,#11043);
#11042 = CARTESIAN_POINT('',(-1.5,-11.,4.5));
#11043 = VECTOR('',#11044,1.);
#11044 = DIRECTION('',(1.,0.,-0.));
#11045 = ORIENTED_EDGE('',*,*,#10991,.T.);
#11046 = ORIENTED_EDGE('',*,*,#11047,.F.);
#11047 = EDGE_CURVE('',#11033,#10992,#11048,.T.);
#11048 = LINE('',#11049,#11050);
#11049 = CARTESIAN_POINT('',(-1.5,11.,4.5));
#11050 = VECTOR('',#11051,1.);
#11051 = DIRECTION('',(1.,0.,-0.));
#11052 = PLANE('',#11053);
#11053 = AXIS2_PLACEMENT_3D('',#11054,#11055,#11056);
#11054 = CARTESIAN_POINT('',(-1.5,-11.,4.5));
#11055 = DIRECTION('',(0.,0.,1.));
#11056 = DIRECTION('',(1.,0.,-0.));
#11057 = ADVANCED_FACE('',(#11058),#11090,.F.);
#11058 = FACE_BOUND('',#11059,.F.);
#11059 = EDGE_LOOP('',(#11060,#11066,#11067,#11075,#11083,#11089));
#11060 = ORIENTED_EDGE('',*,*,#11061,.F.);
#11061 = EDGE_CURVE('',#11031,#10680,#11062,.T.);
#11062 = LINE('',#11063,#11064);
#11063 = CARTESIAN_POINT('',(-1.5,-11.,4.5));
#11064 = VECTOR('',#11065,1.);
#11065 = DIRECTION('',(0.,0.,1.));
#11066 = ORIENTED_EDGE('',*,*,#11030,.T.);
#11067 = ORIENTED_EDGE('',*,*,#11068,.T.);
#11068 = EDGE_CURVE('',#11033,#11069,#11071,.T.);
#11069 = VERTEX_POINT('',#11070);
#11070 = CARTESIAN_POINT('',(-1.5,11.,5.));
#11071 = LINE('',#11072,#11073);
#11072 = CARTESIAN_POINT('',(-1.5,11.,4.5));
#11073 = VECTOR('',#11074,1.);
#11074 = DIRECTION('',(0.,0.,1.));
#11075 = ORIENTED_EDGE('',*,*,#11076,.T.);
#11076 = EDGE_CURVE('',#11069,#11077,#11079,.T.);
#11077 = VERTEX_POINT('',#11078);
#11078 = CARTESIAN_POINT('',(-1.5,11.,6.));
#11079 = LINE('',#11080,#11081);
#11080 = CARTESIAN_POINT('',(-1.5,11.,4.5));
#11081 = VECTOR('',#11082,1.);
#11082 = DIRECTION('',(0.,0.,1.));
#11083 = ORIENTED_EDGE('',*,*,#11084,.F.);
#11084 = EDGE_CURVE('',#10838,#11077,#11085,.T.);
#11085 = LINE('',#11086,#11087);
#11086 = CARTESIAN_POINT('',(-1.5,-11.,6.));
#11087 = VECTOR('',#11088,1.);
#11088 = DIRECTION('',(-0.,1.,0.));
#11089 = ORIENTED_EDGE('',*,*,#10837,.F.);
#11090 = PLANE('',#11091);
#11091 = AXIS2_PLACEMENT_3D('',#11092,#11093,#11094);
#11092 = CARTESIAN_POINT('',(-1.5,-11.,4.5));
#11093 = DIRECTION('',(1.,0.,-0.));
#11094 = DIRECTION('',(0.,0.,1.));
#11095 = ADVANCED_FACE('',(#11096),#11107,.F.);
#11096 = FACE_BOUND('',#11097,.F.);
#11097 = EDGE_LOOP('',(#11098,#11099,#11100,#11101));
#11098 = ORIENTED_EDGE('',*,*,#10868,.F.);
#11099 = ORIENTED_EDGE('',*,*,#10789,.T.);
#11100 = ORIENTED_EDGE('',*,*,#10946,.T.);
#11101 = ORIENTED_EDGE('',*,*,#11102,.F.);
#11102 = EDGE_CURVE('',#10869,#10947,#11103,.T.);
#11103 = LINE('',#11104,#11105);
#11104 = CARTESIAN_POINT('',(-1.5,11.,-6.));
#11105 = VECTOR('',#11106,1.);
#11106 = DIRECTION('',(1.,0.,-0.));
#11107 = PLANE('',#11108);
#11108 = AXIS2_PLACEMENT_3D('',#11109,#11110,#11111);
#11109 = CARTESIAN_POINT('',(-1.5,-11.,-6.));
#11110 = DIRECTION('',(0.,0.,1.));
#11111 = DIRECTION('',(1.,0.,-0.));
#11112 = ADVANCED_FACE('',(#11113),#11124,.T.);
#11113 = FACE_BOUND('',#11114,.T.);
#11114 = EDGE_LOOP('',(#11115,#11116,#11117,#11118));
#11115 = ORIENTED_EDGE('',*,*,#11084,.F.);
#11116 = ORIENTED_EDGE('',*,*,#10845,.T.);
#11117 = ORIENTED_EDGE('',*,*,#11015,.T.);
#11118 = ORIENTED_EDGE('',*,*,#11119,.F.);
#11119 = EDGE_CURVE('',#11077,#11008,#11120,.T.);
#11120 = LINE('',#11121,#11122);
#11121 = CARTESIAN_POINT('',(-1.5,11.,6.));
#11122 = VECTOR('',#11123,1.);
#11123 = DIRECTION('',(1.,0.,-0.));
#11124 = PLANE('',#11125);
#11125 = AXIS2_PLACEMENT_3D('',#11126,#11127,#11128);
#11126 = CARTESIAN_POINT('',(-1.5,-11.,6.));
#11127 = DIRECTION('',(0.,0.,1.));
#11128 = DIRECTION('',(1.,0.,-0.));
#11129 = ADVANCED_FACE('',(#11130),#11141,.T.);
#11130 = FACE_BOUND('',#11131,.T.);
#11131 = EDGE_LOOP('',(#11132,#11133,#11134,#11135));
#11132 = ORIENTED_EDGE('',*,*,#10954,.F.);
#11133 = ORIENTED_EDGE('',*,*,#11102,.F.);
#11134 = ORIENTED_EDGE('',*,*,#10876,.T.);
#11135 = ORIENTED_EDGE('',*,*,#11136,.T.);
#11136 = EDGE_CURVE('',#10877,#10955,#11137,.T.);
#11137 = LINE('',#11138,#11139);
#11138 = CARTESIAN_POINT('',(-7.586206896552,11.,-5.));
#11139 = VECTOR('',#11140,1.);
#11140 = DIRECTION('',(1.,0.,-0.));
#11141 = PLANE('',#11142);
#11142 = AXIS2_PLACEMENT_3D('',#11143,#11144,#11145);
#11143 = CARTESIAN_POINT('',(-1.5,11.,-6.));
#11144 = DIRECTION('',(-0.,1.,0.));
#11145 = DIRECTION('',(0.,0.,1.));
#11146 = ADVANCED_FACE('',(#11147),#11158,.T.);
#11147 = FACE_BOUND('',#11148,.T.);
#11148 = EDGE_LOOP('',(#11149,#11155,#11156,#11157));
#11149 = ORIENTED_EDGE('',*,*,#11150,.F.);
#11150 = EDGE_CURVE('',#11069,#11000,#11151,.T.);
#11151 = LINE('',#11152,#11153);
#11152 = CARTESIAN_POINT('',(-7.586206896552,11.,5.));
#11153 = VECTOR('',#11154,1.);
#11154 = DIRECTION('',(1.,0.,-0.));
#11155 = ORIENTED_EDGE('',*,*,#11076,.T.);
#11156 = ORIENTED_EDGE('',*,*,#11119,.T.);
#11157 = ORIENTED_EDGE('',*,*,#11007,.F.);
#11158 = PLANE('',#11159);
#11159 = AXIS2_PLACEMENT_3D('',#11160,#11161,#11162);
#11160 = CARTESIAN_POINT('',(-1.5,11.,4.5));
#11161 = DIRECTION('',(-0.,1.,0.));
#11162 = DIRECTION('',(0.,0.,1.));
#11163 = ADVANCED_FACE('',(#11164),#11205,.F.);
#11164 = FACE_BOUND('',#11165,.F.);
#11165 = EDGE_LOOP('',(#11166,#11176,#11182,#11183,#11191,#11199));
#11166 = ORIENTED_EDGE('',*,*,#11167,.F.);
#11167 = EDGE_CURVE('',#11168,#11170,#11172,.T.);
#11168 = VERTEX_POINT('',#11169);
#11169 = CARTESIAN_POINT('',(-7.586206896552,11.,-5.));
#11170 = VERTEX_POINT('',#11171);
#11171 = CARTESIAN_POINT('',(-7.586206896552,12.5,-5.));
#11172 = LINE('',#11173,#11174);
#11173 = CARTESIAN_POINT('',(-7.586206896552,11.,-5.));
#11174 = VECTOR('',#11175,1.);
#11175 = DIRECTION('',(-0.,1.,0.));
#11176 = ORIENTED_EDGE('',*,*,#11177,.T.);
#11177 = EDGE_CURVE('',#11168,#10877,#11178,.T.);
#11178 = LINE('',#11179,#11180);
#11179 = CARTESIAN_POINT('',(-7.586206896552,11.,-5.));
#11180 = VECTOR('',#11181,1.);
#11181 = DIRECTION('',(1.,0.,-0.));
#11182 = ORIENTED_EDGE('',*,*,#11136,.T.);
#11183 = ORIENTED_EDGE('',*,*,#11184,.T.);
#11184 = EDGE_CURVE('',#10955,#11185,#11187,.T.);
#11185 = VERTEX_POINT('',#11186);
#11186 = CARTESIAN_POINT('',(7.586206896552,11.,-5.));
#11187 = LINE('',#11188,#11189);
#11188 = CARTESIAN_POINT('',(-7.586206896552,11.,-5.));
#11189 = VECTOR('',#11190,1.);
#11190 = DIRECTION('',(1.,0.,-0.));
#11191 = ORIENTED_EDGE('',*,*,#11192,.T.);
#11192 = EDGE_CURVE('',#11185,#11193,#11195,.T.);
#11193 = VERTEX_POINT('',#11194);
#11194 = CARTESIAN_POINT('',(7.586206896552,12.5,-5.));
#11195 = LINE('',#11196,#11197);
#11196 = CARTESIAN_POINT('',(7.586206896552,11.,-5.));
#11197 = VECTOR('',#11198,1.);
#11198 = DIRECTION('',(-0.,1.,0.));
#11199 = ORIENTED_EDGE('',*,*,#11200,.F.);
#11200 = EDGE_CURVE('',#11170,#11193,#11201,.T.);
#11201 = LINE('',#11202,#11203);
#11202 = CARTESIAN_POINT('',(-7.586206896552,12.5,-5.));
#11203 = VECTOR('',#11204,1.);
#11204 = DIRECTION('',(1.,0.,-0.));
#11205 = PLANE('',#11206);
#11206 = AXIS2_PLACEMENT_3D('',#11207,#11208,#11209);
#11207 = CARTESIAN_POINT('',(-7.586206896552,11.,-5.));
#11208 = DIRECTION('',(0.,0.,1.));
#11209 = DIRECTION('',(1.,0.,-0.));
#11210 = ADVANCED_FACE('',(#11211),#11252,.T.);
#11211 = FACE_BOUND('',#11212,.T.);
#11212 = EDGE_LOOP('',(#11213,#11223,#11229,#11230,#11238,#11246));
#11213 = ORIENTED_EDGE('',*,*,#11214,.F.);
#11214 = EDGE_CURVE('',#11215,#11217,#11219,.T.);
#11215 = VERTEX_POINT('',#11216);
#11216 = CARTESIAN_POINT('',(-7.586206896552,11.,5.));
#11217 = VERTEX_POINT('',#11218);
#11218 = CARTESIAN_POINT('',(-7.586206896552,12.5,5.));
#11219 = LINE('',#11220,#11221);
#11220 = CARTESIAN_POINT('',(-7.586206896552,11.,5.));
#11221 = VECTOR('',#11222,1.);
#11222 = DIRECTION('',(-0.,1.,0.));
#11223 = ORIENTED_EDGE('',*,*,#11224,.T.);
#11224 = EDGE_CURVE('',#11215,#11069,#11225,.T.);
#11225 = LINE('',#11226,#11227);
#11226 = CARTESIAN_POINT('',(-7.586206896552,11.,5.));
#11227 = VECTOR('',#11228,1.);
#11228 = DIRECTION('',(1.,0.,-0.));
#11229 = ORIENTED_EDGE('',*,*,#11150,.T.);
#11230 = ORIENTED_EDGE('',*,*,#11231,.T.);
#11231 = EDGE_CURVE('',#11000,#11232,#11234,.T.);
#11232 = VERTEX_POINT('',#11233);
#11233 = CARTESIAN_POINT('',(7.586206896552,11.,5.));
#11234 = LINE('',#11235,#11236);
#11235 = CARTESIAN_POINT('',(-7.586206896552,11.,5.));
#11236 = VECTOR('',#11237,1.);
#11237 = DIRECTION('',(1.,0.,-0.));
#11238 = ORIENTED_EDGE('',*,*,#11239,.T.);
#11239 = EDGE_CURVE('',#11232,#11240,#11242,.T.);
#11240 = VERTEX_POINT('',#11241);
#11241 = CARTESIAN_POINT('',(7.586206896552,12.5,5.));
#11242 = LINE('',#11243,#11244);
#11243 = CARTESIAN_POINT('',(7.586206896552,11.,5.));
#11244 = VECTOR('',#11245,1.);
#11245 = DIRECTION('',(-0.,1.,0.));
#11246 = ORIENTED_EDGE('',*,*,#11247,.F.);
#11247 = EDGE_CURVE('',#11217,#11240,#11248,.T.);
#11248 = LINE('',#11249,#11250);
#11249 = CARTESIAN_POINT('',(-7.586206896552,12.5,5.));
#11250 = VECTOR('',#11251,1.);
#11251 = DIRECTION('',(1.,0.,-0.));
#11252 = PLANE('',#11253);
#11253 = AXIS2_PLACEMENT_3D('',#11254,#11255,#11256);
#11254 = CARTESIAN_POINT('',(-7.586206896552,11.,5.));
#11255 = DIRECTION('',(0.,0.,1.));
#11256 = DIRECTION('',(1.,0.,-0.));
#11257 = ADVANCED_FACE('',(#11258),#11276,.T.);
#11258 = FACE_BOUND('',#11259,.T.);
#11259 = EDGE_LOOP('',(#11260,#11261,#11268,#11269));
#11260 = ORIENTED_EDGE('',*,*,#11214,.T.);
#11261 = ORIENTED_EDGE('',*,*,#11262,.F.);
#11262 = EDGE_CURVE('',#11170,#11217,#11263,.T.);
#11263 = CIRCLE('',#11264,5.);
#11264 = AXIS2_PLACEMENT_3D('',#11265,#11266,#11267);
#11265 = CARTESIAN_POINT('',(-7.586206896552,12.5,0.));
#11266 = DIRECTION('',(0.,1.,0.));
#11267 = DIRECTION('',(0.,-0.,1.));
#11268 = ORIENTED_EDGE('',*,*,#11167,.F.);
#11269 = ORIENTED_EDGE('',*,*,#11270,.T.);
#11270 = EDGE_CURVE('',#11168,#11215,#11271,.T.);
#11271 = CIRCLE('',#11272,5.);
#11272 = AXIS2_PLACEMENT_3D('',#11273,#11274,#11275);
#11273 = CARTESIAN_POINT('',(-7.586206896552,11.,0.));
#11274 = DIRECTION('',(0.,1.,0.));
#11275 = DIRECTION('',(0.,-0.,1.));
#11276 = CYLINDRICAL_SURFACE('',#11277,5.);
#11277 = AXIS2_PLACEMENT_3D('',#11278,#11279,#11280);
#11278 = CARTESIAN_POINT('',(-7.586206896552,11.,0.));
#11279 = DIRECTION('',(0.,1.,0.));
#11280 = DIRECTION('',(0.,-0.,1.));
#11281 = ADVANCED_FACE('',(#11282),#11300,.T.);
#11282 = FACE_BOUND('',#11283,.T.);
#11283 = EDGE_LOOP('',(#11284,#11291,#11292,#11299));
#11284 = ORIENTED_EDGE('',*,*,#11285,.F.);
#11285 = EDGE_CURVE('',#11240,#11193,#11286,.T.);
#11286 = CIRCLE('',#11287,5.);
#11287 = AXIS2_PLACEMENT_3D('',#11288,#11289,#11290);
#11288 = CARTESIAN_POINT('',(7.586206896552,12.5,0.));
#11289 = DIRECTION('',(0.,1.,0.));
#11290 = DIRECTION('',(0.,-0.,1.));
#11291 = ORIENTED_EDGE('',*,*,#11239,.F.);
#11292 = ORIENTED_EDGE('',*,*,#11293,.T.);
#11293 = EDGE_CURVE('',#11232,#11185,#11294,.T.);
#11294 = CIRCLE('',#11295,5.);
#11295 = AXIS2_PLACEMENT_3D('',#11296,#11297,#11298);
#11296 = CARTESIAN_POINT('',(7.586206896552,11.,0.));
#11297 = DIRECTION('',(0.,1.,0.));
#11298 = DIRECTION('',(0.,-0.,1.));
#11299 = ORIENTED_EDGE('',*,*,#11192,.T.);
#11300 = CYLINDRICAL_SURFACE('',#11301,5.);
#11301 = AXIS2_PLACEMENT_3D('',#11302,#11303,#11304);
#11302 = CARTESIAN_POINT('',(7.586206896552,11.,0.));
#11303 = DIRECTION('',(0.,1.,0.));
#11304 = DIRECTION('',(0.,-0.,1.));
#11305 = ADVANCED_FACE('',(#11306),#11312,.T.);
#11306 = FACE_BOUND('',#11307,.T.);
#11307 = EDGE_LOOP('',(#11308,#11309,#11310,#11311));
#11308 = ORIENTED_EDGE('',*,*,#10735,.T.);
#11309 = ORIENTED_EDGE('',*,*,#10820,.F.);
#11310 = ORIENTED_EDGE('',*,*,#10655,.F.);
#11311 = ORIENTED_EDGE('',*,*,#10719,.F.);
#11312 = PLANE('',#11313);
#11313 = AXIS2_PLACEMENT_3D('',#11314,#11315,#11316);
#11314 = CARTESIAN_POINT('',(-6.476089505928E-16,-12.5,
    -2.354941638519E-16));
#11315 = DIRECTION('',(-0.,-1.,-0.));
#11316 = DIRECTION('',(0.,0.,-1.));
#11317 = ADVANCED_FACE('',(#11318),#11332,.T.);
#11318 = FACE_BOUND('',#11319,.T.);
#11319 = EDGE_LOOP('',(#11320,#11321,#11322,#11323,#11324,#11325,#11326,
    #11327,#11328,#11329,#11330,#11331));
#11320 = ORIENTED_EDGE('',*,*,#10767,.F.);
#11321 = ORIENTED_EDGE('',*,*,#10702,.T.);
#11322 = ORIENTED_EDGE('',*,*,#10687,.T.);
#11323 = ORIENTED_EDGE('',*,*,#11061,.F.);
#11324 = ORIENTED_EDGE('',*,*,#11040,.T.);
#11325 = ORIENTED_EDGE('',*,*,#10983,.T.);
#11326 = ORIENTED_EDGE('',*,*,#10671,.T.);
#11327 = ORIENTED_EDGE('',*,*,#10812,.T.);
#11328 = ORIENTED_EDGE('',*,*,#10751,.F.);
#11329 = ORIENTED_EDGE('',*,*,#10969,.T.);
#11330 = ORIENTED_EDGE('',*,*,#10915,.F.);
#11331 = ORIENTED_EDGE('',*,*,#10900,.F.);
#11332 = PLANE('',#11333);
#11333 = AXIS2_PLACEMENT_3D('',#11334,#11335,#11336);
#11334 = CARTESIAN_POINT('',(1.139697972182E-16,-11.,-2.279395944363E-16
    ));
#11335 = DIRECTION('',(0.,1.,0.));
#11336 = DIRECTION('',(0.,-0.,1.));
#11337 = ADVANCED_FACE('',(#11338),#11352,.T.);
#11338 = FACE_BOUND('',#11339,.T.);
#11339 = EDGE_LOOP('',(#11340,#11341,#11342,#11343,#11344,#11345,#11346,
    #11347,#11348,#11349,#11350,#11351));
#11340 = ORIENTED_EDGE('',*,*,#11177,.T.);
#11341 = ORIENTED_EDGE('',*,*,#10884,.T.);
#11342 = ORIENTED_EDGE('',*,*,#10931,.T.);
#11343 = ORIENTED_EDGE('',*,*,#10962,.F.);
#11344 = ORIENTED_EDGE('',*,*,#11184,.T.);
#11345 = ORIENTED_EDGE('',*,*,#11293,.F.);
#11346 = ORIENTED_EDGE('',*,*,#11231,.F.);
#11347 = ORIENTED_EDGE('',*,*,#10999,.F.);
#11348 = ORIENTED_EDGE('',*,*,#11047,.F.);
#11349 = ORIENTED_EDGE('',*,*,#11068,.T.);
#11350 = ORIENTED_EDGE('',*,*,#11224,.F.);
#11351 = ORIENTED_EDGE('',*,*,#11270,.F.);
#11352 = PLANE('',#11353);
#11353 = AXIS2_PLACEMENT_3D('',#11354,#11355,#11356);
#11354 = CARTESIAN_POINT('',(-6.268338846999E-16,11.,-2.279395944363E-16
    ));
#11355 = DIRECTION('',(-0.,-1.,-0.));
#11356 = DIRECTION('',(0.,0.,-1.));
#11357 = ADVANCED_FACE('',(#11358),#11364,.T.);
#11358 = FACE_BOUND('',#11359,.T.);
#11359 = EDGE_LOOP('',(#11360,#11361,#11362,#11363));
#11360 = ORIENTED_EDGE('',*,*,#11200,.F.);
#11361 = ORIENTED_EDGE('',*,*,#11262,.T.);
#11362 = ORIENTED_EDGE('',*,*,#11247,.T.);
#11363 = ORIENTED_EDGE('',*,*,#11285,.T.);
#11364 = PLANE('',#11365);
#11365 = AXIS2_PLACEMENT_3D('',#11366,#11367,#11368);
#11366 = CARTESIAN_POINT('',(-3.532412457779E-16,12.5,8.831031144447E-17
    ));
#11367 = DIRECTION('',(0.,1.,0.));
#11368 = DIRECTION('',(0.,-0.,1.));
#11369 = ( GEOMETRIC_REPRESENTATION_CONTEXT(3) 
GLOBAL_UNCERTAINTY_ASSIGNED_CONTEXT((#11373)) 
GLOBAL_UNIT_ASSIGNED_CONTEXT((#11370,#11371,#11372)) 
REPRESENTATION_CONTEXT('Context #1',
  '3D Context with UNIT and UNCERTAINTY') );
#11370 = ( LENGTH_UNIT() NAMED_UNIT(*) SI_UNIT(.MILLI.,.METRE.) );
#11371 = ( NAMED_UNIT(*) PLANE_ANGLE_UNIT() SI_UNIT($,.RADIAN.) );
#11372 = ( NAMED_UNIT(*) SI_UNIT($,.STERADIAN.) SOLID_ANGLE_UNIT() );
#11373 = UNCERTAINTY_MEASURE_WITH_UNIT(LENGTH_MEASURE(1.E-07),#11370,
  'distance_accuracy_value','confusion accuracy');
#11374 = CONTEXT_DEPENDENT_SHAPE_REPRESENTATION(#11375,#11377);
#11375 = ( REPRESENTATION_RELATIONSHIP('','',#10638,#10) 
REPRESENTATION_RELATIONSHIP_WITH_TRANSFORMATION(#11376) 
SHAPE_REPRESENTATION_RELATIONSHIP() );
#11376 = ITEM_DEFINED_TRANSFORMATION('','',#11,#71);
#11377 = PRODUCT_DEFINITION_SHAPE('Placement','Placement of an item',
  #11378);
#11378 = NEXT_ASSEMBLY_USAGE_OCCURRENCE('15','link_14','',#5,#10633,$);
#11379 = PRODUCT_RELATED_PRODUCT_CATEGORY('part',$,(#10635));
#11380 = SHAPE_DEFINITION_REPRESENTATION(#11381,#11387);
#11381 = PRODUCT_DEFINITION_SHAPE('','',#11382);
#11382 = PRODUCT_DEFINITION('design','',#11383,#11386);
#11383 = PRODUCT_DEFINITION_FORMATION('','',#11384);
#11384 = PRODUCT('link_15','link_15','',(#11385));
#11385 = PRODUCT_CONTEXT('',#2,'mechanical');
#11386 = PRODUCT_DEFINITION_CONTEXT('part definition',#2,'design');
#11387 = ADVANCED_BREP_SHAPE_REPRESENTATION('',(#11,#11388),#12118);
#11388 = MANIFOLD_SOLID_BREP('',#11389);
#11389 = CLOSED_SHELL('',(#11390,#11446,#11479,#11526,#11557,#11581,
    #11612,#11659,#11690,#11728,#11775,#11806,#11844,#11861,#11878,
    #11895,#11912,#11959,#12006,#12030,#12054,#12066,#12086,#12106));
#11390 = ADVANCED_FACE('',(#11391),#11441,.T.);
#11391 = FACE_BOUND('',#11392,.T.);
#11392 = EDGE_LOOP('',(#11393,#11403,#11411,#11419,#11427,#11435));
#11393 = ORIENTED_EDGE('',*,*,#11394,.F.);
#11394 = EDGE_CURVE('',#11395,#11397,#11399,.T.);
#11395 = VERTEX_POINT('',#11396);
#11396 = CARTESIAN_POINT('',(-7.586206896552,-12.5,5.));
#11397 = VERTEX_POINT('',#11398);
#11398 = CARTESIAN_POINT('',(-7.586206896552,-11.,5.));
#11399 = LINE('',#11400,#11401);
#11400 = CARTESIAN_POINT('',(-7.586206896552,-12.5,5.));
#11401 = VECTOR('',#11402,1.);
#11402 = DIRECTION('',(-0.,1.,0.));
#11403 = ORIENTED_EDGE('',*,*,#11404,.T.);
#11404 = EDGE_CURVE('',#11395,#11405,#11407,.T.);
#11405 = VERTEX_POINT('',#11406);
#11406 = CARTESIAN_POINT('',(7.586206896552,-12.5,5.));
#11407 = LINE('',#11408,#11409);
#11408 = CARTESIAN_POINT('',(-7.586206896552,-12.5,5.));
#11409 = VECTOR('',#11410,1.);
#11410 = DIRECTION('',(1.,0.,-0.));
#11411 = ORIENTED_EDGE('',*,*,#11412,.T.);
#11412 = EDGE_CURVE('',#11405,#11413,#11415,.T.);
#11413 = VERTEX_POINT('',#11414);
#11414 = CARTESIAN_POINT('',(7.586206896552,-11.,5.));
#11415 = LINE('',#11416,#11417);
#11416 = CARTESIAN_POINT('',(7.586206896552,-12.5,5.));
#11417 = VECTOR('',#11418,1.);
#11418 = DIRECTION('',(-0.,1.,0.));
#11419 = ORIENTED_EDGE('',*,*,#11420,.F.);
#11420 = EDGE_CURVE('',#11421,#11413,#11423,.T.);
#11421 = VERTEX_POINT('',#11422);
#11422 = CARTESIAN_POINT('',(1.5,-11.,5.));
#11423 = LINE('',#11424,#11425);
#11424 = CARTESIAN_POINT('',(-7.586206896552,-11.,5.));
#11425 = VECTOR('',#11426,1.);
#11426 = DIRECTION('',(1.,0.,-0.));
#11427 = ORIENTED_EDGE('',*,*,#11428,.F.);
#11428 = EDGE_CURVE('',#11429,#11421,#11431,.T.);
#11429 = VERTEX_POINT('',#11430);
#11430 = CARTESIAN_POINT('',(-1.5,-11.,5.));
#11431 = LINE('',#11432,#11433);
#11432 = CARTESIAN_POINT('',(-7.586206896552,-11.,5.));
#11433 = VECTOR('',#11434,1.);
#11434 = DIRECTION('',(1.,0.,-0.));
#11435 = ORIENTED_EDGE('',*,*,#11436,.F.);
#11436 = EDGE_CURVE('',#11397,#11429,#11437,.T.);
#11437 = LINE('',#11438,#11439);
#11438 = CARTESIAN_POINT('',(-7.586206896552,-11.,5.));
#11439 = VECTOR('',#11440,1.);
#11440 = DIRECTION('',(1.,0.,-0.));
#11441 = PLANE('',#11442);
#11442 = AXIS2_PLACEMENT_3D('',#11443,#11444,#11445);
#11443 = CARTESIAN_POINT('',(-7.586206896552,-12.5,5.));
#11444 = DIRECTION('',(0.,0.,1.));
#11445 = DIRECTION('',(1.,0.,-0.));
#11446 = ADVANCED_FACE('',(#11447),#11474,.T.);
#11447 = FACE_BOUND('',#11448,.T.);
#11448 = EDGE_LOOP('',(#11449,#11450,#11459,#11467));
#11449 = ORIENTED_EDGE('',*,*,#11394,.T.);
#11450 = ORIENTED_EDGE('',*,*,#11451,.F.);
#11451 = EDGE_CURVE('',#11452,#11397,#11454,.T.);
#11452 = VERTEX_POINT('',#11453);
#11453 = CARTESIAN_POINT('',(-7.586206896552,-11.,-5.));
#11454 = CIRCLE('',#11455,5.);
#11455 = AXIS2_PLACEMENT_3D('',#11456,#11457,#11458);
#11456 = CARTESIAN_POINT('',(-7.586206896552,-11.,0.));
#11457 = DIRECTION('',(0.,1.,0.));
#11458 = DIRECTION('',(0.,-0.,1.));
#11459 = ORIENTED_EDGE('',*,*,#11460,.F.);
#11460 = EDGE_CURVE('',#11461,#11452,#11463,.T.);
#11461 = VERTEX_POINT('',#11462);
#11462 = CARTESIAN_POINT('',(-7.586206896552,-12.5,-5.));
#11463 = LINE('',#11464,#11465);
#11464 = CARTESIAN_POINT('',(-7.586206896552,-12.5,-5.));
#11465 = VECTOR('',#11466,1.);
#11466 = DIRECTION('',(-0.,1.,0.));
#11467 = ORIENTED_EDGE('',*,*,#11468,.T.);
#11468 = EDGE_CURVE('',#11461,#11395,#11469,.T.);
#11469 = CIRCLE('',#11470,5.);
#11470 = AXIS2_PLACEMENT_3D('',#11471,#11472,#11473);
#11471 = CARTESIAN_POINT('',(-7.586206896552,-12.5,0.));
#11472 = DIRECTION('',(0.,1.,0.));
#11473 = DIRECTION('',(0.,-0.,1.));
#11474 = CYLINDRICAL_SURFACE('',#11475,5.);
#11475 = AXIS2_PLACEMENT_3D('',#11476,#11477,#11478);
#11476 = CARTESIAN_POINT('',(-7.586206896552,-12.5,0.));
#11477 = DIRECTION('',(0.,1.,0.));
#11478 = DIRECTION('',(0.,-0.,1.));
#11479 = ADVANCED_FACE('',(#11480),#11521,.F.);
#11480 = FACE_BOUND('',#11481,.F.);
#11481 = EDGE_LOOP('',(#11482,#11483,#11491,#11499,#11507,#11515));
#11482 = ORIENTED_EDGE('',*,*,#11460,.F.);
#11483 = ORIENTED_EDGE('',*,*,#11484,.T.);
#11484 = EDGE_CURVE('',#11461,#11485,#11487,.T.);
#11485 = VERTEX_POINT('',#11486);
#11486 = CARTESIAN_POINT('',(7.586206896552,-12.5,-5.));
#11487 = LINE('',#11488,#11489);
#11488 = CARTESIAN_POINT('',(-7.586206896552,-12.5,-5.));
#11489 = VECTOR('',#11490,1.);
#11490 = DIRECTION('',(1.,0.,-0.));
#11491 = ORIENTED_EDGE('',*,*,#11492,.T.);
#11492 = EDGE_CURVE('',#11485,#11493,#11495,.T.);
#11493 = VERTEX_POINT('',#11494);
#11494 = CARTESIAN_POINT('',(7.586206896552,-11.,-5.));
#11495 = LINE('',#11496,#11497);
#11496 = CARTESIAN_POINT('',(7.586206896552,-12.5,-5.));
#11497 = VECTOR('',#11498,1.);
#11498 = DIRECTION('',(-0.,1.,0.));
#11499 = ORIENTED_EDGE('',*,*,#11500,.F.);
#11500 = EDGE_CURVE('',#11501,#11493,#11503,.T.);
#11501 = VERTEX_POINT('',#11502);
#11502 = CARTESIAN_POINT('',(1.5,-11.,-5.));
#11503 = LINE('',#11504,#11505);
#11504 = CARTESIAN_POINT('',(-7.586206896552,-11.,-5.));
#11505 = VECTOR('',#11506,1.);
#11506 = DIRECTION('',(1.,0.,-0.));
#11507 = ORIENTED_EDGE('',*,*,#11508,.F.);
#11508 = EDGE_CURVE('',#11509,#11501,#11511,.T.);
#11509 = VERTEX_POINT('',#11510);
#11510 = CARTESIAN_POINT('',(-1.5,-11.,-5.));
#11511 = LINE('',#11512,#11513);
#11512 = CARTESIAN_POINT('',(-7.586206896552,-11.,-5.));
#11513 = VECTOR('',#11514,1.);
#11514 = DIRECTION('',(1.,0.,-0.));
#11515 = ORIENTED_EDGE('',*,*,#11516,.F.);
#11516 = EDGE_CURVE('',#11452,#11509,#11517,.T.);
#11517 = LINE('',#11518,#11519);
#11518 = CARTESIAN_POINT('',(-7.586206896552,-11.,-5.));
#11519 = VECTOR('',#11520,1.);
#11520 = DIRECTION('',(1.,0.,-0.));
#11521 = PLANE('',#11522);
#11522 = AXIS2_PLACEMENT_3D('',#11523,#11524,#11525);
#11523 = CARTESIAN_POINT('',(-7.586206896552,-12.5,-5.));
#11524 = DIRECTION('',(0.,0.,1.));
#11525 = DIRECTION('',(1.,0.,-0.));
#11526 = ADVANCED_FACE('',(#11527),#11552,.F.);
#11527 = FACE_BOUND('',#11528,.F.);
#11528 = EDGE_LOOP('',(#11529,#11537,#11545,#11551));
#11529 = ORIENTED_EDGE('',*,*,#11530,.F.);
#11530 = EDGE_CURVE('',#11531,#11501,#11533,.T.);
#11531 = VERTEX_POINT('',#11532);
#11532 = CARTESIAN_POINT('',(1.5,-11.,-6.));
#11533 = LINE('',#11534,#11535);
#11534 = CARTESIAN_POINT('',(1.5,-11.,-6.));
#11535 = VECTOR('',#11536,1.);
#11536 = DIRECTION('',(0.,0.,1.));
#11537 = ORIENTED_EDGE('',*,*,#11538,.F.);
#11538 = EDGE_CURVE('',#11539,#11531,#11541,.T.);
#11539 = VERTEX_POINT('',#11540);
#11540 = CARTESIAN_POINT('',(-1.5,-11.,-6.));
#11541 = LINE('',#11542,#11543);
#11542 = CARTESIAN_POINT('',(-1.5,-11.,-6.));
#11543 = VECTOR('',#11544,1.);
#11544 = DIRECTION('',(1.,0.,-0.));
#11545 = ORIENTED_EDGE('',*,*,#11546,.T.);
#11546 = EDGE_CURVE('',#11539,#11509,#11547,.T.);
#11547 = LINE('',#11548,#11549);
#11548 = CARTESIAN_POINT('',(-1.5,-11.,-6.));
#11549 = VECTOR('',#11550,1.);
#11550 = DIRECTION('',(0.,0.,1.));
#11551 = ORIENTED_EDGE('',*,*,#11508,.T.);
#11552 = PLANE('',#11553);
#11553 = AXIS2_PLACEMENT_3D('',#11554,#11555,#11556);
#11554 = CARTESIAN_POINT('',(-1.5,-11.,-6.));
#11555 = DIRECTION('',(-0.,1.,0.));
#11556 = DIRECTION('',(0.,0.,1.));
#11557 = ADVANCED_FACE('',(#11558),#11576,.T.);
#11558 = FACE_BOUND('',#11559,.T.);
#11559 = EDGE_LOOP('',(#11560,#11567,#11568,#11575));
#11560 = ORIENTED_EDGE('',*,*,#11561,.F.);
#11561 = EDGE_CURVE('',#11413,#11493,#11562,.T.);
#11562 = CIRCLE('',#11563,5.);
#11563 = AXIS2_PLACEMENT_3D('',#11564,#11565,#11566);
#11564 = CARTESIAN_POINT('',(7.586206896552,-11.,0.));
#11565 = DIRECTION('',(0.,1.,0.));
#11566 = DIRECTION('',(0.,-0.,1.));
#11567 = ORIENTED_EDGE('',*,*,#11412,.F.);
#11568 = ORIENTED_EDGE('',*,*,#11569,.T.);
#11569 = EDGE_CURVE('',#11405,#11485,#11570,.T.);
#11570 = CIRCLE('',#11571,5.);
#11571 = AXIS2_PLACEMENT_3D('',#11572,#11573,#11574);
#11572 = CARTESIAN_POINT('',(7.586206896552,-12.5,0.));
#11573 = DIRECTION('',(0.,1.,0.));
#11574 = DIRECTION('',(0.,-0.,1.));
#11575 = ORIENTED_EDGE('',*,*,#11492,.T.);
#11576 = CYLINDRICAL_SURFACE('',#11577,5.);
#11577 = AXIS2_PLACEMENT_3D('',#11578,#11579,#11580);
#11578 = CARTESIAN_POINT('',(7.586206896552,-12.5,0.));
#11579 = DIRECTION('',(0.,1.,0.));
#11580 = DIRECTION('',(0.,-0.,1.));
#11581 = ADVANCED_FACE('',(#11582),#11607,.F.);
#11582 = FACE_BOUND('',#11583,.F.);
#11583 = EDGE_LOOP('',(#11584,#11585,#11593,#11601));
#11584 = ORIENTED_EDGE('',*,*,#11428,.F.);
#11585 = ORIENTED_EDGE('',*,*,#11586,.T.);
#11586 = EDGE_CURVE('',#11429,#11587,#11589,.T.);
#11587 = VERTEX_POINT('',#11588);
#11588 = CARTESIAN_POINT('',(-1.5,-11.,6.));
#11589 = LINE('',#11590,#11591);
#11590 = CARTESIAN_POINT('',(-1.5,-11.,4.5));
#11591 = VECTOR('',#11592,1.);
#11592 = DIRECTION('',(0.,0.,1.));
#11593 = ORIENTED_EDGE('',*,*,#11594,.T.);
#11594 = EDGE_CURVE('',#11587,#11595,#11597,.T.);
#11595 = VERTEX_POINT('',#11596);
#11596 = CARTESIAN_POINT('',(1.5,-11.,6.));
#11597 = LINE('',#11598,#11599);
#11598 = CARTESIAN_POINT('',(-1.5,-11.,6.));
#11599 = VECTOR('',#11600,1.);
#11600 = DIRECTION('',(1.,0.,-0.));
#11601 = ORIENTED_EDGE('',*,*,#11602,.F.);
#11602 = EDGE_CURVE('',#11421,#11595,#11603,.T.);
#11603 = LINE('',#11604,#11605);
#11604 = CARTESIAN_POINT('',(1.5,-11.,4.5));
#11605 = VECTOR('',#11606,1.);
#11606 = DIRECTION('',(0.,0.,1.));
#11607 = PLANE('',#11608);
#11608 = AXIS2_PLACEMENT_3D('',#11609,#11610,#11611);
#11609 = CARTESIAN_POINT('',(-1.5,-11.,4.5));
#11610 = DIRECTION('',(-0.,1.,0.));
#11611 = DIRECTION('',(0.,0.,1.));
#11612 = ADVANCED_FACE('',(#11613),#11654,.F.);
#11613 = FACE_BOUND('',#11614,.F.);
#11614 = EDGE_LOOP('',(#11615,#11616,#11624,#11632,#11640,#11648));
#11615 = ORIENTED_EDGE('',*,*,#11546,.F.);
#11616 = ORIENTED_EDGE('',*,*,#11617,.T.);
#11617 = EDGE_CURVE('',#11539,#11618,#11620,.T.);
#11618 = VERTEX_POINT('',#11619);
#11619 = CARTESIAN_POINT('',(-1.5,11.,-6.));
#11620 = LINE('',#11621,#11622);
#11621 = CARTESIAN_POINT('',(-1.5,-11.,-6.));
#11622 = VECTOR('',#11623,1.);
#11623 = DIRECTION('',(-0.,1.,0.));
#11624 = ORIENTED_EDGE('',*,*,#11625,.T.);
#11625 = EDGE_CURVE('',#11618,#11626,#11628,.T.);
#11626 = VERTEX_POINT('',#11627);
#11627 = CARTESIAN_POINT('',(-1.5,11.,-5.));
#11628 = LINE('',#11629,#11630);
#11629 = CARTESIAN_POINT('',(-1.5,11.,-6.));
#11630 = VECTOR('',#11631,1.);
#11631 = DIRECTION('',(0.,0.,1.));
#11632 = ORIENTED_EDGE('',*,*,#11633,.T.);
#11633 = EDGE_CURVE('',#11626,#11634,#11636,.T.);
#11634 = VERTEX_POINT('',#11635);
#11635 = CARTESIAN_POINT('',(-1.5,11.,-4.5));
#11636 = LINE('',#11637,#11638);
#11637 = CARTESIAN_POINT('',(-1.5,11.,-6.));
#11638 = VECTOR('',#11639,1.);
#11639 = DIRECTION('',(0.,0.,1.));
#11640 = ORIENTED_EDGE('',*,*,#11641,.F.);
#11641 = EDGE_CURVE('',#11642,#11634,#11644,.T.);
#11642 = VERTEX_POINT('',#11643);
#11643 = CARTESIAN_POINT('',(-1.5,-11.,-4.5));
#11644 = LINE('',#11645,#11646);
#11645 = CARTESIAN_POINT('',(-1.5,-11.,-4.5));
#11646 = VECTOR('',#11647,1.);
#11647 = DIRECTION('',(-0.,1.,0.));
#11648 = ORIENTED_EDGE('',*,*,#11649,.F.);
#11649 = EDGE_CURVE('',#11509,#11642,#11650,.T.);
#11650 = LINE('',#11651,#11652);
#11651 = CARTESIAN_POINT('',(-1.5,-11.,-6.));
#11652 = VECTOR('',#11653,1.);
#11653 = DIRECTION('',(0.,0.,1.));
#11654 = PLANE('',#11655);
#11655 = AXIS2_PLACEMENT_3D('',#11656,#11657,#11658);
#11656 = CARTESIAN_POINT('',(-1.5,-11.,-6.));
#11657 = DIRECTION('',(1.,0.,-0.));
#11658 = DIRECTION('',(0.,0.,1.));
#11659 = ADVANCED_FACE('',(#11660),#11685,.T.);
#11660 = FACE_BOUND('',#11661,.T.);
#11661 = EDGE_LOOP('',(#11662,#11663,#11671,#11679));
#11662 = ORIENTED_EDGE('',*,*,#11641,.F.);
#11663 = ORIENTED_EDGE('',*,*,#11664,.T.);
#11664 = EDGE_CURVE('',#11642,#11665,#11667,.T.);
#11665 = VERTEX_POINT('',#11666);
#11666 = CARTESIAN_POINT('',(1.5,-11.,-4.5));
#11667 = LINE('',#11668,#11669);
#11668 = CARTESIAN_POINT('',(-1.5,-11.,-4.5));
#11669 = VECTOR('',#11670,1.);
#11670 = DIRECTION('',(1.,0.,-0.));
#11671 = ORIENTED_EDGE('',*,*,#11672,.T.);
#11672 = EDGE_CURVE('',#11665,#11673,#11675,.T.);
#11673 = VERTEX_POINT('',#11674);
#11674 = CARTESIAN_POINT('',(1.5,11.,-4.5));
#11675 = LINE('',#11676,#11677);
#11676 = CARTESIAN_POINT('',(1.5,-11.,-4.5));
#11677 = VECTOR('',#11678,1.);
#11678 = DIRECTION('',(-0.,1.,0.));
#11679 = ORIENTED_EDGE('',*,*,#11680,.F.);
#11680 = EDGE_CURVE('',#11634,#11673,#11681,.T.);
#11681 = LINE('',#11682,#11683);
#11682 = CARTESIAN_POINT('',(-1.5,11.,-4.5));
#11683 = VECTOR('',#11684,1.);
#11684 = DIRECTION('',(1.,0.,-0.));
#11685 = PLANE('',#11686);
#11686 = AXIS2_PLACEMENT_3D('',#11687,#11688,#11689);
#11687 = CARTESIAN_POINT('',(-1.5,-11.,-4.5));
#11688 = DIRECTION('',(0.,0.,1.));
#11689 = DIRECTION('',(1.,0.,-0.));
#11690 = ADVANCED_FACE('',(#11691),#11723,.T.);
#11691 = FACE_BOUND('',#11692,.T.);
#11692 = EDGE_LOOP('',(#11693,#11694,#11702,#11710,#11716,#11717));
#11693 = ORIENTED_EDGE('',*,*,#11530,.F.);
#11694 = ORIENTED_EDGE('',*,*,#11695,.T.);
#11695 = EDGE_CURVE('',#11531,#11696,#11698,.T.);
#11696 = VERTEX_POINT('',#11697);
#11697 = CARTESIAN_POINT('',(1.5,11.,-6.));
#11698 = LINE('',#11699,#11700);
#11699 = CARTESIAN_POINT('',(1.5,-11.,-6.));
#11700 = VECTOR('',#11701,1.);
#11701 = DIRECTION('',(-0.,1.,0.));
#11702 = ORIENTED_EDGE('',*,*,#11703,.T.);
#11703 = EDGE_CURVE('',#11696,#11704,#11706,.T.);
#11704 = VERTEX_POINT('',#11705);
#11705 = CARTESIAN_POINT('',(1.5,11.,-5.));
#11706 = LINE('',#11707,#11708);
#11707 = CARTESIAN_POINT('',(1.5,11.,-6.));
#11708 = VECTOR('',#11709,1.);
#11709 = DIRECTION('',(0.,0.,1.));
#11710 = ORIENTED_EDGE('',*,*,#11711,.T.);
#11711 = EDGE_CURVE('',#11704,#11673,#11712,.T.);
#11712 = LINE('',#11713,#11714);
#11713 = CARTESIAN_POINT('',(1.5,11.,-6.));
#11714 = VECTOR('',#11715,1.);
#11715 = DIRECTION('',(0.,0.,1.));
#11716 = ORIENTED_EDGE('',*,*,#11672,.F.);
#11717 = ORIENTED_EDGE('',*,*,#11718,.F.);
#11718 = EDGE_CURVE('',#11501,#11665,#11719,.T.);
#11719 = LINE('',#11720,#11721);
#11720 = CARTESIAN_POINT('',(1.5,-11.,-6.));
#11721 = VECTOR('',#11722,1.);
#11722 = DIRECTION('',(0.,0.,1.));
#11723 = PLANE('',#11724);
#11724 = AXIS2_PLACEMENT_3D('',#11725,#11726,#11727);
#11725 = CARTESIAN_POINT('',(1.5,-11.,-6.));
#11726 = DIRECTION('',(1.,0.,-0.));
#11727 = DIRECTION('',(0.,0.,1.));
#11728 = ADVANCED_FACE('',(#11729),#11770,.T.);
#11729 = FACE_BOUND('',#11730,.T.);
#11730 = EDGE_LOOP('',(#11731,#11739,#11747,#11755,#11763,#11769));
#11731 = ORIENTED_EDGE('',*,*,#11732,.F.);
#11732 = EDGE_CURVE('',#11733,#11421,#11735,.T.);
#11733 = VERTEX_POINT('',#11734);
#11734 = CARTESIAN_POINT('',(1.5,-11.,4.5));
#11735 = LINE('',#11736,#11737);
#11736 = CARTESIAN_POINT('',(1.5,-11.,4.5));
#11737 = VECTOR('',#11738,1.);
#11738 = DIRECTION('',(0.,0.,1.));
#11739 = ORIENTED_EDGE('',*,*,#11740,.T.);
#11740 = EDGE_CURVE('',#11733,#11741,#11743,.T.);
#11741 = VERTEX_POINT('',#11742);
#11742 = CARTESIAN_POINT('',(1.5,11.,4.5));
#11743 = LINE('',#11744,#11745);
#11744 = CARTESIAN_POINT('',(1.5,-11.,4.5));
#11745 = VECTOR('',#11746,1.);
#11746 = DIRECTION('',(-0.,1.,0.));
#11747 = ORIENTED_EDGE('',*,*,#11748,.T.);
#11748 = EDGE_CURVE('',#11741,#11749,#11751,.T.);
#11749 = VERTEX_POINT('',#11750);
#11750 = CARTESIAN_POINT('',(1.5,11.,5.));
#11751 = LINE('',#11752,#11753);
#11752 = CARTESIAN_POINT('',(1.5,11.,4.5));
#11753 = VECTOR('',#11754,1.);
#11754 = DIRECTION('',(0.,0.,1.));
#11755 = ORIENTED_EDGE('',*,*,#11756,.T.);
#11756 = EDGE_CURVE('',#11749,#11757,#11759,.T.);
#11757 = VERTEX_POINT('',#11758);
#11758 = CARTESIAN_POINT('',(1.5,11.,6.));
#11759 = LINE('',#11760,#11761);
#11760 = CARTESIAN_POINT('',(1.5,11.,4.5));
#11761 = VECTOR('',#11762,1.);
#11762 = DIRECTION('',(0.,0.,1.));
#11763 = ORIENTED_EDGE('',*,*,#11764,.F.);
#11764 = EDGE_CURVE('',#11595,#11757,#11765,.T.);
#11765 = LINE('',#11766,#11767);
#11766 = CARTESIAN_POINT('',(1.5,-11.,6.));
#11767 = VECTOR('',#11768,1.);
#11768 = DIRECTION('',(-0.,1.,0.));
#11769 = ORIENTED_EDGE('',*,*,#11602,.F.);
#11770 = PLANE('',#11771);
#11771 = AXIS2_PLACEMENT_3D('',#11772,#11773,#11774);
#11772 = CARTESIAN_POINT('',(1.5,-11.,4.5));
#11773 = DIRECTION('',(1.,0.,-0.));
#11774 = DIRECTION('',(0.,0.,1.));
#11775 = ADVANCED_FACE('',(#11776),#11801,.F.);
#11776 = FACE_BOUND('',#11777,.F.);
#11777 = EDGE_LOOP('',(#11778,#11788,#11794,#11795));
#11778 = ORIENTED_EDGE('',*,*,#11779,.F.);
#11779 = EDGE_CURVE('',#11780,#11782,#11784,.T.);
#11780 = VERTEX_POINT('',#11781);
#11781 = CARTESIAN_POINT('',(-1.5,-11.,4.5));
#11782 = VERTEX_POINT('',#11783);
#11783 = CARTESIAN_POINT('',(-1.5,11.,4.5));
#11784 = LINE('',#11785,#11786);
#11785 = CARTESIAN_POINT('',(-1.5,-11.,4.5));
#11786 = VECTOR('',#11787,1.);
#11787 = DIRECTION('',(-0.,1.,0.));
#11788 = ORIENTED_EDGE('',*,*,#11789,.T.);
#11789 = EDGE_CURVE('',#11780,#11733,#11790,.T.);
#11790 = LINE('',#11791,#11792);
#11791 = CARTESIAN_POINT('',(-1.5,-11.,4.5));
#11792 = VECTOR('',#11793,1.);
#11793 = DIRECTION('',(1.,0.,-0.));
#11794 = ORIENTED_EDGE('',*,*,#11740,.T.);
#11795 = ORIENTED_EDGE('',*,*,#11796,.F.);
#11796 = EDGE_CURVE('',#11782,#11741,#11797,.T.);
#11797 = LINE('',#11798,#11799);
#11798 = CARTESIAN_POINT('',(-1.5,11.,4.5));
#11799 = VECTOR('',#11800,1.);
#11800 = DIRECTION('',(1.,0.,-0.));
#11801 = PLANE('',#11802);
#11802 = AXIS2_PLACEMENT_3D('',#11803,#11804,#11805);
#11803 = CARTESIAN_POINT('',(-1.5,-11.,4.5));
#11804 = DIRECTION('',(0.,0.,1.));
#11805 = DIRECTION('',(1.,0.,-0.));
#11806 = ADVANCED_FACE('',(#11807),#11839,.F.);
#11807 = FACE_BOUND('',#11808,.F.);
#11808 = EDGE_LOOP('',(#11809,#11815,#11816,#11824,#11832,#11838));
#11809 = ORIENTED_EDGE('',*,*,#11810,.F.);
#11810 = EDGE_CURVE('',#11780,#11429,#11811,.T.);
#11811 = LINE('',#11812,#11813);
#11812 = CARTESIAN_POINT('',(-1.5,-11.,4.5));
#11813 = VECTOR('',#11814,1.);
#11814 = DIRECTION('',(0.,0.,1.));
#11815 = ORIENTED_EDGE('',*,*,#11779,.T.);
#11816 = ORIENTED_EDGE('',*,*,#11817,.T.);
#11817 = EDGE_CURVE('',#11782,#11818,#11820,.T.);
#11818 = VERTEX_POINT('',#11819);
#11819 = CARTESIAN_POINT('',(-1.5,11.,5.));
#11820 = LINE('',#11821,#11822);
#11821 = CARTESIAN_POINT('',(-1.5,11.,4.5));
#11822 = VECTOR('',#11823,1.);
#11823 = DIRECTION('',(0.,0.,1.));
#11824 = ORIENTED_EDGE('',*,*,#11825,.T.);
#11825 = EDGE_CURVE('',#11818,#11826,#11828,.T.);
#11826 = VERTEX_POINT('',#11827);
#11827 = CARTESIAN_POINT('',(-1.5,11.,6.));
#11828 = LINE('',#11829,#11830);
#11829 = CARTESIAN_POINT('',(-1.5,11.,4.5));
#11830 = VECTOR('',#11831,1.);
#11831 = DIRECTION('',(0.,0.,1.));
#11832 = ORIENTED_EDGE('',*,*,#11833,.F.);
#11833 = EDGE_CURVE('',#11587,#11826,#11834,.T.);
#11834 = LINE('',#11835,#11836);
#11835 = CARTESIAN_POINT('',(-1.5,-11.,6.));
#11836 = VECTOR('',#11837,1.);
#11837 = DIRECTION('',(-0.,1.,0.));
#11838 = ORIENTED_EDGE('',*,*,#11586,.F.);
#11839 = PLANE('',#11840);
#11840 = AXIS2_PLACEMENT_3D('',#11841,#11842,#11843);
#11841 = CARTESIAN_POINT('',(-1.5,-11.,4.5));
#11842 = DIRECTION('',(1.,0.,-0.));
#11843 = DIRECTION('',(0.,0.,1.));
#11844 = ADVANCED_FACE('',(#11845),#11856,.F.);
#11845 = FACE_BOUND('',#11846,.F.);
#11846 = EDGE_LOOP('',(#11847,#11848,#11849,#11850));
#11847 = ORIENTED_EDGE('',*,*,#11617,.F.);
#11848 = ORIENTED_EDGE('',*,*,#11538,.T.);
#11849 = ORIENTED_EDGE('',*,*,#11695,.T.);
#11850 = ORIENTED_EDGE('',*,*,#11851,.F.);
#11851 = EDGE_CURVE('',#11618,#11696,#11852,.T.);
#11852 = LINE('',#11853,#11854);
#11853 = CARTESIAN_POINT('',(-1.5,11.,-6.));
#11854 = VECTOR('',#11855,1.);
#11855 = DIRECTION('',(1.,0.,-0.));
#11856 = PLANE('',#11857);
#11857 = AXIS2_PLACEMENT_3D('',#11858,#11859,#11860);
#11858 = CARTESIAN_POINT('',(-1.5,-11.,-6.));
#11859 = DIRECTION('',(0.,0.,1.));
#11860 = DIRECTION('',(1.,0.,-0.));
#11861 = ADVANCED_FACE('',(#11862),#11873,.T.);
#11862 = FACE_BOUND('',#11863,.T.);
#11863 = EDGE_LOOP('',(#11864,#11865,#11866,#11867));
#11864 = ORIENTED_EDGE('',*,*,#11833,.F.);
#11865 = ORIENTED_EDGE('',*,*,#11594,.T.);
#11866 = ORIENTED_EDGE('',*,*,#11764,.T.);
#11867 = ORIENTED_EDGE('',*,*,#11868,.F.);
#11868 = EDGE_CURVE('',#11826,#11757,#11869,.T.);
#11869 = LINE('',#11870,#11871);
#11870 = CARTESIAN_POINT('',(-1.5,11.,6.));
#11871 = VECTOR('',#11872,1.);
#11872 = DIRECTION('',(1.,0.,-0.));
#11873 = PLANE('',#11874);
#11874 = AXIS2_PLACEMENT_3D('',#11875,#11876,#11877);
#11875 = CARTESIAN_POINT('',(-1.5,-11.,6.));
#11876 = DIRECTION('',(0.,0.,1.));
#11877 = DIRECTION('',(1.,0.,-0.));
#11878 = ADVANCED_FACE('',(#11879),#11890,.T.);
#11879 = FACE_BOUND('',#11880,.T.);
#11880 = EDGE_LOOP('',(#11881,#11882,#11883,#11884));
#11881 = ORIENTED_EDGE('',*,*,#11703,.F.);
#11882 = ORIENTED_EDGE('',*,*,#11851,.F.);
#11883 = ORIENTED_EDGE('',*,*,#11625,.T.);
#11884 = ORIENTED_EDGE('',*,*,#11885,.T.);
#11885 = EDGE_CURVE('',#11626,#11704,#11886,.T.);
#11886 = LINE('',#11887,#11888);
#11887 = CARTESIAN_POINT('',(-7.586206896552,11.,-5.));
#11888 = VECTOR('',#11889,1.);
#11889 = DIRECTION('',(1.,0.,-0.));
#11890 = PLANE('',#11891);
#11891 = AXIS2_PLACEMENT_3D('',#11892,#11893,#11894);
#11892 = CARTESIAN_POINT('',(-1.5,11.,-6.));
#11893 = DIRECTION('',(-0.,1.,0.));
#11894 = DIRECTION('',(0.,0.,1.));
#11895 = ADVANCED_FACE('',(#11896),#11907,.T.);
#11896 = FACE_BOUND('',#11897,.T.);
#11897 = EDGE_LOOP('',(#11898,#11904,#11905,#11906));
#11898 = ORIENTED_EDGE('',*,*,#11899,.F.);
#11899 = EDGE_CURVE('',#11818,#11749,#11900,.T.);
#11900 = LINE('',#11901,#11902);
#11901 = CARTESIAN_POINT('',(-7.586206896552,11.,5.));
#11902 = VECTOR('',#11903,1.);
#11903 = DIRECTION('',(1.,0.,-0.));
#11904 = ORIENTED_EDGE('',*,*,#11825,.T.);
#11905 = ORIENTED_EDGE('',*,*,#11868,.T.);
#11906 = ORIENTED_EDGE('',*,*,#11756,.F.);
#11907 = PLANE('',#11908);
#11908 = AXIS2_PLACEMENT_3D('',#11909,#11910,#11911);
#11909 = CARTESIAN_POINT('',(-1.5,11.,4.5));
#11910 = DIRECTION('',(-0.,1.,0.));
#11911 = DIRECTION('',(0.,0.,1.));
#11912 = ADVANCED_FACE('',(#11913),#11954,.F.);
#11913 = FACE_BOUND('',#11914,.F.);
#11914 = EDGE_LOOP('',(#11915,#11925,#11931,#11932,#11940,#11948));
#11915 = ORIENTED_EDGE('',*,*,#11916,.F.);
#11916 = EDGE_CURVE('',#11917,#11919,#11921,.T.);
#11917 = VERTEX_POINT('',#11918);
#11918 = CARTESIAN_POINT('',(-7.586206896552,11.,-5.));
#11919 = VERTEX_POINT('',#11920);
#11920 = CARTESIAN_POINT('',(-7.586206896552,12.5,-5.));
#11921 = LINE('',#11922,#11923);
#11922 = CARTESIAN_POINT('',(-7.586206896552,11.,-5.));
#11923 = VECTOR('',#11924,1.);
#11924 = DIRECTION('',(-0.,1.,0.));
#11925 = ORIENTED_EDGE('',*,*,#11926,.T.);
#11926 = EDGE_CURVE('',#11917,#11626,#11927,.T.);
#11927 = LINE('',#11928,#11929);
#11928 = CARTESIAN_POINT('',(-7.586206896552,11.,-5.));
#11929 = VECTOR('',#11930,1.);
#11930 = DIRECTION('',(1.,0.,-0.));
#11931 = ORIENTED_EDGE('',*,*,#11885,.T.);
#11932 = ORIENTED_EDGE('',*,*,#11933,.T.);
#11933 = EDGE_CURVE('',#11704,#11934,#11936,.T.);
#11934 = VERTEX_POINT('',#11935);
#11935 = CARTESIAN_POINT('',(7.586206896552,11.,-5.));
#11936 = LINE('',#11937,#11938);
#11937 = CARTESIAN_POINT('',(-7.586206896552,11.,-5.));
#11938 = VECTOR('',#11939,1.);
#11939 = DIRECTION('',(1.,0.,-0.));
#11940 = ORIENTED_EDGE('',*,*,#11941,.T.);
#11941 = EDGE_CURVE('',#11934,#11942,#11944,.T.);
#11942 = VERTEX_POINT('',#11943);
#11943 = CARTESIAN_POINT('',(7.586206896552,12.5,-5.));
#11944 = LINE('',#11945,#11946);
#11945 = CARTESIAN_POINT('',(7.586206896552,11.,-5.));
#11946 = VECTOR('',#11947,1.);
#11947 = DIRECTION('',(-0.,1.,0.));
#11948 = ORIENTED_EDGE('',*,*,#11949,.F.);
#11949 = EDGE_CURVE('',#11919,#11942,#11950,.T.);
#11950 = LINE('',#11951,#11952);
#11951 = CARTESIAN_POINT('',(-7.586206896552,12.5,-5.));
#11952 = VECTOR('',#11953,1.);
#11953 = DIRECTION('',(1.,0.,-0.));
#11954 = PLANE('',#11955);
#11955 = AXIS2_PLACEMENT_3D('',#11956,#11957,#11958);
#11956 = CARTESIAN_POINT('',(-7.586206896552,11.,-5.));
#11957 = DIRECTION('',(0.,0.,1.));
#11958 = DIRECTION('',(1.,0.,-0.));
#11959 = ADVANCED_FACE('',(#11960),#12001,.T.);
#11960 = FACE_BOUND('',#11961,.T.);
#11961 = EDGE_LOOP('',(#11962,#11972,#11978,#11979,#11987,#11995));
#11962 = ORIENTED_EDGE('',*,*,#11963,.F.);
#11963 = EDGE_CURVE('',#11964,#11966,#11968,.T.);
#11964 = VERTEX_POINT('',#11965);
#11965 = CARTESIAN_POINT('',(-7.586206896552,11.,5.));
#11966 = VERTEX_POINT('',#11967);
#11967 = CARTESIAN_POINT('',(-7.586206896552,12.5,5.));
#11968 = LINE('',#11969,#11970);
#11969 = CARTESIAN_POINT('',(-7.586206896552,11.,5.));
#11970 = VECTOR('',#11971,1.);
#11971 = DIRECTION('',(-0.,1.,0.));
#11972 = ORIENTED_EDGE('',*,*,#11973,.T.);
#11973 = EDGE_CURVE('',#11964,#11818,#11974,.T.);
#11974 = LINE('',#11975,#11976);
#11975 = CARTESIAN_POINT('',(-7.586206896552,11.,5.));
#11976 = VECTOR('',#11977,1.);
#11977 = DIRECTION('',(1.,0.,-0.));
#11978 = ORIENTED_EDGE('',*,*,#11899,.T.);
#11979 = ORIENTED_EDGE('',*,*,#11980,.T.);
#11980 = EDGE_CURVE('',#11749,#11981,#11983,.T.);
#11981 = VERTEX_POINT('',#11982);
#11982 = CARTESIAN_POINT('',(7.586206896552,11.,5.));
#11983 = LINE('',#11984,#11985);
#11984 = CARTESIAN_POINT('',(-7.586206896552,11.,5.));
#11985 = VECTOR('',#11986,1.);
#11986 = DIRECTION('',(1.,0.,-0.));
#11987 = ORIENTED_EDGE('',*,*,#11988,.T.);
#11988 = EDGE_CURVE('',#11981,#11989,#11991,.T.);
#11989 = VERTEX_POINT('',#11990);
#11990 = CARTESIAN_POINT('',(7.586206896552,12.5,5.));
#11991 = LINE('',#11992,#11993);
#11992 = CARTESIAN_POINT('',(7.586206896552,11.,5.));
#11993 = VECTOR('',#11994,1.);
#11994 = DIRECTION('',(-0.,1.,0.));
#11995 = ORIENTED_EDGE('',*,*,#11996,.F.);
#11996 = EDGE_CURVE('',#11966,#11989,#11997,.T.);
#11997 = LINE('',#11998,#11999);
#11998 = CARTESIAN_POINT('',(-7.586206896552,12.5,5.));
#11999 = VECTOR('',#12000,1.);
#12000 = DIRECTION('',(1.,0.,-0.));
#12001 = PLANE('',#12002);
#12002 = AXIS2_PLACEMENT_3D('',#12003,#12004,#12005);
#12003 = CARTESIAN_POINT('',(-7.586206896552,11.,5.));
#12004 = DIRECTION('',(0.,0.,1.));
#12005 = DIRECTION('',(1.,0.,-0.));
#12006 = ADVANCED_FACE('',(#12007),#12025,.T.);
#12007 = FACE_BOUND('',#12008,.T.);
#12008 = EDGE_LOOP('',(#12009,#12010,#12017,#12018));
#12009 = ORIENTED_EDGE('',*,*,#11963,.T.);
#12010 = ORIENTED_EDGE('',*,*,#12011,.F.);
#12011 = EDGE_CURVE('',#11919,#11966,#12012,.T.);
#12012 = CIRCLE('',#12013,5.);
#12013 = AXIS2_PLACEMENT_3D('',#12014,#12015,#12016);
#12014 = CARTESIAN_POINT('',(-7.586206896552,12.5,0.));
#12015 = DIRECTION('',(0.,1.,0.));
#12016 = DIRECTION('',(0.,-0.,1.));
#12017 = ORIENTED_EDGE('',*,*,#11916,.F.);
#12018 = ORIENTED_EDGE('',*,*,#12019,.T.);
#12019 = EDGE_CURVE('',#11917,#11964,#12020,.T.);
#12020 = CIRCLE('',#12021,5.);
#12021 = AXIS2_PLACEMENT_3D('',#12022,#12023,#12024);
#12022 = CARTESIAN_POINT('',(-7.586206896552,11.,0.));
#12023 = DIRECTION('',(0.,1.,0.));
#12024 = DIRECTION('',(0.,-0.,1.));
#12025 = CYLINDRICAL_SURFACE('',#12026,5.);
#12026 = AXIS2_PLACEMENT_3D('',#12027,#12028,#12029);
#12027 = CARTESIAN_POINT('',(-7.586206896552,11.,0.));
#12028 = DIRECTION('',(0.,1.,0.));
#12029 = DIRECTION('',(0.,-0.,1.));
#12030 = ADVANCED_FACE('',(#12031),#12049,.T.);
#12031 = FACE_BOUND('',#12032,.T.);
#12032 = EDGE_LOOP('',(#12033,#12040,#12041,#12048));
#12033 = ORIENTED_EDGE('',*,*,#12034,.F.);
#12034 = EDGE_CURVE('',#11989,#11942,#12035,.T.);
#12035 = CIRCLE('',#12036,5.);
#12036 = AXIS2_PLACEMENT_3D('',#12037,#12038,#12039);
#12037 = CARTESIAN_POINT('',(7.586206896552,12.5,0.));
#12038 = DIRECTION('',(0.,1.,0.));
#12039 = DIRECTION('',(0.,-0.,1.));
#12040 = ORIENTED_EDGE('',*,*,#11988,.F.);
#12041 = ORIENTED_EDGE('',*,*,#12042,.T.);
#12042 = EDGE_CURVE('',#11981,#11934,#12043,.T.);
#12043 = CIRCLE('',#12044,5.);
#12044 = AXIS2_PLACEMENT_3D('',#12045,#12046,#12047);
#12045 = CARTESIAN_POINT('',(7.586206896552,11.,0.));
#12046 = DIRECTION('',(0.,1.,0.));
#12047 = DIRECTION('',(0.,-0.,1.));
#12048 = ORIENTED_EDGE('',*,*,#11941,.T.);
#12049 = CYLINDRICAL_SURFACE('',#12050,5.);
#12050 = AXIS2_PLACEMENT_3D('',#12051,#12052,#12053);
#12051 = CARTESIAN_POINT('',(7.586206896552,11.,0.));
#12052 = DIRECTION('',(0.,1.,0.));
#12053 = DIRECTION('',(0.,-0.,1.));
#12054 = ADVANCED_FACE('',(#12055),#12061,.T.);
#12055 = FACE_BOUND('',#12056,.T.);
#12056 = EDGE_LOOP('',(#12057,#12058,#12059,#12060));
#12057 = ORIENTED_EDGE('',*,*,#11484,.T.);
#12058 = ORIENTED_EDGE('',*,*,#11569,.F.);
#12059 = ORIENTED_EDGE('',*,*,#11404,.F.);
#12060 = ORIENTED_EDGE('',*,*,#11468,.F.);
#12061 = PLANE('',#12062);
#12062 = AXIS2_PLACEMENT_3D('',#12063,#12064,#12065);
#12063 = CARTESIAN_POINT('',(-6.476089505928E-16,-12.5,
    -2.354941638519E-16));
#12064 = DIRECTION('',(-0.,-1.,-0.));
#12065 = DIRECTION('',(0.,0.,-1.));
#12066 = ADVANCED_FACE('',(#12067),#12081,.T.);
#12067 = FACE_BOUND('',#12068,.T.);
#12068 = EDGE_LOOP('',(#12069,#12070,#12071,#12072,#12073,#12074,#12075,
    #12076,#12077,#12078,#12079,#12080));
#12069 = ORIENTED_EDGE('',*,*,#11516,.F.);
#12070 = ORIENTED_EDGE('',*,*,#11451,.T.);
#12071 = ORIENTED_EDGE('',*,*,#11436,.T.);
#12072 = ORIENTED_EDGE('',*,*,#11810,.F.);
#12073 = ORIENTED_EDGE('',*,*,#11789,.T.);
#12074 = ORIENTED_EDGE('',*,*,#11732,.T.);
#12075 = ORIENTED_EDGE('',*,*,#11420,.T.);
#12076 = ORIENTED_EDGE('',*,*,#11561,.T.);
#12077 = ORIENTED_EDGE('',*,*,#11500,.F.);
#12078 = ORIENTED_EDGE('',*,*,#11718,.T.);
#12079 = ORIENTED_EDGE('',*,*,#11664,.F.);
#12080 = ORIENTED_EDGE('',*,*,#11649,.F.);
#12081 = PLANE('',#12082);
#12082 = AXIS2_PLACEMENT_3D('',#12083,#12084,#12085);
#12083 = CARTESIAN_POINT('',(1.139697972182E-16,-11.,-2.279395944363E-16
    ));
#12084 = DIRECTION('',(0.,1.,0.));
#12085 = DIRECTION('',(0.,-0.,1.));
#12086 = ADVANCED_FACE('',(#12087),#12101,.T.);
#12087 = FACE_BOUND('',#12088,.T.);
#12088 = EDGE_LOOP('',(#12089,#12090,#12091,#12092,#12093,#12094,#12095,
    #12096,#12097,#12098,#12099,#12100));
#12089 = ORIENTED_EDGE('',*,*,#11926,.T.);
#12090 = ORIENTED_EDGE('',*,*,#11633,.T.);
#12091 = ORIENTED_EDGE('',*,*,#11680,.T.);
#12092 = ORIENTED_EDGE('',*,*,#11711,.F.);
#12093 = ORIENTED_EDGE('',*,*,#11933,.T.);
#12094 = ORIENTED_EDGE('',*,*,#12042,.F.);
#12095 = ORIENTED_EDGE('',*,*,#11980,.F.);
#12096 = ORIENTED_EDGE('',*,*,#11748,.F.);
#12097 = ORIENTED_EDGE('',*,*,#11796,.F.);
#12098 = ORIENTED_EDGE('',*,*,#11817,.T.);
#12099 = ORIENTED_EDGE('',*,*,#11973,.F.);
#12100 = ORIENTED_EDGE('',*,*,#12019,.F.);
#12101 = PLANE('',#12102);
#12102 = AXIS2_PLACEMENT_3D('',#12103,#12104,#12105);
#12103 = CARTESIAN_POINT('',(-6.268338846999E-16,11.,-2.279395944363E-16
    ));
#12104 = DIRECTION('',(-0.,-1.,-0.));
#12105 = DIRECTION('',(0.,0.,-1.));
#12106 = ADVANCED_FACE('',(#12107),#12113,.T.);
#12107 = FACE_BOUND('',#12108,.T.);
#12108 = EDGE_LOOP('',(#12109,#12110,#12111,#12112));
#12109 = ORIENTED_EDGE('',*,*,#11949,.F.);
#12110 = ORIENTED_EDGE('',*,*,#12011,.T.);
#12111 = ORIENTED_EDGE('',*,*,#11996,.T.);
#12112 = ORIENTED_EDGE('',*,*,#12034,.T.);
#12113 = PLANE('',#12114);
#12114 = AXIS2_PLACEMENT_3D('',#12115,#12116,#12117);
#12115 = CARTESIAN_POINT('',(-3.532412457779E-16,12.5,8.831031144447E-17
    ));
#12116 = DIRECTION('',(0.,1.,0.));
#12117 = DIRECTION('',(0.,-0.,1.));
#12118 = ( GEOMETRIC_REPRESENTATION_CONTEXT(3) 
GLOBAL_UNCERTAINTY_ASSIGNED_CONTEXT((#12122)) 
GLOBAL_UNIT_ASSIGNED_CONTEXT((#12119,#12120,#12121)) 
REPRESENTATION_CONTEXT('Context #1',
  '3D Context with UNIT and UNCERTAINTY') );
#12119 = ( LENGTH_UNIT() NAMED_UNIT(*) SI_UNIT(.MILLI.,.METRE.) );
#12120 = ( NAMED_UNIT(*) PLANE_ANGLE_UNIT() SI_UNIT($,.RADIAN.) );
#12121 = ( NAMED_UNIT(*) SI_UNIT($,.STERADIAN.) SOLID_ANGLE_UNIT() );
#12122 = UNCERTAINTY_MEASURE_WITH_UNIT(LENGTH_MEASURE(1.E-07),#12119,
  'distance_accuracy_value','confusion accuracy');
#12123 = CONTEXT_DEPENDENT_SHAPE_REPRESENTATION(#12124,#12126);
#12124 = ( REPRESENTATION_RELATIONSHIP('','',#11387,#10) 
REPRESENTATION_RELATIONSHIP_WITH_TRANSFORMATION(#12125) 
SHAPE_REPRESENTATION_RELATIONSHIP() );
#12125 = ITEM_DEFINED_TRANSFORMATION('','',#11,#75);
#12126 = PRODUCT_DEFINITION_SHAPE('Placement','Placement of an item',
  #12127);
#12127 = NEXT_ASSEMBLY_USAGE_OCCURRENCE('16','link_15','',#5,#11382,$);
#12128 = PRODUCT_RELATED_PRODUCT_CATEGORY('part',$,(#11384));
#12129 = SHAPE_DEFINITION_REPRESENTATION(#12130,#12136);
#12130 = PRODUCT_DEFINITION_SHAPE('','',#12131);
#12131 = PRODUCT_DEFINITION('design','',#12132,#12135);
#12132 = PRODUCT_DEFINITION_FORMATION('','',#12133);
#12133 = PRODUCT('link_16','link_16','',(#12134));
#12134 = PRODUCT_CONTEXT('',#2,'mechanical');
#12135 = PRODUCT_DEFINITION_CONTEXT('part definition',#2,'design');
#12136 = ADVANCED_BREP_SHAPE_REPRESENTATION('',(#11,#12137),#12867);
#12137 = MANIFOLD_SOLID_BREP('',#12138);
#12138 = CLOSED_SHELL('',(#12139,#12195,#12228,#12275,#12306,#12330,
    #12361,#12408,#12439,#12477,#12524,#12555,#12593,#12610,#12627,
    #12644,#12661,#12708,#12755,#12779,#12803,#12815,#12835,#12855));
#12139 = ADVANCED_FACE('',(#12140),#12190,.T.);
#12140 = FACE_BOUND('',#12141,.T.);
#12141 = EDGE_LOOP('',(#12142,#12152,#12160,#12168,#12176,#12184));
#12142 = ORIENTED_EDGE('',*,*,#12143,.F.);
#12143 = EDGE_CURVE('',#12144,#12146,#12148,.T.);
#12144 = VERTEX_POINT('',#12145);
#12145 = CARTESIAN_POINT('',(-7.586206896552,-12.5,5.));
#12146 = VERTEX_POINT('',#12147);
#12147 = CARTESIAN_POINT('',(-7.586206896552,-11.,5.));
#12148 = LINE('',#12149,#12150);
#12149 = CARTESIAN_POINT('',(-7.586206896552,-12.5,5.));
#12150 = VECTOR('',#12151,1.);
#12151 = DIRECTION('',(-0.,1.,0.));
#12152 = ORIENTED_EDGE('',*,*,#12153,.T.);
#12153 = EDGE_CURVE('',#12144,#12154,#12156,.T.);
#12154 = VERTEX_POINT('',#12155);
#12155 = CARTESIAN_POINT('',(7.586206896552,-12.5,5.));
#12156 = LINE('',#12157,#12158);
#12157 = CARTESIAN_POINT('',(-7.586206896552,-12.5,5.));
#12158 = VECTOR('',#12159,1.);
#12159 = DIRECTION('',(1.,0.,-0.));
#12160 = ORIENTED_EDGE('',*,*,#12161,.T.);
#12161 = EDGE_CURVE('',#12154,#12162,#12164,.T.);
#12162 = VERTEX_POINT('',#12163);
#12163 = CARTESIAN_POINT('',(7.586206896552,-11.,5.));
#12164 = LINE('',#12165,#12166);
#12165 = CARTESIAN_POINT('',(7.586206896552,-12.5,5.));
#12166 = VECTOR('',#12167,1.);
#12167 = DIRECTION('',(-0.,1.,0.));
#12168 = ORIENTED_EDGE('',*,*,#12169,.F.);
#12169 = EDGE_CURVE('',#12170,#12162,#12172,.T.);
#12170 = VERTEX_POINT('',#12171);
#12171 = CARTESIAN_POINT('',(1.5,-11.,5.));
#12172 = LINE('',#12173,#12174);
#12173 = CARTESIAN_POINT('',(-7.586206896552,-11.,5.));
#12174 = VECTOR('',#12175,1.);
#12175 = DIRECTION('',(1.,0.,-0.));
#12176 = ORIENTED_EDGE('',*,*,#12177,.F.);
#12177 = EDGE_CURVE('',#12178,#12170,#12180,.T.);
#12178 = VERTEX_POINT('',#12179);
#12179 = CARTESIAN_POINT('',(-1.5,-11.,5.));
#12180 = LINE('',#12181,#12182);
#12181 = CARTESIAN_POINT('',(-7.586206896552,-11.,5.));
#12182 = VECTOR('',#12183,1.);
#12183 = DIRECTION('',(1.,0.,-0.));
#12184 = ORIENTED_EDGE('',*,*,#12185,.F.);
#12185 = EDGE_CURVE('',#12146,#12178,#12186,.T.);
#12186 = LINE('',#12187,#12188);
#12187 = CARTESIAN_POINT('',(-7.586206896552,-11.,5.));
#12188 = VECTOR('',#12189,1.);
#12189 = DIRECTION('',(1.,0.,-0.));
#12190 = PLANE('',#12191);
#12191 = AXIS2_PLACEMENT_3D('',#12192,#12193,#12194);
#12192 = CARTESIAN_POINT('',(-7.586206896552,-12.5,5.));
#12193 = DIRECTION('',(0.,0.,1.));
#12194 = DIRECTION('',(1.,0.,-0.));
#12195 = ADVANCED_FACE('',(#12196),#12223,.T.);
#12196 = FACE_BOUND('',#12197,.T.);
#12197 = EDGE_LOOP('',(#12198,#12199,#12208,#12216));
#12198 = ORIENTED_EDGE('',*,*,#12143,.T.);
#12199 = ORIENTED_EDGE('',*,*,#12200,.F.);
#12200 = EDGE_CURVE('',#12201,#12146,#12203,.T.);
#12201 = VERTEX_POINT('',#12202);
#12202 = CARTESIAN_POINT('',(-7.586206896552,-11.,-5.));
#12203 = CIRCLE('',#12204,5.);
#12204 = AXIS2_PLACEMENT_3D('',#12205,#12206,#12207);
#12205 = CARTESIAN_POINT('',(-7.586206896552,-11.,0.));
#12206 = DIRECTION('',(0.,1.,0.));
#12207 = DIRECTION('',(0.,-0.,1.));
#12208 = ORIENTED_EDGE('',*,*,#12209,.F.);
#12209 = EDGE_CURVE('',#12210,#12201,#12212,.T.);
#12210 = VERTEX_POINT('',#12211);
#12211 = CARTESIAN_POINT('',(-7.586206896552,-12.5,-5.));
#12212 = LINE('',#12213,#12214);
#12213 = CARTESIAN_POINT('',(-7.586206896552,-12.5,-5.));
#12214 = VECTOR('',#12215,1.);
#12215 = DIRECTION('',(-0.,1.,0.));
#12216 = ORIENTED_EDGE('',*,*,#12217,.T.);
#12217 = EDGE_CURVE('',#12210,#12144,#12218,.T.);
#12218 = CIRCLE('',#12219,5.);
#12219 = AXIS2_PLACEMENT_3D('',#12220,#12221,#12222);
#12220 = CARTESIAN_POINT('',(-7.586206896552,-12.5,0.));
#12221 = DIRECTION('',(0.,1.,0.));
#12222 = DIRECTION('',(0.,-0.,1.));
#12223 = CYLINDRICAL_SURFACE('',#12224,5.);
#12224 = AXIS2_PLACEMENT_3D('',#12225,#12226,#12227);
#12225 = CARTESIAN_POINT('',(-7.586206896552,-12.5,0.));
#12226 = DIRECTION('',(0.,1.,0.));
#12227 = DIRECTION('',(0.,-0.,1.));
#12228 = ADVANCED_FACE('',(#12229),#12270,.F.);
#12229 = FACE_BOUND('',#12230,.F.);
#12230 = EDGE_LOOP('',(#12231,#12232,#12240,#12248,#12256,#12264));
#12231 = ORIENTED_EDGE('',*,*,#12209,.F.);
#12232 = ORIENTED_EDGE('',*,*,#12233,.T.);
#12233 = EDGE_CURVE('',#12210,#12234,#12236,.T.);
#12234 = VERTEX_POINT('',#12235);
#12235 = CARTESIAN_POINT('',(7.586206896552,-12.5,-5.));
#12236 = LINE('',#12237,#12238);
#12237 = CARTESIAN_POINT('',(-7.586206896552,-12.5,-5.));
#12238 = VECTOR('',#12239,1.);
#12239 = DIRECTION('',(1.,0.,-0.));
#12240 = ORIENTED_EDGE('',*,*,#12241,.T.);
#12241 = EDGE_CURVE('',#12234,#12242,#12244,.T.);
#12242 = VERTEX_POINT('',#12243);
#12243 = CARTESIAN_POINT('',(7.586206896552,-11.,-5.));
#12244 = LINE('',#12245,#12246);
#12245 = CARTESIAN_POINT('',(7.586206896552,-12.5,-5.));
#12246 = VECTOR('',#12247,1.);
#12247 = DIRECTION('',(-0.,1.,0.));
#12248 = ORIENTED_EDGE('',*,*,#12249,.F.);
#12249 = EDGE_CURVE('',#12250,#12242,#12252,.T.);
#12250 = VERTEX_POINT('',#12251);
#12251 = CARTESIAN_POINT('',(1.5,-11.,-5.));
#12252 = LINE('',#12253,#12254);
#12253 = CARTESIAN_POINT('',(-7.586206896552,-11.,-5.));
#12254 = VECTOR('',#12255,1.);
#12255 = DIRECTION('',(1.,0.,-0.));
#12256 = ORIENTED_EDGE('',*,*,#12257,.F.);
#12257 = EDGE_CURVE('',#12258,#12250,#12260,.T.);
#12258 = VERTEX_POINT('',#12259);
#12259 = CARTESIAN_POINT('',(-1.5,-11.,-5.));
#12260 = LINE('',#12261,#12262);
#12261 = CARTESIAN_POINT('',(-7.586206896552,-11.,-5.));
#12262 = VECTOR('',#12263,1.);
#12263 = DIRECTION('',(1.,0.,-0.));
#12264 = ORIENTED_EDGE('',*,*,#12265,.F.);
#12265 = EDGE_CURVE('',#12201,#12258,#12266,.T.);
#12266 = LINE('',#12267,#12268);
#12267 = CARTESIAN_POINT('',(-7.586206896552,-11.,-5.));
#12268 = VECTOR('',#12269,1.);
#12269 = DIRECTION('',(1.,0.,-0.));
#12270 = PLANE('',#12271);
#12271 = AXIS2_PLACEMENT_3D('',#12272,#12273,#12274);
#12272 = CARTESIAN_POINT('',(-7.586206896552,-12.5,-5.));
#12273 = DIRECTION('',(0.,0.,1.));
#12274 = DIRECTION('',(1.,0.,-0.));
#12275 = ADVANCED_FACE('',(#12276),#12301,.F.);
#12276 = FACE_BOUND('',#12277,.F.);
#12277 = EDGE_LOOP('',(#12278,#12286,#12294,#12300));
#12278 = ORIENTED_EDGE('',*,*,#12279,.F.);
#12279 = EDGE_CURVE('',#12280,#12250,#12282,.T.);
#12280 = VERTEX_POINT('',#12281);
#12281 = CARTESIAN_POINT('',(1.5,-11.,-6.));
#12282 = LINE('',#12283,#12284);
#12283 = CARTESIAN_POINT('',(1.5,-11.,-6.));
#12284 = VECTOR('',#12285,1.);
#12285 = DIRECTION('',(0.,0.,1.));
#12286 = ORIENTED_EDGE('',*,*,#12287,.F.);
#12287 = EDGE_CURVE('',#12288,#12280,#12290,.T.);
#12288 = VERTEX_POINT('',#12289);
#12289 = CARTESIAN_POINT('',(-1.5,-11.,-6.));
#12290 = LINE('',#12291,#12292);
#12291 = CARTESIAN_POINT('',(-1.5,-11.,-6.));
#12292 = VECTOR('',#12293,1.);
#12293 = DIRECTION('',(1.,0.,-0.));
#12294 = ORIENTED_EDGE('',*,*,#12295,.T.);
#12295 = EDGE_CURVE('',#12288,#12258,#12296,.T.);
#12296 = LINE('',#12297,#12298);
#12297 = CARTESIAN_POINT('',(-1.5,-11.,-6.));
#12298 = VECTOR('',#12299,1.);
#12299 = DIRECTION('',(0.,0.,1.));
#12300 = ORIENTED_EDGE('',*,*,#12257,.T.);
#12301 = PLANE('',#12302);
#12302 = AXIS2_PLACEMENT_3D('',#12303,#12304,#12305);
#12303 = CARTESIAN_POINT('',(-1.5,-11.,-6.));
#12304 = DIRECTION('',(-0.,1.,0.));
#12305 = DIRECTION('',(0.,0.,1.));
#12306 = ADVANCED_FACE('',(#12307),#12325,.T.);
#12307 = FACE_BOUND('',#12308,.T.);
#12308 = EDGE_LOOP('',(#12309,#12316,#12317,#12324));
#12309 = ORIENTED_EDGE('',*,*,#12310,.F.);
#12310 = EDGE_CURVE('',#12162,#12242,#12311,.T.);
#12311 = CIRCLE('',#12312,5.);
#12312 = AXIS2_PLACEMENT_3D('',#12313,#12314,#12315);
#12313 = CARTESIAN_POINT('',(7.586206896552,-11.,0.));
#12314 = DIRECTION('',(0.,1.,0.));
#12315 = DIRECTION('',(0.,-0.,1.));
#12316 = ORIENTED_EDGE('',*,*,#12161,.F.);
#12317 = ORIENTED_EDGE('',*,*,#12318,.T.);
#12318 = EDGE_CURVE('',#12154,#12234,#12319,.T.);
#12319 = CIRCLE('',#12320,5.);
#12320 = AXIS2_PLACEMENT_3D('',#12321,#12322,#12323);
#12321 = CARTESIAN_POINT('',(7.586206896552,-12.5,0.));
#12322 = DIRECTION('',(0.,1.,0.));
#12323 = DIRECTION('',(0.,-0.,1.));
#12324 = ORIENTED_EDGE('',*,*,#12241,.T.);
#12325 = CYLINDRICAL_SURFACE('',#12326,5.);
#12326 = AXIS2_PLACEMENT_3D('',#12327,#12328,#12329);
#12327 = CARTESIAN_POINT('',(7.586206896552,-12.5,0.));
#12328 = DIRECTION('',(0.,1.,0.));
#12329 = DIRECTION('',(0.,-0.,1.));
#12330 = ADVANCED_FACE('',(#12331),#12356,.F.);
#12331 = FACE_BOUND('',#12332,.F.);
#12332 = EDGE_LOOP('',(#12333,#12334,#12342,#12350));
#12333 = ORIENTED_EDGE('',*,*,#12177,.F.);
#12334 = ORIENTED_EDGE('',*,*,#12335,.T.);
#12335 = EDGE_CURVE('',#12178,#12336,#12338,.T.);
#12336 = VERTEX_POINT('',#12337);
#12337 = CARTESIAN_POINT('',(-1.5,-11.,6.));
#12338 = LINE('',#12339,#12340);
#12339 = CARTESIAN_POINT('',(-1.5,-11.,4.5));
#12340 = VECTOR('',#12341,1.);
#12341 = DIRECTION('',(0.,0.,1.));
#12342 = ORIENTED_EDGE('',*,*,#12343,.T.);
#12343 = EDGE_CURVE('',#12336,#12344,#12346,.T.);
#12344 = VERTEX_POINT('',#12345);
#12345 = CARTESIAN_POINT('',(1.5,-11.,6.));
#12346 = LINE('',#12347,#12348);
#12347 = CARTESIAN_POINT('',(-1.5,-11.,6.));
#12348 = VECTOR('',#12349,1.);
#12349 = DIRECTION('',(1.,0.,-0.));
#12350 = ORIENTED_EDGE('',*,*,#12351,.F.);
#12351 = EDGE_CURVE('',#12170,#12344,#12352,.T.);
#12352 = LINE('',#12353,#12354);
#12353 = CARTESIAN_POINT('',(1.5,-11.,4.5));
#12354 = VECTOR('',#12355,1.);
#12355 = DIRECTION('',(0.,0.,1.));
#12356 = PLANE('',#12357);
#12357 = AXIS2_PLACEMENT_3D('',#12358,#12359,#12360);
#12358 = CARTESIAN_POINT('',(-1.5,-11.,4.5));
#12359 = DIRECTION('',(-0.,1.,0.));
#12360 = DIRECTION('',(0.,0.,1.));
#12361 = ADVANCED_FACE('',(#12362),#12403,.F.);
#12362 = FACE_BOUND('',#12363,.F.);
#12363 = EDGE_LOOP('',(#12364,#12365,#12373,#12381,#12389,#12397));
#12364 = ORIENTED_EDGE('',*,*,#12295,.F.);
#12365 = ORIENTED_EDGE('',*,*,#12366,.T.);
#12366 = EDGE_CURVE('',#12288,#12367,#12369,.T.);
#12367 = VERTEX_POINT('',#12368);
#12368 = CARTESIAN_POINT('',(-1.5,11.,-6.));
#12369 = LINE('',#12370,#12371);
#12370 = CARTESIAN_POINT('',(-1.5,-11.,-6.));
#12371 = VECTOR('',#12372,1.);
#12372 = DIRECTION('',(-0.,1.,0.));
#12373 = ORIENTED_EDGE('',*,*,#12374,.T.);
#12374 = EDGE_CURVE('',#12367,#12375,#12377,.T.);
#12375 = VERTEX_POINT('',#12376);
#12376 = CARTESIAN_POINT('',(-1.5,11.,-5.));
#12377 = LINE('',#12378,#12379);
#12378 = CARTESIAN_POINT('',(-1.5,11.,-6.));
#12379 = VECTOR('',#12380,1.);
#12380 = DIRECTION('',(0.,0.,1.));
#12381 = ORIENTED_EDGE('',*,*,#12382,.T.);
#12382 = EDGE_CURVE('',#12375,#12383,#12385,.T.);
#12383 = VERTEX_POINT('',#12384);
#12384 = CARTESIAN_POINT('',(-1.5,11.,-4.5));
#12385 = LINE('',#12386,#12387);
#12386 = CARTESIAN_POINT('',(-1.5,11.,-6.));
#12387 = VECTOR('',#12388,1.);
#12388 = DIRECTION('',(0.,0.,1.));
#12389 = ORIENTED_EDGE('',*,*,#12390,.F.);
#12390 = EDGE_CURVE('',#12391,#12383,#12393,.T.);
#12391 = VERTEX_POINT('',#12392);
#12392 = CARTESIAN_POINT('',(-1.5,-11.,-4.5));
#12393 = LINE('',#12394,#12395);
#12394 = CARTESIAN_POINT('',(-1.5,-11.,-4.5));
#12395 = VECTOR('',#12396,1.);
#12396 = DIRECTION('',(-0.,1.,0.));
#12397 = ORIENTED_EDGE('',*,*,#12398,.F.);
#12398 = EDGE_CURVE('',#12258,#12391,#12399,.T.);
#12399 = LINE('',#12400,#12401);
#12400 = CARTESIAN_POINT('',(-1.5,-11.,-6.));
#12401 = VECTOR('',#12402,1.);
#12402 = DIRECTION('',(0.,0.,1.));
#12403 = PLANE('',#12404);
#12404 = AXIS2_PLACEMENT_3D('',#12405,#12406,#12407);
#12405 = CARTESIAN_POINT('',(-1.5,-11.,-6.));
#12406 = DIRECTION('',(1.,0.,-0.));
#12407 = DIRECTION('',(0.,0.,1.));
#12408 = ADVANCED_FACE('',(#12409),#12434,.T.);
#12409 = FACE_BOUND('',#12410,.T.);
#12410 = EDGE_LOOP('',(#12411,#12412,#12420,#12428));
#12411 = ORIENTED_EDGE('',*,*,#12390,.F.);
#12412 = ORIENTED_EDGE('',*,*,#12413,.T.);
#12413 = EDGE_CURVE('',#12391,#12414,#12416,.T.);
#12414 = VERTEX_POINT('',#12415);
#12415 = CARTESIAN_POINT('',(1.5,-11.,-4.5));
#12416 = LINE('',#12417,#12418);
#12417 = CARTESIAN_POINT('',(-1.5,-11.,-4.5));
#12418 = VECTOR('',#12419,1.);
#12419 = DIRECTION('',(1.,0.,-0.));
#12420 = ORIENTED_EDGE('',*,*,#12421,.T.);
#12421 = EDGE_CURVE('',#12414,#12422,#12424,.T.);
#12422 = VERTEX_POINT('',#12423);
#12423 = CARTESIAN_POINT('',(1.5,11.,-4.5));
#12424 = LINE('',#12425,#12426);
#12425 = CARTESIAN_POINT('',(1.5,-11.,-4.5));
#12426 = VECTOR('',#12427,1.);
#12427 = DIRECTION('',(-0.,1.,0.));
#12428 = ORIENTED_EDGE('',*,*,#12429,.F.);
#12429 = EDGE_CURVE('',#12383,#12422,#12430,.T.);
#12430 = LINE('',#12431,#12432);
#12431 = CARTESIAN_POINT('',(-1.5,11.,-4.5));
#12432 = VECTOR('',#12433,1.);
#12433 = DIRECTION('',(1.,0.,-0.));
#12434 = PLANE('',#12435);
#12435 = AXIS2_PLACEMENT_3D('',#12436,#12437,#12438);
#12436 = CARTESIAN_POINT('',(-1.5,-11.,-4.5));
#12437 = DIRECTION('',(0.,0.,1.));
#12438 = DIRECTION('',(1.,0.,-0.));
#12439 = ADVANCED_FACE('',(#12440),#12472,.T.);
#12440 = FACE_BOUND('',#12441,.T.);
#12441 = EDGE_LOOP('',(#12442,#12443,#12451,#12459,#12465,#12466));
#12442 = ORIENTED_EDGE('',*,*,#12279,.F.);
#12443 = ORIENTED_EDGE('',*,*,#12444,.T.);
#12444 = EDGE_CURVE('',#12280,#12445,#12447,.T.);
#12445 = VERTEX_POINT('',#12446);
#12446 = CARTESIAN_POINT('',(1.5,11.,-6.));
#12447 = LINE('',#12448,#12449);
#12448 = CARTESIAN_POINT('',(1.5,-11.,-6.));
#12449 = VECTOR('',#12450,1.);
#12450 = DIRECTION('',(-0.,1.,0.));
#12451 = ORIENTED_EDGE('',*,*,#12452,.T.);
#12452 = EDGE_CURVE('',#12445,#12453,#12455,.T.);
#12453 = VERTEX_POINT('',#12454);
#12454 = CARTESIAN_POINT('',(1.5,11.,-5.));
#12455 = LINE('',#12456,#12457);
#12456 = CARTESIAN_POINT('',(1.5,11.,-6.));
#12457 = VECTOR('',#12458,1.);
#12458 = DIRECTION('',(0.,0.,1.));
#12459 = ORIENTED_EDGE('',*,*,#12460,.T.);
#12460 = EDGE_CURVE('',#12453,#12422,#12461,.T.);
#12461 = LINE('',#12462,#12463);
#12462 = CARTESIAN_POINT('',(1.5,11.,-6.));
#12463 = VECTOR('',#12464,1.);
#12464 = DIRECTION('',(0.,0.,1.));
#12465 = ORIENTED_EDGE('',*,*,#12421,.F.);
#12466 = ORIENTED_EDGE('',*,*,#12467,.F.);
#12467 = EDGE_CURVE('',#12250,#12414,#12468,.T.);
#12468 = LINE('',#12469,#12470);
#12469 = CARTESIAN_POINT('',(1.5,-11.,-6.));
#12470 = VECTOR('',#12471,1.);
#12471 = DIRECTION('',(0.,0.,1.));
#12472 = PLANE('',#12473);
#12473 = AXIS2_PLACEMENT_3D('',#12474,#12475,#12476);
#12474 = CARTESIAN_POINT('',(1.5,-11.,-6.));
#12475 = DIRECTION('',(1.,0.,-0.));
#12476 = DIRECTION('',(0.,0.,1.));
#12477 = ADVANCED_FACE('',(#12478),#12519,.T.);
#12478 = FACE_BOUND('',#12479,.T.);
#12479 = EDGE_LOOP('',(#12480,#12488,#12496,#12504,#12512,#12518));
#12480 = ORIENTED_EDGE('',*,*,#12481,.F.);
#12481 = EDGE_CURVE('',#12482,#12170,#12484,.T.);
#12482 = VERTEX_POINT('',#12483);
#12483 = CARTESIAN_POINT('',(1.5,-11.,4.5));
#12484 = LINE('',#12485,#12486);
#12485 = CARTESIAN_POINT('',(1.5,-11.,4.5));
#12486 = VECTOR('',#12487,1.);
#12487 = DIRECTION('',(0.,0.,1.));
#12488 = ORIENTED_EDGE('',*,*,#12489,.T.);
#12489 = EDGE_CURVE('',#12482,#12490,#12492,.T.);
#12490 = VERTEX_POINT('',#12491);
#12491 = CARTESIAN_POINT('',(1.5,11.,4.5));
#12492 = LINE('',#12493,#12494);
#12493 = CARTESIAN_POINT('',(1.5,-11.,4.5));
#12494 = VECTOR('',#12495,1.);
#12495 = DIRECTION('',(-0.,1.,0.));
#12496 = ORIENTED_EDGE('',*,*,#12497,.T.);
#12497 = EDGE_CURVE('',#12490,#12498,#12500,.T.);
#12498 = VERTEX_POINT('',#12499);
#12499 = CARTESIAN_POINT('',(1.5,11.,5.));
#12500 = LINE('',#12501,#12502);
#12501 = CARTESIAN_POINT('',(1.5,11.,4.5));
#12502 = VECTOR('',#12503,1.);
#12503 = DIRECTION('',(0.,0.,1.));
#12504 = ORIENTED_EDGE('',*,*,#12505,.T.);
#12505 = EDGE_CURVE('',#12498,#12506,#12508,.T.);
#12506 = VERTEX_POINT('',#12507);
#12507 = CARTESIAN_POINT('',(1.5,11.,6.));
#12508 = LINE('',#12509,#12510);
#12509 = CARTESIAN_POINT('',(1.5,11.,4.5));
#12510 = VECTOR('',#12511,1.);
#12511 = DIRECTION('',(0.,0.,1.));
#12512 = ORIENTED_EDGE('',*,*,#12513,.F.);
#12513 = EDGE_CURVE('',#12344,#12506,#12514,.T.);
#12514 = LINE('',#12515,#12516);
#12515 = CARTESIAN_POINT('',(1.5,-11.,6.));
#12516 = VECTOR('',#12517,1.);
#12517 = DIRECTION('',(-0.,1.,0.));
#12518 = ORIENTED_EDGE('',*,*,#12351,.F.);
#12519 = PLANE('',#12520);
#12520 = AXIS2_PLACEMENT_3D('',#12521,#12522,#12523);
#12521 = CARTESIAN_POINT('',(1.5,-11.,4.5));
#12522 = DIRECTION('',(1.,0.,-0.));
#12523 = DIRECTION('',(0.,0.,1.));
#12524 = ADVANCED_FACE('',(#12525),#12550,.F.);
#12525 = FACE_BOUND('',#12526,.F.);
#12526 = EDGE_LOOP('',(#12527,#12537,#12543,#12544));
#12527 = ORIENTED_EDGE('',*,*,#12528,.F.);
#12528 = EDGE_CURVE('',#12529,#12531,#12533,.T.);
#12529 = VERTEX_POINT('',#12530);
#12530 = CARTESIAN_POINT('',(-1.5,-11.,4.5));
#12531 = VERTEX_POINT('',#12532);
#12532 = CARTESIAN_POINT('',(-1.5,11.,4.5));
#12533 = LINE('',#12534,#12535);
#12534 = CARTESIAN_POINT('',(-1.5,-11.,4.5));
#12535 = VECTOR('',#12536,1.);
#12536 = DIRECTION('',(-0.,1.,0.));
#12537 = ORIENTED_EDGE('',*,*,#12538,.T.);
#12538 = EDGE_CURVE('',#12529,#12482,#12539,.T.);
#12539 = LINE('',#12540,#12541);
#12540 = CARTESIAN_POINT('',(-1.5,-11.,4.5));
#12541 = VECTOR('',#12542,1.);
#12542 = DIRECTION('',(1.,0.,-0.));
#12543 = ORIENTED_EDGE('',*,*,#12489,.T.);
#12544 = ORIENTED_EDGE('',*,*,#12545,.F.);
#12545 = EDGE_CURVE('',#12531,#12490,#12546,.T.);
#12546 = LINE('',#12547,#12548);
#12547 = CARTESIAN_POINT('',(-1.5,11.,4.5));
#12548 = VECTOR('',#12549,1.);
#12549 = DIRECTION('',(1.,0.,-0.));
#12550 = PLANE('',#12551);
#12551 = AXIS2_PLACEMENT_3D('',#12552,#12553,#12554);
#12552 = CARTESIAN_POINT('',(-1.5,-11.,4.5));
#12553 = DIRECTION('',(0.,0.,1.));
#12554 = DIRECTION('',(1.,0.,-0.));
#12555 = ADVANCED_FACE('',(#12556),#12588,.F.);
#12556 = FACE_BOUND('',#12557,.F.);
#12557 = EDGE_LOOP('',(#12558,#12564,#12565,#12573,#12581,#12587));
#12558 = ORIENTED_EDGE('',*,*,#12559,.F.);
#12559 = EDGE_CURVE('',#12529,#12178,#12560,.T.);
#12560 = LINE('',#12561,#12562);
#12561 = CARTESIAN_POINT('',(-1.5,-11.,4.5));
#12562 = VECTOR('',#12563,1.);
#12563 = DIRECTION('',(0.,0.,1.));
#12564 = ORIENTED_EDGE('',*,*,#12528,.T.);
#12565 = ORIENTED_EDGE('',*,*,#12566,.T.);
#12566 = EDGE_CURVE('',#12531,#12567,#12569,.T.);
#12567 = VERTEX_POINT('',#12568);
#12568 = CARTESIAN_POINT('',(-1.5,11.,5.));
#12569 = LINE('',#12570,#12571);
#12570 = CARTESIAN_POINT('',(-1.5,11.,4.5));
#12571 = VECTOR('',#12572,1.);
#12572 = DIRECTION('',(0.,0.,1.));
#12573 = ORIENTED_EDGE('',*,*,#12574,.T.);
#12574 = EDGE_CURVE('',#12567,#12575,#12577,.T.);
#12575 = VERTEX_POINT('',#12576);
#12576 = CARTESIAN_POINT('',(-1.5,11.,6.));
#12577 = LINE('',#12578,#12579);
#12578 = CARTESIAN_POINT('',(-1.5,11.,4.5));
#12579 = VECTOR('',#12580,1.);
#12580 = DIRECTION('',(0.,0.,1.));
#12581 = ORIENTED_EDGE('',*,*,#12582,.F.);
#12582 = EDGE_CURVE('',#12336,#12575,#12583,.T.);
#12583 = LINE('',#12584,#12585);
#12584 = CARTESIAN_POINT('',(-1.5,-11.,6.));
#12585 = VECTOR('',#12586,1.);
#12586 = DIRECTION('',(-0.,1.,0.));
#12587 = ORIENTED_EDGE('',*,*,#12335,.F.);
#12588 = PLANE('',#12589);
#12589 = AXIS2_PLACEMENT_3D('',#12590,#12591,#12592);
#12590 = CARTESIAN_POINT('',(-1.5,-11.,4.5));
#12591 = DIRECTION('',(1.,0.,-0.));
#12592 = DIRECTION('',(0.,0.,1.));
#12593 = ADVANCED_FACE('',(#12594),#12605,.F.);
#12594 = FACE_BOUND('',#12595,.F.);
#12595 = EDGE_LOOP('',(#12596,#12597,#12598,#12599));
#12596 = ORIENTED_EDGE('',*,*,#12366,.F.);
#12597 = ORIENTED_EDGE('',*,*,#12287,.T.);
#12598 = ORIENTED_EDGE('',*,*,#12444,.T.);
#12599 = ORIENTED_EDGE('',*,*,#12600,.F.);
#12600 = EDGE_CURVE('',#12367,#12445,#12601,.T.);
#12601 = LINE('',#12602,#12603);
#12602 = CARTESIAN_POINT('',(-1.5,11.,-6.));
#12603 = VECTOR('',#12604,1.);
#12604 = DIRECTION('',(1.,0.,-0.));
#12605 = PLANE('',#12606);
#12606 = AXIS2_PLACEMENT_3D('',#12607,#12608,#12609);
#12607 = CARTESIAN_POINT('',(-1.5,-11.,-6.));
#12608 = DIRECTION('',(0.,0.,1.));
#12609 = DIRECTION('',(1.,0.,-0.));
#12610 = ADVANCED_FACE('',(#12611),#12622,.T.);
#12611 = FACE_BOUND('',#12612,.T.);
#12612 = EDGE_LOOP('',(#12613,#12614,#12615,#12616));
#12613 = ORIENTED_EDGE('',*,*,#12582,.F.);
#12614 = ORIENTED_EDGE('',*,*,#12343,.T.);
#12615 = ORIENTED_EDGE('',*,*,#12513,.T.);
#12616 = ORIENTED_EDGE('',*,*,#12617,.F.);
#12617 = EDGE_CURVE('',#12575,#12506,#12618,.T.);
#12618 = LINE('',#12619,#12620);
#12619 = CARTESIAN_POINT('',(-1.5,11.,6.));
#12620 = VECTOR('',#12621,1.);
#12621 = DIRECTION('',(1.,0.,-0.));
#12622 = PLANE('',#12623);
#12623 = AXIS2_PLACEMENT_3D('',#12624,#12625,#12626);
#12624 = CARTESIAN_POINT('',(-1.5,-11.,6.));
#12625 = DIRECTION('',(0.,0.,1.));
#12626 = DIRECTION('',(1.,0.,-0.));
#12627 = ADVANCED_FACE('',(#12628),#12639,.T.);
#12628 = FACE_BOUND('',#12629,.T.);
#12629 = EDGE_LOOP('',(#12630,#12631,#12632,#12633));
#12630 = ORIENTED_EDGE('',*,*,#12452,.F.);
#12631 = ORIENTED_EDGE('',*,*,#12600,.F.);
#12632 = ORIENTED_EDGE('',*,*,#12374,.T.);
#12633 = ORIENTED_EDGE('',*,*,#12634,.T.);
#12634 = EDGE_CURVE('',#12375,#12453,#12635,.T.);
#12635 = LINE('',#12636,#12637);
#12636 = CARTESIAN_POINT('',(-7.586206896552,11.,-5.));
#12637 = VECTOR('',#12638,1.);
#12638 = DIRECTION('',(1.,0.,-0.));
#12639 = PLANE('',#12640);
#12640 = AXIS2_PLACEMENT_3D('',#12641,#12642,#12643);
#12641 = CARTESIAN_POINT('',(-1.5,11.,-6.));
#12642 = DIRECTION('',(-0.,1.,0.));
#12643 = DIRECTION('',(0.,0.,1.));
#12644 = ADVANCED_FACE('',(#12645),#12656,.T.);
#12645 = FACE_BOUND('',#12646,.T.);
#12646 = EDGE_LOOP('',(#12647,#12653,#12654,#12655));
#12647 = ORIENTED_EDGE('',*,*,#12648,.F.);
#12648 = EDGE_CURVE('',#12567,#12498,#12649,.T.);
#12649 = LINE('',#12650,#12651);
#12650 = CARTESIAN_POINT('',(-7.586206896552,11.,5.));
#12651 = VECTOR('',#12652,1.);
#12652 = DIRECTION('',(1.,0.,-0.));
#12653 = ORIENTED_EDGE('',*,*,#12574,.T.);
#12654 = ORIENTED_EDGE('',*,*,#12617,.T.);
#12655 = ORIENTED_EDGE('',*,*,#12505,.F.);
#12656 = PLANE('',#12657);
#12657 = AXIS2_PLACEMENT_3D('',#12658,#12659,#12660);
#12658 = CARTESIAN_POINT('',(-1.5,11.,4.5));
#12659 = DIRECTION('',(-0.,1.,0.));
#12660 = DIRECTION('',(0.,0.,1.));
#12661 = ADVANCED_FACE('',(#12662),#12703,.F.);
#12662 = FACE_BOUND('',#12663,.F.);
#12663 = EDGE_LOOP('',(#12664,#12674,#12680,#12681,#12689,#12697));
#12664 = ORIENTED_EDGE('',*,*,#12665,.F.);
#12665 = EDGE_CURVE('',#12666,#12668,#12670,.T.);
#12666 = VERTEX_POINT('',#12667);
#12667 = CARTESIAN_POINT('',(-7.586206896552,11.,-5.));
#12668 = VERTEX_POINT('',#12669);
#12669 = CARTESIAN_POINT('',(-7.586206896552,12.5,-5.));
#12670 = LINE('',#12671,#12672);
#12671 = CARTESIAN_POINT('',(-7.586206896552,11.,-5.));
#12672 = VECTOR('',#12673,1.);
#12673 = DIRECTION('',(-0.,1.,0.));
#12674 = ORIENTED_EDGE('',*,*,#12675,.T.);
#12675 = EDGE_CURVE('',#12666,#12375,#12676,.T.);
#12676 = LINE('',#12677,#12678);
#12677 = CARTESIAN_POINT('',(-7.586206896552,11.,-5.));
#12678 = VECTOR('',#12679,1.);
#12679 = DIRECTION('',(1.,0.,-0.));
#12680 = ORIENTED_EDGE('',*,*,#12634,.T.);
#12681 = ORIENTED_EDGE('',*,*,#12682,.T.);
#12682 = EDGE_CURVE('',#12453,#12683,#12685,.T.);
#12683 = VERTEX_POINT('',#12684);
#12684 = CARTESIAN_POINT('',(7.586206896552,11.,-5.));
#12685 = LINE('',#12686,#12687);
#12686 = CARTESIAN_POINT('',(-7.586206896552,11.,-5.));
#12687 = VECTOR('',#12688,1.);
#12688 = DIRECTION('',(1.,0.,-0.));
#12689 = ORIENTED_EDGE('',*,*,#12690,.T.);
#12690 = EDGE_CURVE('',#12683,#12691,#12693,.T.);
#12691 = VERTEX_POINT('',#12692);
#12692 = CARTESIAN_POINT('',(7.586206896552,12.5,-5.));
#12693 = LINE('',#12694,#12695);
#12694 = CARTESIAN_POINT('',(7.586206896552,11.,-5.));
#12695 = VECTOR('',#12696,1.);
#12696 = DIRECTION('',(-0.,1.,0.));
#12697 = ORIENTED_EDGE('',*,*,#12698,.F.);
#12698 = EDGE_CURVE('',#12668,#12691,#12699,.T.);
#12699 = LINE('',#12700,#12701);
#12700 = CARTESIAN_POINT('',(-7.586206896552,12.5,-5.));
#12701 = VECTOR('',#12702,1.);
#12702 = DIRECTION('',(1.,0.,-0.));
#12703 = PLANE('',#12704);
#12704 = AXIS2_PLACEMENT_3D('',#12705,#12706,#12707);
#12705 = CARTESIAN_POINT('',(-7.586206896552,11.,-5.));
#12706 = DIRECTION('',(0.,0.,1.));
#12707 = DIRECTION('',(1.,0.,-0.));
#12708 = ADVANCED_FACE('',(#12709),#12750,.T.);
#12709 = FACE_BOUND('',#12710,.T.);
#12710 = EDGE_LOOP('',(#12711,#12721,#12727,#12728,#12736,#12744));
#12711 = ORIENTED_EDGE('',*,*,#12712,.F.);
#12712 = EDGE_CURVE('',#12713,#12715,#12717,.T.);
#12713 = VERTEX_POINT('',#12714);
#12714 = CARTESIAN_POINT('',(-7.586206896552,11.,5.));
#12715 = VERTEX_POINT('',#12716);
#12716 = CARTESIAN_POINT('',(-7.586206896552,12.5,5.));
#12717 = LINE('',#12718,#12719);
#12718 = CARTESIAN_POINT('',(-7.586206896552,11.,5.));
#12719 = VECTOR('',#12720,1.);
#12720 = DIRECTION('',(-0.,1.,0.));
#12721 = ORIENTED_EDGE('',*,*,#12722,.T.);
#12722 = EDGE_CURVE('',#12713,#12567,#12723,.T.);
#12723 = LINE('',#12724,#12725);
#12724 = CARTESIAN_POINT('',(-7.586206896552,11.,5.));
#12725 = VECTOR('',#12726,1.);
#12726 = DIRECTION('',(1.,0.,-0.));
#12727 = ORIENTED_EDGE('',*,*,#12648,.T.);
#12728 = ORIENTED_EDGE('',*,*,#12729,.T.);
#12729 = EDGE_CURVE('',#12498,#12730,#12732,.T.);
#12730 = VERTEX_POINT('',#12731);
#12731 = CARTESIAN_POINT('',(7.586206896552,11.,5.));
#12732 = LINE('',#12733,#12734);
#12733 = CARTESIAN_POINT('',(-7.586206896552,11.,5.));
#12734 = VECTOR('',#12735,1.);
#12735 = DIRECTION('',(1.,0.,-0.));
#12736 = ORIENTED_EDGE('',*,*,#12737,.T.);
#12737 = EDGE_CURVE('',#12730,#12738,#12740,.T.);
#12738 = VERTEX_POINT('',#12739);
#12739 = CARTESIAN_POINT('',(7.586206896552,12.5,5.));
#12740 = LINE('',#12741,#12742);
#12741 = CARTESIAN_POINT('',(7.586206896552,11.,5.));
#12742 = VECTOR('',#12743,1.);
#12743 = DIRECTION('',(-0.,1.,0.));
#12744 = ORIENTED_EDGE('',*,*,#12745,.F.);
#12745 = EDGE_CURVE('',#12715,#12738,#12746,.T.);
#12746 = LINE('',#12747,#12748);
#12747 = CARTESIAN_POINT('',(-7.586206896552,12.5,5.));
#12748 = VECTOR('',#12749,1.);
#12749 = DIRECTION('',(1.,0.,-0.));
#12750 = PLANE('',#12751);
#12751 = AXIS2_PLACEMENT_3D('',#12752,#12753,#12754);
#12752 = CARTESIAN_POINT('',(-7.586206896552,11.,5.));
#12753 = DIRECTION('',(0.,0.,1.));
#12754 = DIRECTION('',(1.,0.,-0.));
#12755 = ADVANCED_FACE('',(#12756),#12774,.T.);
#12756 = FACE_BOUND('',#12757,.T.);
#12757 = EDGE_LOOP('',(#12758,#12759,#12766,#12767));
#12758 = ORIENTED_EDGE('',*,*,#12712,.T.);
#12759 = ORIENTED_EDGE('',*,*,#12760,.F.);
#12760 = EDGE_CURVE('',#12668,#12715,#12761,.T.);
#12761 = CIRCLE('',#12762,5.);
#12762 = AXIS2_PLACEMENT_3D('',#12763,#12764,#12765);
#12763 = CARTESIAN_POINT('',(-7.586206896552,12.5,0.));
#12764 = DIRECTION('',(0.,1.,0.));
#12765 = DIRECTION('',(0.,-0.,1.));
#12766 = ORIENTED_EDGE('',*,*,#12665,.F.);
#12767 = ORIENTED_EDGE('',*,*,#12768,.T.);
#12768 = EDGE_CURVE('',#12666,#12713,#12769,.T.);
#12769 = CIRCLE('',#12770,5.);
#12770 = AXIS2_PLACEMENT_3D('',#12771,#12772,#12773);
#12771 = CARTESIAN_POINT('',(-7.586206896552,11.,0.));
#12772 = DIRECTION('',(0.,1.,0.));
#12773 = DIRECTION('',(0.,-0.,1.));
#12774 = CYLINDRICAL_SURFACE('',#12775,5.);
#12775 = AXIS2_PLACEMENT_3D('',#12776,#12777,#12778);
#12776 = CARTESIAN_POINT('',(-7.586206896552,11.,0.));
#12777 = DIRECTION('',(0.,1.,0.));
#12778 = DIRECTION('',(0.,-0.,1.));
#12779 = ADVANCED_FACE('',(#12780),#12798,.T.);
#12780 = FACE_BOUND('',#12781,.T.);
#12781 = EDGE_LOOP('',(#12782,#12789,#12790,#12797));
#12782 = ORIENTED_EDGE('',*,*,#12783,.F.);
#12783 = EDGE_CURVE('',#12738,#12691,#12784,.T.);
#12784 = CIRCLE('',#12785,5.);
#12785 = AXIS2_PLACEMENT_3D('',#12786,#12787,#12788);
#12786 = CARTESIAN_POINT('',(7.586206896552,12.5,0.));
#12787 = DIRECTION('',(0.,1.,0.));
#12788 = DIRECTION('',(0.,-0.,1.));
#12789 = ORIENTED_EDGE('',*,*,#12737,.F.);
#12790 = ORIENTED_EDGE('',*,*,#12791,.T.);
#12791 = EDGE_CURVE('',#12730,#12683,#12792,.T.);
#12792 = CIRCLE('',#12793,5.);
#12793 = AXIS2_PLACEMENT_3D('',#12794,#12795,#12796);
#12794 = CARTESIAN_POINT('',(7.586206896552,11.,0.));
#12795 = DIRECTION('',(0.,1.,0.));
#12796 = DIRECTION('',(0.,-0.,1.));
#12797 = ORIENTED_EDGE('',*,*,#12690,.T.);
#12798 = CYLINDRICAL_SURFACE('',#12799,5.);
#12799 = AXIS2_PLACEMENT_3D('',#12800,#12801,#12802);
#12800 = CARTESIAN_POINT('',(7.586206896552,11.,0.));
#12801 = DIRECTION('',(0.,1.,0.));
#12802 = DIRECTION('',(0.,-0.,1.));
#12803 = ADVANCED_FACE('',(#12804),#12810,.T.);
#12804 = FACE_BOUND('',#12805,.T.);
#12805 = EDGE_LOOP('',(#12806,#12807,#12808,#12809));
#12806 = ORIENTED_EDGE('',*,*,#12233,.T.);
#12807 = ORIENTED_EDGE('',*,*,#12318,.F.);
#12808 = ORIENTED_EDGE('',*,*,#12153,.F.);
#12809 = ORIENTED_EDGE('',*,*,#12217,.F.);
#12810 = PLANE('',#12811);
#12811 = AXIS2_PLACEMENT_3D('',#12812,#12813,#12814);
#12812 = CARTESIAN_POINT('',(-6.476089505928E-16,-12.5,
    -2.354941638519E-16));
#12813 = DIRECTION('',(-0.,-1.,-0.));
#12814 = DIRECTION('',(0.,0.,-1.));
#12815 = ADVANCED_FACE('',(#12816),#12830,.T.);
#12816 = FACE_BOUND('',#12817,.T.);
#12817 = EDGE_LOOP('',(#12818,#12819,#12820,#12821,#12822,#12823,#12824,
    #12825,#12826,#12827,#12828,#12829));
#12818 = ORIENTED_EDGE('',*,*,#12265,.F.);
#12819 = ORIENTED_EDGE('',*,*,#12200,.T.);
#12820 = ORIENTED_EDGE('',*,*,#12185,.T.);
#12821 = ORIENTED_EDGE('',*,*,#12559,.F.);
#12822 = ORIENTED_EDGE('',*,*,#12538,.T.);
#12823 = ORIENTED_EDGE('',*,*,#12481,.T.);
#12824 = ORIENTED_EDGE('',*,*,#12169,.T.);
#12825 = ORIENTED_EDGE('',*,*,#12310,.T.);
#12826 = ORIENTED_EDGE('',*,*,#12249,.F.);
#12827 = ORIENTED_EDGE('',*,*,#12467,.T.);
#12828 = ORIENTED_EDGE('',*,*,#12413,.F.);
#12829 = ORIENTED_EDGE('',*,*,#12398,.F.);
#12830 = PLANE('',#12831);
#12831 = AXIS2_PLACEMENT_3D('',#12832,#12833,#12834);
#12832 = CARTESIAN_POINT('',(1.139697972182E-16,-11.,-2.279395944363E-16
    ));
#12833 = DIRECTION('',(0.,1.,0.));
#12834 = DIRECTION('',(0.,-0.,1.));
#12835 = ADVANCED_FACE('',(#12836),#12850,.T.);
#12836 = FACE_BOUND('',#12837,.T.);
#12837 = EDGE_LOOP('',(#12838,#12839,#12840,#12841,#12842,#12843,#12844,
    #12845,#12846,#12847,#12848,#12849));
#12838 = ORIENTED_EDGE('',*,*,#12675,.T.);
#12839 = ORIENTED_EDGE('',*,*,#12382,.T.);
#12840 = ORIENTED_EDGE('',*,*,#12429,.T.);
#12841 = ORIENTED_EDGE('',*,*,#12460,.F.);
#12842 = ORIENTED_EDGE('',*,*,#12682,.T.);
#12843 = ORIENTED_EDGE('',*,*,#12791,.F.);
#12844 = ORIENTED_EDGE('',*,*,#12729,.F.);
#12845 = ORIENTED_EDGE('',*,*,#12497,.F.);
#12846 = ORIENTED_EDGE('',*,*,#12545,.F.);
#12847 = ORIENTED_EDGE('',*,*,#12566,.T.);
#12848 = ORIENTED_EDGE('',*,*,#12722,.F.);
#12849 = ORIENTED_EDGE('',*,*,#12768,.F.);
#12850 = PLANE('',#12851);
#12851 = AXIS2_PLACEMENT_3D('',#12852,#12853,#12854);
#12852 = CARTESIAN_POINT('',(-6.268338846999E-16,11.,-2.279395944363E-16
    ));
#12853 = DIRECTION('',(-0.,-1.,-0.));
#12854 = DIRECTION('',(0.,0.,-1.));
#12855 = ADVANCED_FACE('',(#12856),#12862,.T.);
#12856 = FACE_BOUND('',#12857,.T.);
#12857 = EDGE_LOOP('',(#12858,#12859,#12860,#12861));
#12858 = ORIENTED_EDGE('',*,*,#12698,.F.);
#12859 = ORIENTED_EDGE('',*,*,#12760,.T.);
#12860 = ORIENTED_EDGE('',*,*,#12745,.T.);
#12861 = ORIENTED_EDGE('',*,*,#12783,.T.);
#12862 = PLANE('',#12863);
#12863 = AXIS2_PLACEMENT_3D('',#12864,#12865,#12866);
#12864 = CARTESIAN_POINT('',(-3.532412457779E-16,12.5,8.831031144447E-17
    ));
#12865 = DIRECTION('',(0.,1.,0.));
#12866 = DIRECTION('',(0.,-0.,1.));
#12867 = ( GEOMETRIC_REPRESENTATION_CONTEXT(3) 
GLOBAL_UNCERTAINTY_ASSIGNED_CONTEXT((#12871)) 
GLOBAL_UNIT_ASSIGNED_CONTEXT((#12868,#12869,#12870)) 
REPRESENTATION_CONTEXT('Context #1',
  '3D Context with UNIT and UNCERTAINTY') );
#12868 = ( LENGTH_UNIT() NAMED_UNIT(*) SI_UNIT(.MILLI.,.METRE.) );
#12869 = ( NAMED_UNIT(*) PLANE_ANGLE_UNIT() SI_UNIT($,.RADIAN.) );
#12870 = ( NAMED_UNIT(*) SI_UNIT($,.STERADIAN.) SOLID_ANGLE_UNIT() );
#12871 = UNCERTAINTY_MEASURE_WITH_UNIT(LENGTH_MEASURE(1.E-07),#12868,
  'distance_accuracy_value','confusion accuracy');
#12872 = CONTEXT_DEPENDENT_SHAPE_REPRESENTATION(#12873,#12875);
#12873 = ( REPRESENTATION_RELATIONSHIP('','',#12136,#10) 
REPRESENTATION_RELATIONSHIP_WITH_TRANSFORMATION(#12874) 
SHAPE_REPRESENTATION_RELATIONSHIP() );
#12874 = ITEM_DEFINED_TRANSFORMATION('','',#11,#79);
#12875 = PRODUCT_DEFINITION_SHAPE('Placement','Placement of an item',
  #12876);
#12876 = NEXT_ASSEMBLY_USAGE_OCCURRENCE('17','link_16','',#5,#12131,$);
#12877 = PRODUCT_RELATED_PRODUCT_CATEGORY('part',$,(#12133));
#12878 = SHAPE_DEFINITION_REPRESENTATION(#12879,#12885);
#12879 = PRODUCT_DEFINITION_SHAPE('','',#12880);
#12880 = PRODUCT_DEFINITION('design','',#12881,#12884);
#12881 = PRODUCT_DEFINITION_FORMATION('','',#12882);
#12882 = PRODUCT('link_17','link_17','',(#12883));
#12883 = PRODUCT_CONTEXT('',#2,'mechanical');
#12884 = PRODUCT_DEFINITION_CONTEXT('part definition',#2,'design');
#12885 = ADVANCED_BREP_SHAPE_REPRESENTATION('',(#11,#12886),#13616);
#12886 = MANIFOLD_SOLID_BREP('',#12887);
#12887 = CLOSED_SHELL('',(#12888,#12944,#12977,#13024,#13055,#13079,
    #13110,#13157,#13188,#13226,#13273,#13304,#13342,#13359,#13376,
    #13393,#13410,#13457,#13504,#13528,#13552,#13564,#13584,#13604));
#12888 = ADVANCED_FACE('',(#12889),#12939,.T.);
#12889 = FACE_BOUND('',#12890,.T.);
#12890 = EDGE_LOOP('',(#12891,#12901,#12909,#12917,#12925,#12933));
#12891 = ORIENTED_EDGE('',*,*,#12892,.F.);
#12892 = EDGE_CURVE('',#12893,#12895,#12897,.T.);
#12893 = VERTEX_POINT('',#12894);
#12894 = CARTESIAN_POINT('',(-7.586206896552,-12.5,5.));
#12895 = VERTEX_POINT('',#12896);
#12896 = CARTESIAN_POINT('',(-7.586206896552,-11.,5.));
#12897 = LINE('',#12898,#12899);
#12898 = CARTESIAN_POINT('',(-7.586206896552,-12.5,5.));
#12899 = VECTOR('',#12900,1.);
#12900 = DIRECTION('',(-0.,1.,0.));
#12901 = ORIENTED_EDGE('',*,*,#12902,.T.);
#12902 = EDGE_CURVE('',#12893,#12903,#12905,.T.);
#12903 = VERTEX_POINT('',#12904);
#12904 = CARTESIAN_POINT('',(7.586206896552,-12.5,5.));
#12905 = LINE('',#12906,#12907);
#12906 = CARTESIAN_POINT('',(-7.586206896552,-12.5,5.));
#12907 = VECTOR('',#12908,1.);
#12908 = DIRECTION('',(1.,0.,-0.));
#12909 = ORIENTED_EDGE('',*,*,#12910,.T.);
#12910 = EDGE_CURVE('',#12903,#12911,#12913,.T.);
#12911 = VERTEX_POINT('',#12912);
#12912 = CARTESIAN_POINT('',(7.586206896552,-11.,5.));
#12913 = LINE('',#12914,#12915);
#12914 = CARTESIAN_POINT('',(7.586206896552,-12.5,5.));
#12915 = VECTOR('',#12916,1.);
#12916 = DIRECTION('',(-0.,1.,0.));
#12917 = ORIENTED_EDGE('',*,*,#12918,.F.);
#12918 = EDGE_CURVE('',#12919,#12911,#12921,.T.);
#12919 = VERTEX_POINT('',#12920);
#12920 = CARTESIAN_POINT('',(1.5,-11.,5.));
#12921 = LINE('',#12922,#12923);
#12922 = CARTESIAN_POINT('',(-7.586206896552,-11.,5.));
#12923 = VECTOR('',#12924,1.);
#12924 = DIRECTION('',(1.,0.,-0.));
#12925 = ORIENTED_EDGE('',*,*,#12926,.F.);
#12926 = EDGE_CURVE('',#12927,#12919,#12929,.T.);
#12927 = VERTEX_POINT('',#12928);
#12928 = CARTESIAN_POINT('',(-1.5,-11.,5.));
#12929 = LINE('',#12930,#12931);
#12930 = CARTESIAN_POINT('',(-7.586206896552,-11.,5.));
#12931 = VECTOR('',#12932,1.);
#12932 = DIRECTION('',(1.,0.,-0.));
#12933 = ORIENTED_EDGE('',*,*,#12934,.F.);
#12934 = EDGE_CURVE('',#12895,#12927,#12935,.T.);
#12935 = LINE('',#12936,#12937);
#12936 = CARTESIAN_POINT('',(-7.586206896552,-11.,5.));
#12937 = VECTOR('',#12938,1.);
#12938 = DIRECTION('',(1.,0.,-0.));
#12939 = PLANE('',#12940);
#12940 = AXIS2_PLACEMENT_3D('',#12941,#12942,#12943);
#12941 = CARTESIAN_POINT('',(-7.586206896552,-12.5,5.));
#12942 = DIRECTION('',(0.,0.,1.));
#12943 = DIRECTION('',(1.,0.,-0.));
#12944 = ADVANCED_FACE('',(#12945),#12972,.T.);
#12945 = FACE_BOUND('',#12946,.T.);
#12946 = EDGE_LOOP('',(#12947,#12948,#12957,#12965));
#12947 = ORIENTED_EDGE('',*,*,#12892,.T.);
#12948 = ORIENTED_EDGE('',*,*,#12949,.F.);
#12949 = EDGE_CURVE('',#12950,#12895,#12952,.T.);
#12950 = VERTEX_POINT('',#12951);
#12951 = CARTESIAN_POINT('',(-7.586206896552,-11.,-5.));
#12952 = CIRCLE('',#12953,5.);
#12953 = AXIS2_PLACEMENT_3D('',#12954,#12955,#12956);
#12954 = CARTESIAN_POINT('',(-7.586206896552,-11.,0.));
#12955 = DIRECTION('',(0.,1.,0.));
#12956 = DIRECTION('',(0.,-0.,1.));
#12957 = ORIENTED_EDGE('',*,*,#12958,.F.);
#12958 = EDGE_CURVE('',#12959,#12950,#12961,.T.);
#12959 = VERTEX_POINT('',#12960);
#12960 = CARTESIAN_POINT('',(-7.586206896552,-12.5,-5.));
#12961 = LINE('',#12962,#12963);
#12962 = CARTESIAN_POINT('',(-7.586206896552,-12.5,-5.));
#12963 = VECTOR('',#12964,1.);
#12964 = DIRECTION('',(-0.,1.,0.));
#12965 = ORIENTED_EDGE('',*,*,#12966,.T.);
#12966 = EDGE_CURVE('',#12959,#12893,#12967,.T.);
#12967 = CIRCLE('',#12968,5.);
#12968 = AXIS2_PLACEMENT_3D('',#12969,#12970,#12971);
#12969 = CARTESIAN_POINT('',(-7.586206896552,-12.5,0.));
#12970 = DIRECTION('',(0.,1.,0.));
#12971 = DIRECTION('',(0.,-0.,1.));
#12972 = CYLINDRICAL_SURFACE('',#12973,5.);
#12973 = AXIS2_PLACEMENT_3D('',#12974,#12975,#12976);
#12974 = CARTESIAN_POINT('',(-7.586206896552,-12.5,0.));
#12975 = DIRECTION('',(0.,1.,0.));
#12976 = DIRECTION('',(0.,-0.,1.));
#12977 = ADVANCED_FACE('',(#12978),#13019,.F.);
#12978 = FACE_BOUND('',#12979,.F.);
#12979 = EDGE_LOOP('',(#12980,#12981,#12989,#12997,#13005,#13013));
#12980 = ORIENTED_EDGE('',*,*,#12958,.F.);
#12981 = ORIENTED_EDGE('',*,*,#12982,.T.);
#12982 = EDGE_CURVE('',#12959,#12983,#12985,.T.);
#12983 = VERTEX_POINT('',#12984);
#12984 = CARTESIAN_POINT('',(7.586206896552,-12.5,-5.));
#12985 = LINE('',#12986,#12987);
#12986 = CARTESIAN_POINT('',(-7.586206896552,-12.5,-5.));
#12987 = VECTOR('',#12988,1.);
#12988 = DIRECTION('',(1.,0.,-0.));
#12989 = ORIENTED_EDGE('',*,*,#12990,.T.);
#12990 = EDGE_CURVE('',#12983,#12991,#12993,.T.);
#12991 = VERTEX_POINT('',#12992);
#12992 = CARTESIAN_POINT('',(7.586206896552,-11.,-5.));
#12993 = LINE('',#12994,#12995);
#12994 = CARTESIAN_POINT('',(7.586206896552,-12.5,-5.));
#12995 = VECTOR('',#12996,1.);
#12996 = DIRECTION('',(-0.,1.,0.));
#12997 = ORIENTED_EDGE('',*,*,#12998,.F.);
#12998 = EDGE_CURVE('',#12999,#12991,#13001,.T.);
#12999 = VERTEX_POINT('',#13000);
#13000 = CARTESIAN_POINT('',(1.5,-11.,-5.));
#13001 = LINE('',#13002,#13003);
#13002 = CARTESIAN_POINT('',(-7.586206896552,-11.,-5.));
#13003 = VECTOR('',#13004,1.);
#13004 = DIRECTION('',(1.,0.,-0.));
#13005 = ORIENTED_EDGE('',*,*,#13006,.F.);
#13006 = EDGE_CURVE('',#13007,#12999,#13009,.T.);
#13007 = VERTEX_POINT('',#13008);
#13008 = CARTESIAN_POINT('',(-1.5,-11.,-5.));
#13009 = LINE('',#13010,#13011);
#13010 = CARTESIAN_POINT('',(-7.586206896552,-11.,-5.));
#13011 = VECTOR('',#13012,1.);
#13012 = DIRECTION('',(1.,0.,-0.));
#13013 = ORIENTED_EDGE('',*,*,#13014,.F.);
#13014 = EDGE_CURVE('',#12950,#13007,#13015,.T.);
#13015 = LINE('',#13016,#13017);
#13016 = CARTESIAN_POINT('',(-7.586206896552,-11.,-5.));
#13017 = VECTOR('',#13018,1.);
#13018 = DIRECTION('',(1.,0.,-0.));
#13019 = PLANE('',#13020);
#13020 = AXIS2_PLACEMENT_3D('',#13021,#13022,#13023);
#13021 = CARTESIAN_POINT('',(-7.586206896552,-12.5,-5.));
#13022 = DIRECTION('',(0.,0.,1.));
#13023 = DIRECTION('',(1.,0.,-0.));
#13024 = ADVANCED_FACE('',(#13025),#13050,.F.);
#13025 = FACE_BOUND('',#13026,.F.);
#13026 = EDGE_LOOP('',(#13027,#13035,#13043,#13049));
#13027 = ORIENTED_EDGE('',*,*,#13028,.F.);
#13028 = EDGE_CURVE('',#13029,#12999,#13031,.T.);
#13029 = VERTEX_POINT('',#13030);
#13030 = CARTESIAN_POINT('',(1.5,-11.,-6.));
#13031 = LINE('',#13032,#13033);
#13032 = CARTESIAN_POINT('',(1.5,-11.,-6.));
#13033 = VECTOR('',#13034,1.);
#13034 = DIRECTION('',(0.,0.,1.));
#13035 = ORIENTED_EDGE('',*,*,#13036,.F.);
#13036 = EDGE_CURVE('',#13037,#13029,#13039,.T.);
#13037 = VERTEX_POINT('',#13038);
#13038 = CARTESIAN_POINT('',(-1.5,-11.,-6.));
#13039 = LINE('',#13040,#13041);
#13040 = CARTESIAN_POINT('',(-1.5,-11.,-6.));
#13041 = VECTOR('',#13042,1.);
#13042 = DIRECTION('',(1.,0.,-0.));
#13043 = ORIENTED_EDGE('',*,*,#13044,.T.);
#13044 = EDGE_CURVE('',#13037,#13007,#13045,.T.);
#13045 = LINE('',#13046,#13047);
#13046 = CARTESIAN_POINT('',(-1.5,-11.,-6.));
#13047 = VECTOR('',#13048,1.);
#13048 = DIRECTION('',(0.,0.,1.));
#13049 = ORIENTED_EDGE('',*,*,#13006,.T.);
#13050 = PLANE('',#13051);
#13051 = AXIS2_PLACEMENT_3D('',#13052,#13053,#13054);
#13052 = CARTESIAN_POINT('',(-1.5,-11.,-6.));
#13053 = DIRECTION('',(-0.,1.,0.));
#13054 = DIRECTION('',(0.,0.,1.));
#13055 = ADVANCED_FACE('',(#13056),#13074,.T.);
#13056 = FACE_BOUND('',#13057,.T.);
#13057 = EDGE_LOOP('',(#13058,#13065,#13066,#13073));
#13058 = ORIENTED_EDGE('',*,*,#13059,.F.);
#13059 = EDGE_CURVE('',#12911,#12991,#13060,.T.);
#13060 = CIRCLE('',#13061,5.);
#13061 = AXIS2_PLACEMENT_3D('',#13062,#13063,#13064);
#13062 = CARTESIAN_POINT('',(7.586206896552,-11.,0.));
#13063 = DIRECTION('',(0.,1.,0.));
#13064 = DIRECTION('',(0.,-0.,1.));
#13065 = ORIENTED_EDGE('',*,*,#12910,.F.);
#13066 = ORIENTED_EDGE('',*,*,#13067,.T.);
#13067 = EDGE_CURVE('',#12903,#12983,#13068,.T.);
#13068 = CIRCLE('',#13069,5.);
#13069 = AXIS2_PLACEMENT_3D('',#13070,#13071,#13072);
#13070 = CARTESIAN_POINT('',(7.586206896552,-12.5,0.));
#13071 = DIRECTION('',(0.,1.,0.));
#13072 = DIRECTION('',(0.,-0.,1.));
#13073 = ORIENTED_EDGE('',*,*,#12990,.T.);
#13074 = CYLINDRICAL_SURFACE('',#13075,5.);
#13075 = AXIS2_PLACEMENT_3D('',#13076,#13077,#13078);
#13076 = CARTESIAN_POINT('',(7.586206896552,-12.5,0.));
#13077 = DIRECTION('',(0.,1.,0.));
#13078 = DIRECTION('',(0.,-0.,1.));
#13079 = ADVANCED_FACE('',(#13080),#13105,.F.);
#13080 = FACE_BOUND('',#13081,.F.);
#13081 = EDGE_LOOP('',(#13082,#13083,#13091,#13099));
#13082 = ORIENTED_EDGE('',*,*,#12926,.F.);
#13083 = ORIENTED_EDGE('',*,*,#13084,.T.);
#13084 = EDGE_CURVE('',#12927,#13085,#13087,.T.);
#13085 = VERTEX_POINT('',#13086);
#13086 = CARTESIAN_POINT('',(-1.5,-11.,6.));
#13087 = LINE('',#13088,#13089);
#13088 = CARTESIAN_POINT('',(-1.5,-11.,4.5));
#13089 = VECTOR('',#13090,1.);
#13090 = DIRECTION('',(0.,0.,1.));
#13091 = ORIENTED_EDGE('',*,*,#13092,.T.);
#13092 = EDGE_CURVE('',#13085,#13093,#13095,.T.);
#13093 = VERTEX_POINT('',#13094);
#13094 = CARTESIAN_POINT('',(1.5,-11.,6.));
#13095 = LINE('',#13096,#13097);
#13096 = CARTESIAN_POINT('',(-1.5,-11.,6.));
#13097 = VECTOR('',#13098,1.);
#13098 = DIRECTION('',(1.,0.,-0.));
#13099 = ORIENTED_EDGE('',*,*,#13100,.F.);
#13100 = EDGE_CURVE('',#12919,#13093,#13101,.T.);
#13101 = LINE('',#13102,#13103);
#13102 = CARTESIAN_POINT('',(1.5,-11.,4.5));
#13103 = VECTOR('',#13104,1.);
#13104 = DIRECTION('',(0.,0.,1.));
#13105 = PLANE('',#13106);
#13106 = AXIS2_PLACEMENT_3D('',#13107,#13108,#13109);
#13107 = CARTESIAN_POINT('',(-1.5,-11.,4.5));
#13108 = DIRECTION('',(-0.,1.,0.));
#13109 = DIRECTION('',(0.,0.,1.));
#13110 = ADVANCED_FACE('',(#13111),#13152,.F.);
#13111 = FACE_BOUND('',#13112,.F.);
#13112 = EDGE_LOOP('',(#13113,#13114,#13122,#13130,#13138,#13146));
#13113 = ORIENTED_EDGE('',*,*,#13044,.F.);
#13114 = ORIENTED_EDGE('',*,*,#13115,.T.);
#13115 = EDGE_CURVE('',#13037,#13116,#13118,.T.);
#13116 = VERTEX_POINT('',#13117);
#13117 = CARTESIAN_POINT('',(-1.5,11.,-6.));
#13118 = LINE('',#13119,#13120);
#13119 = CARTESIAN_POINT('',(-1.5,-11.,-6.));
#13120 = VECTOR('',#13121,1.);
#13121 = DIRECTION('',(-0.,1.,0.));
#13122 = ORIENTED_EDGE('',*,*,#13123,.T.);
#13123 = EDGE_CURVE('',#13116,#13124,#13126,.T.);
#13124 = VERTEX_POINT('',#13125);
#13125 = CARTESIAN_POINT('',(-1.5,11.,-5.));
#13126 = LINE('',#13127,#13128);
#13127 = CARTESIAN_POINT('',(-1.5,11.,-6.));
#13128 = VECTOR('',#13129,1.);
#13129 = DIRECTION('',(0.,0.,1.));
#13130 = ORIENTED_EDGE('',*,*,#13131,.T.);
#13131 = EDGE_CURVE('',#13124,#13132,#13134,.T.);
#13132 = VERTEX_POINT('',#13133);
#13133 = CARTESIAN_POINT('',(-1.5,11.,-4.5));
#13134 = LINE('',#13135,#13136);
#13135 = CARTESIAN_POINT('',(-1.5,11.,-6.));
#13136 = VECTOR('',#13137,1.);
#13137 = DIRECTION('',(0.,0.,1.));
#13138 = ORIENTED_EDGE('',*,*,#13139,.F.);
#13139 = EDGE_CURVE('',#13140,#13132,#13142,.T.);
#13140 = VERTEX_POINT('',#13141);
#13141 = CARTESIAN_POINT('',(-1.5,-11.,-4.5));
#13142 = LINE('',#13143,#13144);
#13143 = CARTESIAN_POINT('',(-1.5,-11.,-4.5));
#13144 = VECTOR('',#13145,1.);
#13145 = DIRECTION('',(-0.,1.,0.));
#13146 = ORIENTED_EDGE('',*,*,#13147,.F.);
#13147 = EDGE_CURVE('',#13007,#13140,#13148,.T.);
#13148 = LINE('',#13149,#13150);
#13149 = CARTESIAN_POINT('',(-1.5,-11.,-6.));
#13150 = VECTOR('',#13151,1.);
#13151 = DIRECTION('',(0.,0.,1.));
#13152 = PLANE('',#13153);
#13153 = AXIS2_PLACEMENT_3D('',#13154,#13155,#13156);
#13154 = CARTESIAN_POINT('',(-1.5,-11.,-6.));
#13155 = DIRECTION('',(1.,0.,-0.));
#13156 = DIRECTION('',(0.,0.,1.));
#13157 = ADVANCED_FACE('',(#13158),#13183,.T.);
#13158 = FACE_BOUND('',#13159,.T.);
#13159 = EDGE_LOOP('',(#13160,#13161,#13169,#13177));
#13160 = ORIENTED_EDGE('',*,*,#13139,.F.);
#13161 = ORIENTED_EDGE('',*,*,#13162,.T.);
#13162 = EDGE_CURVE('',#13140,#13163,#13165,.T.);
#13163 = VERTEX_POINT('',#13164);
#13164 = CARTESIAN_POINT('',(1.5,-11.,-4.5));
#13165 = LINE('',#13166,#13167);
#13166 = CARTESIAN_POINT('',(-1.5,-11.,-4.5));
#13167 = VECTOR('',#13168,1.);
#13168 = DIRECTION('',(1.,0.,-0.));
#13169 = ORIENTED_EDGE('',*,*,#13170,.T.);
#13170 = EDGE_CURVE('',#13163,#13171,#13173,.T.);
#13171 = VERTEX_POINT('',#13172);
#13172 = CARTESIAN_POINT('',(1.5,11.,-4.5));
#13173 = LINE('',#13174,#13175);
#13174 = CARTESIAN_POINT('',(1.5,-11.,-4.5));
#13175 = VECTOR('',#13176,1.);
#13176 = DIRECTION('',(-0.,1.,0.));
#13177 = ORIENTED_EDGE('',*,*,#13178,.F.);
#13178 = EDGE_CURVE('',#13132,#13171,#13179,.T.);
#13179 = LINE('',#13180,#13181);
#13180 = CARTESIAN_POINT('',(-1.5,11.,-4.5));
#13181 = VECTOR('',#13182,1.);
#13182 = DIRECTION('',(1.,0.,-0.));
#13183 = PLANE('',#13184);
#13184 = AXIS2_PLACEMENT_3D('',#13185,#13186,#13187);
#13185 = CARTESIAN_POINT('',(-1.5,-11.,-4.5));
#13186 = DIRECTION('',(0.,0.,1.));
#13187 = DIRECTION('',(1.,0.,-0.));
#13188 = ADVANCED_FACE('',(#13189),#13221,.T.);
#13189 = FACE_BOUND('',#13190,.T.);
#13190 = EDGE_LOOP('',(#13191,#13192,#13200,#13208,#13214,#13215));
#13191 = ORIENTED_EDGE('',*,*,#13028,.F.);
#13192 = ORIENTED_EDGE('',*,*,#13193,.T.);
#13193 = EDGE_CURVE('',#13029,#13194,#13196,.T.);
#13194 = VERTEX_POINT('',#13195);
#13195 = CARTESIAN_POINT('',(1.5,11.,-6.));
#13196 = LINE('',#13197,#13198);
#13197 = CARTESIAN_POINT('',(1.5,-11.,-6.));
#13198 = VECTOR('',#13199,1.);
#13199 = DIRECTION('',(-0.,1.,0.));
#13200 = ORIENTED_EDGE('',*,*,#13201,.T.);
#13201 = EDGE_CURVE('',#13194,#13202,#13204,.T.);
#13202 = VERTEX_POINT('',#13203);
#13203 = CARTESIAN_POINT('',(1.5,11.,-5.));
#13204 = LINE('',#13205,#13206);
#13205 = CARTESIAN_POINT('',(1.5,11.,-6.));
#13206 = VECTOR('',#13207,1.);
#13207 = DIRECTION('',(0.,0.,1.));
#13208 = ORIENTED_EDGE('',*,*,#13209,.T.);
#13209 = EDGE_CURVE('',#13202,#13171,#13210,.T.);
#13210 = LINE('',#13211,#13212);
#13211 = CARTESIAN_POINT('',(1.5,11.,-6.));
#13212 = VECTOR('',#13213,1.);
#13213 = DIRECTION('',(0.,0.,1.));
#13214 = ORIENTED_EDGE('',*,*,#13170,.F.);
#13215 = ORIENTED_EDGE('',*,*,#13216,.F.);
#13216 = EDGE_CURVE('',#12999,#13163,#13217,.T.);
#13217 = LINE('',#13218,#13219);
#13218 = CARTESIAN_POINT('',(1.5,-11.,-6.));
#13219 = VECTOR('',#13220,1.);
#13220 = DIRECTION('',(0.,0.,1.));
#13221 = PLANE('',#13222);
#13222 = AXIS2_PLACEMENT_3D('',#13223,#13224,#13225);
#13223 = CARTESIAN_POINT('',(1.5,-11.,-6.));
#13224 = DIRECTION('',(1.,0.,-0.));
#13225 = DIRECTION('',(0.,0.,1.));
#13226 = ADVANCED_FACE('',(#13227),#13268,.T.);
#13227 = FACE_BOUND('',#13228,.T.);
#13228 = EDGE_LOOP('',(#13229,#13237,#13245,#13253,#13261,#13267));
#13229 = ORIENTED_EDGE('',*,*,#13230,.F.);
#13230 = EDGE_CURVE('',#13231,#12919,#13233,.T.);
#13231 = VERTEX_POINT('',#13232);
#13232 = CARTESIAN_POINT('',(1.5,-11.,4.5));
#13233 = LINE('',#13234,#13235);
#13234 = CARTESIAN_POINT('',(1.5,-11.,4.5));
#13235 = VECTOR('',#13236,1.);
#13236 = DIRECTION('',(0.,0.,1.));
#13237 = ORIENTED_EDGE('',*,*,#13238,.T.);
#13238 = EDGE_CURVE('',#13231,#13239,#13241,.T.);
#13239 = VERTEX_POINT('',#13240);
#13240 = CARTESIAN_POINT('',(1.5,11.,4.5));
#13241 = LINE('',#13242,#13243);
#13242 = CARTESIAN_POINT('',(1.5,-11.,4.5));
#13243 = VECTOR('',#13244,1.);
#13244 = DIRECTION('',(-0.,1.,0.));
#13245 = ORIENTED_EDGE('',*,*,#13246,.T.);
#13246 = EDGE_CURVE('',#13239,#13247,#13249,.T.);
#13247 = VERTEX_POINT('',#13248);
#13248 = CARTESIAN_POINT('',(1.5,11.,5.));
#13249 = LINE('',#13250,#13251);
#13250 = CARTESIAN_POINT('',(1.5,11.,4.5));
#13251 = VECTOR('',#13252,1.);
#13252 = DIRECTION('',(0.,0.,1.));
#13253 = ORIENTED_EDGE('',*,*,#13254,.T.);
#13254 = EDGE_CURVE('',#13247,#13255,#13257,.T.);
#13255 = VERTEX_POINT('',#13256);
#13256 = CARTESIAN_POINT('',(1.5,11.,6.));
#13257 = LINE('',#13258,#13259);
#13258 = CARTESIAN_POINT('',(1.5,11.,4.5));
#13259 = VECTOR('',#13260,1.);
#13260 = DIRECTION('',(0.,0.,1.));
#13261 = ORIENTED_EDGE('',*,*,#13262,.F.);
#13262 = EDGE_CURVE('',#13093,#13255,#13263,.T.);
#13263 = LINE('',#13264,#13265);
#13264 = CARTESIAN_POINT('',(1.5,-11.,6.));
#13265 = VECTOR('',#13266,1.);
#13266 = DIRECTION('',(-0.,1.,0.));
#13267 = ORIENTED_EDGE('',*,*,#13100,.F.);
#13268 = PLANE('',#13269);
#13269 = AXIS2_PLACEMENT_3D('',#13270,#13271,#13272);
#13270 = CARTESIAN_POINT('',(1.5,-11.,4.5));
#13271 = DIRECTION('',(1.,0.,-0.));
#13272 = DIRECTION('',(0.,0.,1.));
#13273 = ADVANCED_FACE('',(#13274),#13299,.F.);
#13274 = FACE_BOUND('',#13275,.F.);
#13275 = EDGE_LOOP('',(#13276,#13286,#13292,#13293));
#13276 = ORIENTED_EDGE('',*,*,#13277,.F.);
#13277 = EDGE_CURVE('',#13278,#13280,#13282,.T.);
#13278 = VERTEX_POINT('',#13279);
#13279 = CARTESIAN_POINT('',(-1.5,-11.,4.5));
#13280 = VERTEX_POINT('',#13281);
#13281 = CARTESIAN_POINT('',(-1.5,11.,4.5));
#13282 = LINE('',#13283,#13284);
#13283 = CARTESIAN_POINT('',(-1.5,-11.,4.5));
#13284 = VECTOR('',#13285,1.);
#13285 = DIRECTION('',(-0.,1.,0.));
#13286 = ORIENTED_EDGE('',*,*,#13287,.T.);
#13287 = EDGE_CURVE('',#13278,#13231,#13288,.T.);
#13288 = LINE('',#13289,#13290);
#13289 = CARTESIAN_POINT('',(-1.5,-11.,4.5));
#13290 = VECTOR('',#13291,1.);
#13291 = DIRECTION('',(1.,0.,-0.));
#13292 = ORIENTED_EDGE('',*,*,#13238,.T.);
#13293 = ORIENTED_EDGE('',*,*,#13294,.F.);
#13294 = EDGE_CURVE('',#13280,#13239,#13295,.T.);
#13295 = LINE('',#13296,#13297);
#13296 = CARTESIAN_POINT('',(-1.5,11.,4.5));
#13297 = VECTOR('',#13298,1.);
#13298 = DIRECTION('',(1.,0.,-0.));
#13299 = PLANE('',#13300);
#13300 = AXIS2_PLACEMENT_3D('',#13301,#13302,#13303);
#13301 = CARTESIAN_POINT('',(-1.5,-11.,4.5));
#13302 = DIRECTION('',(0.,0.,1.));
#13303 = DIRECTION('',(1.,0.,-0.));
#13304 = ADVANCED_FACE('',(#13305),#13337,.F.);
#13305 = FACE_BOUND('',#13306,.F.);
#13306 = EDGE_LOOP('',(#13307,#13313,#13314,#13322,#13330,#13336));
#13307 = ORIENTED_EDGE('',*,*,#13308,.F.);
#13308 = EDGE_CURVE('',#13278,#12927,#13309,.T.);
#13309 = LINE('',#13310,#13311);
#13310 = CARTESIAN_POINT('',(-1.5,-11.,4.5));
#13311 = VECTOR('',#13312,1.);
#13312 = DIRECTION('',(0.,0.,1.));
#13313 = ORIENTED_EDGE('',*,*,#13277,.T.);
#13314 = ORIENTED_EDGE('',*,*,#13315,.T.);
#13315 = EDGE_CURVE('',#13280,#13316,#13318,.T.);
#13316 = VERTEX_POINT('',#13317);
#13317 = CARTESIAN_POINT('',(-1.5,11.,5.));
#13318 = LINE('',#13319,#13320);
#13319 = CARTESIAN_POINT('',(-1.5,11.,4.5));
#13320 = VECTOR('',#13321,1.);
#13321 = DIRECTION('',(0.,0.,1.));
#13322 = ORIENTED_EDGE('',*,*,#13323,.T.);
#13323 = EDGE_CURVE('',#13316,#13324,#13326,.T.);
#13324 = VERTEX_POINT('',#13325);
#13325 = CARTESIAN_POINT('',(-1.5,11.,6.));
#13326 = LINE('',#13327,#13328);
#13327 = CARTESIAN_POINT('',(-1.5,11.,4.5));
#13328 = VECTOR('',#13329,1.);
#13329 = DIRECTION('',(0.,0.,1.));
#13330 = ORIENTED_EDGE('',*,*,#13331,.F.);
#13331 = EDGE_CURVE('',#13085,#13324,#13332,.T.);
#13332 = LINE('',#13333,#13334);
#13333 = CARTESIAN_POINT('',(-1.5,-11.,6.));
#13334 = VECTOR('',#13335,1.);
#13335 = DIRECTION('',(-0.,1.,0.));
#13336 = ORIENTED_EDGE('',*,*,#13084,.F.);
#13337 = PLANE('',#13338);
#13338 = AXIS2_PLACEMENT_3D('',#13339,#13340,#13341);
#13339 = CARTESIAN_POINT('',(-1.5,-11.,4.5));
#13340 = DIRECTION('',(1.,0.,-0.));
#13341 = DIRECTION('',(0.,0.,1.));
#13342 = ADVANCED_FACE('',(#13343),#13354,.F.);
#13343 = FACE_BOUND('',#13344,.F.);
#13344 = EDGE_LOOP('',(#13345,#13346,#13347,#13348));
#13345 = ORIENTED_EDGE('',*,*,#13115,.F.);
#13346 = ORIENTED_EDGE('',*,*,#13036,.T.);
#13347 = ORIENTED_EDGE('',*,*,#13193,.T.);
#13348 = ORIENTED_EDGE('',*,*,#13349,.F.);
#13349 = EDGE_CURVE('',#13116,#13194,#13350,.T.);
#13350 = LINE('',#13351,#13352);
#13351 = CARTESIAN_POINT('',(-1.5,11.,-6.));
#13352 = VECTOR('',#13353,1.);
#13353 = DIRECTION('',(1.,0.,-0.));
#13354 = PLANE('',#13355);
#13355 = AXIS2_PLACEMENT_3D('',#13356,#13357,#13358);
#13356 = CARTESIAN_POINT('',(-1.5,-11.,-6.));
#13357 = DIRECTION('',(0.,0.,1.));
#13358 = DIRECTION('',(1.,0.,-0.));
#13359 = ADVANCED_FACE('',(#13360),#13371,.T.);
#13360 = FACE_BOUND('',#13361,.T.);
#13361 = EDGE_LOOP('',(#13362,#13363,#13364,#13365));
#13362 = ORIENTED_EDGE('',*,*,#13331,.F.);
#13363 = ORIENTED_EDGE('',*,*,#13092,.T.);
#13364 = ORIENTED_EDGE('',*,*,#13262,.T.);
#13365 = ORIENTED_EDGE('',*,*,#13366,.F.);
#13366 = EDGE_CURVE('',#13324,#13255,#13367,.T.);
#13367 = LINE('',#13368,#13369);
#13368 = CARTESIAN_POINT('',(-1.5,11.,6.));
#13369 = VECTOR('',#13370,1.);
#13370 = DIRECTION('',(1.,0.,-0.));
#13371 = PLANE('',#13372);
#13372 = AXIS2_PLACEMENT_3D('',#13373,#13374,#13375);
#13373 = CARTESIAN_POINT('',(-1.5,-11.,6.));
#13374 = DIRECTION('',(0.,0.,1.));
#13375 = DIRECTION('',(1.,0.,-0.));
#13376 = ADVANCED_FACE('',(#13377),#13388,.T.);
#13377 = FACE_BOUND('',#13378,.T.);
#13378 = EDGE_LOOP('',(#13379,#13380,#13381,#13382));
#13379 = ORIENTED_EDGE('',*,*,#13201,.F.);
#13380 = ORIENTED_EDGE('',*,*,#13349,.F.);
#13381 = ORIENTED_EDGE('',*,*,#13123,.T.);
#13382 = ORIENTED_EDGE('',*,*,#13383,.T.);
#13383 = EDGE_CURVE('',#13124,#13202,#13384,.T.);
#13384 = LINE('',#13385,#13386);
#13385 = CARTESIAN_POINT('',(-7.586206896552,11.,-5.));
#13386 = VECTOR('',#13387,1.);
#13387 = DIRECTION('',(1.,0.,-0.));
#13388 = PLANE('',#13389);
#13389 = AXIS2_PLACEMENT_3D('',#13390,#13391,#13392);
#13390 = CARTESIAN_POINT('',(-1.5,11.,-6.));
#13391 = DIRECTION('',(-0.,1.,0.));
#13392 = DIRECTION('',(0.,0.,1.));
#13393 = ADVANCED_FACE('',(#13394),#13405,.T.);
#13394 = FACE_BOUND('',#13395,.T.);
#13395 = EDGE_LOOP('',(#13396,#13402,#13403,#13404));
#13396 = ORIENTED_EDGE('',*,*,#13397,.F.);
#13397 = EDGE_CURVE('',#13316,#13247,#13398,.T.);
#13398 = LINE('',#13399,#13400);
#13399 = CARTESIAN_POINT('',(-7.586206896552,11.,5.));
#13400 = VECTOR('',#13401,1.);
#13401 = DIRECTION('',(1.,0.,-0.));
#13402 = ORIENTED_EDGE('',*,*,#13323,.T.);
#13403 = ORIENTED_EDGE('',*,*,#13366,.T.);
#13404 = ORIENTED_EDGE('',*,*,#13254,.F.);
#13405 = PLANE('',#13406);
#13406 = AXIS2_PLACEMENT_3D('',#13407,#13408,#13409);
#13407 = CARTESIAN_POINT('',(-1.5,11.,4.5));
#13408 = DIRECTION('',(-0.,1.,0.));
#13409 = DIRECTION('',(0.,0.,1.));
#13410 = ADVANCED_FACE('',(#13411),#13452,.F.);
#13411 = FACE_BOUND('',#13412,.F.);
#13412 = EDGE_LOOP('',(#13413,#13423,#13429,#13430,#13438,#13446));
#13413 = ORIENTED_EDGE('',*,*,#13414,.F.);
#13414 = EDGE_CURVE('',#13415,#13417,#13419,.T.);
#13415 = VERTEX_POINT('',#13416);
#13416 = CARTESIAN_POINT('',(-7.586206896552,11.,-5.));
#13417 = VERTEX_POINT('',#13418);
#13418 = CARTESIAN_POINT('',(-7.586206896552,12.5,-5.));
#13419 = LINE('',#13420,#13421);
#13420 = CARTESIAN_POINT('',(-7.586206896552,11.,-5.));
#13421 = VECTOR('',#13422,1.);
#13422 = DIRECTION('',(-0.,1.,0.));
#13423 = ORIENTED_EDGE('',*,*,#13424,.T.);
#13424 = EDGE_CURVE('',#13415,#13124,#13425,.T.);
#13425 = LINE('',#13426,#13427);
#13426 = CARTESIAN_POINT('',(-7.586206896552,11.,-5.));
#13427 = VECTOR('',#13428,1.);
#13428 = DIRECTION('',(1.,0.,-0.));
#13429 = ORIENTED_EDGE('',*,*,#13383,.T.);
#13430 = ORIENTED_EDGE('',*,*,#13431,.T.);
#13431 = EDGE_CURVE('',#13202,#13432,#13434,.T.);
#13432 = VERTEX_POINT('',#13433);
#13433 = CARTESIAN_POINT('',(7.586206896552,11.,-5.));
#13434 = LINE('',#13435,#13436);
#13435 = CARTESIAN_POINT('',(-7.586206896552,11.,-5.));
#13436 = VECTOR('',#13437,1.);
#13437 = DIRECTION('',(1.,0.,-0.));
#13438 = ORIENTED_EDGE('',*,*,#13439,.T.);
#13439 = EDGE_CURVE('',#13432,#13440,#13442,.T.);
#13440 = VERTEX_POINT('',#13441);
#13441 = CARTESIAN_POINT('',(7.586206896552,12.5,-5.));
#13442 = LINE('',#13443,#13444);
#13443 = CARTESIAN_POINT('',(7.586206896552,11.,-5.));
#13444 = VECTOR('',#13445,1.);
#13445 = DIRECTION('',(-0.,1.,0.));
#13446 = ORIENTED_EDGE('',*,*,#13447,.F.);
#13447 = EDGE_CURVE('',#13417,#13440,#13448,.T.);
#13448 = LINE('',#13449,#13450);
#13449 = CARTESIAN_POINT('',(-7.586206896552,12.5,-5.));
#13450 = VECTOR('',#13451,1.);
#13451 = DIRECTION('',(1.,0.,-0.));
#13452 = PLANE('',#13453);
#13453 = AXIS2_PLACEMENT_3D('',#13454,#13455,#13456);
#13454 = CARTESIAN_POINT('',(-7.586206896552,11.,-5.));
#13455 = DIRECTION('',(0.,0.,1.));
#13456 = DIRECTION('',(1.,0.,-0.));
#13457 = ADVANCED_FACE('',(#13458),#13499,.T.);
#13458 = FACE_BOUND('',#13459,.T.);
#13459 = EDGE_LOOP('',(#13460,#13470,#13476,#13477,#13485,#13493));
#13460 = ORIENTED_EDGE('',*,*,#13461,.F.);
#13461 = EDGE_CURVE('',#13462,#13464,#13466,.T.);
#13462 = VERTEX_POINT('',#13463);
#13463 = CARTESIAN_POINT('',(-7.586206896552,11.,5.));
#13464 = VERTEX_POINT('',#13465);
#13465 = CARTESIAN_POINT('',(-7.586206896552,12.5,5.));
#13466 = LINE('',#13467,#13468);
#13467 = CARTESIAN_POINT('',(-7.586206896552,11.,5.));
#13468 = VECTOR('',#13469,1.);
#13469 = DIRECTION('',(-0.,1.,0.));
#13470 = ORIENTED_EDGE('',*,*,#13471,.T.);
#13471 = EDGE_CURVE('',#13462,#13316,#13472,.T.);
#13472 = LINE('',#13473,#13474);
#13473 = CARTESIAN_POINT('',(-7.586206896552,11.,5.));
#13474 = VECTOR('',#13475,1.);
#13475 = DIRECTION('',(1.,0.,-0.));
#13476 = ORIENTED_EDGE('',*,*,#13397,.T.);
#13477 = ORIENTED_EDGE('',*,*,#13478,.T.);
#13478 = EDGE_CURVE('',#13247,#13479,#13481,.T.);
#13479 = VERTEX_POINT('',#13480);
#13480 = CARTESIAN_POINT('',(7.586206896552,11.,5.));
#13481 = LINE('',#13482,#13483);
#13482 = CARTESIAN_POINT('',(-7.586206896552,11.,5.));
#13483 = VECTOR('',#13484,1.);
#13484 = DIRECTION('',(1.,0.,-0.));
#13485 = ORIENTED_EDGE('',*,*,#13486,.T.);
#13486 = EDGE_CURVE('',#13479,#13487,#13489,.T.);
#13487 = VERTEX_POINT('',#13488);
#13488 = CARTESIAN_POINT('',(7.586206896552,12.5,5.));
#13489 = LINE('',#13490,#13491);
#13490 = CARTESIAN_POINT('',(7.586206896552,11.,5.));
#13491 = VECTOR('',#13492,1.);
#13492 = DIRECTION('',(-0.,1.,0.));
#13493 = ORIENTED_EDGE('',*,*,#13494,.F.);
#13494 = EDGE_CURVE('',#13464,#13487,#13495,.T.);
#13495 = LINE('',#13496,#13497);
#13496 = CARTESIAN_POINT('',(-7.586206896552,12.5,5.));
#13497 = VECTOR('',#13498,1.);
#13498 = DIRECTION('',(1.,0.,-0.));
#13499 = PLANE('',#13500);
#13500 = AXIS2_PLACEMENT_3D('',#13501,#13502,#13503);
#13501 = CARTESIAN_POINT('',(-7.586206896552,11.,5.));
#13502 = DIRECTION('',(0.,0.,1.));
#13503 = DIRECTION('',(1.,0.,-0.));
#13504 = ADVANCED_FACE('',(#13505),#13523,.T.);
#13505 = FACE_BOUND('',#13506,.T.);
#13506 = EDGE_LOOP('',(#13507,#13508,#13515,#13516));
#13507 = ORIENTED_EDGE('',*,*,#13461,.T.);
#13508 = ORIENTED_EDGE('',*,*,#13509,.F.);
#13509 = EDGE_CURVE('',#13417,#13464,#13510,.T.);
#13510 = CIRCLE('',#13511,5.);
#13511 = AXIS2_PLACEMENT_3D('',#13512,#13513,#13514);
#13512 = CARTESIAN_POINT('',(-7.586206896552,12.5,0.));
#13513 = DIRECTION('',(0.,1.,0.));
#13514 = DIRECTION('',(0.,-0.,1.));
#13515 = ORIENTED_EDGE('',*,*,#13414,.F.);
#13516 = ORIENTED_EDGE('',*,*,#13517,.T.);
#13517 = EDGE_CURVE('',#13415,#13462,#13518,.T.);
#13518 = CIRCLE('',#13519,5.);
#13519 = AXIS2_PLACEMENT_3D('',#13520,#13521,#13522);
#13520 = CARTESIAN_POINT('',(-7.586206896552,11.,0.));
#13521 = DIRECTION('',(0.,1.,0.));
#13522 = DIRECTION('',(0.,-0.,1.));
#13523 = CYLINDRICAL_SURFACE('',#13524,5.);
#13524 = AXIS2_PLACEMENT_3D('',#13525,#13526,#13527);
#13525 = CARTESIAN_POINT('',(-7.586206896552,11.,0.));
#13526 = DIRECTION('',(0.,1.,0.));
#13527 = DIRECTION('',(0.,-0.,1.));
#13528 = ADVANCED_FACE('',(#13529),#13547,.T.);
#13529 = FACE_BOUND('',#13530,.T.);
#13530 = EDGE_LOOP('',(#13531,#13538,#13539,#13546));
#13531 = ORIENTED_EDGE('',*,*,#13532,.F.);
#13532 = EDGE_CURVE('',#13487,#13440,#13533,.T.);
#13533 = CIRCLE('',#13534,5.);
#13534 = AXIS2_PLACEMENT_3D('',#13535,#13536,#13537);
#13535 = CARTESIAN_POINT('',(7.586206896552,12.5,0.));
#13536 = DIRECTION('',(0.,1.,0.));
#13537 = DIRECTION('',(0.,-0.,1.));
#13538 = ORIENTED_EDGE('',*,*,#13486,.F.);
#13539 = ORIENTED_EDGE('',*,*,#13540,.T.);
#13540 = EDGE_CURVE('',#13479,#13432,#13541,.T.);
#13541 = CIRCLE('',#13542,5.);
#13542 = AXIS2_PLACEMENT_3D('',#13543,#13544,#13545);
#13543 = CARTESIAN_POINT('',(7.586206896552,11.,0.));
#13544 = DIRECTION('',(0.,1.,0.));
#13545 = DIRECTION('',(0.,-0.,1.));
#13546 = ORIENTED_EDGE('',*,*,#13439,.T.);
#13547 = CYLINDRICAL_SURFACE('',#13548,5.);
#13548 = AXIS2_PLACEMENT_3D('',#13549,#13550,#13551);
#13549 = CARTESIAN_POINT('',(7.586206896552,11.,0.));
#13550 = DIRECTION('',(0.,1.,0.));
#13551 = DIRECTION('',(0.,-0.,1.));
#13552 = ADVANCED_FACE('',(#13553),#13559,.T.);
#13553 = FACE_BOUND('',#13554,.T.);
#13554 = EDGE_LOOP('',(#13555,#13556,#13557,#13558));
#13555 = ORIENTED_EDGE('',*,*,#12982,.T.);
#13556 = ORIENTED_EDGE('',*,*,#13067,.F.);
#13557 = ORIENTED_EDGE('',*,*,#12902,.F.);
#13558 = ORIENTED_EDGE('',*,*,#12966,.F.);
#13559 = PLANE('',#13560);
#13560 = AXIS2_PLACEMENT_3D('',#13561,#13562,#13563);
#13561 = CARTESIAN_POINT('',(-6.476089505928E-16,-12.5,
    -2.354941638519E-16));
#13562 = DIRECTION('',(-0.,-1.,-0.));
#13563 = DIRECTION('',(0.,0.,-1.));
#13564 = ADVANCED_FACE('',(#13565),#13579,.T.);
#13565 = FACE_BOUND('',#13566,.T.);
#13566 = EDGE_LOOP('',(#13567,#13568,#13569,#13570,#13571,#13572,#13573,
    #13574,#13575,#13576,#13577,#13578));
#13567 = ORIENTED_EDGE('',*,*,#13014,.F.);
#13568 = ORIENTED_EDGE('',*,*,#12949,.T.);
#13569 = ORIENTED_EDGE('',*,*,#12934,.T.);
#13570 = ORIENTED_EDGE('',*,*,#13308,.F.);
#13571 = ORIENTED_EDGE('',*,*,#13287,.T.);
#13572 = ORIENTED_EDGE('',*,*,#13230,.T.);
#13573 = ORIENTED_EDGE('',*,*,#12918,.T.);
#13574 = ORIENTED_EDGE('',*,*,#13059,.T.);
#13575 = ORIENTED_EDGE('',*,*,#12998,.F.);
#13576 = ORIENTED_EDGE('',*,*,#13216,.T.);
#13577 = ORIENTED_EDGE('',*,*,#13162,.F.);
#13578 = ORIENTED_EDGE('',*,*,#13147,.F.);
#13579 = PLANE('',#13580);
#13580 = AXIS2_PLACEMENT_3D('',#13581,#13582,#13583);
#13581 = CARTESIAN_POINT('',(1.139697972182E-16,-11.,-2.279395944363E-16
    ));
#13582 = DIRECTION('',(0.,1.,0.));
#13583 = DIRECTION('',(0.,-0.,1.));
#13584 = ADVANCED_FACE('',(#13585),#13599,.T.);
#13585 = FACE_BOUND('',#13586,.T.);
#13586 = EDGE_LOOP('',(#13587,#13588,#13589,#13590,#13591,#13592,#13593,
    #13594,#13595,#13596,#13597,#13598));
#13587 = ORIENTED_EDGE('',*,*,#13424,.T.);
#13588 = ORIENTED_EDGE('',*,*,#13131,.T.);
#13589 = ORIENTED_EDGE('',*,*,#13178,.T.);
#13590 = ORIENTED_EDGE('',*,*,#13209,.F.);
#13591 = ORIENTED_EDGE('',*,*,#13431,.T.);
#13592 = ORIENTED_EDGE('',*,*,#13540,.F.);
#13593 = ORIENTED_EDGE('',*,*,#13478,.F.);
#13594 = ORIENTED_EDGE('',*,*,#13246,.F.);
#13595 = ORIENTED_EDGE('',*,*,#13294,.F.);
#13596 = ORIENTED_EDGE('',*,*,#13315,.T.);
#13597 = ORIENTED_EDGE('',*,*,#13471,.F.);
#13598 = ORIENTED_EDGE('',*,*,#13517,.F.);
#13599 = PLANE('',#13600);
#13600 = AXIS2_PLACEMENT_3D('',#13601,#13602,#13603);
#13601 = CARTESIAN_POINT('',(-6.268338846999E-16,11.,-2.279395944363E-16
    ));
#13602 = DIRECTION('',(-0.,-1.,-0.));
#13603 = DIRECTION('',(0.,0.,-1.));
#13604 = ADVANCED_FACE('',(#13605),#13611,.T.);
#13605 = FACE_BOUND('',#13606,.T.);
#13606 = EDGE_LOOP('',(#13607,#13608,#13609,#13610));
#13607 = ORIENTED_EDGE('',*,*,#13447,.F.);
#13608 = ORIENTED_EDGE('',*,*,#13509,.T.);
#13609 = ORIENTED_EDGE('',*,*,#13494,.T.);
#13610 = ORIENTED_EDGE('',*,*,#13532,.T.);
#13611 = PLANE('',#13612);
#13612 = AXIS2_PLACEMENT_3D('',#13613,#13614,#13615);
#13613 = CARTESIAN_POINT('',(-3.532412457779E-16,12.5,8.831031144447E-17
    ));
#13614 = DIRECTION('',(0.,1.,0.));
#13615 = DIRECTION('',(0.,-0.,1.));
#13616 = ( GEOMETRIC_REPRESENTATION_CONTEXT(3) 
GLOBAL_UNCERTAINTY_ASSIGNED_CONTEXT((#13620)) 
GLOBAL_UNIT_ASSIGNED_CONTEXT((#13617,#13618,#13619)) 
REPRESENTATION_CONTEXT('Context #1',
  '3D Context with UNIT and UNCERTAINTY') );
#13617 = ( LENGTH_UNIT() NAMED_UNIT(*) SI_UNIT(.MILLI.,.METRE.) );
#13618 = ( NAMED_UNIT(*) PLANE_ANGLE_UNIT() SI_UNIT($,.RADIAN.) );
#13619 = ( NAMED_UNIT(*) SI_UNIT($,.STERADIAN.) SOLID_ANGLE_UNIT() );
#13620 = UNCERTAINTY_MEASURE_WITH_UNIT(LENGTH_MEASURE(1.E-07),#13617,
  'distance_accuracy_value','confusion accuracy');
#13621 = CONTEXT_DEPENDENT_SHAPE_REPRESENTATION(#13622,#13624);
#13622 = ( REPRESENTATION_RELATIONSHIP('','',#12885,#10) 
REPRESENTATION_RELATIONSHIP_WITH_TRANSFORMATION(#13623) 
SHAPE_REPRESENTATION_RELATIONSHIP() );
#13623 = ITEM_DEFINED_TRANSFORMATION('','',#11,#83);
#13624 = PRODUCT_DEFINITION_SHAPE('Placement','Placement of an item',
  #13625);
#13625 = NEXT_ASSEMBLY_USAGE_OCCURRENCE('18','link_17','',#5,#12880,$);
#13626 = PRODUCT_RELATED_PRODUCT_CATEGORY('part',$,(#12882));
#13627 = SHAPE_DEFINITION_REPRESENTATION(#13628,#13634);
#13628 = PRODUCT_DEFINITION_SHAPE('','',#13629);
#13629 = PRODUCT_DEFINITION('design','',#13630,#13633);
#13630 = PRODUCT_DEFINITION_FORMATION('','',#13631);
#13631 = PRODUCT('link_18','link_18','',(#13632));
#13632 = PRODUCT_CONTEXT('',#2,'mechanical');
#13633 = PRODUCT_DEFINITION_CONTEXT('part definition',#2,'design');
#13634 = ADVANCED_BREP_SHAPE_REPRESENTATION('',(#11,#13635),#14365);
#13635 = MANIFOLD_SOLID_BREP('',#13636);
#13636 = CLOSED_SHELL('',(#13637,#13693,#13726,#13773,#13804,#13828,
    #13859,#13906,#13937,#13975,#14022,#14053,#14091,#14108,#14125,
    #14142,#14159,#14206,#14253,#14277,#14301,#14313,#14333,#14353));
#13637 = ADVANCED_FACE('',(#13638),#13688,.T.);
#13638 = FACE_BOUND('',#13639,.T.);
#13639 = EDGE_LOOP('',(#13640,#13650,#13658,#13666,#13674,#13682));
#13640 = ORIENTED_EDGE('',*,*,#13641,.F.);
#13641 = EDGE_CURVE('',#13642,#13644,#13646,.T.);
#13642 = VERTEX_POINT('',#13643);
#13643 = CARTESIAN_POINT('',(-7.586206896552,-12.5,5.));
#13644 = VERTEX_POINT('',#13645);
#13645 = CARTESIAN_POINT('',(-7.586206896552,-11.,5.));
#13646 = LINE('',#13647,#13648);
#13647 = CARTESIAN_POINT('',(-7.586206896552,-12.5,5.));
#13648 = VECTOR('',#13649,1.);
#13649 = DIRECTION('',(-0.,1.,0.));
#13650 = ORIENTED_EDGE('',*,*,#13651,.T.);
#13651 = EDGE_CURVE('',#13642,#13652,#13654,.T.);
#13652 = VERTEX_POINT('',#13653);
#13653 = CARTESIAN_POINT('',(7.586206896552,-12.5,5.));
#13654 = LINE('',#13655,#13656);
#13655 = CARTESIAN_POINT('',(-7.586206896552,-12.5,5.));
#13656 = VECTOR('',#13657,1.);
#13657 = DIRECTION('',(1.,0.,-0.));
#13658 = ORIENTED_EDGE('',*,*,#13659,.T.);
#13659 = EDGE_CURVE('',#13652,#13660,#13662,.T.);
#13660 = VERTEX_POINT('',#13661);
#13661 = CARTESIAN_POINT('',(7.586206896552,-11.,5.));
#13662 = LINE('',#13663,#13664);
#13663 = CARTESIAN_POINT('',(7.586206896552,-12.5,5.));
#13664 = VECTOR('',#13665,1.);
#13665 = DIRECTION('',(-0.,1.,0.));
#13666 = ORIENTED_EDGE('',*,*,#13667,.F.);
#13667 = EDGE_CURVE('',#13668,#13660,#13670,.T.);
#13668 = VERTEX_POINT('',#13669);
#13669 = CARTESIAN_POINT('',(1.5,-11.,5.));
#13670 = LINE('',#13671,#13672);
#13671 = CARTESIAN_POINT('',(-7.586206896552,-11.,5.));
#13672 = VECTOR('',#13673,1.);
#13673 = DIRECTION('',(1.,0.,-0.));
#13674 = ORIENTED_EDGE('',*,*,#13675,.F.);
#13675 = EDGE_CURVE('',#13676,#13668,#13678,.T.);
#13676 = VERTEX_POINT('',#13677);
#13677 = CARTESIAN_POINT('',(-1.5,-11.,5.));
#13678 = LINE('',#13679,#13680);
#13679 = CARTESIAN_POINT('',(-7.586206896552,-11.,5.));
#13680 = VECTOR('',#13681,1.);
#13681 = DIRECTION('',(1.,0.,-0.));
#13682 = ORIENTED_EDGE('',*,*,#13683,.F.);
#13683 = EDGE_CURVE('',#13644,#13676,#13684,.T.);
#13684 = LINE('',#13685,#13686);
#13685 = CARTESIAN_POINT('',(-7.586206896552,-11.,5.));
#13686 = VECTOR('',#13687,1.);
#13687 = DIRECTION('',(1.,0.,-0.));
#13688 = PLANE('',#13689);
#13689 = AXIS2_PLACEMENT_3D('',#13690,#13691,#13692);
#13690 = CARTESIAN_POINT('',(-7.586206896552,-12.5,5.));
#13691 = DIRECTION('',(0.,0.,1.));
#13692 = DIRECTION('',(1.,0.,-0.));
#13693 = ADVANCED_FACE('',(#13694),#13721,.T.);
#13694 = FACE_BOUND('',#13695,.T.);
#13695 = EDGE_LOOP('',(#13696,#13697,#13706,#13714));
#13696 = ORIENTED_EDGE('',*,*,#13641,.T.);
#13697 = ORIENTED_EDGE('',*,*,#13698,.F.);
#13698 = EDGE_CURVE('',#13699,#13644,#13701,.T.);
#13699 = VERTEX_POINT('',#13700);
#13700 = CARTESIAN_POINT('',(-7.586206896552,-11.,-5.));
#13701 = CIRCLE('',#13702,5.);
#13702 = AXIS2_PLACEMENT_3D('',#13703,#13704,#13705);
#13703 = CARTESIAN_POINT('',(-7.586206896552,-11.,0.));
#13704 = DIRECTION('',(0.,1.,0.));
#13705 = DIRECTION('',(0.,-0.,1.));
#13706 = ORIENTED_EDGE('',*,*,#13707,.F.);
#13707 = EDGE_CURVE('',#13708,#13699,#13710,.T.);
#13708 = VERTEX_POINT('',#13709);
#13709 = CARTESIAN_POINT('',(-7.586206896552,-12.5,-5.));
#13710 = LINE('',#13711,#13712);
#13711 = CARTESIAN_POINT('',(-7.586206896552,-12.5,-5.));
#13712 = VECTOR('',#13713,1.);
#13713 = DIRECTION('',(-0.,1.,0.));
#13714 = ORIENTED_EDGE('',*,*,#13715,.T.);
#13715 = EDGE_CURVE('',#13708,#13642,#13716,.T.);
#13716 = CIRCLE('',#13717,5.);
#13717 = AXIS2_PLACEMENT_3D('',#13718,#13719,#13720);
#13718 = CARTESIAN_POINT('',(-7.586206896552,-12.5,0.));
#13719 = DIRECTION('',(0.,1.,0.));
#13720 = DIRECTION('',(0.,-0.,1.));
#13721 = CYLINDRICAL_SURFACE('',#13722,5.);
#13722 = AXIS2_PLACEMENT_3D('',#13723,#13724,#13725);
#13723 = CARTESIAN_POINT('',(-7.586206896552,-12.5,0.));
#13724 = DIRECTION('',(0.,1.,0.));
#13725 = DIRECTION('',(0.,-0.,1.));
#13726 = ADVANCED_FACE('',(#13727),#13768,.F.);
#13727 = FACE_BOUND('',#13728,.F.);
#13728 = EDGE_LOOP('',(#13729,#13730,#13738,#13746,#13754,#13762));
#13729 = ORIENTED_EDGE('',*,*,#13707,.F.);
#13730 = ORIENTED_EDGE('',*,*,#13731,.T.);
#13731 = EDGE_CURVE('',#13708,#13732,#13734,.T.);
#13732 = VERTEX_POINT('',#13733);
#13733 = CARTESIAN_POINT('',(7.586206896552,-12.5,-5.));
#13734 = LINE('',#13735,#13736);
#13735 = CARTESIAN_POINT('',(-7.586206896552,-12.5,-5.));
#13736 = VECTOR('',#13737,1.);
#13737 = DIRECTION('',(1.,0.,-0.));
#13738 = ORIENTED_EDGE('',*,*,#13739,.T.);
#13739 = EDGE_CURVE('',#13732,#13740,#13742,.T.);
#13740 = VERTEX_POINT('',#13741);
#13741 = CARTESIAN_POINT('',(7.586206896552,-11.,-5.));
#13742 = LINE('',#13743,#13744);
#13743 = CARTESIAN_POINT('',(7.586206896552,-12.5,-5.));
#13744 = VECTOR('',#13745,1.);
#13745 = DIRECTION('',(-0.,1.,0.));
#13746 = ORIENTED_EDGE('',*,*,#13747,.F.);
#13747 = EDGE_CURVE('',#13748,#13740,#13750,.T.);
#13748 = VERTEX_POINT('',#13749);
#13749 = CARTESIAN_POINT('',(1.5,-11.,-5.));
#13750 = LINE('',#13751,#13752);
#13751 = CARTESIAN_POINT('',(-7.586206896552,-11.,-5.));
#13752 = VECTOR('',#13753,1.);
#13753 = DIRECTION('',(1.,0.,-0.));
#13754 = ORIENTED_EDGE('',*,*,#13755,.F.);
#13755 = EDGE_CURVE('',#13756,#13748,#13758,.T.);
#13756 = VERTEX_POINT('',#13757);
#13757 = CARTESIAN_POINT('',(-1.5,-11.,-5.));
#13758 = LINE('',#13759,#13760);
#13759 = CARTESIAN_POINT('',(-7.586206896552,-11.,-5.));
#13760 = VECTOR('',#13761,1.);
#13761 = DIRECTION('',(1.,0.,-0.));
#13762 = ORIENTED_EDGE('',*,*,#13763,.F.);
#13763 = EDGE_CURVE('',#13699,#13756,#13764,.T.);
#13764 = LINE('',#13765,#13766);
#13765 = CARTESIAN_POINT('',(-7.586206896552,-11.,-5.));
#13766 = VECTOR('',#13767,1.);
#13767 = DIRECTION('',(1.,0.,-0.));
#13768 = PLANE('',#13769);
#13769 = AXIS2_PLACEMENT_3D('',#13770,#13771,#13772);
#13770 = CARTESIAN_POINT('',(-7.586206896552,-12.5,-5.));
#13771 = DIRECTION('',(0.,0.,1.));
#13772 = DIRECTION('',(1.,0.,-0.));
#13773 = ADVANCED_FACE('',(#13774),#13799,.F.);
#13774 = FACE_BOUND('',#13775,.F.);
#13775 = EDGE_LOOP('',(#13776,#13784,#13792,#13798));
#13776 = ORIENTED_EDGE('',*,*,#13777,.F.);
#13777 = EDGE_CURVE('',#13778,#13748,#13780,.T.);
#13778 = VERTEX_POINT('',#13779);
#13779 = CARTESIAN_POINT('',(1.5,-11.,-6.));
#13780 = LINE('',#13781,#13782);
#13781 = CARTESIAN_POINT('',(1.5,-11.,-6.));
#13782 = VECTOR('',#13783,1.);
#13783 = DIRECTION('',(0.,0.,1.));
#13784 = ORIENTED_EDGE('',*,*,#13785,.F.);
#13785 = EDGE_CURVE('',#13786,#13778,#13788,.T.);
#13786 = VERTEX_POINT('',#13787);
#13787 = CARTESIAN_POINT('',(-1.5,-11.,-6.));
#13788 = LINE('',#13789,#13790);
#13789 = CARTESIAN_POINT('',(-1.5,-11.,-6.));
#13790 = VECTOR('',#13791,1.);
#13791 = DIRECTION('',(1.,0.,-0.));
#13792 = ORIENTED_EDGE('',*,*,#13793,.T.);
#13793 = EDGE_CURVE('',#13786,#13756,#13794,.T.);
#13794 = LINE('',#13795,#13796);
#13795 = CARTESIAN_POINT('',(-1.5,-11.,-6.));
#13796 = VECTOR('',#13797,1.);
#13797 = DIRECTION('',(0.,0.,1.));
#13798 = ORIENTED_EDGE('',*,*,#13755,.T.);
#13799 = PLANE('',#13800);
#13800 = AXIS2_PLACEMENT_3D('',#13801,#13802,#13803);
#13801 = CARTESIAN_POINT('',(-1.5,-11.,-6.));
#13802 = DIRECTION('',(-0.,1.,0.));
#13803 = DIRECTION('',(0.,0.,1.));
#13804 = ADVANCED_FACE('',(#13805),#13823,.T.);
#13805 = FACE_BOUND('',#13806,.T.);
#13806 = EDGE_LOOP('',(#13807,#13814,#13815,#13822));
#13807 = ORIENTED_EDGE('',*,*,#13808,.F.);
#13808 = EDGE_CURVE('',#13660,#13740,#13809,.T.);
#13809 = CIRCLE('',#13810,5.);
#13810 = AXIS2_PLACEMENT_3D('',#13811,#13812,#13813);
#13811 = CARTESIAN_POINT('',(7.586206896552,-11.,0.));
#13812 = DIRECTION('',(0.,1.,0.));
#13813 = DIRECTION('',(0.,-0.,1.));
#13814 = ORIENTED_EDGE('',*,*,#13659,.F.);
#13815 = ORIENTED_EDGE('',*,*,#13816,.T.);
#13816 = EDGE_CURVE('',#13652,#13732,#13817,.T.);
#13817 = CIRCLE('',#13818,5.);
#13818 = AXIS2_PLACEMENT_3D('',#13819,#13820,#13821);
#13819 = CARTESIAN_POINT('',(7.586206896552,-12.5,0.));
#13820 = DIRECTION('',(0.,1.,0.));
#13821 = DIRECTION('',(0.,-0.,1.));
#13822 = ORIENTED_EDGE('',*,*,#13739,.T.);
#13823 = CYLINDRICAL_SURFACE('',#13824,5.);
#13824 = AXIS2_PLACEMENT_3D('',#13825,#13826,#13827);
#13825 = CARTESIAN_POINT('',(7.586206896552,-12.5,0.));
#13826 = DIRECTION('',(0.,1.,0.));
#13827 = DIRECTION('',(0.,-0.,1.));
#13828 = ADVANCED_FACE('',(#13829),#13854,.F.);
#13829 = FACE_BOUND('',#13830,.F.);
#13830 = EDGE_LOOP('',(#13831,#13832,#13840,#13848));
#13831 = ORIENTED_EDGE('',*,*,#13675,.F.);
#13832 = ORIENTED_EDGE('',*,*,#13833,.T.);
#13833 = EDGE_CURVE('',#13676,#13834,#13836,.T.);
#13834 = VERTEX_POINT('',#13835);
#13835 = CARTESIAN_POINT('',(-1.5,-11.,6.));
#13836 = LINE('',#13837,#13838);
#13837 = CARTESIAN_POINT('',(-1.5,-11.,4.5));
#13838 = VECTOR('',#13839,1.);
#13839 = DIRECTION('',(0.,0.,1.));
#13840 = ORIENTED_EDGE('',*,*,#13841,.T.);
#13841 = EDGE_CURVE('',#13834,#13842,#13844,.T.);
#13842 = VERTEX_POINT('',#13843);
#13843 = CARTESIAN_POINT('',(1.5,-11.,6.));
#13844 = LINE('',#13845,#13846);
#13845 = CARTESIAN_POINT('',(-1.5,-11.,6.));
#13846 = VECTOR('',#13847,1.);
#13847 = DIRECTION('',(1.,0.,-0.));
#13848 = ORIENTED_EDGE('',*,*,#13849,.F.);
#13849 = EDGE_CURVE('',#13668,#13842,#13850,.T.);
#13850 = LINE('',#13851,#13852);
#13851 = CARTESIAN_POINT('',(1.5,-11.,4.5));
#13852 = VECTOR('',#13853,1.);
#13853 = DIRECTION('',(0.,0.,1.));
#13854 = PLANE('',#13855);
#13855 = AXIS2_PLACEMENT_3D('',#13856,#13857,#13858);
#13856 = CARTESIAN_POINT('',(-1.5,-11.,4.5));
#13857 = DIRECTION('',(-0.,1.,0.));
#13858 = DIRECTION('',(0.,0.,1.));
#13859 = ADVANCED_FACE('',(#13860),#13901,.F.);
#13860 = FACE_BOUND('',#13861,.F.);
#13861 = EDGE_LOOP('',(#13862,#13863,#13871,#13879,#13887,#13895));
#13862 = ORIENTED_EDGE('',*,*,#13793,.F.);
#13863 = ORIENTED_EDGE('',*,*,#13864,.T.);
#13864 = EDGE_CURVE('',#13786,#13865,#13867,.T.);
#13865 = VERTEX_POINT('',#13866);
#13866 = CARTESIAN_POINT('',(-1.5,11.,-6.));
#13867 = LINE('',#13868,#13869);
#13868 = CARTESIAN_POINT('',(-1.5,-11.,-6.));
#13869 = VECTOR('',#13870,1.);
#13870 = DIRECTION('',(-0.,1.,0.));
#13871 = ORIENTED_EDGE('',*,*,#13872,.T.);
#13872 = EDGE_CURVE('',#13865,#13873,#13875,.T.);
#13873 = VERTEX_POINT('',#13874);
#13874 = CARTESIAN_POINT('',(-1.5,11.,-5.));
#13875 = LINE('',#13876,#13877);
#13876 = CARTESIAN_POINT('',(-1.5,11.,-6.));
#13877 = VECTOR('',#13878,1.);
#13878 = DIRECTION('',(0.,0.,1.));
#13879 = ORIENTED_EDGE('',*,*,#13880,.T.);
#13880 = EDGE_CURVE('',#13873,#13881,#13883,.T.);
#13881 = VERTEX_POINT('',#13882);
#13882 = CARTESIAN_POINT('',(-1.5,11.,-4.5));
#13883 = LINE('',#13884,#13885);
#13884 = CARTESIAN_POINT('',(-1.5,11.,-6.));
#13885 = VECTOR('',#13886,1.);
#13886 = DIRECTION('',(0.,0.,1.));
#13887 = ORIENTED_EDGE('',*,*,#13888,.F.);
#13888 = EDGE_CURVE('',#13889,#13881,#13891,.T.);
#13889 = VERTEX_POINT('',#13890);
#13890 = CARTESIAN_POINT('',(-1.5,-11.,-4.5));
#13891 = LINE('',#13892,#13893);
#13892 = CARTESIAN_POINT('',(-1.5,-11.,-4.5));
#13893 = VECTOR('',#13894,1.);
#13894 = DIRECTION('',(-0.,1.,0.));
#13895 = ORIENTED_EDGE('',*,*,#13896,.F.);
#13896 = EDGE_CURVE('',#13756,#13889,#13897,.T.);
#13897 = LINE('',#13898,#13899);
#13898 = CARTESIAN_POINT('',(-1.5,-11.,-6.));
#13899 = VECTOR('',#13900,1.);
#13900 = DIRECTION('',(0.,0.,1.));
#13901 = PLANE('',#13902);
#13902 = AXIS2_PLACEMENT_3D('',#13903,#13904,#13905);
#13903 = CARTESIAN_POINT('',(-1.5,-11.,-6.));
#13904 = DIRECTION('',(1.,0.,-0.));
#13905 = DIRECTION('',(0.,0.,1.));
#13906 = ADVANCED_FACE('',(#13907),#13932,.T.);
#13907 = FACE_BOUND('',#13908,.T.);
#13908 = EDGE_LOOP('',(#13909,#13910,#13918,#13926));
#13909 = ORIENTED_EDGE('',*,*,#13888,.F.);
#13910 = ORIENTED_EDGE('',*,*,#13911,.T.);
#13911 = EDGE_CURVE('',#13889,#13912,#13914,.T.);
#13912 = VERTEX_POINT('',#13913);
#13913 = CARTESIAN_POINT('',(1.5,-11.,-4.5));
#13914 = LINE('',#13915,#13916);
#13915 = CARTESIAN_POINT('',(-1.5,-11.,-4.5));
#13916 = VECTOR('',#13917,1.);
#13917 = DIRECTION('',(1.,0.,-0.));
#13918 = ORIENTED_EDGE('',*,*,#13919,.T.);
#13919 = EDGE_CURVE('',#13912,#13920,#13922,.T.);
#13920 = VERTEX_POINT('',#13921);
#13921 = CARTESIAN_POINT('',(1.5,11.,-4.5));
#13922 = LINE('',#13923,#13924);
#13923 = CARTESIAN_POINT('',(1.5,-11.,-4.5));
#13924 = VECTOR('',#13925,1.);
#13925 = DIRECTION('',(-0.,1.,0.));
#13926 = ORIENTED_EDGE('',*,*,#13927,.F.);
#13927 = EDGE_CURVE('',#13881,#13920,#13928,.T.);
#13928 = LINE('',#13929,#13930);
#13929 = CARTESIAN_POINT('',(-1.5,11.,-4.5));
#13930 = VECTOR('',#13931,1.);
#13931 = DIRECTION('',(1.,0.,-0.));
#13932 = PLANE('',#13933);
#13933 = AXIS2_PLACEMENT_3D('',#13934,#13935,#13936);
#13934 = CARTESIAN_POINT('',(-1.5,-11.,-4.5));
#13935 = DIRECTION('',(0.,0.,1.));
#13936 = DIRECTION('',(1.,0.,-0.));
#13937 = ADVANCED_FACE('',(#13938),#13970,.T.);
#13938 = FACE_BOUND('',#13939,.T.);
#13939 = EDGE_LOOP('',(#13940,#13941,#13949,#13957,#13963,#13964));
#13940 = ORIENTED_EDGE('',*,*,#13777,.F.);
#13941 = ORIENTED_EDGE('',*,*,#13942,.T.);
#13942 = EDGE_CURVE('',#13778,#13943,#13945,.T.);
#13943 = VERTEX_POINT('',#13944);
#13944 = CARTESIAN_POINT('',(1.5,11.,-6.));
#13945 = LINE('',#13946,#13947);
#13946 = CARTESIAN_POINT('',(1.5,-11.,-6.));
#13947 = VECTOR('',#13948,1.);
#13948 = DIRECTION('',(-0.,1.,0.));
#13949 = ORIENTED_EDGE('',*,*,#13950,.T.);
#13950 = EDGE_CURVE('',#13943,#13951,#13953,.T.);
#13951 = VERTEX_POINT('',#13952);
#13952 = CARTESIAN_POINT('',(1.5,11.,-5.));
#13953 = LINE('',#13954,#13955);
#13954 = CARTESIAN_POINT('',(1.5,11.,-6.));
#13955 = VECTOR('',#13956,1.);
#13956 = DIRECTION('',(0.,0.,1.));
#13957 = ORIENTED_EDGE('',*,*,#13958,.T.);
#13958 = EDGE_CURVE('',#13951,#13920,#13959,.T.);
#13959 = LINE('',#13960,#13961);
#13960 = CARTESIAN_POINT('',(1.5,11.,-6.));
#13961 = VECTOR('',#13962,1.);
#13962 = DIRECTION('',(0.,0.,1.));
#13963 = ORIENTED_EDGE('',*,*,#13919,.F.);
#13964 = ORIENTED_EDGE('',*,*,#13965,.F.);
#13965 = EDGE_CURVE('',#13748,#13912,#13966,.T.);
#13966 = LINE('',#13967,#13968);
#13967 = CARTESIAN_POINT('',(1.5,-11.,-6.));
#13968 = VECTOR('',#13969,1.);
#13969 = DIRECTION('',(0.,0.,1.));
#13970 = PLANE('',#13971);
#13971 = AXIS2_PLACEMENT_3D('',#13972,#13973,#13974);
#13972 = CARTESIAN_POINT('',(1.5,-11.,-6.));
#13973 = DIRECTION('',(1.,0.,-0.));
#13974 = DIRECTION('',(0.,0.,1.));
#13975 = ADVANCED_FACE('',(#13976),#14017,.T.);
#13976 = FACE_BOUND('',#13977,.T.);
#13977 = EDGE_LOOP('',(#13978,#13986,#13994,#14002,#14010,#14016));
#13978 = ORIENTED_EDGE('',*,*,#13979,.F.);
#13979 = EDGE_CURVE('',#13980,#13668,#13982,.T.);
#13980 = VERTEX_POINT('',#13981);
#13981 = CARTESIAN_POINT('',(1.5,-11.,4.5));
#13982 = LINE('',#13983,#13984);
#13983 = CARTESIAN_POINT('',(1.5,-11.,4.5));
#13984 = VECTOR('',#13985,1.);
#13985 = DIRECTION('',(0.,0.,1.));
#13986 = ORIENTED_EDGE('',*,*,#13987,.T.);
#13987 = EDGE_CURVE('',#13980,#13988,#13990,.T.);
#13988 = VERTEX_POINT('',#13989);
#13989 = CARTESIAN_POINT('',(1.5,11.,4.5));
#13990 = LINE('',#13991,#13992);
#13991 = CARTESIAN_POINT('',(1.5,-11.,4.5));
#13992 = VECTOR('',#13993,1.);
#13993 = DIRECTION('',(-0.,1.,0.));
#13994 = ORIENTED_EDGE('',*,*,#13995,.T.);
#13995 = EDGE_CURVE('',#13988,#13996,#13998,.T.);
#13996 = VERTEX_POINT('',#13997);
#13997 = CARTESIAN_POINT('',(1.5,11.,5.));
#13998 = LINE('',#13999,#14000);
#13999 = CARTESIAN_POINT('',(1.5,11.,4.5));
#14000 = VECTOR('',#14001,1.);
#14001 = DIRECTION('',(0.,0.,1.));
#14002 = ORIENTED_EDGE('',*,*,#14003,.T.);
#14003 = EDGE_CURVE('',#13996,#14004,#14006,.T.);
#14004 = VERTEX_POINT('',#14005);
#14005 = CARTESIAN_POINT('',(1.5,11.,6.));
#14006 = LINE('',#14007,#14008);
#14007 = CARTESIAN_POINT('',(1.5,11.,4.5));
#14008 = VECTOR('',#14009,1.);
#14009 = DIRECTION('',(0.,0.,1.));
#14010 = ORIENTED_EDGE('',*,*,#14011,.F.);
#14011 = EDGE_CURVE('',#13842,#14004,#14012,.T.);
#14012 = LINE('',#14013,#14014);
#14013 = CARTESIAN_POINT('',(1.5,-11.,6.));
#14014 = VECTOR('',#14015,1.);
#14015 = DIRECTION('',(-0.,1.,0.));
#14016 = ORIENTED_EDGE('',*,*,#13849,.F.);
#14017 = PLANE('',#14018);
#14018 = AXIS2_PLACEMENT_3D('',#14019,#14020,#14021);
#14019 = CARTESIAN_POINT('',(1.5,-11.,4.5));
#14020 = DIRECTION('',(1.,0.,-0.));
#14021 = DIRECTION('',(0.,0.,1.));
#14022 = ADVANCED_FACE('',(#14023),#14048,.F.);
#14023 = FACE_BOUND('',#14024,.F.);
#14024 = EDGE_LOOP('',(#14025,#14035,#14041,#14042));
#14025 = ORIENTED_EDGE('',*,*,#14026,.F.);
#14026 = EDGE_CURVE('',#14027,#14029,#14031,.T.);
#14027 = VERTEX_POINT('',#14028);
#14028 = CARTESIAN_POINT('',(-1.5,-11.,4.5));
#14029 = VERTEX_POINT('',#14030);
#14030 = CARTESIAN_POINT('',(-1.5,11.,4.5));
#14031 = LINE('',#14032,#14033);
#14032 = CARTESIAN_POINT('',(-1.5,-11.,4.5));
#14033 = VECTOR('',#14034,1.);
#14034 = DIRECTION('',(-0.,1.,0.));
#14035 = ORIENTED_EDGE('',*,*,#14036,.T.);
#14036 = EDGE_CURVE('',#14027,#13980,#14037,.T.);
#14037 = LINE('',#14038,#14039);
#14038 = CARTESIAN_POINT('',(-1.5,-11.,4.5));
#14039 = VECTOR('',#14040,1.);
#14040 = DIRECTION('',(1.,0.,-0.));
#14041 = ORIENTED_EDGE('',*,*,#13987,.T.);
#14042 = ORIENTED_EDGE('',*,*,#14043,.F.);
#14043 = EDGE_CURVE('',#14029,#13988,#14044,.T.);
#14044 = LINE('',#14045,#14046);
#14045 = CARTESIAN_POINT('',(-1.5,11.,4.5));
#14046 = VECTOR('',#14047,1.);
#14047 = DIRECTION('',(1.,0.,-0.));
#14048 = PLANE('',#14049);
#14049 = AXIS2_PLACEMENT_3D('',#14050,#14051,#14052);
#14050 = CARTESIAN_POINT('',(-1.5,-11.,4.5));
#14051 = DIRECTION('',(0.,0.,1.));
#14052 = DIRECTION('',(1.,0.,-0.));
#14053 = ADVANCED_FACE('',(#14054),#14086,.F.);
#14054 = FACE_BOUND('',#14055,.F.);
#14055 = EDGE_LOOP('',(#14056,#14062,#14063,#14071,#14079,#14085));
#14056 = ORIENTED_EDGE('',*,*,#14057,.F.);
#14057 = EDGE_CURVE('',#14027,#13676,#14058,.T.);
#14058 = LINE('',#14059,#14060);
#14059 = CARTESIAN_POINT('',(-1.5,-11.,4.5));
#14060 = VECTOR('',#14061,1.);
#14061 = DIRECTION('',(0.,0.,1.));
#14062 = ORIENTED_EDGE('',*,*,#14026,.T.);
#14063 = ORIENTED_EDGE('',*,*,#14064,.T.);
#14064 = EDGE_CURVE('',#14029,#14065,#14067,.T.);
#14065 = VERTEX_POINT('',#14066);
#14066 = CARTESIAN_POINT('',(-1.5,11.,5.));
#14067 = LINE('',#14068,#14069);
#14068 = CARTESIAN_POINT('',(-1.5,11.,4.5));
#14069 = VECTOR('',#14070,1.);
#14070 = DIRECTION('',(0.,0.,1.));
#14071 = ORIENTED_EDGE('',*,*,#14072,.T.);
#14072 = EDGE_CURVE('',#14065,#14073,#14075,.T.);
#14073 = VERTEX_POINT('',#14074);
#14074 = CARTESIAN_POINT('',(-1.5,11.,6.));
#14075 = LINE('',#14076,#14077);
#14076 = CARTESIAN_POINT('',(-1.5,11.,4.5));
#14077 = VECTOR('',#14078,1.);
#14078 = DIRECTION('',(0.,0.,1.));
#14079 = ORIENTED_EDGE('',*,*,#14080,.F.);
#14080 = EDGE_CURVE('',#13834,#14073,#14081,.T.);
#14081 = LINE('',#14082,#14083);
#14082 = CARTESIAN_POINT('',(-1.5,-11.,6.));
#14083 = VECTOR('',#14084,1.);
#14084 = DIRECTION('',(-0.,1.,0.));
#14085 = ORIENTED_EDGE('',*,*,#13833,.F.);
#14086 = PLANE('',#14087);
#14087 = AXIS2_PLACEMENT_3D('',#14088,#14089,#14090);
#14088 = CARTESIAN_POINT('',(-1.5,-11.,4.5));
#14089 = DIRECTION('',(1.,0.,-0.));
#14090 = DIRECTION('',(0.,0.,1.));
#14091 = ADVANCED_FACE('',(#14092),#14103,.F.);
#14092 = FACE_BOUND('',#14093,.F.);
#14093 = EDGE_LOOP('',(#14094,#14095,#14096,#14097));
#14094 = ORIENTED_EDGE('',*,*,#13864,.F.);
#14095 = ORIENTED_EDGE('',*,*,#13785,.T.);
#14096 = ORIENTED_EDGE('',*,*,#13942,.T.);
#14097 = ORIENTED_EDGE('',*,*,#14098,.F.);
#14098 = EDGE_CURVE('',#13865,#13943,#14099,.T.);
#14099 = LINE('',#14100,#14101);
#14100 = CARTESIAN_POINT('',(-1.5,11.,-6.));
#14101 = VECTOR('',#14102,1.);
#14102 = DIRECTION('',(1.,0.,-0.));
#14103 = PLANE('',#14104);
#14104 = AXIS2_PLACEMENT_3D('',#14105,#14106,#14107);
#14105 = CARTESIAN_POINT('',(-1.5,-11.,-6.));
#14106 = DIRECTION('',(0.,0.,1.));
#14107 = DIRECTION('',(1.,0.,-0.));
#14108 = ADVANCED_FACE('',(#14109),#14120,.T.);
#14109 = FACE_BOUND('',#14110,.T.);
#14110 = EDGE_LOOP('',(#14111,#14112,#14113,#14114));
#14111 = ORIENTED_EDGE('',*,*,#14080,.F.);
#14112 = ORIENTED_EDGE('',*,*,#13841,.T.);
#14113 = ORIENTED_EDGE('',*,*,#14011,.T.);
#14114 = ORIENTED_EDGE('',*,*,#14115,.F.);
#14115 = EDGE_CURVE('',#14073,#14004,#14116,.T.);
#14116 = LINE('',#14117,#14118);
#14117 = CARTESIAN_POINT('',(-1.5,11.,6.));
#14118 = VECTOR('',#14119,1.);
#14119 = DIRECTION('',(1.,0.,-0.));
#14120 = PLANE('',#14121);
#14121 = AXIS2_PLACEMENT_3D('',#14122,#14123,#14124);
#14122 = CARTESIAN_POINT('',(-1.5,-11.,6.));
#14123 = DIRECTION('',(0.,0.,1.));
#14124 = DIRECTION('',(1.,0.,-0.));
#14125 = ADVANCED_FACE('',(#14126),#14137,.T.);
#14126 = FACE_BOUND('',#14127,.T.);
#14127 = EDGE_LOOP('',(#14128,#14129,#14130,#14131));
#14128 = ORIENTED_EDGE('',*,*,#13950,.F.);
#14129 = ORIENTED_EDGE('',*,*,#14098,.F.);
#14130 = ORIENTED_EDGE('',*,*,#13872,.T.);
#14131 = ORIENTED_EDGE('',*,*,#14132,.T.);
#14132 = EDGE_CURVE('',#13873,#13951,#14133,.T.);
#14133 = LINE('',#14134,#14135);
#14134 = CARTESIAN_POINT('',(-7.586206896552,11.,-5.));
#14135 = VECTOR('',#14136,1.);
#14136 = DIRECTION('',(1.,0.,-0.));
#14137 = PLANE('',#14138);
#14138 = AXIS2_PLACEMENT_3D('',#14139,#14140,#14141);
#14139 = CARTESIAN_POINT('',(-1.5,11.,-6.));
#14140 = DIRECTION('',(-0.,1.,0.));
#14141 = DIRECTION('',(0.,0.,1.));
#14142 = ADVANCED_FACE('',(#14143),#14154,.T.);
#14143 = FACE_BOUND('',#14144,.T.);
#14144 = EDGE_LOOP('',(#14145,#14151,#14152,#14153));
#14145 = ORIENTED_EDGE('',*,*,#14146,.F.);
#14146 = EDGE_CURVE('',#14065,#13996,#14147,.T.);
#14147 = LINE('',#14148,#14149);
#14148 = CARTESIAN_POINT('',(-7.586206896552,11.,5.));
#14149 = VECTOR('',#14150,1.);
#14150 = DIRECTION('',(1.,0.,-0.));
#14151 = ORIENTED_EDGE('',*,*,#14072,.T.);
#14152 = ORIENTED_EDGE('',*,*,#14115,.T.);
#14153 = ORIENTED_EDGE('',*,*,#14003,.F.);
#14154 = PLANE('',#14155);
#14155 = AXIS2_PLACEMENT_3D('',#14156,#14157,#14158);
#14156 = CARTESIAN_POINT('',(-1.5,11.,4.5));
#14157 = DIRECTION('',(-0.,1.,0.));
#14158 = DIRECTION('',(0.,0.,1.));
#14159 = ADVANCED_FACE('',(#14160),#14201,.F.);
#14160 = FACE_BOUND('',#14161,.F.);
#14161 = EDGE_LOOP('',(#14162,#14172,#14178,#14179,#14187,#14195));
#14162 = ORIENTED_EDGE('',*,*,#14163,.F.);
#14163 = EDGE_CURVE('',#14164,#14166,#14168,.T.);
#14164 = VERTEX_POINT('',#14165);
#14165 = CARTESIAN_POINT('',(-7.586206896552,11.,-5.));
#14166 = VERTEX_POINT('',#14167);
#14167 = CARTESIAN_POINT('',(-7.586206896552,12.5,-5.));
#14168 = LINE('',#14169,#14170);
#14169 = CARTESIAN_POINT('',(-7.586206896552,11.,-5.));
#14170 = VECTOR('',#14171,1.);
#14171 = DIRECTION('',(-0.,1.,0.));
#14172 = ORIENTED_EDGE('',*,*,#14173,.T.);
#14173 = EDGE_CURVE('',#14164,#13873,#14174,.T.);
#14174 = LINE('',#14175,#14176);
#14175 = CARTESIAN_POINT('',(-7.586206896552,11.,-5.));
#14176 = VECTOR('',#14177,1.);
#14177 = DIRECTION('',(1.,0.,-0.));
#14178 = ORIENTED_EDGE('',*,*,#14132,.T.);
#14179 = ORIENTED_EDGE('',*,*,#14180,.T.);
#14180 = EDGE_CURVE('',#13951,#14181,#14183,.T.);
#14181 = VERTEX_POINT('',#14182);
#14182 = CARTESIAN_POINT('',(7.586206896552,11.,-5.));
#14183 = LINE('',#14184,#14185);
#14184 = CARTESIAN_POINT('',(-7.586206896552,11.,-5.));
#14185 = VECTOR('',#14186,1.);
#14186 = DIRECTION('',(1.,0.,-0.));
#14187 = ORIENTED_EDGE('',*,*,#14188,.T.);
#14188 = EDGE_CURVE('',#14181,#14189,#14191,.T.);
#14189 = VERTEX_POINT('',#14190);
#14190 = CARTESIAN_POINT('',(7.586206896552,12.5,-5.));
#14191 = LINE('',#14192,#14193);
#14192 = CARTESIAN_POINT('',(7.586206896552,11.,-5.));
#14193 = VECTOR('',#14194,1.);
#14194 = DIRECTION('',(-0.,1.,0.));
#14195 = ORIENTED_EDGE('',*,*,#14196,.F.);
#14196 = EDGE_CURVE('',#14166,#14189,#14197,.T.);
#14197 = LINE('',#14198,#14199);
#14198 = CARTESIAN_POINT('',(-7.586206896552,12.5,-5.));
#14199 = VECTOR('',#14200,1.);
#14200 = DIRECTION('',(1.,0.,-0.));
#14201 = PLANE('',#14202);
#14202 = AXIS2_PLACEMENT_3D('',#14203,#14204,#14205);
#14203 = CARTESIAN_POINT('',(-7.586206896552,11.,-5.));
#14204 = DIRECTION('',(0.,0.,1.));
#14205 = DIRECTION('',(1.,0.,-0.));
#14206 = ADVANCED_FACE('',(#14207),#14248,.T.);
#14207 = FACE_BOUND('',#14208,.T.);
#14208 = EDGE_LOOP('',(#14209,#14219,#14225,#14226,#14234,#14242));
#14209 = ORIENTED_EDGE('',*,*,#14210,.F.);
#14210 = EDGE_CURVE('',#14211,#14213,#14215,.T.);
#14211 = VERTEX_POINT('',#14212);
#14212 = CARTESIAN_POINT('',(-7.586206896552,11.,5.));
#14213 = VERTEX_POINT('',#14214);
#14214 = CARTESIAN_POINT('',(-7.586206896552,12.5,5.));
#14215 = LINE('',#14216,#14217);
#14216 = CARTESIAN_POINT('',(-7.586206896552,11.,5.));
#14217 = VECTOR('',#14218,1.);
#14218 = DIRECTION('',(-0.,1.,0.));
#14219 = ORIENTED_EDGE('',*,*,#14220,.T.);
#14220 = EDGE_CURVE('',#14211,#14065,#14221,.T.);
#14221 = LINE('',#14222,#14223);
#14222 = CARTESIAN_POINT('',(-7.586206896552,11.,5.));
#14223 = VECTOR('',#14224,1.);
#14224 = DIRECTION('',(1.,0.,-0.));
#14225 = ORIENTED_EDGE('',*,*,#14146,.T.);
#14226 = ORIENTED_EDGE('',*,*,#14227,.T.);
#14227 = EDGE_CURVE('',#13996,#14228,#14230,.T.);
#14228 = VERTEX_POINT('',#14229);
#14229 = CARTESIAN_POINT('',(7.586206896552,11.,5.));
#14230 = LINE('',#14231,#14232);
#14231 = CARTESIAN_POINT('',(-7.586206896552,11.,5.));
#14232 = VECTOR('',#14233,1.);
#14233 = DIRECTION('',(1.,0.,-0.));
#14234 = ORIENTED_EDGE('',*,*,#14235,.T.);
#14235 = EDGE_CURVE('',#14228,#14236,#14238,.T.);
#14236 = VERTEX_POINT('',#14237);
#14237 = CARTESIAN_POINT('',(7.586206896552,12.5,5.));
#14238 = LINE('',#14239,#14240);
#14239 = CARTESIAN_POINT('',(7.586206896552,11.,5.));
#14240 = VECTOR('',#14241,1.);
#14241 = DIRECTION('',(-0.,1.,0.));
#14242 = ORIENTED_EDGE('',*,*,#14243,.F.);
#14243 = EDGE_CURVE('',#14213,#14236,#14244,.T.);
#14244 = LINE('',#14245,#14246);
#14245 = CARTESIAN_POINT('',(-7.586206896552,12.5,5.));
#14246 = VECTOR('',#14247,1.);
#14247 = DIRECTION('',(1.,0.,-0.));
#14248 = PLANE('',#14249);
#14249 = AXIS2_PLACEMENT_3D('',#14250,#14251,#14252);
#14250 = CARTESIAN_POINT('',(-7.586206896552,11.,5.));
#14251 = DIRECTION('',(0.,0.,1.));
#14252 = DIRECTION('',(1.,0.,-0.));
#14253 = ADVANCED_FACE('',(#14254),#14272,.T.);
#14254 = FACE_BOUND('',#14255,.T.);
#14255 = EDGE_LOOP('',(#14256,#14257,#14264,#14265));
#14256 = ORIENTED_EDGE('',*,*,#14210,.T.);
#14257 = ORIENTED_EDGE('',*,*,#14258,.F.);
#14258 = EDGE_CURVE('',#14166,#14213,#14259,.T.);
#14259 = CIRCLE('',#14260,5.);
#14260 = AXIS2_PLACEMENT_3D('',#14261,#14262,#14263);
#14261 = CARTESIAN_POINT('',(-7.586206896552,12.5,0.));
#14262 = DIRECTION('',(0.,1.,0.));
#14263 = DIRECTION('',(0.,-0.,1.));
#14264 = ORIENTED_EDGE('',*,*,#14163,.F.);
#14265 = ORIENTED_EDGE('',*,*,#14266,.T.);
#14266 = EDGE_CURVE('',#14164,#14211,#14267,.T.);
#14267 = CIRCLE('',#14268,5.);
#14268 = AXIS2_PLACEMENT_3D('',#14269,#14270,#14271);
#14269 = CARTESIAN_POINT('',(-7.586206896552,11.,0.));
#14270 = DIRECTION('',(0.,1.,0.));
#14271 = DIRECTION('',(0.,-0.,1.));
#14272 = CYLINDRICAL_SURFACE('',#14273,5.);
#14273 = AXIS2_PLACEMENT_3D('',#14274,#14275,#14276);
#14274 = CARTESIAN_POINT('',(-7.586206896552,11.,0.));
#14275 = DIRECTION('',(0.,1.,0.));
#14276 = DIRECTION('',(0.,-0.,1.));
#14277 = ADVANCED_FACE('',(#14278),#14296,.T.);
#14278 = FACE_BOUND('',#14279,.T.);
#14279 = EDGE_LOOP('',(#14280,#14287,#14288,#14295));
#14280 = ORIENTED_EDGE('',*,*,#14281,.F.);
#14281 = EDGE_CURVE('',#14236,#14189,#14282,.T.);
#14282 = CIRCLE('',#14283,5.);
#14283 = AXIS2_PLACEMENT_3D('',#14284,#14285,#14286);
#14284 = CARTESIAN_POINT('',(7.586206896552,12.5,0.));
#14285 = DIRECTION('',(0.,1.,0.));
#14286 = DIRECTION('',(0.,-0.,1.));
#14287 = ORIENTED_EDGE('',*,*,#14235,.F.);
#14288 = ORIENTED_EDGE('',*,*,#14289,.T.);
#14289 = EDGE_CURVE('',#14228,#14181,#14290,.T.);
#14290 = CIRCLE('',#14291,5.);
#14291 = AXIS2_PLACEMENT_3D('',#14292,#14293,#14294);
#14292 = CARTESIAN_POINT('',(7.586206896552,11.,0.));
#14293 = DIRECTION('',(0.,1.,0.));
#14294 = DIRECTION('',(0.,-0.,1.));
#14295 = ORIENTED_EDGE('',*,*,#14188,.T.);
#14296 = CYLINDRICAL_SURFACE('',#14297,5.);
#14297 = AXIS2_PLACEMENT_3D('',#14298,#14299,#14300);
#14298 = CARTESIAN_POINT('',(7.586206896552,11.,0.));
#14299 = DIRECTION('',(0.,1.,0.));
#14300 = DIRECTION('',(0.,-0.,1.));
#14301 = ADVANCED_FACE('',(#14302),#14308,.T.);
#14302 = FACE_BOUND('',#14303,.T.);
#14303 = EDGE_LOOP('',(#14304,#14305,#14306,#14307));
#14304 = ORIENTED_EDGE('',*,*,#13731,.T.);
#14305 = ORIENTED_EDGE('',*,*,#13816,.F.);
#14306 = ORIENTED_EDGE('',*,*,#13651,.F.);
#14307 = ORIENTED_EDGE('',*,*,#13715,.F.);
#14308 = PLANE('',#14309);
#14309 = AXIS2_PLACEMENT_3D('',#14310,#14311,#14312);
#14310 = CARTESIAN_POINT('',(-6.476089505928E-16,-12.5,
    -2.354941638519E-16));
#14311 = DIRECTION('',(-0.,-1.,-0.));
#14312 = DIRECTION('',(0.,0.,-1.));
#14313 = ADVANCED_FACE('',(#14314),#14328,.T.);
#14314 = FACE_BOUND('',#14315,.T.);
#14315 = EDGE_LOOP('',(#14316,#14317,#14318,#14319,#14320,#14321,#14322,
    #14323,#14324,#14325,#14326,#14327));
#14316 = ORIENTED_EDGE('',*,*,#13763,.F.);
#14317 = ORIENTED_EDGE('',*,*,#13698,.T.);
#14318 = ORIENTED_EDGE('',*,*,#13683,.T.);
#14319 = ORIENTED_EDGE('',*,*,#14057,.F.);
#14320 = ORIENTED_EDGE('',*,*,#14036,.T.);
#14321 = ORIENTED_EDGE('',*,*,#13979,.T.);
#14322 = ORIENTED_EDGE('',*,*,#13667,.T.);
#14323 = ORIENTED_EDGE('',*,*,#13808,.T.);
#14324 = ORIENTED_EDGE('',*,*,#13747,.F.);
#14325 = ORIENTED_EDGE('',*,*,#13965,.T.);
#14326 = ORIENTED_EDGE('',*,*,#13911,.F.);
#14327 = ORIENTED_EDGE('',*,*,#13896,.F.);
#14328 = PLANE('',#14329);
#14329 = AXIS2_PLACEMENT_3D('',#14330,#14331,#14332);
#14330 = CARTESIAN_POINT('',(1.139697972182E-16,-11.,-2.279395944363E-16
    ));
#14331 = DIRECTION('',(0.,1.,0.));
#14332 = DIRECTION('',(0.,-0.,1.));
#14333 = ADVANCED_FACE('',(#14334),#14348,.T.);
#14334 = FACE_BOUND('',#14335,.T.);
#14335 = EDGE_LOOP('',(#14336,#14337,#14338,#14339,#14340,#14341,#14342,
    #14343,#14344,#14345,#14346,#14347));
#14336 = ORIENTED_EDGE('',*,*,#14173,.T.);
#14337 = ORIENTED_EDGE('',*,*,#13880,.T.);
#14338 = ORIENTED_EDGE('',*,*,#13927,.T.);
#14339 = ORIENTED_EDGE('',*,*,#13958,.F.);
#14340 = ORIENTED_EDGE('',*,*,#14180,.T.);
#14341 = ORIENTED_EDGE('',*,*,#14289,.F.);
#14342 = ORIENTED_EDGE('',*,*,#14227,.F.);
#14343 = ORIENTED_EDGE('',*,*,#13995,.F.);
#14344 = ORIENTED_EDGE('',*,*,#14043,.F.);
#14345 = ORIENTED_EDGE('',*,*,#14064,.T.);
#14346 = ORIENTED_EDGE('',*,*,#14220,.F.);
#14347 = ORIENTED_EDGE('',*,*,#14266,.F.);
#14348 = PLANE('',#14349);
#14349 = AXIS2_PLACEMENT_3D('',#14350,#14351,#14352);
#14350 = CARTESIAN_POINT('',(-6.268338846999E-16,11.,-2.279395944363E-16
    ));
#14351 = DIRECTION('',(-0.,-1.,-0.));
#14352 = DIRECTION('',(0.,0.,-1.));
#14353 = ADVANCED_FACE('',(#14354),#14360,.T.);
#14354 = FACE_BOUND('',#14355,.T.);
#14355 = EDGE_LOOP('',(#14356,#14357,#14358,#14359));
#14356 = ORIENTED_EDGE('',*,*,#14196,.F.);
#14357 = ORIENTED_EDGE('',*,*,#14258,.T.);
#14358 = ORIENTED_EDGE('',*,*,#14243,.T.);
#14359 = ORIENTED_EDGE('',*,*,#14281,.T.);
#14360 = PLANE('',#14361);
#14361 = AXIS2_PLACEMENT_3D('',#14362,#14363,#14364);
#14362 = CARTESIAN_POINT('',(-3.532412457779E-16,12.5,8.831031144447E-17
    ));
#14363 = DIRECTION('',(0.,1.,0.));
#14364 = DIRECTION('',(0.,-0.,1.));
#14365 = ( GEOMETRIC_REPRESENTATION_CONTEXT(3) 
GLOBAL_UNCERTAINTY_ASSIGNED_CONTEXT((#14369)) 
GLOBAL_UNIT_ASSIGNED_CONTEXT((#14366,#14367,#14368)) 
REPRESENTATION_CONTEXT('Context #1',
  '3D Context with UNIT and UNCERTAINTY') );
#14366 = ( LENGTH_UNIT() NAMED_UNIT(*) SI_UNIT(.MILLI.,.METRE.) );
#14367 = ( NAMED_UNIT(*) PLANE_ANGLE_UNIT() SI_UNIT($,.RADIAN.) );
#14368 = ( NAMED_UNIT(*) SI_UNIT($,.STERADIAN.) SOLID_ANGLE_UNIT() );
#14369 = UNCERTAINTY_MEASURE_WITH_UNIT(LENGTH_MEASURE(1.E-07),#14366,
  'distance_accuracy_value','confusion accuracy');
#14370 = CONTEXT_DEPENDENT_SHAPE_REPRESENTATION(#14371,#14373);
#14371 = ( REPRESENTATION_RELATIONSHIP('','',#13634,#10) 
REPRESENTATION_RELATIONSHIP_WITH_TRANSFORMATION(#14372) 
SHAPE_REPRESENTATION_RELATIONSHIP() );
#14372 = ITEM_DEFINED_TRANSFORMATION('','',#11,#87);
#14373 = PRODUCT_DEFINITION_SHAPE('Placement','Placement of an item',
  #14374);
#14374 = NEXT_ASSEMBLY_USAGE_OCCURRENCE('19','link_18','',#5,#13629,$);
#14375 = PRODUCT_RELATED_PRODUCT_CATEGORY('part',$,(#13631));
#14376 = SHAPE_DEFINITION_REPRESENTATION(#14377,#14383);
#14377 = PRODUCT_DEFINITION_SHAPE('','',#14378);
#14378 = PRODUCT_DEFINITION('design','',#14379,#14382);
#14379 = PRODUCT_DEFINITION_FORMATION('','',#14380);
#14380 = PRODUCT('link_19','link_19','',(#14381));
#14381 = PRODUCT_CONTEXT('',#2,'mechanical');
#14382 = PRODUCT_DEFINITION_CONTEXT('part definition',#2,'design');
#14383 = ADVANCED_BREP_SHAPE_REPRESENTATION('',(#11,#14384),#15114);
#14384 = MANIFOLD_SOLID_BREP('',#14385);
#14385 = CLOSED_SHELL('',(#14386,#14442,#14475,#14522,#14553,#14577,
    #14608,#14655,#14686,#14724,#14771,#14802,#14840,#14857,#14874,
    #14891,#14908,#14955,#15002,#15026,#15050,#15062,#15082,#15102));
#14386 = ADVANCED_FACE('',(#14387),#14437,.T.);
#14387 = FACE_BOUND('',#14388,.T.);
#14388 = EDGE_LOOP('',(#14389,#14399,#14407,#14415,#14423,#14431));
#14389 = ORIENTED_EDGE('',*,*,#14390,.F.);
#14390 = EDGE_CURVE('',#14391,#14393,#14395,.T.);
#14391 = VERTEX_POINT('',#14392);
#14392 = CARTESIAN_POINT('',(-7.586206896552,-12.5,5.));
#14393 = VERTEX_POINT('',#14394);
#14394 = CARTESIAN_POINT('',(-7.586206896552,-11.,5.));
#14395 = LINE('',#14396,#14397);
#14396 = CARTESIAN_POINT('',(-7.586206896552,-12.5,5.));
#14397 = VECTOR('',#14398,1.);
#14398 = DIRECTION('',(-0.,1.,0.));
#14399 = ORIENTED_EDGE('',*,*,#14400,.T.);
#14400 = EDGE_CURVE('',#14391,#14401,#14403,.T.);
#14401 = VERTEX_POINT('',#14402);
#14402 = CARTESIAN_POINT('',(7.586206896552,-12.5,5.));
#14403 = LINE('',#14404,#14405);
#14404 = CARTESIAN_POINT('',(-7.586206896552,-12.5,5.));
#14405 = VECTOR('',#14406,1.);
#14406 = DIRECTION('',(1.,0.,-0.));
#14407 = ORIENTED_EDGE('',*,*,#14408,.T.);
#14408 = EDGE_CURVE('',#14401,#14409,#14411,.T.);
#14409 = VERTEX_POINT('',#14410);
#14410 = CARTESIAN_POINT('',(7.586206896552,-11.,5.));
#14411 = LINE('',#14412,#14413);
#14412 = CARTESIAN_POINT('',(7.586206896552,-12.5,5.));
#14413 = VECTOR('',#14414,1.);
#14414 = DIRECTION('',(-0.,1.,0.));
#14415 = ORIENTED_EDGE('',*,*,#14416,.F.);
#14416 = EDGE_CURVE('',#14417,#14409,#14419,.T.);
#14417 = VERTEX_POINT('',#14418);
#14418 = CARTESIAN_POINT('',(1.5,-11.,5.));
#14419 = LINE('',#14420,#14421);
#14420 = CARTESIAN_POINT('',(-7.586206896552,-11.,5.));
#14421 = VECTOR('',#14422,1.);
#14422 = DIRECTION('',(1.,0.,-0.));
#14423 = ORIENTED_EDGE('',*,*,#14424,.F.);
#14424 = EDGE_CURVE('',#14425,#14417,#14427,.T.);
#14425 = VERTEX_POINT('',#14426);
#14426 = CARTESIAN_POINT('',(-1.5,-11.,5.));
#14427 = LINE('',#14428,#14429);
#14428 = CARTESIAN_POINT('',(-7.586206896552,-11.,5.));
#14429 = VECTOR('',#14430,1.);
#14430 = DIRECTION('',(1.,0.,-0.));
#14431 = ORIENTED_EDGE('',*,*,#14432,.F.);
#14432 = EDGE_CURVE('',#14393,#14425,#14433,.T.);
#14433 = LINE('',#14434,#14435);
#14434 = CARTESIAN_POINT('',(-7.586206896552,-11.,5.));
#14435 = VECTOR('',#14436,1.);
#14436 = DIRECTION('',(1.,0.,-0.));
#14437 = PLANE('',#14438);
#14438 = AXIS2_PLACEMENT_3D('',#14439,#14440,#14441);
#14439 = CARTESIAN_POINT('',(-7.586206896552,-12.5,5.));
#14440 = DIRECTION('',(0.,0.,1.));
#14441 = DIRECTION('',(1.,0.,-0.));
#14442 = ADVANCED_FACE('',(#14443),#14470,.T.);
#14443 = FACE_BOUND('',#14444,.T.);
#14444 = EDGE_LOOP('',(#14445,#14446,#14455,#14463));
#14445 = ORIENTED_EDGE('',*,*,#14390,.T.);
#14446 = ORIENTED_EDGE('',*,*,#14447,.F.);
#14447 = EDGE_CURVE('',#14448,#14393,#14450,.T.);
#14448 = VERTEX_POINT('',#14449);
#14449 = CARTESIAN_POINT('',(-7.586206896552,-11.,-5.));
#14450 = CIRCLE('',#14451,5.);
#14451 = AXIS2_PLACEMENT_3D('',#14452,#14453,#14454);
#14452 = CARTESIAN_POINT('',(-7.586206896552,-11.,0.));
#14453 = DIRECTION('',(0.,1.,0.));
#14454 = DIRECTION('',(0.,-0.,1.));
#14455 = ORIENTED_EDGE('',*,*,#14456,.F.);
#14456 = EDGE_CURVE('',#14457,#14448,#14459,.T.);
#14457 = VERTEX_POINT('',#14458);
#14458 = CARTESIAN_POINT('',(-7.586206896552,-12.5,-5.));
#14459 = LINE('',#14460,#14461);
#14460 = CARTESIAN_POINT('',(-7.586206896552,-12.5,-5.));
#14461 = VECTOR('',#14462,1.);
#14462 = DIRECTION('',(-0.,1.,0.));
#14463 = ORIENTED_EDGE('',*,*,#14464,.T.);
#14464 = EDGE_CURVE('',#14457,#14391,#14465,.T.);
#14465 = CIRCLE('',#14466,5.);
#14466 = AXIS2_PLACEMENT_3D('',#14467,#14468,#14469);
#14467 = CARTESIAN_POINT('',(-7.586206896552,-12.5,0.));
#14468 = DIRECTION('',(0.,1.,0.));
#14469 = DIRECTION('',(0.,-0.,1.));
#14470 = CYLINDRICAL_SURFACE('',#14471,5.);
#14471 = AXIS2_PLACEMENT_3D('',#14472,#14473,#14474);
#14472 = CARTESIAN_POINT('',(-7.586206896552,-12.5,0.));
#14473 = DIRECTION('',(0.,1.,0.));
#14474 = DIRECTION('',(0.,-0.,1.));
#14475 = ADVANCED_FACE('',(#14476),#14517,.F.);
#14476 = FACE_BOUND('',#14477,.F.);
#14477 = EDGE_LOOP('',(#14478,#14479,#14487,#14495,#14503,#14511));
#14478 = ORIENTED_EDGE('',*,*,#14456,.F.);
#14479 = ORIENTED_EDGE('',*,*,#14480,.T.);
#14480 = EDGE_CURVE('',#14457,#14481,#14483,.T.);
#14481 = VERTEX_POINT('',#14482);
#14482 = CARTESIAN_POINT('',(7.586206896552,-12.5,-5.));
#14483 = LINE('',#14484,#14485);
#14484 = CARTESIAN_POINT('',(-7.586206896552,-12.5,-5.));
#14485 = VECTOR('',#14486,1.);
#14486 = DIRECTION('',(1.,0.,-0.));
#14487 = ORIENTED_EDGE('',*,*,#14488,.T.);
#14488 = EDGE_CURVE('',#14481,#14489,#14491,.T.);
#14489 = VERTEX_POINT('',#14490);
#14490 = CARTESIAN_POINT('',(7.586206896552,-11.,-5.));
#14491 = LINE('',#14492,#14493);
#14492 = CARTESIAN_POINT('',(7.586206896552,-12.5,-5.));
#14493 = VECTOR('',#14494,1.);
#14494 = DIRECTION('',(-0.,1.,0.));
#14495 = ORIENTED_EDGE('',*,*,#14496,.F.);
#14496 = EDGE_CURVE('',#14497,#14489,#14499,.T.);
#14497 = VERTEX_POINT('',#14498);
#14498 = CARTESIAN_POINT('',(1.5,-11.,-5.));
#14499 = LINE('',#14500,#14501);
#14500 = CARTESIAN_POINT('',(-7.586206896552,-11.,-5.));
#14501 = VECTOR('',#14502,1.);
#14502 = DIRECTION('',(1.,0.,-0.));
#14503 = ORIENTED_EDGE('',*,*,#14504,.F.);
#14504 = EDGE_CURVE('',#14505,#14497,#14507,.T.);
#14505 = VERTEX_POINT('',#14506);
#14506 = CARTESIAN_POINT('',(-1.5,-11.,-5.));
#14507 = LINE('',#14508,#14509);
#14508 = CARTESIAN_POINT('',(-7.586206896552,-11.,-5.));
#14509 = VECTOR('',#14510,1.);
#14510 = DIRECTION('',(1.,0.,-0.));
#14511 = ORIENTED_EDGE('',*,*,#14512,.F.);
#14512 = EDGE_CURVE('',#14448,#14505,#14513,.T.);
#14513 = LINE('',#14514,#14515);
#14514 = CARTESIAN_POINT('',(-7.586206896552,-11.,-5.));
#14515 = VECTOR('',#14516,1.);
#14516 = DIRECTION('',(1.,0.,-0.));
#14517 = PLANE('',#14518);
#14518 = AXIS2_PLACEMENT_3D('',#14519,#14520,#14521);
#14519 = CARTESIAN_POINT('',(-7.586206896552,-12.5,-5.));
#14520 = DIRECTION('',(0.,0.,1.));
#14521 = DIRECTION('',(1.,0.,-0.));
#14522 = ADVANCED_FACE('',(#14523),#14548,.F.);
#14523 = FACE_BOUND('',#14524,.F.);
#14524 = EDGE_LOOP('',(#14525,#14533,#14541,#14547));
#14525 = ORIENTED_EDGE('',*,*,#14526,.F.);
#14526 = EDGE_CURVE('',#14527,#14497,#14529,.T.);
#14527 = VERTEX_POINT('',#14528);
#14528 = CARTESIAN_POINT('',(1.5,-11.,-6.));
#14529 = LINE('',#14530,#14531);
#14530 = CARTESIAN_POINT('',(1.5,-11.,-6.));
#14531 = VECTOR('',#14532,1.);
#14532 = DIRECTION('',(0.,0.,1.));
#14533 = ORIENTED_EDGE('',*,*,#14534,.F.);
#14534 = EDGE_CURVE('',#14535,#14527,#14537,.T.);
#14535 = VERTEX_POINT('',#14536);
#14536 = CARTESIAN_POINT('',(-1.5,-11.,-6.));
#14537 = LINE('',#14538,#14539);
#14538 = CARTESIAN_POINT('',(-1.5,-11.,-6.));
#14539 = VECTOR('',#14540,1.);
#14540 = DIRECTION('',(1.,0.,-0.));
#14541 = ORIENTED_EDGE('',*,*,#14542,.T.);
#14542 = EDGE_CURVE('',#14535,#14505,#14543,.T.);
#14543 = LINE('',#14544,#14545);
#14544 = CARTESIAN_POINT('',(-1.5,-11.,-6.));
#14545 = VECTOR('',#14546,1.);
#14546 = DIRECTION('',(0.,0.,1.));
#14547 = ORIENTED_EDGE('',*,*,#14504,.T.);
#14548 = PLANE('',#14549);
#14549 = AXIS2_PLACEMENT_3D('',#14550,#14551,#14552);
#14550 = CARTESIAN_POINT('',(-1.5,-11.,-6.));
#14551 = DIRECTION('',(-0.,1.,0.));
#14552 = DIRECTION('',(0.,0.,1.));
#14553 = ADVANCED_FACE('',(#14554),#14572,.T.);
#14554 = FACE_BOUND('',#14555,.T.);
#14555 = EDGE_LOOP('',(#14556,#14563,#14564,#14571));
#14556 = ORIENTED_EDGE('',*,*,#14557,.F.);
#14557 = EDGE_CURVE('',#14409,#14489,#14558,.T.);
#14558 = CIRCLE('',#14559,5.);
#14559 = AXIS2_PLACEMENT_3D('',#14560,#14561,#14562);
#14560 = CARTESIAN_POINT('',(7.586206896552,-11.,0.));
#14561 = DIRECTION('',(0.,1.,0.));
#14562 = DIRECTION('',(0.,-0.,1.));
#14563 = ORIENTED_EDGE('',*,*,#14408,.F.);
#14564 = ORIENTED_EDGE('',*,*,#14565,.T.);
#14565 = EDGE_CURVE('',#14401,#14481,#14566,.T.);
#14566 = CIRCLE('',#14567,5.);
#14567 = AXIS2_PLACEMENT_3D('',#14568,#14569,#14570);
#14568 = CARTESIAN_POINT('',(7.586206896552,-12.5,0.));
#14569 = DIRECTION('',(0.,1.,0.));
#14570 = DIRECTION('',(0.,-0.,1.));
#14571 = ORIENTED_EDGE('',*,*,#14488,.T.);
#14572 = CYLINDRICAL_SURFACE('',#14573,5.);
#14573 = AXIS2_PLACEMENT_3D('',#14574,#14575,#14576);
#14574 = CARTESIAN_POINT('',(7.586206896552,-12.5,0.));
#14575 = DIRECTION('',(0.,1.,0.));
#14576 = DIRECTION('',(0.,-0.,1.));
#14577 = ADVANCED_FACE('',(#14578),#14603,.F.);
#14578 = FACE_BOUND('',#14579,.F.);
#14579 = EDGE_LOOP('',(#14580,#14581,#14589,#14597));
#14580 = ORIENTED_EDGE('',*,*,#14424,.F.);
#14581 = ORIENTED_EDGE('',*,*,#14582,.T.);
#14582 = EDGE_CURVE('',#14425,#14583,#14585,.T.);
#14583 = VERTEX_POINT('',#14584);
#14584 = CARTESIAN_POINT('',(-1.5,-11.,6.));
#14585 = LINE('',#14586,#14587);
#14586 = CARTESIAN_POINT('',(-1.5,-11.,4.5));
#14587 = VECTOR('',#14588,1.);
#14588 = DIRECTION('',(0.,0.,1.));
#14589 = ORIENTED_EDGE('',*,*,#14590,.T.);
#14590 = EDGE_CURVE('',#14583,#14591,#14593,.T.);
#14591 = VERTEX_POINT('',#14592);
#14592 = CARTESIAN_POINT('',(1.5,-11.,6.));
#14593 = LINE('',#14594,#14595);
#14594 = CARTESIAN_POINT('',(-1.5,-11.,6.));
#14595 = VECTOR('',#14596,1.);
#14596 = DIRECTION('',(1.,0.,-0.));
#14597 = ORIENTED_EDGE('',*,*,#14598,.F.);
#14598 = EDGE_CURVE('',#14417,#14591,#14599,.T.);
#14599 = LINE('',#14600,#14601);
#14600 = CARTESIAN_POINT('',(1.5,-11.,4.5));
#14601 = VECTOR('',#14602,1.);
#14602 = DIRECTION('',(0.,0.,1.));
#14603 = PLANE('',#14604);
#14604 = AXIS2_PLACEMENT_3D('',#14605,#14606,#14607);
#14605 = CARTESIAN_POINT('',(-1.5,-11.,4.5));
#14606 = DIRECTION('',(-0.,1.,0.));
#14607 = DIRECTION('',(0.,0.,1.));
#14608 = ADVANCED_FACE('',(#14609),#14650,.F.);
#14609 = FACE_BOUND('',#14610,.F.);
#14610 = EDGE_LOOP('',(#14611,#14612,#14620,#14628,#14636,#14644));
#14611 = ORIENTED_EDGE('',*,*,#14542,.F.);
#14612 = ORIENTED_EDGE('',*,*,#14613,.T.);
#14613 = EDGE_CURVE('',#14535,#14614,#14616,.T.);
#14614 = VERTEX_POINT('',#14615);
#14615 = CARTESIAN_POINT('',(-1.5,11.,-6.));
#14616 = LINE('',#14617,#14618);
#14617 = CARTESIAN_POINT('',(-1.5,-11.,-6.));
#14618 = VECTOR('',#14619,1.);
#14619 = DIRECTION('',(-0.,1.,0.));
#14620 = ORIENTED_EDGE('',*,*,#14621,.T.);
#14621 = EDGE_CURVE('',#14614,#14622,#14624,.T.);
#14622 = VERTEX_POINT('',#14623);
#14623 = CARTESIAN_POINT('',(-1.5,11.,-5.));
#14624 = LINE('',#14625,#14626);
#14625 = CARTESIAN_POINT('',(-1.5,11.,-6.));
#14626 = VECTOR('',#14627,1.);
#14627 = DIRECTION('',(0.,0.,1.));
#14628 = ORIENTED_EDGE('',*,*,#14629,.T.);
#14629 = EDGE_CURVE('',#14622,#14630,#14632,.T.);
#14630 = VERTEX_POINT('',#14631);
#14631 = CARTESIAN_POINT('',(-1.5,11.,-4.5));
#14632 = LINE('',#14633,#14634);
#14633 = CARTESIAN_POINT('',(-1.5,11.,-6.));
#14634 = VECTOR('',#14635,1.);
#14635 = DIRECTION('',(0.,0.,1.));
#14636 = ORIENTED_EDGE('',*,*,#14637,.F.);
#14637 = EDGE_CURVE('',#14638,#14630,#14640,.T.);
#14638 = VERTEX_POINT('',#14639);
#14639 = CARTESIAN_POINT('',(-1.5,-11.,-4.5));
#14640 = LINE('',#14641,#14642);
#14641 = CARTESIAN_POINT('',(-1.5,-11.,-4.5));
#14642 = VECTOR('',#14643,1.);
#14643 = DIRECTION('',(-0.,1.,0.));
#14644 = ORIENTED_EDGE('',*,*,#14645,.F.);
#14645 = EDGE_CURVE('',#14505,#14638,#14646,.T.);
#14646 = LINE('',#14647,#14648);
#14647 = CARTESIAN_POINT('',(-1.5,-11.,-6.));
#14648 = VECTOR('',#14649,1.);
#14649 = DIRECTION('',(0.,0.,1.));
#14650 = PLANE('',#14651);
#14651 = AXIS2_PLACEMENT_3D('',#14652,#14653,#14654);
#14652 = CARTESIAN_POINT('',(-1.5,-11.,-6.));
#14653 = DIRECTION('',(1.,0.,-0.));
#14654 = DIRECTION('',(0.,0.,1.));
#14655 = ADVANCED_FACE('',(#14656),#14681,.T.);
#14656 = FACE_BOUND('',#14657,.T.);
#14657 = EDGE_LOOP('',(#14658,#14659,#14667,#14675));
#14658 = ORIENTED_EDGE('',*,*,#14637,.F.);
#14659 = ORIENTED_EDGE('',*,*,#14660,.T.);
#14660 = EDGE_CURVE('',#14638,#14661,#14663,.T.);
#14661 = VERTEX_POINT('',#14662);
#14662 = CARTESIAN_POINT('',(1.5,-11.,-4.5));
#14663 = LINE('',#14664,#14665);
#14664 = CARTESIAN_POINT('',(-1.5,-11.,-4.5));
#14665 = VECTOR('',#14666,1.);
#14666 = DIRECTION('',(1.,0.,-0.));
#14667 = ORIENTED_EDGE('',*,*,#14668,.T.);
#14668 = EDGE_CURVE('',#14661,#14669,#14671,.T.);
#14669 = VERTEX_POINT('',#14670);
#14670 = CARTESIAN_POINT('',(1.5,11.,-4.5));
#14671 = LINE('',#14672,#14673);
#14672 = CARTESIAN_POINT('',(1.5,-11.,-4.5));
#14673 = VECTOR('',#14674,1.);
#14674 = DIRECTION('',(-0.,1.,0.));
#14675 = ORIENTED_EDGE('',*,*,#14676,.F.);
#14676 = EDGE_CURVE('',#14630,#14669,#14677,.T.);
#14677 = LINE('',#14678,#14679);
#14678 = CARTESIAN_POINT('',(-1.5,11.,-4.5));
#14679 = VECTOR('',#14680,1.);
#14680 = DIRECTION('',(1.,0.,-0.));
#14681 = PLANE('',#14682);
#14682 = AXIS2_PLACEMENT_3D('',#14683,#14684,#14685);
#14683 = CARTESIAN_POINT('',(-1.5,-11.,-4.5));
#14684 = DIRECTION('',(0.,0.,1.));
#14685 = DIRECTION('',(1.,0.,-0.));
#14686 = ADVANCED_FACE('',(#14687),#14719,.T.);
#14687 = FACE_BOUND('',#14688,.T.);
#14688 = EDGE_LOOP('',(#14689,#14690,#14698,#14706,#14712,#14713));
#14689 = ORIENTED_EDGE('',*,*,#14526,.F.);
#14690 = ORIENTED_EDGE('',*,*,#14691,.T.);
#14691 = EDGE_CURVE('',#14527,#14692,#14694,.T.);
#14692 = VERTEX_POINT('',#14693);
#14693 = CARTESIAN_POINT('',(1.5,11.,-6.));
#14694 = LINE('',#14695,#14696);
#14695 = CARTESIAN_POINT('',(1.5,-11.,-6.));
#14696 = VECTOR('',#14697,1.);
#14697 = DIRECTION('',(-0.,1.,0.));
#14698 = ORIENTED_EDGE('',*,*,#14699,.T.);
#14699 = EDGE_CURVE('',#14692,#14700,#14702,.T.);
#14700 = VERTEX_POINT('',#14701);
#14701 = CARTESIAN_POINT('',(1.5,11.,-5.));
#14702 = LINE('',#14703,#14704);
#14703 = CARTESIAN_POINT('',(1.5,11.,-6.));
#14704 = VECTOR('',#14705,1.);
#14705 = DIRECTION('',(0.,0.,1.));
#14706 = ORIENTED_EDGE('',*,*,#14707,.T.);
#14707 = EDGE_CURVE('',#14700,#14669,#14708,.T.);
#14708 = LINE('',#14709,#14710);
#14709 = CARTESIAN_POINT('',(1.5,11.,-6.));
#14710 = VECTOR('',#14711,1.);
#14711 = DIRECTION('',(0.,0.,1.));
#14712 = ORIENTED_EDGE('',*,*,#14668,.F.);
#14713 = ORIENTED_EDGE('',*,*,#14714,.F.);
#14714 = EDGE_CURVE('',#14497,#14661,#14715,.T.);
#14715 = LINE('',#14716,#14717);
#14716 = CARTESIAN_POINT('',(1.5,-11.,-6.));
#14717 = VECTOR('',#14718,1.);
#14718 = DIRECTION('',(0.,0.,1.));
#14719 = PLANE('',#14720);
#14720 = AXIS2_PLACEMENT_3D('',#14721,#14722,#14723);
#14721 = CARTESIAN_POINT('',(1.5,-11.,-6.));
#14722 = DIRECTION('',(1.,0.,-0.));
#14723 = DIRECTION('',(0.,0.,1.));
#14724 = ADVANCED_FACE('',(#14725),#14766,.T.);
#14725 = FACE_BOUND('',#14726,.T.);
#14726 = EDGE_LOOP('',(#14727,#14735,#14743,#14751,#14759,#14765));
#14727 = ORIENTED_EDGE('',*,*,#14728,.F.);
#14728 = EDGE_CURVE('',#14729,#14417,#14731,.T.);
#14729 = VERTEX_POINT('',#14730);
#14730 = CARTESIAN_POINT('',(1.5,-11.,4.5));
#14731 = LINE('',#14732,#14733);
#14732 = CARTESIAN_POINT('',(1.5,-11.,4.5));
#14733 = VECTOR('',#14734,1.);
#14734 = DIRECTION('',(0.,0.,1.));
#14735 = ORIENTED_EDGE('',*,*,#14736,.T.);
#14736 = EDGE_CURVE('',#14729,#14737,#14739,.T.);
#14737 = VERTEX_POINT('',#14738);
#14738 = CARTESIAN_POINT('',(1.5,11.,4.5));
#14739 = LINE('',#14740,#14741);
#14740 = CARTESIAN_POINT('',(1.5,-11.,4.5));
#14741 = VECTOR('',#14742,1.);
#14742 = DIRECTION('',(-0.,1.,0.));
#14743 = ORIENTED_EDGE('',*,*,#14744,.T.);
#14744 = EDGE_CURVE('',#14737,#14745,#14747,.T.);
#14745 = VERTEX_POINT('',#14746);
#14746 = CARTESIAN_POINT('',(1.5,11.,5.));
#14747 = LINE('',#14748,#14749);
#14748 = CARTESIAN_POINT('',(1.5,11.,4.5));
#14749 = VECTOR('',#14750,1.);
#14750 = DIRECTION('',(0.,0.,1.));
#14751 = ORIENTED_EDGE('',*,*,#14752,.T.);
#14752 = EDGE_CURVE('',#14745,#14753,#14755,.T.);
#14753 = VERTEX_POINT('',#14754);
#14754 = CARTESIAN_POINT('',(1.5,11.,6.));
#14755 = LINE('',#14756,#14757);
#14756 = CARTESIAN_POINT('',(1.5,11.,4.5));
#14757 = VECTOR('',#14758,1.);
#14758 = DIRECTION('',(0.,0.,1.));
#14759 = ORIENTED_EDGE('',*,*,#14760,.F.);
#14760 = EDGE_CURVE('',#14591,#14753,#14761,.T.);
#14761 = LINE('',#14762,#14763);
#14762 = CARTESIAN_POINT('',(1.5,-11.,6.));
#14763 = VECTOR('',#14764,1.);
#14764 = DIRECTION('',(-0.,1.,0.));
#14765 = ORIENTED_EDGE('',*,*,#14598,.F.);
#14766 = PLANE('',#14767);
#14767 = AXIS2_PLACEMENT_3D('',#14768,#14769,#14770);
#14768 = CARTESIAN_POINT('',(1.5,-11.,4.5));
#14769 = DIRECTION('',(1.,0.,-0.));
#14770 = DIRECTION('',(0.,0.,1.));
#14771 = ADVANCED_FACE('',(#14772),#14797,.F.);
#14772 = FACE_BOUND('',#14773,.F.);
#14773 = EDGE_LOOP('',(#14774,#14784,#14790,#14791));
#14774 = ORIENTED_EDGE('',*,*,#14775,.F.);
#14775 = EDGE_CURVE('',#14776,#14778,#14780,.T.);
#14776 = VERTEX_POINT('',#14777);
#14777 = CARTESIAN_POINT('',(-1.5,-11.,4.5));
#14778 = VERTEX_POINT('',#14779);
#14779 = CARTESIAN_POINT('',(-1.5,11.,4.5));
#14780 = LINE('',#14781,#14782);
#14781 = CARTESIAN_POINT('',(-1.5,-11.,4.5));
#14782 = VECTOR('',#14783,1.);
#14783 = DIRECTION('',(-0.,1.,0.));
#14784 = ORIENTED_EDGE('',*,*,#14785,.T.);
#14785 = EDGE_CURVE('',#14776,#14729,#14786,.T.);
#14786 = LINE('',#14787,#14788);
#14787 = CARTESIAN_POINT('',(-1.5,-11.,4.5));
#14788 = VECTOR('',#14789,1.);
#14789 = DIRECTION('',(1.,0.,-0.));
#14790 = ORIENTED_EDGE('',*,*,#14736,.T.);
#14791 = ORIENTED_EDGE('',*,*,#14792,.F.);
#14792 = EDGE_CURVE('',#14778,#14737,#14793,.T.);
#14793 = LINE('',#14794,#14795);
#14794 = CARTESIAN_POINT('',(-1.5,11.,4.5));
#14795 = VECTOR('',#14796,1.);
#14796 = DIRECTION('',(1.,0.,-0.));
#14797 = PLANE('',#14798);
#14798 = AXIS2_PLACEMENT_3D('',#14799,#14800,#14801);
#14799 = CARTESIAN_POINT('',(-1.5,-11.,4.5));
#14800 = DIRECTION('',(0.,0.,1.));
#14801 = DIRECTION('',(1.,0.,-0.));
#14802 = ADVANCED_FACE('',(#14803),#14835,.F.);
#14803 = FACE_BOUND('',#14804,.F.);
#14804 = EDGE_LOOP('',(#14805,#14811,#14812,#14820,#14828,#14834));
#14805 = ORIENTED_EDGE('',*,*,#14806,.F.);
#14806 = EDGE_CURVE('',#14776,#14425,#14807,.T.);
#14807 = LINE('',#14808,#14809);
#14808 = CARTESIAN_POINT('',(-1.5,-11.,4.5));
#14809 = VECTOR('',#14810,1.);
#14810 = DIRECTION('',(0.,0.,1.));
#14811 = ORIENTED_EDGE('',*,*,#14775,.T.);
#14812 = ORIENTED_EDGE('',*,*,#14813,.T.);
#14813 = EDGE_CURVE('',#14778,#14814,#14816,.T.);
#14814 = VERTEX_POINT('',#14815);
#14815 = CARTESIAN_POINT('',(-1.5,11.,5.));
#14816 = LINE('',#14817,#14818);
#14817 = CARTESIAN_POINT('',(-1.5,11.,4.5));
#14818 = VECTOR('',#14819,1.);
#14819 = DIRECTION('',(0.,0.,1.));
#14820 = ORIENTED_EDGE('',*,*,#14821,.T.);
#14821 = EDGE_CURVE('',#14814,#14822,#14824,.T.);
#14822 = VERTEX_POINT('',#14823);
#14823 = CARTESIAN_POINT('',(-1.5,11.,6.));
#14824 = LINE('',#14825,#14826);
#14825 = CARTESIAN_POINT('',(-1.5,11.,4.5));
#14826 = VECTOR('',#14827,1.);
#14827 = DIRECTION('',(0.,0.,1.));
#14828 = ORIENTED_EDGE('',*,*,#14829,.F.);
#14829 = EDGE_CURVE('',#14583,#14822,#14830,.T.);
#14830 = LINE('',#14831,#14832);
#14831 = CARTESIAN_POINT('',(-1.5,-11.,6.));
#14832 = VECTOR('',#14833,1.);
#14833 = DIRECTION('',(-0.,1.,0.));
#14834 = ORIENTED_EDGE('',*,*,#14582,.F.);
#14835 = PLANE('',#14836);
#14836 = AXIS2_PLACEMENT_3D('',#14837,#14838,#14839);
#14837 = CARTESIAN_POINT('',(-1.5,-11.,4.5));
#14838 = DIRECTION('',(1.,0.,-0.));
#14839 = DIRECTION('',(0.,0.,1.));
#14840 = ADVANCED_FACE('',(#14841),#14852,.F.);
#14841 = FACE_BOUND('',#14842,.F.);
#14842 = EDGE_LOOP('',(#14843,#14844,#14845,#14846));
#14843 = ORIENTED_EDGE('',*,*,#14613,.F.);
#14844 = ORIENTED_EDGE('',*,*,#14534,.T.);
#14845 = ORIENTED_EDGE('',*,*,#14691,.T.);
#14846 = ORIENTED_EDGE('',*,*,#14847,.F.);
#14847 = EDGE_CURVE('',#14614,#14692,#14848,.T.);
#14848 = LINE('',#14849,#14850);
#14849 = CARTESIAN_POINT('',(-1.5,11.,-6.));
#14850 = VECTOR('',#14851,1.);
#14851 = DIRECTION('',(1.,0.,-0.));
#14852 = PLANE('',#14853);
#14853 = AXIS2_PLACEMENT_3D('',#14854,#14855,#14856);
#14854 = CARTESIAN_POINT('',(-1.5,-11.,-6.));
#14855 = DIRECTION('',(0.,0.,1.));
#14856 = DIRECTION('',(1.,0.,-0.));
#14857 = ADVANCED_FACE('',(#14858),#14869,.T.);
#14858 = FACE_BOUND('',#14859,.T.);
#14859 = EDGE_LOOP('',(#14860,#14861,#14862,#14863));
#14860 = ORIENTED_EDGE('',*,*,#14829,.F.);
#14861 = ORIENTED_EDGE('',*,*,#14590,.T.);
#14862 = ORIENTED_EDGE('',*,*,#14760,.T.);
#14863 = ORIENTED_EDGE('',*,*,#14864,.F.);
#14864 = EDGE_CURVE('',#14822,#14753,#14865,.T.);
#14865 = LINE('',#14866,#14867);
#14866 = CARTESIAN_POINT('',(-1.5,11.,6.));
#14867 = VECTOR('',#14868,1.);
#14868 = DIRECTION('',(1.,0.,-0.));
#14869 = PLANE('',#14870);
#14870 = AXIS2_PLACEMENT_3D('',#14871,#14872,#14873);
#14871 = CARTESIAN_POINT('',(-1.5,-11.,6.));
#14872 = DIRECTION('',(0.,0.,1.));
#14873 = DIRECTION('',(1.,0.,-0.));
#14874 = ADVANCED_FACE('',(#14875),#14886,.T.);
#14875 = FACE_BOUND('',#14876,.T.);
#14876 = EDGE_LOOP('',(#14877,#14878,#14879,#14880));
#14877 = ORIENTED_EDGE('',*,*,#14699,.F.);
#14878 = ORIENTED_EDGE('',*,*,#14847,.F.);
#14879 = ORIENTED_EDGE('',*,*,#14621,.T.);
#14880 = ORIENTED_EDGE('',*,*,#14881,.T.);
#14881 = EDGE_CURVE('',#14622,#14700,#14882,.T.);
#14882 = LINE('',#14883,#14884);
#14883 = CARTESIAN_POINT('',(-7.586206896552,11.,-5.));
#14884 = VECTOR('',#14885,1.);
#14885 = DIRECTION('',(1.,0.,-0.));
#14886 = PLANE('',#14887);
#14887 = AXIS2_PLACEMENT_3D('',#14888,#14889,#14890);
#14888 = CARTESIAN_POINT('',(-1.5,11.,-6.));
#14889 = DIRECTION('',(-0.,1.,0.));
#14890 = DIRECTION('',(0.,0.,1.));
#14891 = ADVANCED_FACE('',(#14892),#14903,.T.);
#14892 = FACE_BOUND('',#14893,.T.);
#14893 = EDGE_LOOP('',(#14894,#14900,#14901,#14902));
#14894 = ORIENTED_EDGE('',*,*,#14895,.F.);
#14895 = EDGE_CURVE('',#14814,#14745,#14896,.T.);
#14896 = LINE('',#14897,#14898);
#14897 = CARTESIAN_POINT('',(-7.586206896552,11.,5.));
#14898 = VECTOR('',#14899,1.);
#14899 = DIRECTION('',(1.,0.,-0.));
#14900 = ORIENTED_EDGE('',*,*,#14821,.T.);
#14901 = ORIENTED_EDGE('',*,*,#14864,.T.);
#14902 = ORIENTED_EDGE('',*,*,#14752,.F.);
#14903 = PLANE('',#14904);
#14904 = AXIS2_PLACEMENT_3D('',#14905,#14906,#14907);
#14905 = CARTESIAN_POINT('',(-1.5,11.,4.5));
#14906 = DIRECTION('',(-0.,1.,0.));
#14907 = DIRECTION('',(0.,0.,1.));
#14908 = ADVANCED_FACE('',(#14909),#14950,.F.);
#14909 = FACE_BOUND('',#14910,.F.);
#14910 = EDGE_LOOP('',(#14911,#14921,#14927,#14928,#14936,#14944));
#14911 = ORIENTED_EDGE('',*,*,#14912,.F.);
#14912 = EDGE_CURVE('',#14913,#14915,#14917,.T.);
#14913 = VERTEX_POINT('',#14914);
#14914 = CARTESIAN_POINT('',(-7.586206896552,11.,-5.));
#14915 = VERTEX_POINT('',#14916);
#14916 = CARTESIAN_POINT('',(-7.586206896552,12.5,-5.));
#14917 = LINE('',#14918,#14919);
#14918 = CARTESIAN_POINT('',(-7.586206896552,11.,-5.));
#14919 = VECTOR('',#14920,1.);
#14920 = DIRECTION('',(-0.,1.,0.));
#14921 = ORIENTED_EDGE('',*,*,#14922,.T.);
#14922 = EDGE_CURVE('',#14913,#14622,#14923,.T.);
#14923 = LINE('',#14924,#14925);
#14924 = CARTESIAN_POINT('',(-7.586206896552,11.,-5.));
#14925 = VECTOR('',#14926,1.);
#14926 = DIRECTION('',(1.,0.,-0.));
#14927 = ORIENTED_EDGE('',*,*,#14881,.T.);
#14928 = ORIENTED_EDGE('',*,*,#14929,.T.);
#14929 = EDGE_CURVE('',#14700,#14930,#14932,.T.);
#14930 = VERTEX_POINT('',#14931);
#14931 = CARTESIAN_POINT('',(7.586206896552,11.,-5.));
#14932 = LINE('',#14933,#14934);
#14933 = CARTESIAN_POINT('',(-7.586206896552,11.,-5.));
#14934 = VECTOR('',#14935,1.);
#14935 = DIRECTION('',(1.,0.,-0.));
#14936 = ORIENTED_EDGE('',*,*,#14937,.T.);
#14937 = EDGE_CURVE('',#14930,#14938,#14940,.T.);
#14938 = VERTEX_POINT('',#14939);
#14939 = CARTESIAN_POINT('',(7.586206896552,12.5,-5.));
#14940 = LINE('',#14941,#14942);
#14941 = CARTESIAN_POINT('',(7.586206896552,11.,-5.));
#14942 = VECTOR('',#14943,1.);
#14943 = DIRECTION('',(-0.,1.,0.));
#14944 = ORIENTED_EDGE('',*,*,#14945,.F.);
#14945 = EDGE_CURVE('',#14915,#14938,#14946,.T.);
#14946 = LINE('',#14947,#14948);
#14947 = CARTESIAN_POINT('',(-7.586206896552,12.5,-5.));
#14948 = VECTOR('',#14949,1.);
#14949 = DIRECTION('',(1.,0.,-0.));
#14950 = PLANE('',#14951);
#14951 = AXIS2_PLACEMENT_3D('',#14952,#14953,#14954);
#14952 = CARTESIAN_POINT('',(-7.586206896552,11.,-5.));
#14953 = DIRECTION('',(0.,0.,1.));
#14954 = DIRECTION('',(1.,0.,-0.));
#14955 = ADVANCED_FACE('',(#14956),#14997,.T.);
#14956 = FACE_BOUND('',#14957,.T.);
#14957 = EDGE_LOOP('',(#14958,#14968,#14974,#14975,#14983,#14991));
#14958 = ORIENTED_EDGE('',*,*,#14959,.F.);
#14959 = EDGE_CURVE('',#14960,#14962,#14964,.T.);
#14960 = VERTEX_POINT('',#14961);
#14961 = CARTESIAN_POINT('',(-7.586206896552,11.,5.));
#14962 = VERTEX_POINT('',#14963);
#14963 = CARTESIAN_POINT('',(-7.586206896552,12.5,5.));
#14964 = LINE('',#14965,#14966);
#14965 = CARTESIAN_POINT('',(-7.586206896552,11.,5.));
#14966 = VECTOR('',#14967,1.);
#14967 = DIRECTION('',(-0.,1.,0.));
#14968 = ORIENTED_EDGE('',*,*,#14969,.T.);
#14969 = EDGE_CURVE('',#14960,#14814,#14970,.T.);
#14970 = LINE('',#14971,#14972);
#14971 = CARTESIAN_POINT('',(-7.586206896552,11.,5.));
#14972 = VECTOR('',#14973,1.);
#14973 = DIRECTION('',(1.,0.,-0.));
#14974 = ORIENTED_EDGE('',*,*,#14895,.T.);
#14975 = ORIENTED_EDGE('',*,*,#14976,.T.);
#14976 = EDGE_CURVE('',#14745,#14977,#14979,.T.);
#14977 = VERTEX_POINT('',#14978);
#14978 = CARTESIAN_POINT('',(7.586206896552,11.,5.));
#14979 = LINE('',#14980,#14981);
#14980 = CARTESIAN_POINT('',(-7.586206896552,11.,5.));
#14981 = VECTOR('',#14982,1.);
#14982 = DIRECTION('',(1.,0.,-0.));
#14983 = ORIENTED_EDGE('',*,*,#14984,.T.);
#14984 = EDGE_CURVE('',#14977,#14985,#14987,.T.);
#14985 = VERTEX_POINT('',#14986);
#14986 = CARTESIAN_POINT('',(7.586206896552,12.5,5.));
#14987 = LINE('',#14988,#14989);
#14988 = CARTESIAN_POINT('',(7.586206896552,11.,5.));
#14989 = VECTOR('',#14990,1.);
#14990 = DIRECTION('',(-0.,1.,0.));
#14991 = ORIENTED_EDGE('',*,*,#14992,.F.);
#14992 = EDGE_CURVE('',#14962,#14985,#14993,.T.);
#14993 = LINE('',#14994,#14995);
#14994 = CARTESIAN_POINT('',(-7.586206896552,12.5,5.));
#14995 = VECTOR('',#14996,1.);
#14996 = DIRECTION('',(1.,0.,-0.));
#14997 = PLANE('',#14998);
#14998 = AXIS2_PLACEMENT_3D('',#14999,#15000,#15001);
#14999 = CARTESIAN_POINT('',(-7.586206896552,11.,5.));
#15000 = DIRECTION('',(0.,0.,1.));
#15001 = DIRECTION('',(1.,0.,-0.));
#15002 = ADVANCED_FACE('',(#15003),#15021,.T.);
#15003 = FACE_BOUND('',#15004,.T.);
#15004 = EDGE_LOOP('',(#15005,#15006,#15013,#15014));
#15005 = ORIENTED_EDGE('',*,*,#14959,.T.);
#15006 = ORIENTED_EDGE('',*,*,#15007,.F.);
#15007 = EDGE_CURVE('',#14915,#14962,#15008,.T.);
#15008 = CIRCLE('',#15009,5.);
#15009 = AXIS2_PLACEMENT_3D('',#15010,#15011,#15012);
#15010 = CARTESIAN_POINT('',(-7.586206896552,12.5,0.));
#15011 = DIRECTION('',(0.,1.,0.));
#15012 = DIRECTION('',(0.,-0.,1.));
#15013 = ORIENTED_EDGE('',*,*,#14912,.F.);
#15014 = ORIENTED_EDGE('',*,*,#15015,.T.);
#15015 = EDGE_CURVE('',#14913,#14960,#15016,.T.);
#15016 = CIRCLE('',#15017,5.);
#15017 = AXIS2_PLACEMENT_3D('',#15018,#15019,#15020);
#15018 = CARTESIAN_POINT('',(-7.586206896552,11.,0.));
#15019 = DIRECTION('',(0.,1.,0.));
#15020 = DIRECTION('',(0.,-0.,1.));
#15021 = CYLINDRICAL_SURFACE('',#15022,5.);
#15022 = AXIS2_PLACEMENT_3D('',#15023,#15024,#15025);
#15023 = CARTESIAN_POINT('',(-7.586206896552,11.,0.));
#15024 = DIRECTION('',(0.,1.,0.));
#15025 = DIRECTION('',(0.,-0.,1.));
#15026 = ADVANCED_FACE('',(#15027),#15045,.T.);
#15027 = FACE_BOUND('',#15028,.T.);
#15028 = EDGE_LOOP('',(#15029,#15036,#15037,#15044));
#15029 = ORIENTED_EDGE('',*,*,#15030,.F.);
#15030 = EDGE_CURVE('',#14985,#14938,#15031,.T.);
#15031 = CIRCLE('',#15032,5.);
#15032 = AXIS2_PLACEMENT_3D('',#15033,#15034,#15035);
#15033 = CARTESIAN_POINT('',(7.586206896552,12.5,0.));
#15034 = DIRECTION('',(0.,1.,0.));
#15035 = DIRECTION('',(0.,-0.,1.));
#15036 = ORIENTED_EDGE('',*,*,#14984,.F.);
#15037 = ORIENTED_EDGE('',*,*,#15038,.T.);
#15038 = EDGE_CURVE('',#14977,#14930,#15039,.T.);
#15039 = CIRCLE('',#15040,5.);
#15040 = AXIS2_PLACEMENT_3D('',#15041,#15042,#15043);
#15041 = CARTESIAN_POINT('',(7.586206896552,11.,0.));
#15042 = DIRECTION('',(0.,1.,0.));
#15043 = DIRECTION('',(0.,-0.,1.));
#15044 = ORIENTED_EDGE('',*,*,#14937,.T.);
#15045 = CYLINDRICAL_SURFACE('',#15046,5.);
#15046 = AXIS2_PLACEMENT_3D('',#15047,#15048,#15049);
#15047 = CARTESIAN_POINT('',(7.586206896552,11.,0.));
#15048 = DIRECTION('',(0.,1.,0.));
#15049 = DIRECTION('',(0.,-0.,1.));
#15050 = ADVANCED_FACE('',(#15051),#15057,.T.);
#15051 = FACE_BOUND('',#15052,.T.);
#15052 = EDGE_LOOP('',(#15053,#15054,#15055,#15056));
#15053 = ORIENTED_EDGE('',*,*,#14480,.T.);
#15054 = ORIENTED_EDGE('',*,*,#14565,.F.);
#15055 = ORIENTED_EDGE('',*,*,#14400,.F.);
#15056 = ORIENTED_EDGE('',*,*,#14464,.F.);
#15057 = PLANE('',#15058);
#15058 = AXIS2_PLACEMENT_3D('',#15059,#15060,#15061);
#15059 = CARTESIAN_POINT('',(-6.476089505928E-16,-12.5,
    -2.354941638519E-16));
#15060 = DIRECTION('',(-0.,-1.,-0.));
#15061 = DIRECTION('',(0.,0.,-1.));
#15062 = ADVANCED_FACE('',(#15063),#15077,.T.);
#15063 = FACE_BOUND('',#15064,.T.);
#15064 = EDGE_LOOP('',(#15065,#15066,#15067,#15068,#15069,#15070,#15071,
    #15072,#15073,#15074,#15075,#15076));
#15065 = ORIENTED_EDGE('',*,*,#14512,.F.);
#15066 = ORIENTED_EDGE('',*,*,#14447,.T.);
#15067 = ORIENTED_EDGE('',*,*,#14432,.T.);
#15068 = ORIENTED_EDGE('',*,*,#14806,.F.);
#15069 = ORIENTED_EDGE('',*,*,#14785,.T.);
#15070 = ORIENTED_EDGE('',*,*,#14728,.T.);
#15071 = ORIENTED_EDGE('',*,*,#14416,.T.);
#15072 = ORIENTED_EDGE('',*,*,#14557,.T.);
#15073 = ORIENTED_EDGE('',*,*,#14496,.F.);
#15074 = ORIENTED_EDGE('',*,*,#14714,.T.);
#15075 = ORIENTED_EDGE('',*,*,#14660,.F.);
#15076 = ORIENTED_EDGE('',*,*,#14645,.F.);
#15077 = PLANE('',#15078);
#15078 = AXIS2_PLACEMENT_3D('',#15079,#15080,#15081);
#15079 = CARTESIAN_POINT('',(1.139697972182E-16,-11.,-2.279395944363E-16
    ));
#15080 = DIRECTION('',(0.,1.,0.));
#15081 = DIRECTION('',(0.,-0.,1.));
#15082 = ADVANCED_FACE('',(#15083),#15097,.T.);
#15083 = FACE_BOUND('',#15084,.T.);
#15084 = EDGE_LOOP('',(#15085,#15086,#15087,#15088,#15089,#15090,#15091,
    #15092,#15093,#15094,#15095,#15096));
#15085 = ORIENTED_EDGE('',*,*,#14922,.T.);
#15086 = ORIENTED_EDGE('',*,*,#14629,.T.);
#15087 = ORIENTED_EDGE('',*,*,#14676,.T.);
#15088 = ORIENTED_EDGE('',*,*,#14707,.F.);
#15089 = ORIENTED_EDGE('',*,*,#14929,.T.);
#15090 = ORIENTED_EDGE('',*,*,#15038,.F.);
#15091 = ORIENTED_EDGE('',*,*,#14976,.F.);
#15092 = ORIENTED_EDGE('',*,*,#14744,.F.);
#15093 = ORIENTED_EDGE('',*,*,#14792,.F.);
#15094 = ORIENTED_EDGE('',*,*,#14813,.T.);
#15095 = ORIENTED_EDGE('',*,*,#14969,.F.);
#15096 = ORIENTED_EDGE('',*,*,#15015,.F.);
#15097 = PLANE('',#15098);
#15098 = AXIS2_PLACEMENT_3D('',#15099,#15100,#15101);
#15099 = CARTESIAN_POINT('',(-6.268338846999E-16,11.,-2.279395944363E-16
    ));
#15100 = DIRECTION('',(-0.,-1.,-0.));
#15101 = DIRECTION('',(0.,0.,-1.));
#15102 = ADVANCED_FACE('',(#15103),#15109,.T.);
#15103 = FACE_BOUND('',#15104,.T.);
#15104 = EDGE_LOOP('',(#15105,#15106,#15107,#15108));
#15105 = ORIENTED_EDGE('',*,*,#14945,.F.);
#15106 = ORIENTED_EDGE('',*,*,#15007,.T.);
#15107 = ORIENTED_EDGE('',*,*,#14992,.T.);
#15108 = ORIENTED_EDGE('',*,*,#15030,.T.);
#15109 = PLANE('',#15110);
#15110 = AXIS2_PLACEMENT_3D('',#15111,#15112,#15113);
#15111 = CARTESIAN_POINT('',(-3.532412457779E-16,12.5,8.831031144447E-17
    ));
#15112 = DIRECTION('',(0.,1.,0.));
#15113 = DIRECTION('',(0.,-0.,1.));
#15114 = ( GEOMETRIC_REPRESENTATION_CONTEXT(3) 
GLOBAL_UNCERTAINTY_ASSIGNED_CONTEXT((#15118)) 
GLOBAL_UNIT_ASSIGNED_CONTEXT((#15115,#15116,#15117)) 
REPRESENTATION_CONTEXT('Context #1',
  '3D Context with UNIT and UNCERTAINTY') );
#15115 = ( LENGTH_UNIT() NAMED_UNIT(*) SI_UNIT(.MILLI.,.METRE.) );
#15116 = ( NAMED_UNIT(*) PLANE_ANGLE_UNIT() SI_UNIT($,.RADIAN.) );
#15117 = ( NAMED_UNIT(*) SI_UNIT($,.STERADIAN.) SOLID_ANGLE_UNIT() );
#15118 = UNCERTAINTY_MEASURE_WITH_UNIT(LENGTH_MEASURE(1.E-07),#15115,
  'distance_accuracy_value','confusion accuracy');
#15119 = CONTEXT_DEPENDENT_SHAPE_REPRESENTATION(#15120,#15122);
#15120 = ( REPRESENTATION_RELATIONSHIP('','',#14383,#10) 
REPRESENTATION_RELATIONSHIP_WITH_TRANSFORMATION(#15121) 
SHAPE_REPRESENTATION_RELATIONSHIP() );
#15121 = ITEM_DEFINED_TRANSFORMATION('','',#11,#91);
#15122 = PRODUCT_DEFINITION_SHAPE('Placement','Placement of an item',
  #15123);
#15123 = NEXT_ASSEMBLY_USAGE_OCCURRENCE('20','link_19','',#5,#14378,$);
#15124 = PRODUCT_RELATED_PRODUCT_CATEGORY('part',$,(#14380));
#15125 = SHAPE_DEFINITION_REPRESENTATION(#15126,#15132);
#15126 = PRODUCT_DEFINITION_SHAPE('','',#15127);
#15127 = PRODUCT_DEFINITION('design','',#15128,#15131);
#15128 = PRODUCT_DEFINITION_FORMATION('','',#15129);
#15129 = PRODUCT('link_20','link_20','',(#15130));
#15130 = PRODUCT_CONTEXT('',#2,'mechanical');
#15131 = PRODUCT_DEFINITION_CONTEXT('part definition',#2,'design');
#15132 = ADVANCED_BREP_SHAPE_REPRESENTATION('',(#11,#15133),#15863);
#15133 = MANIFOLD_SOLID_BREP('',#15134);
#15134 = CLOSED_SHELL('',(#15135,#15191,#15224,#15271,#15302,#15326,
    #15357,#15404,#15435,#15473,#15520,#15551,#15589,#15606,#15623,
    #15640,#15657,#15704,#15751,#15775,#15799,#15811,#15831,#15851));
#15135 = ADVANCED_FACE('',(#15136),#15186,.T.);
#15136 = FACE_BOUND('',#15137,.T.);
#15137 = EDGE_LOOP('',(#15138,#15148,#15156,#15164,#15172,#15180));
#15138 = ORIENTED_EDGE('',*,*,#15139,.F.);
#15139 = EDGE_CURVE('',#15140,#15142,#15144,.T.);
#15140 = VERTEX_POINT('',#15141);
#15141 = CARTESIAN_POINT('',(-7.586206896552,-12.5,5.));
#15142 = VERTEX_POINT('',#15143);
#15143 = CARTESIAN_POINT('',(-7.586206896552,-11.,5.));
#15144 = LINE('',#15145,#15146);
#15145 = CARTESIAN_POINT('',(-7.586206896552,-12.5,5.));
#15146 = VECTOR('',#15147,1.);
#15147 = DIRECTION('',(-0.,1.,0.));
#15148 = ORIENTED_EDGE('',*,*,#15149,.T.);
#15149 = EDGE_CURVE('',#15140,#15150,#15152,.T.);
#15150 = VERTEX_POINT('',#15151);
#15151 = CARTESIAN_POINT('',(7.586206896552,-12.5,5.));
#15152 = LINE('',#15153,#15154);
#15153 = CARTESIAN_POINT('',(-7.586206896552,-12.5,5.));
#15154 = VECTOR('',#15155,1.);
#15155 = DIRECTION('',(1.,0.,-0.));
#15156 = ORIENTED_EDGE('',*,*,#15157,.T.);
#15157 = EDGE_CURVE('',#15150,#15158,#15160,.T.);
#15158 = VERTEX_POINT('',#15159);
#15159 = CARTESIAN_POINT('',(7.586206896552,-11.,5.));
#15160 = LINE('',#15161,#15162);
#15161 = CARTESIAN_POINT('',(7.586206896552,-12.5,5.));
#15162 = VECTOR('',#15163,1.);
#15163 = DIRECTION('',(-0.,1.,0.));
#15164 = ORIENTED_EDGE('',*,*,#15165,.F.);
#15165 = EDGE_CURVE('',#15166,#15158,#15168,.T.);
#15166 = VERTEX_POINT('',#15167);
#15167 = CARTESIAN_POINT('',(1.5,-11.,5.));
#15168 = LINE('',#15169,#15170);
#15169 = CARTESIAN_POINT('',(-7.586206896552,-11.,5.));
#15170 = VECTOR('',#15171,1.);
#15171 = DIRECTION('',(1.,0.,-0.));
#15172 = ORIENTED_EDGE('',*,*,#15173,.F.);
#15173 = EDGE_CURVE('',#15174,#15166,#15176,.T.);
#15174 = VERTEX_POINT('',#15175);
#15175 = CARTESIAN_POINT('',(-1.5,-11.,5.));
#15176 = LINE('',#15177,#15178);
#15177 = CARTESIAN_POINT('',(-7.586206896552,-11.,5.));
#15178 = VECTOR('',#15179,1.);
#15179 = DIRECTION('',(1.,0.,-0.));
#15180 = ORIENTED_EDGE('',*,*,#15181,.F.);
#15181 = EDGE_CURVE('',#15142,#15174,#15182,.T.);
#15182 = LINE('',#15183,#15184);
#15183 = CARTESIAN_POINT('',(-7.586206896552,-11.,5.));
#15184 = VECTOR('',#15185,1.);
#15185 = DIRECTION('',(1.,0.,-0.));
#15186 = PLANE('',#15187);
#15187 = AXIS2_PLACEMENT_3D('',#15188,#15189,#15190);
#15188 = CARTESIAN_POINT('',(-7.586206896552,-12.5,5.));
#15189 = DIRECTION('',(0.,0.,1.));
#15190 = DIRECTION('',(1.,0.,-0.));
#15191 = ADVANCED_FACE('',(#15192),#15219,.T.);
#15192 = FACE_BOUND('',#15193,.T.);
#15193 = EDGE_LOOP('',(#15194,#15195,#15204,#15212));
#15194 = ORIENTED_EDGE('',*,*,#15139,.T.);
#15195 = ORIENTED_EDGE('',*,*,#15196,.F.);
#15196 = EDGE_CURVE('',#15197,#15142,#15199,.T.);
#15197 = VERTEX_POINT('',#15198);
#15198 = CARTESIAN_POINT('',(-7.586206896552,-11.,-5.));
#15199 = CIRCLE('',#15200,5.);
#15200 = AXIS2_PLACEMENT_3D('',#15201,#15202,#15203);
#15201 = CARTESIAN_POINT('',(-7.586206896552,-11.,0.));
#15202 = DIRECTION('',(0.,1.,0.));
#15203 = DIRECTION('',(0.,-0.,1.));
#15204 = ORIENTED_EDGE('',*,*,#15205,.F.);
#15205 = EDGE_CURVE('',#15206,#15197,#15208,.T.);
#15206 = VERTEX_POINT('',#15207);
#15207 = CARTESIAN_POINT('',(-7.586206896552,-12.5,-5.));
#15208 = LINE('',#15209,#15210);
#15209 = CARTESIAN_POINT('',(-7.586206896552,-12.5,-5.));
#15210 = VECTOR('',#15211,1.);
#15211 = DIRECTION('',(-0.,1.,0.));
#15212 = ORIENTED_EDGE('',*,*,#15213,.T.);
#15213 = EDGE_CURVE('',#15206,#15140,#15214,.T.);
#15214 = CIRCLE('',#15215,5.);
#15215 = AXIS2_PLACEMENT_3D('',#15216,#15217,#15218);
#15216 = CARTESIAN_POINT('',(-7.586206896552,-12.5,0.));
#15217 = DIRECTION('',(0.,1.,0.));
#15218 = DIRECTION('',(0.,-0.,1.));
#15219 = CYLINDRICAL_SURFACE('',#15220,5.);
#15220 = AXIS2_PLACEMENT_3D('',#15221,#15222,#15223);
#15221 = CARTESIAN_POINT('',(-7.586206896552,-12.5,0.));
#15222 = DIRECTION('',(0.,1.,0.));
#15223 = DIRECTION('',(0.,-0.,1.));
#15224 = ADVANCED_FACE('',(#15225),#15266,.F.);
#15225 = FACE_BOUND('',#15226,.F.);
#15226 = EDGE_LOOP('',(#15227,#15228,#15236,#15244,#15252,#15260));
#15227 = ORIENTED_EDGE('',*,*,#15205,.F.);
#15228 = ORIENTED_EDGE('',*,*,#15229,.T.);
#15229 = EDGE_CURVE('',#15206,#15230,#15232,.T.);
#15230 = VERTEX_POINT('',#15231);
#15231 = CARTESIAN_POINT('',(7.586206896552,-12.5,-5.));
#15232 = LINE('',#15233,#15234);
#15233 = CARTESIAN_POINT('',(-7.586206896552,-12.5,-5.));
#15234 = VECTOR('',#15235,1.);
#15235 = DIRECTION('',(1.,0.,-0.));
#15236 = ORIENTED_EDGE('',*,*,#15237,.T.);
#15237 = EDGE_CURVE('',#15230,#15238,#15240,.T.);
#15238 = VERTEX_POINT('',#15239);
#15239 = CARTESIAN_POINT('',(7.586206896552,-11.,-5.));
#15240 = LINE('',#15241,#15242);
#15241 = CARTESIAN_POINT('',(7.586206896552,-12.5,-5.));
#15242 = VECTOR('',#15243,1.);
#15243 = DIRECTION('',(-0.,1.,0.));
#15244 = ORIENTED_EDGE('',*,*,#15245,.F.);
#15245 = EDGE_CURVE('',#15246,#15238,#15248,.T.);
#15246 = VERTEX_POINT('',#15247);
#15247 = CARTESIAN_POINT('',(1.5,-11.,-5.));
#15248 = LINE('',#15249,#15250);
#15249 = CARTESIAN_POINT('',(-7.586206896552,-11.,-5.));
#15250 = VECTOR('',#15251,1.);
#15251 = DIRECTION('',(1.,0.,-0.));
#15252 = ORIENTED_EDGE('',*,*,#15253,.F.);
#15253 = EDGE_CURVE('',#15254,#15246,#15256,.T.);
#15254 = VERTEX_POINT('',#15255);
#15255 = CARTESIAN_POINT('',(-1.5,-11.,-5.));
#15256 = LINE('',#15257,#15258);
#15257 = CARTESIAN_POINT('',(-7.586206896552,-11.,-5.));
#15258 = VECTOR('',#15259,1.);
#15259 = DIRECTION('',(1.,0.,-0.));
#15260 = ORIENTED_EDGE('',*,*,#15261,.F.);
#15261 = EDGE_CURVE('',#15197,#15254,#15262,.T.);
#15262 = LINE('',#15263,#15264);
#15263 = CARTESIAN_POINT('',(-7.586206896552,-11.,-5.));
#15264 = VECTOR('',#15265,1.);
#15265 = DIRECTION('',(1.,0.,-0.));
#15266 = PLANE('',#15267);
#15267 = AXIS2_PLACEMENT_3D('',#15268,#15269,#15270);
#15268 = CARTESIAN_POINT('',(-7.586206896552,-12.5,-5.));
#15269 = DIRECTION('',(0.,0.,1.));
#15270 = DIRECTION('',(1.,0.,-0.));
#15271 = ADVANCED_FACE('',(#15272),#15297,.F.);
#15272 = FACE_BOUND('',#15273,.F.);
#15273 = EDGE_LOOP('',(#15274,#15282,#15290,#15296));
#15274 = ORIENTED_EDGE('',*,*,#15275,.F.);
#15275 = EDGE_CURVE('',#15276,#15246,#15278,.T.);
#15276 = VERTEX_POINT('',#15277);
#15277 = CARTESIAN_POINT('',(1.5,-11.,-6.));
#15278 = LINE('',#15279,#15280);
#15279 = CARTESIAN_POINT('',(1.5,-11.,-6.));
#15280 = VECTOR('',#15281,1.);
#15281 = DIRECTION('',(0.,0.,1.));
#15282 = ORIENTED_EDGE('',*,*,#15283,.F.);
#15283 = EDGE_CURVE('',#15284,#15276,#15286,.T.);
#15284 = VERTEX_POINT('',#15285);
#15285 = CARTESIAN_POINT('',(-1.5,-11.,-6.));
#15286 = LINE('',#15287,#15288);
#15287 = CARTESIAN_POINT('',(-1.5,-11.,-6.));
#15288 = VECTOR('',#15289,1.);
#15289 = DIRECTION('',(1.,0.,-0.));
#15290 = ORIENTED_EDGE('',*,*,#15291,.T.);
#15291 = EDGE_CURVE('',#15284,#15254,#15292,.T.);
#15292 = LINE('',#15293,#15294);
#15293 = CARTESIAN_POINT('',(-1.5,-11.,-6.));
#15294 = VECTOR('',#15295,1.);
#15295 = DIRECTION('',(0.,0.,1.));
#15296 = ORIENTED_EDGE('',*,*,#15253,.T.);
#15297 = PLANE('',#15298);
#15298 = AXIS2_PLACEMENT_3D('',#15299,#15300,#15301);
#15299 = CARTESIAN_POINT('',(-1.5,-11.,-6.));
#15300 = DIRECTION('',(-0.,1.,0.));
#15301 = DIRECTION('',(0.,0.,1.));
#15302 = ADVANCED_FACE('',(#15303),#15321,.T.);
#15303 = FACE_BOUND('',#15304,.T.);
#15304 = EDGE_LOOP('',(#15305,#15312,#15313,#15320));
#15305 = ORIENTED_EDGE('',*,*,#15306,.F.);
#15306 = EDGE_CURVE('',#15158,#15238,#15307,.T.);
#15307 = CIRCLE('',#15308,5.);
#15308 = AXIS2_PLACEMENT_3D('',#15309,#15310,#15311);
#15309 = CARTESIAN_POINT('',(7.586206896552,-11.,0.));
#15310 = DIRECTION('',(0.,1.,0.));
#15311 = DIRECTION('',(0.,-0.,1.));
#15312 = ORIENTED_EDGE('',*,*,#15157,.F.);
#15313 = ORIENTED_EDGE('',*,*,#15314,.T.);
#15314 = EDGE_CURVE('',#15150,#15230,#15315,.T.);
#15315 = CIRCLE('',#15316,5.);
#15316 = AXIS2_PLACEMENT_3D('',#15317,#15318,#15319);
#15317 = CARTESIAN_POINT('',(7.586206896552,-12.5,0.));
#15318 = DIRECTION('',(0.,1.,0.));
#15319 = DIRECTION('',(0.,-0.,1.));
#15320 = ORIENTED_EDGE('',*,*,#15237,.T.);
#15321 = CYLINDRICAL_SURFACE('',#15322,5.);
#15322 = AXIS2_PLACEMENT_3D('',#15323,#15324,#15325);
#15323 = CARTESIAN_POINT('',(7.586206896552,-12.5,0.));
#15324 = DIRECTION('',(0.,1.,0.));
#15325 = DIRECTION('',(0.,-0.,1.));
#15326 = ADVANCED_FACE('',(#15327),#15352,.F.);
#15327 = FACE_BOUND('',#15328,.F.);
#15328 = EDGE_LOOP('',(#15329,#15330,#15338,#15346));
#15329 = ORIENTED_EDGE('',*,*,#15173,.F.);
#15330 = ORIENTED_EDGE('',*,*,#15331,.T.);
#15331 = EDGE_CURVE('',#15174,#15332,#15334,.T.);
#15332 = VERTEX_POINT('',#15333);
#15333 = CARTESIAN_POINT('',(-1.5,-11.,6.));
#15334 = LINE('',#15335,#15336);
#15335 = CARTESIAN_POINT('',(-1.5,-11.,4.5));
#15336 = VECTOR('',#15337,1.);
#15337 = DIRECTION('',(0.,0.,1.));
#15338 = ORIENTED_EDGE('',*,*,#15339,.T.);
#15339 = EDGE_CURVE('',#15332,#15340,#15342,.T.);
#15340 = VERTEX_POINT('',#15341);
#15341 = CARTESIAN_POINT('',(1.5,-11.,6.));
#15342 = LINE('',#15343,#15344);
#15343 = CARTESIAN_POINT('',(-1.5,-11.,6.));
#15344 = VECTOR('',#15345,1.);
#15345 = DIRECTION('',(1.,0.,-0.));
#15346 = ORIENTED_EDGE('',*,*,#15347,.F.);
#15347 = EDGE_CURVE('',#15166,#15340,#15348,.T.);
#15348 = LINE('',#15349,#15350);
#15349 = CARTESIAN_POINT('',(1.5,-11.,4.5));
#15350 = VECTOR('',#15351,1.);
#15351 = DIRECTION('',(0.,0.,1.));
#15352 = PLANE('',#15353);
#15353 = AXIS2_PLACEMENT_3D('',#15354,#15355,#15356);
#15354 = CARTESIAN_POINT('',(-1.5,-11.,4.5));
#15355 = DIRECTION('',(-0.,1.,0.));
#15356 = DIRECTION('',(0.,0.,1.));
#15357 = ADVANCED_FACE('',(#15358),#15399,.F.);
#15358 = FACE_BOUND('',#15359,.F.);
#15359 = EDGE_LOOP('',(#15360,#15361,#15369,#15377,#15385,#15393));
#15360 = ORIENTED_EDGE('',*,*,#15291,.F.);
#15361 = ORIENTED_EDGE('',*,*,#15362,.T.);
#15362 = EDGE_CURVE('',#15284,#15363,#15365,.T.);
#15363 = VERTEX_POINT('',#15364);
#15364 = CARTESIAN_POINT('',(-1.5,11.,-6.));
#15365 = LINE('',#15366,#15367);
#15366 = CARTESIAN_POINT('',(-1.5,-11.,-6.));
#15367 = VECTOR('',#15368,1.);
#15368 = DIRECTION('',(-0.,1.,0.));
#15369 = ORIENTED_EDGE('',*,*,#15370,.T.);
#15370 = EDGE_CURVE('',#15363,#15371,#15373,.T.);
#15371 = VERTEX_POINT('',#15372);
#15372 = CARTESIAN_POINT('',(-1.5,11.,-5.));
#15373 = LINE('',#15374,#15375);
#15374 = CARTESIAN_POINT('',(-1.5,11.,-6.));
#15375 = VECTOR('',#15376,1.);
#15376 = DIRECTION('',(0.,0.,1.));
#15377 = ORIENTED_EDGE('',*,*,#15378,.T.);
#15378 = EDGE_CURVE('',#15371,#15379,#15381,.T.);
#15379 = VERTEX_POINT('',#15380);
#15380 = CARTESIAN_POINT('',(-1.5,11.,-4.5));
#15381 = LINE('',#15382,#15383);
#15382 = CARTESIAN_POINT('',(-1.5,11.,-6.));
#15383 = VECTOR('',#15384,1.);
#15384 = DIRECTION('',(0.,0.,1.));
#15385 = ORIENTED_EDGE('',*,*,#15386,.F.);
#15386 = EDGE_CURVE('',#15387,#15379,#15389,.T.);
#15387 = VERTEX_POINT('',#15388);
#15388 = CARTESIAN_POINT('',(-1.5,-11.,-4.5));
#15389 = LINE('',#15390,#15391);
#15390 = CARTESIAN_POINT('',(-1.5,-11.,-4.5));
#15391 = VECTOR('',#15392,1.);
#15392 = DIRECTION('',(-0.,1.,0.));
#15393 = ORIENTED_EDGE('',*,*,#15394,.F.);
#15394 = EDGE_CURVE('',#15254,#15387,#15395,.T.);
#15395 = LINE('',#15396,#15397);
#15396 = CARTESIAN_POINT('',(-1.5,-11.,-6.));
#15397 = VECTOR('',#15398,1.);
#15398 = DIRECTION('',(0.,0.,1.));
#15399 = PLANE('',#15400);
#15400 = AXIS2_PLACEMENT_3D('',#15401,#15402,#15403);
#15401 = CARTESIAN_POINT('',(-1.5,-11.,-6.));
#15402 = DIRECTION('',(1.,0.,-0.));
#15403 = DIRECTION('',(0.,0.,1.));
#15404 = ADVANCED_FACE('',(#15405),#15430,.T.);
#15405 = FACE_BOUND('',#15406,.T.);
#15406 = EDGE_LOOP('',(#15407,#15408,#15416,#15424));
#15407 = ORIENTED_EDGE('',*,*,#15386,.F.);
#15408 = ORIENTED_EDGE('',*,*,#15409,.T.);
#15409 = EDGE_CURVE('',#15387,#15410,#15412,.T.);
#15410 = VERTEX_POINT('',#15411);
#15411 = CARTESIAN_POINT('',(1.5,-11.,-4.5));
#15412 = LINE('',#15413,#15414);
#15413 = CARTESIAN_POINT('',(-1.5,-11.,-4.5));
#15414 = VECTOR('',#15415,1.);
#15415 = DIRECTION('',(1.,0.,-0.));
#15416 = ORIENTED_EDGE('',*,*,#15417,.T.);
#15417 = EDGE_CURVE('',#15410,#15418,#15420,.T.);
#15418 = VERTEX_POINT('',#15419);
#15419 = CARTESIAN_POINT('',(1.5,11.,-4.5));
#15420 = LINE('',#15421,#15422);
#15421 = CARTESIAN_POINT('',(1.5,-11.,-4.5));
#15422 = VECTOR('',#15423,1.);
#15423 = DIRECTION('',(-0.,1.,0.));
#15424 = ORIENTED_EDGE('',*,*,#15425,.F.);
#15425 = EDGE_CURVE('',#15379,#15418,#15426,.T.);
#15426 = LINE('',#15427,#15428);
#15427 = CARTESIAN_POINT('',(-1.5,11.,-4.5));
#15428 = VECTOR('',#15429,1.);
#15429 = DIRECTION('',(1.,0.,-0.));
#15430 = PLANE('',#15431);
#15431 = AXIS2_PLACEMENT_3D('',#15432,#15433,#15434);
#15432 = CARTESIAN_POINT('',(-1.5,-11.,-4.5));
#15433 = DIRECTION('',(0.,0.,1.));
#15434 = DIRECTION('',(1.,0.,-0.));
#15435 = ADVANCED_FACE('',(#15436),#15468,.T.);
#15436 = FACE_BOUND('',#15437,.T.);
#15437 = EDGE_LOOP('',(#15438,#15439,#15447,#15455,#15461,#15462));
#15438 = ORIENTED_EDGE('',*,*,#15275,.F.);
#15439 = ORIENTED_EDGE('',*,*,#15440,.T.);
#15440 = EDGE_CURVE('',#15276,#15441,#15443,.T.);
#15441 = VERTEX_POINT('',#15442);
#15442 = CARTESIAN_POINT('',(1.5,11.,-6.));
#15443 = LINE('',#15444,#15445);
#15444 = CARTESIAN_POINT('',(1.5,-11.,-6.));
#15445 = VECTOR('',#15446,1.);
#15446 = DIRECTION('',(-0.,1.,0.));
#15447 = ORIENTED_EDGE('',*,*,#15448,.T.);
#15448 = EDGE_CURVE('',#15441,#15449,#15451,.T.);
#15449 = VERTEX_POINT('',#15450);
#15450 = CARTESIAN_POINT('',(1.5,11.,-5.));
#15451 = LINE('',#15452,#15453);
#15452 = CARTESIAN_POINT('',(1.5,11.,-6.));
#15453 = VECTOR('',#15454,1.);
#15454 = DIRECTION('',(0.,0.,1.));
#15455 = ORIENTED_EDGE('',*,*,#15456,.T.);
#15456 = EDGE_CURVE('',#15449,#15418,#15457,.T.);
#15457 = LINE('',#15458,#15459);
#15458 = CARTESIAN_POINT('',(1.5,11.,-6.));
#15459 = VECTOR('',#15460,1.);
#15460 = DIRECTION('',(0.,0.,1.));
#15461 = ORIENTED_EDGE('',*,*,#15417,.F.);
#15462 = ORIENTED_EDGE('',*,*,#15463,.F.);
#15463 = EDGE_CURVE('',#15246,#15410,#15464,.T.);
#15464 = LINE('',#15465,#15466);
#15465 = CARTESIAN_POINT('',(1.5,-11.,-6.));
#15466 = VECTOR('',#15467,1.);
#15467 = DIRECTION('',(0.,0.,1.));
#15468 = PLANE('',#15469);
#15469 = AXIS2_PLACEMENT_3D('',#15470,#15471,#15472);
#15470 = CARTESIAN_POINT('',(1.5,-11.,-6.));
#15471 = DIRECTION('',(1.,0.,-0.));
#15472 = DIRECTION('',(0.,0.,1.));
#15473 = ADVANCED_FACE('',(#15474),#15515,.T.);
#15474 = FACE_BOUND('',#15475,.T.);
#15475 = EDGE_LOOP('',(#15476,#15484,#15492,#15500,#15508,#15514));
#15476 = ORIENTED_EDGE('',*,*,#15477,.F.);
#15477 = EDGE_CURVE('',#15478,#15166,#15480,.T.);
#15478 = VERTEX_POINT('',#15479);
#15479 = CARTESIAN_POINT('',(1.5,-11.,4.5));
#15480 = LINE('',#15481,#15482);
#15481 = CARTESIAN_POINT('',(1.5,-11.,4.5));
#15482 = VECTOR('',#15483,1.);
#15483 = DIRECTION('',(0.,0.,1.));
#15484 = ORIENTED_EDGE('',*,*,#15485,.T.);
#15485 = EDGE_CURVE('',#15478,#15486,#15488,.T.);
#15486 = VERTEX_POINT('',#15487);
#15487 = CARTESIAN_POINT('',(1.5,11.,4.5));
#15488 = LINE('',#15489,#15490);
#15489 = CARTESIAN_POINT('',(1.5,-11.,4.5));
#15490 = VECTOR('',#15491,1.);
#15491 = DIRECTION('',(-0.,1.,0.));
#15492 = ORIENTED_EDGE('',*,*,#15493,.T.);
#15493 = EDGE_CURVE('',#15486,#15494,#15496,.T.);
#15494 = VERTEX_POINT('',#15495);
#15495 = CARTESIAN_POINT('',(1.5,11.,5.));
#15496 = LINE('',#15497,#15498);
#15497 = CARTESIAN_POINT('',(1.5,11.,4.5));
#15498 = VECTOR('',#15499,1.);
#15499 = DIRECTION('',(0.,0.,1.));
#15500 = ORIENTED_EDGE('',*,*,#15501,.T.);
#15501 = EDGE_CURVE('',#15494,#15502,#15504,.T.);
#15502 = VERTEX_POINT('',#15503);
#15503 = CARTESIAN_POINT('',(1.5,11.,6.));
#15504 = LINE('',#15505,#15506);
#15505 = CARTESIAN_POINT('',(1.5,11.,4.5));
#15506 = VECTOR('',#15507,1.);
#15507 = DIRECTION('',(0.,0.,1.));
#15508 = ORIENTED_EDGE('',*,*,#15509,.F.);
#15509 = EDGE_CURVE('',#15340,#15502,#15510,.T.);
#15510 = LINE('',#15511,#15512);
#15511 = CARTESIAN_POINT('',(1.5,-11.,6.));
#15512 = VECTOR('',#15513,1.);
#15513 = DIRECTION('',(-0.,1.,0.));
#15514 = ORIENTED_EDGE('',*,*,#15347,.F.);
#15515 = PLANE('',#15516);
#15516 = AXIS2_PLACEMENT_3D('',#15517,#15518,#15519);
#15517 = CARTESIAN_POINT('',(1.5,-11.,4.5));
#15518 = DIRECTION('',(1.,0.,-0.));
#15519 = DIRECTION('',(0.,0.,1.));
#15520 = ADVANCED_FACE('',(#15521),#15546,.F.);
#15521 = FACE_BOUND('',#15522,.F.);
#15522 = EDGE_LOOP('',(#15523,#15533,#15539,#15540));
#15523 = ORIENTED_EDGE('',*,*,#15524,.F.);
#15524 = EDGE_CURVE('',#15525,#15527,#15529,.T.);
#15525 = VERTEX_POINT('',#15526);
#15526 = CARTESIAN_POINT('',(-1.5,-11.,4.5));
#15527 = VERTEX_POINT('',#15528);
#15528 = CARTESIAN_POINT('',(-1.5,11.,4.5));
#15529 = LINE('',#15530,#15531);
#15530 = CARTESIAN_POINT('',(-1.5,-11.,4.5));
#15531 = VECTOR('',#15532,1.);
#15532 = DIRECTION('',(-0.,1.,0.));
#15533 = ORIENTED_EDGE('',*,*,#15534,.T.);
#15534 = EDGE_CURVE('',#15525,#15478,#15535,.T.);
#15535 = LINE('',#15536,#15537);
#15536 = CARTESIAN_POINT('',(-1.5,-11.,4.5));
#15537 = VECTOR('',#15538,1.);
#15538 = DIRECTION('',(1.,0.,-0.));
#15539 = ORIENTED_EDGE('',*,*,#15485,.T.);
#15540 = ORIENTED_EDGE('',*,*,#15541,.F.);
#15541 = EDGE_CURVE('',#15527,#15486,#15542,.T.);
#15542 = LINE('',#15543,#15544);
#15543 = CARTESIAN_POINT('',(-1.5,11.,4.5));
#15544 = VECTOR('',#15545,1.);
#15545 = DIRECTION('',(1.,0.,-0.));
#15546 = PLANE('',#15547);
#15547 = AXIS2_PLACEMENT_3D('',#15548,#15549,#15550);
#15548 = CARTESIAN_POINT('',(-1.5,-11.,4.5));
#15549 = DIRECTION('',(0.,0.,1.));
#15550 = DIRECTION('',(1.,0.,-0.));
#15551 = ADVANCED_FACE('',(#15552),#15584,.F.);
#15552 = FACE_BOUND('',#15553,.F.);
#15553 = EDGE_LOOP('',(#15554,#15560,#15561,#15569,#15577,#15583));
#15554 = ORIENTED_EDGE('',*,*,#15555,.F.);
#15555 = EDGE_CURVE('',#15525,#15174,#15556,.T.);
#15556 = LINE('',#15557,#15558);
#15557 = CARTESIAN_POINT('',(-1.5,-11.,4.5));
#15558 = VECTOR('',#15559,1.);
#15559 = DIRECTION('',(0.,0.,1.));
#15560 = ORIENTED_EDGE('',*,*,#15524,.T.);
#15561 = ORIENTED_EDGE('',*,*,#15562,.T.);
#15562 = EDGE_CURVE('',#15527,#15563,#15565,.T.);
#15563 = VERTEX_POINT('',#15564);
#15564 = CARTESIAN_POINT('',(-1.5,11.,5.));
#15565 = LINE('',#15566,#15567);
#15566 = CARTESIAN_POINT('',(-1.5,11.,4.5));
#15567 = VECTOR('',#15568,1.);
#15568 = DIRECTION('',(0.,0.,1.));
#15569 = ORIENTED_EDGE('',*,*,#15570,.T.);
#15570 = EDGE_CURVE('',#15563,#15571,#15573,.T.);
#15571 = VERTEX_POINT('',#15572);
#15572 = CARTESIAN_POINT('',(-1.5,11.,6.));
#15573 = LINE('',#15574,#15575);
#15574 = CARTESIAN_POINT('',(-1.5,11.,4.5));
#15575 = VECTOR('',#15576,1.);
#15576 = DIRECTION('',(0.,0.,1.));
#15577 = ORIENTED_EDGE('',*,*,#15578,.F.);
#15578 = EDGE_CURVE('',#15332,#15571,#15579,.T.);
#15579 = LINE('',#15580,#15581);
#15580 = CARTESIAN_POINT('',(-1.5,-11.,6.));
#15581 = VECTOR('',#15582,1.);
#15582 = DIRECTION('',(-0.,1.,0.));
#15583 = ORIENTED_EDGE('',*,*,#15331,.F.);
#15584 = PLANE('',#15585);
#15585 = AXIS2_PLACEMENT_3D('',#15586,#15587,#15588);
#15586 = CARTESIAN_POINT('',(-1.5,-11.,4.5));
#15587 = DIRECTION('',(1.,0.,-0.));
#15588 = DIRECTION('',(0.,0.,1.));
#15589 = ADVANCED_FACE('',(#15590),#15601,.F.);
#15590 = FACE_BOUND('',#15591,.F.);
#15591 = EDGE_LOOP('',(#15592,#15593,#15594,#15595));
#15592 = ORIENTED_EDGE('',*,*,#15362,.F.);
#15593 = ORIENTED_EDGE('',*,*,#15283,.T.);
#15594 = ORIENTED_EDGE('',*,*,#15440,.T.);
#15595 = ORIENTED_EDGE('',*,*,#15596,.F.);
#15596 = EDGE_CURVE('',#15363,#15441,#15597,.T.);
#15597 = LINE('',#15598,#15599);
#15598 = CARTESIAN_POINT('',(-1.5,11.,-6.));
#15599 = VECTOR('',#15600,1.);
#15600 = DIRECTION('',(1.,0.,-0.));
#15601 = PLANE('',#15602);
#15602 = AXIS2_PLACEMENT_3D('',#15603,#15604,#15605);
#15603 = CARTESIAN_POINT('',(-1.5,-11.,-6.));
#15604 = DIRECTION('',(0.,0.,1.));
#15605 = DIRECTION('',(1.,0.,-0.));
#15606 = ADVANCED_FACE('',(#15607),#15618,.T.);
#15607 = FACE_BOUND('',#15608,.T.);
#15608 = EDGE_LOOP('',(#15609,#15610,#15611,#15612));
#15609 = ORIENTED_EDGE('',*,*,#15578,.F.);
#15610 = ORIENTED_EDGE('',*,*,#15339,.T.);
#15611 = ORIENTED_EDGE('',*,*,#15509,.T.);
#15612 = ORIENTED_EDGE('',*,*,#15613,.F.);
#15613 = EDGE_CURVE('',#15571,#15502,#15614,.T.);
#15614 = LINE('',#15615,#15616);
#15615 = CARTESIAN_POINT('',(-1.5,11.,6.));
#15616 = VECTOR('',#15617,1.);
#15617 = DIRECTION('',(1.,0.,-0.));
#15618 = PLANE('',#15619);
#15619 = AXIS2_PLACEMENT_3D('',#15620,#15621,#15622);
#15620 = CARTESIAN_POINT('',(-1.5,-11.,6.));
#15621 = DIRECTION('',(0.,0.,1.));
#15622 = DIRECTION('',(1.,0.,-0.));
#15623 = ADVANCED_FACE('',(#15624),#15635,.T.);
#15624 = FACE_BOUND('',#15625,.T.);
#15625 = EDGE_LOOP('',(#15626,#15627,#15628,#15629));
#15626 = ORIENTED_EDGE('',*,*,#15448,.F.);
#15627 = ORIENTED_EDGE('',*,*,#15596,.F.);
#15628 = ORIENTED_EDGE('',*,*,#15370,.T.);
#15629 = ORIENTED_EDGE('',*,*,#15630,.T.);
#15630 = EDGE_CURVE('',#15371,#15449,#15631,.T.);
#15631 = LINE('',#15632,#15633);
#15632 = CARTESIAN_POINT('',(-7.586206896552,11.,-5.));
#15633 = VECTOR('',#15634,1.);
#15634 = DIRECTION('',(1.,0.,-0.));
#15635 = PLANE('',#15636);
#15636 = AXIS2_PLACEMENT_3D('',#15637,#15638,#15639);
#15637 = CARTESIAN_POINT('',(-1.5,11.,-6.));
#15638 = DIRECTION('',(-0.,1.,0.));
#15639 = DIRECTION('',(0.,0.,1.));
#15640 = ADVANCED_FACE('',(#15641),#15652,.T.);
#15641 = FACE_BOUND('',#15642,.T.);
#15642 = EDGE_LOOP('',(#15643,#15649,#15650,#15651));
#15643 = ORIENTED_EDGE('',*,*,#15644,.F.);
#15644 = EDGE_CURVE('',#15563,#15494,#15645,.T.);
#15645 = LINE('',#15646,#15647);
#15646 = CARTESIAN_POINT('',(-7.586206896552,11.,5.));
#15647 = VECTOR('',#15648,1.);
#15648 = DIRECTION('',(1.,0.,-0.));
#15649 = ORIENTED_EDGE('',*,*,#15570,.T.);
#15650 = ORIENTED_EDGE('',*,*,#15613,.T.);
#15651 = ORIENTED_EDGE('',*,*,#15501,.F.);
#15652 = PLANE('',#15653);
#15653 = AXIS2_PLACEMENT_3D('',#15654,#15655,#15656);
#15654 = CARTESIAN_POINT('',(-1.5,11.,4.5));
#15655 = DIRECTION('',(-0.,1.,0.));
#15656 = DIRECTION('',(0.,0.,1.));
#15657 = ADVANCED_FACE('',(#15658),#15699,.F.);
#15658 = FACE_BOUND('',#15659,.F.);
#15659 = EDGE_LOOP('',(#15660,#15670,#15676,#15677,#15685,#15693));
#15660 = ORIENTED_EDGE('',*,*,#15661,.F.);
#15661 = EDGE_CURVE('',#15662,#15664,#15666,.T.);
#15662 = VERTEX_POINT('',#15663);
#15663 = CARTESIAN_POINT('',(-7.586206896552,11.,-5.));
#15664 = VERTEX_POINT('',#15665);
#15665 = CARTESIAN_POINT('',(-7.586206896552,12.5,-5.));
#15666 = LINE('',#15667,#15668);
#15667 = CARTESIAN_POINT('',(-7.586206896552,11.,-5.));
#15668 = VECTOR('',#15669,1.);
#15669 = DIRECTION('',(-0.,1.,0.));
#15670 = ORIENTED_EDGE('',*,*,#15671,.T.);
#15671 = EDGE_CURVE('',#15662,#15371,#15672,.T.);
#15672 = LINE('',#15673,#15674);
#15673 = CARTESIAN_POINT('',(-7.586206896552,11.,-5.));
#15674 = VECTOR('',#15675,1.);
#15675 = DIRECTION('',(1.,0.,-0.));
#15676 = ORIENTED_EDGE('',*,*,#15630,.T.);
#15677 = ORIENTED_EDGE('',*,*,#15678,.T.);
#15678 = EDGE_CURVE('',#15449,#15679,#15681,.T.);
#15679 = VERTEX_POINT('',#15680);
#15680 = CARTESIAN_POINT('',(7.586206896552,11.,-5.));
#15681 = LINE('',#15682,#15683);
#15682 = CARTESIAN_POINT('',(-7.586206896552,11.,-5.));
#15683 = VECTOR('',#15684,1.);
#15684 = DIRECTION('',(1.,0.,-0.));
#15685 = ORIENTED_EDGE('',*,*,#15686,.T.);
#15686 = EDGE_CURVE('',#15679,#15687,#15689,.T.);
#15687 = VERTEX_POINT('',#15688);
#15688 = CARTESIAN_POINT('',(7.586206896552,12.5,-5.));
#15689 = LINE('',#15690,#15691);
#15690 = CARTESIAN_POINT('',(7.586206896552,11.,-5.));
#15691 = VECTOR('',#15692,1.);
#15692 = DIRECTION('',(-0.,1.,0.));
#15693 = ORIENTED_EDGE('',*,*,#15694,.F.);
#15694 = EDGE_CURVE('',#15664,#15687,#15695,.T.);
#15695 = LINE('',#15696,#15697);
#15696 = CARTESIAN_POINT('',(-7.586206896552,12.5,-5.));
#15697 = VECTOR('',#15698,1.);
#15698 = DIRECTION('',(1.,0.,-0.));
#15699 = PLANE('',#15700);
#15700 = AXIS2_PLACEMENT_3D('',#15701,#15702,#15703);
#15701 = CARTESIAN_POINT('',(-7.586206896552,11.,-5.));
#15702 = DIRECTION('',(0.,0.,1.));
#15703 = DIRECTION('',(1.,0.,-0.));
#15704 = ADVANCED_FACE('',(#15705),#15746,.T.);
#15705 = FACE_BOUND('',#15706,.T.);
#15706 = EDGE_LOOP('',(#15707,#15717,#15723,#15724,#15732,#15740));
#15707 = ORIENTED_EDGE('',*,*,#15708,.F.);
#15708 = EDGE_CURVE('',#15709,#15711,#15713,.T.);
#15709 = VERTEX_POINT('',#15710);
#15710 = CARTESIAN_POINT('',(-7.586206896552,11.,5.));
#15711 = VERTEX_POINT('',#15712);
#15712 = CARTESIAN_POINT('',(-7.586206896552,12.5,5.));
#15713 = LINE('',#15714,#15715);
#15714 = CARTESIAN_POINT('',(-7.586206896552,11.,5.));
#15715 = VECTOR('',#15716,1.);
#15716 = DIRECTION('',(-0.,1.,0.));
#15717 = ORIENTED_EDGE('',*,*,#15718,.T.);
#15718 = EDGE_CURVE('',#15709,#15563,#15719,.T.);
#15719 = LINE('',#15720,#15721);
#15720 = CARTESIAN_POINT('',(-7.586206896552,11.,5.));
#15721 = VECTOR('',#15722,1.);
#15722 = DIRECTION('',(1.,0.,-0.));
#15723 = ORIENTED_EDGE('',*,*,#15644,.T.);
#15724 = ORIENTED_EDGE('',*,*,#15725,.T.);
#15725 = EDGE_CURVE('',#15494,#15726,#15728,.T.);
#15726 = VERTEX_POINT('',#15727);
#15727 = CARTESIAN_POINT('',(7.586206896552,11.,5.));
#15728 = LINE('',#15729,#15730);
#15729 = CARTESIAN_POINT('',(-7.586206896552,11.,5.));
#15730 = VECTOR('',#15731,1.);
#15731 = DIRECTION('',(1.,0.,-0.));
#15732 = ORIENTED_EDGE('',*,*,#15733,.T.);
#15733 = EDGE_CURVE('',#15726,#15734,#15736,.T.);
#15734 = VERTEX_POINT('',#15735);
#15735 = CARTESIAN_POINT('',(7.586206896552,12.5,5.));
#15736 = LINE('',#15737,#15738);
#15737 = CARTESIAN_POINT('',(7.586206896552,11.,5.));
#15738 = VECTOR('',#15739,1.);
#15739 = DIRECTION('',(-0.,1.,0.));
#15740 = ORIENTED_EDGE('',*,*,#15741,.F.);
#15741 = EDGE_CURVE('',#15711,#15734,#15742,.T.);
#15742 = LINE('',#15743,#15744);
#15743 = CARTESIAN_POINT('',(-7.586206896552,12.5,5.));
#15744 = VECTOR('',#15745,1.);
#15745 = DIRECTION('',(1.,0.,-0.));
#15746 = PLANE('',#15747);
#15747 = AXIS2_PLACEMENT_3D('',#15748,#15749,#15750);
#15748 = CARTESIAN_POINT('',(-7.586206896552,11.,5.));
#15749 = DIRECTION('',(0.,0.,1.));
#15750 = DIRECTION('',(1.,0.,-0.));
#15751 = ADVANCED_FACE('',(#15752),#15770,.T.);
#15752 = FACE_BOUND('',#15753,.T.);
#15753 = EDGE_LOOP('',(#15754,#15755,#15762,#15763));
#15754 = ORIENTED_EDGE('',*,*,#15708,.T.);
#15755 = ORIENTED_EDGE('',*,*,#15756,.F.);
#15756 = EDGE_CURVE('',#15664,#15711,#15757,.T.);
#15757 = CIRCLE('',#15758,5.);
#15758 = AXIS2_PLACEMENT_3D('',#15759,#15760,#15761);
#15759 = CARTESIAN_POINT('',(-7.586206896552,12.5,0.));
#15760 = DIRECTION('',(0.,1.,0.));
#15761 = DIRECTION('',(0.,-0.,1.));
#15762 = ORIENTED_EDGE('',*,*,#15661,.F.);
#15763 = ORIENTED_EDGE('',*,*,#15764,.T.);
#15764 = EDGE_CURVE('',#15662,#15709,#15765,.T.);
#15765 = CIRCLE('',#15766,5.);
#15766 = AXIS2_PLACEMENT_3D('',#15767,#15768,#15769);
#15767 = CARTESIAN_POINT('',(-7.586206896552,11.,0.));
#15768 = DIRECTION('',(0.,1.,0.));
#15769 = DIRECTION('',(0.,-0.,1.));
#15770 = CYLINDRICAL_SURFACE('',#15771,5.);
#15771 = AXIS2_PLACEMENT_3D('',#15772,#15773,#15774);
#15772 = CARTESIAN_POINT('',(-7.586206896552,11.,0.));
#15773 = DIRECTION('',(0.,1.,0.));
#15774 = DIRECTION('',(0.,-0.,1.));
#15775 = ADVANCED_FACE('',(#15776),#15794,.T.);
#15776 = FACE_BOUND('',#15777,.T.);
#15777 = EDGE_LOOP('',(#15778,#15785,#15786,#15793));
#15778 = ORIENTED_EDGE('',*,*,#15779,.F.);
#15779 = EDGE_CURVE('',#15734,#15687,#15780,.T.);
#15780 = CIRCLE('',#15781,5.);
#15781 = AXIS2_PLACEMENT_3D('',#15782,#15783,#15784);
#15782 = CARTESIAN_POINT('',(7.586206896552,12.5,0.));
#15783 = DIRECTION('',(0.,1.,0.));
#15784 = DIRECTION('',(0.,-0.,1.));
#15785 = ORIENTED_EDGE('',*,*,#15733,.F.);
#15786 = ORIENTED_EDGE('',*,*,#15787,.T.);
#15787 = EDGE_CURVE('',#15726,#15679,#15788,.T.);
#15788 = CIRCLE('',#15789,5.);
#15789 = AXIS2_PLACEMENT_3D('',#15790,#15791,#15792);
#15790 = CARTESIAN_POINT('',(7.586206896552,11.,0.));
#15791 = DIRECTION('',(0.,1.,0.));
#15792 = DIRECTION('',(0.,-0.,1.));
#15793 = ORIENTED_EDGE('',*,*,#15686,.T.);
#15794 = CYLINDRICAL_SURFACE('',#15795,5.);
#15795 = AXIS2_PLACEMENT_3D('',#15796,#15797,#15798);
#15796 = CARTESIAN_POINT('',(7.586206896552,11.,0.));
#15797 = DIRECTION('',(0.,1.,0.));
#15798 = DIRECTION('',(0.,-0.,1.));
#15799 = ADVANCED_FACE('',(#15800),#15806,.T.);
#15800 = FACE_BOUND('',#15801,.T.);
#15801 = EDGE_LOOP('',(#15802,#15803,#15804,#15805));
#15802 = ORIENTED_EDGE('',*,*,#15229,.T.);
#15803 = ORIENTED_EDGE('',*,*,#15314,.F.);
#15804 = ORIENTED_EDGE('',*,*,#15149,.F.);
#15805 = ORIENTED_EDGE('',*,*,#15213,.F.);
#15806 = PLANE('',#15807);
#15807 = AXIS2_PLACEMENT_3D('',#15808,#15809,#15810);
#15808 = CARTESIAN_POINT('',(-6.476089505928E-16,-12.5,
    -2.354941638519E-16));
#15809 = DIRECTION('',(-0.,-1.,-0.));
#15810 = DIRECTION('',(0.,0.,-1.));
#15811 = ADVANCED_FACE('',(#15812),#15826,.T.);
#15812 = FACE_BOUND('',#15813,.T.);
#15813 = EDGE_LOOP('',(#15814,#15815,#15816,#15817,#15818,#15819,#15820,
    #15821,#15822,#15823,#15824,#15825));
#15814 = ORIENTED_EDGE('',*,*,#15261,.F.);
#15815 = ORIENTED_EDGE('',*,*,#15196,.T.);
#15816 = ORIENTED_EDGE('',*,*,#15181,.T.);
#15817 = ORIENTED_EDGE('',*,*,#15555,.F.);
#15818 = ORIENTED_EDGE('',*,*,#15534,.T.);
#15819 = ORIENTED_EDGE('',*,*,#15477,.T.);
#15820 = ORIENTED_EDGE('',*,*,#15165,.T.);
#15821 = ORIENTED_EDGE('',*,*,#15306,.T.);
#15822 = ORIENTED_EDGE('',*,*,#15245,.F.);
#15823 = ORIENTED_EDGE('',*,*,#15463,.T.);
#15824 = ORIENTED_EDGE('',*,*,#15409,.F.);
#15825 = ORIENTED_EDGE('',*,*,#15394,.F.);
#15826 = PLANE('',#15827);
#15827 = AXIS2_PLACEMENT_3D('',#15828,#15829,#15830);
#15828 = CARTESIAN_POINT('',(1.139697972182E-16,-11.,-2.279395944363E-16
    ));
#15829 = DIRECTION('',(0.,1.,0.));
#15830 = DIRECTION('',(0.,-0.,1.));
#15831 = ADVANCED_FACE('',(#15832),#15846,.T.);
#15832 = FACE_BOUND('',#15833,.T.);
#15833 = EDGE_LOOP('',(#15834,#15835,#15836,#15837,#15838,#15839,#15840,
    #15841,#15842,#15843,#15844,#15845));
#15834 = ORIENTED_EDGE('',*,*,#15671,.T.);
#15835 = ORIENTED_EDGE('',*,*,#15378,.T.);
#15836 = ORIENTED_EDGE('',*,*,#15425,.T.);
#15837 = ORIENTED_EDGE('',*,*,#15456,.F.);
#15838 = ORIENTED_EDGE('',*,*,#15678,.T.);
#15839 = ORIENTED_EDGE('',*,*,#15787,.F.);
#15840 = ORIENTED_EDGE('',*,*,#15725,.F.);
#15841 = ORIENTED_EDGE('',*,*,#15493,.F.);
#15842 = ORIENTED_EDGE('',*,*,#15541,.F.);
#15843 = ORIENTED_EDGE('',*,*,#15562,.T.);
#15844 = ORIENTED_EDGE('',*,*,#15718,.F.);
#15845 = ORIENTED_EDGE('',*,*,#15764,.F.);
#15846 = PLANE('',#15847);
#15847 = AXIS2_PLACEMENT_3D('',#15848,#15849,#15850);
#15848 = CARTESIAN_POINT('',(-6.268338846999E-16,11.,-2.279395944363E-16
    ));
#15849 = DIRECTION('',(-0.,-1.,-0.));
#15850 = DIRECTION('',(0.,0.,-1.));
#15851 = ADVANCED_FACE('',(#15852),#15858,.T.);
#15852 = FACE_BOUND('',#15853,.T.);
#15853 = EDGE_LOOP('',(#15854,#15855,#15856,#15857));
#15854 = ORIENTED_EDGE('',*,*,#15694,.F.);
#15855 = ORIENTED_EDGE('',*,*,#15756,.T.);
#15856 = ORIENTED_EDGE('',*,*,#15741,.T.);
#15857 = ORIENTED_EDGE('',*,*,#15779,.T.);
#15858 = PLANE('',#15859);
#15859 = AXIS2_PLACEMENT_3D('',#15860,#15861,#15862);
#15860 = CARTESIAN_POINT('',(-3.532412457779E-16,12.5,8.831031144447E-17
    ));
#15861 = DIRECTION('',(0.,1.,0.));
#15862 = DIRECTION('',(0.,-0.,1.));
#15863 = ( GEOMETRIC_REPRESENTATION_CONTEXT(3) 
GLOBAL_UNCERTAINTY_ASSIGNED_CONTEXT((#15867)) 
GLOBAL_UNIT_ASSIGNED_CONTEXT((#15864,#15865,#15866)) 
REPRESENTATION_CONTEXT('Context #1',
  '3D Context with UNIT and UNCERTAINTY') );
#15864 = ( LENGTH_UNIT() NAMED_UNIT(*) SI_UNIT(.MILLI.,.METRE.) );
#15865 = ( NAMED_UNIT(*) PLANE_ANGLE_UNIT() SI_UNIT($,.RADIAN.) );
#15866 = ( NAMED_UNIT(*) SI_UNIT($,.STERADIAN.) SOLID_ANGLE_UNIT() );
#15867 = UNCERTAINTY_MEASURE_WITH_UNIT(LENGTH_MEASURE(1.E-07),#15864,
  'distance_accuracy_value','confusion accuracy');
#15868 = CONTEXT_DEPENDENT_SHAPE_REPRESENTATION(#15869,#15871);
#15869 = ( REPRESENTATION_RELATIONSHIP('','',#15132,#10) 
REPRESENTATION_RELATIONSHIP_WITH_TRANSFORMATION(#15870) 
SHAPE_REPRESENTATION_RELATIONSHIP() );
#15870 = ITEM_DEFINED_TRANSFORMATION('','',#11,#95);
#15871 = PRODUCT_DEFINITION_SHAPE('Placement','Placement of an item',
  #15872);
#15872 = NEXT_ASSEMBLY_USAGE_OCCURRENCE('21','link_20','',#5,#15127,$);
#15873 = PRODUCT_RELATED_PRODUCT_CATEGORY('part',$,(#15129));
#15874 = SHAPE_DEFINITION_REPRESENTATION(#15875,#15881);
#15875 = PRODUCT_DEFINITION_SHAPE('','',#15876);
#15876 = PRODUCT_DEFINITION('design','',#15877,#15880);
#15877 = PRODUCT_DEFINITION_FORMATION('','',#15878);
#15878 = PRODUCT('link_21','link_21','',(#15879));
#15879 = PRODUCT_CONTEXT('',#2,'mechanical');
#15880 = PRODUCT_DEFINITION_CONTEXT('part definition',#2,'design');
#15881 = ADVANCED_BREP_SHAPE_REPRESENTATION('',(#11,#15882),#16612);
#15882 = MANIFOLD_SOLID_BREP('',#15883);
#15883 = CLOSED_SHELL('',(#15884,#15940,#15973,#16020,#16051,#16075,
    #16106,#16153,#16184,#16222,#16269,#16300,#16338,#16355,#16372,
    #16389,#16406,#16453,#16500,#16524,#16548,#16560,#16580,#16600));
#15884 = ADVANCED_FACE('',(#15885),#15935,.T.);
#15885 = FACE_BOUND('',#15886,.T.);
#15886 = EDGE_LOOP('',(#15887,#15897,#15905,#15913,#15921,#15929));
#15887 = ORIENTED_EDGE('',*,*,#15888,.F.);
#15888 = EDGE_CURVE('',#15889,#15891,#15893,.T.);
#15889 = VERTEX_POINT('',#15890);
#15890 = CARTESIAN_POINT('',(-7.586206896552,-12.5,5.));
#15891 = VERTEX_POINT('',#15892);
#15892 = CARTESIAN_POINT('',(-7.586206896552,-11.,5.));
#15893 = LINE('',#15894,#15895);
#15894 = CARTESIAN_POINT('',(-7.586206896552,-12.5,5.));
#15895 = VECTOR('',#15896,1.);
#15896 = DIRECTION('',(-0.,1.,0.));
#15897 = ORIENTED_EDGE('',*,*,#15898,.T.);
#15898 = EDGE_CURVE('',#15889,#15899,#15901,.T.);
#15899 = VERTEX_POINT('',#15900);
#15900 = CARTESIAN_POINT('',(7.586206896552,-12.5,5.));
#15901 = LINE('',#15902,#15903);
#15902 = CARTESIAN_POINT('',(-7.586206896552,-12.5,5.));
#15903 = VECTOR('',#15904,1.);
#15904 = DIRECTION('',(1.,0.,-0.));
#15905 = ORIENTED_EDGE('',*,*,#15906,.T.);
#15906 = EDGE_CURVE('',#15899,#15907,#15909,.T.);
#15907 = VERTEX_POINT('',#15908);
#15908 = CARTESIAN_POINT('',(7.586206896552,-11.,5.));
#15909 = LINE('',#15910,#15911);
#15910 = CARTESIAN_POINT('',(7.586206896552,-12.5,5.));
#15911 = VECTOR('',#15912,1.);
#15912 = DIRECTION('',(-0.,1.,0.));
#15913 = ORIENTED_EDGE('',*,*,#15914,.F.);
#15914 = EDGE_CURVE('',#15915,#15907,#15917,.T.);
#15915 = VERTEX_POINT('',#15916);
#15916 = CARTESIAN_POINT('',(1.5,-11.,5.));
#15917 = LINE('',#15918,#15919);
#15918 = CARTESIAN_POINT('',(-7.586206896552,-11.,5.));
#15919 = VECTOR('',#15920,1.);
#15920 = DIRECTION('',(1.,0.,-0.));
#15921 = ORIENTED_EDGE('',*,*,#15922,.F.);
#15922 = EDGE_CURVE('',#15923,#15915,#15925,.T.);
#15923 = VERTEX_POINT('',#15924);
#15924 = CARTESIAN_POINT('',(-1.5,-11.,5.));
#15925 = LINE('',#15926,#15927);
#15926 = CARTESIAN_POINT('',(-7.586206896552,-11.,5.));
#15927 = VECTOR('',#15928,1.);
#15928 = DIRECTION('',(1.,0.,-0.));
#15929 = ORIENTED_EDGE('',*,*,#15930,.F.);
#15930 = EDGE_CURVE('',#15891,#15923,#15931,.T.);
#15931 = LINE('',#15932,#15933);
#15932 = CARTESIAN_POINT('',(-7.586206896552,-11.,5.));
#15933 = VECTOR('',#15934,1.);
#15934 = DIRECTION('',(1.,0.,-0.));
#15935 = PLANE('',#15936);
#15936 = AXIS2_PLACEMENT_3D('',#15937,#15938,#15939);
#15937 = CARTESIAN_POINT('',(-7.586206896552,-12.5,5.));
#15938 = DIRECTION('',(0.,0.,1.));
#15939 = DIRECTION('',(1.,0.,-0.));
#15940 = ADVANCED_FACE('',(#15941),#15968,.T.);
#15941 = FACE_BOUND('',#15942,.T.);
#15942 = EDGE_LOOP('',(#15943,#15944,#15953,#15961));
#15943 = ORIENTED_EDGE('',*,*,#15888,.T.);
#15944 = ORIENTED_EDGE('',*,*,#15945,.F.);
#15945 = EDGE_CURVE('',#15946,#15891,#15948,.T.);
#15946 = VERTEX_POINT('',#15947);
#15947 = CARTESIAN_POINT('',(-7.586206896552,-11.,-5.));
#15948 = CIRCLE('',#15949,5.);
#15949 = AXIS2_PLACEMENT_3D('',#15950,#15951,#15952);
#15950 = CARTESIAN_POINT('',(-7.586206896552,-11.,0.));
#15951 = DIRECTION('',(0.,1.,0.));
#15952 = DIRECTION('',(0.,-0.,1.));
#15953 = ORIENTED_EDGE('',*,*,#15954,.F.);
#15954 = EDGE_CURVE('',#15955,#15946,#15957,.T.);
#15955 = VERTEX_POINT('',#15956);
#15956 = CARTESIAN_POINT('',(-7.586206896552,-12.5,-5.));
#15957 = LINE('',#15958,#15959);
#15958 = CARTESIAN_POINT('',(-7.586206896552,-12.5,-5.));
#15959 = VECTOR('',#15960,1.);
#15960 = DIRECTION('',(-0.,1.,0.));
#15961 = ORIENTED_EDGE('',*,*,#15962,.T.);
#15962 = EDGE_CURVE('',#15955,#15889,#15963,.T.);
#15963 = CIRCLE('',#15964,5.);
#15964 = AXIS2_PLACEMENT_3D('',#15965,#15966,#15967);
#15965 = CARTESIAN_POINT('',(-7.586206896552,-12.5,0.));
#15966 = DIRECTION('',(0.,1.,0.));
#15967 = DIRECTION('',(0.,-0.,1.));
#15968 = CYLINDRICAL_SURFACE('',#15969,5.);
#15969 = AXIS2_PLACEMENT_3D('',#15970,#15971,#15972);
#15970 = CARTESIAN_POINT('',(-7.586206896552,-12.5,0.));
#15971 = DIRECTION('',(0.,1.,0.));
#15972 = DIRECTION('',(0.,-0.,1.));
#15973 = ADVANCED_FACE('',(#15974),#16015,.F.);
#15974 = FACE_BOUND('',#15975,.F.);
#15975 = EDGE_LOOP('',(#15976,#15977,#15985,#15993,#16001,#16009));
#15976 = ORIENTED_EDGE('',*,*,#15954,.F.);
#15977 = ORIENTED_EDGE('',*,*,#15978,.T.);
#15978 = EDGE_CURVE('',#15955,#15979,#15981,.T.);
#15979 = VERTEX_POINT('',#15980);
#15980 = CARTESIAN_POINT('',(7.586206896552,-12.5,-5.));
#15981 = LINE('',#15982,#15983);
#15982 = CARTESIAN_POINT('',(-7.586206896552,-12.5,-5.));
#15983 = VECTOR('',#15984,1.);
#15984 = DIRECTION('',(1.,0.,-0.));
#15985 = ORIENTED_EDGE('',*,*,#15986,.T.);
#15986 = EDGE_CURVE('',#15979,#15987,#15989,.T.);
#15987 = VERTEX_POINT('',#15988);
#15988 = CARTESIAN_POINT('',(7.586206896552,-11.,-5.));
#15989 = LINE('',#15990,#15991);
#15990 = CARTESIAN_POINT('',(7.586206896552,-12.5,-5.));
#15991 = VECTOR('',#15992,1.);
#15992 = DIRECTION('',(-0.,1.,0.));
#15993 = ORIENTED_EDGE('',*,*,#15994,.F.);
#15994 = EDGE_CURVE('',#15995,#15987,#15997,.T.);
#15995 = VERTEX_POINT('',#15996);
#15996 = CARTESIAN_POINT('',(1.5,-11.,-5.));
#15997 = LINE('',#15998,#15999);
#15998 = CARTESIAN_POINT('',(-7.586206896552,-11.,-5.));
#15999 = VECTOR('',#16000,1.);
#16000 = DIRECTION('',(1.,0.,-0.));
#16001 = ORIENTED_EDGE('',*,*,#16002,.F.);
#16002 = EDGE_CURVE('',#16003,#15995,#16005,.T.);
#16003 = VERTEX_POINT('',#16004);
#16004 = CARTESIAN_POINT('',(-1.5,-11.,-5.));
#16005 = LINE('',#16006,#16007);
#16006 = CARTESIAN_POINT('',(-7.586206896552,-11.,-5.));
#16007 = VECTOR('',#16008,1.);
#16008 = DIRECTION('',(1.,0.,-0.));
#16009 = ORIENTED_EDGE('',*,*,#16010,.F.);
#16010 = EDGE_CURVE('',#15946,#16003,#16011,.T.);
#16011 = LINE('',#16012,#16013);
#16012 = CARTESIAN_POINT('',(-7.586206896552,-11.,-5.));
#16013 = VECTOR('',#16014,1.);
#16014 = DIRECTION('',(1.,0.,-0.));
#16015 = PLANE('',#16016);
#16016 = AXIS2_PLACEMENT_3D('',#16017,#16018,#16019);
#16017 = CARTESIAN_POINT('',(-7.586206896552,-12.5,-5.));
#16018 = DIRECTION('',(0.,0.,1.));
#16019 = DIRECTION('',(1.,0.,-0.));
#16020 = ADVANCED_FACE('',(#16021),#16046,.F.);
#16021 = FACE_BOUND('',#16022,.F.);
#16022 = EDGE_LOOP('',(#16023,#16031,#16039,#16045));
#16023 = ORIENTED_EDGE('',*,*,#16024,.F.);
#16024 = EDGE_CURVE('',#16025,#15995,#16027,.T.);
#16025 = VERTEX_POINT('',#16026);
#16026 = CARTESIAN_POINT('',(1.5,-11.,-6.));
#16027 = LINE('',#16028,#16029);
#16028 = CARTESIAN_POINT('',(1.5,-11.,-6.));
#16029 = VECTOR('',#16030,1.);
#16030 = DIRECTION('',(0.,0.,1.));
#16031 = ORIENTED_EDGE('',*,*,#16032,.F.);
#16032 = EDGE_CURVE('',#16033,#16025,#16035,.T.);
#16033 = VERTEX_POINT('',#16034);
#16034 = CARTESIAN_POINT('',(-1.5,-11.,-6.));
#16035 = LINE('',#16036,#16037);
#16036 = CARTESIAN_POINT('',(-1.5,-11.,-6.));
#16037 = VECTOR('',#16038,1.);
#16038 = DIRECTION('',(1.,0.,-0.));
#16039 = ORIENTED_EDGE('',*,*,#16040,.T.);
#16040 = EDGE_CURVE('',#16033,#16003,#16041,.T.);
#16041 = LINE('',#16042,#16043);
#16042 = CARTESIAN_POINT('',(-1.5,-11.,-6.));
#16043 = VECTOR('',#16044,1.);
#16044 = DIRECTION('',(0.,0.,1.));
#16045 = ORIENTED_EDGE('',*,*,#16002,.T.);
#16046 = PLANE('',#16047);
#16047 = AXIS2_PLACEMENT_3D('',#16048,#16049,#16050);
#16048 = CARTESIAN_POINT('',(-1.5,-11.,-6.));
#16049 = DIRECTION('',(-0.,1.,0.));
#16050 = DIRECTION('',(0.,0.,1.));
#16051 = ADVANCED_FACE('',(#16052),#16070,.T.);
#16052 = FACE_BOUND('',#16053,.T.);
#16053 = EDGE_LOOP('',(#16054,#16061,#16062,#16069));
#16054 = ORIENTED_EDGE('',*,*,#16055,.F.);
#16055 = EDGE_CURVE('',#15907,#15987,#16056,.T.);
#16056 = CIRCLE('',#16057,5.);
#16057 = AXIS2_PLACEMENT_3D('',#16058,#16059,#16060);
#16058 = CARTESIAN_POINT('',(7.586206896552,-11.,0.));
#16059 = DIRECTION('',(0.,1.,0.));
#16060 = DIRECTION('',(0.,-0.,1.));
#16061 = ORIENTED_EDGE('',*,*,#15906,.F.);
#16062 = ORIENTED_EDGE('',*,*,#16063,.T.);
#16063 = EDGE_CURVE('',#15899,#15979,#16064,.T.);
#16064 = CIRCLE('',#16065,5.);
#16065 = AXIS2_PLACEMENT_3D('',#16066,#16067,#16068);
#16066 = CARTESIAN_POINT('',(7.586206896552,-12.5,0.));
#16067 = DIRECTION('',(0.,1.,0.));
#16068 = DIRECTION('',(0.,-0.,1.));
#16069 = ORIENTED_EDGE('',*,*,#15986,.T.);
#16070 = CYLINDRICAL_SURFACE('',#16071,5.);
#16071 = AXIS2_PLACEMENT_3D('',#16072,#16073,#16074);
#16072 = CARTESIAN_POINT('',(7.586206896552,-12.5,0.));
#16073 = DIRECTION('',(0.,1.,0.));
#16074 = DIRECTION('',(0.,-0.,1.));
#16075 = ADVANCED_FACE('',(#16076),#16101,.F.);
#16076 = FACE_BOUND('',#16077,.F.);
#16077 = EDGE_LOOP('',(#16078,#16079,#16087,#16095));
#16078 = ORIENTED_EDGE('',*,*,#15922,.F.);
#16079 = ORIENTED_EDGE('',*,*,#16080,.T.);
#16080 = EDGE_CURVE('',#15923,#16081,#16083,.T.);
#16081 = VERTEX_POINT('',#16082);
#16082 = CARTESIAN_POINT('',(-1.5,-11.,6.));
#16083 = LINE('',#16084,#16085);
#16084 = CARTESIAN_POINT('',(-1.5,-11.,4.5));
#16085 = VECTOR('',#16086,1.);
#16086 = DIRECTION('',(0.,0.,1.));
#16087 = ORIENTED_EDGE('',*,*,#16088,.T.);
#16088 = EDGE_CURVE('',#16081,#16089,#16091,.T.);
#16089 = VERTEX_POINT('',#16090);
#16090 = CARTESIAN_POINT('',(1.5,-11.,6.));
#16091 = LINE('',#16092,#16093);
#16092 = CARTESIAN_POINT('',(-1.5,-11.,6.));
#16093 = VECTOR('',#16094,1.);
#16094 = DIRECTION('',(1.,0.,-0.));
#16095 = ORIENTED_EDGE('',*,*,#16096,.F.);
#16096 = EDGE_CURVE('',#15915,#16089,#16097,.T.);
#16097 = LINE('',#16098,#16099);
#16098 = CARTESIAN_POINT('',(1.5,-11.,4.5));
#16099 = VECTOR('',#16100,1.);
#16100 = DIRECTION('',(0.,0.,1.));
#16101 = PLANE('',#16102);
#16102 = AXIS2_PLACEMENT_3D('',#16103,#16104,#16105);
#16103 = CARTESIAN_POINT('',(-1.5,-11.,4.5));
#16104 = DIRECTION('',(-0.,1.,0.));
#16105 = DIRECTION('',(0.,0.,1.));
#16106 = ADVANCED_FACE('',(#16107),#16148,.F.);
#16107 = FACE_BOUND('',#16108,.F.);
#16108 = EDGE_LOOP('',(#16109,#16110,#16118,#16126,#16134,#16142));
#16109 = ORIENTED_EDGE('',*,*,#16040,.F.);
#16110 = ORIENTED_EDGE('',*,*,#16111,.T.);
#16111 = EDGE_CURVE('',#16033,#16112,#16114,.T.);
#16112 = VERTEX_POINT('',#16113);
#16113 = CARTESIAN_POINT('',(-1.5,11.,-6.));
#16114 = LINE('',#16115,#16116);
#16115 = CARTESIAN_POINT('',(-1.5,-11.,-6.));
#16116 = VECTOR('',#16117,1.);
#16117 = DIRECTION('',(-0.,1.,0.));
#16118 = ORIENTED_EDGE('',*,*,#16119,.T.);
#16119 = EDGE_CURVE('',#16112,#16120,#16122,.T.);
#16120 = VERTEX_POINT('',#16121);
#16121 = CARTESIAN_POINT('',(-1.5,11.,-5.));
#16122 = LINE('',#16123,#16124);
#16123 = CARTESIAN_POINT('',(-1.5,11.,-6.));
#16124 = VECTOR('',#16125,1.);
#16125 = DIRECTION('',(0.,0.,1.));
#16126 = ORIENTED_EDGE('',*,*,#16127,.T.);
#16127 = EDGE_CURVE('',#16120,#16128,#16130,.T.);
#16128 = VERTEX_POINT('',#16129);
#16129 = CARTESIAN_POINT('',(-1.5,11.,-4.5));
#16130 = LINE('',#16131,#16132);
#16131 = CARTESIAN_POINT('',(-1.5,11.,-6.));
#16132 = VECTOR('',#16133,1.);
#16133 = DIRECTION('',(0.,0.,1.));
#16134 = ORIENTED_EDGE('',*,*,#16135,.F.);
#16135 = EDGE_CURVE('',#16136,#16128,#16138,.T.);
#16136 = VERTEX_POINT('',#16137);
#16137 = CARTESIAN_POINT('',(-1.5,-11.,-4.5));
#16138 = LINE('',#16139,#16140);
#16139 = CARTESIAN_POINT('',(-1.5,-11.,-4.5));
#16140 = VECTOR('',#16141,1.);
#16141 = DIRECTION('',(-0.,1.,0.));
#16142 = ORIENTED_EDGE('',*,*,#16143,.F.);
#16143 = EDGE_CURVE('',#16003,#16136,#16144,.T.);
#16144 = LINE('',#16145,#16146);
#16145 = CARTESIAN_POINT('',(-1.5,-11.,-6.));
#16146 = VECTOR('',#16147,1.);
#16147 = DIRECTION('',(0.,0.,1.));
#16148 = PLANE('',#16149);
#16149 = AXIS2_PLACEMENT_3D('',#16150,#16151,#16152);
#16150 = CARTESIAN_POINT('',(-1.5,-11.,-6.));
#16151 = DIRECTION('',(1.,0.,-0.));
#16152 = DIRECTION('',(0.,0.,1.));
#16153 = ADVANCED_FACE('',(#16154),#16179,.T.);
#16154 = FACE_BOUND('',#16155,.T.);
#16155 = EDGE_LOOP('',(#16156,#16157,#16165,#16173));
#16156 = ORIENTED_EDGE('',*,*,#16135,.F.);
#16157 = ORIENTED_EDGE('',*,*,#16158,.T.);
#16158 = EDGE_CURVE('',#16136,#16159,#16161,.T.);
#16159 = VERTEX_POINT('',#16160);
#16160 = CARTESIAN_POINT('',(1.5,-11.,-4.5));
#16161 = LINE('',#16162,#16163);
#16162 = CARTESIAN_POINT('',(-1.5,-11.,-4.5));
#16163 = VECTOR('',#16164,1.);
#16164 = DIRECTION('',(1.,0.,-0.));
#16165 = ORIENTED_EDGE('',*,*,#16166,.T.);
#16166 = EDGE_CURVE('',#16159,#16167,#16169,.T.);
#16167 = VERTEX_POINT('',#16168);
#16168 = CARTESIAN_POINT('',(1.5,11.,-4.5));
#16169 = LINE('',#16170,#16171);
#16170 = CARTESIAN_POINT('',(1.5,-11.,-4.5));
#16171 = VECTOR('',#16172,1.);
#16172 = DIRECTION('',(-0.,1.,0.));
#16173 = ORIENTED_EDGE('',*,*,#16174,.F.);
#16174 = EDGE_CURVE('',#16128,#16167,#16175,.T.);
#16175 = LINE('',#16176,#16177);
#16176 = CARTESIAN_POINT('',(-1.5,11.,-4.5));
#16177 = VECTOR('',#16178,1.);
#16178 = DIRECTION('',(1.,0.,-0.));
#16179 = PLANE('',#16180);
#16180 = AXIS2_PLACEMENT_3D('',#16181,#16182,#16183);
#16181 = CARTESIAN_POINT('',(-1.5,-11.,-4.5));
#16182 = DIRECTION('',(0.,0.,1.));
#16183 = DIRECTION('',(1.,0.,-0.));
#16184 = ADVANCED_FACE('',(#16185),#16217,.T.);
#16185 = FACE_BOUND('',#16186,.T.);
#16186 = EDGE_LOOP('',(#16187,#16188,#16196,#16204,#16210,#16211));
#16187 = ORIENTED_EDGE('',*,*,#16024,.F.);
#16188 = ORIENTED_EDGE('',*,*,#16189,.T.);
#16189 = EDGE_CURVE('',#16025,#16190,#16192,.T.);
#16190 = VERTEX_POINT('',#16191);
#16191 = CARTESIAN_POINT('',(1.5,11.,-6.));
#16192 = LINE('',#16193,#16194);
#16193 = CARTESIAN_POINT('',(1.5,-11.,-6.));
#16194 = VECTOR('',#16195,1.);
#16195 = DIRECTION('',(-0.,1.,0.));
#16196 = ORIENTED_EDGE('',*,*,#16197,.T.);
#16197 = EDGE_CURVE('',#16190,#16198,#16200,.T.);
#16198 = VERTEX_POINT('',#16199);
#16199 = CARTESIAN_POINT('',(1.5,11.,-5.));
#16200 = LINE('',#16201,#16202);
#16201 = CARTESIAN_POINT('',(1.5,11.,-6.));
#16202 = VECTOR('',#16203,1.);
#16203 = DIRECTION('',(0.,0.,1.));
#16204 = ORIENTED_EDGE('',*,*,#16205,.T.);
#16205 = EDGE_CURVE('',#16198,#16167,#16206,.T.);
#16206 = LINE('',#16207,#16208);
#16207 = CARTESIAN_POINT('',(1.5,11.,-6.));
#16208 = VECTOR('',#16209,1.);
#16209 = DIRECTION('',(0.,0.,1.));
#16210 = ORIENTED_EDGE('',*,*,#16166,.F.);
#16211 = ORIENTED_EDGE('',*,*,#16212,.F.);
#16212 = EDGE_CURVE('',#15995,#16159,#16213,.T.);
#16213 = LINE('',#16214,#16215);
#16214 = CARTESIAN_POINT('',(1.5,-11.,-6.));
#16215 = VECTOR('',#16216,1.);
#16216 = DIRECTION('',(0.,0.,1.));
#16217 = PLANE('',#16218);
#16218 = AXIS2_PLACEMENT_3D('',#16219,#16220,#16221);
#16219 = CARTESIAN_POINT('',(1.5,-11.,-6.));
#16220 = DIRECTION('',(1.,0.,-0.));
#16221 = DIRECTION('',(0.,0.,1.));
#16222 = ADVANCED_FACE('',(#16223),#16264,.T.);
#16223 = FACE_BOUND('',#16224,.T.);
#16224 = EDGE_LOOP('',(#16225,#16233,#16241,#16249,#16257,#16263));
#16225 = ORIENTED_EDGE('',*,*,#16226,.F.);
#16226 = EDGE_CURVE('',#16227,#15915,#16229,.T.);
#16227 = VERTEX_POINT('',#16228);
#16228 = CARTESIAN_POINT('',(1.5,-11.,4.5));
#16229 = LINE('',#16230,#16231);
#16230 = CARTESIAN_POINT('',(1.5,-11.,4.5));
#16231 = VECTOR('',#16232,1.);
#16232 = DIRECTION('',(0.,0.,1.));
#16233 = ORIENTED_EDGE('',*,*,#16234,.T.);
#16234 = EDGE_CURVE('',#16227,#16235,#16237,.T.);
#16235 = VERTEX_POINT('',#16236);
#16236 = CARTESIAN_POINT('',(1.5,11.,4.5));
#16237 = LINE('',#16238,#16239);
#16238 = CARTESIAN_POINT('',(1.5,-11.,4.5));
#16239 = VECTOR('',#16240,1.);
#16240 = DIRECTION('',(-0.,1.,0.));
#16241 = ORIENTED_EDGE('',*,*,#16242,.T.);
#16242 = EDGE_CURVE('',#16235,#16243,#16245,.T.);
#16243 = VERTEX_POINT('',#16244);
#16244 = CARTESIAN_POINT('',(1.5,11.,5.));
#16245 = LINE('',#16246,#16247);
#16246 = CARTESIAN_POINT('',(1.5,11.,4.5));
#16247 = VECTOR('',#16248,1.);
#16248 = DIRECTION('',(0.,0.,1.));
#16249 = ORIENTED_EDGE('',*,*,#16250,.T.);
#16250 = EDGE_CURVE('',#16243,#16251,#16253,.T.);
#16251 = VERTEX_POINT('',#16252);
#16252 = CARTESIAN_POINT('',(1.5,11.,6.));
#16253 = LINE('',#16254,#16255);
#16254 = CARTESIAN_POINT('',(1.5,11.,4.5));
#16255 = VECTOR('',#16256,1.);
#16256 = DIRECTION('',(0.,0.,1.));
#16257 = ORIENTED_EDGE('',*,*,#16258,.F.);
#16258 = EDGE_CURVE('',#16089,#16251,#16259,.T.);
#16259 = LINE('',#16260,#16261);
#16260 = CARTESIAN_POINT('',(1.5,-11.,6.));
#16261 = VECTOR('',#16262,1.);
#16262 = DIRECTION('',(-0.,1.,0.));
#16263 = ORIENTED_EDGE('',*,*,#16096,.F.);
#16264 = PLANE('',#16265);
#16265 = AXIS2_PLACEMENT_3D('',#16266,#16267,#16268);
#16266 = CARTESIAN_POINT('',(1.5,-11.,4.5));
#16267 = DIRECTION('',(1.,0.,-0.));
#16268 = DIRECTION('',(0.,0.,1.));
#16269 = ADVANCED_FACE('',(#16270),#16295,.F.);
#16270 = FACE_BOUND('',#16271,.F.);
#16271 = EDGE_LOOP('',(#16272,#16282,#16288,#16289));
#16272 = ORIENTED_EDGE('',*,*,#16273,.F.);
#16273 = EDGE_CURVE('',#16274,#16276,#16278,.T.);
#16274 = VERTEX_POINT('',#16275);
#16275 = CARTESIAN_POINT('',(-1.5,-11.,4.5));
#16276 = VERTEX_POINT('',#16277);
#16277 = CARTESIAN_POINT('',(-1.5,11.,4.5));
#16278 = LINE('',#16279,#16280);
#16279 = CARTESIAN_POINT('',(-1.5,-11.,4.5));
#16280 = VECTOR('',#16281,1.);
#16281 = DIRECTION('',(-0.,1.,0.));
#16282 = ORIENTED_EDGE('',*,*,#16283,.T.);
#16283 = EDGE_CURVE('',#16274,#16227,#16284,.T.);
#16284 = LINE('',#16285,#16286);
#16285 = CARTESIAN_POINT('',(-1.5,-11.,4.5));
#16286 = VECTOR('',#16287,1.);
#16287 = DIRECTION('',(1.,0.,-0.));
#16288 = ORIENTED_EDGE('',*,*,#16234,.T.);
#16289 = ORIENTED_EDGE('',*,*,#16290,.F.);
#16290 = EDGE_CURVE('',#16276,#16235,#16291,.T.);
#16291 = LINE('',#16292,#16293);
#16292 = CARTESIAN_POINT('',(-1.5,11.,4.5));
#16293 = VECTOR('',#16294,1.);
#16294 = DIRECTION('',(1.,0.,-0.));
#16295 = PLANE('',#16296);
#16296 = AXIS2_PLACEMENT_3D('',#16297,#16298,#16299);
#16297 = CARTESIAN_POINT('',(-1.5,-11.,4.5));
#16298 = DIRECTION('',(0.,0.,1.));
#16299 = DIRECTION('',(1.,0.,-0.));
#16300 = ADVANCED_FACE('',(#16301),#16333,.F.);
#16301 = FACE_BOUND('',#16302,.F.);
#16302 = EDGE_LOOP('',(#16303,#16309,#16310,#16318,#16326,#16332));
#16303 = ORIENTED_EDGE('',*,*,#16304,.F.);
#16304 = EDGE_CURVE('',#16274,#15923,#16305,.T.);
#16305 = LINE('',#16306,#16307);
#16306 = CARTESIAN_POINT('',(-1.5,-11.,4.5));
#16307 = VECTOR('',#16308,1.);
#16308 = DIRECTION('',(0.,0.,1.));
#16309 = ORIENTED_EDGE('',*,*,#16273,.T.);
#16310 = ORIENTED_EDGE('',*,*,#16311,.T.);
#16311 = EDGE_CURVE('',#16276,#16312,#16314,.T.);
#16312 = VERTEX_POINT('',#16313);
#16313 = CARTESIAN_POINT('',(-1.5,11.,5.));
#16314 = LINE('',#16315,#16316);
#16315 = CARTESIAN_POINT('',(-1.5,11.,4.5));
#16316 = VECTOR('',#16317,1.);
#16317 = DIRECTION('',(0.,0.,1.));
#16318 = ORIENTED_EDGE('',*,*,#16319,.T.);
#16319 = EDGE_CURVE('',#16312,#16320,#16322,.T.);
#16320 = VERTEX_POINT('',#16321);
#16321 = CARTESIAN_POINT('',(-1.5,11.,6.));
#16322 = LINE('',#16323,#16324);
#16323 = CARTESIAN_POINT('',(-1.5,11.,4.5));
#16324 = VECTOR('',#16325,1.);
#16325 = DIRECTION('',(0.,0.,1.));
#16326 = ORIENTED_EDGE('',*,*,#16327,.F.);
#16327 = EDGE_CURVE('',#16081,#16320,#16328,.T.);
#16328 = LINE('',#16329,#16330);
#16329 = CARTESIAN_POINT('',(-1.5,-11.,6.));
#16330 = VECTOR('',#16331,1.);
#16331 = DIRECTION('',(-0.,1.,0.));
#16332 = ORIENTED_EDGE('',*,*,#16080,.F.);
#16333 = PLANE('',#16334);
#16334 = AXIS2_PLACEMENT_3D('',#16335,#16336,#16337);
#16335 = CARTESIAN_POINT('',(-1.5,-11.,4.5));
#16336 = DIRECTION('',(1.,0.,-0.));
#16337 = DIRECTION('',(0.,0.,1.));
#16338 = ADVANCED_FACE('',(#16339),#16350,.F.);
#16339 = FACE_BOUND('',#16340,.F.);
#16340 = EDGE_LOOP('',(#16341,#16342,#16343,#16344));
#16341 = ORIENTED_EDGE('',*,*,#16111,.F.);
#16342 = ORIENTED_EDGE('',*,*,#16032,.T.);
#16343 = ORIENTED_EDGE('',*,*,#16189,.T.);
#16344 = ORIENTED_EDGE('',*,*,#16345,.F.);
#16345 = EDGE_CURVE('',#16112,#16190,#16346,.T.);
#16346 = LINE('',#16347,#16348);
#16347 = CARTESIAN_POINT('',(-1.5,11.,-6.));
#16348 = VECTOR('',#16349,1.);
#16349 = DIRECTION('',(1.,0.,-0.));
#16350 = PLANE('',#16351);
#16351 = AXIS2_PLACEMENT_3D('',#16352,#16353,#16354);
#16352 = CARTESIAN_POINT('',(-1.5,-11.,-6.));
#16353 = DIRECTION('',(0.,0.,1.));
#16354 = DIRECTION('',(1.,0.,-0.));
#16355 = ADVANCED_FACE('',(#16356),#16367,.T.);
#16356 = FACE_BOUND('',#16357,.T.);
#16357 = EDGE_LOOP('',(#16358,#16359,#16360,#16361));
#16358 = ORIENTED_EDGE('',*,*,#16327,.F.);
#16359 = ORIENTED_EDGE('',*,*,#16088,.T.);
#16360 = ORIENTED_EDGE('',*,*,#16258,.T.);
#16361 = ORIENTED_EDGE('',*,*,#16362,.F.);
#16362 = EDGE_CURVE('',#16320,#16251,#16363,.T.);
#16363 = LINE('',#16364,#16365);
#16364 = CARTESIAN_POINT('',(-1.5,11.,6.));
#16365 = VECTOR('',#16366,1.);
#16366 = DIRECTION('',(1.,0.,-0.));
#16367 = PLANE('',#16368);
#16368 = AXIS2_PLACEMENT_3D('',#16369,#16370,#16371);
#16369 = CARTESIAN_POINT('',(-1.5,-11.,6.));
#16370 = DIRECTION('',(0.,0.,1.));
#16371 = DIRECTION('',(1.,0.,-0.));
#16372 = ADVANCED_FACE('',(#16373),#16384,.T.);
#16373 = FACE_BOUND('',#16374,.T.);
#16374 = EDGE_LOOP('',(#16375,#16376,#16377,#16378));
#16375 = ORIENTED_EDGE('',*,*,#16197,.F.);
#16376 = ORIENTED_EDGE('',*,*,#16345,.F.);
#16377 = ORIENTED_EDGE('',*,*,#16119,.T.);
#16378 = ORIENTED_EDGE('',*,*,#16379,.T.);
#16379 = EDGE_CURVE('',#16120,#16198,#16380,.T.);
#16380 = LINE('',#16381,#16382);
#16381 = CARTESIAN_POINT('',(-7.586206896552,11.,-5.));
#16382 = VECTOR('',#16383,1.);
#16383 = DIRECTION('',(1.,0.,-0.));
#16384 = PLANE('',#16385);
#16385 = AXIS2_PLACEMENT_3D('',#16386,#16387,#16388);
#16386 = CARTESIAN_POINT('',(-1.5,11.,-6.));
#16387 = DIRECTION('',(-0.,1.,0.));
#16388 = DIRECTION('',(0.,0.,1.));
#16389 = ADVANCED_FACE('',(#16390),#16401,.T.);
#16390 = FACE_BOUND('',#16391,.T.);
#16391 = EDGE_LOOP('',(#16392,#16398,#16399,#16400));
#16392 = ORIENTED_EDGE('',*,*,#16393,.F.);
#16393 = EDGE_CURVE('',#16312,#16243,#16394,.T.);
#16394 = LINE('',#16395,#16396);
#16395 = CARTESIAN_POINT('',(-7.586206896552,11.,5.));
#16396 = VECTOR('',#16397,1.);
#16397 = DIRECTION('',(1.,0.,-0.));
#16398 = ORIENTED_EDGE('',*,*,#16319,.T.);
#16399 = ORIENTED_EDGE('',*,*,#16362,.T.);
#16400 = ORIENTED_EDGE('',*,*,#16250,.F.);
#16401 = PLANE('',#16402);
#16402 = AXIS2_PLACEMENT_3D('',#16403,#16404,#16405);
#16403 = CARTESIAN_POINT('',(-1.5,11.,4.5));
#16404 = DIRECTION('',(-0.,1.,0.));
#16405 = DIRECTION('',(0.,0.,1.));
#16406 = ADVANCED_FACE('',(#16407),#16448,.F.);
#16407 = FACE_BOUND('',#16408,.F.);
#16408 = EDGE_LOOP('',(#16409,#16419,#16425,#16426,#16434,#16442));
#16409 = ORIENTED_EDGE('',*,*,#16410,.F.);
#16410 = EDGE_CURVE('',#16411,#16413,#16415,.T.);
#16411 = VERTEX_POINT('',#16412);
#16412 = CARTESIAN_POINT('',(-7.586206896552,11.,-5.));
#16413 = VERTEX_POINT('',#16414);
#16414 = CARTESIAN_POINT('',(-7.586206896552,12.5,-5.));
#16415 = LINE('',#16416,#16417);
#16416 = CARTESIAN_POINT('',(-7.586206896552,11.,-5.));
#16417 = VECTOR('',#16418,1.);
#16418 = DIRECTION('',(-0.,1.,0.));
#16419 = ORIENTED_EDGE('',*,*,#16420,.T.);
#16420 = EDGE_CURVE('',#16411,#16120,#16421,.T.);
#16421 = LINE('',#16422,#16423);
#16422 = CARTESIAN_POINT('',(-7.586206896552,11.,-5.));
#16423 = VECTOR('',#16424,1.);
#16424 = DIRECTION('',(1.,0.,-0.));
#16425 = ORIENTED_EDGE('',*,*,#16379,.T.);
#16426 = ORIENTED_EDGE('',*,*,#16427,.T.);
#16427 = EDGE_CURVE('',#16198,#16428,#16430,.T.);
#16428 = VERTEX_POINT('',#16429);
#16429 = CARTESIAN_POINT('',(7.586206896552,11.,-5.));
#16430 = LINE('',#16431,#16432);
#16431 = CARTESIAN_POINT('',(-7.586206896552,11.,-5.));
#16432 = VECTOR('',#16433,1.);
#16433 = DIRECTION('',(1.,0.,-0.));
#16434 = ORIENTED_EDGE('',*,*,#16435,.T.);
#16435 = EDGE_CURVE('',#16428,#16436,#16438,.T.);
#16436 = VERTEX_POINT('',#16437);
#16437 = CARTESIAN_POINT('',(7.586206896552,12.5,-5.));
#16438 = LINE('',#16439,#16440);
#16439 = CARTESIAN_POINT('',(7.586206896552,11.,-5.));
#16440 = VECTOR('',#16441,1.);
#16441 = DIRECTION('',(-0.,1.,0.));
#16442 = ORIENTED_EDGE('',*,*,#16443,.F.);
#16443 = EDGE_CURVE('',#16413,#16436,#16444,.T.);
#16444 = LINE('',#16445,#16446);
#16445 = CARTESIAN_POINT('',(-7.586206896552,12.5,-5.));
#16446 = VECTOR('',#16447,1.);
#16447 = DIRECTION('',(1.,0.,-0.));
#16448 = PLANE('',#16449);
#16449 = AXIS2_PLACEMENT_3D('',#16450,#16451,#16452);
#16450 = CARTESIAN_POINT('',(-7.586206896552,11.,-5.));
#16451 = DIRECTION('',(0.,0.,1.));
#16452 = DIRECTION('',(1.,0.,-0.));
#16453 = ADVANCED_FACE('',(#16454),#16495,.T.);
#16454 = FACE_BOUND('',#16455,.T.);
#16455 = EDGE_LOOP('',(#16456,#16466,#16472,#16473,#16481,#16489));
#16456 = ORIENTED_EDGE('',*,*,#16457,.F.);
#16457 = EDGE_CURVE('',#16458,#16460,#16462,.T.);
#16458 = VERTEX_POINT('',#16459);
#16459 = CARTESIAN_POINT('',(-7.586206896552,11.,5.));
#16460 = VERTEX_POINT('',#16461);
#16461 = CARTESIAN_POINT('',(-7.586206896552,12.5,5.));
#16462 = LINE('',#16463,#16464);
#16463 = CARTESIAN_POINT('',(-7.586206896552,11.,5.));
#16464 = VECTOR('',#16465,1.);
#16465 = DIRECTION('',(-0.,1.,0.));
#16466 = ORIENTED_EDGE('',*,*,#16467,.T.);
#16467 = EDGE_CURVE('',#16458,#16312,#16468,.T.);
#16468 = LINE('',#16469,#16470);
#16469 = CARTESIAN_POINT('',(-7.586206896552,11.,5.));
#16470 = VECTOR('',#16471,1.);
#16471 = DIRECTION('',(1.,0.,-0.));
#16472 = ORIENTED_EDGE('',*,*,#16393,.T.);
#16473 = ORIENTED_EDGE('',*,*,#16474,.T.);
#16474 = EDGE_CURVE('',#16243,#16475,#16477,.T.);
#16475 = VERTEX_POINT('',#16476);
#16476 = CARTESIAN_POINT('',(7.586206896552,11.,5.));
#16477 = LINE('',#16478,#16479);
#16478 = CARTESIAN_POINT('',(-7.586206896552,11.,5.));
#16479 = VECTOR('',#16480,1.);
#16480 = DIRECTION('',(1.,0.,-0.));
#16481 = ORIENTED_EDGE('',*,*,#16482,.T.);
#16482 = EDGE_CURVE('',#16475,#16483,#16485,.T.);
#16483 = VERTEX_POINT('',#16484);
#16484 = CARTESIAN_POINT('',(7.586206896552,12.5,5.));
#16485 = LINE('',#16486,#16487);
#16486 = CARTESIAN_POINT('',(7.586206896552,11.,5.));
#16487 = VECTOR('',#16488,1.);
#16488 = DIRECTION('',(-0.,1.,0.));
#16489 = ORIENTED_EDGE('',*,*,#16490,.F.);
#16490 = EDGE_CURVE('',#16460,#16483,#16491,.T.);
#16491 = LINE('',#16492,#16493);
#16492 = CARTESIAN_POINT('',(-7.586206896552,12.5,5.));
#16493 = VECTOR('',#16494,1.);
#16494 = DIRECTION('',(1.,0.,-0.));
#16495 = PLANE('',#16496);
#16496 = AXIS2_PLACEMENT_3D('',#16497,#16498,#16499);
#16497 = CARTESIAN_POINT('',(-7.586206896552,11.,5.));
#16498 = DIRECTION('',(0.,0.,1.));
#16499 = DIRECTION('',(1.,0.,-0.));
#16500 = ADVANCED_FACE('',(#16501),#16519,.T.);
#16501 = FACE_BOUND('',#16502,.T.);
#16502 = EDGE_LOOP('',(#16503,#16504,#16511,#16512));
#16503 = ORIENTED_EDGE('',*,*,#16457,.T.);
#16504 = ORIENTED_EDGE('',*,*,#16505,.F.);
#16505 = EDGE_CURVE('',#16413,#16460,#16506,.T.);
#16506 = CIRCLE('',#16507,5.);
#16507 = AXIS2_PLACEMENT_3D('',#16508,#16509,#16510);
#16508 = CARTESIAN_POINT('',(-7.586206896552,12.5,0.));
#16509 = DIRECTION('',(0.,1.,0.));
#16510 = DIRECTION('',(0.,-0.,1.));
#16511 = ORIENTED_EDGE('',*,*,#16410,.F.);
#16512 = ORIENTED_EDGE('',*,*,#16513,.T.);
#16513 = EDGE_CURVE('',#16411,#16458,#16514,.T.);
#16514 = CIRCLE('',#16515,5.);
#16515 = AXIS2_PLACEMENT_3D('',#16516,#16517,#16518);
#16516 = CARTESIAN_POINT('',(-7.586206896552,11.,0.));
#16517 = DIRECTION('',(0.,1.,0.));
#16518 = DIRECTION('',(0.,-0.,1.));
#16519 = CYLINDRICAL_SURFACE('',#16520,5.);
#16520 = AXIS2_PLACEMENT_3D('',#16521,#16522,#16523);
#16521 = CARTESIAN_POINT('',(-7.586206896552,11.,0.));
#16522 = DIRECTION('',(0.,1.,0.));
#16523 = DIRECTION('',(0.,-0.,1.));
#16524 = ADVANCED_FACE('',(#16525),#16543,.T.);
#16525 = FACE_BOUND('',#16526,.T.);
#16526 = EDGE_LOOP('',(#16527,#16534,#16535,#16542));
#16527 = ORIENTED_EDGE('',*,*,#16528,.F.);
#16528 = EDGE_CURVE('',#16483,#16436,#16529,.T.);
#16529 = CIRCLE('',#16530,5.);
#16530 = AXIS2_PLACEMENT_3D('',#16531,#16532,#16533);
#16531 = CARTESIAN_POINT('',(7.586206896552,12.5,0.));
#16532 = DIRECTION('',(0.,1.,0.));
#16533 = DIRECTION('',(0.,-0.,1.));
#16534 = ORIENTED_EDGE('',*,*,#16482,.F.);
#16535 = ORIENTED_EDGE('',*,*,#16536,.T.);
#16536 = EDGE_CURVE('',#16475,#16428,#16537,.T.);
#16537 = CIRCLE('',#16538,5.);
#16538 = AXIS2_PLACEMENT_3D('',#16539,#16540,#16541);
#16539 = CARTESIAN_POINT('',(7.586206896552,11.,0.));
#16540 = DIRECTION('',(0.,1.,0.));
#16541 = DIRECTION('',(0.,-0.,1.));
#16542 = ORIENTED_EDGE('',*,*,#16435,.T.);
#16543 = CYLINDRICAL_SURFACE('',#16544,5.);
#16544 = AXIS2_PLACEMENT_3D('',#16545,#16546,#16547);
#16545 = CARTESIAN_POINT('',(7.586206896552,11.,0.));
#16546 = DIRECTION('',(0.,1.,0.));
#16547 = DIRECTION('',(0.,-0.,1.));
#16548 = ADVANCED_FACE('',(#16549),#16555,.T.);
#16549 = FACE_BOUND('',#16550,.T.);
#16550 = EDGE_LOOP('',(#16551,#16552,#16553,#16554));
#16551 = ORIENTED_EDGE('',*,*,#15978,.T.);
#16552 = ORIENTED_EDGE('',*,*,#16063,.F.);
#16553 = ORIENTED_EDGE('',*,*,#15898,.F.);
#16554 = ORIENTED_EDGE('',*,*,#15962,.F.);
#16555 = PLANE('',#16556);
#16556 = AXIS2_PLACEMENT_3D('',#16557,#16558,#16559);
#16557 = CARTESIAN_POINT('',(-6.476089505928E-16,-12.5,
    -2.354941638519E-16));
#16558 = DIRECTION('',(-0.,-1.,-0.));
#16559 = DIRECTION('',(0.,0.,-1.));
#16560 = ADVANCED_FACE('',(#16561),#16575,.T.);
#16561 = FACE_BOUND('',#16562,.T.);
#16562 = EDGE_LOOP('',(#16563,#16564,#16565,#16566,#16567,#16568,#16569,
    #16570,#16571,#16572,#16573,#16574));
#16563 = ORIENTED_EDGE('',*,*,#16010,.F.);
#16564 = ORIENTED_EDGE('',*,*,#15945,.T.);
#16565 = ORIENTED_EDGE('',*,*,#15930,.T.);
#16566 = ORIENTED_EDGE('',*,*,#16304,.F.);
#16567 = ORIENTED_EDGE('',*,*,#16283,.T.);
#16568 = ORIENTED_EDGE('',*,*,#16226,.T.);
#16569 = ORIENTED_EDGE('',*,*,#15914,.T.);
#16570 = ORIENTED_EDGE('',*,*,#16055,.T.);
#16571 = ORIENTED_EDGE('',*,*,#15994,.F.);
#16572 = ORIENTED_EDGE('',*,*,#16212,.T.);
#16573 = ORIENTED_EDGE('',*,*,#16158,.F.);
#16574 = ORIENTED_EDGE('',*,*,#16143,.F.);
#16575 = PLANE('',#16576);
#16576 = AXIS2_PLACEMENT_3D('',#16577,#16578,#16579);
#16577 = CARTESIAN_POINT('',(1.139697972182E-16,-11.,-2.279395944363E-16
    ));
#16578 = DIRECTION('',(0.,1.,0.));
#16579 = DIRECTION('',(0.,-0.,1.));
#16580 = ADVANCED_FACE('',(#16581),#16595,.T.);
#16581 = FACE_BOUND('',#16582,.T.);
#16582 = EDGE_LOOP('',(#16583,#16584,#16585,#16586,#16587,#16588,#16589,
    #16590,#16591,#16592,#16593,#16594));
#16583 = ORIENTED_EDGE('',*,*,#16420,.T.);
#16584 = ORIENTED_EDGE('',*,*,#16127,.T.);
#16585 = ORIENTED_EDGE('',*,*,#16174,.T.);
#16586 = ORIENTED_EDGE('',*,*,#16205,.F.);
#16587 = ORIENTED_EDGE('',*,*,#16427,.T.);
#16588 = ORIENTED_EDGE('',*,*,#16536,.F.);
#16589 = ORIENTED_EDGE('',*,*,#16474,.F.);
#16590 = ORIENTED_EDGE('',*,*,#16242,.F.);
#16591 = ORIENTED_EDGE('',*,*,#16290,.F.);
#16592 = ORIENTED_EDGE('',*,*,#16311,.T.);
#16593 = ORIENTED_EDGE('',*,*,#16467,.F.);
#16594 = ORIENTED_EDGE('',*,*,#16513,.F.);
#16595 = PLANE('',#16596);
#16596 = AXIS2_PLACEMENT_3D('',#16597,#16598,#16599);
#16597 = CARTESIAN_POINT('',(-6.268338846999E-16,11.,-2.279395944363E-16
    ));
#16598 = DIRECTION('',(-0.,-1.,-0.));
#16599 = DIRECTION('',(0.,0.,-1.));
#16600 = ADVANCED_FACE('',(#16601),#16607,.T.);
#16601 = FACE_BOUND('',#16602,.T.);
#16602 = EDGE_LOOP('',(#16603,#16604,#16605,#16606));
#16603 = ORIENTED_EDGE('',*,*,#16443,.F.);
#16604 = ORIENTED_EDGE('',*,*,#16505,.T.);
#16605 = ORIENTED_EDGE('',*,*,#16490,.T.);
#16606 = ORIENTED_EDGE('',*,*,#16528,.T.);
#16607 = PLANE('',#16608);
#16608 = AXIS2_PLACEMENT_3D('',#16609,#16610,#16611);
#16609 = CARTESIAN_POINT('',(-3.532412457779E-16,12.5,8.831031144447E-17
    ));
#16610 = DIRECTION('',(0.,1.,0.));
#16611 = DIRECTION('',(0.,-0.,1.));
#16612 = ( GEOMETRIC_REPRESENTATION_CONTEXT(3) 
GLOBAL_UNCERTAINTY_ASSIGNED_CONTEXT((#16616)) 
GLOBAL_UNIT_ASSIGNED_CONTEXT((#16613,#16614,#16615)) 
REPRESENTATION_CONTEXT('Context #1',
  '3D Context with UNIT and UNCERTAINTY') );
#16613 = ( LENGTH_UNIT() NAMED_UNIT(*) SI_UNIT(.MILLI.,.METRE.) );
#16614 = ( NAMED_UNIT(*) PLANE_ANGLE_UNIT() SI_UNIT($,.RADIAN.) );
#16615 = ( NAMED_UNIT(*) SI_UNIT($,.STERADIAN.) SOLID_ANGLE_UNIT() );
#16616 = UNCERTAINTY_MEASURE_WITH_UNIT(LENGTH_MEASURE(1.E-07),#16613,
  'distance_accuracy_value','confusion accuracy');
#16617 = CONTEXT_DEPENDENT_SHAPE_REPRESENTATION(#16618,#16620);
#16618 = ( REPRESENTATION_RELATIONSHIP('','',#15881,#10) 
REPRESENTATION_RELATIONSHIP_WITH_TRANSFORMATION(#16619) 
SHAPE_REPRESENTATION_RELATIONSHIP() );
#16619 = ITEM_DEFINED_TRANSFORMATION('','',#11,#99);
#16620 = PRODUCT_DEFINITION_SHAPE('Placement','Placement of an item',
  #16621);
#16621 = NEXT_ASSEMBLY_USAGE_OCCURRENCE('22','link_21','',#5,#15876,$);
#16622 = PRODUCT_RELATED_PRODUCT_CATEGORY('part',$,(#15878));
#16623 = SHAPE_DEFINITION_REPRESENTATION(#16624,#16630);
#16624 = PRODUCT_DEFINITION_SHAPE('','',#16625);
#16625 = PRODUCT_DEFINITION('design','',#16626,#16629);
#16626 = PRODUCT_DEFINITION_FORMATION('','',#16627);
#16627 = PRODUCT('link_22','link_22','',(#16628));
#16628 = PRODUCT_CONTEXT('',#2,'mechanical');
#16629 = PRODUCT_DEFINITION_CONTEXT('part definition',#2,'design');
#16630 = ADVANCED_BREP_SHAPE_REPRESENTATION('',(#11,#16631),#17361);
#16631 = MANIFOLD_SOLID_BREP('',#16632);
#16632 = CLOSED_SHELL('',(#16633,#16689,#16722,#16769,#16800,#16824,
    #16855,#16902,#16933,#16971,#17018,#17049,#17087,#17104,#17121,
    #17138,#17155,#17202,#17249,#17273,#17297,#17309,#17329,#17349));
#16633 = ADVANCED_FACE('',(#16634),#16684,.T.);
#16634 = FACE_BOUND('',#16635,.T.);
#16635 = EDGE_LOOP('',(#16636,#16646,#16654,#16662,#16670,#16678));
#16636 = ORIENTED_EDGE('',*,*,#16637,.F.);
#16637 = EDGE_CURVE('',#16638,#16640,#16642,.T.);
#16638 = VERTEX_POINT('',#16639);
#16639 = CARTESIAN_POINT('',(-7.586206896552,-12.5,5.));
#16640 = VERTEX_POINT('',#16641);
#16641 = CARTESIAN_POINT('',(-7.586206896552,-11.,5.));
#16642 = LINE('',#16643,#16644);
#16643 = CARTESIAN_POINT('',(-7.586206896552,-12.5,5.));
#16644 = VECTOR('',#16645,1.);
#16645 = DIRECTION('',(-0.,1.,0.));
#16646 = ORIENTED_EDGE('',*,*,#16647,.T.);
#16647 = EDGE_CURVE('',#16638,#16648,#16650,.T.);
#16648 = VERTEX_POINT('',#16649);
#16649 = CARTESIAN_POINT('',(7.586206896552,-12.5,5.));
#16650 = LINE('',#16651,#16652);
#16651 = CARTESIAN_POINT('',(-7.586206896552,-12.5,5.));
#16652 = VECTOR('',#16653,1.);
#16653 = DIRECTION('',(1.,0.,-0.));
#16654 = ORIENTED_EDGE('',*,*,#16655,.T.);
#16655 = EDGE_CURVE('',#16648,#16656,#16658,.T.);
#16656 = VERTEX_POINT('',#16657);
#16657 = CARTESIAN_POINT('',(7.586206896552,-11.,5.));
#16658 = LINE('',#16659,#16660);
#16659 = CARTESIAN_POINT('',(7.586206896552,-12.5,5.));
#16660 = VECTOR('',#16661,1.);
#16661 = DIRECTION('',(-0.,1.,0.));
#16662 = ORIENTED_EDGE('',*,*,#16663,.F.);
#16663 = EDGE_CURVE('',#16664,#16656,#16666,.T.);
#16664 = VERTEX_POINT('',#16665);
#16665 = CARTESIAN_POINT('',(1.5,-11.,5.));
#16666 = LINE('',#16667,#16668);
#16667 = CARTESIAN_POINT('',(-7.586206896552,-11.,5.));
#16668 = VECTOR('',#16669,1.);
#16669 = DIRECTION('',(1.,0.,-0.));
#16670 = ORIENTED_EDGE('',*,*,#16671,.F.);
#16671 = EDGE_CURVE('',#16672,#16664,#16674,.T.);
#16672 = VERTEX_POINT('',#16673);
#16673 = CARTESIAN_POINT('',(-1.5,-11.,5.));
#16674 = LINE('',#16675,#16676);
#16675 = CARTESIAN_POINT('',(-7.586206896552,-11.,5.));
#16676 = VECTOR('',#16677,1.);
#16677 = DIRECTION('',(1.,0.,-0.));
#16678 = ORIENTED_EDGE('',*,*,#16679,.F.);
#16679 = EDGE_CURVE('',#16640,#16672,#16680,.T.);
#16680 = LINE('',#16681,#16682);
#16681 = CARTESIAN_POINT('',(-7.586206896552,-11.,5.));
#16682 = VECTOR('',#16683,1.);
#16683 = DIRECTION('',(1.,0.,-0.));
#16684 = PLANE('',#16685);
#16685 = AXIS2_PLACEMENT_3D('',#16686,#16687,#16688);
#16686 = CARTESIAN_POINT('',(-7.586206896552,-12.5,5.));
#16687 = DIRECTION('',(0.,0.,1.));
#16688 = DIRECTION('',(1.,0.,-0.));
#16689 = ADVANCED_FACE('',(#16690),#16717,.T.);
#16690 = FACE_BOUND('',#16691,.T.);
#16691 = EDGE_LOOP('',(#16692,#16693,#16702,#16710));
#16692 = ORIENTED_EDGE('',*,*,#16637,.T.);
#16693 = ORIENTED_EDGE('',*,*,#16694,.F.);
#16694 = EDGE_CURVE('',#16695,#16640,#16697,.T.);
#16695 = VERTEX_POINT('',#16696);
#16696 = CARTESIAN_POINT('',(-7.586206896552,-11.,-5.));
#16697 = CIRCLE('',#16698,5.);
#16698 = AXIS2_PLACEMENT_3D('',#16699,#16700,#16701);
#16699 = CARTESIAN_POINT('',(-7.586206896552,-11.,0.));
#16700 = DIRECTION('',(0.,1.,0.));
#16701 = DIRECTION('',(0.,-0.,1.));
#16702 = ORIENTED_EDGE('',*,*,#16703,.F.);
#16703 = EDGE_CURVE('',#16704,#16695,#16706,.T.);
#16704 = VERTEX_POINT('',#16705);
#16705 = CARTESIAN_POINT('',(-7.586206896552,-12.5,-5.));
#16706 = LINE('',#16707,#16708);
#16707 = CARTESIAN_POINT('',(-7.586206896552,-12.5,-5.));
#16708 = VECTOR('',#16709,1.);
#16709 = DIRECTION('',(-0.,1.,0.));
#16710 = ORIENTED_EDGE('',*,*,#16711,.T.);
#16711 = EDGE_CURVE('',#16704,#16638,#16712,.T.);
#16712 = CIRCLE('',#16713,5.);
#16713 = AXIS2_PLACEMENT_3D('',#16714,#16715,#16716);
#16714 = CARTESIAN_POINT('',(-7.586206896552,-12.5,0.));
#16715 = DIRECTION('',(0.,1.,0.));
#16716 = DIRECTION('',(0.,-0.,1.));
#16717 = CYLINDRICAL_SURFACE('',#16718,5.);
#16718 = AXIS2_PLACEMENT_3D('',#16719,#16720,#16721);
#16719 = CARTESIAN_POINT('',(-7.586206896552,-12.5,0.));
#16720 = DIRECTION('',(0.,1.,0.));
#16721 = DIRECTION('',(0.,-0.,1.));
#16722 = ADVANCED_FACE('',(#16723),#16764,.F.);
#16723 = FACE_BOUND('',#16724,.F.);
#16724 = EDGE_LOOP('',(#16725,#16726,#16734,#16742,#16750,#16758));
#16725 = ORIENTED_EDGE('',*,*,#16703,.F.);
#16726 = ORIENTED_EDGE('',*,*,#16727,.T.);
#16727 = EDGE_CURVE('',#16704,#16728,#16730,.T.);
#16728 = VERTEX_POINT('',#16729);
#16729 = CARTESIAN_POINT('',(7.586206896552,-12.5,-5.));
#16730 = LINE('',#16731,#16732);
#16731 = CARTESIAN_POINT('',(-7.586206896552,-12.5,-5.));
#16732 = VECTOR('',#16733,1.);
#16733 = DIRECTION('',(1.,0.,-0.));
#16734 = ORIENTED_EDGE('',*,*,#16735,.T.);
#16735 = EDGE_CURVE('',#16728,#16736,#16738,.T.);
#16736 = VERTEX_POINT('',#16737);
#16737 = CARTESIAN_POINT('',(7.586206896552,-11.,-5.));
#16738 = LINE('',#16739,#16740);
#16739 = CARTESIAN_POINT('',(7.586206896552,-12.5,-5.));
#16740 = VECTOR('',#16741,1.);
#16741 = DIRECTION('',(-0.,1.,0.));
#16742 = ORIENTED_EDGE('',*,*,#16743,.F.);
#16743 = EDGE_CURVE('',#16744,#16736,#16746,.T.);
#16744 = VERTEX_POINT('',#16745);
#16745 = CARTESIAN_POINT('',(1.5,-11.,-5.));
#16746 = LINE('',#16747,#16748);
#16747 = CARTESIAN_POINT('',(-7.586206896552,-11.,-5.));
#16748 = VECTOR('',#16749,1.);
#16749 = DIRECTION('',(1.,0.,-0.));
#16750 = ORIENTED_EDGE('',*,*,#16751,.F.);
#16751 = EDGE_CURVE('',#16752,#16744,#16754,.T.);
#16752 = VERTEX_POINT('',#16753);
#16753 = CARTESIAN_POINT('',(-1.5,-11.,-5.));
#16754 = LINE('',#16755,#16756);
#16755 = CARTESIAN_POINT('',(-7.586206896552,-11.,-5.));
#16756 = VECTOR('',#16757,1.);
#16757 = DIRECTION('',(1.,0.,-0.));
#16758 = ORIENTED_EDGE('',*,*,#16759,.F.);
#16759 = EDGE_CURVE('',#16695,#16752,#16760,.T.);
#16760 = LINE('',#16761,#16762);
#16761 = CARTESIAN_POINT('',(-7.586206896552,-11.,-5.));
#16762 = VECTOR('',#16763,1.);
#16763 = DIRECTION('',(1.,0.,-0.));
#16764 = PLANE('',#16765);
#16765 = AXIS2_PLACEMENT_3D('',#16766,#16767,#16768);
#16766 = CARTESIAN_POINT('',(-7.586206896552,-12.5,-5.));
#16767 = DIRECTION('',(0.,0.,1.));
#16768 = DIRECTION('',(1.,0.,-0.));
#16769 = ADVANCED_FACE('',(#16770),#16795,.F.);
#16770 = FACE_BOUND('',#16771,.F.);
#16771 = EDGE_LOOP('',(#16772,#16780,#16788,#16794));
#16772 = ORIENTED_EDGE('',*,*,#16773,.F.);
#16773 = EDGE_CURVE('',#16774,#16744,#16776,.T.);
#16774 = VERTEX_POINT('',#16775);
#16775 = CARTESIAN_POINT('',(1.5,-11.,-6.));
#16776 = LINE('',#16777,#16778);
#16777 = CARTESIAN_POINT('',(1.5,-11.,-6.));
#16778 = VECTOR('',#16779,1.);
#16779 = DIRECTION('',(0.,0.,1.));
#16780 = ORIENTED_EDGE('',*,*,#16781,.F.);
#16781 = EDGE_CURVE('',#16782,#16774,#16784,.T.);
#16782 = VERTEX_POINT('',#16783);
#16783 = CARTESIAN_POINT('',(-1.5,-11.,-6.));
#16784 = LINE('',#16785,#16786);
#16785 = CARTESIAN_POINT('',(-1.5,-11.,-6.));
#16786 = VECTOR('',#16787,1.);
#16787 = DIRECTION('',(1.,0.,-0.));
#16788 = ORIENTED_EDGE('',*,*,#16789,.T.);
#16789 = EDGE_CURVE('',#16782,#16752,#16790,.T.);
#16790 = LINE('',#16791,#16792);
#16791 = CARTESIAN_POINT('',(-1.5,-11.,-6.));
#16792 = VECTOR('',#16793,1.);
#16793 = DIRECTION('',(0.,0.,1.));
#16794 = ORIENTED_EDGE('',*,*,#16751,.T.);
#16795 = PLANE('',#16796);
#16796 = AXIS2_PLACEMENT_3D('',#16797,#16798,#16799);
#16797 = CARTESIAN_POINT('',(-1.5,-11.,-6.));
#16798 = DIRECTION('',(-0.,1.,0.));
#16799 = DIRECTION('',(0.,0.,1.));
#16800 = ADVANCED_FACE('',(#16801),#16819,.T.);
#16801 = FACE_BOUND('',#16802,.T.);
#16802 = EDGE_LOOP('',(#16803,#16810,#16811,#16818));
#16803 = ORIENTED_EDGE('',*,*,#16804,.F.);
#16804 = EDGE_CURVE('',#16656,#16736,#16805,.T.);
#16805 = CIRCLE('',#16806,5.);
#16806 = AXIS2_PLACEMENT_3D('',#16807,#16808,#16809);
#16807 = CARTESIAN_POINT('',(7.586206896552,-11.,0.));
#16808 = DIRECTION('',(0.,1.,0.));
#16809 = DIRECTION('',(0.,-0.,1.));
#16810 = ORIENTED_EDGE('',*,*,#16655,.F.);
#16811 = ORIENTED_EDGE('',*,*,#16812,.T.);
#16812 = EDGE_CURVE('',#16648,#16728,#16813,.T.);
#16813 = CIRCLE('',#16814,5.);
#16814 = AXIS2_PLACEMENT_3D('',#16815,#16816,#16817);
#16815 = CARTESIAN_POINT('',(7.586206896552,-12.5,0.));
#16816 = DIRECTION('',(0.,1.,0.));
#16817 = DIRECTION('',(0.,-0.,1.));
#16818 = ORIENTED_EDGE('',*,*,#16735,.T.);
#16819 = CYLINDRICAL_SURFACE('',#16820,5.);
#16820 = AXIS2_PLACEMENT_3D('',#16821,#16822,#16823);
#16821 = CARTESIAN_POINT('',(7.586206896552,-12.5,0.));
#16822 = DIRECTION('',(0.,1.,0.));
#16823 = DIRECTION('',(0.,-0.,1.));
#16824 = ADVANCED_FACE('',(#16825),#16850,.F.);
#16825 = FACE_BOUND('',#16826,.F.);
#16826 = EDGE_LOOP('',(#16827,#16828,#16836,#16844));
#16827 = ORIENTED_EDGE('',*,*,#16671,.F.);
#16828 = ORIENTED_EDGE('',*,*,#16829,.T.);
#16829 = EDGE_CURVE('',#16672,#16830,#16832,.T.);
#16830 = VERTEX_POINT('',#16831);
#16831 = CARTESIAN_POINT('',(-1.5,-11.,6.));
#16832 = LINE('',#16833,#16834);
#16833 = CARTESIAN_POINT('',(-1.5,-11.,4.5));
#16834 = VECTOR('',#16835,1.);
#16835 = DIRECTION('',(0.,0.,1.));
#16836 = ORIENTED_EDGE('',*,*,#16837,.T.);
#16837 = EDGE_CURVE('',#16830,#16838,#16840,.T.);
#16838 = VERTEX_POINT('',#16839);
#16839 = CARTESIAN_POINT('',(1.5,-11.,6.));
#16840 = LINE('',#16841,#16842);
#16841 = CARTESIAN_POINT('',(-1.5,-11.,6.));
#16842 = VECTOR('',#16843,1.);
#16843 = DIRECTION('',(1.,0.,-0.));
#16844 = ORIENTED_EDGE('',*,*,#16845,.F.);
#16845 = EDGE_CURVE('',#16664,#16838,#16846,.T.);
#16846 = LINE('',#16847,#16848);
#16847 = CARTESIAN_POINT('',(1.5,-11.,4.5));
#16848 = VECTOR('',#16849,1.);
#16849 = DIRECTION('',(0.,0.,1.));
#16850 = PLANE('',#16851);
#16851 = AXIS2_PLACEMENT_3D('',#16852,#16853,#16854);
#16852 = CARTESIAN_POINT('',(-1.5,-11.,4.5));
#16853 = DIRECTION('',(-0.,1.,0.));
#16854 = DIRECTION('',(0.,0.,1.));
#16855 = ADVANCED_FACE('',(#16856),#16897,.F.);
#16856 = FACE_BOUND('',#16857,.F.);
#16857 = EDGE_LOOP('',(#16858,#16859,#16867,#16875,#16883,#16891));
#16858 = ORIENTED_EDGE('',*,*,#16789,.F.);
#16859 = ORIENTED_EDGE('',*,*,#16860,.T.);
#16860 = EDGE_CURVE('',#16782,#16861,#16863,.T.);
#16861 = VERTEX_POINT('',#16862);
#16862 = CARTESIAN_POINT('',(-1.5,11.,-6.));
#16863 = LINE('',#16864,#16865);
#16864 = CARTESIAN_POINT('',(-1.5,-11.,-6.));
#16865 = VECTOR('',#16866,1.);
#16866 = DIRECTION('',(-0.,1.,0.));
#16867 = ORIENTED_EDGE('',*,*,#16868,.T.);
#16868 = EDGE_CURVE('',#16861,#16869,#16871,.T.);
#16869 = VERTEX_POINT('',#16870);
#16870 = CARTESIAN_POINT('',(-1.5,11.,-5.));
#16871 = LINE('',#16872,#16873);
#16872 = CARTESIAN_POINT('',(-1.5,11.,-6.));
#16873 = VECTOR('',#16874,1.);
#16874 = DIRECTION('',(0.,0.,1.));
#16875 = ORIENTED_EDGE('',*,*,#16876,.T.);
#16876 = EDGE_CURVE('',#16869,#16877,#16879,.T.);
#16877 = VERTEX_POINT('',#16878);
#16878 = CARTESIAN_POINT('',(-1.5,11.,-4.5));
#16879 = LINE('',#16880,#16881);
#16880 = CARTESIAN_POINT('',(-1.5,11.,-6.));
#16881 = VECTOR('',#16882,1.);
#16882 = DIRECTION('',(0.,0.,1.));
#16883 = ORIENTED_EDGE('',*,*,#16884,.F.);
#16884 = EDGE_CURVE('',#16885,#16877,#16887,.T.);
#16885 = VERTEX_POINT('',#16886);
#16886 = CARTESIAN_POINT('',(-1.5,-11.,-4.5));
#16887 = LINE('',#16888,#16889);
#16888 = CARTESIAN_POINT('',(-1.5,-11.,-4.5));
#16889 = VECTOR('',#16890,1.);
#16890 = DIRECTION('',(-0.,1.,0.));
#16891 = ORIENTED_EDGE('',*,*,#16892,.F.);
#16892 = EDGE_CURVE('',#16752,#16885,#16893,.T.);
#16893 = LINE('',#16894,#16895);
#16894 = CARTESIAN_POINT('',(-1.5,-11.,-6.));
#16895 = VECTOR('',#16896,1.);
#16896 = DIRECTION('',(0.,0.,1.));
#16897 = PLANE('',#16898);
#16898 = AXIS2_PLACEMENT_3D('',#16899,#16900,#16901);
#16899 = CARTESIAN_POINT('',(-1.5,-11.,-6.));
#16900 = DIRECTION('',(1.,0.,-0.));
#16901 = DIRECTION('',(0.,0.,1.));
#16902 = ADVANCED_FACE('',(#16903),#16928,.T.);
#16903 = FACE_BOUND('',#16904,.T.);
#16904 = EDGE_LOOP('',(#16905,#16906,#16914,#16922));
#16905 = ORIENTED_EDGE('',*,*,#16884,.F.);
#16906 = ORIENTED_EDGE('',*,*,#16907,.T.);
#16907 = EDGE_CURVE('',#16885,#16908,#16910,.T.);
#16908 = VERTEX_POINT('',#16909);
#16909 = CARTESIAN_POINT('',(1.5,-11.,-4.5));
#16910 = LINE('',#16911,#16912);
#16911 = CARTESIAN_POINT('',(-1.5,-11.,-4.5));
#16912 = VECTOR('',#16913,1.);
#16913 = DIRECTION('',(1.,0.,-0.));
#16914 = ORIENTED_EDGE('',*,*,#16915,.T.);
#16915 = EDGE_CURVE('',#16908,#16916,#16918,.T.);
#16916 = VERTEX_POINT('',#16917);
#16917 = CARTESIAN_POINT('',(1.5,11.,-4.5));
#16918 = LINE('',#16919,#16920);
#16919 = CARTESIAN_POINT('',(1.5,-11.,-4.5));
#16920 = VECTOR('',#16921,1.);
#16921 = DIRECTION('',(-0.,1.,0.));
#16922 = ORIENTED_EDGE('',*,*,#16923,.F.);
#16923 = EDGE_CURVE('',#16877,#16916,#16924,.T.);
#16924 = LINE('',#16925,#16926);
#16925 = CARTESIAN_POINT('',(-1.5,11.,-4.5));
#16926 = VECTOR('',#16927,1.);
#16927 = DIRECTION('',(1.,0.,-0.));
#16928 = PLANE('',#16929);
#16929 = AXIS2_PLACEMENT_3D('',#16930,#16931,#16932);
#16930 = CARTESIAN_POINT('',(-1.5,-11.,-4.5));
#16931 = DIRECTION('',(0.,0.,1.));
#16932 = DIRECTION('',(1.,0.,-0.));
#16933 = ADVANCED_FACE('',(#16934),#16966,.T.);
#16934 = FACE_BOUND('',#16935,.T.);
#16935 = EDGE_LOOP('',(#16936,#16937,#16945,#16953,#16959,#16960));
#16936 = ORIENTED_EDGE('',*,*,#16773,.F.);
#16937 = ORIENTED_EDGE('',*,*,#16938,.T.);
#16938 = EDGE_CURVE('',#16774,#16939,#16941,.T.);
#16939 = VERTEX_POINT('',#16940);
#16940 = CARTESIAN_POINT('',(1.5,11.,-6.));
#16941 = LINE('',#16942,#16943);
#16942 = CARTESIAN_POINT('',(1.5,-11.,-6.));
#16943 = VECTOR('',#16944,1.);
#16944 = DIRECTION('',(-0.,1.,0.));
#16945 = ORIENTED_EDGE('',*,*,#16946,.T.);
#16946 = EDGE_CURVE('',#16939,#16947,#16949,.T.);
#16947 = VERTEX_POINT('',#16948);
#16948 = CARTESIAN_POINT('',(1.5,11.,-5.));
#16949 = LINE('',#16950,#16951);
#16950 = CARTESIAN_POINT('',(1.5,11.,-6.));
#16951 = VECTOR('',#16952,1.);
#16952 = DIRECTION('',(0.,0.,1.));
#16953 = ORIENTED_EDGE('',*,*,#16954,.T.);
#16954 = EDGE_CURVE('',#16947,#16916,#16955,.T.);
#16955 = LINE('',#16956,#16957);
#16956 = CARTESIAN_POINT('',(1.5,11.,-6.));
#16957 = VECTOR('',#16958,1.);
#16958 = DIRECTION('',(0.,0.,1.));
#16959 = ORIENTED_EDGE('',*,*,#16915,.F.);
#16960 = ORIENTED_EDGE('',*,*,#16961,.F.);
#16961 = EDGE_CURVE('',#16744,#16908,#16962,.T.);
#16962 = LINE('',#16963,#16964);
#16963 = CARTESIAN_POINT('',(1.5,-11.,-6.));
#16964 = VECTOR('',#16965,1.);
#16965 = DIRECTION('',(0.,0.,1.));
#16966 = PLANE('',#16967);
#16967 = AXIS2_PLACEMENT_3D('',#16968,#16969,#16970);
#16968 = CARTESIAN_POINT('',(1.5,-11.,-6.));
#16969 = DIRECTION('',(1.,0.,-0.));
#16970 = DIRECTION('',(0.,0.,1.));
#16971 = ADVANCED_FACE('',(#16972),#17013,.T.);
#16972 = FACE_BOUND('',#16973,.T.);
#16973 = EDGE_LOOP('',(#16974,#16982,#16990,#16998,#17006,#17012));
#16974 = ORIENTED_EDGE('',*,*,#16975,.F.);
#16975 = EDGE_CURVE('',#16976,#16664,#16978,.T.);
#16976 = VERTEX_POINT('',#16977);
#16977 = CARTESIAN_POINT('',(1.5,-11.,4.5));
#16978 = LINE('',#16979,#16980);
#16979 = CARTESIAN_POINT('',(1.5,-11.,4.5));
#16980 = VECTOR('',#16981,1.);
#16981 = DIRECTION('',(0.,0.,1.));
#16982 = ORIENTED_EDGE('',*,*,#16983,.T.);
#16983 = EDGE_CURVE('',#16976,#16984,#16986,.T.);
#16984 = VERTEX_POINT('',#16985);
#16985 = CARTESIAN_POINT('',(1.5,11.,4.5));
#16986 = LINE('',#16987,#16988);
#16987 = CARTESIAN_POINT('',(1.5,-11.,4.5));
#16988 = VECTOR('',#16989,1.);
#16989 = DIRECTION('',(-0.,1.,0.));
#16990 = ORIENTED_EDGE('',*,*,#16991,.T.);
#16991 = EDGE_CURVE('',#16984,#16992,#16994,.T.);
#16992 = VERTEX_POINT('',#16993);
#16993 = CARTESIAN_POINT('',(1.5,11.,5.));
#16994 = LINE('',#16995,#16996);
#16995 = CARTESIAN_POINT('',(1.5,11.,4.5));
#16996 = VECTOR('',#16997,1.);
#16997 = DIRECTION('',(0.,0.,1.));
#16998 = ORIENTED_EDGE('',*,*,#16999,.T.);
#16999 = EDGE_CURVE('',#16992,#17000,#17002,.T.);
#17000 = VERTEX_POINT('',#17001);
#17001 = CARTESIAN_POINT('',(1.5,11.,6.));
#17002 = LINE('',#17003,#17004);
#17003 = CARTESIAN_POINT('',(1.5,11.,4.5));
#17004 = VECTOR('',#17005,1.);
#17005 = DIRECTION('',(0.,0.,1.));
#17006 = ORIENTED_EDGE('',*,*,#17007,.F.);
#17007 = EDGE_CURVE('',#16838,#17000,#17008,.T.);
#17008 = LINE('',#17009,#17010);
#17009 = CARTESIAN_POINT('',(1.5,-11.,6.));
#17010 = VECTOR('',#17011,1.);
#17011 = DIRECTION('',(-0.,1.,0.));
#17012 = ORIENTED_EDGE('',*,*,#16845,.F.);
#17013 = PLANE('',#17014);
#17014 = AXIS2_PLACEMENT_3D('',#17015,#17016,#17017);
#17015 = CARTESIAN_POINT('',(1.5,-11.,4.5));
#17016 = DIRECTION('',(1.,0.,-0.));
#17017 = DIRECTION('',(0.,0.,1.));
#17018 = ADVANCED_FACE('',(#17019),#17044,.F.);
#17019 = FACE_BOUND('',#17020,.F.);
#17020 = EDGE_LOOP('',(#17021,#17031,#17037,#17038));
#17021 = ORIENTED_EDGE('',*,*,#17022,.F.);
#17022 = EDGE_CURVE('',#17023,#17025,#17027,.T.);
#17023 = VERTEX_POINT('',#17024);
#17024 = CARTESIAN_POINT('',(-1.5,-11.,4.5));
#17025 = VERTEX_POINT('',#17026);
#17026 = CARTESIAN_POINT('',(-1.5,11.,4.5));
#17027 = LINE('',#17028,#17029);
#17028 = CARTESIAN_POINT('',(-1.5,-11.,4.5));
#17029 = VECTOR('',#17030,1.);
#17030 = DIRECTION('',(-0.,1.,0.));
#17031 = ORIENTED_EDGE('',*,*,#17032,.T.);
#17032 = EDGE_CURVE('',#17023,#16976,#17033,.T.);
#17033 = LINE('',#17034,#17035);
#17034 = CARTESIAN_POINT('',(-1.5,-11.,4.5));
#17035 = VECTOR('',#17036,1.);
#17036 = DIRECTION('',(1.,0.,-0.));
#17037 = ORIENTED_EDGE('',*,*,#16983,.T.);
#17038 = ORIENTED_EDGE('',*,*,#17039,.F.);
#17039 = EDGE_CURVE('',#17025,#16984,#17040,.T.);
#17040 = LINE('',#17041,#17042);
#17041 = CARTESIAN_POINT('',(-1.5,11.,4.5));
#17042 = VECTOR('',#17043,1.);
#17043 = DIRECTION('',(1.,0.,-0.));
#17044 = PLANE('',#17045);
#17045 = AXIS2_PLACEMENT_3D('',#17046,#17047,#17048);
#17046 = CARTESIAN_POINT('',(-1.5,-11.,4.5));
#17047 = DIRECTION('',(0.,0.,1.));
#17048 = DIRECTION('',(1.,0.,-0.));
#17049 = ADVANCED_FACE('',(#17050),#17082,.F.);
#17050 = FACE_BOUND('',#17051,.F.);
#17051 = EDGE_LOOP('',(#17052,#17058,#17059,#17067,#17075,#17081));
#17052 = ORIENTED_EDGE('',*,*,#17053,.F.);
#17053 = EDGE_CURVE('',#17023,#16672,#17054,.T.);
#17054 = LINE('',#17055,#17056);
#17055 = CARTESIAN_POINT('',(-1.5,-11.,4.5));
#17056 = VECTOR('',#17057,1.);
#17057 = DIRECTION('',(0.,0.,1.));
#17058 = ORIENTED_EDGE('',*,*,#17022,.T.);
#17059 = ORIENTED_EDGE('',*,*,#17060,.T.);
#17060 = EDGE_CURVE('',#17025,#17061,#17063,.T.);
#17061 = VERTEX_POINT('',#17062);
#17062 = CARTESIAN_POINT('',(-1.5,11.,5.));
#17063 = LINE('',#17064,#17065);
#17064 = CARTESIAN_POINT('',(-1.5,11.,4.5));
#17065 = VECTOR('',#17066,1.);
#17066 = DIRECTION('',(0.,0.,1.));
#17067 = ORIENTED_EDGE('',*,*,#17068,.T.);
#17068 = EDGE_CURVE('',#17061,#17069,#17071,.T.);
#17069 = VERTEX_POINT('',#17070);
#17070 = CARTESIAN_POINT('',(-1.5,11.,6.));
#17071 = LINE('',#17072,#17073);
#17072 = CARTESIAN_POINT('',(-1.5,11.,4.5));
#17073 = VECTOR('',#17074,1.);
#17074 = DIRECTION('',(0.,0.,1.));
#17075 = ORIENTED_EDGE('',*,*,#17076,.F.);
#17076 = EDGE_CURVE('',#16830,#17069,#17077,.T.);
#17077 = LINE('',#17078,#17079);
#17078 = CARTESIAN_POINT('',(-1.5,-11.,6.));
#17079 = VECTOR('',#17080,1.);
#17080 = DIRECTION('',(-0.,1.,0.));
#17081 = ORIENTED_EDGE('',*,*,#16829,.F.);
#17082 = PLANE('',#17083);
#17083 = AXIS2_PLACEMENT_3D('',#17084,#17085,#17086);
#17084 = CARTESIAN_POINT('',(-1.5,-11.,4.5));
#17085 = DIRECTION('',(1.,0.,-0.));
#17086 = DIRECTION('',(0.,0.,1.));
#17087 = ADVANCED_FACE('',(#17088),#17099,.F.);
#17088 = FACE_BOUND('',#17089,.F.);
#17089 = EDGE_LOOP('',(#17090,#17091,#17092,#17093));
#17090 = ORIENTED_EDGE('',*,*,#16860,.F.);
#17091 = ORIENTED_EDGE('',*,*,#16781,.T.);
#17092 = ORIENTED_EDGE('',*,*,#16938,.T.);
#17093 = ORIENTED_EDGE('',*,*,#17094,.F.);
#17094 = EDGE_CURVE('',#16861,#16939,#17095,.T.);
#17095 = LINE('',#17096,#17097);
#17096 = CARTESIAN_POINT('',(-1.5,11.,-6.));
#17097 = VECTOR('',#17098,1.);
#17098 = DIRECTION('',(1.,0.,-0.));
#17099 = PLANE('',#17100);
#17100 = AXIS2_PLACEMENT_3D('',#17101,#17102,#17103);
#17101 = CARTESIAN_POINT('',(-1.5,-11.,-6.));
#17102 = DIRECTION('',(0.,0.,1.));
#17103 = DIRECTION('',(1.,0.,-0.));
#17104 = ADVANCED_FACE('',(#17105),#17116,.T.);
#17105 = FACE_BOUND('',#17106,.T.);
#17106 = EDGE_LOOP('',(#17107,#17108,#17109,#17110));
#17107 = ORIENTED_EDGE('',*,*,#17076,.F.);
#17108 = ORIENTED_EDGE('',*,*,#16837,.T.);
#17109 = ORIENTED_EDGE('',*,*,#17007,.T.);
#17110 = ORIENTED_EDGE('',*,*,#17111,.F.);
#17111 = EDGE_CURVE('',#17069,#17000,#17112,.T.);
#17112 = LINE('',#17113,#17114);
#17113 = CARTESIAN_POINT('',(-1.5,11.,6.));
#17114 = VECTOR('',#17115,1.);
#17115 = DIRECTION('',(1.,0.,-0.));
#17116 = PLANE('',#17117);
#17117 = AXIS2_PLACEMENT_3D('',#17118,#17119,#17120);
#17118 = CARTESIAN_POINT('',(-1.5,-11.,6.));
#17119 = DIRECTION('',(0.,0.,1.));
#17120 = DIRECTION('',(1.,0.,-0.));
#17121 = ADVANCED_FACE('',(#17122),#17133,.T.);
#17122 = FACE_BOUND('',#17123,.T.);
#17123 = EDGE_LOOP('',(#17124,#17125,#17126,#17127));
#17124 = ORIENTED_EDGE('',*,*,#16946,.F.);
#17125 = ORIENTED_EDGE('',*,*,#17094,.F.);
#17126 = ORIENTED_EDGE('',*,*,#16868,.T.);
#17127 = ORIENTED_EDGE('',*,*,#17128,.T.);
#17128 = EDGE_CURVE('',#16869,#16947,#17129,.T.);
#17129 = LINE('',#17130,#17131);
#17130 = CARTESIAN_POINT('',(-7.586206896552,11.,-5.));
#17131 = VECTOR('',#17132,1.);
#17132 = DIRECTION('',(1.,0.,-0.));
#17133 = PLANE('',#17134);
#17134 = AXIS2_PLACEMENT_3D('',#17135,#17136,#17137);
#17135 = CARTESIAN_POINT('',(-1.5,11.,-6.));
#17136 = DIRECTION('',(-0.,1.,0.));
#17137 = DIRECTION('',(0.,0.,1.));
#17138 = ADVANCED_FACE('',(#17139),#17150,.T.);
#17139 = FACE_BOUND('',#17140,.T.);
#17140 = EDGE_LOOP('',(#17141,#17147,#17148,#17149));
#17141 = ORIENTED_EDGE('',*,*,#17142,.F.);
#17142 = EDGE_CURVE('',#17061,#16992,#17143,.T.);
#17143 = LINE('',#17144,#17145);
#17144 = CARTESIAN_POINT('',(-7.586206896552,11.,5.));
#17145 = VECTOR('',#17146,1.);
#17146 = DIRECTION('',(1.,0.,-0.));
#17147 = ORIENTED_EDGE('',*,*,#17068,.T.);
#17148 = ORIENTED_EDGE('',*,*,#17111,.T.);
#17149 = ORIENTED_EDGE('',*,*,#16999,.F.);
#17150 = PLANE('',#17151);
#17151 = AXIS2_PLACEMENT_3D('',#17152,#17153,#17154);
#17152 = CARTESIAN_POINT('',(-1.5,11.,4.5));
#17153 = DIRECTION('',(-0.,1.,0.));
#17154 = DIRECTION('',(0.,0.,1.));
#17155 = ADVANCED_FACE('',(#17156),#17197,.F.);
#17156 = FACE_BOUND('',#17157,.F.);
#17157 = EDGE_LOOP('',(#17158,#17168,#17174,#17175,#17183,#17191));
#17158 = ORIENTED_EDGE('',*,*,#17159,.F.);
#17159 = EDGE_CURVE('',#17160,#17162,#17164,.T.);
#17160 = VERTEX_POINT('',#17161);
#17161 = CARTESIAN_POINT('',(-7.586206896552,11.,-5.));
#17162 = VERTEX_POINT('',#17163);
#17163 = CARTESIAN_POINT('',(-7.586206896552,12.5,-5.));
#17164 = LINE('',#17165,#17166);
#17165 = CARTESIAN_POINT('',(-7.586206896552,11.,-5.));
#17166 = VECTOR('',#17167,1.);
#17167 = DIRECTION('',(-0.,1.,0.));
#17168 = ORIENTED_EDGE('',*,*,#17169,.T.);
#17169 = EDGE_CURVE('',#17160,#16869,#17170,.T.);
#17170 = LINE('',#17171,#17172);
#17171 = CARTESIAN_POINT('',(-7.586206896552,11.,-5.));
#17172 = VECTOR('',#17173,1.);
#17173 = DIRECTION('',(1.,0.,-0.));
#17174 = ORIENTED_EDGE('',*,*,#17128,.T.);
#17175 = ORIENTED_EDGE('',*,*,#17176,.T.);
#17176 = EDGE_CURVE('',#16947,#17177,#17179,.T.);
#17177 = VERTEX_POINT('',#17178);
#17178 = CARTESIAN_POINT('',(7.586206896552,11.,-5.));
#17179 = LINE('',#17180,#17181);
#17180 = CARTESIAN_POINT('',(-7.586206896552,11.,-5.));
#17181 = VECTOR('',#17182,1.);
#17182 = DIRECTION('',(1.,0.,-0.));
#17183 = ORIENTED_EDGE('',*,*,#17184,.T.);
#17184 = EDGE_CURVE('',#17177,#17185,#17187,.T.);
#17185 = VERTEX_POINT('',#17186);
#17186 = CARTESIAN_POINT('',(7.586206896552,12.5,-5.));
#17187 = LINE('',#17188,#17189);
#17188 = CARTESIAN_POINT('',(7.586206896552,11.,-5.));
#17189 = VECTOR('',#17190,1.);
#17190 = DIRECTION('',(-0.,1.,0.));
#17191 = ORIENTED_EDGE('',*,*,#17192,.F.);
#17192 = EDGE_CURVE('',#17162,#17185,#17193,.T.);
#17193 = LINE('',#17194,#17195);
#17194 = CARTESIAN_POINT('',(-7.586206896552,12.5,-5.));
#17195 = VECTOR('',#17196,1.);
#17196 = DIRECTION('',(1.,0.,-0.));
#17197 = PLANE('',#17198);
#17198 = AXIS2_PLACEMENT_3D('',#17199,#17200,#17201);
#17199 = CARTESIAN_POINT('',(-7.586206896552,11.,-5.));
#17200 = DIRECTION('',(0.,0.,1.));
#17201 = DIRECTION('',(1.,0.,-0.));
#17202 = ADVANCED_FACE('',(#17203),#17244,.T.);
#17203 = FACE_BOUND('',#17204,.T.);
#17204 = EDGE_LOOP('',(#17205,#17215,#17221,#17222,#17230,#17238));
#17205 = ORIENTED_EDGE('',*,*,#17206,.F.);
#17206 = EDGE_CURVE('',#17207,#17209,#17211,.T.);
#17207 = VERTEX_POINT('',#17208);
#17208 = CARTESIAN_POINT('',(-7.586206896552,11.,5.));
#17209 = VERTEX_POINT('',#17210);
#17210 = CARTESIAN_POINT('',(-7.586206896552,12.5,5.));
#17211 = LINE('',#17212,#17213);
#17212 = CARTESIAN_POINT('',(-7.586206896552,11.,5.));
#17213 = VECTOR('',#17214,1.);
#17214 = DIRECTION('',(-0.,1.,0.));
#17215 = ORIENTED_EDGE('',*,*,#17216,.T.);
#17216 = EDGE_CURVE('',#17207,#17061,#17217,.T.);
#17217 = LINE('',#17218,#17219);
#17218 = CARTESIAN_POINT('',(-7.586206896552,11.,5.));
#17219 = VECTOR('',#17220,1.);
#17220 = DIRECTION('',(1.,0.,-0.));
#17221 = ORIENTED_EDGE('',*,*,#17142,.T.);
#17222 = ORIENTED_EDGE('',*,*,#17223,.T.);
#17223 = EDGE_CURVE('',#16992,#17224,#17226,.T.);
#17224 = VERTEX_POINT('',#17225);
#17225 = CARTESIAN_POINT('',(7.586206896552,11.,5.));
#17226 = LINE('',#17227,#17228);
#17227 = CARTESIAN_POINT('',(-7.586206896552,11.,5.));
#17228 = VECTOR('',#17229,1.);
#17229 = DIRECTION('',(1.,0.,-0.));
#17230 = ORIENTED_EDGE('',*,*,#17231,.T.);
#17231 = EDGE_CURVE('',#17224,#17232,#17234,.T.);
#17232 = VERTEX_POINT('',#17233);
#17233 = CARTESIAN_POINT('',(7.586206896552,12.5,5.));
#17234 = LINE('',#17235,#17236);
#17235 = CARTESIAN_POINT('',(7.586206896552,11.,5.));
#17236 = VECTOR('',#17237,1.);
#17237 = DIRECTION('',(-0.,1.,0.));
#17238 = ORIENTED_EDGE('',*,*,#17239,.F.);
#17239 = EDGE_CURVE('',#17209,#17232,#17240,.T.);
#17240 = LINE('',#17241,#17242);
#17241 = CARTESIAN_POINT('',(-7.586206896552,12.5,5.));
#17242 = VECTOR('',#17243,1.);
#17243 = DIRECTION('',(1.,0.,-0.));
#17244 = PLANE('',#17245);
#17245 = AXIS2_PLACEMENT_3D('',#17246,#17247,#17248);
#17246 = CARTESIAN_POINT('',(-7.586206896552,11.,5.));
#17247 = DIRECTION('',(0.,0.,1.));
#17248 = DIRECTION('',(1.,0.,-0.));
#17249 = ADVANCED_FACE('',(#17250),#17268,.T.);
#17250 = FACE_BOUND('',#17251,.T.);
#17251 = EDGE_LOOP('',(#17252,#17253,#17260,#17261));
#17252 = ORIENTED_EDGE('',*,*,#17206,.T.);
#17253 = ORIENTED_EDGE('',*,*,#17254,.F.);
#17254 = EDGE_CURVE('',#17162,#17209,#17255,.T.);
#17255 = CIRCLE('',#17256,5.);
#17256 = AXIS2_PLACEMENT_3D('',#17257,#17258,#17259);
#17257 = CARTESIAN_POINT('',(-7.586206896552,12.5,0.));
#17258 = DIRECTION('',(0.,1.,0.));
#17259 = DIRECTION('',(0.,-0.,1.));
#17260 = ORIENTED_EDGE('',*,*,#17159,.F.);
#17261 = ORIENTED_EDGE('',*,*,#17262,.T.);
#17262 = EDGE_CURVE('',#17160,#17207,#17263,.T.);
#17263 = CIRCLE('',#17264,5.);
#17264 = AXIS2_PLACEMENT_3D('',#17265,#17266,#17267);
#17265 = CARTESIAN_POINT('',(-7.586206896552,11.,0.));
#17266 = DIRECTION('',(0.,1.,0.));
#17267 = DIRECTION('',(0.,-0.,1.));
#17268 = CYLINDRICAL_SURFACE('',#17269,5.);
#17269 = AXIS2_PLACEMENT_3D('',#17270,#17271,#17272);
#17270 = CARTESIAN_POINT('',(-7.586206896552,11.,0.));
#17271 = DIRECTION('',(0.,1.,0.));
#17272 = DIRECTION('',(0.,-0.,1.));
#17273 = ADVANCED_FACE('',(#17274),#17292,.T.);
#17274 = FACE_BOUND('',#17275,.T.);
#17275 = EDGE_LOOP('',(#17276,#17283,#17284,#17291));
#17276 = ORIENTED_EDGE('',*,*,#17277,.F.);
#17277 = EDGE_CURVE('',#17232,#17185,#17278,.T.);
#17278 = CIRCLE('',#17279,5.);
#17279 = AXIS2_PLACEMENT_3D('',#17280,#17281,#17282);
#17280 = CARTESIAN_POINT('',(7.586206896552,12.5,0.));
#17281 = DIRECTION('',(0.,1.,0.));
#17282 = DIRECTION('',(0.,-0.,1.));
#17283 = ORIENTED_EDGE('',*,*,#17231,.F.);
#17284 = ORIENTED_EDGE('',*,*,#17285,.T.);
#17285 = EDGE_CURVE('',#17224,#17177,#17286,.T.);
#17286 = CIRCLE('',#17287,5.);
#17287 = AXIS2_PLACEMENT_3D('',#17288,#17289,#17290);
#17288 = CARTESIAN_POINT('',(7.586206896552,11.,0.));
#17289 = DIRECTION('',(0.,1.,0.));
#17290 = DIRECTION('',(0.,-0.,1.));
#17291 = ORIENTED_EDGE('',*,*,#17184,.T.);
#17292 = CYLINDRICAL_SURFACE('',#17293,5.);
#17293 = AXIS2_PLACEMENT_3D('',#17294,#17295,#17296);
#17294 = CARTESIAN_POINT('',(7.586206896552,11.,0.));
#17295 = DIRECTION('',(0.,1.,0.));
#17296 = DIRECTION('',(0.,-0.,1.));
#17297 = ADVANCED_FACE('',(#17298),#17304,.T.);
#17298 = FACE_BOUND('',#17299,.T.);
#17299 = EDGE_LOOP('',(#17300,#17301,#17302,#17303));
#17300 = ORIENTED_EDGE('',*,*,#16727,.T.);
#17301 = ORIENTED_EDGE('',*,*,#16812,.F.);
#17302 = ORIENTED_EDGE('',*,*,#16647,.F.);
#17303 = ORIENTED_EDGE('',*,*,#16711,.F.);
#17304 = PLANE('',#17305);
#17305 = AXIS2_PLACEMENT_3D('',#17306,#17307,#17308);
#17306 = CARTESIAN_POINT('',(-6.476089505928E-16,-12.5,
    -2.354941638519E-16));
#17307 = DIRECTION('',(-0.,-1.,-0.));
#17308 = DIRECTION('',(0.,0.,-1.));
#17309 = ADVANCED_FACE('',(#17310),#17324,.T.);
#17310 = FACE_BOUND('',#17311,.T.);
#17311 = EDGE_LOOP('',(#17312,#17313,#17314,#17315,#17316,#17317,#17318,
    #17319,#17320,#17321,#17322,#17323));
#17312 = ORIENTED_EDGE('',*,*,#16759,.F.);
#17313 = ORIENTED_EDGE('',*,*,#16694,.T.);
#17314 = ORIENTED_EDGE('',*,*,#16679,.T.);
#17315 = ORIENTED_EDGE('',*,*,#17053,.F.);
#17316 = ORIENTED_EDGE('',*,*,#17032,.T.);
#17317 = ORIENTED_EDGE('',*,*,#16975,.T.);
#17318 = ORIENTED_EDGE('',*,*,#16663,.T.);
#17319 = ORIENTED_EDGE('',*,*,#16804,.T.);
#17320 = ORIENTED_EDGE('',*,*,#16743,.F.);
#17321 = ORIENTED_EDGE('',*,*,#16961,.T.);
#17322 = ORIENTED_EDGE('',*,*,#16907,.F.);
#17323 = ORIENTED_EDGE('',*,*,#16892,.F.);
#17324 = PLANE('',#17325);
#17325 = AXIS2_PLACEMENT_3D('',#17326,#17327,#17328);
#17326 = CARTESIAN_POINT('',(1.139697972182E-16,-11.,-2.279395944363E-16
    ));
#17327 = DIRECTION('',(0.,1.,0.));
#17328 = DIRECTION('',(0.,-0.,1.));
#17329 = ADVANCED_FACE('',(#17330),#17344,.T.);
#17330 = FACE_BOUND('',#17331,.T.);
#17331 = EDGE_LOOP('',(#17332,#17333,#17334,#17335,#17336,#17337,#17338,
    #17339,#17340,#17341,#17342,#17343));
#17332 = ORIENTED_EDGE('',*,*,#17169,.T.);
#17333 = ORIENTED_EDGE('',*,*,#16876,.T.);
#17334 = ORIENTED_EDGE('',*,*,#16923,.T.);
#17335 = ORIENTED_EDGE('',*,*,#16954,.F.);
#17336 = ORIENTED_EDGE('',*,*,#17176,.T.);
#17337 = ORIENTED_EDGE('',*,*,#17285,.F.);
#17338 = ORIENTED_EDGE('',*,*,#17223,.F.);
#17339 = ORIENTED_EDGE('',*,*,#16991,.F.);
#17340 = ORIENTED_EDGE('',*,*,#17039,.F.);
#17341 = ORIENTED_EDGE('',*,*,#17060,.T.);
#17342 = ORIENTED_EDGE('',*,*,#17216,.F.);
#17343 = ORIENTED_EDGE('',*,*,#17262,.F.);
#17344 = PLANE('',#17345);
#17345 = AXIS2_PLACEMENT_3D('',#17346,#17347,#17348);
#17346 = CARTESIAN_POINT('',(-6.268338846999E-16,11.,-2.279395944363E-16
    ));
#17347 = DIRECTION('',(-0.,-1.,-0.));
#17348 = DIRECTION('',(0.,0.,-1.));
#17349 = ADVANCED_FACE('',(#17350),#17356,.T.);
#17350 = FACE_BOUND('',#17351,.T.);
#17351 = EDGE_LOOP('',(#17352,#17353,#17354,#17355));
#17352 = ORIENTED_EDGE('',*,*,#17192,.F.);
#17353 = ORIENTED_EDGE('',*,*,#17254,.T.);
#17354 = ORIENTED_EDGE('',*,*,#17239,.T.);
#17355 = ORIENTED_EDGE('',*,*,#17277,.T.);
#17356 = PLANE('',#17357);
#17357 = AXIS2_PLACEMENT_3D('',#17358,#17359,#17360);
#17358 = CARTESIAN_POINT('',(-3.532412457779E-16,12.5,8.831031144447E-17
    ));
#17359 = DIRECTION('',(0.,1.,0.));
#17360 = DIRECTION('',(0.,-0.,1.));
#17361 = ( GEOMETRIC_REPRESENTATION_CONTEXT(3) 
GLOBAL_UNCERTAINTY_ASSIGNED_CONTEXT((#17365)) 
GLOBAL_UNIT_ASSIGNED_CONTEXT((#17362,#17363,#17364)) 
REPRESENTATION_CONTEXT('Context #1',
  '3D Context with UNIT and UNCERTAINTY') );
#17362 = ( LENGTH_UNIT() NAMED_UNIT(*) SI_UNIT(.MILLI.,.METRE.) );
#17363 = ( NAMED_UNIT(*) PLANE_ANGLE_UNIT() SI_UNIT($,.RADIAN.) );
#17364 = ( NAMED_UNIT(*) SI_UNIT($,.STERADIAN.) SOLID_ANGLE_UNIT() );
#17365 = UNCERTAINTY_MEASURE_WITH_UNIT(LENGTH_MEASURE(1.E-07),#17362,
  'distance_accuracy_value','confusion accuracy');
#17366 = CONTEXT_DEPENDENT_SHAPE_REPRESENTATION(#17367,#17369);
#17367 = ( REPRESENTATION_RELATIONSHIP('','',#16630,#10) 
REPRESENTATION_RELATIONSHIP_WITH_TRANSFORMATION(#17368) 
SHAPE_REPRESENTATION_RELATIONSHIP() );
#17368 = ITEM_DEFINED_TRANSFORMATION('','',#11,#103);
#17369 = PRODUCT_DEFINITION_SHAPE('Placement','Placement of an item',
  #17370);
#17370 = NEXT_ASSEMBLY_USAGE_OCCURRENCE('23','link_22','',#5,#16625,$);
#17371 = PRODUCT_RELATED_PRODUCT_CATEGORY('part',$,(#16627));
#17372 = SHAPE_DEFINITION_REPRESENTATION(#17373,#17379);
#17373 = PRODUCT_DEFINITION_SHAPE('','',#17374);
#17374 = PRODUCT_DEFINITION('design','',#17375,#17378);
#17375 = PRODUCT_DEFINITION_FORMATION('','',#17376);
#17376 = PRODUCT('link_23','link_23','',(#17377));
#17377 = PRODUCT_CONTEXT('',#2,'mechanical');
#17378 = PRODUCT_DEFINITION_CONTEXT('part definition',#2,'design');
#17379 = ADVANCED_BREP_SHAPE_REPRESENTATION('',(#11,#17380),#18110);
#17380 = MANIFOLD_SOLID_BREP('',#17381);
#17381 = CLOSED_SHELL('',(#17382,#17438,#17471,#17518,#17549,#17573,
    #17604,#17651,#17682,#17720,#17767,#17798,#17836,#17853,#17870,
    #17887,#17904,#17951,#17998,#18022,#18046,#18058,#18078,#18098));
#17382 = ADVANCED_FACE('',(#17383),#17433,.T.);
#17383 = FACE_BOUND('',#17384,.T.);
#17384 = EDGE_LOOP('',(#17385,#17395,#17403,#17411,#17419,#17427));
#17385 = ORIENTED_EDGE('',*,*,#17386,.F.);
#17386 = EDGE_CURVE('',#17387,#17389,#17391,.T.);
#17387 = VERTEX_POINT('',#17388);
#17388 = CARTESIAN_POINT('',(-7.586206896552,-12.5,5.));
#17389 = VERTEX_POINT('',#17390);
#17390 = CARTESIAN_POINT('',(-7.586206896552,-11.,5.));
#17391 = LINE('',#17392,#17393);
#17392 = CARTESIAN_POINT('',(-7.586206896552,-12.5,5.));
#17393 = VECTOR('',#17394,1.);
#17394 = DIRECTION('',(-0.,1.,0.));
#17395 = ORIENTED_EDGE('',*,*,#17396,.T.);
#17396 = EDGE_CURVE('',#17387,#17397,#17399,.T.);
#17397 = VERTEX_POINT('',#17398);
#17398 = CARTESIAN_POINT('',(7.586206896552,-12.5,5.));
#17399 = LINE('',#17400,#17401);
#17400 = CARTESIAN_POINT('',(-7.586206896552,-12.5,5.));
#17401 = VECTOR('',#17402,1.);
#17402 = DIRECTION('',(1.,0.,-0.));
#17403 = ORIENTED_EDGE('',*,*,#17404,.T.);
#17404 = EDGE_CURVE('',#17397,#17405,#17407,.T.);
#17405 = VERTEX_POINT('',#17406);
#17406 = CARTESIAN_POINT('',(7.586206896552,-11.,5.));
#17407 = LINE('',#17408,#17409);
#17408 = CARTESIAN_POINT('',(7.586206896552,-12.5,5.));
#17409 = VECTOR('',#17410,1.);
#17410 = DIRECTION('',(-0.,1.,0.));
#17411 = ORIENTED_EDGE('',*,*,#17412,.F.);
#17412 = EDGE_CURVE('',#17413,#17405,#17415,.T.);
#17413 = VERTEX_POINT('',#17414);
#17414 = CARTESIAN_POINT('',(1.5,-11.,5.));
#17415 = LINE('',#17416,#17417);
#17416 = CARTESIAN_POINT('',(-7.586206896552,-11.,5.));
#17417 = VECTOR('',#17418,1.);
#17418 = DIRECTION('',(1.,0.,-0.));
#17419 = ORIENTED_EDGE('',*,*,#17420,.F.);
#17420 = EDGE_CURVE('',#17421,#17413,#17423,.T.);
#17421 = VERTEX_POINT('',#17422);
#17422 = CARTESIAN_POINT('',(-1.5,-11.,5.));
#17423 = LINE('',#17424,#17425);
#17424 = CARTESIAN_POINT('',(-7.586206896552,-11.,5.));
#17425 = VECTOR('',#17426,1.);
#17426 = DIRECTION('',(1.,0.,-0.));
#17427 = ORIENTED_EDGE('',*,*,#17428,.F.);
#17428 = EDGE_CURVE('',#17389,#17421,#17429,.T.);
#17429 = LINE('',#17430,#17431);
#17430 = CARTESIAN_POINT('',(-7.586206896552,-11.,5.));
#17431 = VECTOR('',#17432,1.);
#17432 = DIRECTION('',(1.,0.,-0.));
#17433 = PLANE('',#17434);
#17434 = AXIS2_PLACEMENT_3D('',#17435,#17436,#17437);
#17435 = CARTESIAN_POINT('',(-7.586206896552,-12.5,5.));
#17436 = DIRECTION('',(0.,0.,1.));
#17437 = DIRECTION('',(1.,0.,-0.));
#17438 = ADVANCED_FACE('',(#17439),#17466,.T.);
#17439 = FACE_BOUND('',#17440,.T.);
#17440 = EDGE_LOOP('',(#17441,#17442,#17451,#17459));
#17441 = ORIENTED_EDGE('',*,*,#17386,.T.);
#17442 = ORIENTED_EDGE('',*,*,#17443,.F.);
#17443 = EDGE_CURVE('',#17444,#17389,#17446,.T.);
#17444 = VERTEX_POINT('',#17445);
#17445 = CARTESIAN_POINT('',(-7.586206896552,-11.,-5.));
#17446 = CIRCLE('',#17447,5.);
#17447 = AXIS2_PLACEMENT_3D('',#17448,#17449,#17450);
#17448 = CARTESIAN_POINT('',(-7.586206896552,-11.,0.));
#17449 = DIRECTION('',(0.,1.,0.));
#17450 = DIRECTION('',(0.,-0.,1.));
#17451 = ORIENTED_EDGE('',*,*,#17452,.F.);
#17452 = EDGE_CURVE('',#17453,#17444,#17455,.T.);
#17453 = VERTEX_POINT('',#17454);
#17454 = CARTESIAN_POINT('',(-7.586206896552,-12.5,-5.));
#17455 = LINE('',#17456,#17457);
#17456 = CARTESIAN_POINT('',(-7.586206896552,-12.5,-5.));
#17457 = VECTOR('',#17458,1.);
#17458 = DIRECTION('',(-0.,1.,0.));
#17459 = ORIENTED_EDGE('',*,*,#17460,.T.);
#17460 = EDGE_CURVE('',#17453,#17387,#17461,.T.);
#17461 = CIRCLE('',#17462,5.);
#17462 = AXIS2_PLACEMENT_3D('',#17463,#17464,#17465);
#17463 = CARTESIAN_POINT('',(-7.586206896552,-12.5,0.));
#17464 = DIRECTION('',(0.,1.,0.));
#17465 = DIRECTION('',(0.,-0.,1.));
#17466 = CYLINDRICAL_SURFACE('',#17467,5.);
#17467 = AXIS2_PLACEMENT_3D('',#17468,#17469,#17470);
#17468 = CARTESIAN_POINT('',(-7.586206896552,-12.5,0.));
#17469 = DIRECTION('',(0.,1.,0.));
#17470 = DIRECTION('',(0.,-0.,1.));
#17471 = ADVANCED_FACE('',(#17472),#17513,.F.);
#17472 = FACE_BOUND('',#17473,.F.);
#17473 = EDGE_LOOP('',(#17474,#17475,#17483,#17491,#17499,#17507));
#17474 = ORIENTED_EDGE('',*,*,#17452,.F.);
#17475 = ORIENTED_EDGE('',*,*,#17476,.T.);
#17476 = EDGE_CURVE('',#17453,#17477,#17479,.T.);
#17477 = VERTEX_POINT('',#17478);
#17478 = CARTESIAN_POINT('',(7.586206896552,-12.5,-5.));
#17479 = LINE('',#17480,#17481);
#17480 = CARTESIAN_POINT('',(-7.586206896552,-12.5,-5.));
#17481 = VECTOR('',#17482,1.);
#17482 = DIRECTION('',(1.,0.,-0.));
#17483 = ORIENTED_EDGE('',*,*,#17484,.T.);
#17484 = EDGE_CURVE('',#17477,#17485,#17487,.T.);
#17485 = VERTEX_POINT('',#17486);
#17486 = CARTESIAN_POINT('',(7.586206896552,-11.,-5.));
#17487 = LINE('',#17488,#17489);
#17488 = CARTESIAN_POINT('',(7.586206896552,-12.5,-5.));
#17489 = VECTOR('',#17490,1.);
#17490 = DIRECTION('',(-0.,1.,0.));
#17491 = ORIENTED_EDGE('',*,*,#17492,.F.);
#17492 = EDGE_CURVE('',#17493,#17485,#17495,.T.);
#17493 = VERTEX_POINT('',#17494);
#17494 = CARTESIAN_POINT('',(1.5,-11.,-5.));
#17495 = LINE('',#17496,#17497);
#17496 = CARTESIAN_POINT('',(-7.586206896552,-11.,-5.));
#17497 = VECTOR('',#17498,1.);
#17498 = DIRECTION('',(1.,0.,-0.));
#17499 = ORIENTED_EDGE('',*,*,#17500,.F.);
#17500 = EDGE_CURVE('',#17501,#17493,#17503,.T.);
#17501 = VERTEX_POINT('',#17502);
#17502 = CARTESIAN_POINT('',(-1.5,-11.,-5.));
#17503 = LINE('',#17504,#17505);
#17504 = CARTESIAN_POINT('',(-7.586206896552,-11.,-5.));
#17505 = VECTOR('',#17506,1.);
#17506 = DIRECTION('',(1.,0.,-0.));
#17507 = ORIENTED_EDGE('',*,*,#17508,.F.);
#17508 = EDGE_CURVE('',#17444,#17501,#17509,.T.);
#17509 = LINE('',#17510,#17511);
#17510 = CARTESIAN_POINT('',(-7.586206896552,-11.,-5.));
#17511 = VECTOR('',#17512,1.);
#17512 = DIRECTION('',(1.,0.,-0.));
#17513 = PLANE('',#17514);
#17514 = AXIS2_PLACEMENT_3D('',#17515,#17516,#17517);
#17515 = CARTESIAN_POINT('',(-7.586206896552,-12.5,-5.));
#17516 = DIRECTION('',(0.,0.,1.));
#17517 = DIRECTION('',(1.,0.,-0.));
#17518 = ADVANCED_FACE('',(#17519),#17544,.F.);
#17519 = FACE_BOUND('',#17520,.F.);
#17520 = EDGE_LOOP('',(#17521,#17529,#17537,#17543));
#17521 = ORIENTED_EDGE('',*,*,#17522,.F.);
#17522 = EDGE_CURVE('',#17523,#17493,#17525,.T.);
#17523 = VERTEX_POINT('',#17524);
#17524 = CARTESIAN_POINT('',(1.5,-11.,-6.));
#17525 = LINE('',#17526,#17527);
#17526 = CARTESIAN_POINT('',(1.5,-11.,-6.));
#17527 = VECTOR('',#17528,1.);
#17528 = DIRECTION('',(0.,0.,1.));
#17529 = ORIENTED_EDGE('',*,*,#17530,.F.);
#17530 = EDGE_CURVE('',#17531,#17523,#17533,.T.);
#17531 = VERTEX_POINT('',#17532);
#17532 = CARTESIAN_POINT('',(-1.5,-11.,-6.));
#17533 = LINE('',#17534,#17535);
#17534 = CARTESIAN_POINT('',(-1.5,-11.,-6.));
#17535 = VECTOR('',#17536,1.);
#17536 = DIRECTION('',(1.,0.,-0.));
#17537 = ORIENTED_EDGE('',*,*,#17538,.T.);
#17538 = EDGE_CURVE('',#17531,#17501,#17539,.T.);
#17539 = LINE('',#17540,#17541);
#17540 = CARTESIAN_POINT('',(-1.5,-11.,-6.));
#17541 = VECTOR('',#17542,1.);
#17542 = DIRECTION('',(0.,0.,1.));
#17543 = ORIENTED_EDGE('',*,*,#17500,.T.);
#17544 = PLANE('',#17545);
#17545 = AXIS2_PLACEMENT_3D('',#17546,#17547,#17548);
#17546 = CARTESIAN_POINT('',(-1.5,-11.,-6.));
#17547 = DIRECTION('',(-0.,1.,0.));
#17548 = DIRECTION('',(0.,0.,1.));
#17549 = ADVANCED_FACE('',(#17550),#17568,.T.);
#17550 = FACE_BOUND('',#17551,.T.);
#17551 = EDGE_LOOP('',(#17552,#17559,#17560,#17567));
#17552 = ORIENTED_EDGE('',*,*,#17553,.F.);
#17553 = EDGE_CURVE('',#17405,#17485,#17554,.T.);
#17554 = CIRCLE('',#17555,5.);
#17555 = AXIS2_PLACEMENT_3D('',#17556,#17557,#17558);
#17556 = CARTESIAN_POINT('',(7.586206896552,-11.,0.));
#17557 = DIRECTION('',(0.,1.,0.));
#17558 = DIRECTION('',(0.,-0.,1.));
#17559 = ORIENTED_EDGE('',*,*,#17404,.F.);
#17560 = ORIENTED_EDGE('',*,*,#17561,.T.);
#17561 = EDGE_CURVE('',#17397,#17477,#17562,.T.);
#17562 = CIRCLE('',#17563,5.);
#17563 = AXIS2_PLACEMENT_3D('',#17564,#17565,#17566);
#17564 = CARTESIAN_POINT('',(7.586206896552,-12.5,0.));
#17565 = DIRECTION('',(0.,1.,0.));
#17566 = DIRECTION('',(0.,-0.,1.));
#17567 = ORIENTED_EDGE('',*,*,#17484,.T.);
#17568 = CYLINDRICAL_SURFACE('',#17569,5.);
#17569 = AXIS2_PLACEMENT_3D('',#17570,#17571,#17572);
#17570 = CARTESIAN_POINT('',(7.586206896552,-12.5,0.));
#17571 = DIRECTION('',(0.,1.,0.));
#17572 = DIRECTION('',(0.,-0.,1.));
#17573 = ADVANCED_FACE('',(#17574),#17599,.F.);
#17574 = FACE_BOUND('',#17575,.F.);
#17575 = EDGE_LOOP('',(#17576,#17577,#17585,#17593));
#17576 = ORIENTED_EDGE('',*,*,#17420,.F.);
#17577 = ORIENTED_EDGE('',*,*,#17578,.T.);
#17578 = EDGE_CURVE('',#17421,#17579,#17581,.T.);
#17579 = VERTEX_POINT('',#17580);
#17580 = CARTESIAN_POINT('',(-1.5,-11.,6.));
#17581 = LINE('',#17582,#17583);
#17582 = CARTESIAN_POINT('',(-1.5,-11.,4.5));
#17583 = VECTOR('',#17584,1.);
#17584 = DIRECTION('',(0.,0.,1.));
#17585 = ORIENTED_EDGE('',*,*,#17586,.T.);
#17586 = EDGE_CURVE('',#17579,#17587,#17589,.T.);
#17587 = VERTEX_POINT('',#17588);
#17588 = CARTESIAN_POINT('',(1.5,-11.,6.));
#17589 = LINE('',#17590,#17591);
#17590 = CARTESIAN_POINT('',(-1.5,-11.,6.));
#17591 = VECTOR('',#17592,1.);
#17592 = DIRECTION('',(1.,0.,-0.));
#17593 = ORIENTED_EDGE('',*,*,#17594,.F.);
#17594 = EDGE_CURVE('',#17413,#17587,#17595,.T.);
#17595 = LINE('',#17596,#17597);
#17596 = CARTESIAN_POINT('',(1.5,-11.,4.5));
#17597 = VECTOR('',#17598,1.);
#17598 = DIRECTION('',(0.,0.,1.));
#17599 = PLANE('',#17600);
#17600 = AXIS2_PLACEMENT_3D('',#17601,#17602,#17603);
#17601 = CARTESIAN_POINT('',(-1.5,-11.,4.5));
#17602 = DIRECTION('',(-0.,1.,0.));
#17603 = DIRECTION('',(0.,0.,1.));
#17604 = ADVANCED_FACE('',(#17605),#17646,.F.);
#17605 = FACE_BOUND('',#17606,.F.);
#17606 = EDGE_LOOP('',(#17607,#17608,#17616,#17624,#17632,#17640));
#17607 = ORIENTED_EDGE('',*,*,#17538,.F.);
#17608 = ORIENTED_EDGE('',*,*,#17609,.T.);
#17609 = EDGE_CURVE('',#17531,#17610,#17612,.T.);
#17610 = VERTEX_POINT('',#17611);
#17611 = CARTESIAN_POINT('',(-1.5,11.,-6.));
#17612 = LINE('',#17613,#17614);
#17613 = CARTESIAN_POINT('',(-1.5,-11.,-6.));
#17614 = VECTOR('',#17615,1.);
#17615 = DIRECTION('',(-0.,1.,0.));
#17616 = ORIENTED_EDGE('',*,*,#17617,.T.);
#17617 = EDGE_CURVE('',#17610,#17618,#17620,.T.);
#17618 = VERTEX_POINT('',#17619);
#17619 = CARTESIAN_POINT('',(-1.5,11.,-5.));
#17620 = LINE('',#17621,#17622);
#17621 = CARTESIAN_POINT('',(-1.5,11.,-6.));
#17622 = VECTOR('',#17623,1.);
#17623 = DIRECTION('',(0.,0.,1.));
#17624 = ORIENTED_EDGE('',*,*,#17625,.T.);
#17625 = EDGE_CURVE('',#17618,#17626,#17628,.T.);
#17626 = VERTEX_POINT('',#17627);
#17627 = CARTESIAN_POINT('',(-1.5,11.,-4.5));
#17628 = LINE('',#17629,#17630);
#17629 = CARTESIAN_POINT('',(-1.5,11.,-6.));
#17630 = VECTOR('',#17631,1.);
#17631 = DIRECTION('',(0.,0.,1.));
#17632 = ORIENTED_EDGE('',*,*,#17633,.F.);
#17633 = EDGE_CURVE('',#17634,#17626,#17636,.T.);
#17634 = VERTEX_POINT('',#17635);
#17635 = CARTESIAN_POINT('',(-1.5,-11.,-4.5));
#17636 = LINE('',#17637,#17638);
#17637 = CARTESIAN_POINT('',(-1.5,-11.,-4.5));
#17638 = VECTOR('',#17639,1.);
#17639 = DIRECTION('',(-0.,1.,0.));
#17640 = ORIENTED_EDGE('',*,*,#17641,.F.);
#17641 = EDGE_CURVE('',#17501,#17634,#17642,.T.);
#17642 = LINE('',#17643,#17644);
#17643 = CARTESIAN_POINT('',(-1.5,-11.,-6.));
#17644 = VECTOR('',#17645,1.);
#17645 = DIRECTION('',(0.,0.,1.));
#17646 = PLANE('',#17647);
#17647 = AXIS2_PLACEMENT_3D('',#17648,#17649,#17650);
#17648 = CARTESIAN_POINT('',(-1.5,-11.,-6.));
#17649 = DIRECTION('',(1.,0.,-0.));
#17650 = DIRECTION('',(0.,0.,1.));
#17651 = ADVANCED_FACE('',(#17652),#17677,.T.);
#17652 = FACE_BOUND('',#17653,.T.);
#17653 = EDGE_LOOP('',(#17654,#17655,#17663,#17671));
#17654 = ORIENTED_EDGE('',*,*,#17633,.F.);
#17655 = ORIENTED_EDGE('',*,*,#17656,.T.);
#17656 = EDGE_CURVE('',#17634,#17657,#17659,.T.);
#17657 = VERTEX_POINT('',#17658);
#17658 = CARTESIAN_POINT('',(1.5,-11.,-4.5));
#17659 = LINE('',#17660,#17661);
#17660 = CARTESIAN_POINT('',(-1.5,-11.,-4.5));
#17661 = VECTOR('',#17662,1.);
#17662 = DIRECTION('',(1.,0.,-0.));
#17663 = ORIENTED_EDGE('',*,*,#17664,.T.);
#17664 = EDGE_CURVE('',#17657,#17665,#17667,.T.);
#17665 = VERTEX_POINT('',#17666);
#17666 = CARTESIAN_POINT('',(1.5,11.,-4.5));
#17667 = LINE('',#17668,#17669);
#17668 = CARTESIAN_POINT('',(1.5,-11.,-4.5));
#17669 = VECTOR('',#17670,1.);
#17670 = DIRECTION('',(-0.,1.,0.));
#17671 = ORIENTED_EDGE('',*,*,#17672,.F.);
#17672 = EDGE_CURVE('',#17626,#17665,#17673,.T.);
#17673 = LINE('',#17674,#17675);
#17674 = CARTESIAN_POINT('',(-1.5,11.,-4.5));
#17675 = VECTOR('',#17676,1.);
#17676 = DIRECTION('',(1.,0.,-0.));
#17677 = PLANE('',#17678);
#17678 = AXIS2_PLACEMENT_3D('',#17679,#17680,#17681);
#17679 = CARTESIAN_POINT('',(-1.5,-11.,-4.5));
#17680 = DIRECTION('',(0.,0.,1.));
#17681 = DIRECTION('',(1.,0.,-0.));
#17682 = ADVANCED_FACE('',(#17683),#17715,.T.);
#17683 = FACE_BOUND('',#17684,.T.);
#17684 = EDGE_LOOP('',(#17685,#17686,#17694,#17702,#17708,#17709));
#17685 = ORIENTED_EDGE('',*,*,#17522,.F.);
#17686 = ORIENTED_EDGE('',*,*,#17687,.T.);
#17687 = EDGE_CURVE('',#17523,#17688,#17690,.T.);
#17688 = VERTEX_POINT('',#17689);
#17689 = CARTESIAN_POINT('',(1.5,11.,-6.));
#17690 = LINE('',#17691,#17692);
#17691 = CARTESIAN_POINT('',(1.5,-11.,-6.));
#17692 = VECTOR('',#17693,1.);
#17693 = DIRECTION('',(-0.,1.,0.));
#17694 = ORIENTED_EDGE('',*,*,#17695,.T.);
#17695 = EDGE_CURVE('',#17688,#17696,#17698,.T.);
#17696 = VERTEX_POINT('',#17697);
#17697 = CARTESIAN_POINT('',(1.5,11.,-5.));
#17698 = LINE('',#17699,#17700);
#17699 = CARTESIAN_POINT('',(1.5,11.,-6.));
#17700 = VECTOR('',#17701,1.);
#17701 = DIRECTION('',(0.,0.,1.));
#17702 = ORIENTED_EDGE('',*,*,#17703,.T.);
#17703 = EDGE_CURVE('',#17696,#17665,#17704,.T.);
#17704 = LINE('',#17705,#17706);
#17705 = CARTESIAN_POINT('',(1.5,11.,-6.));
#17706 = VECTOR('',#17707,1.);
#17707 = DIRECTION('',(0.,0.,1.));
#17708 = ORIENTED_EDGE('',*,*,#17664,.F.);
#17709 = ORIENTED_EDGE('',*,*,#17710,.F.);
#17710 = EDGE_CURVE('',#17493,#17657,#17711,.T.);
#17711 = LINE('',#17712,#17713);
#17712 = CARTESIAN_POINT('',(1.5,-11.,-6.));
#17713 = VECTOR('',#17714,1.);
#17714 = DIRECTION('',(0.,0.,1.));
#17715 = PLANE('',#17716);
#17716 = AXIS2_PLACEMENT_3D('',#17717,#17718,#17719);
#17717 = CARTESIAN_POINT('',(1.5,-11.,-6.));
#17718 = DIRECTION('',(1.,0.,-0.));
#17719 = DIRECTION('',(0.,0.,1.));
#17720 = ADVANCED_FACE('',(#17721),#17762,.T.);
#17721 = FACE_BOUND('',#17722,.T.);
#17722 = EDGE_LOOP('',(#17723,#17731,#17739,#17747,#17755,#17761));
#17723 = ORIENTED_EDGE('',*,*,#17724,.F.);
#17724 = EDGE_CURVE('',#17725,#17413,#17727,.T.);
#17725 = VERTEX_POINT('',#17726);
#17726 = CARTESIAN_POINT('',(1.5,-11.,4.5));
#17727 = LINE('',#17728,#17729);
#17728 = CARTESIAN_POINT('',(1.5,-11.,4.5));
#17729 = VECTOR('',#17730,1.);
#17730 = DIRECTION('',(0.,0.,1.));
#17731 = ORIENTED_EDGE('',*,*,#17732,.T.);
#17732 = EDGE_CURVE('',#17725,#17733,#17735,.T.);
#17733 = VERTEX_POINT('',#17734);
#17734 = CARTESIAN_POINT('',(1.5,11.,4.5));
#17735 = LINE('',#17736,#17737);
#17736 = CARTESIAN_POINT('',(1.5,-11.,4.5));
#17737 = VECTOR('',#17738,1.);
#17738 = DIRECTION('',(-0.,1.,0.));
#17739 = ORIENTED_EDGE('',*,*,#17740,.T.);
#17740 = EDGE_CURVE('',#17733,#17741,#17743,.T.);
#17741 = VERTEX_POINT('',#17742);
#17742 = CARTESIAN_POINT('',(1.5,11.,5.));
#17743 = LINE('',#17744,#17745);
#17744 = CARTESIAN_POINT('',(1.5,11.,4.5));
#17745 = VECTOR('',#17746,1.);
#17746 = DIRECTION('',(0.,0.,1.));
#17747 = ORIENTED_EDGE('',*,*,#17748,.T.);
#17748 = EDGE_CURVE('',#17741,#17749,#17751,.T.);
#17749 = VERTEX_POINT('',#17750);
#17750 = CARTESIAN_POINT('',(1.5,11.,6.));
#17751 = LINE('',#17752,#17753);
#17752 = CARTESIAN_POINT('',(1.5,11.,4.5));
#17753 = VECTOR('',#17754,1.);
#17754 = DIRECTION('',(0.,0.,1.));
#17755 = ORIENTED_EDGE('',*,*,#17756,.F.);
#17756 = EDGE_CURVE('',#17587,#17749,#17757,.T.);
#17757 = LINE('',#17758,#17759);
#17758 = CARTESIAN_POINT('',(1.5,-11.,6.));
#17759 = VECTOR('',#17760,1.);
#17760 = DIRECTION('',(-0.,1.,0.));
#17761 = ORIENTED_EDGE('',*,*,#17594,.F.);
#17762 = PLANE('',#17763);
#17763 = AXIS2_PLACEMENT_3D('',#17764,#17765,#17766);
#17764 = CARTESIAN_POINT('',(1.5,-11.,4.5));
#17765 = DIRECTION('',(1.,0.,-0.));
#17766 = DIRECTION('',(0.,0.,1.));
#17767 = ADVANCED_FACE('',(#17768),#17793,.F.);
#17768 = FACE_BOUND('',#17769,.F.);
#17769 = EDGE_LOOP('',(#17770,#17780,#17786,#17787));
#17770 = ORIENTED_EDGE('',*,*,#17771,.F.);
#17771 = EDGE_CURVE('',#17772,#17774,#17776,.T.);
#17772 = VERTEX_POINT('',#17773);
#17773 = CARTESIAN_POINT('',(-1.5,-11.,4.5));
#17774 = VERTEX_POINT('',#17775);
#17775 = CARTESIAN_POINT('',(-1.5,11.,4.5));
#17776 = LINE('',#17777,#17778);
#17777 = CARTESIAN_POINT('',(-1.5,-11.,4.5));
#17778 = VECTOR('',#17779,1.);
#17779 = DIRECTION('',(-0.,1.,0.));
#17780 = ORIENTED_EDGE('',*,*,#17781,.T.);
#17781 = EDGE_CURVE('',#17772,#17725,#17782,.T.);
#17782 = LINE('',#17783,#17784);
#17783 = CARTESIAN_POINT('',(-1.5,-11.,4.5));
#17784 = VECTOR('',#17785,1.);
#17785 = DIRECTION('',(1.,0.,-0.));
#17786 = ORIENTED_EDGE('',*,*,#17732,.T.);
#17787 = ORIENTED_EDGE('',*,*,#17788,.F.);
#17788 = EDGE_CURVE('',#17774,#17733,#17789,.T.);
#17789 = LINE('',#17790,#17791);
#17790 = CARTESIAN_POINT('',(-1.5,11.,4.5));
#17791 = VECTOR('',#17792,1.);
#17792 = DIRECTION('',(1.,0.,-0.));
#17793 = PLANE('',#17794);
#17794 = AXIS2_PLACEMENT_3D('',#17795,#17796,#17797);
#17795 = CARTESIAN_POINT('',(-1.5,-11.,4.5));
#17796 = DIRECTION('',(0.,0.,1.));
#17797 = DIRECTION('',(1.,0.,-0.));
#17798 = ADVANCED_FACE('',(#17799),#17831,.F.);
#17799 = FACE_BOUND('',#17800,.F.);
#17800 = EDGE_LOOP('',(#17801,#17807,#17808,#17816,#17824,#17830));
#17801 = ORIENTED_EDGE('',*,*,#17802,.F.);
#17802 = EDGE_CURVE('',#17772,#17421,#17803,.T.);
#17803 = LINE('',#17804,#17805);
#17804 = CARTESIAN_POINT('',(-1.5,-11.,4.5));
#17805 = VECTOR('',#17806,1.);
#17806 = DIRECTION('',(0.,0.,1.));
#17807 = ORIENTED_EDGE('',*,*,#17771,.T.);
#17808 = ORIENTED_EDGE('',*,*,#17809,.T.);
#17809 = EDGE_CURVE('',#17774,#17810,#17812,.T.);
#17810 = VERTEX_POINT('',#17811);
#17811 = CARTESIAN_POINT('',(-1.5,11.,5.));
#17812 = LINE('',#17813,#17814);
#17813 = CARTESIAN_POINT('',(-1.5,11.,4.5));
#17814 = VECTOR('',#17815,1.);
#17815 = DIRECTION('',(0.,0.,1.));
#17816 = ORIENTED_EDGE('',*,*,#17817,.T.);
#17817 = EDGE_CURVE('',#17810,#17818,#17820,.T.);
#17818 = VERTEX_POINT('',#17819);
#17819 = CARTESIAN_POINT('',(-1.5,11.,6.));
#17820 = LINE('',#17821,#17822);
#17821 = CARTESIAN_POINT('',(-1.5,11.,4.5));
#17822 = VECTOR('',#17823,1.);
#17823 = DIRECTION('',(0.,0.,1.));
#17824 = ORIENTED_EDGE('',*,*,#17825,.F.);
#17825 = EDGE_CURVE('',#17579,#17818,#17826,.T.);
#17826 = LINE('',#17827,#17828);
#17827 = CARTESIAN_POINT('',(-1.5,-11.,6.));
#17828 = VECTOR('',#17829,1.);
#17829 = DIRECTION('',(-0.,1.,0.));
#17830 = ORIENTED_EDGE('',*,*,#17578,.F.);
#17831 = PLANE('',#17832);
#17832 = AXIS2_PLACEMENT_3D('',#17833,#17834,#17835);
#17833 = CARTESIAN_POINT('',(-1.5,-11.,4.5));
#17834 = DIRECTION('',(1.,0.,-0.));
#17835 = DIRECTION('',(0.,0.,1.));
#17836 = ADVANCED_FACE('',(#17837),#17848,.F.);
#17837 = FACE_BOUND('',#17838,.F.);
#17838 = EDGE_LOOP('',(#17839,#17840,#17841,#17842));
#17839 = ORIENTED_EDGE('',*,*,#17609,.F.);
#17840 = ORIENTED_EDGE('',*,*,#17530,.T.);
#17841 = ORIENTED_EDGE('',*,*,#17687,.T.);
#17842 = ORIENTED_EDGE('',*,*,#17843,.F.);
#17843 = EDGE_CURVE('',#17610,#17688,#17844,.T.);
#17844 = LINE('',#17845,#17846);
#17845 = CARTESIAN_POINT('',(-1.5,11.,-6.));
#17846 = VECTOR('',#17847,1.);
#17847 = DIRECTION('',(1.,0.,-0.));
#17848 = PLANE('',#17849);
#17849 = AXIS2_PLACEMENT_3D('',#17850,#17851,#17852);
#17850 = CARTESIAN_POINT('',(-1.5,-11.,-6.));
#17851 = DIRECTION('',(0.,0.,1.));
#17852 = DIRECTION('',(1.,0.,-0.));
#17853 = ADVANCED_FACE('',(#17854),#17865,.T.);
#17854 = FACE_BOUND('',#17855,.T.);
#17855 = EDGE_LOOP('',(#17856,#17857,#17858,#17859));
#17856 = ORIENTED_EDGE('',*,*,#17825,.F.);
#17857 = ORIENTED_EDGE('',*,*,#17586,.T.);
#17858 = ORIENTED_EDGE('',*,*,#17756,.T.);
#17859 = ORIENTED_EDGE('',*,*,#17860,.F.);
#17860 = EDGE_CURVE('',#17818,#17749,#17861,.T.);
#17861 = LINE('',#17862,#17863);
#17862 = CARTESIAN_POINT('',(-1.5,11.,6.));
#17863 = VECTOR('',#17864,1.);
#17864 = DIRECTION('',(1.,0.,-0.));
#17865 = PLANE('',#17866);
#17866 = AXIS2_PLACEMENT_3D('',#17867,#17868,#17869);
#17867 = CARTESIAN_POINT('',(-1.5,-11.,6.));
#17868 = DIRECTION('',(0.,0.,1.));
#17869 = DIRECTION('',(1.,0.,-0.));
#17870 = ADVANCED_FACE('',(#17871),#17882,.T.);
#17871 = FACE_BOUND('',#17872,.T.);
#17872 = EDGE_LOOP('',(#17873,#17874,#17875,#17876));
#17873 = ORIENTED_EDGE('',*,*,#17695,.F.);
#17874 = ORIENTED_EDGE('',*,*,#17843,.F.);
#17875 = ORIENTED_EDGE('',*,*,#17617,.T.);
#17876 = ORIENTED_EDGE('',*,*,#17877,.T.);
#17877 = EDGE_CURVE('',#17618,#17696,#17878,.T.);
#17878 = LINE('',#17879,#17880);
#17879 = CARTESIAN_POINT('',(-7.586206896552,11.,-5.));
#17880 = VECTOR('',#17881,1.);
#17881 = DIRECTION('',(1.,0.,-0.));
#17882 = PLANE('',#17883);
#17883 = AXIS2_PLACEMENT_3D('',#17884,#17885,#17886);
#17884 = CARTESIAN_POINT('',(-1.5,11.,-6.));
#17885 = DIRECTION('',(-0.,1.,0.));
#17886 = DIRECTION('',(0.,0.,1.));
#17887 = ADVANCED_FACE('',(#17888),#17899,.T.);
#17888 = FACE_BOUND('',#17889,.T.);
#17889 = EDGE_LOOP('',(#17890,#17896,#17897,#17898));
#17890 = ORIENTED_EDGE('',*,*,#17891,.F.);
#17891 = EDGE_CURVE('',#17810,#17741,#17892,.T.);
#17892 = LINE('',#17893,#17894);
#17893 = CARTESIAN_POINT('',(-7.586206896552,11.,5.));
#17894 = VECTOR('',#17895,1.);
#17895 = DIRECTION('',(1.,0.,-0.));
#17896 = ORIENTED_EDGE('',*,*,#17817,.T.);
#17897 = ORIENTED_EDGE('',*,*,#17860,.T.);
#17898 = ORIENTED_EDGE('',*,*,#17748,.F.);
#17899 = PLANE('',#17900);
#17900 = AXIS2_PLACEMENT_3D('',#17901,#17902,#17903);
#17901 = CARTESIAN_POINT('',(-1.5,11.,4.5));
#17902 = DIRECTION('',(-0.,1.,0.));
#17903 = DIRECTION('',(0.,0.,1.));
#17904 = ADVANCED_FACE('',(#17905),#17946,.F.);
#17905 = FACE_BOUND('',#17906,.F.);
#17906 = EDGE_LOOP('',(#17907,#17917,#17923,#17924,#17932,#17940));
#17907 = ORIENTED_EDGE('',*,*,#17908,.F.);
#17908 = EDGE_CURVE('',#17909,#17911,#17913,.T.);
#17909 = VERTEX_POINT('',#17910);
#17910 = CARTESIAN_POINT('',(-7.586206896552,11.,-5.));
#17911 = VERTEX_POINT('',#17912);
#17912 = CARTESIAN_POINT('',(-7.586206896552,12.5,-5.));
#17913 = LINE('',#17914,#17915);
#17914 = CARTESIAN_POINT('',(-7.586206896552,11.,-5.));
#17915 = VECTOR('',#17916,1.);
#17916 = DIRECTION('',(-0.,1.,0.));
#17917 = ORIENTED_EDGE('',*,*,#17918,.T.);
#17918 = EDGE_CURVE('',#17909,#17618,#17919,.T.);
#17919 = LINE('',#17920,#17921);
#17920 = CARTESIAN_POINT('',(-7.586206896552,11.,-5.));
#17921 = VECTOR('',#17922,1.);
#17922 = DIRECTION('',(1.,0.,-0.));
#17923 = ORIENTED_EDGE('',*,*,#17877,.T.);
#17924 = ORIENTED_EDGE('',*,*,#17925,.T.);
#17925 = EDGE_CURVE('',#17696,#17926,#17928,.T.);
#17926 = VERTEX_POINT('',#17927);
#17927 = CARTESIAN_POINT('',(7.586206896552,11.,-5.));
#17928 = LINE('',#17929,#17930);
#17929 = CARTESIAN_POINT('',(-7.586206896552,11.,-5.));
#17930 = VECTOR('',#17931,1.);
#17931 = DIRECTION('',(1.,0.,-0.));
#17932 = ORIENTED_EDGE('',*,*,#17933,.T.);
#17933 = EDGE_CURVE('',#17926,#17934,#17936,.T.);
#17934 = VERTEX_POINT('',#17935);
#17935 = CARTESIAN_POINT('',(7.586206896552,12.5,-5.));
#17936 = LINE('',#17937,#17938);
#17937 = CARTESIAN_POINT('',(7.586206896552,11.,-5.));
#17938 = VECTOR('',#17939,1.);
#17939 = DIRECTION('',(-0.,1.,0.));
#17940 = ORIENTED_EDGE('',*,*,#17941,.F.);
#17941 = EDGE_CURVE('',#17911,#17934,#17942,.T.);
#17942 = LINE('',#17943,#17944);
#17943 = CARTESIAN_POINT('',(-7.586206896552,12.5,-5.));
#17944 = VECTOR('',#17945,1.);
#17945 = DIRECTION('',(1.,0.,-0.));
#17946 = PLANE('',#17947);
#17947 = AXIS2_PLACEMENT_3D('',#17948,#17949,#17950);
#17948 = CARTESIAN_POINT('',(-7.586206896552,11.,-5.));
#17949 = DIRECTION('',(0.,0.,1.));
#17950 = DIRECTION('',(1.,0.,-0.));
#17951 = ADVANCED_FACE('',(#17952),#17993,.T.);
#17952 = FACE_BOUND('',#17953,.T.);
#17953 = EDGE_LOOP('',(#17954,#17964,#17970,#17971,#17979,#17987));
#17954 = ORIENTED_EDGE('',*,*,#17955,.F.);
#17955 = EDGE_CURVE('',#17956,#17958,#17960,.T.);
#17956 = VERTEX_POINT('',#17957);
#17957 = CARTESIAN_POINT('',(-7.586206896552,11.,5.));
#17958 = VERTEX_POINT('',#17959);
#17959 = CARTESIAN_POINT('',(-7.586206896552,12.5,5.));
#17960 = LINE('',#17961,#17962);
#17961 = CARTESIAN_POINT('',(-7.586206896552,11.,5.));
#17962 = VECTOR('',#17963,1.);
#17963 = DIRECTION('',(-0.,1.,0.));
#17964 = ORIENTED_EDGE('',*,*,#17965,.T.);
#17965 = EDGE_CURVE('',#17956,#17810,#17966,.T.);
#17966 = LINE('',#17967,#17968);
#17967 = CARTESIAN_POINT('',(-7.586206896552,11.,5.));
#17968 = VECTOR('',#17969,1.);
#17969 = DIRECTION('',(1.,0.,-0.));
#17970 = ORIENTED_EDGE('',*,*,#17891,.T.);
#17971 = ORIENTED_EDGE('',*,*,#17972,.T.);
#17972 = EDGE_CURVE('',#17741,#17973,#17975,.T.);
#17973 = VERTEX_POINT('',#17974);
#17974 = CARTESIAN_POINT('',(7.586206896552,11.,5.));
#17975 = LINE('',#17976,#17977);
#17976 = CARTESIAN_POINT('',(-7.586206896552,11.,5.));
#17977 = VECTOR('',#17978,1.);
#17978 = DIRECTION('',(1.,0.,-0.));
#17979 = ORIENTED_EDGE('',*,*,#17980,.T.);
#17980 = EDGE_CURVE('',#17973,#17981,#17983,.T.);
#17981 = VERTEX_POINT('',#17982);
#17982 = CARTESIAN_POINT('',(7.586206896552,12.5,5.));
#17983 = LINE('',#17984,#17985);
#17984 = CARTESIAN_POINT('',(7.586206896552,11.,5.));
#17985 = VECTOR('',#17986,1.);
#17986 = DIRECTION('',(-0.,1.,0.));
#17987 = ORIENTED_EDGE('',*,*,#17988,.F.);
#17988 = EDGE_CURVE('',#17958,#17981,#17989,.T.);
#17989 = LINE('',#17990,#17991);
#17990 = CARTESIAN_POINT('',(-7.586206896552,12.5,5.));
#17991 = VECTOR('',#17992,1.);
#17992 = DIRECTION('',(1.,0.,-0.));
#17993 = PLANE('',#17994);
#17994 = AXIS2_PLACEMENT_3D('',#17995,#17996,#17997);
#17995 = CARTESIAN_POINT('',(-7.586206896552,11.,5.));
#17996 = DIRECTION('',(0.,0.,1.));
#17997 = DIRECTION('',(1.,0.,-0.));
#17998 = ADVANCED_FACE('',(#17999),#18017,.T.);
#17999 = FACE_BOUND('',#18000,.T.);
#18000 = EDGE_LOOP('',(#18001,#18002,#18009,#18010));
#18001 = ORIENTED_EDGE('',*,*,#17955,.T.);
#18002 = ORIENTED_EDGE('',*,*,#18003,.F.);
#18003 = EDGE_CURVE('',#17911,#17958,#18004,.T.);
#18004 = CIRCLE('',#18005,5.);
#18005 = AXIS2_PLACEMENT_3D('',#18006,#18007,#18008);
#18006 = CARTESIAN_POINT('',(-7.586206896552,12.5,0.));
#18007 = DIRECTION('',(0.,1.,0.));
#18008 = DIRECTION('',(0.,-0.,1.));
#18009 = ORIENTED_EDGE('',*,*,#17908,.F.);
#18010 = ORIENTED_EDGE('',*,*,#18011,.T.);
#18011 = EDGE_CURVE('',#17909,#17956,#18012,.T.);
#18012 = CIRCLE('',#18013,5.);
#18013 = AXIS2_PLACEMENT_3D('',#18014,#18015,#18016);
#18014 = CARTESIAN_POINT('',(-7.586206896552,11.,0.));
#18015 = DIRECTION('',(0.,1.,0.));
#18016 = DIRECTION('',(0.,-0.,1.));
#18017 = CYLINDRICAL_SURFACE('',#18018,5.);
#18018 = AXIS2_PLACEMENT_3D('',#18019,#18020,#18021);
#18019 = CARTESIAN_POINT('',(-7.586206896552,11.,0.));
#18020 = DIRECTION('',(0.,1.,0.));
#18021 = DIRECTION('',(0.,-0.,1.));
#18022 = ADVANCED_FACE('',(#18023),#18041,.T.);
#18023 = FACE_BOUND('',#18024,.T.);
#18024 = EDGE_LOOP('',(#18025,#18032,#18033,#18040));
#18025 = ORIENTED_EDGE('',*,*,#18026,.F.);
#18026 = EDGE_CURVE('',#17981,#17934,#18027,.T.);
#18027 = CIRCLE('',#18028,5.);
#18028 = AXIS2_PLACEMENT_3D('',#18029,#18030,#18031);
#18029 = CARTESIAN_POINT('',(7.586206896552,12.5,0.));
#18030 = DIRECTION('',(0.,1.,0.));
#18031 = DIRECTION('',(0.,-0.,1.));
#18032 = ORIENTED_EDGE('',*,*,#17980,.F.);
#18033 = ORIENTED_EDGE('',*,*,#18034,.T.);
#18034 = EDGE_CURVE('',#17973,#17926,#18035,.T.);
#18035 = CIRCLE('',#18036,5.);
#18036 = AXIS2_PLACEMENT_3D('',#18037,#18038,#18039);
#18037 = CARTESIAN_POINT('',(7.586206896552,11.,0.));
#18038 = DIRECTION('',(0.,1.,0.));
#18039 = DIRECTION('',(0.,-0.,1.));
#18040 = ORIENTED_EDGE('',*,*,#17933,.T.);
#18041 = CYLINDRICAL_SURFACE('',#18042,5.);
#18042 = AXIS2_PLACEMENT_3D('',#18043,#18044,#18045);
#18043 = CARTESIAN_POINT('',(7.586206896552,11.,0.));
#18044 = DIRECTION('',(0.,1.,0.));
#18045 = DIRECTION('',(0.,-0.,1.));
#18046 = ADVANCED_FACE('',(#18047),#18053,.T.);
#18047 = FACE_BOUND('',#18048,.T.);
#18048 = EDGE_LOOP('',(#18049,#18050,#18051,#18052));
#18049 = ORIENTED_EDGE('',*,*,#17476,.T.);
#18050 = ORIENTED_EDGE('',*,*,#17561,.F.);
#18051 = ORIENTED_EDGE('',*,*,#17396,.F.);
#18052 = ORIENTED_EDGE('',*,*,#17460,.F.);
#18053 = PLANE('',#18054);
#18054 = AXIS2_PLACEMENT_3D('',#18055,#18056,#18057);
#18055 = CARTESIAN_POINT('',(-6.476089505928E-16,-12.5,
    -2.354941638519E-16));
#18056 = DIRECTION('',(-0.,-1.,-0.));
#18057 = DIRECTION('',(0.,0.,-1.));
#18058 = ADVANCED_FACE('',(#18059),#18073,.T.);
#18059 = FACE_BOUND('',#18060,.T.);
#18060 = EDGE_LOOP('',(#18061,#18062,#18063,#18064,#18065,#18066,#18067,
    #18068,#18069,#18070,#18071,#18072));
#18061 = ORIENTED_EDGE('',*,*,#17508,.F.);
#18062 = ORIENTED_EDGE('',*,*,#17443,.T.);
#18063 = ORIENTED_EDGE('',*,*,#17428,.T.);
#18064 = ORIENTED_EDGE('',*,*,#17802,.F.);
#18065 = ORIENTED_EDGE('',*,*,#17781,.T.);
#18066 = ORIENTED_EDGE('',*,*,#17724,.T.);
#18067 = ORIENTED_EDGE('',*,*,#17412,.T.);
#18068 = ORIENTED_EDGE('',*,*,#17553,.T.);
#18069 = ORIENTED_EDGE('',*,*,#17492,.F.);
#18070 = ORIENTED_EDGE('',*,*,#17710,.T.);
#18071 = ORIENTED_EDGE('',*,*,#17656,.F.);
#18072 = ORIENTED_EDGE('',*,*,#17641,.F.);
#18073 = PLANE('',#18074);
#18074 = AXIS2_PLACEMENT_3D('',#18075,#18076,#18077);
#18075 = CARTESIAN_POINT('',(1.139697972182E-16,-11.,-2.279395944363E-16
    ));
#18076 = DIRECTION('',(0.,1.,0.));
#18077 = DIRECTION('',(0.,-0.,1.));
#18078 = ADVANCED_FACE('',(#18079),#18093,.T.);
#18079 = FACE_BOUND('',#18080,.T.);
#18080 = EDGE_LOOP('',(#18081,#18082,#18083,#18084,#18085,#18086,#18087,
    #18088,#18089,#18090,#18091,#18092));
#18081 = ORIENTED_EDGE('',*,*,#17918,.T.);
#18082 = ORIENTED_EDGE('',*,*,#17625,.T.);
#18083 = ORIENTED_EDGE('',*,*,#17672,.T.);
#18084 = ORIENTED_EDGE('',*,*,#17703,.F.);
#18085 = ORIENTED_EDGE('',*,*,#17925,.T.);
#18086 = ORIENTED_EDGE('',*,*,#18034,.F.);
#18087 = ORIENTED_EDGE('',*,*,#17972,.F.);
#18088 = ORIENTED_EDGE('',*,*,#17740,.F.);
#18089 = ORIENTED_EDGE('',*,*,#17788,.F.);
#18090 = ORIENTED_EDGE('',*,*,#17809,.T.);
#18091 = ORIENTED_EDGE('',*,*,#17965,.F.);
#18092 = ORIENTED_EDGE('',*,*,#18011,.F.);
#18093 = PLANE('',#18094);
#18094 = AXIS2_PLACEMENT_3D('',#18095,#18096,#18097);
#18095 = CARTESIAN_POINT('',(-6.268338846999E-16,11.,-2.279395944363E-16
    ));
#18096 = DIRECTION('',(-0.,-1.,-0.));
#18097 = DIRECTION('',(0.,0.,-1.));
#18098 = ADVANCED_FACE('',(#18099),#18105,.T.);
#18099 = FACE_BOUND('',#18100,.T.);
#18100 = EDGE_LOOP('',(#18101,#18102,#18103,#18104));
#18101 = ORIENTED_EDGE('',*,*,#17941,.F.);
#18102 = ORIENTED_EDGE('',*,*,#18003,.T.);
#18103 = ORIENTED_EDGE('',*,*,#17988,.T.);
#18104 = ORIENTED_EDGE('',*,*,#18026,.T.);
#18105 = PLANE('',#18106);
#18106 = AXIS2_PLACEMENT_3D('',#18107,#18108,#18109);
#18107 = CARTESIAN_POINT('',(-3.532412457779E-16,12.5,8.831031144447E-17
    ));
#18108 = DIRECTION('',(0.,1.,0.));
#18109 = DIRECTION('',(0.,-0.,1.));
#18110 = ( GEOMETRIC_REPRESENTATION_CONTEXT(3) 
GLOBAL_UNCERTAINTY_ASSIGNED_CONTEXT((#18114)) 
GLOBAL_UNIT_ASSIGNED_CONTEXT((#18111,#18112,#18113)) 
REPRESENTATION_CONTEXT('Context #1',
  '3D Context with UNIT and UNCERTAINTY') );
#18111 = ( LENGTH_UNIT() NAMED_UNIT(*) SI_UNIT(.MILLI.,.METRE.) );
#18112 = ( NAMED_UNIT(*) PLANE_ANGLE_UNIT() SI_UNIT($,.RADIAN.) );
#18113 = ( NAMED_UNIT(*) SI_UNIT($,.STERADIAN.) SOLID_ANGLE_UNIT() );
#18114 = UNCERTAINTY_MEASURE_WITH_UNIT(LENGTH_MEASURE(1.E-07),#18111,
  'distance_accuracy_value','confusion accuracy');
#18115 = CONTEXT_DEPENDENT_SHAPE_REPRESENTATION(#18116,#18118);
#18116 = ( REPRESENTATION_RELATIONSHIP('','',#17379,#10) 
REPRESENTATION_RELATIONSHIP_WITH_TRANSFORMATION(#18117) 
SHAPE_REPRESENTATION_RELATIONSHIP() );
#18117 = ITEM_DEFINED_TRANSFORMATION('','',#11,#107);
#18118 = PRODUCT_DEFINITION_SHAPE('Placement','Placement of an item',
  #18119);
#18119 = NEXT_ASSEMBLY_USAGE_OCCURRENCE('24','link_23','',#5,#17374,$);
#18120 = PRODUCT_RELATED_PRODUCT_CATEGORY('part',$,(#17376));
#18121 = SHAPE_DEFINITION_REPRESENTATION(#18122,#18128);
#18122 = PRODUCT_DEFINITION_SHAPE('','',#18123);
#18123 = PRODUCT_DEFINITION('design','',#18124,#18127);
#18124 = PRODUCT_DEFINITION_FORMATION('','',#18125);
#18125 = PRODUCT('link_24','link_24','',(#18126));
#18126 = PRODUCT_CONTEXT('',#2,'mechanical');
#18127 = PRODUCT_DEFINITION_CONTEXT('part definition',#2,'design');
#18128 = ADVANCED_BREP_SHAPE_REPRESENTATION('',(#11,#18129),#18859);
#18129 = MANIFOLD_SOLID_BREP('',#18130);
#18130 = CLOSED_SHELL('',(#18131,#18187,#18220,#18267,#18298,#18322,
    #18353,#18400,#18431,#18469,#18516,#18547,#18585,#18602,#18619,
    #18636,#18653,#18700,#18747,#18771,#18795,#18807,#18827,#18847));
#18131 = ADVANCED_FACE('',(#18132),#18182,.T.);
#18132 = FACE_BOUND('',#18133,.T.);
#18133 = EDGE_LOOP('',(#18134,#18144,#18152,#18160,#18168,#18176));
#18134 = ORIENTED_EDGE('',*,*,#18135,.F.);
#18135 = EDGE_CURVE('',#18136,#18138,#18140,.T.);
#18136 = VERTEX_POINT('',#18137);
#18137 = CARTESIAN_POINT('',(-7.586206896552,-12.5,5.));
#18138 = VERTEX_POINT('',#18139);
#18139 = CARTESIAN_POINT('',(-7.586206896552,-11.,5.));
#18140 = LINE('',#18141,#18142);
#18141 = CARTESIAN_POINT('',(-7.586206896552,-12.5,5.));
#18142 = VECTOR('',#18143,1.);
#18143 = DIRECTION('',(-0.,1.,0.));
#18144 = ORIENTED_EDGE('',*,*,#18145,.T.);
#18145 = EDGE_CURVE('',#18136,#18146,#18148,.T.);
#18146 = VERTEX_POINT('',#18147);
#18147 = CARTESIAN_POINT('',(7.586206896552,-12.5,5.));
#18148 = LINE('',#18149,#18150);
#18149 = CARTESIAN_POINT('',(-7.586206896552,-12.5,5.));
#18150 = VECTOR('',#18151,1.);
#18151 = DIRECTION('',(1.,0.,-0.));
#18152 = ORIENTED_EDGE('',*,*,#18153,.T.);
#18153 = EDGE_CURVE('',#18146,#18154,#18156,.T.);
#18154 = VERTEX_POINT('',#18155);
#18155 = CARTESIAN_POINT('',(7.586206896552,-11.,5.));
#18156 = LINE('',#18157,#18158);
#18157 = CARTESIAN_POINT('',(7.586206896552,-12.5,5.));
#18158 = VECTOR('',#18159,1.);
#18159 = DIRECTION('',(-0.,1.,0.));
#18160 = ORIENTED_EDGE('',*,*,#18161,.F.);
#18161 = EDGE_CURVE('',#18162,#18154,#18164,.T.);
#18162 = VERTEX_POINT('',#18163);
#18163 = CARTESIAN_POINT('',(1.5,-11.,5.));
#18164 = LINE('',#18165,#18166);
#18165 = CARTESIAN_POINT('',(-7.586206896552,-11.,5.));
#18166 = VECTOR('',#18167,1.);
#18167 = DIRECTION('',(1.,0.,-0.));
#18168 = ORIENTED_EDGE('',*,*,#18169,.F.);
#18169 = EDGE_CURVE('',#18170,#18162,#18172,.T.);
#18170 = VERTEX_POINT('',#18171);
#18171 = CARTESIAN_POINT('',(-1.5,-11.,5.));
#18172 = LINE('',#18173,#18174);
#18173 = CARTESIAN_POINT('',(-7.586206896552,-11.,5.));
#18174 = VECTOR('',#18175,1.);
#18175 = DIRECTION('',(1.,0.,-0.));
#18176 = ORIENTED_EDGE('',*,*,#18177,.F.);
#18177 = EDGE_CURVE('',#18138,#18170,#18178,.T.);
#18178 = LINE('',#18179,#18180);
#18179 = CARTESIAN_POINT('',(-7.586206896552,-11.,5.));
#18180 = VECTOR('',#18181,1.);
#18181 = DIRECTION('',(1.,0.,-0.));
#18182 = PLANE('',#18183);
#18183 = AXIS2_PLACEMENT_3D('',#18184,#18185,#18186);
#18184 = CARTESIAN_POINT('',(-7.586206896552,-12.5,5.));
#18185 = DIRECTION('',(0.,0.,1.));
#18186 = DIRECTION('',(1.,0.,-0.));
#18187 = ADVANCED_FACE('',(#18188),#18215,.T.);
#18188 = FACE_BOUND('',#18189,.T.);
#18189 = EDGE_LOOP('',(#18190,#18191,#18200,#18208));
#18190 = ORIENTED_EDGE('',*,*,#18135,.T.);
#18191 = ORIENTED_EDGE('',*,*,#18192,.F.);
#18192 = EDGE_CURVE('',#18193,#18138,#18195,.T.);
#18193 = VERTEX_POINT('',#18194);
#18194 = CARTESIAN_POINT('',(-7.586206896552,-11.,-5.));
#18195 = CIRCLE('',#18196,5.);
#18196 = AXIS2_PLACEMENT_3D('',#18197,#18198,#18199);
#18197 = CARTESIAN_POINT('',(-7.586206896552,-11.,0.));
#18198 = DIRECTION('',(0.,1.,0.));
#18199 = DIRECTION('',(0.,-0.,1.));
#18200 = ORIENTED_EDGE('',*,*,#18201,.F.);
#18201 = EDGE_CURVE('',#18202,#18193,#18204,.T.);
#18202 = VERTEX_POINT('',#18203);
#18203 = CARTESIAN_POINT('',(-7.586206896552,-12.5,-5.));
#18204 = LINE('',#18205,#18206);
#18205 = CARTESIAN_POINT('',(-7.586206896552,-12.5,-5.));
#18206 = VECTOR('',#18207,1.);
#18207 = DIRECTION('',(-0.,1.,0.));
#18208 = ORIENTED_EDGE('',*,*,#18209,.T.);
#18209 = EDGE_CURVE('',#18202,#18136,#18210,.T.);
#18210 = CIRCLE('',#18211,5.);
#18211 = AXIS2_PLACEMENT_3D('',#18212,#18213,#18214);
#18212 = CARTESIAN_POINT('',(-7.586206896552,-12.5,0.));
#18213 = DIRECTION('',(0.,1.,0.));
#18214 = DIRECTION('',(0.,-0.,1.));
#18215 = CYLINDRICAL_SURFACE('',#18216,5.);
#18216 = AXIS2_PLACEMENT_3D('',#18217,#18218,#18219);
#18217 = CARTESIAN_POINT('',(-7.586206896552,-12.5,0.));
#18218 = DIRECTION('',(0.,1.,0.));
#18219 = DIRECTION('',(0.,-0.,1.));
#18220 = ADVANCED_FACE('',(#18221),#18262,.F.);
#18221 = FACE_BOUND('',#18222,.F.);
#18222 = EDGE_LOOP('',(#18223,#18224,#18232,#18240,#18248,#18256));
#18223 = ORIENTED_EDGE('',*,*,#18201,.F.);
#18224 = ORIENTED_EDGE('',*,*,#18225,.T.);
#18225 = EDGE_CURVE('',#18202,#18226,#18228,.T.);
#18226 = VERTEX_POINT('',#18227);
#18227 = CARTESIAN_POINT('',(7.586206896552,-12.5,-5.));
#18228 = LINE('',#18229,#18230);
#18229 = CARTESIAN_POINT('',(-7.586206896552,-12.5,-5.));
#18230 = VECTOR('',#18231,1.);
#18231 = DIRECTION('',(1.,0.,-0.));
#18232 = ORIENTED_EDGE('',*,*,#18233,.T.);
#18233 = EDGE_CURVE('',#18226,#18234,#18236,.T.);
#18234 = VERTEX_POINT('',#18235);
#18235 = CARTESIAN_POINT('',(7.586206896552,-11.,-5.));
#18236 = LINE('',#18237,#18238);
#18237 = CARTESIAN_POINT('',(7.586206896552,-12.5,-5.));
#18238 = VECTOR('',#18239,1.);
#18239 = DIRECTION('',(-0.,1.,0.));
#18240 = ORIENTED_EDGE('',*,*,#18241,.F.);
#18241 = EDGE_CURVE('',#18242,#18234,#18244,.T.);
#18242 = VERTEX_POINT('',#18243);
#18243 = CARTESIAN_POINT('',(1.5,-11.,-5.));
#18244 = LINE('',#18245,#18246);
#18245 = CARTESIAN_POINT('',(-7.586206896552,-11.,-5.));
#18246 = VECTOR('',#18247,1.);
#18247 = DIRECTION('',(1.,0.,-0.));
#18248 = ORIENTED_EDGE('',*,*,#18249,.F.);
#18249 = EDGE_CURVE('',#18250,#18242,#18252,.T.);
#18250 = VERTEX_POINT('',#18251);
#18251 = CARTESIAN_POINT('',(-1.5,-11.,-5.));
#18252 = LINE('',#18253,#18254);
#18253 = CARTESIAN_POINT('',(-7.586206896552,-11.,-5.));
#18254 = VECTOR('',#18255,1.);
#18255 = DIRECTION('',(1.,0.,-0.));
#18256 = ORIENTED_EDGE('',*,*,#18257,.F.);
#18257 = EDGE_CURVE('',#18193,#18250,#18258,.T.);
#18258 = LINE('',#18259,#18260);
#18259 = CARTESIAN_POINT('',(-7.586206896552,-11.,-5.));
#18260 = VECTOR('',#18261,1.);
#18261 = DIRECTION('',(1.,0.,-0.));
#18262 = PLANE('',#18263);
#18263 = AXIS2_PLACEMENT_3D('',#18264,#18265,#18266);
#18264 = CARTESIAN_POINT('',(-7.586206896552,-12.5,-5.));
#18265 = DIRECTION('',(0.,0.,1.));
#18266 = DIRECTION('',(1.,0.,-0.));
#18267 = ADVANCED_FACE('',(#18268),#18293,.F.);
#18268 = FACE_BOUND('',#18269,.F.);
#18269 = EDGE_LOOP('',(#18270,#18278,#18286,#18292));
#18270 = ORIENTED_EDGE('',*,*,#18271,.F.);
#18271 = EDGE_CURVE('',#18272,#18242,#18274,.T.);
#18272 = VERTEX_POINT('',#18273);
#18273 = CARTESIAN_POINT('',(1.5,-11.,-6.));
#18274 = LINE('',#18275,#18276);
#18275 = CARTESIAN_POINT('',(1.5,-11.,-6.));
#18276 = VECTOR('',#18277,1.);
#18277 = DIRECTION('',(0.,0.,1.));
#18278 = ORIENTED_EDGE('',*,*,#18279,.F.);
#18279 = EDGE_CURVE('',#18280,#18272,#18282,.T.);
#18280 = VERTEX_POINT('',#18281);
#18281 = CARTESIAN_POINT('',(-1.5,-11.,-6.));
#18282 = LINE('',#18283,#18284);
#18283 = CARTESIAN_POINT('',(-1.5,-11.,-6.));
#18284 = VECTOR('',#18285,1.);
#18285 = DIRECTION('',(1.,0.,-0.));
#18286 = ORIENTED_EDGE('',*,*,#18287,.T.);
#18287 = EDGE_CURVE('',#18280,#18250,#18288,.T.);
#18288 = LINE('',#18289,#18290);
#18289 = CARTESIAN_POINT('',(-1.5,-11.,-6.));
#18290 = VECTOR('',#18291,1.);
#18291 = DIRECTION('',(0.,0.,1.));
#18292 = ORIENTED_EDGE('',*,*,#18249,.T.);
#18293 = PLANE('',#18294);
#18294 = AXIS2_PLACEMENT_3D('',#18295,#18296,#18297);
#18295 = CARTESIAN_POINT('',(-1.5,-11.,-6.));
#18296 = DIRECTION('',(-0.,1.,0.));
#18297 = DIRECTION('',(0.,0.,1.));
#18298 = ADVANCED_FACE('',(#18299),#18317,.T.);
#18299 = FACE_BOUND('',#18300,.T.);
#18300 = EDGE_LOOP('',(#18301,#18308,#18309,#18316));
#18301 = ORIENTED_EDGE('',*,*,#18302,.F.);
#18302 = EDGE_CURVE('',#18154,#18234,#18303,.T.);
#18303 = CIRCLE('',#18304,5.);
#18304 = AXIS2_PLACEMENT_3D('',#18305,#18306,#18307);
#18305 = CARTESIAN_POINT('',(7.586206896552,-11.,0.));
#18306 = DIRECTION('',(0.,1.,0.));
#18307 = DIRECTION('',(0.,-0.,1.));
#18308 = ORIENTED_EDGE('',*,*,#18153,.F.);
#18309 = ORIENTED_EDGE('',*,*,#18310,.T.);
#18310 = EDGE_CURVE('',#18146,#18226,#18311,.T.);
#18311 = CIRCLE('',#18312,5.);
#18312 = AXIS2_PLACEMENT_3D('',#18313,#18314,#18315);
#18313 = CARTESIAN_POINT('',(7.586206896552,-12.5,0.));
#18314 = DIRECTION('',(0.,1.,0.));
#18315 = DIRECTION('',(0.,-0.,1.));
#18316 = ORIENTED_EDGE('',*,*,#18233,.T.);
#18317 = CYLINDRICAL_SURFACE('',#18318,5.);
#18318 = AXIS2_PLACEMENT_3D('',#18319,#18320,#18321);
#18319 = CARTESIAN_POINT('',(7.586206896552,-12.5,0.));
#18320 = DIRECTION('',(0.,1.,0.));
#18321 = DIRECTION('',(0.,-0.,1.));
#18322 = ADVANCED_FACE('',(#18323),#18348,.F.);
#18323 = FACE_BOUND('',#18324,.F.);
#18324 = EDGE_LOOP('',(#18325,#18326,#18334,#18342));
#18325 = ORIENTED_EDGE('',*,*,#18169,.F.);
#18326 = ORIENTED_EDGE('',*,*,#18327,.T.);
#18327 = EDGE_CURVE('',#18170,#18328,#18330,.T.);
#18328 = VERTEX_POINT('',#18329);
#18329 = CARTESIAN_POINT('',(-1.5,-11.,6.));
#18330 = LINE('',#18331,#18332);
#18331 = CARTESIAN_POINT('',(-1.5,-11.,4.5));
#18332 = VECTOR('',#18333,1.);
#18333 = DIRECTION('',(0.,0.,1.));
#18334 = ORIENTED_EDGE('',*,*,#18335,.T.);
#18335 = EDGE_CURVE('',#18328,#18336,#18338,.T.);
#18336 = VERTEX_POINT('',#18337);
#18337 = CARTESIAN_POINT('',(1.5,-11.,6.));
#18338 = LINE('',#18339,#18340);
#18339 = CARTESIAN_POINT('',(-1.5,-11.,6.));
#18340 = VECTOR('',#18341,1.);
#18341 = DIRECTION('',(1.,0.,-0.));
#18342 = ORIENTED_EDGE('',*,*,#18343,.F.);
#18343 = EDGE_CURVE('',#18162,#18336,#18344,.T.);
#18344 = LINE('',#18345,#18346);
#18345 = CARTESIAN_POINT('',(1.5,-11.,4.5));
#18346 = VECTOR('',#18347,1.);
#18347 = DIRECTION('',(0.,0.,1.));
#18348 = PLANE('',#18349);
#18349 = AXIS2_PLACEMENT_3D('',#18350,#18351,#18352);
#18350 = CARTESIAN_POINT('',(-1.5,-11.,4.5));
#18351 = DIRECTION('',(-0.,1.,0.));
#18352 = DIRECTION('',(0.,0.,1.));
#18353 = ADVANCED_FACE('',(#18354),#18395,.F.);
#18354 = FACE_BOUND('',#18355,.F.);
#18355 = EDGE_LOOP('',(#18356,#18357,#18365,#18373,#18381,#18389));
#18356 = ORIENTED_EDGE('',*,*,#18287,.F.);
#18357 = ORIENTED_EDGE('',*,*,#18358,.T.);
#18358 = EDGE_CURVE('',#18280,#18359,#18361,.T.);
#18359 = VERTEX_POINT('',#18360);
#18360 = CARTESIAN_POINT('',(-1.5,11.,-6.));
#18361 = LINE('',#18362,#18363);
#18362 = CARTESIAN_POINT('',(-1.5,-11.,-6.));
#18363 = VECTOR('',#18364,1.);
#18364 = DIRECTION('',(-0.,1.,0.));
#18365 = ORIENTED_EDGE('',*,*,#18366,.T.);
#18366 = EDGE_CURVE('',#18359,#18367,#18369,.T.);
#18367 = VERTEX_POINT('',#18368);
#18368 = CARTESIAN_POINT('',(-1.5,11.,-5.));
#18369 = LINE('',#18370,#18371);
#18370 = CARTESIAN_POINT('',(-1.5,11.,-6.));
#18371 = VECTOR('',#18372,1.);
#18372 = DIRECTION('',(0.,0.,1.));
#18373 = ORIENTED_EDGE('',*,*,#18374,.T.);
#18374 = EDGE_CURVE('',#18367,#18375,#18377,.T.);
#18375 = VERTEX_POINT('',#18376);
#18376 = CARTESIAN_POINT('',(-1.5,11.,-4.5));
#18377 = LINE('',#18378,#18379);
#18378 = CARTESIAN_POINT('',(-1.5,11.,-6.));
#18379 = VECTOR('',#18380,1.);
#18380 = DIRECTION('',(0.,0.,1.));
#18381 = ORIENTED_EDGE('',*,*,#18382,.F.);
#18382 = EDGE_CURVE('',#18383,#18375,#18385,.T.);
#18383 = VERTEX_POINT('',#18384);
#18384 = CARTESIAN_POINT('',(-1.5,-11.,-4.5));
#18385 = LINE('',#18386,#18387);
#18386 = CARTESIAN_POINT('',(-1.5,-11.,-4.5));
#18387 = VECTOR('',#18388,1.);
#18388 = DIRECTION('',(-0.,1.,0.));
#18389 = ORIENTED_EDGE('',*,*,#18390,.F.);
#18390 = EDGE_CURVE('',#18250,#18383,#18391,.T.);
#18391 = LINE('',#18392,#18393);
#18392 = CARTESIAN_POINT('',(-1.5,-11.,-6.));
#18393 = VECTOR('',#18394,1.);
#18394 = DIRECTION('',(0.,0.,1.));
#18395 = PLANE('',#18396);
#18396 = AXIS2_PLACEMENT_3D('',#18397,#18398,#18399);
#18397 = CARTESIAN_POINT('',(-1.5,-11.,-6.));
#18398 = DIRECTION('',(1.,0.,-0.));
#18399 = DIRECTION('',(0.,0.,1.));
#18400 = ADVANCED_FACE('',(#18401),#18426,.T.);
#18401 = FACE_BOUND('',#18402,.T.);
#18402 = EDGE_LOOP('',(#18403,#18404,#18412,#18420));
#18403 = ORIENTED_EDGE('',*,*,#18382,.F.);
#18404 = ORIENTED_EDGE('',*,*,#18405,.T.);
#18405 = EDGE_CURVE('',#18383,#18406,#18408,.T.);
#18406 = VERTEX_POINT('',#18407);
#18407 = CARTESIAN_POINT('',(1.5,-11.,-4.5));
#18408 = LINE('',#18409,#18410);
#18409 = CARTESIAN_POINT('',(-1.5,-11.,-4.5));
#18410 = VECTOR('',#18411,1.);
#18411 = DIRECTION('',(1.,0.,-0.));
#18412 = ORIENTED_EDGE('',*,*,#18413,.T.);
#18413 = EDGE_CURVE('',#18406,#18414,#18416,.T.);
#18414 = VERTEX_POINT('',#18415);
#18415 = CARTESIAN_POINT('',(1.5,11.,-4.5));
#18416 = LINE('',#18417,#18418);
#18417 = CARTESIAN_POINT('',(1.5,-11.,-4.5));
#18418 = VECTOR('',#18419,1.);
#18419 = DIRECTION('',(-0.,1.,0.));
#18420 = ORIENTED_EDGE('',*,*,#18421,.F.);
#18421 = EDGE_CURVE('',#18375,#18414,#18422,.T.);
#18422 = LINE('',#18423,#18424);
#18423 = CARTESIAN_POINT('',(-1.5,11.,-4.5));
#18424 = VECTOR('',#18425,1.);
#18425 = DIRECTION('',(1.,0.,-0.));
#18426 = PLANE('',#18427);
#18427 = AXIS2_PLACEMENT_3D('',#18428,#18429,#18430);
#18428 = CARTESIAN_POINT('',(-1.5,-11.,-4.5));
#18429 = DIRECTION('',(0.,0.,1.));
#18430 = DIRECTION('',(1.,0.,-0.));
#18431 = ADVANCED_FACE('',(#18432),#18464,.T.);
#18432 = FACE_BOUND('',#18433,.T.);
#18433 = EDGE_LOOP('',(#18434,#18435,#18443,#18451,#18457,#18458));
#18434 = ORIENTED_EDGE('',*,*,#18271,.F.);
#18435 = ORIENTED_EDGE('',*,*,#18436,.T.);
#18436 = EDGE_CURVE('',#18272,#18437,#18439,.T.);
#18437 = VERTEX_POINT('',#18438);
#18438 = CARTESIAN_POINT('',(1.5,11.,-6.));
#18439 = LINE('',#18440,#18441);
#18440 = CARTESIAN_POINT('',(1.5,-11.,-6.));
#18441 = VECTOR('',#18442,1.);
#18442 = DIRECTION('',(-0.,1.,0.));
#18443 = ORIENTED_EDGE('',*,*,#18444,.T.);
#18444 = EDGE_CURVE('',#18437,#18445,#18447,.T.);
#18445 = VERTEX_POINT('',#18446);
#18446 = CARTESIAN_POINT('',(1.5,11.,-5.));
#18447 = LINE('',#18448,#18449);
#18448 = CARTESIAN_POINT('',(1.5,11.,-6.));
#18449 = VECTOR('',#18450,1.);
#18450 = DIRECTION('',(0.,0.,1.));
#18451 = ORIENTED_EDGE('',*,*,#18452,.T.);
#18452 = EDGE_CURVE('',#18445,#18414,#18453,.T.);
#18453 = LINE('',#18454,#18455);
#18454 = CARTESIAN_POINT('',(1.5,11.,-6.));
#18455 = VECTOR('',#18456,1.);
#18456 = DIRECTION('',(0.,0.,1.));
#18457 = ORIENTED_EDGE('',*,*,#18413,.F.);
#18458 = ORIENTED_EDGE('',*,*,#18459,.F.);
#18459 = EDGE_CURVE('',#18242,#18406,#18460,.T.);
#18460 = LINE('',#18461,#18462);
#18461 = CARTESIAN_POINT('',(1.5,-11.,-6.));
#18462 = VECTOR('',#18463,1.);
#18463 = DIRECTION('',(0.,0.,1.));
#18464 = PLANE('',#18465);
#18465 = AXIS2_PLACEMENT_3D('',#18466,#18467,#18468);
#18466 = CARTESIAN_POINT('',(1.5,-11.,-6.));
#18467 = DIRECTION('',(1.,0.,-0.));
#18468 = DIRECTION('',(0.,0.,1.));
#18469 = ADVANCED_FACE('',(#18470),#18511,.T.);
#18470 = FACE_BOUND('',#18471,.T.);
#18471 = EDGE_LOOP('',(#18472,#18480,#18488,#18496,#18504,#18510));
#18472 = ORIENTED_EDGE('',*,*,#18473,.F.);
#18473 = EDGE_CURVE('',#18474,#18162,#18476,.T.);
#18474 = VERTEX_POINT('',#18475);
#18475 = CARTESIAN_POINT('',(1.5,-11.,4.5));
#18476 = LINE('',#18477,#18478);
#18477 = CARTESIAN_POINT('',(1.5,-11.,4.5));
#18478 = VECTOR('',#18479,1.);
#18479 = DIRECTION('',(0.,0.,1.));
#18480 = ORIENTED_EDGE('',*,*,#18481,.T.);
#18481 = EDGE_CURVE('',#18474,#18482,#18484,.T.);
#18482 = VERTEX_POINT('',#18483);
#18483 = CARTESIAN_POINT('',(1.5,11.,4.5));
#18484 = LINE('',#18485,#18486);
#18485 = CARTESIAN_POINT('',(1.5,-11.,4.5));
#18486 = VECTOR('',#18487,1.);
#18487 = DIRECTION('',(-0.,1.,0.));
#18488 = ORIENTED_EDGE('',*,*,#18489,.T.);
#18489 = EDGE_CURVE('',#18482,#18490,#18492,.T.);
#18490 = VERTEX_POINT('',#18491);
#18491 = CARTESIAN_POINT('',(1.5,11.,5.));
#18492 = LINE('',#18493,#18494);
#18493 = CARTESIAN_POINT('',(1.5,11.,4.5));
#18494 = VECTOR('',#18495,1.);
#18495 = DIRECTION('',(0.,0.,1.));
#18496 = ORIENTED_EDGE('',*,*,#18497,.T.);
#18497 = EDGE_CURVE('',#18490,#18498,#18500,.T.);
#18498 = VERTEX_POINT('',#18499);
#18499 = CARTESIAN_POINT('',(1.5,11.,6.));
#18500 = LINE('',#18501,#18502);
#18501 = CARTESIAN_POINT('',(1.5,11.,4.5));
#18502 = VECTOR('',#18503,1.);
#18503 = DIRECTION('',(0.,0.,1.));
#18504 = ORIENTED_EDGE('',*,*,#18505,.F.);
#18505 = EDGE_CURVE('',#18336,#18498,#18506,.T.);
#18506 = LINE('',#18507,#18508);
#18507 = CARTESIAN_POINT('',(1.5,-11.,6.));
#18508 = VECTOR('',#18509,1.);
#18509 = DIRECTION('',(-0.,1.,0.));
#18510 = ORIENTED_EDGE('',*,*,#18343,.F.);
#18511 = PLANE('',#18512);
#18512 = AXIS2_PLACEMENT_3D('',#18513,#18514,#18515);
#18513 = CARTESIAN_POINT('',(1.5,-11.,4.5));
#18514 = DIRECTION('',(1.,0.,-0.));
#18515 = DIRECTION('',(0.,0.,1.));
#18516 = ADVANCED_FACE('',(#18517),#18542,.F.);
#18517 = FACE_BOUND('',#18518,.F.);
#18518 = EDGE_LOOP('',(#18519,#18529,#18535,#18536));
#18519 = ORIENTED_EDGE('',*,*,#18520,.F.);
#18520 = EDGE_CURVE('',#18521,#18523,#18525,.T.);
#18521 = VERTEX_POINT('',#18522);
#18522 = CARTESIAN_POINT('',(-1.5,-11.,4.5));
#18523 = VERTEX_POINT('',#18524);
#18524 = CARTESIAN_POINT('',(-1.5,11.,4.5));
#18525 = LINE('',#18526,#18527);
#18526 = CARTESIAN_POINT('',(-1.5,-11.,4.5));
#18527 = VECTOR('',#18528,1.);
#18528 = DIRECTION('',(-0.,1.,0.));
#18529 = ORIENTED_EDGE('',*,*,#18530,.T.);
#18530 = EDGE_CURVE('',#18521,#18474,#18531,.T.);
#18531 = LINE('',#18532,#18533);
#18532 = CARTESIAN_POINT('',(-1.5,-11.,4.5));
#18533 = VECTOR('',#18534,1.);
#18534 = DIRECTION('',(1.,0.,-0.));
#18535 = ORIENTED_EDGE('',*,*,#18481,.T.);
#18536 = ORIENTED_EDGE('',*,*,#18537,.F.);
#18537 = EDGE_CURVE('',#18523,#18482,#18538,.T.);
#18538 = LINE('',#18539,#18540);
#18539 = CARTESIAN_POINT('',(-1.5,11.,4.5));
#18540 = VECTOR('',#18541,1.);
#18541 = DIRECTION('',(1.,0.,-0.));
#18542 = PLANE('',#18543);
#18543 = AXIS2_PLACEMENT_3D('',#18544,#18545,#18546);
#18544 = CARTESIAN_POINT('',(-1.5,-11.,4.5));
#18545 = DIRECTION('',(0.,0.,1.));
#18546 = DIRECTION('',(1.,0.,-0.));
#18547 = ADVANCED_FACE('',(#18548),#18580,.F.);
#18548 = FACE_BOUND('',#18549,.F.);
#18549 = EDGE_LOOP('',(#18550,#18556,#18557,#18565,#18573,#18579));
#18550 = ORIENTED_EDGE('',*,*,#18551,.F.);
#18551 = EDGE_CURVE('',#18521,#18170,#18552,.T.);
#18552 = LINE('',#18553,#18554);
#18553 = CARTESIAN_POINT('',(-1.5,-11.,4.5));
#18554 = VECTOR('',#18555,1.);
#18555 = DIRECTION('',(0.,0.,1.));
#18556 = ORIENTED_EDGE('',*,*,#18520,.T.);
#18557 = ORIENTED_EDGE('',*,*,#18558,.T.);
#18558 = EDGE_CURVE('',#18523,#18559,#18561,.T.);
#18559 = VERTEX_POINT('',#18560);
#18560 = CARTESIAN_POINT('',(-1.5,11.,5.));
#18561 = LINE('',#18562,#18563);
#18562 = CARTESIAN_POINT('',(-1.5,11.,4.5));
#18563 = VECTOR('',#18564,1.);
#18564 = DIRECTION('',(0.,0.,1.));
#18565 = ORIENTED_EDGE('',*,*,#18566,.T.);
#18566 = EDGE_CURVE('',#18559,#18567,#18569,.T.);
#18567 = VERTEX_POINT('',#18568);
#18568 = CARTESIAN_POINT('',(-1.5,11.,6.));
#18569 = LINE('',#18570,#18571);
#18570 = CARTESIAN_POINT('',(-1.5,11.,4.5));
#18571 = VECTOR('',#18572,1.);
#18572 = DIRECTION('',(0.,0.,1.));
#18573 = ORIENTED_EDGE('',*,*,#18574,.F.);
#18574 = EDGE_CURVE('',#18328,#18567,#18575,.T.);
#18575 = LINE('',#18576,#18577);
#18576 = CARTESIAN_POINT('',(-1.5,-11.,6.));
#18577 = VECTOR('',#18578,1.);
#18578 = DIRECTION('',(-0.,1.,0.));
#18579 = ORIENTED_EDGE('',*,*,#18327,.F.);
#18580 = PLANE('',#18581);
#18581 = AXIS2_PLACEMENT_3D('',#18582,#18583,#18584);
#18582 = CARTESIAN_POINT('',(-1.5,-11.,4.5));
#18583 = DIRECTION('',(1.,0.,-0.));
#18584 = DIRECTION('',(0.,0.,1.));
#18585 = ADVANCED_FACE('',(#18586),#18597,.F.);
#18586 = FACE_BOUND('',#18587,.F.);
#18587 = EDGE_LOOP('',(#18588,#18589,#18590,#18591));
#18588 = ORIENTED_EDGE('',*,*,#18358,.F.);
#18589 = ORIENTED_EDGE('',*,*,#18279,.T.);
#18590 = ORIENTED_EDGE('',*,*,#18436,.T.);
#18591 = ORIENTED_EDGE('',*,*,#18592,.F.);
#18592 = EDGE_CURVE('',#18359,#18437,#18593,.T.);
#18593 = LINE('',#18594,#18595);
#18594 = CARTESIAN_POINT('',(-1.5,11.,-6.));
#18595 = VECTOR('',#18596,1.);
#18596 = DIRECTION('',(1.,0.,-0.));
#18597 = PLANE('',#18598);
#18598 = AXIS2_PLACEMENT_3D('',#18599,#18600,#18601);
#18599 = CARTESIAN_POINT('',(-1.5,-11.,-6.));
#18600 = DIRECTION('',(0.,0.,1.));
#18601 = DIRECTION('',(1.,0.,-0.));
#18602 = ADVANCED_FACE('',(#18603),#18614,.T.);
#18603 = FACE_BOUND('',#18604,.T.);
#18604 = EDGE_LOOP('',(#18605,#18606,#18607,#18608));
#18605 = ORIENTED_EDGE('',*,*,#18574,.F.);
#18606 = ORIENTED_EDGE('',*,*,#18335,.T.);
#18607 = ORIENTED_EDGE('',*,*,#18505,.T.);
#18608 = ORIENTED_EDGE('',*,*,#18609,.F.);
#18609 = EDGE_CURVE('',#18567,#18498,#18610,.T.);
#18610 = LINE('',#18611,#18612);
#18611 = CARTESIAN_POINT('',(-1.5,11.,6.));
#18612 = VECTOR('',#18613,1.);
#18613 = DIRECTION('',(1.,0.,-0.));
#18614 = PLANE('',#18615);
#18615 = AXIS2_PLACEMENT_3D('',#18616,#18617,#18618);
#18616 = CARTESIAN_POINT('',(-1.5,-11.,6.));
#18617 = DIRECTION('',(0.,0.,1.));
#18618 = DIRECTION('',(1.,0.,-0.));
#18619 = ADVANCED_FACE('',(#18620),#18631,.T.);
#18620 = FACE_BOUND('',#18621,.T.);
#18621 = EDGE_LOOP('',(#18622,#18623,#18624,#18625));
#18622 = ORIENTED_EDGE('',*,*,#18444,.F.);
#18623 = ORIENTED_EDGE('',*,*,#18592,.F.);
#18624 = ORIENTED_EDGE('',*,*,#18366,.T.);
#18625 = ORIENTED_EDGE('',*,*,#18626,.T.);
#18626 = EDGE_CURVE('',#18367,#18445,#18627,.T.);
#18627 = LINE('',#18628,#18629);
#18628 = CARTESIAN_POINT('',(-7.586206896552,11.,-5.));
#18629 = VECTOR('',#18630,1.);
#18630 = DIRECTION('',(1.,0.,-0.));
#18631 = PLANE('',#18632);
#18632 = AXIS2_PLACEMENT_3D('',#18633,#18634,#18635);
#18633 = CARTESIAN_POINT('',(-1.5,11.,-6.));
#18634 = DIRECTION('',(-0.,1.,0.));
#18635 = DIRECTION('',(0.,0.,1.));
#18636 = ADVANCED_FACE('',(#18637),#18648,.T.);
#18637 = FACE_BOUND('',#18638,.T.);
#18638 = EDGE_LOOP('',(#18639,#18645,#18646,#18647));
#18639 = ORIENTED_EDGE('',*,*,#18640,.F.);
#18640 = EDGE_CURVE('',#18559,#18490,#18641,.T.);
#18641 = LINE('',#18642,#18643);
#18642 = CARTESIAN_POINT('',(-7.586206896552,11.,5.));
#18643 = VECTOR('',#18644,1.);
#18644 = DIRECTION('',(1.,0.,-0.));
#18645 = ORIENTED_EDGE('',*,*,#18566,.T.);
#18646 = ORIENTED_EDGE('',*,*,#18609,.T.);
#18647 = ORIENTED_EDGE('',*,*,#18497,.F.);
#18648 = PLANE('',#18649);
#18649 = AXIS2_PLACEMENT_3D('',#18650,#18651,#18652);
#18650 = CARTESIAN_POINT('',(-1.5,11.,4.5));
#18651 = DIRECTION('',(-0.,1.,0.));
#18652 = DIRECTION('',(0.,0.,1.));
#18653 = ADVANCED_FACE('',(#18654),#18695,.F.);
#18654 = FACE_BOUND('',#18655,.F.);
#18655 = EDGE_LOOP('',(#18656,#18666,#18672,#18673,#18681,#18689));
#18656 = ORIENTED_EDGE('',*,*,#18657,.F.);
#18657 = EDGE_CURVE('',#18658,#18660,#18662,.T.);
#18658 = VERTEX_POINT('',#18659);
#18659 = CARTESIAN_POINT('',(-7.586206896552,11.,-5.));
#18660 = VERTEX_POINT('',#18661);
#18661 = CARTESIAN_POINT('',(-7.586206896552,12.5,-5.));
#18662 = LINE('',#18663,#18664);
#18663 = CARTESIAN_POINT('',(-7.586206896552,11.,-5.));
#18664 = VECTOR('',#18665,1.);
#18665 = DIRECTION('',(-0.,1.,0.));
#18666 = ORIENTED_EDGE('',*,*,#18667,.T.);
#18667 = EDGE_CURVE('',#18658,#18367,#18668,.T.);
#18668 = LINE('',#18669,#18670);
#18669 = CARTESIAN_POINT('',(-7.586206896552,11.,-5.));
#18670 = VECTOR('',#18671,1.);
#18671 = DIRECTION('',(1.,0.,-0.));
#18672 = ORIENTED_EDGE('',*,*,#18626,.T.);
#18673 = ORIENTED_EDGE('',*,*,#18674,.T.);
#18674 = EDGE_CURVE('',#18445,#18675,#18677,.T.);
#18675 = VERTEX_POINT('',#18676);
#18676 = CARTESIAN_POINT('',(7.586206896552,11.,-5.));
#18677 = LINE('',#18678,#18679);
#18678 = CARTESIAN_POINT('',(-7.586206896552,11.,-5.));
#18679 = VECTOR('',#18680,1.);
#18680 = DIRECTION('',(1.,0.,-0.));
#18681 = ORIENTED_EDGE('',*,*,#18682,.T.);
#18682 = EDGE_CURVE('',#18675,#18683,#18685,.T.);
#18683 = VERTEX_POINT('',#18684);
#18684 = CARTESIAN_POINT('',(7.586206896552,12.5,-5.));
#18685 = LINE('',#18686,#18687);
#18686 = CARTESIAN_POINT('',(7.586206896552,11.,-5.));
#18687 = VECTOR('',#18688,1.);
#18688 = DIRECTION('',(-0.,1.,0.));
#18689 = ORIENTED_EDGE('',*,*,#18690,.F.);
#18690 = EDGE_CURVE('',#18660,#18683,#18691,.T.);
#18691 = LINE('',#18692,#18693);
#18692 = CARTESIAN_POINT('',(-7.586206896552,12.5,-5.));
#18693 = VECTOR('',#18694,1.);
#18694 = DIRECTION('',(1.,0.,-0.));
#18695 = PLANE('',#18696);
#18696 = AXIS2_PLACEMENT_3D('',#18697,#18698,#18699);
#18697 = CARTESIAN_POINT('',(-7.586206896552,11.,-5.));
#18698 = DIRECTION('',(0.,0.,1.));
#18699 = DIRECTION('',(1.,0.,-0.));
#18700 = ADVANCED_FACE('',(#18701),#18742,.T.);
#18701 = FACE_BOUND('',#18702,.T.);
#18702 = EDGE_LOOP('',(#18703,#18713,#18719,#18720,#18728,#18736));
#18703 = ORIENTED_EDGE('',*,*,#18704,.F.);
#18704 = EDGE_CURVE('',#18705,#18707,#18709,.T.);
#18705 = VERTEX_POINT('',#18706);
#18706 = CARTESIAN_POINT('',(-7.586206896552,11.,5.));
#18707 = VERTEX_POINT('',#18708);
#18708 = CARTESIAN_POINT('',(-7.586206896552,12.5,5.));
#18709 = LINE('',#18710,#18711);
#18710 = CARTESIAN_POINT('',(-7.586206896552,11.,5.));
#18711 = VECTOR('',#18712,1.);
#18712 = DIRECTION('',(-0.,1.,0.));
#18713 = ORIENTED_EDGE('',*,*,#18714,.T.);
#18714 = EDGE_CURVE('',#18705,#18559,#18715,.T.);
#18715 = LINE('',#18716,#18717);
#18716 = CARTESIAN_POINT('',(-7.586206896552,11.,5.));
#18717 = VECTOR('',#18718,1.);
#18718 = DIRECTION('',(1.,0.,-0.));
#18719 = ORIENTED_EDGE('',*,*,#18640,.T.);
#18720 = ORIENTED_EDGE('',*,*,#18721,.T.);
#18721 = EDGE_CURVE('',#18490,#18722,#18724,.T.);
#18722 = VERTEX_POINT('',#18723);
#18723 = CARTESIAN_POINT('',(7.586206896552,11.,5.));
#18724 = LINE('',#18725,#18726);
#18725 = CARTESIAN_POINT('',(-7.586206896552,11.,5.));
#18726 = VECTOR('',#18727,1.);
#18727 = DIRECTION('',(1.,0.,-0.));
#18728 = ORIENTED_EDGE('',*,*,#18729,.T.);
#18729 = EDGE_CURVE('',#18722,#18730,#18732,.T.);
#18730 = VERTEX_POINT('',#18731);
#18731 = CARTESIAN_POINT('',(7.586206896552,12.5,5.));
#18732 = LINE('',#18733,#18734);
#18733 = CARTESIAN_POINT('',(7.586206896552,11.,5.));
#18734 = VECTOR('',#18735,1.);
#18735 = DIRECTION('',(-0.,1.,0.));
#18736 = ORIENTED_EDGE('',*,*,#18737,.F.);
#18737 = EDGE_CURVE('',#18707,#18730,#18738,.T.);
#18738 = LINE('',#18739,#18740);
#18739 = CARTESIAN_POINT('',(-7.586206896552,12.5,5.));
#18740 = VECTOR('',#18741,1.);
#18741 = DIRECTION('',(1.,0.,-0.));
#18742 = PLANE('',#18743);
#18743 = AXIS2_PLACEMENT_3D('',#18744,#18745,#18746);
#18744 = CARTESIAN_POINT('',(-7.586206896552,11.,5.));
#18745 = DIRECTION('',(0.,0.,1.));
#18746 = DIRECTION('',(1.,0.,-0.));
#18747 = ADVANCED_FACE('',(#18748),#18766,.T.);
#18748 = FACE_BOUND('',#18749,.T.);
#18749 = EDGE_LOOP('',(#18750,#18751,#18758,#18759));
#18750 = ORIENTED_EDGE('',*,*,#18704,.T.);
#18751 = ORIENTED_EDGE('',*,*,#18752,.F.);
#18752 = EDGE_CURVE('',#18660,#18707,#18753,.T.);
#18753 = CIRCLE('',#18754,5.);
#18754 = AXIS2_PLACEMENT_3D('',#18755,#18756,#18757);
#18755 = CARTESIAN_POINT('',(-7.586206896552,12.5,0.));
#18756 = DIRECTION('',(0.,1.,0.));
#18757 = DIRECTION('',(0.,-0.,1.));
#18758 = ORIENTED_EDGE('',*,*,#18657,.F.);
#18759 = ORIENTED_EDGE('',*,*,#18760,.T.);
#18760 = EDGE_CURVE('',#18658,#18705,#18761,.T.);
#18761 = CIRCLE('',#18762,5.);
#18762 = AXIS2_PLACEMENT_3D('',#18763,#18764,#18765);
#18763 = CARTESIAN_POINT('',(-7.586206896552,11.,0.));
#18764 = DIRECTION('',(0.,1.,0.));
#18765 = DIRECTION('',(0.,-0.,1.));
#18766 = CYLINDRICAL_SURFACE('',#18767,5.);
#18767 = AXIS2_PLACEMENT_3D('',#18768,#18769,#18770);
#18768 = CARTESIAN_POINT('',(-7.586206896552,11.,0.));
#18769 = DIRECTION('',(0.,1.,0.));
#18770 = DIRECTION('',(0.,-0.,1.));
#18771 = ADVANCED_FACE('',(#18772),#18790,.T.);
#18772 = FACE_BOUND('',#18773,.T.);
#18773 = EDGE_LOOP('',(#18774,#18781,#18782,#18789));
#18774 = ORIENTED_EDGE('',*,*,#18775,.F.);
#18775 = EDGE_CURVE('',#18730,#18683,#18776,.T.);
#18776 = CIRCLE('',#18777,5.);
#18777 = AXIS2_PLACEMENT_3D('',#18778,#18779,#18780);
#18778 = CARTESIAN_POINT('',(7.586206896552,12.5,0.));
#18779 = DIRECTION('',(0.,1.,0.));
#18780 = DIRECTION('',(0.,-0.,1.));
#18781 = ORIENTED_EDGE('',*,*,#18729,.F.);
#18782 = ORIENTED_EDGE('',*,*,#18783,.T.);
#18783 = EDGE_CURVE('',#18722,#18675,#18784,.T.);
#18784 = CIRCLE('',#18785,5.);
#18785 = AXIS2_PLACEMENT_3D('',#18786,#18787,#18788);
#18786 = CARTESIAN_POINT('',(7.586206896552,11.,0.));
#18787 = DIRECTION('',(0.,1.,0.));
#18788 = DIRECTION('',(0.,-0.,1.));
#18789 = ORIENTED_EDGE('',*,*,#18682,.T.);
#18790 = CYLINDRICAL_SURFACE('',#18791,5.);
#18791 = AXIS2_PLACEMENT_3D('',#18792,#18793,#18794);
#18792 = CARTESIAN_POINT('',(7.586206896552,11.,0.));
#18793 = DIRECTION('',(0.,1.,0.));
#18794 = DIRECTION('',(0.,-0.,1.));
#18795 = ADVANCED_FACE('',(#18796),#18802,.T.);
#18796 = FACE_BOUND('',#18797,.T.);
#18797 = EDGE_LOOP('',(#18798,#18799,#18800,#18801));
#18798 = ORIENTED_EDGE('',*,*,#18225,.T.);
#18799 = ORIENTED_EDGE('',*,*,#18310,.F.);
#18800 = ORIENTED_EDGE('',*,*,#18145,.F.);
#18801 = ORIENTED_EDGE('',*,*,#18209,.F.);
#18802 = PLANE('',#18803);
#18803 = AXIS2_PLACEMENT_3D('',#18804,#18805,#18806);
#18804 = CARTESIAN_POINT('',(-6.476089505928E-16,-12.5,
    -2.354941638519E-16));
#18805 = DIRECTION('',(-0.,-1.,-0.));
#18806 = DIRECTION('',(0.,0.,-1.));
#18807 = ADVANCED_FACE('',(#18808),#18822,.T.);
#18808 = FACE_BOUND('',#18809,.T.);
#18809 = EDGE_LOOP('',(#18810,#18811,#18812,#18813,#18814,#18815,#18816,
    #18817,#18818,#18819,#18820,#18821));
#18810 = ORIENTED_EDGE('',*,*,#18257,.F.);
#18811 = ORIENTED_EDGE('',*,*,#18192,.T.);
#18812 = ORIENTED_EDGE('',*,*,#18177,.T.);
#18813 = ORIENTED_EDGE('',*,*,#18551,.F.);
#18814 = ORIENTED_EDGE('',*,*,#18530,.T.);
#18815 = ORIENTED_EDGE('',*,*,#18473,.T.);
#18816 = ORIENTED_EDGE('',*,*,#18161,.T.);
#18817 = ORIENTED_EDGE('',*,*,#18302,.T.);
#18818 = ORIENTED_EDGE('',*,*,#18241,.F.);
#18819 = ORIENTED_EDGE('',*,*,#18459,.T.);
#18820 = ORIENTED_EDGE('',*,*,#18405,.F.);
#18821 = ORIENTED_EDGE('',*,*,#18390,.F.);
#18822 = PLANE('',#18823);
#18823 = AXIS2_PLACEMENT_3D('',#18824,#18825,#18826);
#18824 = CARTESIAN_POINT('',(1.139697972182E-16,-11.,-2.279395944363E-16
    ));
#18825 = DIRECTION('',(0.,1.,0.));
#18826 = DIRECTION('',(0.,-0.,1.));
#18827 = ADVANCED_FACE('',(#18828),#18842,.T.);
#18828 = FACE_BOUND('',#18829,.T.);
#18829 = EDGE_LOOP('',(#18830,#18831,#18832,#18833,#18834,#18835,#18836,
    #18837,#18838,#18839,#18840,#18841));
#18830 = ORIENTED_EDGE('',*,*,#18667,.T.);
#18831 = ORIENTED_EDGE('',*,*,#18374,.T.);
#18832 = ORIENTED_EDGE('',*,*,#18421,.T.);
#18833 = ORIENTED_EDGE('',*,*,#18452,.F.);
#18834 = ORIENTED_EDGE('',*,*,#18674,.T.);
#18835 = ORIENTED_EDGE('',*,*,#18783,.F.);
#18836 = ORIENTED_EDGE('',*,*,#18721,.F.);
#18837 = ORIENTED_EDGE('',*,*,#18489,.F.);
#18838 = ORIENTED_EDGE('',*,*,#18537,.F.);
#18839 = ORIENTED_EDGE('',*,*,#18558,.T.);
#18840 = ORIENTED_EDGE('',*,*,#18714,.F.);
#18841 = ORIENTED_EDGE('',*,*,#18760,.F.);
#18842 = PLANE('',#18843);
#18843 = AXIS2_PLACEMENT_3D('',#18844,#18845,#18846);
#18844 = CARTESIAN_POINT('',(-6.268338846999E-16,11.,-2.279395944363E-16
    ));
#18845 = DIRECTION('',(-0.,-1.,-0.));
#18846 = DIRECTION('',(0.,0.,-1.));
#18847 = ADVANCED_FACE('',(#18848),#18854,.T.);
#18848 = FACE_BOUND('',#18849,.T.);
#18849 = EDGE_LOOP('',(#18850,#18851,#18852,#18853));
#18850 = ORIENTED_EDGE('',*,*,#18690,.F.);
#18851 = ORIENTED_EDGE('',*,*,#18752,.T.);
#18852 = ORIENTED_EDGE('',*,*,#18737,.T.);
#18853 = ORIENTED_EDGE('',*,*,#18775,.T.);
#18854 = PLANE('',#18855);
#18855 = AXIS2_PLACEMENT_3D('',#18856,#18857,#18858);
#18856 = CARTESIAN_POINT('',(-3.532412457779E-16,12.5,8.831031144447E-17
    ));
#18857 = DIRECTION('',(0.,1.,0.));
#18858 = DIRECTION('',(0.,-0.,1.));
#18859 = ( GEOMETRIC_REPRESENTATION_CONTEXT(3) 
GLOBAL_UNCERTAINTY_ASSIGNED_CONTEXT((#18863)) 
GLOBAL_UNIT_ASSIGNED_CONTEXT((#18860,#18861,#18862)) 
REPRESENTATION_CONTEXT('Context #1',
  '3D Context with UNIT and UNCERTAINTY') );
#18860 = ( LENGTH_UNIT() NAMED_UNIT(*) SI_UNIT(.MILLI.,.METRE.) );
#18861 = ( NAMED_UNIT(*) PLANE_ANGLE_UNIT() SI_UNIT($,.RADIAN.) );
#18862 = ( NAMED_UNIT(*) SI_UNIT($,.STERADIAN.) SOLID_ANGLE_UNIT() );
#18863 = UNCERTAINTY_MEASURE_WITH_UNIT(LENGTH_MEASURE(1.E-07),#18860,
  'distance_accuracy_value','confusion accuracy');
#18864 = CONTEXT_DEPENDENT_SHAPE_REPRESENTATION(#18865,#18867);
#18865 = ( REPRESENTATION_RELATIONSHIP('','',#18128,#10) 
REPRESENTATION_RELATIONSHIP_WITH_TRANSFORMATION(#18866) 
SHAPE_REPRESENTATION_RELATIONSHIP() );
#18866 = ITEM_DEFINED_TRANSFORMATION('','',#11,#111);
#18867 = PRODUCT_DEFINITION_SHAPE('Placement','Placement of an item',
  #18868);
#18868 = NEXT_ASSEMBLY_USAGE_OCCURRENCE('25','link_24','',#5,#18123,$);
#18869 = PRODUCT_RELATED_PRODUCT_CATEGORY('part',$,(#18125));
#18870 = SHAPE_DEFINITION_REPRESENTATION(#18871,#18877);
#18871 = PRODUCT_DEFINITION_SHAPE('','',#18872);
#18872 = PRODUCT_DEFINITION('design','',#18873,#18876);
#18873 = PRODUCT_DEFINITION_FORMATION('','',#18874);
#18874 = PRODUCT('link_25','link_25','',(#18875));
#18875 = PRODUCT_CONTEXT('',#2,'mechanical');
#18876 = PRODUCT_DEFINITION_CONTEXT('part definition',#2,'design');
#18877 = ADVANCED_BREP_SHAPE_REPRESENTATION('',(#11,#18878),#19608);
#18878 = MANIFOLD_SOLID_BREP('',#18879);
#18879 = CLOSED_SHELL('',(#18880,#18936,#18969,#19016,#19047,#19071,
    #19102,#19149,#19180,#19218,#19265,#19296,#19334,#19351,#19368,
    #19385,#19402,#19449,#19496,#19520,#19544,#19556,#19576,#19596));
#18880 = ADVANCED_FACE('',(#18881),#18931,.T.);
#18881 = FACE_BOUND('',#18882,.T.);
#18882 = EDGE_LOOP('',(#18883,#18893,#18901,#18909,#18917,#18925));
#18883 = ORIENTED_EDGE('',*,*,#18884,.F.);
#18884 = EDGE_CURVE('',#18885,#18887,#18889,.T.);
#18885 = VERTEX_POINT('',#18886);
#18886 = CARTESIAN_POINT('',(-7.586206896552,-12.5,5.));
#18887 = VERTEX_POINT('',#18888);
#18888 = CARTESIAN_POINT('',(-7.586206896552,-11.,5.));
#18889 = LINE('',#18890,#18891);
#18890 = CARTESIAN_POINT('',(-7.586206896552,-12.5,5.));
#18891 = VECTOR('',#18892,1.);
#18892 = DIRECTION('',(-0.,1.,0.));
#18893 = ORIENTED_EDGE('',*,*,#18894,.T.);
#18894 = EDGE_CURVE('',#18885,#18895,#18897,.T.);
#18895 = VERTEX_POINT('',#18896);
#18896 = CARTESIAN_POINT('',(7.586206896552,-12.5,5.));
#18897 = LINE('',#18898,#18899);
#18898 = CARTESIAN_POINT('',(-7.586206896552,-12.5,5.));
#18899 = VECTOR('',#18900,1.);
#18900 = DIRECTION('',(1.,0.,-0.));
#18901 = ORIENTED_EDGE('',*,*,#18902,.T.);
#18902 = EDGE_CURVE('',#18895,#18903,#18905,.T.);
#18903 = VERTEX_POINT('',#18904);
#18904 = CARTESIAN_POINT('',(7.586206896552,-11.,5.));
#18905 = LINE('',#18906,#18907);
#18906 = CARTESIAN_POINT('',(7.586206896552,-12.5,5.));
#18907 = VECTOR('',#18908,1.);
#18908 = DIRECTION('',(-0.,1.,0.));
#18909 = ORIENTED_EDGE('',*,*,#18910,.F.);
#18910 = EDGE_CURVE('',#18911,#18903,#18913,.T.);
#18911 = VERTEX_POINT('',#18912);
#18912 = CARTESIAN_POINT('',(1.5,-11.,5.));
#18913 = LINE('',#18914,#18915);
#18914 = CARTESIAN_POINT('',(-7.586206896552,-11.,5.));
#18915 = VECTOR('',#18916,1.);
#18916 = DIRECTION('',(1.,0.,-0.));
#18917 = ORIENTED_EDGE('',*,*,#18918,.F.);
#18918 = EDGE_CURVE('',#18919,#18911,#18921,.T.);
#18919 = VERTEX_POINT('',#18920);
#18920 = CARTESIAN_POINT('',(-1.5,-11.,5.));
#18921 = LINE('',#18922,#18923);
#18922 = CARTESIAN_POINT('',(-7.586206896552,-11.,5.));
#18923 = VECTOR('',#18924,1.);
#18924 = DIRECTION('',(1.,0.,-0.));
#18925 = ORIENTED_EDGE('',*,*,#18926,.F.);
#18926 = EDGE_CURVE('',#18887,#18919,#18927,.T.);
#18927 = LINE('',#18928,#18929);
#18928 = CARTESIAN_POINT('',(-7.586206896552,-11.,5.));
#18929 = VECTOR('',#18930,1.);
#18930 = DIRECTION('',(1.,0.,-0.));
#18931 = PLANE('',#18932);
#18932 = AXIS2_PLACEMENT_3D('',#18933,#18934,#18935);
#18933 = CARTESIAN_POINT('',(-7.586206896552,-12.5,5.));
#18934 = DIRECTION('',(0.,0.,1.));
#18935 = DIRECTION('',(1.,0.,-0.));
#18936 = ADVANCED_FACE('',(#18937),#18964,.T.);
#18937 = FACE_BOUND('',#18938,.T.);
#18938 = EDGE_LOOP('',(#18939,#18940,#18949,#18957));
#18939 = ORIENTED_EDGE('',*,*,#18884,.T.);
#18940 = ORIENTED_EDGE('',*,*,#18941,.F.);
#18941 = EDGE_CURVE('',#18942,#18887,#18944,.T.);
#18942 = VERTEX_POINT('',#18943);
#18943 = CARTESIAN_POINT('',(-7.586206896552,-11.,-5.));
#18944 = CIRCLE('',#18945,5.);
#18945 = AXIS2_PLACEMENT_3D('',#18946,#18947,#18948);
#18946 = CARTESIAN_POINT('',(-7.586206896552,-11.,0.));
#18947 = DIRECTION('',(0.,1.,0.));
#18948 = DIRECTION('',(0.,-0.,1.));
#18949 = ORIENTED_EDGE('',*,*,#18950,.F.);
#18950 = EDGE_CURVE('',#18951,#18942,#18953,.T.);
#18951 = VERTEX_POINT('',#18952);
#18952 = CARTESIAN_POINT('',(-7.586206896552,-12.5,-5.));
#18953 = LINE('',#18954,#18955);
#18954 = CARTESIAN_POINT('',(-7.586206896552,-12.5,-5.));
#18955 = VECTOR('',#18956,1.);
#18956 = DIRECTION('',(-0.,1.,0.));
#18957 = ORIENTED_EDGE('',*,*,#18958,.T.);
#18958 = EDGE_CURVE('',#18951,#18885,#18959,.T.);
#18959 = CIRCLE('',#18960,5.);
#18960 = AXIS2_PLACEMENT_3D('',#18961,#18962,#18963);
#18961 = CARTESIAN_POINT('',(-7.586206896552,-12.5,0.));
#18962 = DIRECTION('',(0.,1.,0.));
#18963 = DIRECTION('',(0.,-0.,1.));
#18964 = CYLINDRICAL_SURFACE('',#18965,5.);
#18965 = AXIS2_PLACEMENT_3D('',#18966,#18967,#18968);
#18966 = CARTESIAN_POINT('',(-7.586206896552,-12.5,0.));
#18967 = DIRECTION('',(0.,1.,0.));
#18968 = DIRECTION('',(0.,-0.,1.));
#18969 = ADVANCED_FACE('',(#18970),#19011,.F.);
#18970 = FACE_BOUND('',#18971,.F.);
#18971 = EDGE_LOOP('',(#18972,#18973,#18981,#18989,#18997,#19005));
#18972 = ORIENTED_EDGE('',*,*,#18950,.F.);
#18973 = ORIENTED_EDGE('',*,*,#18974,.T.);
#18974 = EDGE_CURVE('',#18951,#18975,#18977,.T.);
#18975 = VERTEX_POINT('',#18976);
#18976 = CARTESIAN_POINT('',(7.586206896552,-12.5,-5.));
#18977 = LINE('',#18978,#18979);
#18978 = CARTESIAN_POINT('',(-7.586206896552,-12.5,-5.));
#18979 = VECTOR('',#18980,1.);
#18980 = DIRECTION('',(1.,0.,-0.));
#18981 = ORIENTED_EDGE('',*,*,#18982,.T.);
#18982 = EDGE_CURVE('',#18975,#18983,#18985,.T.);
#18983 = VERTEX_POINT('',#18984);
#18984 = CARTESIAN_POINT('',(7.586206896552,-11.,-5.));
#18985 = LINE('',#18986,#18987);
#18986 = CARTESIAN_POINT('',(7.586206896552,-12.5,-5.));
#18987 = VECTOR('',#18988,1.);
#18988 = DIRECTION('',(-0.,1.,0.));
#18989 = ORIENTED_EDGE('',*,*,#18990,.F.);
#18990 = EDGE_CURVE('',#18991,#18983,#18993,.T.);
#18991 = VERTEX_POINT('',#18992);
#18992 = CARTESIAN_POINT('',(1.5,-11.,-5.));
#18993 = LINE('',#18994,#18995);
#18994 = CARTESIAN_POINT('',(-7.586206896552,-11.,-5.));
#18995 = VECTOR('',#18996,1.);
#18996 = DIRECTION('',(1.,0.,-0.));
#18997 = ORIENTED_EDGE('',*,*,#18998,.F.);
#18998 = EDGE_CURVE('',#18999,#18991,#19001,.T.);
#18999 = VERTEX_POINT('',#19000);
#19000 = CARTESIAN_POINT('',(-1.5,-11.,-5.));
#19001 = LINE('',#19002,#19003);
#19002 = CARTESIAN_POINT('',(-7.586206896552,-11.,-5.));
#19003 = VECTOR('',#19004,1.);
#19004 = DIRECTION('',(1.,0.,-0.));
#19005 = ORIENTED_EDGE('',*,*,#19006,.F.);
#19006 = EDGE_CURVE('',#18942,#18999,#19007,.T.);
#19007 = LINE('',#19008,#19009);
#19008 = CARTESIAN_POINT('',(-7.586206896552,-11.,-5.));
#19009 = VECTOR('',#19010,1.);
#19010 = DIRECTION('',(1.,0.,-0.));
#19011 = PLANE('',#19012);
#19012 = AXIS2_PLACEMENT_3D('',#19013,#19014,#19015);
#19013 = CARTESIAN_POINT('',(-7.586206896552,-12.5,-5.));
#19014 = DIRECTION('',(0.,0.,1.));
#19015 = DIRECTION('',(1.,0.,-0.));
#19016 = ADVANCED_FACE('',(#19017),#19042,.F.);
#19017 = FACE_BOUND('',#19018,.F.);
#19018 = EDGE_LOOP('',(#19019,#19027,#19035,#19041));
#19019 = ORIENTED_EDGE('',*,*,#19020,.F.);
#19020 = EDGE_CURVE('',#19021,#18991,#19023,.T.);
#19021 = VERTEX_POINT('',#19022);
#19022 = CARTESIAN_POINT('',(1.5,-11.,-6.));
#19023 = LINE('',#19024,#19025);
#19024 = CARTESIAN_POINT('',(1.5,-11.,-6.));
#19025 = VECTOR('',#19026,1.);
#19026 = DIRECTION('',(0.,0.,1.));
#19027 = ORIENTED_EDGE('',*,*,#19028,.F.);
#19028 = EDGE_CURVE('',#19029,#19021,#19031,.T.);
#19029 = VERTEX_POINT('',#19030);
#19030 = CARTESIAN_POINT('',(-1.5,-11.,-6.));
#19031 = LINE('',#19032,#19033);
#19032 = CARTESIAN_POINT('',(-1.5,-11.,-6.));
#19033 = VECTOR('',#19034,1.);
#19034 = DIRECTION('',(1.,0.,-0.));
#19035 = ORIENTED_EDGE('',*,*,#19036,.T.);
#19036 = EDGE_CURVE('',#19029,#18999,#19037,.T.);
#19037 = LINE('',#19038,#19039);
#19038 = CARTESIAN_POINT('',(-1.5,-11.,-6.));
#19039 = VECTOR('',#19040,1.);
#19040 = DIRECTION('',(0.,0.,1.));
#19041 = ORIENTED_EDGE('',*,*,#18998,.T.);
#19042 = PLANE('',#19043);
#19043 = AXIS2_PLACEMENT_3D('',#19044,#19045,#19046);
#19044 = CARTESIAN_POINT('',(-1.5,-11.,-6.));
#19045 = DIRECTION('',(-0.,1.,0.));
#19046 = DIRECTION('',(0.,0.,1.));
#19047 = ADVANCED_FACE('',(#19048),#19066,.T.);
#19048 = FACE_BOUND('',#19049,.T.);
#19049 = EDGE_LOOP('',(#19050,#19057,#19058,#19065));
#19050 = ORIENTED_EDGE('',*,*,#19051,.F.);
#19051 = EDGE_CURVE('',#18903,#18983,#19052,.T.);
#19052 = CIRCLE('',#19053,5.);
#19053 = AXIS2_PLACEMENT_3D('',#19054,#19055,#19056);
#19054 = CARTESIAN_POINT('',(7.586206896552,-11.,0.));
#19055 = DIRECTION('',(0.,1.,0.));
#19056 = DIRECTION('',(0.,-0.,1.));
#19057 = ORIENTED_EDGE('',*,*,#18902,.F.);
#19058 = ORIENTED_EDGE('',*,*,#19059,.T.);
#19059 = EDGE_CURVE('',#18895,#18975,#19060,.T.);
#19060 = CIRCLE('',#19061,5.);
#19061 = AXIS2_PLACEMENT_3D('',#19062,#19063,#19064);
#19062 = CARTESIAN_POINT('',(7.586206896552,-12.5,0.));
#19063 = DIRECTION('',(0.,1.,0.));
#19064 = DIRECTION('',(0.,-0.,1.));
#19065 = ORIENTED_EDGE('',*,*,#18982,.T.);
#19066 = CYLINDRICAL_SURFACE('',#19067,5.);
#19067 = AXIS2_PLACEMENT_3D('',#19068,#19069,#19070);
#19068 = CARTESIAN_POINT('',(7.586206896552,-12.5,0.));
#19069 = DIRECTION('',(0.,1.,0.));
#19070 = DIRECTION('',(0.,-0.,1.));
#19071 = ADVANCED_FACE('',(#19072),#19097,.F.);
#19072 = FACE_BOUND('',#19073,.F.);
#19073 = EDGE_LOOP('',(#19074,#19075,#19083,#19091));
#19074 = ORIENTED_EDGE('',*,*,#18918,.F.);
#19075 = ORIENTED_EDGE('',*,*,#19076,.T.);
#19076 = EDGE_CURVE('',#18919,#19077,#19079,.T.);
#19077 = VERTEX_POINT('',#19078);
#19078 = CARTESIAN_POINT('',(-1.5,-11.,6.));
#19079 = LINE('',#19080,#19081);
#19080 = CARTESIAN_POINT('',(-1.5,-11.,4.5));
#19081 = VECTOR('',#19082,1.);
#19082 = DIRECTION('',(0.,0.,1.));
#19083 = ORIENTED_EDGE('',*,*,#19084,.T.);
#19084 = EDGE_CURVE('',#19077,#19085,#19087,.T.);
#19085 = VERTEX_POINT('',#19086);
#19086 = CARTESIAN_POINT('',(1.5,-11.,6.));
#19087 = LINE('',#19088,#19089);
#19088 = CARTESIAN_POINT('',(-1.5,-11.,6.));
#19089 = VECTOR('',#19090,1.);
#19090 = DIRECTION('',(1.,0.,-0.));
#19091 = ORIENTED_EDGE('',*,*,#19092,.F.);
#19092 = EDGE_CURVE('',#18911,#19085,#19093,.T.);
#19093 = LINE('',#19094,#19095);
#19094 = CARTESIAN_POINT('',(1.5,-11.,4.5));
#19095 = VECTOR('',#19096,1.);
#19096 = DIRECTION('',(0.,0.,1.));
#19097 = PLANE('',#19098);
#19098 = AXIS2_PLACEMENT_3D('',#19099,#19100,#19101);
#19099 = CARTESIAN_POINT('',(-1.5,-11.,4.5));
#19100 = DIRECTION('',(-0.,1.,0.));
#19101 = DIRECTION('',(0.,0.,1.));
#19102 = ADVANCED_FACE('',(#19103),#19144,.F.);
#19103 = FACE_BOUND('',#19104,.F.);
#19104 = EDGE_LOOP('',(#19105,#19106,#19114,#19122,#19130,#19138));
#19105 = ORIENTED_EDGE('',*,*,#19036,.F.);
#19106 = ORIENTED_EDGE('',*,*,#19107,.T.);
#19107 = EDGE_CURVE('',#19029,#19108,#19110,.T.);
#19108 = VERTEX_POINT('',#19109);
#19109 = CARTESIAN_POINT('',(-1.5,11.,-6.));
#19110 = LINE('',#19111,#19112);
#19111 = CARTESIAN_POINT('',(-1.5,-11.,-6.));
#19112 = VECTOR('',#19113,1.);
#19113 = DIRECTION('',(-0.,1.,0.));
#19114 = ORIENTED_EDGE('',*,*,#19115,.T.);
#19115 = EDGE_CURVE('',#19108,#19116,#19118,.T.);
#19116 = VERTEX_POINT('',#19117);
#19117 = CARTESIAN_POINT('',(-1.5,11.,-5.));
#19118 = LINE('',#19119,#19120);
#19119 = CARTESIAN_POINT('',(-1.5,11.,-6.));
#19120 = VECTOR('',#19121,1.);
#19121 = DIRECTION('',(0.,0.,1.));
#19122 = ORIENTED_EDGE('',*,*,#19123,.T.);
#19123 = EDGE_CURVE('',#19116,#19124,#19126,.T.);
#19124 = VERTEX_POINT('',#19125);
#19125 = CARTESIAN_POINT('',(-1.5,11.,-4.5));
#19126 = LINE('',#19127,#19128);
#19127 = CARTESIAN_POINT('',(-1.5,11.,-6.));
#19128 = VECTOR('',#19129,1.);
#19129 = DIRECTION('',(0.,0.,1.));
#19130 = ORIENTED_EDGE('',*,*,#19131,.F.);
#19131 = EDGE_CURVE('',#19132,#19124,#19134,.T.);
#19132 = VERTEX_POINT('',#19133);
#19133 = CARTESIAN_POINT('',(-1.5,-11.,-4.5));
#19134 = LINE('',#19135,#19136);
#19135 = CARTESIAN_POINT('',(-1.5,-11.,-4.5));
#19136 = VECTOR('',#19137,1.);
#19137 = DIRECTION('',(-0.,1.,0.));
#19138 = ORIENTED_EDGE('',*,*,#19139,.F.);
#19139 = EDGE_CURVE('',#18999,#19132,#19140,.T.);
#19140 = LINE('',#19141,#19142);
#19141 = CARTESIAN_POINT('',(-1.5,-11.,-6.));
#19142 = VECTOR('',#19143,1.);
#19143 = DIRECTION('',(0.,0.,1.));
#19144 = PLANE('',#19145);
#19145 = AXIS2_PLACEMENT_3D('',#19146,#19147,#19148);
#19146 = CARTESIAN_POINT('',(-1.5,-11.,-6.));
#19147 = DIRECTION('',(1.,0.,-0.));
#19148 = DIRECTION('',(0.,0.,1.));
#19149 = ADVANCED_FACE('',(#19150),#19175,.T.);
#19150 = FACE_BOUND('',#19151,.T.);
#19151 = EDGE_LOOP('',(#19152,#19153,#19161,#19169));
#19152 = ORIENTED_EDGE('',*,*,#19131,.F.);
#19153 = ORIENTED_EDGE('',*,*,#19154,.T.);
#19154 = EDGE_CURVE('',#19132,#19155,#19157,.T.);
#19155 = VERTEX_POINT('',#19156);
#19156 = CARTESIAN_POINT('',(1.5,-11.,-4.5));
#19157 = LINE('',#19158,#19159);
#19158 = CARTESIAN_POINT('',(-1.5,-11.,-4.5));
#19159 = VECTOR('',#19160,1.);
#19160 = DIRECTION('',(1.,0.,-0.));
#19161 = ORIENTED_EDGE('',*,*,#19162,.T.);
#19162 = EDGE_CURVE('',#19155,#19163,#19165,.T.);
#19163 = VERTEX_POINT('',#19164);
#19164 = CARTESIAN_POINT('',(1.5,11.,-4.5));
#19165 = LINE('',#19166,#19167);
#19166 = CARTESIAN_POINT('',(1.5,-11.,-4.5));
#19167 = VECTOR('',#19168,1.);
#19168 = DIRECTION('',(-0.,1.,0.));
#19169 = ORIENTED_EDGE('',*,*,#19170,.F.);
#19170 = EDGE_CURVE('',#19124,#19163,#19171,.T.);
#19171 = LINE('',#19172,#19173);
#19172 = CARTESIAN_POINT('',(-1.5,11.,-4.5));
#19173 = VECTOR('',#19174,1.);
#19174 = DIRECTION('',(1.,0.,-0.));
#19175 = PLANE('',#19176);
#19176 = AXIS2_PLACEMENT_3D('',#19177,#19178,#19179);
#19177 = CARTESIAN_POINT('',(-1.5,-11.,-4.5));
#19178 = DIRECTION('',(0.,0.,1.));
#19179 = DIRECTION('',(1.,0.,-0.));
#19180 = ADVANCED_FACE('',(#19181),#19213,.T.);
#19181 = FACE_BOUND('',#19182,.T.);
#19182 = EDGE_LOOP('',(#19183,#19184,#19192,#19200,#19206,#19207));
#19183 = ORIENTED_EDGE('',*,*,#19020,.F.);
#19184 = ORIENTED_EDGE('',*,*,#19185,.T.);
#19185 = EDGE_CURVE('',#19021,#19186,#19188,.T.);
#19186 = VERTEX_POINT('',#19187);
#19187 = CARTESIAN_POINT('',(1.5,11.,-6.));
#19188 = LINE('',#19189,#19190);
#19189 = CARTESIAN_POINT('',(1.5,-11.,-6.));
#19190 = VECTOR('',#19191,1.);
#19191 = DIRECTION('',(-0.,1.,0.));
#19192 = ORIENTED_EDGE('',*,*,#19193,.T.);
#19193 = EDGE_CURVE('',#19186,#19194,#19196,.T.);
#19194 = VERTEX_POINT('',#19195);
#19195 = CARTESIAN_POINT('',(1.5,11.,-5.));
#19196 = LINE('',#19197,#19198);
#19197 = CARTESIAN_POINT('',(1.5,11.,-6.));
#19198 = VECTOR('',#19199,1.);
#19199 = DIRECTION('',(0.,0.,1.));
#19200 = ORIENTED_EDGE('',*,*,#19201,.T.);
#19201 = EDGE_CURVE('',#19194,#19163,#19202,.T.);
#19202 = LINE('',#19203,#19204);
#19203 = CARTESIAN_POINT('',(1.5,11.,-6.));
#19204 = VECTOR('',#19205,1.);
#19205 = DIRECTION('',(0.,0.,1.));
#19206 = ORIENTED_EDGE('',*,*,#19162,.F.);
#19207 = ORIENTED_EDGE('',*,*,#19208,.F.);
#19208 = EDGE_CURVE('',#18991,#19155,#19209,.T.);
#19209 = LINE('',#19210,#19211);
#19210 = CARTESIAN_POINT('',(1.5,-11.,-6.));
#19211 = VECTOR('',#19212,1.);
#19212 = DIRECTION('',(0.,0.,1.));
#19213 = PLANE('',#19214);
#19214 = AXIS2_PLACEMENT_3D('',#19215,#19216,#19217);
#19215 = CARTESIAN_POINT('',(1.5,-11.,-6.));
#19216 = DIRECTION('',(1.,0.,-0.));
#19217 = DIRECTION('',(0.,0.,1.));
#19218 = ADVANCED_FACE('',(#19219),#19260,.T.);
#19219 = FACE_BOUND('',#19220,.T.);
#19220 = EDGE_LOOP('',(#19221,#19229,#19237,#19245,#19253,#19259));
#19221 = ORIENTED_EDGE('',*,*,#19222,.F.);
#19222 = EDGE_CURVE('',#19223,#18911,#19225,.T.);
#19223 = VERTEX_POINT('',#19224);
#19224 = CARTESIAN_POINT('',(1.5,-11.,4.5));
#19225 = LINE('',#19226,#19227);
#19226 = CARTESIAN_POINT('',(1.5,-11.,4.5));
#19227 = VECTOR('',#19228,1.);
#19228 = DIRECTION('',(0.,0.,1.));
#19229 = ORIENTED_EDGE('',*,*,#19230,.T.);
#19230 = EDGE_CURVE('',#19223,#19231,#19233,.T.);
#19231 = VERTEX_POINT('',#19232);
#19232 = CARTESIAN_POINT('',(1.5,11.,4.5));
#19233 = LINE('',#19234,#19235);
#19234 = CARTESIAN_POINT('',(1.5,-11.,4.5));
#19235 = VECTOR('',#19236,1.);
#19236 = DIRECTION('',(-0.,1.,0.));
#19237 = ORIENTED_EDGE('',*,*,#19238,.T.);
#19238 = EDGE_CURVE('',#19231,#19239,#19241,.T.);
#19239 = VERTEX_POINT('',#19240);
#19240 = CARTESIAN_POINT('',(1.5,11.,5.));
#19241 = LINE('',#19242,#19243);
#19242 = CARTESIAN_POINT('',(1.5,11.,4.5));
#19243 = VECTOR('',#19244,1.);
#19244 = DIRECTION('',(0.,0.,1.));
#19245 = ORIENTED_EDGE('',*,*,#19246,.T.);
#19246 = EDGE_CURVE('',#19239,#19247,#19249,.T.);
#19247 = VERTEX_POINT('',#19248);
#19248 = CARTESIAN_POINT('',(1.5,11.,6.));
#19249 = LINE('',#19250,#19251);
#19250 = CARTESIAN_POINT('',(1.5,11.,4.5));
#19251 = VECTOR('',#19252,1.);
#19252 = DIRECTION('',(0.,0.,1.));
#19253 = ORIENTED_EDGE('',*,*,#19254,.F.);
#19254 = EDGE_CURVE('',#19085,#19247,#19255,.T.);
#19255 = LINE('',#19256,#19257);
#19256 = CARTESIAN_POINT('',(1.5,-11.,6.));
#19257 = VECTOR('',#19258,1.);
#19258 = DIRECTION('',(-0.,1.,0.));
#19259 = ORIENTED_EDGE('',*,*,#19092,.F.);
#19260 = PLANE('',#19261);
#19261 = AXIS2_PLACEMENT_3D('',#19262,#19263,#19264);
#19262 = CARTESIAN_POINT('',(1.5,-11.,4.5));
#19263 = DIRECTION('',(1.,0.,-0.));
#19264 = DIRECTION('',(0.,0.,1.));
#19265 = ADVANCED_FACE('',(#19266),#19291,.F.);
#19266 = FACE_BOUND('',#19267,.F.);
#19267 = EDGE_LOOP('',(#19268,#19278,#19284,#19285));
#19268 = ORIENTED_EDGE('',*,*,#19269,.F.);
#19269 = EDGE_CURVE('',#19270,#19272,#19274,.T.);
#19270 = VERTEX_POINT('',#19271);
#19271 = CARTESIAN_POINT('',(-1.5,-11.,4.5));
#19272 = VERTEX_POINT('',#19273);
#19273 = CARTESIAN_POINT('',(-1.5,11.,4.5));
#19274 = LINE('',#19275,#19276);
#19275 = CARTESIAN_POINT('',(-1.5,-11.,4.5));
#19276 = VECTOR('',#19277,1.);
#19277 = DIRECTION('',(-0.,1.,0.));
#19278 = ORIENTED_EDGE('',*,*,#19279,.T.);
#19279 = EDGE_CURVE('',#19270,#19223,#19280,.T.);
#19280 = LINE('',#19281,#19282);
#19281 = CARTESIAN_POINT('',(-1.5,-11.,4.5));
#19282 = VECTOR('',#19283,1.);
#19283 = DIRECTION('',(1.,0.,-0.));
#19284 = ORIENTED_EDGE('',*,*,#19230,.T.);
#19285 = ORIENTED_EDGE('',*,*,#19286,.F.);
#19286 = EDGE_CURVE('',#19272,#19231,#19287,.T.);
#19287 = LINE('',#19288,#19289);
#19288 = CARTESIAN_POINT('',(-1.5,11.,4.5));
#19289 = VECTOR('',#19290,1.);
#19290 = DIRECTION('',(1.,0.,-0.));
#19291 = PLANE('',#19292);
#19292 = AXIS2_PLACEMENT_3D('',#19293,#19294,#19295);
#19293 = CARTESIAN_POINT('',(-1.5,-11.,4.5));
#19294 = DIRECTION('',(0.,0.,1.));
#19295 = DIRECTION('',(1.,0.,-0.));
#19296 = ADVANCED_FACE('',(#19297),#19329,.F.);
#19297 = FACE_BOUND('',#19298,.F.);
#19298 = EDGE_LOOP('',(#19299,#19305,#19306,#19314,#19322,#19328));
#19299 = ORIENTED_EDGE('',*,*,#19300,.F.);
#19300 = EDGE_CURVE('',#19270,#18919,#19301,.T.);
#19301 = LINE('',#19302,#19303);
#19302 = CARTESIAN_POINT('',(-1.5,-11.,4.5));
#19303 = VECTOR('',#19304,1.);
#19304 = DIRECTION('',(0.,0.,1.));
#19305 = ORIENTED_EDGE('',*,*,#19269,.T.);
#19306 = ORIENTED_EDGE('',*,*,#19307,.T.);
#19307 = EDGE_CURVE('',#19272,#19308,#19310,.T.);
#19308 = VERTEX_POINT('',#19309);
#19309 = CARTESIAN_POINT('',(-1.5,11.,5.));
#19310 = LINE('',#19311,#19312);
#19311 = CARTESIAN_POINT('',(-1.5,11.,4.5));
#19312 = VECTOR('',#19313,1.);
#19313 = DIRECTION('',(0.,0.,1.));
#19314 = ORIENTED_EDGE('',*,*,#19315,.T.);
#19315 = EDGE_CURVE('',#19308,#19316,#19318,.T.);
#19316 = VERTEX_POINT('',#19317);
#19317 = CARTESIAN_POINT('',(-1.5,11.,6.));
#19318 = LINE('',#19319,#19320);
#19319 = CARTESIAN_POINT('',(-1.5,11.,4.5));
#19320 = VECTOR('',#19321,1.);
#19321 = DIRECTION('',(0.,0.,1.));
#19322 = ORIENTED_EDGE('',*,*,#19323,.F.);
#19323 = EDGE_CURVE('',#19077,#19316,#19324,.T.);
#19324 = LINE('',#19325,#19326);
#19325 = CARTESIAN_POINT('',(-1.5,-11.,6.));
#19326 = VECTOR('',#19327,1.);
#19327 = DIRECTION('',(-0.,1.,0.));
#19328 = ORIENTED_EDGE('',*,*,#19076,.F.);
#19329 = PLANE('',#19330);
#19330 = AXIS2_PLACEMENT_3D('',#19331,#19332,#19333);
#19331 = CARTESIAN_POINT('',(-1.5,-11.,4.5));
#19332 = DIRECTION('',(1.,0.,-0.));
#19333 = DIRECTION('',(0.,0.,1.));
#19334 = ADVANCED_FACE('',(#19335),#19346,.F.);
#19335 = FACE_BOUND('',#19336,.F.);
#19336 = EDGE_LOOP('',(#19337,#19338,#19339,#19340));
#19337 = ORIENTED_EDGE('',*,*,#19107,.F.);
#19338 = ORIENTED_EDGE('',*,*,#19028,.T.);
#19339 = ORIENTED_EDGE('',*,*,#19185,.T.);
#19340 = ORIENTED_EDGE('',*,*,#19341,.F.);
#19341 = EDGE_CURVE('',#19108,#19186,#19342,.T.);
#19342 = LINE('',#19343,#19344);
#19343 = CARTESIAN_POINT('',(-1.5,11.,-6.));
#19344 = VECTOR('',#19345,1.);
#19345 = DIRECTION('',(1.,0.,-0.));
#19346 = PLANE('',#19347);
#19347 = AXIS2_PLACEMENT_3D('',#19348,#19349,#19350);
#19348 = CARTESIAN_POINT('',(-1.5,-11.,-6.));
#19349 = DIRECTION('',(0.,0.,1.));
#19350 = DIRECTION('',(1.,0.,-0.));
#19351 = ADVANCED_FACE('',(#19352),#19363,.T.);
#19352 = FACE_BOUND('',#19353,.T.);
#19353 = EDGE_LOOP('',(#19354,#19355,#19356,#19357));
#19354 = ORIENTED_EDGE('',*,*,#19323,.F.);
#19355 = ORIENTED_EDGE('',*,*,#19084,.T.);
#19356 = ORIENTED_EDGE('',*,*,#19254,.T.);
#19357 = ORIENTED_EDGE('',*,*,#19358,.F.);
#19358 = EDGE_CURVE('',#19316,#19247,#19359,.T.);
#19359 = LINE('',#19360,#19361);
#19360 = CARTESIAN_POINT('',(-1.5,11.,6.));
#19361 = VECTOR('',#19362,1.);
#19362 = DIRECTION('',(1.,0.,-0.));
#19363 = PLANE('',#19364);
#19364 = AXIS2_PLACEMENT_3D('',#19365,#19366,#19367);
#19365 = CARTESIAN_POINT('',(-1.5,-11.,6.));
#19366 = DIRECTION('',(0.,0.,1.));
#19367 = DIRECTION('',(1.,0.,-0.));
#19368 = ADVANCED_FACE('',(#19369),#19380,.T.);
#19369 = FACE_BOUND('',#19370,.T.);
#19370 = EDGE_LOOP('',(#19371,#19372,#19373,#19374));
#19371 = ORIENTED_EDGE('',*,*,#19193,.F.);
#19372 = ORIENTED_EDGE('',*,*,#19341,.F.);
#19373 = ORIENTED_EDGE('',*,*,#19115,.T.);
#19374 = ORIENTED_EDGE('',*,*,#19375,.T.);
#19375 = EDGE_CURVE('',#19116,#19194,#19376,.T.);
#19376 = LINE('',#19377,#19378);
#19377 = CARTESIAN_POINT('',(-7.586206896552,11.,-5.));
#19378 = VECTOR('',#19379,1.);
#19379 = DIRECTION('',(1.,0.,-0.));
#19380 = PLANE('',#19381);
#19381 = AXIS2_PLACEMENT_3D('',#19382,#19383,#19384);
#19382 = CARTESIAN_POINT('',(-1.5,11.,-6.));
#19383 = DIRECTION('',(-0.,1.,0.));
#19384 = DIRECTION('',(0.,0.,1.));
#19385 = ADVANCED_FACE('',(#19386),#19397,.T.);
#19386 = FACE_BOUND('',#19387,.T.);
#19387 = EDGE_LOOP('',(#19388,#19394,#19395,#19396));
#19388 = ORIENTED_EDGE('',*,*,#19389,.F.);
#19389 = EDGE_CURVE('',#19308,#19239,#19390,.T.);
#19390 = LINE('',#19391,#19392);
#19391 = CARTESIAN_POINT('',(-7.586206896552,11.,5.));
#19392 = VECTOR('',#19393,1.);
#19393 = DIRECTION('',(1.,0.,-0.));
#19394 = ORIENTED_EDGE('',*,*,#19315,.T.);
#19395 = ORIENTED_EDGE('',*,*,#19358,.T.);
#19396 = ORIENTED_EDGE('',*,*,#19246,.F.);
#19397 = PLANE('',#19398);
#19398 = AXIS2_PLACEMENT_3D('',#19399,#19400,#19401);
#19399 = CARTESIAN_POINT('',(-1.5,11.,4.5));
#19400 = DIRECTION('',(-0.,1.,0.));
#19401 = DIRECTION('',(0.,0.,1.));
#19402 = ADVANCED_FACE('',(#19403),#19444,.F.);
#19403 = FACE_BOUND('',#19404,.F.);
#19404 = EDGE_LOOP('',(#19405,#19415,#19421,#19422,#19430,#19438));
#19405 = ORIENTED_EDGE('',*,*,#19406,.F.);
#19406 = EDGE_CURVE('',#19407,#19409,#19411,.T.);
#19407 = VERTEX_POINT('',#19408);
#19408 = CARTESIAN_POINT('',(-7.586206896552,11.,-5.));
#19409 = VERTEX_POINT('',#19410);
#19410 = CARTESIAN_POINT('',(-7.586206896552,12.5,-5.));
#19411 = LINE('',#19412,#19413);
#19412 = CARTESIAN_POINT('',(-7.586206896552,11.,-5.));
#19413 = VECTOR('',#19414,1.);
#19414 = DIRECTION('',(-0.,1.,0.));
#19415 = ORIENTED_EDGE('',*,*,#19416,.T.);
#19416 = EDGE_CURVE('',#19407,#19116,#19417,.T.);
#19417 = LINE('',#19418,#19419);
#19418 = CARTESIAN_POINT('',(-7.586206896552,11.,-5.));
#19419 = VECTOR('',#19420,1.);
#19420 = DIRECTION('',(1.,0.,-0.));
#19421 = ORIENTED_EDGE('',*,*,#19375,.T.);
#19422 = ORIENTED_EDGE('',*,*,#19423,.T.);
#19423 = EDGE_CURVE('',#19194,#19424,#19426,.T.);
#19424 = VERTEX_POINT('',#19425);
#19425 = CARTESIAN_POINT('',(7.586206896552,11.,-5.));
#19426 = LINE('',#19427,#19428);
#19427 = CARTESIAN_POINT('',(-7.586206896552,11.,-5.));
#19428 = VECTOR('',#19429,1.);
#19429 = DIRECTION('',(1.,0.,-0.));
#19430 = ORIENTED_EDGE('',*,*,#19431,.T.);
#19431 = EDGE_CURVE('',#19424,#19432,#19434,.T.);
#19432 = VERTEX_POINT('',#19433);
#19433 = CARTESIAN_POINT('',(7.586206896552,12.5,-5.));
#19434 = LINE('',#19435,#19436);
#19435 = CARTESIAN_POINT('',(7.586206896552,11.,-5.));
#19436 = VECTOR('',#19437,1.);
#19437 = DIRECTION('',(-0.,1.,0.));
#19438 = ORIENTED_EDGE('',*,*,#19439,.F.);
#19439 = EDGE_CURVE('',#19409,#19432,#19440,.T.);
#19440 = LINE('',#19441,#19442);
#19441 = CARTESIAN_POINT('',(-7.586206896552,12.5,-5.));
#19442 = VECTOR('',#19443,1.);
#19443 = DIRECTION('',(1.,0.,-0.));
#19444 = PLANE('',#19445);
#19445 = AXIS2_PLACEMENT_3D('',#19446,#19447,#19448);
#19446 = CARTESIAN_POINT('',(-7.586206896552,11.,-5.));
#19447 = DIRECTION('',(0.,0.,1.));
#19448 = DIRECTION('',(1.,0.,-0.));
#19449 = ADVANCED_FACE('',(#19450),#19491,.T.);
#19450 = FACE_BOUND('',#19451,.T.);
#19451 = EDGE_LOOP('',(#19452,#19462,#19468,#19469,#19477,#19485));
#19452 = ORIENTED_EDGE('',*,*,#19453,.F.);
#19453 = EDGE_CURVE('',#19454,#19456,#19458,.T.);
#19454 = VERTEX_POINT('',#19455);
#19455 = CARTESIAN_POINT('',(-7.586206896552,11.,5.));
#19456 = VERTEX_POINT('',#19457);
#19457 = CARTESIAN_POINT('',(-7.586206896552,12.5,5.));
#19458 = LINE('',#19459,#19460);
#19459 = CARTESIAN_POINT('',(-7.586206896552,11.,5.));
#19460 = VECTOR('',#19461,1.);
#19461 = DIRECTION('',(-0.,1.,0.));
#19462 = ORIENTED_EDGE('',*,*,#19463,.T.);
#19463 = EDGE_CURVE('',#19454,#19308,#19464,.T.);
#19464 = LINE('',#19465,#19466);
#19465 = CARTESIAN_POINT('',(-7.586206896552,11.,5.));
#19466 = VECTOR('',#19467,1.);
#19467 = DIRECTION('',(1.,0.,-0.));
#19468 = ORIENTED_EDGE('',*,*,#19389,.T.);
#19469 = ORIENTED_EDGE('',*,*,#19470,.T.);
#19470 = EDGE_CURVE('',#19239,#19471,#19473,.T.);
#19471 = VERTEX_POINT('',#19472);
#19472 = CARTESIAN_POINT('',(7.586206896552,11.,5.));
#19473 = LINE('',#19474,#19475);
#19474 = CARTESIAN_POINT('',(-7.586206896552,11.,5.));
#19475 = VECTOR('',#19476,1.);
#19476 = DIRECTION('',(1.,0.,-0.));
#19477 = ORIENTED_EDGE('',*,*,#19478,.T.);
#19478 = EDGE_CURVE('',#19471,#19479,#19481,.T.);
#19479 = VERTEX_POINT('',#19480);
#19480 = CARTESIAN_POINT('',(7.586206896552,12.5,5.));
#19481 = LINE('',#19482,#19483);
#19482 = CARTESIAN_POINT('',(7.586206896552,11.,5.));
#19483 = VECTOR('',#19484,1.);
#19484 = DIRECTION('',(-0.,1.,0.));
#19485 = ORIENTED_EDGE('',*,*,#19486,.F.);
#19486 = EDGE_CURVE('',#19456,#19479,#19487,.T.);
#19487 = LINE('',#19488,#19489);
#19488 = CARTESIAN_POINT('',(-7.586206896552,12.5,5.));
#19489 = VECTOR('',#19490,1.);
#19490 = DIRECTION('',(1.,0.,-0.));
#19491 = PLANE('',#19492);
#19492 = AXIS2_PLACEMENT_3D('',#19493,#19494,#19495);
#19493 = CARTESIAN_POINT('',(-7.586206896552,11.,5.));
#19494 = DIRECTION('',(0.,0.,1.));
#19495 = DIRECTION('',(1.,0.,-0.));
#19496 = ADVANCED_FACE('',(#19497),#19515,.T.);
#19497 = FACE_BOUND('',#19498,.T.);
#19498 = EDGE_LOOP('',(#19499,#19500,#19507,#19508));
#19499 = ORIENTED_EDGE('',*,*,#19453,.T.);
#19500 = ORIENTED_EDGE('',*,*,#19501,.F.);
#19501 = EDGE_CURVE('',#19409,#19456,#19502,.T.);
#19502 = CIRCLE('',#19503,5.);
#19503 = AXIS2_PLACEMENT_3D('',#19504,#19505,#19506);
#19504 = CARTESIAN_POINT('',(-7.586206896552,12.5,0.));
#19505 = DIRECTION('',(0.,1.,0.));
#19506 = DIRECTION('',(0.,-0.,1.));
#19507 = ORIENTED_EDGE('',*,*,#19406,.F.);
#19508 = ORIENTED_EDGE('',*,*,#19509,.T.);
#19509 = EDGE_CURVE('',#19407,#19454,#19510,.T.);
#19510 = CIRCLE('',#19511,5.);
#19511 = AXIS2_PLACEMENT_3D('',#19512,#19513,#19514);
#19512 = CARTESIAN_POINT('',(-7.586206896552,11.,0.));
#19513 = DIRECTION('',(0.,1.,0.));
#19514 = DIRECTION('',(0.,-0.,1.));
#19515 = CYLINDRICAL_SURFACE('',#19516,5.);
#19516 = AXIS2_PLACEMENT_3D('',#19517,#19518,#19519);
#19517 = CARTESIAN_POINT('',(-7.586206896552,11.,0.));
#19518 = DIRECTION('',(0.,1.,0.));
#19519 = DIRECTION('',(0.,-0.,1.));
#19520 = ADVANCED_FACE('',(#19521),#19539,.T.);
#19521 = FACE_BOUND('',#19522,.T.);
#19522 = EDGE_LOOP('',(#19523,#19530,#19531,#19538));
#19523 = ORIENTED_EDGE('',*,*,#19524,.F.);
#19524 = EDGE_CURVE('',#19479,#19432,#19525,.T.);
#19525 = CIRCLE('',#19526,5.);
#19526 = AXIS2_PLACEMENT_3D('',#19527,#19528,#19529);
#19527 = CARTESIAN_POINT('',(7.586206896552,12.5,0.));
#19528 = DIRECTION('',(0.,1.,0.));
#19529 = DIRECTION('',(0.,-0.,1.));
#19530 = ORIENTED_EDGE('',*,*,#19478,.F.);
#19531 = ORIENTED_EDGE('',*,*,#19532,.T.);
#19532 = EDGE_CURVE('',#19471,#19424,#19533,.T.);
#19533 = CIRCLE('',#19534,5.);
#19534 = AXIS2_PLACEMENT_3D('',#19535,#19536,#19537);
#19535 = CARTESIAN_POINT('',(7.586206896552,11.,0.));
#19536 = DIRECTION('',(0.,1.,0.));
#19537 = DIRECTION('',(0.,-0.,1.));
#19538 = ORIENTED_EDGE('',*,*,#19431,.T.);
#19539 = CYLINDRICAL_SURFACE('',#19540,5.);
#19540 = AXIS2_PLACEMENT_3D('',#19541,#19542,#19543);
#19541 = CARTESIAN_POINT('',(7.586206896552,11.,0.));
#19542 = DIRECTION('',(0.,1.,0.));
#19543 = DIRECTION('',(0.,-0.,1.));
#19544 = ADVANCED_FACE('',(#19545),#19551,.T.);
#19545 = FACE_BOUND('',#19546,.T.);
#19546 = EDGE_LOOP('',(#19547,#19548,#19549,#19550));
#19547 = ORIENTED_EDGE('',*,*,#18974,.T.);
#19548 = ORIENTED_EDGE('',*,*,#19059,.F.);
#19549 = ORIENTED_EDGE('',*,*,#18894,.F.);
#19550 = ORIENTED_EDGE('',*,*,#18958,.F.);
#19551 = PLANE('',#19552);
#19552 = AXIS2_PLACEMENT_3D('',#19553,#19554,#19555);
#19553 = CARTESIAN_POINT('',(-6.476089505928E-16,-12.5,
    -2.354941638519E-16));
#19554 = DIRECTION('',(-0.,-1.,-0.));
#19555 = DIRECTION('',(0.,0.,-1.));
#19556 = ADVANCED_FACE('',(#19557),#19571,.T.);
#19557 = FACE_BOUND('',#19558,.T.);
#19558 = EDGE_LOOP('',(#19559,#19560,#19561,#19562,#19563,#19564,#19565,
    #19566,#19567,#19568,#19569,#19570));
#19559 = ORIENTED_EDGE('',*,*,#19006,.F.);
#19560 = ORIENTED_EDGE('',*,*,#18941,.T.);
#19561 = ORIENTED_EDGE('',*,*,#18926,.T.);
#19562 = ORIENTED_EDGE('',*,*,#19300,.F.);
#19563 = ORIENTED_EDGE('',*,*,#19279,.T.);
#19564 = ORIENTED_EDGE('',*,*,#19222,.T.);
#19565 = ORIENTED_EDGE('',*,*,#18910,.T.);
#19566 = ORIENTED_EDGE('',*,*,#19051,.T.);
#19567 = ORIENTED_EDGE('',*,*,#18990,.F.);
#19568 = ORIENTED_EDGE('',*,*,#19208,.T.);
#19569 = ORIENTED_EDGE('',*,*,#19154,.F.);
#19570 = ORIENTED_EDGE('',*,*,#19139,.F.);
#19571 = PLANE('',#19572);
#19572 = AXIS2_PLACEMENT_3D('',#19573,#19574,#19575);
#19573 = CARTESIAN_POINT('',(1.139697972182E-16,-11.,-2.279395944363E-16
    ));
#19574 = DIRECTION('',(0.,1.,0.));
#19575 = DIRECTION('',(0.,-0.,1.));
#19576 = ADVANCED_FACE('',(#19577),#19591,.T.);
#19577 = FACE_BOUND('',#19578,.T.);
#19578 = EDGE_LOOP('',(#19579,#19580,#19581,#19582,#19583,#19584,#19585,
    #19586,#19587,#19588,#19589,#19590));
#19579 = ORIENTED_EDGE('',*,*,#19416,.T.);
#19580 = ORIENTED_EDGE('',*,*,#19123,.T.);
#19581 = ORIENTED_EDGE('',*,*,#19170,.T.);
#19582 = ORIENTED_EDGE('',*,*,#19201,.F.);
#19583 = ORIENTED_EDGE('',*,*,#19423,.T.);
#19584 = ORIENTED_EDGE('',*,*,#19532,.F.);
#19585 = ORIENTED_EDGE('',*,*,#19470,.F.);
#19586 = ORIENTED_EDGE('',*,*,#19238,.F.);
#19587 = ORIENTED_EDGE('',*,*,#19286,.F.);
#19588 = ORIENTED_EDGE('',*,*,#19307,.T.);
#19589 = ORIENTED_EDGE('',*,*,#19463,.F.);
#19590 = ORIENTED_EDGE('',*,*,#19509,.F.);
#19591 = PLANE('',#19592);
#19592 = AXIS2_PLACEMENT_3D('',#19593,#19594,#19595);
#19593 = CARTESIAN_POINT('',(-6.268338846999E-16,11.,-2.279395944363E-16
    ));
#19594 = DIRECTION('',(-0.,-1.,-0.));
#19595 = DIRECTION('',(0.,0.,-1.));
#19596 = ADVANCED_FACE('',(#19597),#19603,.T.);
#19597 = FACE_BOUND('',#19598,.T.);
#19598 = EDGE_LOOP('',(#19599,#19600,#19601,#19602));
#19599 = ORIENTED_EDGE('',*,*,#19439,.F.);
#19600 = ORIENTED_EDGE('',*,*,#19501,.T.);
#19601 = ORIENTED_EDGE('',*,*,#19486,.T.);
#19602 = ORIENTED_EDGE('',*,*,#19524,.T.);
#19603 = PLANE('',#19604);
#19604 = AXIS2_PLACEMENT_3D('',#19605,#19606,#19607);
#19605 = CARTESIAN_POINT('',(-3.532412457779E-16,12.5,8.831031144447E-17
    ));
#19606 = DIRECTION('',(0.,1.,0.));
#19607 = DIRECTION('',(0.,-0.,1.));
#19608 = ( GEOMETRIC_REPRESENTATION_CONTEXT(3) 
GLOBAL_UNCERTAINTY_ASSIGNED_CONTEXT((#19612)) 
GLOBAL_UNIT_ASSIGNED_CONTEXT((#19609,#19610,#19611)) 
REPRESENTATION_CONTEXT('Context #1',
  '3D Context with UNIT and UNCERTAINTY') );
#19609 = ( LENGTH_UNIT() NAMED_UNIT(*) SI_UNIT(.MILLI.,.METRE.) );
#19610 = ( NAMED_UNIT(*) PLANE_ANGLE_UNIT() SI_UNIT($,.RADIAN.) );
#19611 = ( NAMED_UNIT(*) SI_UNIT($,.STERADIAN.) SOLID_ANGLE_UNIT() );
#19612 = UNCERTAINTY_MEASURE_WITH_UNIT(LENGTH_MEASURE(1.E-07),#19609,
  'distance_accuracy_value','confusion accuracy');
#19613 = CONTEXT_DEPENDENT_SHAPE_REPRESENTATION(#19614,#19616);
#19614 = ( REPRESENTATION_RELATIONSHIP('','',#18877,#10) 
REPRESENTATION_RELATIONSHIP_WITH_TRANSFORMATION(#19615) 
SHAPE_REPRESENTATION_RELATIONSHIP() );
#19615 = ITEM_DEFINED_TRANSFORMATION('','',#11,#115);
#19616 = PRODUCT_DEFINITION_SHAPE('Placement','Placement of an item',
  #19617);
#19617 = NEXT_ASSEMBLY_USAGE_OCCURRENCE('26','link_25','',#5,#18872,$);
#19618 = PRODUCT_RELATED_PRODUCT_CATEGORY('part',$,(#18874));
#19619 = SHAPE_DEFINITION_REPRESENTATION(#19620,#19626);
#19620 = PRODUCT_DEFINITION_SHAPE('','',#19621);
#19621 = PRODUCT_DEFINITION('design','',#19622,#19625);
#19622 = PRODUCT_DEFINITION_FORMATION('','',#19623);
#19623 = PRODUCT('link_26','link_26','',(#19624));
#19624 = PRODUCT_CONTEXT('',#2,'mechanical');
#19625 = PRODUCT_DEFINITION_CONTEXT('part definition',#2,'design');
#19626 = ADVANCED_BREP_SHAPE_REPRESENTATION('',(#11,#19627),#20357);
#19627 = MANIFOLD_SOLID_BREP('',#19628);
#19628 = CLOSED_SHELL('',(#19629,#19685,#19718,#19765,#19796,#19820,
    #19851,#19898,#19929,#19967,#20014,#20045,#20083,#20100,#20117,
    #20134,#20151,#20198,#20245,#20269,#20293,#20305,#20325,#20345));
#19629 = ADVANCED_FACE('',(#19630),#19680,.T.);
#19630 = FACE_BOUND('',#19631,.T.);
#19631 = EDGE_LOOP('',(#19632,#19642,#19650,#19658,#19666,#19674));
#19632 = ORIENTED_EDGE('',*,*,#19633,.F.);
#19633 = EDGE_CURVE('',#19634,#19636,#19638,.T.);
#19634 = VERTEX_POINT('',#19635);
#19635 = CARTESIAN_POINT('',(-7.586206896552,-12.5,5.));
#19636 = VERTEX_POINT('',#19637);
#19637 = CARTESIAN_POINT('',(-7.586206896552,-11.,5.));
#19638 = LINE('',#19639,#19640);
#19639 = CARTESIAN_POINT('',(-7.586206896552,-12.5,5.));
#19640 = VECTOR('',#19641,1.);
#19641 = DIRECTION('',(-0.,1.,0.));
#19642 = ORIENTED_EDGE('',*,*,#19643,.T.);
#19643 = EDGE_CURVE('',#19634,#19644,#19646,.T.);
#19644 = VERTEX_POINT('',#19645);
#19645 = CARTESIAN_POINT('',(7.586206896552,-12.5,5.));
#19646 = LINE('',#19647,#19648);
#19647 = CARTESIAN_POINT('',(-7.586206896552,-12.5,5.));
#19648 = VECTOR('',#19649,1.);
#19649 = DIRECTION('',(1.,0.,-0.));
#19650 = ORIENTED_EDGE('',*,*,#19651,.T.);
#19651 = EDGE_CURVE('',#19644,#19652,#19654,.T.);
#19652 = VERTEX_POINT('',#19653);
#19653 = CARTESIAN_POINT('',(7.586206896552,-11.,5.));
#19654 = LINE('',#19655,#19656);
#19655 = CARTESIAN_POINT('',(7.586206896552,-12.5,5.));
#19656 = VECTOR('',#19657,1.);
#19657 = DIRECTION('',(-0.,1.,0.));
#19658 = ORIENTED_EDGE('',*,*,#19659,.F.);
#19659 = EDGE_CURVE('',#19660,#19652,#19662,.T.);
#19660 = VERTEX_POINT('',#19661);
#19661 = CARTESIAN_POINT('',(1.5,-11.,5.));
#19662 = LINE('',#19663,#19664);
#19663 = CARTESIAN_POINT('',(-7.586206896552,-11.,5.));
#19664 = VECTOR('',#19665,1.);
#19665 = DIRECTION('',(1.,0.,-0.));
#19666 = ORIENTED_EDGE('',*,*,#19667,.F.);
#19667 = EDGE_CURVE('',#19668,#19660,#19670,.T.);
#19668 = VERTEX_POINT('',#19669);
#19669 = CARTESIAN_POINT('',(-1.5,-11.,5.));
#19670 = LINE('',#19671,#19672);
#19671 = CARTESIAN_POINT('',(-7.586206896552,-11.,5.));
#19672 = VECTOR('',#19673,1.);
#19673 = DIRECTION('',(1.,0.,-0.));
#19674 = ORIENTED_EDGE('',*,*,#19675,.F.);
#19675 = EDGE_CURVE('',#19636,#19668,#19676,.T.);
#19676 = LINE('',#19677,#19678);
#19677 = CARTESIAN_POINT('',(-7.586206896552,-11.,5.));
#19678 = VECTOR('',#19679,1.);
#19679 = DIRECTION('',(1.,0.,-0.));
#19680 = PLANE('',#19681);
#19681 = AXIS2_PLACEMENT_3D('',#19682,#19683,#19684);
#19682 = CARTESIAN_POINT('',(-7.586206896552,-12.5,5.));
#19683 = DIRECTION('',(0.,0.,1.));
#19684 = DIRECTION('',(1.,0.,-0.));
#19685 = ADVANCED_FACE('',(#19686),#19713,.T.);
#19686 = FACE_BOUND('',#19687,.T.);
#19687 = EDGE_LOOP('',(#19688,#19689,#19698,#19706));
#19688 = ORIENTED_EDGE('',*,*,#19633,.T.);
#19689 = ORIENTED_EDGE('',*,*,#19690,.F.);
#19690 = EDGE_CURVE('',#19691,#19636,#19693,.T.);
#19691 = VERTEX_POINT('',#19692);
#19692 = CARTESIAN_POINT('',(-7.586206896552,-11.,-5.));
#19693 = CIRCLE('',#19694,5.);
#19694 = AXIS2_PLACEMENT_3D('',#19695,#19696,#19697);
#19695 = CARTESIAN_POINT('',(-7.586206896552,-11.,0.));
#19696 = DIRECTION('',(0.,1.,0.));
#19697 = DIRECTION('',(0.,-0.,1.));
#19698 = ORIENTED_EDGE('',*,*,#19699,.F.);
#19699 = EDGE_CURVE('',#19700,#19691,#19702,.T.);
#19700 = VERTEX_POINT('',#19701);
#19701 = CARTESIAN_POINT('',(-7.586206896552,-12.5,-5.));
#19702 = LINE('',#19703,#19704);
#19703 = CARTESIAN_POINT('',(-7.586206896552,-12.5,-5.));
#19704 = VECTOR('',#19705,1.);
#19705 = DIRECTION('',(-0.,1.,0.));
#19706 = ORIENTED_EDGE('',*,*,#19707,.T.);
#19707 = EDGE_CURVE('',#19700,#19634,#19708,.T.);
#19708 = CIRCLE('',#19709,5.);
#19709 = AXIS2_PLACEMENT_3D('',#19710,#19711,#19712);
#19710 = CARTESIAN_POINT('',(-7.586206896552,-12.5,0.));
#19711 = DIRECTION('',(0.,1.,0.));
#19712 = DIRECTION('',(0.,-0.,1.));
#19713 = CYLINDRICAL_SURFACE('',#19714,5.);
#19714 = AXIS2_PLACEMENT_3D('',#19715,#19716,#19717);
#19715 = CARTESIAN_POINT('',(-7.586206896552,-12.5,0.));
#19716 = DIRECTION('',(0.,1.,0.));
#19717 = DIRECTION('',(0.,-0.,1.));
#19718 = ADVANCED_FACE('',(#19719),#19760,.F.);
#19719 = FACE_BOUND('',#19720,.F.);
#19720 = EDGE_LOOP('',(#19721,#19722,#19730,#19738,#19746,#19754));
#19721 = ORIENTED_EDGE('',*,*,#19699,.F.);
#19722 = ORIENTED_EDGE('',*,*,#19723,.T.);
#19723 = EDGE_CURVE('',#19700,#19724,#19726,.T.);
#19724 = VERTEX_POINT('',#19725);
#19725 = CARTESIAN_POINT('',(7.586206896552,-12.5,-5.));
#19726 = LINE('',#19727,#19728);
#19727 = CARTESIAN_POINT('',(-7.586206896552,-12.5,-5.));
#19728 = VECTOR('',#19729,1.);
#19729 = DIRECTION('',(1.,0.,-0.));
#19730 = ORIENTED_EDGE('',*,*,#19731,.T.);
#19731 = EDGE_CURVE('',#19724,#19732,#19734,.T.);
#19732 = VERTEX_POINT('',#19733);
#19733 = CARTESIAN_POINT('',(7.586206896552,-11.,-5.));
#19734 = LINE('',#19735,#19736);
#19735 = CARTESIAN_POINT('',(7.586206896552,-12.5,-5.));
#19736 = VECTOR('',#19737,1.);
#19737 = DIRECTION('',(-0.,1.,0.));
#19738 = ORIENTED_EDGE('',*,*,#19739,.F.);
#19739 = EDGE_CURVE('',#19740,#19732,#19742,.T.);
#19740 = VERTEX_POINT('',#19741);
#19741 = CARTESIAN_POINT('',(1.5,-11.,-5.));
#19742 = LINE('',#19743,#19744);
#19743 = CARTESIAN_POINT('',(-7.586206896552,-11.,-5.));
#19744 = VECTOR('',#19745,1.);
#19745 = DIRECTION('',(1.,0.,-0.));
#19746 = ORIENTED_EDGE('',*,*,#19747,.F.);
#19747 = EDGE_CURVE('',#19748,#19740,#19750,.T.);
#19748 = VERTEX_POINT('',#19749);
#19749 = CARTESIAN_POINT('',(-1.5,-11.,-5.));
#19750 = LINE('',#19751,#19752);
#19751 = CARTESIAN_POINT('',(-7.586206896552,-11.,-5.));
#19752 = VECTOR('',#19753,1.);
#19753 = DIRECTION('',(1.,0.,-0.));
#19754 = ORIENTED_EDGE('',*,*,#19755,.F.);
#19755 = EDGE_CURVE('',#19691,#19748,#19756,.T.);
#19756 = LINE('',#19757,#19758);
#19757 = CARTESIAN_POINT('',(-7.586206896552,-11.,-5.));
#19758 = VECTOR('',#19759,1.);
#19759 = DIRECTION('',(1.,0.,-0.));
#19760 = PLANE('',#19761);
#19761 = AXIS2_PLACEMENT_3D('',#19762,#19763,#19764);
#19762 = CARTESIAN_POINT('',(-7.586206896552,-12.5,-5.));
#19763 = DIRECTION('',(0.,0.,1.));
#19764 = DIRECTION('',(1.,0.,-0.));
#19765 = ADVANCED_FACE('',(#19766),#19791,.F.);
#19766 = FACE_BOUND('',#19767,.F.);
#19767 = EDGE_LOOP('',(#19768,#19776,#19784,#19790));
#19768 = ORIENTED_EDGE('',*,*,#19769,.F.);
#19769 = EDGE_CURVE('',#19770,#19740,#19772,.T.);
#19770 = VERTEX_POINT('',#19771);
#19771 = CARTESIAN_POINT('',(1.5,-11.,-6.));
#19772 = LINE('',#19773,#19774);
#19773 = CARTESIAN_POINT('',(1.5,-11.,-6.));
#19774 = VECTOR('',#19775,1.);
#19775 = DIRECTION('',(0.,0.,1.));
#19776 = ORIENTED_EDGE('',*,*,#19777,.F.);
#19777 = EDGE_CURVE('',#19778,#19770,#19780,.T.);
#19778 = VERTEX_POINT('',#19779);
#19779 = CARTESIAN_POINT('',(-1.5,-11.,-6.));
#19780 = LINE('',#19781,#19782);
#19781 = CARTESIAN_POINT('',(-1.5,-11.,-6.));
#19782 = VECTOR('',#19783,1.);
#19783 = DIRECTION('',(1.,0.,-0.));
#19784 = ORIENTED_EDGE('',*,*,#19785,.T.);
#19785 = EDGE_CURVE('',#19778,#19748,#19786,.T.);
#19786 = LINE('',#19787,#19788);
#19787 = CARTESIAN_POINT('',(-1.5,-11.,-6.));
#19788 = VECTOR('',#19789,1.);
#19789 = DIRECTION('',(0.,0.,1.));
#19790 = ORIENTED_EDGE('',*,*,#19747,.T.);
#19791 = PLANE('',#19792);
#19792 = AXIS2_PLACEMENT_3D('',#19793,#19794,#19795);
#19793 = CARTESIAN_POINT('',(-1.5,-11.,-6.));
#19794 = DIRECTION('',(-0.,1.,0.));
#19795 = DIRECTION('',(0.,0.,1.));
#19796 = ADVANCED_FACE('',(#19797),#19815,.T.);
#19797 = FACE_BOUND('',#19798,.T.);
#19798 = EDGE_LOOP('',(#19799,#19806,#19807,#19814));
#19799 = ORIENTED_EDGE('',*,*,#19800,.F.);
#19800 = EDGE_CURVE('',#19652,#19732,#19801,.T.);
#19801 = CIRCLE('',#19802,5.);
#19802 = AXIS2_PLACEMENT_3D('',#19803,#19804,#19805);
#19803 = CARTESIAN_POINT('',(7.586206896552,-11.,0.));
#19804 = DIRECTION('',(0.,1.,0.));
#19805 = DIRECTION('',(0.,-0.,1.));
#19806 = ORIENTED_EDGE('',*,*,#19651,.F.);
#19807 = ORIENTED_EDGE('',*,*,#19808,.T.);
#19808 = EDGE_CURVE('',#19644,#19724,#19809,.T.);
#19809 = CIRCLE('',#19810,5.);
#19810 = AXIS2_PLACEMENT_3D('',#19811,#19812,#19813);
#19811 = CARTESIAN_POINT('',(7.586206896552,-12.5,0.));
#19812 = DIRECTION('',(0.,1.,0.));
#19813 = DIRECTION('',(0.,-0.,1.));
#19814 = ORIENTED_EDGE('',*,*,#19731,.T.);
#19815 = CYLINDRICAL_SURFACE('',#19816,5.);
#19816 = AXIS2_PLACEMENT_3D('',#19817,#19818,#19819);
#19817 = CARTESIAN_POINT('',(7.586206896552,-12.5,0.));
#19818 = DIRECTION('',(0.,1.,0.));
#19819 = DIRECTION('',(0.,-0.,1.));
#19820 = ADVANCED_FACE('',(#19821),#19846,.F.);
#19821 = FACE_BOUND('',#19822,.F.);
#19822 = EDGE_LOOP('',(#19823,#19824,#19832,#19840));
#19823 = ORIENTED_EDGE('',*,*,#19667,.F.);
#19824 = ORIENTED_EDGE('',*,*,#19825,.T.);
#19825 = EDGE_CURVE('',#19668,#19826,#19828,.T.);
#19826 = VERTEX_POINT('',#19827);
#19827 = CARTESIAN_POINT('',(-1.5,-11.,6.));
#19828 = LINE('',#19829,#19830);
#19829 = CARTESIAN_POINT('',(-1.5,-11.,4.5));
#19830 = VECTOR('',#19831,1.);
#19831 = DIRECTION('',(0.,0.,1.));
#19832 = ORIENTED_EDGE('',*,*,#19833,.T.);
#19833 = EDGE_CURVE('',#19826,#19834,#19836,.T.);
#19834 = VERTEX_POINT('',#19835);
#19835 = CARTESIAN_POINT('',(1.5,-11.,6.));
#19836 = LINE('',#19837,#19838);
#19837 = CARTESIAN_POINT('',(-1.5,-11.,6.));
#19838 = VECTOR('',#19839,1.);
#19839 = DIRECTION('',(1.,0.,-0.));
#19840 = ORIENTED_EDGE('',*,*,#19841,.F.);
#19841 = EDGE_CURVE('',#19660,#19834,#19842,.T.);
#19842 = LINE('',#19843,#19844);
#19843 = CARTESIAN_POINT('',(1.5,-11.,4.5));
#19844 = VECTOR('',#19845,1.);
#19845 = DIRECTION('',(0.,0.,1.));
#19846 = PLANE('',#19847);
#19847 = AXIS2_PLACEMENT_3D('',#19848,#19849,#19850);
#19848 = CARTESIAN_POINT('',(-1.5,-11.,4.5));
#19849 = DIRECTION('',(-0.,1.,0.));
#19850 = DIRECTION('',(0.,0.,1.));
#19851 = ADVANCED_FACE('',(#19852),#19893,.F.);
#19852 = FACE_BOUND('',#19853,.F.);
#19853 = EDGE_LOOP('',(#19854,#19855,#19863,#19871,#19879,#19887));
#19854 = ORIENTED_EDGE('',*,*,#19785,.F.);
#19855 = ORIENTED_EDGE('',*,*,#19856,.T.);
#19856 = EDGE_CURVE('',#19778,#19857,#19859,.T.);
#19857 = VERTEX_POINT('',#19858);
#19858 = CARTESIAN_POINT('',(-1.5,11.,-6.));
#19859 = LINE('',#19860,#19861);
#19860 = CARTESIAN_POINT('',(-1.5,-11.,-6.));
#19861 = VECTOR('',#19862,1.);
#19862 = DIRECTION('',(-0.,1.,0.));
#19863 = ORIENTED_EDGE('',*,*,#19864,.T.);
#19864 = EDGE_CURVE('',#19857,#19865,#19867,.T.);
#19865 = VERTEX_POINT('',#19866);
#19866 = CARTESIAN_POINT('',(-1.5,11.,-5.));
#19867 = LINE('',#19868,#19869);
#19868 = CARTESIAN_POINT('',(-1.5,11.,-6.));
#19869 = VECTOR('',#19870,1.);
#19870 = DIRECTION('',(0.,0.,1.));
#19871 = ORIENTED_EDGE('',*,*,#19872,.T.);
#19872 = EDGE_CURVE('',#19865,#19873,#19875,.T.);
#19873 = VERTEX_POINT('',#19874);
#19874 = CARTESIAN_POINT('',(-1.5,11.,-4.5));
#19875 = LINE('',#19876,#19877);
#19876 = CARTESIAN_POINT('',(-1.5,11.,-6.));
#19877 = VECTOR('',#19878,1.);
#19878 = DIRECTION('',(0.,0.,1.));
#19879 = ORIENTED_EDGE('',*,*,#19880,.F.);
#19880 = EDGE_CURVE('',#19881,#19873,#19883,.T.);
#19881 = VERTEX_POINT('',#19882);
#19882 = CARTESIAN_POINT('',(-1.5,-11.,-4.5));
#19883 = LINE('',#19884,#19885);
#19884 = CARTESIAN_POINT('',(-1.5,-11.,-4.5));
#19885 = VECTOR('',#19886,1.);
#19886 = DIRECTION('',(-0.,1.,0.));
#19887 = ORIENTED_EDGE('',*,*,#19888,.F.);
#19888 = EDGE_CURVE('',#19748,#19881,#19889,.T.);
#19889 = LINE('',#19890,#19891);
#19890 = CARTESIAN_POINT('',(-1.5,-11.,-6.));
#19891 = VECTOR('',#19892,1.);
#19892 = DIRECTION('',(0.,0.,1.));
#19893 = PLANE('',#19894);
#19894 = AXIS2_PLACEMENT_3D('',#19895,#19896,#19897);
#19895 = CARTESIAN_POINT('',(-1.5,-11.,-6.));
#19896 = DIRECTION('',(1.,0.,-0.));
#19897 = DIRECTION('',(0.,0.,1.));
#19898 = ADVANCED_FACE('',(#19899),#19924,.T.);
#19899 = FACE_BOUND('',#19900,.T.);
#19900 = EDGE_LOOP('',(#19901,#19902,#19910,#19918));
#19901 = ORIENTED_EDGE('',*,*,#19880,.F.);
#19902 = ORIENTED_EDGE('',*,*,#19903,.T.);
#19903 = EDGE_CURVE('',#19881,#19904,#19906,.T.);
#19904 = VERTEX_POINT('',#19905);
#19905 = CARTESIAN_POINT('',(1.5,-11.,-4.5));
#19906 = LINE('',#19907,#19908);
#19907 = CARTESIAN_POINT('',(-1.5,-11.,-4.5));
#19908 = VECTOR('',#19909,1.);
#19909 = DIRECTION('',(1.,0.,-0.));
#19910 = ORIENTED_EDGE('',*,*,#19911,.T.);
#19911 = EDGE_CURVE('',#19904,#19912,#19914,.T.);
#19912 = VERTEX_POINT('',#19913);
#19913 = CARTESIAN_POINT('',(1.5,11.,-4.5));
#19914 = LINE('',#19915,#19916);
#19915 = CARTESIAN_POINT('',(1.5,-11.,-4.5));
#19916 = VECTOR('',#19917,1.);
#19917 = DIRECTION('',(-0.,1.,0.));
#19918 = ORIENTED_EDGE('',*,*,#19919,.F.);
#19919 = EDGE_CURVE('',#19873,#19912,#19920,.T.);
#19920 = LINE('',#19921,#19922);
#19921 = CARTESIAN_POINT('',(-1.5,11.,-4.5));
#19922 = VECTOR('',#19923,1.);
#19923 = DIRECTION('',(1.,0.,-0.));
#19924 = PLANE('',#19925);
#19925 = AXIS2_PLACEMENT_3D('',#19926,#19927,#19928);
#19926 = CARTESIAN_POINT('',(-1.5,-11.,-4.5));
#19927 = DIRECTION('',(0.,0.,1.));
#19928 = DIRECTION('',(1.,0.,-0.));
#19929 = ADVANCED_FACE('',(#19930),#19962,.T.);
#19930 = FACE_BOUND('',#19931,.T.);
#19931 = EDGE_LOOP('',(#19932,#19933,#19941,#19949,#19955,#19956));
#19932 = ORIENTED_EDGE('',*,*,#19769,.F.);
#19933 = ORIENTED_EDGE('',*,*,#19934,.T.);
#19934 = EDGE_CURVE('',#19770,#19935,#19937,.T.);
#19935 = VERTEX_POINT('',#19936);
#19936 = CARTESIAN_POINT('',(1.5,11.,-6.));
#19937 = LINE('',#19938,#19939);
#19938 = CARTESIAN_POINT('',(1.5,-11.,-6.));
#19939 = VECTOR('',#19940,1.);
#19940 = DIRECTION('',(-0.,1.,0.));
#19941 = ORIENTED_EDGE('',*,*,#19942,.T.);
#19942 = EDGE_CURVE('',#19935,#19943,#19945,.T.);
#19943 = VERTEX_POINT('',#19944);
#19944 = CARTESIAN_POINT('',(1.5,11.,-5.));
#19945 = LINE('',#19946,#19947);
#19946 = CARTESIAN_POINT('',(1.5,11.,-6.));
#19947 = VECTOR('',#19948,1.);
#19948 = DIRECTION('',(0.,0.,1.));
#19949 = ORIENTED_EDGE('',*,*,#19950,.T.);
#19950 = EDGE_CURVE('',#19943,#19912,#19951,.T.);
#19951 = LINE('',#19952,#19953);
#19952 = CARTESIAN_POINT('',(1.5,11.,-6.));
#19953 = VECTOR('',#19954,1.);
#19954 = DIRECTION('',(0.,0.,1.));
#19955 = ORIENTED_EDGE('',*,*,#19911,.F.);
#19956 = ORIENTED_EDGE('',*,*,#19957,.F.);
#19957 = EDGE_CURVE('',#19740,#19904,#19958,.T.);
#19958 = LINE('',#19959,#19960);
#19959 = CARTESIAN_POINT('',(1.5,-11.,-6.));
#19960 = VECTOR('',#19961,1.);
#19961 = DIRECTION('',(0.,0.,1.));
#19962 = PLANE('',#19963);
#19963 = AXIS2_PLACEMENT_3D('',#19964,#19965,#19966);
#19964 = CARTESIAN_POINT('',(1.5,-11.,-6.));
#19965 = DIRECTION('',(1.,0.,-0.));
#19966 = DIRECTION('',(0.,0.,1.));
#19967 = ADVANCED_FACE('',(#19968),#20009,.T.);
#19968 = FACE_BOUND('',#19969,.T.);
#19969 = EDGE_LOOP('',(#19970,#19978,#19986,#19994,#20002,#20008));
#19970 = ORIENTED_EDGE('',*,*,#19971,.F.);
#19971 = EDGE_CURVE('',#19972,#19660,#19974,.T.);
#19972 = VERTEX_POINT('',#19973);
#19973 = CARTESIAN_POINT('',(1.5,-11.,4.5));
#19974 = LINE('',#19975,#19976);
#19975 = CARTESIAN_POINT('',(1.5,-11.,4.5));
#19976 = VECTOR('',#19977,1.);
#19977 = DIRECTION('',(0.,0.,1.));
#19978 = ORIENTED_EDGE('',*,*,#19979,.T.);
#19979 = EDGE_CURVE('',#19972,#19980,#19982,.T.);
#19980 = VERTEX_POINT('',#19981);
#19981 = CARTESIAN_POINT('',(1.5,11.,4.5));
#19982 = LINE('',#19983,#19984);
#19983 = CARTESIAN_POINT('',(1.5,-11.,4.5));
#19984 = VECTOR('',#19985,1.);
#19985 = DIRECTION('',(-0.,1.,0.));
#19986 = ORIENTED_EDGE('',*,*,#19987,.T.);
#19987 = EDGE_CURVE('',#19980,#19988,#19990,.T.);
#19988 = VERTEX_POINT('',#19989);
#19989 = CARTESIAN_POINT('',(1.5,11.,5.));
#19990 = LINE('',#19991,#19992);
#19991 = CARTESIAN_POINT('',(1.5,11.,4.5));
#19992 = VECTOR('',#19993,1.);
#19993 = DIRECTION('',(0.,0.,1.));
#19994 = ORIENTED_EDGE('',*,*,#19995,.T.);
#19995 = EDGE_CURVE('',#19988,#19996,#19998,.T.);
#19996 = VERTEX_POINT('',#19997);
#19997 = CARTESIAN_POINT('',(1.5,11.,6.));
#19998 = LINE('',#19999,#20000);
#19999 = CARTESIAN_POINT('',(1.5,11.,4.5));
#20000 = VECTOR('',#20001,1.);
#20001 = DIRECTION('',(0.,0.,1.));
#20002 = ORIENTED_EDGE('',*,*,#20003,.F.);
#20003 = EDGE_CURVE('',#19834,#19996,#20004,.T.);
#20004 = LINE('',#20005,#20006);
#20005 = CARTESIAN_POINT('',(1.5,-11.,6.));
#20006 = VECTOR('',#20007,1.);
#20007 = DIRECTION('',(-0.,1.,0.));
#20008 = ORIENTED_EDGE('',*,*,#19841,.F.);
#20009 = PLANE('',#20010);
#20010 = AXIS2_PLACEMENT_3D('',#20011,#20012,#20013);
#20011 = CARTESIAN_POINT('',(1.5,-11.,4.5));
#20012 = DIRECTION('',(1.,0.,-0.));
#20013 = DIRECTION('',(0.,0.,1.));
#20014 = ADVANCED_FACE('',(#20015),#20040,.F.);
#20015 = FACE_BOUND('',#20016,.F.);
#20016 = EDGE_LOOP('',(#20017,#20027,#20033,#20034));
#20017 = ORIENTED_EDGE('',*,*,#20018,.F.);
#20018 = EDGE_CURVE('',#20019,#20021,#20023,.T.);
#20019 = VERTEX_POINT('',#20020);
#20020 = CARTESIAN_POINT('',(-1.5,-11.,4.5));
#20021 = VERTEX_POINT('',#20022);
#20022 = CARTESIAN_POINT('',(-1.5,11.,4.5));
#20023 = LINE('',#20024,#20025);
#20024 = CARTESIAN_POINT('',(-1.5,-11.,4.5));
#20025 = VECTOR('',#20026,1.);
#20026 = DIRECTION('',(-0.,1.,0.));
#20027 = ORIENTED_EDGE('',*,*,#20028,.T.);
#20028 = EDGE_CURVE('',#20019,#19972,#20029,.T.);
#20029 = LINE('',#20030,#20031);
#20030 = CARTESIAN_POINT('',(-1.5,-11.,4.5));
#20031 = VECTOR('',#20032,1.);
#20032 = DIRECTION('',(1.,0.,-0.));
#20033 = ORIENTED_EDGE('',*,*,#19979,.T.);
#20034 = ORIENTED_EDGE('',*,*,#20035,.F.);
#20035 = EDGE_CURVE('',#20021,#19980,#20036,.T.);
#20036 = LINE('',#20037,#20038);
#20037 = CARTESIAN_POINT('',(-1.5,11.,4.5));
#20038 = VECTOR('',#20039,1.);
#20039 = DIRECTION('',(1.,0.,-0.));
#20040 = PLANE('',#20041);
#20041 = AXIS2_PLACEMENT_3D('',#20042,#20043,#20044);
#20042 = CARTESIAN_POINT('',(-1.5,-11.,4.5));
#20043 = DIRECTION('',(0.,0.,1.));
#20044 = DIRECTION('',(1.,0.,-0.));
#20045 = ADVANCED_FACE('',(#20046),#20078,.F.);
#20046 = FACE_BOUND('',#20047,.F.);
#20047 = EDGE_LOOP('',(#20048,#20054,#20055,#20063,#20071,#20077));
#20048 = ORIENTED_EDGE('',*,*,#20049,.F.);
#20049 = EDGE_CURVE('',#20019,#19668,#20050,.T.);
#20050 = LINE('',#20051,#20052);
#20051 = CARTESIAN_POINT('',(-1.5,-11.,4.5));
#20052 = VECTOR('',#20053,1.);
#20053 = DIRECTION('',(0.,0.,1.));
#20054 = ORIENTED_EDGE('',*,*,#20018,.T.);
#20055 = ORIENTED_EDGE('',*,*,#20056,.T.);
#20056 = EDGE_CURVE('',#20021,#20057,#20059,.T.);
#20057 = VERTEX_POINT('',#20058);
#20058 = CARTESIAN_POINT('',(-1.5,11.,5.));
#20059 = LINE('',#20060,#20061);
#20060 = CARTESIAN_POINT('',(-1.5,11.,4.5));
#20061 = VECTOR('',#20062,1.);
#20062 = DIRECTION('',(0.,0.,1.));
#20063 = ORIENTED_EDGE('',*,*,#20064,.T.);
#20064 = EDGE_CURVE('',#20057,#20065,#20067,.T.);
#20065 = VERTEX_POINT('',#20066);
#20066 = CARTESIAN_POINT('',(-1.5,11.,6.));
#20067 = LINE('',#20068,#20069);
#20068 = CARTESIAN_POINT('',(-1.5,11.,4.5));
#20069 = VECTOR('',#20070,1.);
#20070 = DIRECTION('',(0.,0.,1.));
#20071 = ORIENTED_EDGE('',*,*,#20072,.F.);
#20072 = EDGE_CURVE('',#19826,#20065,#20073,.T.);
#20073 = LINE('',#20074,#20075);
#20074 = CARTESIAN_POINT('',(-1.5,-11.,6.));
#20075 = VECTOR('',#20076,1.);
#20076 = DIRECTION('',(-0.,1.,0.));
#20077 = ORIENTED_EDGE('',*,*,#19825,.F.);
#20078 = PLANE('',#20079);
#20079 = AXIS2_PLACEMENT_3D('',#20080,#20081,#20082);
#20080 = CARTESIAN_POINT('',(-1.5,-11.,4.5));
#20081 = DIRECTION('',(1.,0.,-0.));
#20082 = DIRECTION('',(0.,0.,1.));
#20083 = ADVANCED_FACE('',(#20084),#20095,.F.);
#20084 = FACE_BOUND('',#20085,.F.);
#20085 = EDGE_LOOP('',(#20086,#20087,#20088,#20089));
#20086 = ORIENTED_EDGE('',*,*,#19856,.F.);
#20087 = ORIENTED_EDGE('',*,*,#19777,.T.);
#20088 = ORIENTED_EDGE('',*,*,#19934,.T.);
#20089 = ORIENTED_EDGE('',*,*,#20090,.F.);
#20090 = EDGE_CURVE('',#19857,#19935,#20091,.T.);
#20091 = LINE('',#20092,#20093);
#20092 = CARTESIAN_POINT('',(-1.5,11.,-6.));
#20093 = VECTOR('',#20094,1.);
#20094 = DIRECTION('',(1.,0.,-0.));
#20095 = PLANE('',#20096);
#20096 = AXIS2_PLACEMENT_3D('',#20097,#20098,#20099);
#20097 = CARTESIAN_POINT('',(-1.5,-11.,-6.));
#20098 = DIRECTION('',(0.,0.,1.));
#20099 = DIRECTION('',(1.,0.,-0.));
#20100 = ADVANCED_FACE('',(#20101),#20112,.T.);
#20101 = FACE_BOUND('',#20102,.T.);
#20102 = EDGE_LOOP('',(#20103,#20104,#20105,#20106));
#20103 = ORIENTED_EDGE('',*,*,#20072,.F.);
#20104 = ORIENTED_EDGE('',*,*,#19833,.T.);
#20105 = ORIENTED_EDGE('',*,*,#20003,.T.);
#20106 = ORIENTED_EDGE('',*,*,#20107,.F.);
#20107 = EDGE_CURVE('',#20065,#19996,#20108,.T.);
#20108 = LINE('',#20109,#20110);
#20109 = CARTESIAN_POINT('',(-1.5,11.,6.));
#20110 = VECTOR('',#20111,1.);
#20111 = DIRECTION('',(1.,0.,-0.));
#20112 = PLANE('',#20113);
#20113 = AXIS2_PLACEMENT_3D('',#20114,#20115,#20116);
#20114 = CARTESIAN_POINT('',(-1.5,-11.,6.));
#20115 = DIRECTION('',(0.,0.,1.));
#20116 = DIRECTION('',(1.,0.,-0.));
#20117 = ADVANCED_FACE('',(#20118),#20129,.T.);
#20118 = FACE_BOUND('',#20119,.T.);
#20119 = EDGE_LOOP('',(#20120,#20121,#20122,#20123));
#20120 = ORIENTED_EDGE('',*,*,#19942,.F.);
#20121 = ORIENTED_EDGE('',*,*,#20090,.F.);
#20122 = ORIENTED_EDGE('',*,*,#19864,.T.);
#20123 = ORIENTED_EDGE('',*,*,#20124,.T.);
#20124 = EDGE_CURVE('',#19865,#19943,#20125,.T.);
#20125 = LINE('',#20126,#20127);
#20126 = CARTESIAN_POINT('',(-7.586206896552,11.,-5.));
#20127 = VECTOR('',#20128,1.);
#20128 = DIRECTION('',(1.,0.,-0.));
#20129 = PLANE('',#20130);
#20130 = AXIS2_PLACEMENT_3D('',#20131,#20132,#20133);
#20131 = CARTESIAN_POINT('',(-1.5,11.,-6.));
#20132 = DIRECTION('',(-0.,1.,0.));
#20133 = DIRECTION('',(0.,0.,1.));
#20134 = ADVANCED_FACE('',(#20135),#20146,.T.);
#20135 = FACE_BOUND('',#20136,.T.);
#20136 = EDGE_LOOP('',(#20137,#20143,#20144,#20145));
#20137 = ORIENTED_EDGE('',*,*,#20138,.F.);
#20138 = EDGE_CURVE('',#20057,#19988,#20139,.T.);
#20139 = LINE('',#20140,#20141);
#20140 = CARTESIAN_POINT('',(-7.586206896552,11.,5.));
#20141 = VECTOR('',#20142,1.);
#20142 = DIRECTION('',(1.,0.,-0.));
#20143 = ORIENTED_EDGE('',*,*,#20064,.T.);
#20144 = ORIENTED_EDGE('',*,*,#20107,.T.);
#20145 = ORIENTED_EDGE('',*,*,#19995,.F.);
#20146 = PLANE('',#20147);
#20147 = AXIS2_PLACEMENT_3D('',#20148,#20149,#20150);
#20148 = CARTESIAN_POINT('',(-1.5,11.,4.5));
#20149 = DIRECTION('',(-0.,1.,0.));
#20150 = DIRECTION('',(0.,0.,1.));
#20151 = ADVANCED_FACE('',(#20152),#20193,.F.);
#20152 = FACE_BOUND('',#20153,.F.);
#20153 = EDGE_LOOP('',(#20154,#20164,#20170,#20171,#20179,#20187));
#20154 = ORIENTED_EDGE('',*,*,#20155,.F.);
#20155 = EDGE_CURVE('',#20156,#20158,#20160,.T.);
#20156 = VERTEX_POINT('',#20157);
#20157 = CARTESIAN_POINT('',(-7.586206896552,11.,-5.));
#20158 = VERTEX_POINT('',#20159);
#20159 = CARTESIAN_POINT('',(-7.586206896552,12.5,-5.));
#20160 = LINE('',#20161,#20162);
#20161 = CARTESIAN_POINT('',(-7.586206896552,11.,-5.));
#20162 = VECTOR('',#20163,1.);
#20163 = DIRECTION('',(-0.,1.,0.));
#20164 = ORIENTED_EDGE('',*,*,#20165,.T.);
#20165 = EDGE_CURVE('',#20156,#19865,#20166,.T.);
#20166 = LINE('',#20167,#20168);
#20167 = CARTESIAN_POINT('',(-7.586206896552,11.,-5.));
#20168 = VECTOR('',#20169,1.);
#20169 = DIRECTION('',(1.,0.,-0.));
#20170 = ORIENTED_EDGE('',*,*,#20124,.T.);
#20171 = ORIENTED_EDGE('',*,*,#20172,.T.);
#20172 = EDGE_CURVE('',#19943,#20173,#20175,.T.);
#20173 = VERTEX_POINT('',#20174);
#20174 = CARTESIAN_POINT('',(7.586206896552,11.,-5.));
#20175 = LINE('',#20176,#20177);
#20176 = CARTESIAN_POINT('',(-7.586206896552,11.,-5.));
#20177 = VECTOR('',#20178,1.);
#20178 = DIRECTION('',(1.,0.,-0.));
#20179 = ORIENTED_EDGE('',*,*,#20180,.T.);
#20180 = EDGE_CURVE('',#20173,#20181,#20183,.T.);
#20181 = VERTEX_POINT('',#20182);
#20182 = CARTESIAN_POINT('',(7.586206896552,12.5,-5.));
#20183 = LINE('',#20184,#20185);
#20184 = CARTESIAN_POINT('',(7.586206896552,11.,-5.));
#20185 = VECTOR('',#20186,1.);
#20186 = DIRECTION('',(-0.,1.,0.));
#20187 = ORIENTED_EDGE('',*,*,#20188,.F.);
#20188 = EDGE_CURVE('',#20158,#20181,#20189,.T.);
#20189 = LINE('',#20190,#20191);
#20190 = CARTESIAN_POINT('',(-7.586206896552,12.5,-5.));
#20191 = VECTOR('',#20192,1.);
#20192 = DIRECTION('',(1.,0.,-0.));
#20193 = PLANE('',#20194);
#20194 = AXIS2_PLACEMENT_3D('',#20195,#20196,#20197);
#20195 = CARTESIAN_POINT('',(-7.586206896552,11.,-5.));
#20196 = DIRECTION('',(0.,0.,1.));
#20197 = DIRECTION('',(1.,0.,-0.));
#20198 = ADVANCED_FACE('',(#20199),#20240,.T.);
#20199 = FACE_BOUND('',#20200,.T.);
#20200 = EDGE_LOOP('',(#20201,#20211,#20217,#20218,#20226,#20234));
#20201 = ORIENTED_EDGE('',*,*,#20202,.F.);
#20202 = EDGE_CURVE('',#20203,#20205,#20207,.T.);
#20203 = VERTEX_POINT('',#20204);
#20204 = CARTESIAN_POINT('',(-7.586206896552,11.,5.));
#20205 = VERTEX_POINT('',#20206);
#20206 = CARTESIAN_POINT('',(-7.586206896552,12.5,5.));
#20207 = LINE('',#20208,#20209);
#20208 = CARTESIAN_POINT('',(-7.586206896552,11.,5.));
#20209 = VECTOR('',#20210,1.);
#20210 = DIRECTION('',(-0.,1.,0.));
#20211 = ORIENTED_EDGE('',*,*,#20212,.T.);
#20212 = EDGE_CURVE('',#20203,#20057,#20213,.T.);
#20213 = LINE('',#20214,#20215);
#20214 = CARTESIAN_POINT('',(-7.586206896552,11.,5.));
#20215 = VECTOR('',#20216,1.);
#20216 = DIRECTION('',(1.,0.,-0.));
#20217 = ORIENTED_EDGE('',*,*,#20138,.T.);
#20218 = ORIENTED_EDGE('',*,*,#20219,.T.);
#20219 = EDGE_CURVE('',#19988,#20220,#20222,.T.);
#20220 = VERTEX_POINT('',#20221);
#20221 = CARTESIAN_POINT('',(7.586206896552,11.,5.));
#20222 = LINE('',#20223,#20224);
#20223 = CARTESIAN_POINT('',(-7.586206896552,11.,5.));
#20224 = VECTOR('',#20225,1.);
#20225 = DIRECTION('',(1.,0.,-0.));
#20226 = ORIENTED_EDGE('',*,*,#20227,.T.);
#20227 = EDGE_CURVE('',#20220,#20228,#20230,.T.);
#20228 = VERTEX_POINT('',#20229);
#20229 = CARTESIAN_POINT('',(7.586206896552,12.5,5.));
#20230 = LINE('',#20231,#20232);
#20231 = CARTESIAN_POINT('',(7.586206896552,11.,5.));
#20232 = VECTOR('',#20233,1.);
#20233 = DIRECTION('',(-0.,1.,0.));
#20234 = ORIENTED_EDGE('',*,*,#20235,.F.);
#20235 = EDGE_CURVE('',#20205,#20228,#20236,.T.);
#20236 = LINE('',#20237,#20238);
#20237 = CARTESIAN_POINT('',(-7.586206896552,12.5,5.));
#20238 = VECTOR('',#20239,1.);
#20239 = DIRECTION('',(1.,0.,-0.));
#20240 = PLANE('',#20241);
#20241 = AXIS2_PLACEMENT_3D('',#20242,#20243,#20244);
#20242 = CARTESIAN_POINT('',(-7.586206896552,11.,5.));
#20243 = DIRECTION('',(0.,0.,1.));
#20244 = DIRECTION('',(1.,0.,-0.));
#20245 = ADVANCED_FACE('',(#20246),#20264,.T.);
#20246 = FACE_BOUND('',#20247,.T.);
#20247 = EDGE_LOOP('',(#20248,#20249,#20256,#20257));
#20248 = ORIENTED_EDGE('',*,*,#20202,.T.);
#20249 = ORIENTED_EDGE('',*,*,#20250,.F.);
#20250 = EDGE_CURVE('',#20158,#20205,#20251,.T.);
#20251 = CIRCLE('',#20252,5.);
#20252 = AXIS2_PLACEMENT_3D('',#20253,#20254,#20255);
#20253 = CARTESIAN_POINT('',(-7.586206896552,12.5,0.));
#20254 = DIRECTION('',(0.,1.,0.));
#20255 = DIRECTION('',(0.,-0.,1.));
#20256 = ORIENTED_EDGE('',*,*,#20155,.F.);
#20257 = ORIENTED_EDGE('',*,*,#20258,.T.);
#20258 = EDGE_CURVE('',#20156,#20203,#20259,.T.);
#20259 = CIRCLE('',#20260,5.);
#20260 = AXIS2_PLACEMENT_3D('',#20261,#20262,#20263);
#20261 = CARTESIAN_POINT('',(-7.586206896552,11.,0.));
#20262 = DIRECTION('',(0.,1.,0.));
#20263 = DIRECTION('',(0.,-0.,1.));
#20264 = CYLINDRICAL_SURFACE('',#20265,5.);
#20265 = AXIS2_PLACEMENT_3D('',#20266,#20267,#20268);
#20266 = CARTESIAN_POINT('',(-7.586206896552,11.,0.));
#20267 = DIRECTION('',(0.,1.,0.));
#20268 = DIRECTION('',(0.,-0.,1.));
#20269 = ADVANCED_FACE('',(#20270),#20288,.T.);
#20270 = FACE_BOUND('',#20271,.T.);
#20271 = EDGE_LOOP('',(#20272,#20279,#20280,#20287));
#20272 = ORIENTED_EDGE('',*,*,#20273,.F.);
#20273 = EDGE_CURVE('',#20228,#20181,#20274,.T.);
#20274 = CIRCLE('',#20275,5.);
#20275 = AXIS2_PLACEMENT_3D('',#20276,#20277,#20278);
#20276 = CARTESIAN_POINT('',(7.586206896552,12.5,0.));
#20277 = DIRECTION('',(0.,1.,0.));
#20278 = DIRECTION('',(0.,-0.,1.));
#20279 = ORIENTED_EDGE('',*,*,#20227,.F.);
#20280 = ORIENTED_EDGE('',*,*,#20281,.T.);
#20281 = EDGE_CURVE('',#20220,#20173,#20282,.T.);
#20282 = CIRCLE('',#20283,5.);
#20283 = AXIS2_PLACEMENT_3D('',#20284,#20285,#20286);
#20284 = CARTESIAN_POINT('',(7.586206896552,11.,0.));
#20285 = DIRECTION('',(0.,1.,0.));
#20286 = DIRECTION('',(0.,-0.,1.));
#20287 = ORIENTED_EDGE('',*,*,#20180,.T.);
#20288 = CYLINDRICAL_SURFACE('',#20289,5.);
#20289 = AXIS2_PLACEMENT_3D('',#20290,#20291,#20292);
#20290 = CARTESIAN_POINT('',(7.586206896552,11.,0.));
#20291 = DIRECTION('',(0.,1.,0.));
#20292 = DIRECTION('',(0.,-0.,1.));
#20293 = ADVANCED_FACE('',(#20294),#20300,.T.);
#20294 = FACE_BOUND('',#20295,.T.);
#20295 = EDGE_LOOP('',(#20296,#20297,#20298,#20299));
#20296 = ORIENTED_EDGE('',*,*,#19723,.T.);
#20297 = ORIENTED_EDGE('',*,*,#19808,.F.);
#20298 = ORIENTED_EDGE('',*,*,#19643,.F.);
#20299 = ORIENTED_EDGE('',*,*,#19707,.F.);
#20300 = PLANE('',#20301);
#20301 = AXIS2_PLACEMENT_3D('',#20302,#20303,#20304);
#20302 = CARTESIAN_POINT('',(-6.476089505928E-16,-12.5,
    -2.354941638519E-16));
#20303 = DIRECTION('',(-0.,-1.,-0.));
#20304 = DIRECTION('',(0.,0.,-1.));
#20305 = ADVANCED_FACE('',(#20306),#20320,.T.);
#20306 = FACE_BOUND('',#20307,.T.);
#20307 = EDGE_LOOP('',(#20308,#20309,#20310,#20311,#20312,#20313,#20314,
    #20315,#20316,#20317,#20318,#20319));
#20308 = ORIENTED_EDGE('',*,*,#19755,.F.);
#20309 = ORIENTED_EDGE('',*,*,#19690,.T.);
#20310 = ORIENTED_EDGE('',*,*,#19675,.T.);
#20311 = ORIENTED_EDGE('',*,*,#20049,.F.);
#20312 = ORIENTED_EDGE('',*,*,#20028,.T.);
#20313 = ORIENTED_EDGE('',*,*,#19971,.T.);
#20314 = ORIENTED_EDGE('',*,*,#19659,.T.);
#20315 = ORIENTED_EDGE('',*,*,#19800,.T.);
#20316 = ORIENTED_EDGE('',*,*,#19739,.F.);
#20317 = ORIENTED_EDGE('',*,*,#19957,.T.);
#20318 = ORIENTED_EDGE('',*,*,#19903,.F.);
#20319 = ORIENTED_EDGE('',*,*,#19888,.F.);
#20320 = PLANE('',#20321);
#20321 = AXIS2_PLACEMENT_3D('',#20322,#20323,#20324);
#20322 = CARTESIAN_POINT('',(1.139697972182E-16,-11.,-2.279395944363E-16
    ));
#20323 = DIRECTION('',(0.,1.,0.));
#20324 = DIRECTION('',(0.,-0.,1.));
#20325 = ADVANCED_FACE('',(#20326),#20340,.T.);
#20326 = FACE_BOUND('',#20327,.T.);
#20327 = EDGE_LOOP('',(#20328,#20329,#20330,#20331,#20332,#20333,#20334,
    #20335,#20336,#20337,#20338,#20339));
#20328 = ORIENTED_EDGE('',*,*,#20165,.T.);
#20329 = ORIENTED_EDGE('',*,*,#19872,.T.);
#20330 = ORIENTED_EDGE('',*,*,#19919,.T.);
#20331 = ORIENTED_EDGE('',*,*,#19950,.F.);
#20332 = ORIENTED_EDGE('',*,*,#20172,.T.);
#20333 = ORIENTED_EDGE('',*,*,#20281,.F.);
#20334 = ORIENTED_EDGE('',*,*,#20219,.F.);
#20335 = ORIENTED_EDGE('',*,*,#19987,.F.);
#20336 = ORIENTED_EDGE('',*,*,#20035,.F.);
#20337 = ORIENTED_EDGE('',*,*,#20056,.T.);
#20338 = ORIENTED_EDGE('',*,*,#20212,.F.);
#20339 = ORIENTED_EDGE('',*,*,#20258,.F.);
#20340 = PLANE('',#20341);
#20341 = AXIS2_PLACEMENT_3D('',#20342,#20343,#20344);
#20342 = CARTESIAN_POINT('',(-6.268338846999E-16,11.,-2.279395944363E-16
    ));
#20343 = DIRECTION('',(-0.,-1.,-0.));
#20344 = DIRECTION('',(0.,0.,-1.));
#20345 = ADVANCED_FACE('',(#20346),#20352,.T.);
#20346 = FACE_BOUND('',#20347,.T.);
#20347 = EDGE_LOOP('',(#20348,#20349,#20350,#20351));
#20348 = ORIENTED_EDGE('',*,*,#20188,.F.);
#20349 = ORIENTED_EDGE('',*,*,#20250,.T.);
#20350 = ORIENTED_EDGE('',*,*,#20235,.T.);
#20351 = ORIENTED_EDGE('',*,*,#20273,.T.);
#20352 = PLANE('',#20353);
#20353 = AXIS2_PLACEMENT_3D('',#20354,#20355,#20356);
#20354 = CARTESIAN_POINT('',(-3.532412457779E-16,12.5,8.831031144447E-17
    ));
#20355 = DIRECTION('',(0.,1.,0.));
#20356 = DIRECTION('',(0.,-0.,1.));
#20357 = ( GEOMETRIC_REPRESENTATION_CONTEXT(3) 
GLOBAL_UNCERTAINTY_ASSIGNED_CONTEXT((#20361)) 
GLOBAL_UNIT_ASSIGNED_CONTEXT((#20358,#20359,#20360)) 
REPRESENTATION_CONTEXT('Context #1',
  '3D Context with UNIT and UNCERTAINTY') );
#20358 = ( LENGTH_UNIT() NAMED_UNIT(*) SI_UNIT(.MILLI.,.METRE.) );
#20359 = ( NAMED_UNIT(*) PLANE_ANGLE_UNIT() SI_UNIT($,.RADIAN.) );
#20360 = ( NAMED_UNIT(*) SI_UNIT($,.STERADIAN.) SOLID_ANGLE_UNIT() );
#20361 = UNCERTAINTY_MEASURE_WITH_UNIT(LENGTH_MEASURE(1.E-07),#20358,
  'distance_accuracy_value','confusion accuracy');
#20362 = CONTEXT_DEPENDENT_SHAPE_REPRESENTATION(#20363,#20365);
#20363 = ( REPRESENTATION_RELATIONSHIP('','',#19626,#10) 
REPRESENTATION_RELATIONSHIP_WITH_TRANSFORMATION(#20364) 
SHAPE_REPRESENTATION_RELATIONSHIP() );
#20364 = ITEM_DEFINED_TRANSFORMATION('','',#11,#119);
#20365 = PRODUCT_DEFINITION_SHAPE('Placement','Placement of an item',
  #20366);
#20366 = NEXT_ASSEMBLY_USAGE_OCCURRENCE('27','link_26','',#5,#19621,$);
#20367 = PRODUCT_RELATED_PRODUCT_CATEGORY('part',$,(#19623));
#20368 = SHAPE_DEFINITION_REPRESENTATION(#20369,#20375);
#20369 = PRODUCT_DEFINITION_SHAPE('','',#20370);
#20370 = PRODUCT_DEFINITION('design','',#20371,#20374);
#20371 = PRODUCT_DEFINITION_FORMATION('','',#20372);
#20372 = PRODUCT('link_27','link_27','',(#20373));
#20373 = PRODUCT_CONTEXT('',#2,'mechanical');
#20374 = PRODUCT_DEFINITION_CONTEXT('part definition',#2,'design');
#20375 = ADVANCED_BREP_SHAPE_REPRESENTATION('',(#11,#20376),#21106);
#20376 = MANIFOLD_SOLID_BREP('',#20377);
#20377 = CLOSED_SHELL('',(#20378,#20434,#20467,#20514,#20545,#20569,
    #20600,#20647,#20678,#20716,#20763,#20794,#20832,#20849,#20866,
    #20883,#20900,#20947,#20994,#21018,#21042,#21054,#21074,#21094));
#20378 = ADVANCED_FACE('',(#20379),#20429,.T.);
#20379 = FACE_BOUND('',#20380,.T.);
#20380 = EDGE_LOOP('',(#20381,#20391,#20399,#20407,#20415,#20423));
#20381 = ORIENTED_EDGE('',*,*,#20382,.F.);
#20382 = EDGE_CURVE('',#20383,#20385,#20387,.T.);
#20383 = VERTEX_POINT('',#20384);
#20384 = CARTESIAN_POINT('',(-7.586206896552,-12.5,5.));
#20385 = VERTEX_POINT('',#20386);
#20386 = CARTESIAN_POINT('',(-7.586206896552,-11.,5.));
#20387 = LINE('',#20388,#20389);
#20388 = CARTESIAN_POINT('',(-7.586206896552,-12.5,5.));
#20389 = VECTOR('',#20390,1.);
#20390 = DIRECTION('',(-0.,1.,0.));
#20391 = ORIENTED_EDGE('',*,*,#20392,.T.);
#20392 = EDGE_CURVE('',#20383,#20393,#20395,.T.);
#20393 = VERTEX_POINT('',#20394);
#20394 = CARTESIAN_POINT('',(7.586206896552,-12.5,5.));
#20395 = LINE('',#20396,#20397);
#20396 = CARTESIAN_POINT('',(-7.586206896552,-12.5,5.));
#20397 = VECTOR('',#20398,1.);
#20398 = DIRECTION('',(1.,0.,-0.));
#20399 = ORIENTED_EDGE('',*,*,#20400,.T.);
#20400 = EDGE_CURVE('',#20393,#20401,#20403,.T.);
#20401 = VERTEX_POINT('',#20402);
#20402 = CARTESIAN_POINT('',(7.586206896552,-11.,5.));
#20403 = LINE('',#20404,#20405);
#20404 = CARTESIAN_POINT('',(7.586206896552,-12.5,5.));
#20405 = VECTOR('',#20406,1.);
#20406 = DIRECTION('',(-0.,1.,0.));
#20407 = ORIENTED_EDGE('',*,*,#20408,.F.);
#20408 = EDGE_CURVE('',#20409,#20401,#20411,.T.);
#20409 = VERTEX_POINT('',#20410);
#20410 = CARTESIAN_POINT('',(1.5,-11.,5.));
#20411 = LINE('',#20412,#20413);
#20412 = CARTESIAN_POINT('',(-7.586206896552,-11.,5.));
#20413 = VECTOR('',#20414,1.);
#20414 = DIRECTION('',(1.,0.,-0.));
#20415 = ORIENTED_EDGE('',*,*,#20416,.F.);
#20416 = EDGE_CURVE('',#20417,#20409,#20419,.T.);
#20417 = VERTEX_POINT('',#20418);
#20418 = CARTESIAN_POINT('',(-1.5,-11.,5.));
#20419 = LINE('',#20420,#20421);
#20420 = CARTESIAN_POINT('',(-7.586206896552,-11.,5.));
#20421 = VECTOR('',#20422,1.);
#20422 = DIRECTION('',(1.,0.,-0.));
#20423 = ORIENTED_EDGE('',*,*,#20424,.F.);
#20424 = EDGE_CURVE('',#20385,#20417,#20425,.T.);
#20425 = LINE('',#20426,#20427);
#20426 = CARTESIAN_POINT('',(-7.586206896552,-11.,5.));
#20427 = VECTOR('',#20428,1.);
#20428 = DIRECTION('',(1.,0.,-0.));
#20429 = PLANE('',#20430);
#20430 = AXIS2_PLACEMENT_3D('',#20431,#20432,#20433);
#20431 = CARTESIAN_POINT('',(-7.586206896552,-12.5,5.));
#20432 = DIRECTION('',(0.,0.,1.));
#20433 = DIRECTION('',(1.,0.,-0.));
#20434 = ADVANCED_FACE('',(#20435),#20462,.T.);
#20435 = FACE_BOUND('',#20436,.T.);
#20436 = EDGE_LOOP('',(#20437,#20438,#20447,#20455));
#20437 = ORIENTED_EDGE('',*,*,#20382,.T.);
#20438 = ORIENTED_EDGE('',*,*,#20439,.F.);
#20439 = EDGE_CURVE('',#20440,#20385,#20442,.T.);
#20440 = VERTEX_POINT('',#20441);
#20441 = CARTESIAN_POINT('',(-7.586206896552,-11.,-5.));
#20442 = CIRCLE('',#20443,5.);
#20443 = AXIS2_PLACEMENT_3D('',#20444,#20445,#20446);
#20444 = CARTESIAN_POINT('',(-7.586206896552,-11.,0.));
#20445 = DIRECTION('',(0.,1.,0.));
#20446 = DIRECTION('',(0.,-0.,1.));
#20447 = ORIENTED_EDGE('',*,*,#20448,.F.);
#20448 = EDGE_CURVE('',#20449,#20440,#20451,.T.);
#20449 = VERTEX_POINT('',#20450);
#20450 = CARTESIAN_POINT('',(-7.586206896552,-12.5,-5.));
#20451 = LINE('',#20452,#20453);
#20452 = CARTESIAN_POINT('',(-7.586206896552,-12.5,-5.));
#20453 = VECTOR('',#20454,1.);
#20454 = DIRECTION('',(-0.,1.,0.));
#20455 = ORIENTED_EDGE('',*,*,#20456,.T.);
#20456 = EDGE_CURVE('',#20449,#20383,#20457,.T.);
#20457 = CIRCLE('',#20458,5.);
#20458 = AXIS2_PLACEMENT_3D('',#20459,#20460,#20461);
#20459 = CARTESIAN_POINT('',(-7.586206896552,-12.5,0.));
#20460 = DIRECTION('',(0.,1.,0.));
#20461 = DIRECTION('',(0.,-0.,1.));
#20462 = CYLINDRICAL_SURFACE('',#20463,5.);
#20463 = AXIS2_PLACEMENT_3D('',#20464,#20465,#20466);
#20464 = CARTESIAN_POINT('',(-7.586206896552,-12.5,0.));
#20465 = DIRECTION('',(0.,1.,0.));
#20466 = DIRECTION('',(0.,-0.,1.));
#20467 = ADVANCED_FACE('',(#20468),#20509,.F.);
#20468 = FACE_BOUND('',#20469,.F.);
#20469 = EDGE_LOOP('',(#20470,#20471,#20479,#20487,#20495,#20503));
#20470 = ORIENTED_EDGE('',*,*,#20448,.F.);
#20471 = ORIENTED_EDGE('',*,*,#20472,.T.);
#20472 = EDGE_CURVE('',#20449,#20473,#20475,.T.);
#20473 = VERTEX_POINT('',#20474);
#20474 = CARTESIAN_POINT('',(7.586206896552,-12.5,-5.));
#20475 = LINE('',#20476,#20477);
#20476 = CARTESIAN_POINT('',(-7.586206896552,-12.5,-5.));
#20477 = VECTOR('',#20478,1.);
#20478 = DIRECTION('',(1.,0.,-0.));
#20479 = ORIENTED_EDGE('',*,*,#20480,.T.);
#20480 = EDGE_CURVE('',#20473,#20481,#20483,.T.);
#20481 = VERTEX_POINT('',#20482);
#20482 = CARTESIAN_POINT('',(7.586206896552,-11.,-5.));
#20483 = LINE('',#20484,#20485);
#20484 = CARTESIAN_POINT('',(7.586206896552,-12.5,-5.));
#20485 = VECTOR('',#20486,1.);
#20486 = DIRECTION('',(-0.,1.,0.));
#20487 = ORIENTED_EDGE('',*,*,#20488,.F.);
#20488 = EDGE_CURVE('',#20489,#20481,#20491,.T.);
#20489 = VERTEX_POINT('',#20490);
#20490 = CARTESIAN_POINT('',(1.5,-11.,-5.));
#20491 = LINE('',#20492,#20493);
#20492 = CARTESIAN_POINT('',(-7.586206896552,-11.,-5.));
#20493 = VECTOR('',#20494,1.);
#20494 = DIRECTION('',(1.,0.,-0.));
#20495 = ORIENTED_EDGE('',*,*,#20496,.F.);
#20496 = EDGE_CURVE('',#20497,#20489,#20499,.T.);
#20497 = VERTEX_POINT('',#20498);
#20498 = CARTESIAN_POINT('',(-1.5,-11.,-5.));
#20499 = LINE('',#20500,#20501);
#20500 = CARTESIAN_POINT('',(-7.586206896552,-11.,-5.));
#20501 = VECTOR('',#20502,1.);
#20502 = DIRECTION('',(1.,0.,-0.));
#20503 = ORIENTED_EDGE('',*,*,#20504,.F.);
#20504 = EDGE_CURVE('',#20440,#20497,#20505,.T.);
#20505 = LINE('',#20506,#20507);
#20506 = CARTESIAN_POINT('',(-7.586206896552,-11.,-5.));
#20507 = VECTOR('',#20508,1.);
#20508 = DIRECTION('',(1.,0.,-0.));
#20509 = PLANE('',#20510);
#20510 = AXIS2_PLACEMENT_3D('',#20511,#20512,#20513);
#20511 = CARTESIAN_POINT('',(-7.586206896552,-12.5,-5.));
#20512 = DIRECTION('',(0.,0.,1.));
#20513 = DIRECTION('',(1.,0.,-0.));
#20514 = ADVANCED_FACE('',(#20515),#20540,.F.);
#20515 = FACE_BOUND('',#20516,.F.);
#20516 = EDGE_LOOP('',(#20517,#20525,#20533,#20539));
#20517 = ORIENTED_EDGE('',*,*,#20518,.F.);
#20518 = EDGE_CURVE('',#20519,#20489,#20521,.T.);
#20519 = VERTEX_POINT('',#20520);
#20520 = CARTESIAN_POINT('',(1.5,-11.,-6.));
#20521 = LINE('',#20522,#20523);
#20522 = CARTESIAN_POINT('',(1.5,-11.,-6.));
#20523 = VECTOR('',#20524,1.);
#20524 = DIRECTION('',(0.,0.,1.));
#20525 = ORIENTED_EDGE('',*,*,#20526,.F.);
#20526 = EDGE_CURVE('',#20527,#20519,#20529,.T.);
#20527 = VERTEX_POINT('',#20528);
#20528 = CARTESIAN_POINT('',(-1.5,-11.,-6.));
#20529 = LINE('',#20530,#20531);
#20530 = CARTESIAN_POINT('',(-1.5,-11.,-6.));
#20531 = VECTOR('',#20532,1.);
#20532 = DIRECTION('',(1.,0.,-0.));
#20533 = ORIENTED_EDGE('',*,*,#20534,.T.);
#20534 = EDGE_CURVE('',#20527,#20497,#20535,.T.);
#20535 = LINE('',#20536,#20537);
#20536 = CARTESIAN_POINT('',(-1.5,-11.,-6.));
#20537 = VECTOR('',#20538,1.);
#20538 = DIRECTION('',(0.,0.,1.));
#20539 = ORIENTED_EDGE('',*,*,#20496,.T.);
#20540 = PLANE('',#20541);
#20541 = AXIS2_PLACEMENT_3D('',#20542,#20543,#20544);
#20542 = CARTESIAN_POINT('',(-1.5,-11.,-6.));
#20543 = DIRECTION('',(-0.,1.,0.));
#20544 = DIRECTION('',(0.,0.,1.));
#20545 = ADVANCED_FACE('',(#20546),#20564,.T.);
#20546 = FACE_BOUND('',#20547,.T.);
#20547 = EDGE_LOOP('',(#20548,#20555,#20556,#20563));
#20548 = ORIENTED_EDGE('',*,*,#20549,.F.);
#20549 = EDGE_CURVE('',#20401,#20481,#20550,.T.);
#20550 = CIRCLE('',#20551,5.);
#20551 = AXIS2_PLACEMENT_3D('',#20552,#20553,#20554);
#20552 = CARTESIAN_POINT('',(7.586206896552,-11.,0.));
#20553 = DIRECTION('',(0.,1.,0.));
#20554 = DIRECTION('',(0.,-0.,1.));
#20555 = ORIENTED_EDGE('',*,*,#20400,.F.);
#20556 = ORIENTED_EDGE('',*,*,#20557,.T.);
#20557 = EDGE_CURVE('',#20393,#20473,#20558,.T.);
#20558 = CIRCLE('',#20559,5.);
#20559 = AXIS2_PLACEMENT_3D('',#20560,#20561,#20562);
#20560 = CARTESIAN_POINT('',(7.586206896552,-12.5,0.));
#20561 = DIRECTION('',(0.,1.,0.));
#20562 = DIRECTION('',(0.,-0.,1.));
#20563 = ORIENTED_EDGE('',*,*,#20480,.T.);
#20564 = CYLINDRICAL_SURFACE('',#20565,5.);
#20565 = AXIS2_PLACEMENT_3D('',#20566,#20567,#20568);
#20566 = CARTESIAN_POINT('',(7.586206896552,-12.5,0.));
#20567 = DIRECTION('',(0.,1.,0.));
#20568 = DIRECTION('',(0.,-0.,1.));
#20569 = ADVANCED_FACE('',(#20570),#20595,.F.);
#20570 = FACE_BOUND('',#20571,.F.);
#20571 = EDGE_LOOP('',(#20572,#20573,#20581,#20589));
#20572 = ORIENTED_EDGE('',*,*,#20416,.F.);
#20573 = ORIENTED_EDGE('',*,*,#20574,.T.);
#20574 = EDGE_CURVE('',#20417,#20575,#20577,.T.);
#20575 = VERTEX_POINT('',#20576);
#20576 = CARTESIAN_POINT('',(-1.5,-11.,6.));
#20577 = LINE('',#20578,#20579);
#20578 = CARTESIAN_POINT('',(-1.5,-11.,4.5));
#20579 = VECTOR('',#20580,1.);
#20580 = DIRECTION('',(0.,0.,1.));
#20581 = ORIENTED_EDGE('',*,*,#20582,.T.);
#20582 = EDGE_CURVE('',#20575,#20583,#20585,.T.);
#20583 = VERTEX_POINT('',#20584);
#20584 = CARTESIAN_POINT('',(1.5,-11.,6.));
#20585 = LINE('',#20586,#20587);
#20586 = CARTESIAN_POINT('',(-1.5,-11.,6.));
#20587 = VECTOR('',#20588,1.);
#20588 = DIRECTION('',(1.,0.,-0.));
#20589 = ORIENTED_EDGE('',*,*,#20590,.F.);
#20590 = EDGE_CURVE('',#20409,#20583,#20591,.T.);
#20591 = LINE('',#20592,#20593);
#20592 = CARTESIAN_POINT('',(1.5,-11.,4.5));
#20593 = VECTOR('',#20594,1.);
#20594 = DIRECTION('',(0.,0.,1.));
#20595 = PLANE('',#20596);
#20596 = AXIS2_PLACEMENT_3D('',#20597,#20598,#20599);
#20597 = CARTESIAN_POINT('',(-1.5,-11.,4.5));
#20598 = DIRECTION('',(-0.,1.,0.));
#20599 = DIRECTION('',(0.,0.,1.));
#20600 = ADVANCED_FACE('',(#20601),#20642,.F.);
#20601 = FACE_BOUND('',#20602,.F.);
#20602 = EDGE_LOOP('',(#20603,#20604,#20612,#20620,#20628,#20636));
#20603 = ORIENTED_EDGE('',*,*,#20534,.F.);
#20604 = ORIENTED_EDGE('',*,*,#20605,.T.);
#20605 = EDGE_CURVE('',#20527,#20606,#20608,.T.);
#20606 = VERTEX_POINT('',#20607);
#20607 = CARTESIAN_POINT('',(-1.5,11.,-6.));
#20608 = LINE('',#20609,#20610);
#20609 = CARTESIAN_POINT('',(-1.5,-11.,-6.));
#20610 = VECTOR('',#20611,1.);
#20611 = DIRECTION('',(-0.,1.,0.));
#20612 = ORIENTED_EDGE('',*,*,#20613,.T.);
#20613 = EDGE_CURVE('',#20606,#20614,#20616,.T.);
#20614 = VERTEX_POINT('',#20615);
#20615 = CARTESIAN_POINT('',(-1.5,11.,-5.));
#20616 = LINE('',#20617,#20618);
#20617 = CARTESIAN_POINT('',(-1.5,11.,-6.));
#20618 = VECTOR('',#20619,1.);
#20619 = DIRECTION('',(0.,0.,1.));
#20620 = ORIENTED_EDGE('',*,*,#20621,.T.);
#20621 = EDGE_CURVE('',#20614,#20622,#20624,.T.);
#20622 = VERTEX_POINT('',#20623);
#20623 = CARTESIAN_POINT('',(-1.5,11.,-4.5));
#20624 = LINE('',#20625,#20626);
#20625 = CARTESIAN_POINT('',(-1.5,11.,-6.));
#20626 = VECTOR('',#20627,1.);
#20627 = DIRECTION('',(0.,0.,1.));
#20628 = ORIENTED_EDGE('',*,*,#20629,.F.);
#20629 = EDGE_CURVE('',#20630,#20622,#20632,.T.);
#20630 = VERTEX_POINT('',#20631);
#20631 = CARTESIAN_POINT('',(-1.5,-11.,-4.5));
#20632 = LINE('',#20633,#20634);
#20633 = CARTESIAN_POINT('',(-1.5,-11.,-4.5));
#20634 = VECTOR('',#20635,1.);
#20635 = DIRECTION('',(-0.,1.,0.));
#20636 = ORIENTED_EDGE('',*,*,#20637,.F.);
#20637 = EDGE_CURVE('',#20497,#20630,#20638,.T.);
#20638 = LINE('',#20639,#20640);
#20639 = CARTESIAN_POINT('',(-1.5,-11.,-6.));
#20640 = VECTOR('',#20641,1.);
#20641 = DIRECTION('',(0.,0.,1.));
#20642 = PLANE('',#20643);
#20643 = AXIS2_PLACEMENT_3D('',#20644,#20645,#20646);
#20644 = CARTESIAN_POINT('',(-1.5,-11.,-6.));
#20645 = DIRECTION('',(1.,0.,-0.));
#20646 = DIRECTION('',(0.,0.,1.));
#20647 = ADVANCED_FACE('',(#20648),#20673,.T.);
#20648 = FACE_BOUND('',#20649,.T.);
#20649 = EDGE_LOOP('',(#20650,#20651,#20659,#20667));
#20650 = ORIENTED_EDGE('',*,*,#20629,.F.);
#20651 = ORIENTED_EDGE('',*,*,#20652,.T.);
#20652 = EDGE_CURVE('',#20630,#20653,#20655,.T.);
#20653 = VERTEX_POINT('',#20654);
#20654 = CARTESIAN_POINT('',(1.5,-11.,-4.5));
#20655 = LINE('',#20656,#20657);
#20656 = CARTESIAN_POINT('',(-1.5,-11.,-4.5));
#20657 = VECTOR('',#20658,1.);
#20658 = DIRECTION('',(1.,0.,-0.));
#20659 = ORIENTED_EDGE('',*,*,#20660,.T.);
#20660 = EDGE_CURVE('',#20653,#20661,#20663,.T.);
#20661 = VERTEX_POINT('',#20662);
#20662 = CARTESIAN_POINT('',(1.5,11.,-4.5));
#20663 = LINE('',#20664,#20665);
#20664 = CARTESIAN_POINT('',(1.5,-11.,-4.5));
#20665 = VECTOR('',#20666,1.);
#20666 = DIRECTION('',(-0.,1.,0.));
#20667 = ORIENTED_EDGE('',*,*,#20668,.F.);
#20668 = EDGE_CURVE('',#20622,#20661,#20669,.T.);
#20669 = LINE('',#20670,#20671);
#20670 = CARTESIAN_POINT('',(-1.5,11.,-4.5));
#20671 = VECTOR('',#20672,1.);
#20672 = DIRECTION('',(1.,0.,-0.));
#20673 = PLANE('',#20674);
#20674 = AXIS2_PLACEMENT_3D('',#20675,#20676,#20677);
#20675 = CARTESIAN_POINT('',(-1.5,-11.,-4.5));
#20676 = DIRECTION('',(0.,0.,1.));
#20677 = DIRECTION('',(1.,0.,-0.));
#20678 = ADVANCED_FACE('',(#20679),#20711,.T.);
#20679 = FACE_BOUND('',#20680,.T.);
#20680 = EDGE_LOOP('',(#20681,#20682,#20690,#20698,#20704,#20705));
#20681 = ORIENTED_EDGE('',*,*,#20518,.F.);
#20682 = ORIENTED_EDGE('',*,*,#20683,.T.);
#20683 = EDGE_CURVE('',#20519,#20684,#20686,.T.);
#20684 = VERTEX_POINT('',#20685);
#20685 = CARTESIAN_POINT('',(1.5,11.,-6.));
#20686 = LINE('',#20687,#20688);
#20687 = CARTESIAN_POINT('',(1.5,-11.,-6.));
#20688 = VECTOR('',#20689,1.);
#20689 = DIRECTION('',(-0.,1.,0.));
#20690 = ORIENTED_EDGE('',*,*,#20691,.T.);
#20691 = EDGE_CURVE('',#20684,#20692,#20694,.T.);
#20692 = VERTEX_POINT('',#20693);
#20693 = CARTESIAN_POINT('',(1.5,11.,-5.));
#20694 = LINE('',#20695,#20696);
#20695 = CARTESIAN_POINT('',(1.5,11.,-6.));
#20696 = VECTOR('',#20697,1.);
#20697 = DIRECTION('',(0.,0.,1.));
#20698 = ORIENTED_EDGE('',*,*,#20699,.T.);
#20699 = EDGE_CURVE('',#20692,#20661,#20700,.T.);
#20700 = LINE('',#20701,#20702);
#20701 = CARTESIAN_POINT('',(1.5,11.,-6.));
#20702 = VECTOR('',#20703,1.);
#20703 = DIRECTION('',(0.,0.,1.));
#20704 = ORIENTED_EDGE('',*,*,#20660,.F.);
#20705 = ORIENTED_EDGE('',*,*,#20706,.F.);
#20706 = EDGE_CURVE('',#20489,#20653,#20707,.T.);
#20707 = LINE('',#20708,#20709);
#20708 = CARTESIAN_POINT('',(1.5,-11.,-6.));
#20709 = VECTOR('',#20710,1.);
#20710 = DIRECTION('',(0.,0.,1.));
#20711 = PLANE('',#20712);
#20712 = AXIS2_PLACEMENT_3D('',#20713,#20714,#20715);
#20713 = CARTESIAN_POINT('',(1.5,-11.,-6.));
#20714 = DIRECTION('',(1.,0.,-0.));
#20715 = DIRECTION('',(0.,0.,1.));
#20716 = ADVANCED_FACE('',(#20717),#20758,.T.);
#20717 = FACE_BOUND('',#20718,.T.);
#20718 = EDGE_LOOP('',(#20719,#20727,#20735,#20743,#20751,#20757));
#20719 = ORIENTED_EDGE('',*,*,#20720,.F.);
#20720 = EDGE_CURVE('',#20721,#20409,#20723,.T.);
#20721 = VERTEX_POINT('',#20722);
#20722 = CARTESIAN_POINT('',(1.5,-11.,4.5));
#20723 = LINE('',#20724,#20725);
#20724 = CARTESIAN_POINT('',(1.5,-11.,4.5));
#20725 = VECTOR('',#20726,1.);
#20726 = DIRECTION('',(0.,0.,1.));
#20727 = ORIENTED_EDGE('',*,*,#20728,.T.);
#20728 = EDGE_CURVE('',#20721,#20729,#20731,.T.);
#20729 = VERTEX_POINT('',#20730);
#20730 = CARTESIAN_POINT('',(1.5,11.,4.5));
#20731 = LINE('',#20732,#20733);
#20732 = CARTESIAN_POINT('',(1.5,-11.,4.5));
#20733 = VECTOR('',#20734,1.);
#20734 = DIRECTION('',(-0.,1.,0.));
#20735 = ORIENTED_EDGE('',*,*,#20736,.T.);
#20736 = EDGE_CURVE('',#20729,#20737,#20739,.T.);
#20737 = VERTEX_POINT('',#20738);
#20738 = CARTESIAN_POINT('',(1.5,11.,5.));
#20739 = LINE('',#20740,#20741);
#20740 = CARTESIAN_POINT('',(1.5,11.,4.5));
#20741 = VECTOR('',#20742,1.);
#20742 = DIRECTION('',(0.,0.,1.));
#20743 = ORIENTED_EDGE('',*,*,#20744,.T.);
#20744 = EDGE_CURVE('',#20737,#20745,#20747,.T.);
#20745 = VERTEX_POINT('',#20746);
#20746 = CARTESIAN_POINT('',(1.5,11.,6.));
#20747 = LINE('',#20748,#20749);
#20748 = CARTESIAN_POINT('',(1.5,11.,4.5));
#20749 = VECTOR('',#20750,1.);
#20750 = DIRECTION('',(0.,0.,1.));
#20751 = ORIENTED_EDGE('',*,*,#20752,.F.);
#20752 = EDGE_CURVE('',#20583,#20745,#20753,.T.);
#20753 = LINE('',#20754,#20755);
#20754 = CARTESIAN_POINT('',(1.5,-11.,6.));
#20755 = VECTOR('',#20756,1.);
#20756 = DIRECTION('',(-0.,1.,0.));
#20757 = ORIENTED_EDGE('',*,*,#20590,.F.);
#20758 = PLANE('',#20759);
#20759 = AXIS2_PLACEMENT_3D('',#20760,#20761,#20762);
#20760 = CARTESIAN_POINT('',(1.5,-11.,4.5));
#20761 = DIRECTION('',(1.,0.,-0.));
#20762 = DIRECTION('',(0.,0.,1.));
#20763 = ADVANCED_FACE('',(#20764),#20789,.F.);
#20764 = FACE_BOUND('',#20765,.F.);
#20765 = EDGE_LOOP('',(#20766,#20776,#20782,#20783));
#20766 = ORIENTED_EDGE('',*,*,#20767,.F.);
#20767 = EDGE_CURVE('',#20768,#20770,#20772,.T.);
#20768 = VERTEX_POINT('',#20769);
#20769 = CARTESIAN_POINT('',(-1.5,-11.,4.5));
#20770 = VERTEX_POINT('',#20771);
#20771 = CARTESIAN_POINT('',(-1.5,11.,4.5));
#20772 = LINE('',#20773,#20774);
#20773 = CARTESIAN_POINT('',(-1.5,-11.,4.5));
#20774 = VECTOR('',#20775,1.);
#20775 = DIRECTION('',(-0.,1.,0.));
#20776 = ORIENTED_EDGE('',*,*,#20777,.T.);
#20777 = EDGE_CURVE('',#20768,#20721,#20778,.T.);
#20778 = LINE('',#20779,#20780);
#20779 = CARTESIAN_POINT('',(-1.5,-11.,4.5));
#20780 = VECTOR('',#20781,1.);
#20781 = DIRECTION('',(1.,0.,-0.));
#20782 = ORIENTED_EDGE('',*,*,#20728,.T.);
#20783 = ORIENTED_EDGE('',*,*,#20784,.F.);
#20784 = EDGE_CURVE('',#20770,#20729,#20785,.T.);
#20785 = LINE('',#20786,#20787);
#20786 = CARTESIAN_POINT('',(-1.5,11.,4.5));
#20787 = VECTOR('',#20788,1.);
#20788 = DIRECTION('',(1.,0.,-0.));
#20789 = PLANE('',#20790);
#20790 = AXIS2_PLACEMENT_3D('',#20791,#20792,#20793);
#20791 = CARTESIAN_POINT('',(-1.5,-11.,4.5));
#20792 = DIRECTION('',(0.,0.,1.));
#20793 = DIRECTION('',(1.,0.,-0.));
#20794 = ADVANCED_FACE('',(#20795),#20827,.F.);
#20795 = FACE_BOUND('',#20796,.F.);
#20796 = EDGE_LOOP('',(#20797,#20803,#20804,#20812,#20820,#20826));
#20797 = ORIENTED_EDGE('',*,*,#20798,.F.);
#20798 = EDGE_CURVE('',#20768,#20417,#20799,.T.);
#20799 = LINE('',#20800,#20801);
#20800 = CARTESIAN_POINT('',(-1.5,-11.,4.5));
#20801 = VECTOR('',#20802,1.);
#20802 = DIRECTION('',(0.,0.,1.));
#20803 = ORIENTED_EDGE('',*,*,#20767,.T.);
#20804 = ORIENTED_EDGE('',*,*,#20805,.T.);
#20805 = EDGE_CURVE('',#20770,#20806,#20808,.T.);
#20806 = VERTEX_POINT('',#20807);
#20807 = CARTESIAN_POINT('',(-1.5,11.,5.));
#20808 = LINE('',#20809,#20810);
#20809 = CARTESIAN_POINT('',(-1.5,11.,4.5));
#20810 = VECTOR('',#20811,1.);
#20811 = DIRECTION('',(0.,0.,1.));
#20812 = ORIENTED_EDGE('',*,*,#20813,.T.);
#20813 = EDGE_CURVE('',#20806,#20814,#20816,.T.);
#20814 = VERTEX_POINT('',#20815);
#20815 = CARTESIAN_POINT('',(-1.5,11.,6.));
#20816 = LINE('',#20817,#20818);
#20817 = CARTESIAN_POINT('',(-1.5,11.,4.5));
#20818 = VECTOR('',#20819,1.);
#20819 = DIRECTION('',(0.,0.,1.));
#20820 = ORIENTED_EDGE('',*,*,#20821,.F.);
#20821 = EDGE_CURVE('',#20575,#20814,#20822,.T.);
#20822 = LINE('',#20823,#20824);
#20823 = CARTESIAN_POINT('',(-1.5,-11.,6.));
#20824 = VECTOR('',#20825,1.);
#20825 = DIRECTION('',(-0.,1.,0.));
#20826 = ORIENTED_EDGE('',*,*,#20574,.F.);
#20827 = PLANE('',#20828);
#20828 = AXIS2_PLACEMENT_3D('',#20829,#20830,#20831);
#20829 = CARTESIAN_POINT('',(-1.5,-11.,4.5));
#20830 = DIRECTION('',(1.,0.,-0.));
#20831 = DIRECTION('',(0.,0.,1.));
#20832 = ADVANCED_FACE('',(#20833),#20844,.F.);
#20833 = FACE_BOUND('',#20834,.F.);
#20834 = EDGE_LOOP('',(#20835,#20836,#20837,#20838));
#20835 = ORIENTED_EDGE('',*,*,#20605,.F.);
#20836 = ORIENTED_EDGE('',*,*,#20526,.T.);
#20837 = ORIENTED_EDGE('',*,*,#20683,.T.);
#20838 = ORIENTED_EDGE('',*,*,#20839,.F.);
#20839 = EDGE_CURVE('',#20606,#20684,#20840,.T.);
#20840 = LINE('',#20841,#20842);
#20841 = CARTESIAN_POINT('',(-1.5,11.,-6.));
#20842 = VECTOR('',#20843,1.);
#20843 = DIRECTION('',(1.,0.,-0.));
#20844 = PLANE('',#20845);
#20845 = AXIS2_PLACEMENT_3D('',#20846,#20847,#20848);
#20846 = CARTESIAN_POINT('',(-1.5,-11.,-6.));
#20847 = DIRECTION('',(0.,0.,1.));
#20848 = DIRECTION('',(1.,0.,-0.));
#20849 = ADVANCED_FACE('',(#20850),#20861,.T.);
#20850 = FACE_BOUND('',#20851,.T.);
#20851 = EDGE_LOOP('',(#20852,#20853,#20854,#20855));
#20852 = ORIENTED_EDGE('',*,*,#20821,.F.);
#20853 = ORIENTED_EDGE('',*,*,#20582,.T.);
#20854 = ORIENTED_EDGE('',*,*,#20752,.T.);
#20855 = ORIENTED_EDGE('',*,*,#20856,.F.);
#20856 = EDGE_CURVE('',#20814,#20745,#20857,.T.);
#20857 = LINE('',#20858,#20859);
#20858 = CARTESIAN_POINT('',(-1.5,11.,6.));
#20859 = VECTOR('',#20860,1.);
#20860 = DIRECTION('',(1.,0.,-0.));
#20861 = PLANE('',#20862);
#20862 = AXIS2_PLACEMENT_3D('',#20863,#20864,#20865);
#20863 = CARTESIAN_POINT('',(-1.5,-11.,6.));
#20864 = DIRECTION('',(0.,0.,1.));
#20865 = DIRECTION('',(1.,0.,-0.));
#20866 = ADVANCED_FACE('',(#20867),#20878,.T.);
#20867 = FACE_BOUND('',#20868,.T.);
#20868 = EDGE_LOOP('',(#20869,#20870,#20871,#20872));
#20869 = ORIENTED_EDGE('',*,*,#20691,.F.);
#20870 = ORIENTED_EDGE('',*,*,#20839,.F.);
#20871 = ORIENTED_EDGE('',*,*,#20613,.T.);
#20872 = ORIENTED_EDGE('',*,*,#20873,.T.);
#20873 = EDGE_CURVE('',#20614,#20692,#20874,.T.);
#20874 = LINE('',#20875,#20876);
#20875 = CARTESIAN_POINT('',(-7.586206896552,11.,-5.));
#20876 = VECTOR('',#20877,1.);
#20877 = DIRECTION('',(1.,0.,-0.));
#20878 = PLANE('',#20879);
#20879 = AXIS2_PLACEMENT_3D('',#20880,#20881,#20882);
#20880 = CARTESIAN_POINT('',(-1.5,11.,-6.));
#20881 = DIRECTION('',(-0.,1.,0.));
#20882 = DIRECTION('',(0.,0.,1.));
#20883 = ADVANCED_FACE('',(#20884),#20895,.T.);
#20884 = FACE_BOUND('',#20885,.T.);
#20885 = EDGE_LOOP('',(#20886,#20892,#20893,#20894));
#20886 = ORIENTED_EDGE('',*,*,#20887,.F.);
#20887 = EDGE_CURVE('',#20806,#20737,#20888,.T.);
#20888 = LINE('',#20889,#20890);
#20889 = CARTESIAN_POINT('',(-7.586206896552,11.,5.));
#20890 = VECTOR('',#20891,1.);
#20891 = DIRECTION('',(1.,0.,-0.));
#20892 = ORIENTED_EDGE('',*,*,#20813,.T.);
#20893 = ORIENTED_EDGE('',*,*,#20856,.T.);
#20894 = ORIENTED_EDGE('',*,*,#20744,.F.);
#20895 = PLANE('',#20896);
#20896 = AXIS2_PLACEMENT_3D('',#20897,#20898,#20899);
#20897 = CARTESIAN_POINT('',(-1.5,11.,4.5));
#20898 = DIRECTION('',(-0.,1.,0.));
#20899 = DIRECTION('',(0.,0.,1.));
#20900 = ADVANCED_FACE('',(#20901),#20942,.F.);
#20901 = FACE_BOUND('',#20902,.F.);
#20902 = EDGE_LOOP('',(#20903,#20913,#20919,#20920,#20928,#20936));
#20903 = ORIENTED_EDGE('',*,*,#20904,.F.);
#20904 = EDGE_CURVE('',#20905,#20907,#20909,.T.);
#20905 = VERTEX_POINT('',#20906);
#20906 = CARTESIAN_POINT('',(-7.586206896552,11.,-5.));
#20907 = VERTEX_POINT('',#20908);
#20908 = CARTESIAN_POINT('',(-7.586206896552,12.5,-5.));
#20909 = LINE('',#20910,#20911);
#20910 = CARTESIAN_POINT('',(-7.586206896552,11.,-5.));
#20911 = VECTOR('',#20912,1.);
#20912 = DIRECTION('',(-0.,1.,0.));
#20913 = ORIENTED_EDGE('',*,*,#20914,.T.);
#20914 = EDGE_CURVE('',#20905,#20614,#20915,.T.);
#20915 = LINE('',#20916,#20917);
#20916 = CARTESIAN_POINT('',(-7.586206896552,11.,-5.));
#20917 = VECTOR('',#20918,1.);
#20918 = DIRECTION('',(1.,0.,-0.));
#20919 = ORIENTED_EDGE('',*,*,#20873,.T.);
#20920 = ORIENTED_EDGE('',*,*,#20921,.T.);
#20921 = EDGE_CURVE('',#20692,#20922,#20924,.T.);
#20922 = VERTEX_POINT('',#20923);
#20923 = CARTESIAN_POINT('',(7.586206896552,11.,-5.));
#20924 = LINE('',#20925,#20926);
#20925 = CARTESIAN_POINT('',(-7.586206896552,11.,-5.));
#20926 = VECTOR('',#20927,1.);
#20927 = DIRECTION('',(1.,0.,-0.));
#20928 = ORIENTED_EDGE('',*,*,#20929,.T.);
#20929 = EDGE_CURVE('',#20922,#20930,#20932,.T.);
#20930 = VERTEX_POINT('',#20931);
#20931 = CARTESIAN_POINT('',(7.586206896552,12.5,-5.));
#20932 = LINE('',#20933,#20934);
#20933 = CARTESIAN_POINT('',(7.586206896552,11.,-5.));
#20934 = VECTOR('',#20935,1.);
#20935 = DIRECTION('',(-0.,1.,0.));
#20936 = ORIENTED_EDGE('',*,*,#20937,.F.);
#20937 = EDGE_CURVE('',#20907,#20930,#20938,.T.);
#20938 = LINE('',#20939,#20940);
#20939 = CARTESIAN_POINT('',(-7.586206896552,12.5,-5.));
#20940 = VECTOR('',#20941,1.);
#20941 = DIRECTION('',(1.,0.,-0.));
#20942 = PLANE('',#20943);
#20943 = AXIS2_PLACEMENT_3D('',#20944,#20945,#20946);
#20944 = CARTESIAN_POINT('',(-7.586206896552,11.,-5.));
#20945 = DIRECTION('',(0.,0.,1.));
#20946 = DIRECTION('',(1.,0.,-0.));
#20947 = ADVANCED_FACE('',(#20948),#20989,.T.);
#20948 = FACE_BOUND('',#20949,.T.);
#20949 = EDGE_LOOP('',(#20950,#20960,#20966,#20967,#20975,#20983));
#20950 = ORIENTED_EDGE('',*,*,#20951,.F.);
#20951 = EDGE_CURVE('',#20952,#20954,#20956,.T.);
#20952 = VERTEX_POINT('',#20953);
#20953 = CARTESIAN_POINT('',(-7.586206896552,11.,5.));
#20954 = VERTEX_POINT('',#20955);
#20955 = CARTESIAN_POINT('',(-7.586206896552,12.5,5.));
#20956 = LINE('',#20957,#20958);
#20957 = CARTESIAN_POINT('',(-7.586206896552,11.,5.));
#20958 = VECTOR('',#20959,1.);
#20959 = DIRECTION('',(-0.,1.,0.));
#20960 = ORIENTED_EDGE('',*,*,#20961,.T.);
#20961 = EDGE_CURVE('',#20952,#20806,#20962,.T.);
#20962 = LINE('',#20963,#20964);
#20963 = CARTESIAN_POINT('',(-7.586206896552,11.,5.));
#20964 = VECTOR('',#20965,1.);
#20965 = DIRECTION('',(1.,0.,-0.));
#20966 = ORIENTED_EDGE('',*,*,#20887,.T.);
#20967 = ORIENTED_EDGE('',*,*,#20968,.T.);
#20968 = EDGE_CURVE('',#20737,#20969,#20971,.T.);
#20969 = VERTEX_POINT('',#20970);
#20970 = CARTESIAN_POINT('',(7.586206896552,11.,5.));
#20971 = LINE('',#20972,#20973);
#20972 = CARTESIAN_POINT('',(-7.586206896552,11.,5.));
#20973 = VECTOR('',#20974,1.);
#20974 = DIRECTION('',(1.,0.,-0.));
#20975 = ORIENTED_EDGE('',*,*,#20976,.T.);
#20976 = EDGE_CURVE('',#20969,#20977,#20979,.T.);
#20977 = VERTEX_POINT('',#20978);
#20978 = CARTESIAN_POINT('',(7.586206896552,12.5,5.));
#20979 = LINE('',#20980,#20981);
#20980 = CARTESIAN_POINT('',(7.586206896552,11.,5.));
#20981 = VECTOR('',#20982,1.);
#20982 = DIRECTION('',(-0.,1.,0.));
#20983 = ORIENTED_EDGE('',*,*,#20984,.F.);
#20984 = EDGE_CURVE('',#20954,#20977,#20985,.T.);
#20985 = LINE('',#20986,#20987);
#20986 = CARTESIAN_POINT('',(-7.586206896552,12.5,5.));
#20987 = VECTOR('',#20988,1.);
#20988 = DIRECTION('',(1.,0.,-0.));
#20989 = PLANE('',#20990);
#20990 = AXIS2_PLACEMENT_3D('',#20991,#20992,#20993);
#20991 = CARTESIAN_POINT('',(-7.586206896552,11.,5.));
#20992 = DIRECTION('',(0.,0.,1.));
#20993 = DIRECTION('',(1.,0.,-0.));
#20994 = ADVANCED_FACE('',(#20995),#21013,.T.);
#20995 = FACE_BOUND('',#20996,.T.);
#20996 = EDGE_LOOP('',(#20997,#20998,#21005,#21006));
#20997 = ORIENTED_EDGE('',*,*,#20951,.T.);
#20998 = ORIENTED_EDGE('',*,*,#20999,.F.);
#20999 = EDGE_CURVE('',#20907,#20954,#21000,.T.);
#21000 = CIRCLE('',#21001,5.);
#21001 = AXIS2_PLACEMENT_3D('',#21002,#21003,#21004);
#21002 = CARTESIAN_POINT('',(-7.586206896552,12.5,0.));
#21003 = DIRECTION('',(0.,1.,0.));
#21004 = DIRECTION('',(0.,-0.,1.));
#21005 = ORIENTED_EDGE('',*,*,#20904,.F.);
#21006 = ORIENTED_EDGE('',*,*,#21007,.T.);
#21007 = EDGE_CURVE('',#20905,#20952,#21008,.T.);
#21008 = CIRCLE('',#21009,5.);
#21009 = AXIS2_PLACEMENT_3D('',#21010,#21011,#21012);
#21010 = CARTESIAN_POINT('',(-7.586206896552,11.,0.));
#21011 = DIRECTION('',(0.,1.,0.));
#21012 = DIRECTION('',(0.,-0.,1.));
#21013 = CYLINDRICAL_SURFACE('',#21014,5.);
#21014 = AXIS2_PLACEMENT_3D('',#21015,#21016,#21017);
#21015 = CARTESIAN_POINT('',(-7.586206896552,11.,0.));
#21016 = DIRECTION('',(0.,1.,0.));
#21017 = DIRECTION('',(0.,-0.,1.));
#21018 = ADVANCED_FACE('',(#21019),#21037,.T.);
#21019 = FACE_BOUND('',#21020,.T.);
#21020 = EDGE_LOOP('',(#21021,#21028,#21029,#21036));
#21021 = ORIENTED_EDGE('',*,*,#21022,.F.);
#21022 = EDGE_CURVE('',#20977,#20930,#21023,.T.);
#21023 = CIRCLE('',#21024,5.);
#21024 = AXIS2_PLACEMENT_3D('',#21025,#21026,#21027);
#21025 = CARTESIAN_POINT('',(7.586206896552,12.5,0.));
#21026 = DIRECTION('',(0.,1.,0.));
#21027 = DIRECTION('',(0.,-0.,1.));
#21028 = ORIENTED_EDGE('',*,*,#20976,.F.);
#21029 = ORIENTED_EDGE('',*,*,#21030,.T.);
#21030 = EDGE_CURVE('',#20969,#20922,#21031,.T.);
#21031 = CIRCLE('',#21032,5.);
#21032 = AXIS2_PLACEMENT_3D('',#21033,#21034,#21035);
#21033 = CARTESIAN_POINT('',(7.586206896552,11.,0.));
#21034 = DIRECTION('',(0.,1.,0.));
#21035 = DIRECTION('',(0.,-0.,1.));
#21036 = ORIENTED_EDGE('',*,*,#20929,.T.);
#21037 = CYLINDRICAL_SURFACE('',#21038,5.);
#21038 = AXIS2_PLACEMENT_3D('',#21039,#21040,#21041);
#21039 = CARTESIAN_POINT('',(7.586206896552,11.,0.));
#21040 = DIRECTION('',(0.,1.,0.));
#21041 = DIRECTION('',(0.,-0.,1.));
#21042 = ADVANCED_FACE('',(#21043),#21049,.T.);
#21043 = FACE_BOUND('',#21044,.T.);
#21044 = EDGE_LOOP('',(#21045,#21046,#21047,#21048));
#21045 = ORIENTED_EDGE('',*,*,#20472,.T.);
#21046 = ORIENTED_EDGE('',*,*,#20557,.F.);
#21047 = ORIENTED_EDGE('',*,*,#20392,.F.);
#21048 = ORIENTED_EDGE('',*,*,#20456,.F.);
#21049 = PLANE('',#21050);
#21050 = AXIS2_PLACEMENT_3D('',#21051,#21052,#21053);
#21051 = CARTESIAN_POINT('',(-6.476089505928E-16,-12.5,
    -2.354941638519E-16));
#21052 = DIRECTION('',(-0.,-1.,-0.));
#21053 = DIRECTION('',(0.,0.,-1.));
#21054 = ADVANCED_FACE('',(#21055),#21069,.T.);
#21055 = FACE_BOUND('',#21056,.T.);
#21056 = EDGE_LOOP('',(#21057,#21058,#21059,#21060,#21061,#21062,#21063,
    #21064,#21065,#21066,#21067,#21068));
#21057 = ORIENTED_EDGE('',*,*,#20504,.F.);
#21058 = ORIENTED_EDGE('',*,*,#20439,.T.);
#21059 = ORIENTED_EDGE('',*,*,#20424,.T.);
#21060 = ORIENTED_EDGE('',*,*,#20798,.F.);
#21061 = ORIENTED_EDGE('',*,*,#20777,.T.);
#21062 = ORIENTED_EDGE('',*,*,#20720,.T.);
#21063 = ORIENTED_EDGE('',*,*,#20408,.T.);
#21064 = ORIENTED_EDGE('',*,*,#20549,.T.);
#21065 = ORIENTED_EDGE('',*,*,#20488,.F.);
#21066 = ORIENTED_EDGE('',*,*,#20706,.T.);
#21067 = ORIENTED_EDGE('',*,*,#20652,.F.);
#21068 = ORIENTED_EDGE('',*,*,#20637,.F.);
#21069 = PLANE('',#21070);
#21070 = AXIS2_PLACEMENT_3D('',#21071,#21072,#21073);
#21071 = CARTESIAN_POINT('',(1.139697972182E-16,-11.,-2.279395944363E-16
    ));
#21072 = DIRECTION('',(0.,1.,0.));
#21073 = DIRECTION('',(0.,-0.,1.));
#21074 = ADVANCED_FACE('',(#21075),#21089,.T.);
#21075 = FACE_BOUND('',#21076,.T.);
#21076 = EDGE_LOOP('',(#21077,#21078,#21079,#21080,#21081,#21082,#21083,
    #21084,#21085,#21086,#21087,#21088));
#21077 = ORIENTED_EDGE('',*,*,#20914,.T.);
#21078 = ORIENTED_EDGE('',*,*,#20621,.T.);
#21079 = ORIENTED_EDGE('',*,*,#20668,.T.);
#21080 = ORIENTED_EDGE('',*,*,#20699,.F.);
#21081 = ORIENTED_EDGE('',*,*,#20921,.T.);
#21082 = ORIENTED_EDGE('',*,*,#21030,.F.);
#21083 = ORIENTED_EDGE('',*,*,#20968,.F.);
#21084 = ORIENTED_EDGE('',*,*,#20736,.F.);
#21085 = ORIENTED_EDGE('',*,*,#20784,.F.);
#21086 = ORIENTED_EDGE('',*,*,#20805,.T.);
#21087 = ORIENTED_EDGE('',*,*,#20961,.F.);
#21088 = ORIENTED_EDGE('',*,*,#21007,.F.);
#21089 = PLANE('',#21090);
#21090 = AXIS2_PLACEMENT_3D('',#21091,#21092,#21093);
#21091 = CARTESIAN_POINT('',(-6.268338846999E-16,11.,-2.279395944363E-16
    ));
#21092 = DIRECTION('',(-0.,-1.,-0.));
#21093 = DIRECTION('',(0.,0.,-1.));
#21094 = ADVANCED_FACE('',(#21095),#21101,.T.);
#21095 = FACE_BOUND('',#21096,.T.);
#21096 = EDGE_LOOP('',(#21097,#21098,#21099,#21100));
#21097 = ORIENTED_EDGE('',*,*,#20937,.F.);
#21098 = ORIENTED_EDGE('',*,*,#20999,.T.);
#21099 = ORIENTED_EDGE('',*,*,#20984,.T.);
#21100 = ORIENTED_EDGE('',*,*,#21022,.T.);
#21101 = PLANE('',#21102);
#21102 = AXIS2_PLACEMENT_3D('',#21103,#21104,#21105);
#21103 = CARTESIAN_POINT('',(-3.532412457779E-16,12.5,8.831031144447E-17
    ));
#21104 = DIRECTION('',(0.,1.,0.));
#21105 = DIRECTION('',(0.,-0.,1.));
#21106 = ( GEOMETRIC_REPRESENTATION_CONTEXT(3) 
GLOBAL_UNCERTAINTY_ASSIGNED_CONTEXT((#21110)) 
GLOBAL_UNIT_ASSIGNED_CONTEXT((#21107,#21108,#21109)) 
REPRESENTATION_CONTEXT('Context #1',
  '3D Context with UNIT and UNCERTAINTY') );
#21107 = ( LENGTH_UNIT() NAMED_UNIT(*) SI_UNIT(.MILLI.,.METRE.) );
#21108 = ( NAMED_UNIT(*) PLANE_ANGLE_UNIT() SI_UNIT($,.RADIAN.) );
#21109 = ( NAMED_UNIT(*) SI_UNIT($,.STERADIAN.) SOLID_ANGLE_UNIT() );
#21110 = UNCERTAINTY_MEASURE_WITH_UNIT(LENGTH_MEASURE(1.E-07),#21107,
  'distance_accuracy_value','confusion accuracy');
#21111 = CONTEXT_DEPENDENT_SHAPE_REPRESENTATION(#21112,#21114);
#21112 = ( REPRESENTATION_RELATIONSHIP('','',#20375,#10) 
REPRESENTATION_RELATIONSHIP_WITH_TRANSFORMATION(#21113) 
SHAPE_REPRESENTATION_RELATIONSHIP() );
#21113 = ITEM_DEFINED_TRANSFORMATION('','',#11,#123);
#21114 = PRODUCT_DEFINITION_SHAPE('Placement','Placement of an item',
  #21115);
#21115 = NEXT_ASSEMBLY_USAGE_OCCURRENCE('28','link_27','',#5,#20370,$);
#21116 = PRODUCT_RELATED_PRODUCT_CATEGORY('part',$,(#20372));
#21117 = SHAPE_DEFINITION_REPRESENTATION(#21118,#21124);
#21118 = PRODUCT_DEFINITION_SHAPE('','',#21119);
#21119 = PRODUCT_DEFINITION('design','',#21120,#21123);
#21120 = PRODUCT_DEFINITION_FORMATION('','',#21121);
#21121 = PRODUCT('link_28','link_28','',(#21122));
#21122 = PRODUCT_CONTEXT('',#2,'mechanical');
#21123 = PRODUCT_DEFINITION_CONTEXT('part definition',#2,'design');
#21124 = ADVANCED_BREP_SHAPE_REPRESENTATION('',(#11,#21125),#21855);
#21125 = MANIFOLD_SOLID_BREP('',#21126);
#21126 = CLOSED_SHELL('',(#21127,#21183,#21216,#21263,#21294,#21318,
    #21349,#21396,#21427,#21465,#21512,#21543,#21581,#21598,#21615,
    #21632,#21649,#21696,#21743,#21767,#21791,#21803,#21823,#21843));
#21127 = ADVANCED_FACE('',(#21128),#21178,.T.);
#21128 = FACE_BOUND('',#21129,.T.);
#21129 = EDGE_LOOP('',(#21130,#21140,#21148,#21156,#21164,#21172));
#21130 = ORIENTED_EDGE('',*,*,#21131,.F.);
#21131 = EDGE_CURVE('',#21132,#21134,#21136,.T.);
#21132 = VERTEX_POINT('',#21133);
#21133 = CARTESIAN_POINT('',(-7.586206896552,-12.5,5.));
#21134 = VERTEX_POINT('',#21135);
#21135 = CARTESIAN_POINT('',(-7.586206896552,-11.,5.));
#21136 = LINE('',#21137,#21138);
#21137 = CARTESIAN_POINT('',(-7.586206896552,-12.5,5.));
#21138 = VECTOR('',#21139,1.);
#21139 = DIRECTION('',(-0.,1.,0.));
#21140 = ORIENTED_EDGE('',*,*,#21141,.T.);
#21141 = EDGE_CURVE('',#21132,#21142,#21144,.T.);
#21142 = VERTEX_POINT('',#21143);
#21143 = CARTESIAN_POINT('',(7.586206896552,-12.5,5.));
#21144 = LINE('',#21145,#21146);
#21145 = CARTESIAN_POINT('',(-7.586206896552,-12.5,5.));
#21146 = VECTOR('',#21147,1.);
#21147 = DIRECTION('',(1.,0.,-0.));
#21148 = ORIENTED_EDGE('',*,*,#21149,.T.);
#21149 = EDGE_CURVE('',#21142,#21150,#21152,.T.);
#21150 = VERTEX_POINT('',#21151);
#21151 = CARTESIAN_POINT('',(7.586206896552,-11.,5.));
#21152 = LINE('',#21153,#21154);
#21153 = CARTESIAN_POINT('',(7.586206896552,-12.5,5.));
#21154 = VECTOR('',#21155,1.);
#21155 = DIRECTION('',(-0.,1.,0.));
#21156 = ORIENTED_EDGE('',*,*,#21157,.F.);
#21157 = EDGE_CURVE('',#21158,#21150,#21160,.T.);
#21158 = VERTEX_POINT('',#21159);
#21159 = CARTESIAN_POINT('',(1.5,-11.,5.));
#21160 = LINE('',#21161,#21162);
#21161 = CARTESIAN_POINT('',(-7.586206896552,-11.,5.));
#21162 = VECTOR('',#21163,1.);
#21163 = DIRECTION('',(1.,0.,-0.));
#21164 = ORIENTED_EDGE('',*,*,#21165,.F.);
#21165 = EDGE_CURVE('',#21166,#21158,#21168,.T.);
#21166 = VERTEX_POINT('',#21167);
#21167 = CARTESIAN_POINT('',(-1.5,-11.,5.));
#21168 = LINE('',#21169,#21170);
#21169 = CARTESIAN_POINT('',(-7.586206896552,-11.,5.));
#21170 = VECTOR('',#21171,1.);
#21171 = DIRECTION('',(1.,0.,-0.));
#21172 = ORIENTED_EDGE('',*,*,#21173,.F.);
#21173 = EDGE_CURVE('',#21134,#21166,#21174,.T.);
#21174 = LINE('',#21175,#21176);
#21175 = CARTESIAN_POINT('',(-7.586206896552,-11.,5.));
#21176 = VECTOR('',#21177,1.);
#21177 = DIRECTION('',(1.,0.,-0.));
#21178 = PLANE('',#21179);
#21179 = AXIS2_PLACEMENT_3D('',#21180,#21181,#21182);
#21180 = CARTESIAN_POINT('',(-7.586206896552,-12.5,5.));
#21181 = DIRECTION('',(0.,0.,1.));
#21182 = DIRECTION('',(1.,0.,-0.));
#21183 = ADVANCED_FACE('',(#21184),#21211,.T.);
#21184 = FACE_BOUND('',#21185,.T.);
#21185 = EDGE_LOOP('',(#21186,#21187,#21196,#21204));
#21186 = ORIENTED_EDGE('',*,*,#21131,.T.);
#21187 = ORIENTED_EDGE('',*,*,#21188,.F.);
#21188 = EDGE_CURVE('',#21189,#21134,#21191,.T.);
#21189 = VERTEX_POINT('',#21190);
#21190 = CARTESIAN_POINT('',(-7.586206896552,-11.,-5.));
#21191 = CIRCLE('',#21192,5.);
#21192 = AXIS2_PLACEMENT_3D('',#21193,#21194,#21195);
#21193 = CARTESIAN_POINT('',(-7.586206896552,-11.,0.));
#21194 = DIRECTION('',(0.,1.,0.));
#21195 = DIRECTION('',(0.,-0.,1.));
#21196 = ORIENTED_EDGE('',*,*,#21197,.F.);
#21197 = EDGE_CURVE('',#21198,#21189,#21200,.T.);
#21198 = VERTEX_POINT('',#21199);
#21199 = CARTESIAN_POINT('',(-7.586206896552,-12.5,-5.));
#21200 = LINE('',#21201,#21202);
#21201 = CARTESIAN_POINT('',(-7.586206896552,-12.5,-5.));
#21202 = VECTOR('',#21203,1.);
#21203 = DIRECTION('',(-0.,1.,0.));
#21204 = ORIENTED_EDGE('',*,*,#21205,.T.);
#21205 = EDGE_CURVE('',#21198,#21132,#21206,.T.);
#21206 = CIRCLE('',#21207,5.);
#21207 = AXIS2_PLACEMENT_3D('',#21208,#21209,#21210);
#21208 = CARTESIAN_POINT('',(-7.586206896552,-12.5,0.));
#21209 = DIRECTION('',(0.,1.,0.));
#21210 = DIRECTION('',(0.,-0.,1.));
#21211 = CYLINDRICAL_SURFACE('',#21212,5.);
#21212 = AXIS2_PLACEMENT_3D('',#21213,#21214,#21215);
#21213 = CARTESIAN_POINT('',(-7.586206896552,-12.5,0.));
#21214 = DIRECTION('',(0.,1.,0.));
#21215 = DIRECTION('',(0.,-0.,1.));
#21216 = ADVANCED_FACE('',(#21217),#21258,.F.);
#21217 = FACE_BOUND('',#21218,.F.);
#21218 = EDGE_LOOP('',(#21219,#21220,#21228,#21236,#21244,#21252));
#21219 = ORIENTED_EDGE('',*,*,#21197,.F.);
#21220 = ORIENTED_EDGE('',*,*,#21221,.T.);
#21221 = EDGE_CURVE('',#21198,#21222,#21224,.T.);
#21222 = VERTEX_POINT('',#21223);
#21223 = CARTESIAN_POINT('',(7.586206896552,-12.5,-5.));
#21224 = LINE('',#21225,#21226);
#21225 = CARTESIAN_POINT('',(-7.586206896552,-12.5,-5.));
#21226 = VECTOR('',#21227,1.);
#21227 = DIRECTION('',(1.,0.,-0.));
#21228 = ORIENTED_EDGE('',*,*,#21229,.T.);
#21229 = EDGE_CURVE('',#21222,#21230,#21232,.T.);
#21230 = VERTEX_POINT('',#21231);
#21231 = CARTESIAN_POINT('',(7.586206896552,-11.,-5.));
#21232 = LINE('',#21233,#21234);
#21233 = CARTESIAN_POINT('',(7.586206896552,-12.5,-5.));
#21234 = VECTOR('',#21235,1.);
#21235 = DIRECTION('',(-0.,1.,0.));
#21236 = ORIENTED_EDGE('',*,*,#21237,.F.);
#21237 = EDGE_CURVE('',#21238,#21230,#21240,.T.);
#21238 = VERTEX_POINT('',#21239);
#21239 = CARTESIAN_POINT('',(1.5,-11.,-5.));
#21240 = LINE('',#21241,#21242);
#21241 = CARTESIAN_POINT('',(-7.586206896552,-11.,-5.));
#21242 = VECTOR('',#21243,1.);
#21243 = DIRECTION('',(1.,0.,-0.));
#21244 = ORIENTED_EDGE('',*,*,#21245,.F.);
#21245 = EDGE_CURVE('',#21246,#21238,#21248,.T.);
#21246 = VERTEX_POINT('',#21247);
#21247 = CARTESIAN_POINT('',(-1.5,-11.,-5.));
#21248 = LINE('',#21249,#21250);
#21249 = CARTESIAN_POINT('',(-7.586206896552,-11.,-5.));
#21250 = VECTOR('',#21251,1.);
#21251 = DIRECTION('',(1.,0.,-0.));
#21252 = ORIENTED_EDGE('',*,*,#21253,.F.);
#21253 = EDGE_CURVE('',#21189,#21246,#21254,.T.);
#21254 = LINE('',#21255,#21256);
#21255 = CARTESIAN_POINT('',(-7.586206896552,-11.,-5.));
#21256 = VECTOR('',#21257,1.);
#21257 = DIRECTION('',(1.,0.,-0.));
#21258 = PLANE('',#21259);
#21259 = AXIS2_PLACEMENT_3D('',#21260,#21261,#21262);
#21260 = CARTESIAN_POINT('',(-7.586206896552,-12.5,-5.));
#21261 = DIRECTION('',(0.,0.,1.));
#21262 = DIRECTION('',(1.,0.,-0.));
#21263 = ADVANCED_FACE('',(#21264),#21289,.F.);
#21264 = FACE_BOUND('',#21265,.F.);
#21265 = EDGE_LOOP('',(#21266,#21274,#21282,#21288));
#21266 = ORIENTED_EDGE('',*,*,#21267,.F.);
#21267 = EDGE_CURVE('',#21268,#21238,#21270,.T.);
#21268 = VERTEX_POINT('',#21269);
#21269 = CARTESIAN_POINT('',(1.5,-11.,-6.));
#21270 = LINE('',#21271,#21272);
#21271 = CARTESIAN_POINT('',(1.5,-11.,-6.));
#21272 = VECTOR('',#21273,1.);
#21273 = DIRECTION('',(0.,0.,1.));
#21274 = ORIENTED_EDGE('',*,*,#21275,.F.);
#21275 = EDGE_CURVE('',#21276,#21268,#21278,.T.);
#21276 = VERTEX_POINT('',#21277);
#21277 = CARTESIAN_POINT('',(-1.5,-11.,-6.));
#21278 = LINE('',#21279,#21280);
#21279 = CARTESIAN_POINT('',(-1.5,-11.,-6.));
#21280 = VECTOR('',#21281,1.);
#21281 = DIRECTION('',(1.,0.,-0.));
#21282 = ORIENTED_EDGE('',*,*,#21283,.T.);
#21283 = EDGE_CURVE('',#21276,#21246,#21284,.T.);
#21284 = LINE('',#21285,#21286);
#21285 = CARTESIAN_POINT('',(-1.5,-11.,-6.));
#21286 = VECTOR('',#21287,1.);
#21287 = DIRECTION('',(0.,0.,1.));
#21288 = ORIENTED_EDGE('',*,*,#21245,.T.);
#21289 = PLANE('',#21290);
#21290 = AXIS2_PLACEMENT_3D('',#21291,#21292,#21293);
#21291 = CARTESIAN_POINT('',(-1.5,-11.,-6.));
#21292 = DIRECTION('',(-0.,1.,0.));
#21293 = DIRECTION('',(0.,0.,1.));
#21294 = ADVANCED_FACE('',(#21295),#21313,.T.);
#21295 = FACE_BOUND('',#21296,.T.);
#21296 = EDGE_LOOP('',(#21297,#21304,#21305,#21312));
#21297 = ORIENTED_EDGE('',*,*,#21298,.F.);
#21298 = EDGE_CURVE('',#21150,#21230,#21299,.T.);
#21299 = CIRCLE('',#21300,5.);
#21300 = AXIS2_PLACEMENT_3D('',#21301,#21302,#21303);
#21301 = CARTESIAN_POINT('',(7.586206896552,-11.,0.));
#21302 = DIRECTION('',(0.,1.,0.));
#21303 = DIRECTION('',(0.,-0.,1.));
#21304 = ORIENTED_EDGE('',*,*,#21149,.F.);
#21305 = ORIENTED_EDGE('',*,*,#21306,.T.);
#21306 = EDGE_CURVE('',#21142,#21222,#21307,.T.);
#21307 = CIRCLE('',#21308,5.);
#21308 = AXIS2_PLACEMENT_3D('',#21309,#21310,#21311);
#21309 = CARTESIAN_POINT('',(7.586206896552,-12.5,0.));
#21310 = DIRECTION('',(0.,1.,0.));
#21311 = DIRECTION('',(0.,-0.,1.));
#21312 = ORIENTED_EDGE('',*,*,#21229,.T.);
#21313 = CYLINDRICAL_SURFACE('',#21314,5.);
#21314 = AXIS2_PLACEMENT_3D('',#21315,#21316,#21317);
#21315 = CARTESIAN_POINT('',(7.586206896552,-12.5,0.));
#21316 = DIRECTION('',(0.,1.,0.));
#21317 = DIRECTION('',(0.,-0.,1.));
#21318 = ADVANCED_FACE('',(#21319),#21344,.F.);
#21319 = FACE_BOUND('',#21320,.F.);
#21320 = EDGE_LOOP('',(#21321,#21322,#21330,#21338));
#21321 = ORIENTED_EDGE('',*,*,#21165,.F.);
#21322 = ORIENTED_EDGE('',*,*,#21323,.T.);
#21323 = EDGE_CURVE('',#21166,#21324,#21326,.T.);
#21324 = VERTEX_POINT('',#21325);
#21325 = CARTESIAN_POINT('',(-1.5,-11.,6.));
#21326 = LINE('',#21327,#21328);
#21327 = CARTESIAN_POINT('',(-1.5,-11.,4.5));
#21328 = VECTOR('',#21329,1.);
#21329 = DIRECTION('',(0.,0.,1.));
#21330 = ORIENTED_EDGE('',*,*,#21331,.T.);
#21331 = EDGE_CURVE('',#21324,#21332,#21334,.T.);
#21332 = VERTEX_POINT('',#21333);
#21333 = CARTESIAN_POINT('',(1.5,-11.,6.));
#21334 = LINE('',#21335,#21336);
#21335 = CARTESIAN_POINT('',(-1.5,-11.,6.));
#21336 = VECTOR('',#21337,1.);
#21337 = DIRECTION('',(1.,0.,-0.));
#21338 = ORIENTED_EDGE('',*,*,#21339,.F.);
#21339 = EDGE_CURVE('',#21158,#21332,#21340,.T.);
#21340 = LINE('',#21341,#21342);
#21341 = CARTESIAN_POINT('',(1.5,-11.,4.5));
#21342 = VECTOR('',#21343,1.);
#21343 = DIRECTION('',(0.,0.,1.));
#21344 = PLANE('',#21345);
#21345 = AXIS2_PLACEMENT_3D('',#21346,#21347,#21348);
#21346 = CARTESIAN_POINT('',(-1.5,-11.,4.5));
#21347 = DIRECTION('',(-0.,1.,0.));
#21348 = DIRECTION('',(0.,0.,1.));
#21349 = ADVANCED_FACE('',(#21350),#21391,.F.);
#21350 = FACE_BOUND('',#21351,.F.);
#21351 = EDGE_LOOP('',(#21352,#21353,#21361,#21369,#21377,#21385));
#21352 = ORIENTED_EDGE('',*,*,#21283,.F.);
#21353 = ORIENTED_EDGE('',*,*,#21354,.T.);
#21354 = EDGE_CURVE('',#21276,#21355,#21357,.T.);
#21355 = VERTEX_POINT('',#21356);
#21356 = CARTESIAN_POINT('',(-1.5,11.,-6.));
#21357 = LINE('',#21358,#21359);
#21358 = CARTESIAN_POINT('',(-1.5,-11.,-6.));
#21359 = VECTOR('',#21360,1.);
#21360 = DIRECTION('',(-0.,1.,0.));
#21361 = ORIENTED_EDGE('',*,*,#21362,.T.);
#21362 = EDGE_CURVE('',#21355,#21363,#21365,.T.);
#21363 = VERTEX_POINT('',#21364);
#21364 = CARTESIAN_POINT('',(-1.5,11.,-5.));
#21365 = LINE('',#21366,#21367);
#21366 = CARTESIAN_POINT('',(-1.5,11.,-6.));
#21367 = VECTOR('',#21368,1.);
#21368 = DIRECTION('',(0.,0.,1.));
#21369 = ORIENTED_EDGE('',*,*,#21370,.T.);
#21370 = EDGE_CURVE('',#21363,#21371,#21373,.T.);
#21371 = VERTEX_POINT('',#21372);
#21372 = CARTESIAN_POINT('',(-1.5,11.,-4.5));
#21373 = LINE('',#21374,#21375);
#21374 = CARTESIAN_POINT('',(-1.5,11.,-6.));
#21375 = VECTOR('',#21376,1.);
#21376 = DIRECTION('',(0.,0.,1.));
#21377 = ORIENTED_EDGE('',*,*,#21378,.F.);
#21378 = EDGE_CURVE('',#21379,#21371,#21381,.T.);
#21379 = VERTEX_POINT('',#21380);
#21380 = CARTESIAN_POINT('',(-1.5,-11.,-4.5));
#21381 = LINE('',#21382,#21383);
#21382 = CARTESIAN_POINT('',(-1.5,-11.,-4.5));
#21383 = VECTOR('',#21384,1.);
#21384 = DIRECTION('',(-0.,1.,0.));
#21385 = ORIENTED_EDGE('',*,*,#21386,.F.);
#21386 = EDGE_CURVE('',#21246,#21379,#21387,.T.);
#21387 = LINE('',#21388,#21389);
#21388 = CARTESIAN_POINT('',(-1.5,-11.,-6.));
#21389 = VECTOR('',#21390,1.);
#21390 = DIRECTION('',(0.,0.,1.));
#21391 = PLANE('',#21392);
#21392 = AXIS2_PLACEMENT_3D('',#21393,#21394,#21395);
#21393 = CARTESIAN_POINT('',(-1.5,-11.,-6.));
#21394 = DIRECTION('',(1.,0.,-0.));
#21395 = DIRECTION('',(0.,0.,1.));
#21396 = ADVANCED_FACE('',(#21397),#21422,.T.);
#21397 = FACE_BOUND('',#21398,.T.);
#21398 = EDGE_LOOP('',(#21399,#21400,#21408,#21416));
#21399 = ORIENTED_EDGE('',*,*,#21378,.F.);
#21400 = ORIENTED_EDGE('',*,*,#21401,.T.);
#21401 = EDGE_CURVE('',#21379,#21402,#21404,.T.);
#21402 = VERTEX_POINT('',#21403);
#21403 = CARTESIAN_POINT('',(1.5,-11.,-4.5));
#21404 = LINE('',#21405,#21406);
#21405 = CARTESIAN_POINT('',(-1.5,-11.,-4.5));
#21406 = VECTOR('',#21407,1.);
#21407 = DIRECTION('',(1.,0.,-0.));
#21408 = ORIENTED_EDGE('',*,*,#21409,.T.);
#21409 = EDGE_CURVE('',#21402,#21410,#21412,.T.);
#21410 = VERTEX_POINT('',#21411);
#21411 = CARTESIAN_POINT('',(1.5,11.,-4.5));
#21412 = LINE('',#21413,#21414);
#21413 = CARTESIAN_POINT('',(1.5,-11.,-4.5));
#21414 = VECTOR('',#21415,1.);
#21415 = DIRECTION('',(-0.,1.,0.));
#21416 = ORIENTED_EDGE('',*,*,#21417,.F.);
#21417 = EDGE_CURVE('',#21371,#21410,#21418,.T.);
#21418 = LINE('',#21419,#21420);
#21419 = CARTESIAN_POINT('',(-1.5,11.,-4.5));
#21420 = VECTOR('',#21421,1.);
#21421 = DIRECTION('',(1.,0.,-0.));
#21422 = PLANE('',#21423);
#21423 = AXIS2_PLACEMENT_3D('',#21424,#21425,#21426);
#21424 = CARTESIAN_POINT('',(-1.5,-11.,-4.5));
#21425 = DIRECTION('',(0.,0.,1.));
#21426 = DIRECTION('',(1.,0.,-0.));
#21427 = ADVANCED_FACE('',(#21428),#21460,.T.);
#21428 = FACE_BOUND('',#21429,.T.);
#21429 = EDGE_LOOP('',(#21430,#21431,#21439,#21447,#21453,#21454));
#21430 = ORIENTED_EDGE('',*,*,#21267,.F.);
#21431 = ORIENTED_EDGE('',*,*,#21432,.T.);
#21432 = EDGE_CURVE('',#21268,#21433,#21435,.T.);
#21433 = VERTEX_POINT('',#21434);
#21434 = CARTESIAN_POINT('',(1.5,11.,-6.));
#21435 = LINE('',#21436,#21437);
#21436 = CARTESIAN_POINT('',(1.5,-11.,-6.));
#21437 = VECTOR('',#21438,1.);
#21438 = DIRECTION('',(-0.,1.,0.));
#21439 = ORIENTED_EDGE('',*,*,#21440,.T.);
#21440 = EDGE_CURVE('',#21433,#21441,#21443,.T.);
#21441 = VERTEX_POINT('',#21442);
#21442 = CARTESIAN_POINT('',(1.5,11.,-5.));
#21443 = LINE('',#21444,#21445);
#21444 = CARTESIAN_POINT('',(1.5,11.,-6.));
#21445 = VECTOR('',#21446,1.);
#21446 = DIRECTION('',(0.,0.,1.));
#21447 = ORIENTED_EDGE('',*,*,#21448,.T.);
#21448 = EDGE_CURVE('',#21441,#21410,#21449,.T.);
#21449 = LINE('',#21450,#21451);
#21450 = CARTESIAN_POINT('',(1.5,11.,-6.));
#21451 = VECTOR('',#21452,1.);
#21452 = DIRECTION('',(0.,0.,1.));
#21453 = ORIENTED_EDGE('',*,*,#21409,.F.);
#21454 = ORIENTED_EDGE('',*,*,#21455,.F.);
#21455 = EDGE_CURVE('',#21238,#21402,#21456,.T.);
#21456 = LINE('',#21457,#21458);
#21457 = CARTESIAN_POINT('',(1.5,-11.,-6.));
#21458 = VECTOR('',#21459,1.);
#21459 = DIRECTION('',(0.,0.,1.));
#21460 = PLANE('',#21461);
#21461 = AXIS2_PLACEMENT_3D('',#21462,#21463,#21464);
#21462 = CARTESIAN_POINT('',(1.5,-11.,-6.));
#21463 = DIRECTION('',(1.,0.,-0.));
#21464 = DIRECTION('',(0.,0.,1.));
#21465 = ADVANCED_FACE('',(#21466),#21507,.T.);
#21466 = FACE_BOUND('',#21467,.T.);
#21467 = EDGE_LOOP('',(#21468,#21476,#21484,#21492,#21500,#21506));
#21468 = ORIENTED_EDGE('',*,*,#21469,.F.);
#21469 = EDGE_CURVE('',#21470,#21158,#21472,.T.);
#21470 = VERTEX_POINT('',#21471);
#21471 = CARTESIAN_POINT('',(1.5,-11.,4.5));
#21472 = LINE('',#21473,#21474);
#21473 = CARTESIAN_POINT('',(1.5,-11.,4.5));
#21474 = VECTOR('',#21475,1.);
#21475 = DIRECTION('',(0.,0.,1.));
#21476 = ORIENTED_EDGE('',*,*,#21477,.T.);
#21477 = EDGE_CURVE('',#21470,#21478,#21480,.T.);
#21478 = VERTEX_POINT('',#21479);
#21479 = CARTESIAN_POINT('',(1.5,11.,4.5));
#21480 = LINE('',#21481,#21482);
#21481 = CARTESIAN_POINT('',(1.5,-11.,4.5));
#21482 = VECTOR('',#21483,1.);
#21483 = DIRECTION('',(-0.,1.,0.));
#21484 = ORIENTED_EDGE('',*,*,#21485,.T.);
#21485 = EDGE_CURVE('',#21478,#21486,#21488,.T.);
#21486 = VERTEX_POINT('',#21487);
#21487 = CARTESIAN_POINT('',(1.5,11.,5.));
#21488 = LINE('',#21489,#21490);
#21489 = CARTESIAN_POINT('',(1.5,11.,4.5));
#21490 = VECTOR('',#21491,1.);
#21491 = DIRECTION('',(0.,0.,1.));
#21492 = ORIENTED_EDGE('',*,*,#21493,.T.);
#21493 = EDGE_CURVE('',#21486,#21494,#21496,.T.);
#21494 = VERTEX_POINT('',#21495);
#21495 = CARTESIAN_POINT('',(1.5,11.,6.));
#21496 = LINE('',#21497,#21498);
#21497 = CARTESIAN_POINT('',(1.5,11.,4.5));
#21498 = VECTOR('',#21499,1.);
#21499 = DIRECTION('',(0.,0.,1.));
#21500 = ORIENTED_EDGE('',*,*,#21501,.F.);
#21501 = EDGE_CURVE('',#21332,#21494,#21502,.T.);
#21502 = LINE('',#21503,#21504);
#21503 = CARTESIAN_POINT('',(1.5,-11.,6.));
#21504 = VECTOR('',#21505,1.);
#21505 = DIRECTION('',(-0.,1.,0.));
#21506 = ORIENTED_EDGE('',*,*,#21339,.F.);
#21507 = PLANE('',#21508);
#21508 = AXIS2_PLACEMENT_3D('',#21509,#21510,#21511);
#21509 = CARTESIAN_POINT('',(1.5,-11.,4.5));
#21510 = DIRECTION('',(1.,0.,-0.));
#21511 = DIRECTION('',(0.,0.,1.));
#21512 = ADVANCED_FACE('',(#21513),#21538,.F.);
#21513 = FACE_BOUND('',#21514,.F.);
#21514 = EDGE_LOOP('',(#21515,#21525,#21531,#21532));
#21515 = ORIENTED_EDGE('',*,*,#21516,.F.);
#21516 = EDGE_CURVE('',#21517,#21519,#21521,.T.);
#21517 = VERTEX_POINT('',#21518);
#21518 = CARTESIAN_POINT('',(-1.5,-11.,4.5));
#21519 = VERTEX_POINT('',#21520);
#21520 = CARTESIAN_POINT('',(-1.5,11.,4.5));
#21521 = LINE('',#21522,#21523);
#21522 = CARTESIAN_POINT('',(-1.5,-11.,4.5));
#21523 = VECTOR('',#21524,1.);
#21524 = DIRECTION('',(-0.,1.,0.));
#21525 = ORIENTED_EDGE('',*,*,#21526,.T.);
#21526 = EDGE_CURVE('',#21517,#21470,#21527,.T.);
#21527 = LINE('',#21528,#21529);
#21528 = CARTESIAN_POINT('',(-1.5,-11.,4.5));
#21529 = VECTOR('',#21530,1.);
#21530 = DIRECTION('',(1.,0.,-0.));
#21531 = ORIENTED_EDGE('',*,*,#21477,.T.);
#21532 = ORIENTED_EDGE('',*,*,#21533,.F.);
#21533 = EDGE_CURVE('',#21519,#21478,#21534,.T.);
#21534 = LINE('',#21535,#21536);
#21535 = CARTESIAN_POINT('',(-1.5,11.,4.5));
#21536 = VECTOR('',#21537,1.);
#21537 = DIRECTION('',(1.,0.,-0.));
#21538 = PLANE('',#21539);
#21539 = AXIS2_PLACEMENT_3D('',#21540,#21541,#21542);
#21540 = CARTESIAN_POINT('',(-1.5,-11.,4.5));
#21541 = DIRECTION('',(0.,0.,1.));
#21542 = DIRECTION('',(1.,0.,-0.));
#21543 = ADVANCED_FACE('',(#21544),#21576,.F.);
#21544 = FACE_BOUND('',#21545,.F.);
#21545 = EDGE_LOOP('',(#21546,#21552,#21553,#21561,#21569,#21575));
#21546 = ORIENTED_EDGE('',*,*,#21547,.F.);
#21547 = EDGE_CURVE('',#21517,#21166,#21548,.T.);
#21548 = LINE('',#21549,#21550);
#21549 = CARTESIAN_POINT('',(-1.5,-11.,4.5));
#21550 = VECTOR('',#21551,1.);
#21551 = DIRECTION('',(0.,0.,1.));
#21552 = ORIENTED_EDGE('',*,*,#21516,.T.);
#21553 = ORIENTED_EDGE('',*,*,#21554,.T.);
#21554 = EDGE_CURVE('',#21519,#21555,#21557,.T.);
#21555 = VERTEX_POINT('',#21556);
#21556 = CARTESIAN_POINT('',(-1.5,11.,5.));
#21557 = LINE('',#21558,#21559);
#21558 = CARTESIAN_POINT('',(-1.5,11.,4.5));
#21559 = VECTOR('',#21560,1.);
#21560 = DIRECTION('',(0.,0.,1.));
#21561 = ORIENTED_EDGE('',*,*,#21562,.T.);
#21562 = EDGE_CURVE('',#21555,#21563,#21565,.T.);
#21563 = VERTEX_POINT('',#21564);
#21564 = CARTESIAN_POINT('',(-1.5,11.,6.));
#21565 = LINE('',#21566,#21567);
#21566 = CARTESIAN_POINT('',(-1.5,11.,4.5));
#21567 = VECTOR('',#21568,1.);
#21568 = DIRECTION('',(0.,0.,1.));
#21569 = ORIENTED_EDGE('',*,*,#21570,.F.);
#21570 = EDGE_CURVE('',#21324,#21563,#21571,.T.);
#21571 = LINE('',#21572,#21573);
#21572 = CARTESIAN_POINT('',(-1.5,-11.,6.));
#21573 = VECTOR('',#21574,1.);
#21574 = DIRECTION('',(-0.,1.,0.));
#21575 = ORIENTED_EDGE('',*,*,#21323,.F.);
#21576 = PLANE('',#21577);
#21577 = AXIS2_PLACEMENT_3D('',#21578,#21579,#21580);
#21578 = CARTESIAN_POINT('',(-1.5,-11.,4.5));
#21579 = DIRECTION('',(1.,0.,-0.));
#21580 = DIRECTION('',(0.,0.,1.));
#21581 = ADVANCED_FACE('',(#21582),#21593,.F.);
#21582 = FACE_BOUND('',#21583,.F.);
#21583 = EDGE_LOOP('',(#21584,#21585,#21586,#21587));
#21584 = ORIENTED_EDGE('',*,*,#21354,.F.);
#21585 = ORIENTED_EDGE('',*,*,#21275,.T.);
#21586 = ORIENTED_EDGE('',*,*,#21432,.T.);
#21587 = ORIENTED_EDGE('',*,*,#21588,.F.);
#21588 = EDGE_CURVE('',#21355,#21433,#21589,.T.);
#21589 = LINE('',#21590,#21591);
#21590 = CARTESIAN_POINT('',(-1.5,11.,-6.));
#21591 = VECTOR('',#21592,1.);
#21592 = DIRECTION('',(1.,0.,-0.));
#21593 = PLANE('',#21594);
#21594 = AXIS2_PLACEMENT_3D('',#21595,#21596,#21597);
#21595 = CARTESIAN_POINT('',(-1.5,-11.,-6.));
#21596 = DIRECTION('',(0.,0.,1.));
#21597 = DIRECTION('',(1.,0.,-0.));
#21598 = ADVANCED_FACE('',(#21599),#21610,.T.);
#21599 = FACE_BOUND('',#21600,.T.);
#21600 = EDGE_LOOP('',(#21601,#21602,#21603,#21604));
#21601 = ORIENTED_EDGE('',*,*,#21570,.F.);
#21602 = ORIENTED_EDGE('',*,*,#21331,.T.);
#21603 = ORIENTED_EDGE('',*,*,#21501,.T.);
#21604 = ORIENTED_EDGE('',*,*,#21605,.F.);
#21605 = EDGE_CURVE('',#21563,#21494,#21606,.T.);
#21606 = LINE('',#21607,#21608);
#21607 = CARTESIAN_POINT('',(-1.5,11.,6.));
#21608 = VECTOR('',#21609,1.);
#21609 = DIRECTION('',(1.,0.,-0.));
#21610 = PLANE('',#21611);
#21611 = AXIS2_PLACEMENT_3D('',#21612,#21613,#21614);
#21612 = CARTESIAN_POINT('',(-1.5,-11.,6.));
#21613 = DIRECTION('',(0.,0.,1.));
#21614 = DIRECTION('',(1.,0.,-0.));
#21615 = ADVANCED_FACE('',(#21616),#21627,.T.);
#21616 = FACE_BOUND('',#21617,.T.);
#21617 = EDGE_LOOP('',(#21618,#21619,#21620,#21621));
#21618 = ORIENTED_EDGE('',*,*,#21440,.F.);
#21619 = ORIENTED_EDGE('',*,*,#21588,.F.);
#21620 = ORIENTED_EDGE('',*,*,#21362,.T.);
#21621 = ORIENTED_EDGE('',*,*,#21622,.T.);
#21622 = EDGE_CURVE('',#21363,#21441,#21623,.T.);
#21623 = LINE('',#21624,#21625);
#21624 = CARTESIAN_POINT('',(-7.586206896552,11.,-5.));
#21625 = VECTOR('',#21626,1.);
#21626 = DIRECTION('',(1.,0.,-0.));
#21627 = PLANE('',#21628);
#21628 = AXIS2_PLACEMENT_3D('',#21629,#21630,#21631);
#21629 = CARTESIAN_POINT('',(-1.5,11.,-6.));
#21630 = DIRECTION('',(-0.,1.,0.));
#21631 = DIRECTION('',(0.,0.,1.));
#21632 = ADVANCED_FACE('',(#21633),#21644,.T.);
#21633 = FACE_BOUND('',#21634,.T.);
#21634 = EDGE_LOOP('',(#21635,#21641,#21642,#21643));
#21635 = ORIENTED_EDGE('',*,*,#21636,.F.);
#21636 = EDGE_CURVE('',#21555,#21486,#21637,.T.);
#21637 = LINE('',#21638,#21639);
#21638 = CARTESIAN_POINT('',(-7.586206896552,11.,5.));
#21639 = VECTOR('',#21640,1.);
#21640 = DIRECTION('',(1.,0.,-0.));
#21641 = ORIENTED_EDGE('',*,*,#21562,.T.);
#21642 = ORIENTED_EDGE('',*,*,#21605,.T.);
#21643 = ORIENTED_EDGE('',*,*,#21493,.F.);
#21644 = PLANE('',#21645);
#21645 = AXIS2_PLACEMENT_3D('',#21646,#21647,#21648);
#21646 = CARTESIAN_POINT('',(-1.5,11.,4.5));
#21647 = DIRECTION('',(-0.,1.,0.));
#21648 = DIRECTION('',(0.,0.,1.));
#21649 = ADVANCED_FACE('',(#21650),#21691,.F.);
#21650 = FACE_BOUND('',#21651,.F.);
#21651 = EDGE_LOOP('',(#21652,#21662,#21668,#21669,#21677,#21685));
#21652 = ORIENTED_EDGE('',*,*,#21653,.F.);
#21653 = EDGE_CURVE('',#21654,#21656,#21658,.T.);
#21654 = VERTEX_POINT('',#21655);
#21655 = CARTESIAN_POINT('',(-7.586206896552,11.,-5.));
#21656 = VERTEX_POINT('',#21657);
#21657 = CARTESIAN_POINT('',(-7.586206896552,12.5,-5.));
#21658 = LINE('',#21659,#21660);
#21659 = CARTESIAN_POINT('',(-7.586206896552,11.,-5.));
#21660 = VECTOR('',#21661,1.);
#21661 = DIRECTION('',(-0.,1.,0.));
#21662 = ORIENTED_EDGE('',*,*,#21663,.T.);
#21663 = EDGE_CURVE('',#21654,#21363,#21664,.T.);
#21664 = LINE('',#21665,#21666);
#21665 = CARTESIAN_POINT('',(-7.586206896552,11.,-5.));
#21666 = VECTOR('',#21667,1.);
#21667 = DIRECTION('',(1.,0.,-0.));
#21668 = ORIENTED_EDGE('',*,*,#21622,.T.);
#21669 = ORIENTED_EDGE('',*,*,#21670,.T.);
#21670 = EDGE_CURVE('',#21441,#21671,#21673,.T.);
#21671 = VERTEX_POINT('',#21672);
#21672 = CARTESIAN_POINT('',(7.586206896552,11.,-5.));
#21673 = LINE('',#21674,#21675);
#21674 = CARTESIAN_POINT('',(-7.586206896552,11.,-5.));
#21675 = VECTOR('',#21676,1.);
#21676 = DIRECTION('',(1.,0.,-0.));
#21677 = ORIENTED_EDGE('',*,*,#21678,.T.);
#21678 = EDGE_CURVE('',#21671,#21679,#21681,.T.);
#21679 = VERTEX_POINT('',#21680);
#21680 = CARTESIAN_POINT('',(7.586206896552,12.5,-5.));
#21681 = LINE('',#21682,#21683);
#21682 = CARTESIAN_POINT('',(7.586206896552,11.,-5.));
#21683 = VECTOR('',#21684,1.);
#21684 = DIRECTION('',(-0.,1.,0.));
#21685 = ORIENTED_EDGE('',*,*,#21686,.F.);
#21686 = EDGE_CURVE('',#21656,#21679,#21687,.T.);
#21687 = LINE('',#21688,#21689);
#21688 = CARTESIAN_POINT('',(-7.586206896552,12.5,-5.));
#21689 = VECTOR('',#21690,1.);
#21690 = DIRECTION('',(1.,0.,-0.));
#21691 = PLANE('',#21692);
#21692 = AXIS2_PLACEMENT_3D('',#21693,#21694,#21695);
#21693 = CARTESIAN_POINT('',(-7.586206896552,11.,-5.));
#21694 = DIRECTION('',(0.,0.,1.));
#21695 = DIRECTION('',(1.,0.,-0.));
#21696 = ADVANCED_FACE('',(#21697),#21738,.T.);
#21697 = FACE_BOUND('',#21698,.T.);
#21698 = EDGE_LOOP('',(#21699,#21709,#21715,#21716,#21724,#21732));
#21699 = ORIENTED_EDGE('',*,*,#21700,.F.);
#21700 = EDGE_CURVE('',#21701,#21703,#21705,.T.);
#21701 = VERTEX_POINT('',#21702);
#21702 = CARTESIAN_POINT('',(-7.586206896552,11.,5.));
#21703 = VERTEX_POINT('',#21704);
#21704 = CARTESIAN_POINT('',(-7.586206896552,12.5,5.));
#21705 = LINE('',#21706,#21707);
#21706 = CARTESIAN_POINT('',(-7.586206896552,11.,5.));
#21707 = VECTOR('',#21708,1.);
#21708 = DIRECTION('',(-0.,1.,0.));
#21709 = ORIENTED_EDGE('',*,*,#21710,.T.);
#21710 = EDGE_CURVE('',#21701,#21555,#21711,.T.);
#21711 = LINE('',#21712,#21713);
#21712 = CARTESIAN_POINT('',(-7.586206896552,11.,5.));
#21713 = VECTOR('',#21714,1.);
#21714 = DIRECTION('',(1.,0.,-0.));
#21715 = ORIENTED_EDGE('',*,*,#21636,.T.);
#21716 = ORIENTED_EDGE('',*,*,#21717,.T.);
#21717 = EDGE_CURVE('',#21486,#21718,#21720,.T.);
#21718 = VERTEX_POINT('',#21719);
#21719 = CARTESIAN_POINT('',(7.586206896552,11.,5.));
#21720 = LINE('',#21721,#21722);
#21721 = CARTESIAN_POINT('',(-7.586206896552,11.,5.));
#21722 = VECTOR('',#21723,1.);
#21723 = DIRECTION('',(1.,0.,-0.));
#21724 = ORIENTED_EDGE('',*,*,#21725,.T.);
#21725 = EDGE_CURVE('',#21718,#21726,#21728,.T.);
#21726 = VERTEX_POINT('',#21727);
#21727 = CARTESIAN_POINT('',(7.586206896552,12.5,5.));
#21728 = LINE('',#21729,#21730);
#21729 = CARTESIAN_POINT('',(7.586206896552,11.,5.));
#21730 = VECTOR('',#21731,1.);
#21731 = DIRECTION('',(-0.,1.,0.));
#21732 = ORIENTED_EDGE('',*,*,#21733,.F.);
#21733 = EDGE_CURVE('',#21703,#21726,#21734,.T.);
#21734 = LINE('',#21735,#21736);
#21735 = CARTESIAN_POINT('',(-7.586206896552,12.5,5.));
#21736 = VECTOR('',#21737,1.);
#21737 = DIRECTION('',(1.,0.,-0.));
#21738 = PLANE('',#21739);
#21739 = AXIS2_PLACEMENT_3D('',#21740,#21741,#21742);
#21740 = CARTESIAN_POINT('',(-7.586206896552,11.,5.));
#21741 = DIRECTION('',(0.,0.,1.));
#21742 = DIRECTION('',(1.,0.,-0.));
#21743 = ADVANCED_FACE('',(#21744),#21762,.T.);
#21744 = FACE_BOUND('',#21745,.T.);
#21745 = EDGE_LOOP('',(#21746,#21747,#21754,#21755));
#21746 = ORIENTED_EDGE('',*,*,#21700,.T.);
#21747 = ORIENTED_EDGE('',*,*,#21748,.F.);
#21748 = EDGE_CURVE('',#21656,#21703,#21749,.T.);
#21749 = CIRCLE('',#21750,5.);
#21750 = AXIS2_PLACEMENT_3D('',#21751,#21752,#21753);
#21751 = CARTESIAN_POINT('',(-7.586206896552,12.5,0.));
#21752 = DIRECTION('',(0.,1.,0.));
#21753 = DIRECTION('',(0.,-0.,1.));
#21754 = ORIENTED_EDGE('',*,*,#21653,.F.);
#21755 = ORIENTED_EDGE('',*,*,#21756,.T.);
#21756 = EDGE_CURVE('',#21654,#21701,#21757,.T.);
#21757 = CIRCLE('',#21758,5.);
#21758 = AXIS2_PLACEMENT_3D('',#21759,#21760,#21761);
#21759 = CARTESIAN_POINT('',(-7.586206896552,11.,0.));
#21760 = DIRECTION('',(0.,1.,0.));
#21761 = DIRECTION('',(0.,-0.,1.));
#21762 = CYLINDRICAL_SURFACE('',#21763,5.);
#21763 = AXIS2_PLACEMENT_3D('',#21764,#21765,#21766);
#21764 = CARTESIAN_POINT('',(-7.586206896552,11.,0.));
#21765 = DIRECTION('',(0.,1.,0.));
#21766 = DIRECTION('',(0.,-0.,1.));
#21767 = ADVANCED_FACE('',(#21768),#21786,.T.);
#21768 = FACE_BOUND('',#21769,.T.);
#21769 = EDGE_LOOP('',(#21770,#21777,#21778,#21785));
#21770 = ORIENTED_EDGE('',*,*,#21771,.F.);
#21771 = EDGE_CURVE('',#21726,#21679,#21772,.T.);
#21772 = CIRCLE('',#21773,5.);
#21773 = AXIS2_PLACEMENT_3D('',#21774,#21775,#21776);
#21774 = CARTESIAN_POINT('',(7.586206896552,12.5,0.));
#21775 = DIRECTION('',(0.,1.,0.));
#21776 = DIRECTION('',(0.,-0.,1.));
#21777 = ORIENTED_EDGE('',*,*,#21725,.F.);
#21778 = ORIENTED_EDGE('',*,*,#21779,.T.);
#21779 = EDGE_CURVE('',#21718,#21671,#21780,.T.);
#21780 = CIRCLE('',#21781,5.);
#21781 = AXIS2_PLACEMENT_3D('',#21782,#21783,#21784);
#21782 = CARTESIAN_POINT('',(7.586206896552,11.,0.));
#21783 = DIRECTION('',(0.,1.,0.));
#21784 = DIRECTION('',(0.,-0.,1.));
#21785 = ORIENTED_EDGE('',*,*,#21678,.T.);
#21786 = CYLINDRICAL_SURFACE('',#21787,5.);
#21787 = AXIS2_PLACEMENT_3D('',#21788,#21789,#21790);
#21788 = CARTESIAN_POINT('',(7.586206896552,11.,0.));
#21789 = DIRECTION('',(0.,1.,0.));
#21790 = DIRECTION('',(0.,-0.,1.));
#21791 = ADVANCED_FACE('',(#21792),#21798,.T.);
#21792 = FACE_BOUND('',#21793,.T.);
#21793 = EDGE_LOOP('',(#21794,#21795,#21796,#21797));
#21794 = ORIENTED_EDGE('',*,*,#21221,.T.);
#21795 = ORIENTED_EDGE('',*,*,#21306,.F.);
#21796 = ORIENTED_EDGE('',*,*,#21141,.F.);
#21797 = ORIENTED_EDGE('',*,*,#21205,.F.);
#21798 = PLANE('',#21799);
#21799 = AXIS2_PLACEMENT_3D('',#21800,#21801,#21802);
#21800 = CARTESIAN_POINT('',(-6.476089505928E-16,-12.5,
    -2.354941638519E-16));
#21801 = DIRECTION('',(-0.,-1.,-0.));
#21802 = DIRECTION('',(0.,0.,-1.));
#21803 = ADVANCED_FACE('',(#21804),#21818,.T.);
#21804 = FACE_BOUND('',#21805,.T.);
#21805 = EDGE_LOOP('',(#21806,#21807,#21808,#21809,#21810,#21811,#21812,
    #21813,#21814,#21815,#21816,#21817));
#21806 = ORIENTED_EDGE('',*,*,#21253,.F.);
#21807 = ORIENTED_EDGE('',*,*,#21188,.T.);
#21808 = ORIENTED_EDGE('',*,*,#21173,.T.);
#21809 = ORIENTED_EDGE('',*,*,#21547,.F.);
#21810 = ORIENTED_EDGE('',*,*,#21526,.T.);
#21811 = ORIENTED_EDGE('',*,*,#21469,.T.);
#21812 = ORIENTED_EDGE('',*,*,#21157,.T.);
#21813 = ORIENTED_EDGE('',*,*,#21298,.T.);
#21814 = ORIENTED_EDGE('',*,*,#21237,.F.);
#21815 = ORIENTED_EDGE('',*,*,#21455,.T.);
#21816 = ORIENTED_EDGE('',*,*,#21401,.F.);
#21817 = ORIENTED_EDGE('',*,*,#21386,.F.);
#21818 = PLANE('',#21819);
#21819 = AXIS2_PLACEMENT_3D('',#21820,#21821,#21822);
#21820 = CARTESIAN_POINT('',(1.139697972182E-16,-11.,-2.279395944363E-16
    ));
#21821 = DIRECTION('',(0.,1.,0.));
#21822 = DIRECTION('',(0.,-0.,1.));
#21823 = ADVANCED_FACE('',(#21824),#21838,.T.);
#21824 = FACE_BOUND('',#21825,.T.);
#21825 = EDGE_LOOP('',(#21826,#21827,#21828,#21829,#21830,#21831,#21832,
    #21833,#21834,#21835,#21836,#21837));
#21826 = ORIENTED_EDGE('',*,*,#21663,.T.);
#21827 = ORIENTED_EDGE('',*,*,#21370,.T.);
#21828 = ORIENTED_EDGE('',*,*,#21417,.T.);
#21829 = ORIENTED_EDGE('',*,*,#21448,.F.);
#21830 = ORIENTED_EDGE('',*,*,#21670,.T.);
#21831 = ORIENTED_EDGE('',*,*,#21779,.F.);
#21832 = ORIENTED_EDGE('',*,*,#21717,.F.);
#21833 = ORIENTED_EDGE('',*,*,#21485,.F.);
#21834 = ORIENTED_EDGE('',*,*,#21533,.F.);
#21835 = ORIENTED_EDGE('',*,*,#21554,.T.);
#21836 = ORIENTED_EDGE('',*,*,#21710,.F.);
#21837 = ORIENTED_EDGE('',*,*,#21756,.F.);
#21838 = PLANE('',#21839);
#21839 = AXIS2_PLACEMENT_3D('',#21840,#21841,#21842);
#21840 = CARTESIAN_POINT('',(-6.268338846999E-16,11.,-2.279395944363E-16
    ));
#21841 = DIRECTION('',(-0.,-1.,-0.));
#21842 = DIRECTION('',(0.,0.,-1.));
#21843 = ADVANCED_FACE('',(#21844),#21850,.T.);
#21844 = FACE_BOUND('',#21845,.T.);
#21845 = EDGE_LOOP('',(#21846,#21847,#21848,#21849));
#21846 = ORIENTED_EDGE('',*,*,#21686,.F.);
#21847 = ORIENTED_EDGE('',*,*,#21748,.T.);
#21848 = ORIENTED_EDGE('',*,*,#21733,.T.);
#21849 = ORIENTED_EDGE('',*,*,#21771,.T.);
#21850 = PLANE('',#21851);
#21851 = AXIS2_PLACEMENT_3D('',#21852,#21853,#21854);
#21852 = CARTESIAN_POINT('',(-3.532412457779E-16,12.5,8.831031144447E-17
    ));
#21853 = DIRECTION('',(0.,1.,0.));
#21854 = DIRECTION('',(0.,-0.,1.));
#21855 = ( GEOMETRIC_REPRESENTATION_CONTEXT(3) 
GLOBAL_UNCERTAINTY_ASSIGNED_CONTEXT((#21859)) 
GLOBAL_UNIT_ASSIGNED_CONTEXT((#21856,#21857,#21858)) 
REPRESENTATION_CONTEXT('Context #1',
  '3D Context with UNIT and UNCERTAINTY') );
#21856 = ( LENGTH_UNIT() NAMED_UNIT(*) SI_UNIT(.MILLI.,.METRE.) );
#21857 = ( NAMED_UNIT(*) PLANE_ANGLE_UNIT() SI_UNIT($,.RADIAN.) );
#21858 = ( NAMED_UNIT(*) SI_UNIT($,.STERADIAN.) SOLID_ANGLE_UNIT() );
#21859 = UNCERTAINTY_MEASURE_WITH_UNIT(LENGTH_MEASURE(1.E-07),#21856,
  'distance_accuracy_value','confusion accuracy');
#21860 = CONTEXT_DEPENDENT_SHAPE_REPRESENTATION(#21861,#21863);
#21861 = ( REPRESENTATION_RELATIONSHIP('','',#21124,#10) 
REPRESENTATION_RELATIONSHIP_WITH_TRANSFORMATION(#21862) 
SHAPE_REPRESENTATION_RELATIONSHIP() );
#21862 = ITEM_DEFINED_TRANSFORMATION('','',#11,#127);
#21863 = PRODUCT_DEFINITION_SHAPE('Placement','Placement of an item',
  #21864);
#21864 = NEXT_ASSEMBLY_USAGE_OCCURRENCE('29','link_28','',#5,#21119,$);
#21865 = PRODUCT_RELATED_PRODUCT_CATEGORY('part',$,(#21121));
#21866 = SHAPE_DEFINITION_REPRESENTATION(#21867,#21873);
#21867 = PRODUCT_DEFINITION_SHAPE('','',#21868);
#21868 = PRODUCT_DEFINITION('design','',#21869,#21872);
#21869 = PRODUCT_DEFINITION_FORMATION('','',#21870);
#21870 = PRODUCT('bracket_fixed','bracket_fixed','',(#21871));
#21871 = PRODUCT_CONTEXT('',#2,'mechanical');
#21872 = PRODUCT_DEFINITION_CONTEXT('part definition',#2,'design');
#21873 = ADVANCED_BREP_SHAPE_REPRESENTATION('',(#11,#21874),#22024);
#21874 = MANIFOLD_SOLID_BREP('',#21875);
#21875 = CLOSED_SHELL('',(#21876,#21916,#21956,#21978,#22000,#22012));
#21876 = ADVANCED_FACE('',(#21877),#21911,.F.);
#21877 = FACE_BOUND('',#21878,.F.);
#21878 = EDGE_LOOP('',(#21879,#21889,#21897,#21905));
#21879 = ORIENTED_EDGE('',*,*,#21880,.F.);
#21880 = EDGE_CURVE('',#21881,#21883,#21885,.T.);
#21881 = VERTEX_POINT('',#21882);
#21882 = CARTESIAN_POINT('',(-7.5,-15.5,462.));
#21883 = VERTEX_POINT('',#21884);
#21884 = CARTESIAN_POINT('',(-7.5,-15.5,476.));
#21885 = LINE('',#21886,#21887);
#21886 = CARTESIAN_POINT('',(-7.5,-15.5,462.));
#21887 = VECTOR('',#21888,1.);
#21888 = DIRECTION('',(0.,0.,1.));
#21889 = ORIENTED_EDGE('',*,*,#21890,.T.);
#21890 = EDGE_CURVE('',#21881,#21891,#21893,.T.);
#21891 = VERTEX_POINT('',#21892);
#21892 = CARTESIAN_POINT('',(-7.5,15.5,462.));
#21893 = LINE('',#21894,#21895);
#21894 = CARTESIAN_POINT('',(-7.5,-15.5,462.));
#21895 = VECTOR('',#21896,1.);
#21896 = DIRECTION('',(-0.,1.,0.));
#21897 = ORIENTED_EDGE('',*,*,#21898,.T.);
#21898 = EDGE_CURVE('',#21891,#21899,#21901,.T.);
#21899 = VERTEX_POINT('',#21900);
#21900 = CARTESIAN_POINT('',(-7.5,15.5,476.));
#21901 = LINE('',#21902,#21903);
#21902 = CARTESIAN_POINT('',(-7.5,15.5,462.));
#21903 = VECTOR('',#21904,1.);
#21904 = DIRECTION('',(0.,0.,1.));
#21905 = ORIENTED_EDGE('',*,*,#21906,.F.);
#21906 = EDGE_CURVE('',#21883,#21899,#21907,.T.);
#21907 = LINE('',#21908,#21909);
#21908 = CARTESIAN_POINT('',(-7.5,-15.5,476.));
#21909 = VECTOR('',#21910,1.);
#21910 = DIRECTION('',(-0.,1.,0.));
#21911 = PLANE('',#21912);
#21912 = AXIS2_PLACEMENT_3D('',#21913,#21914,#21915);
#21913 = CARTESIAN_POINT('',(-7.5,-15.5,462.));
#21914 = DIRECTION('',(1.,0.,-0.));
#21915 = DIRECTION('',(0.,0.,1.));
#21916 = ADVANCED_FACE('',(#21917),#21951,.T.);
#21917 = FACE_BOUND('',#21918,.T.);
#21918 = EDGE_LOOP('',(#21919,#21929,#21937,#21945));
#21919 = ORIENTED_EDGE('',*,*,#21920,.F.);
#21920 = EDGE_CURVE('',#21921,#21923,#21925,.T.);
#21921 = VERTEX_POINT('',#21922);
#21922 = CARTESIAN_POINT('',(7.5,-15.5,462.));
#21923 = VERTEX_POINT('',#21924);
#21924 = CARTESIAN_POINT('',(7.5,-15.5,476.));
#21925 = LINE('',#21926,#21927);
#21926 = CARTESIAN_POINT('',(7.5,-15.5,462.));
#21927 = VECTOR('',#21928,1.);
#21928 = DIRECTION('',(0.,0.,1.));
#21929 = ORIENTED_EDGE('',*,*,#21930,.T.);
#21930 = EDGE_CURVE('',#21921,#21931,#21933,.T.);
#21931 = VERTEX_POINT('',#21932);
#21932 = CARTESIAN_POINT('',(7.5,15.5,462.));
#21933 = LINE('',#21934,#21935);
#21934 = CARTESIAN_POINT('',(7.5,-15.5,462.));
#21935 = VECTOR('',#21936,1.);
#21936 = DIRECTION('',(-0.,1.,0.));
#21937 = ORIENTED_EDGE('',*,*,#21938,.T.);
#21938 = EDGE_CURVE('',#21931,#21939,#21941,.T.);
#21939 = VERTEX_POINT('',#21940);
#21940 = CARTESIAN_POINT('',(7.5,15.5,476.));
#21941 = LINE('',#21942,#21943);
#21942 = CARTESIAN_POINT('',(7.5,15.5,462.));
#21943 = VECTOR('',#21944,1.);
#21944 = DIRECTION('',(0.,0.,1.));
#21945 = ORIENTED_EDGE('',*,*,#21946,.F.);
#21946 = EDGE_CURVE('',#21923,#21939,#21947,.T.);
#21947 = LINE('',#21948,#21949);
#21948 = CARTESIAN_POINT('',(7.5,-15.5,476.));
#21949 = VECTOR('',#21950,1.);
#21950 = DIRECTION('',(-0.,1.,0.));
#21951 = PLANE('',#21952);
#21952 = AXIS2_PLACEMENT_3D('',#21953,#21954,#21955);
#21953 = CARTESIAN_POINT('',(7.5,-15.5,462.));
#21954 = DIRECTION('',(1.,0.,-0.));
#21955 = DIRECTION('',(0.,0.,1.));
#21956 = ADVANCED_FACE('',(#21957),#21973,.F.);
#21957 = FACE_BOUND('',#21958,.F.);
#21958 = EDGE_LOOP('',(#21959,#21965,#21966,#21972));
#21959 = ORIENTED_EDGE('',*,*,#21960,.F.);
#21960 = EDGE_CURVE('',#21881,#21921,#21961,.T.);
#21961 = LINE('',#21962,#21963);
#21962 = CARTESIAN_POINT('',(-7.5,-15.5,462.));
#21963 = VECTOR('',#21964,1.);
#21964 = DIRECTION('',(1.,0.,-0.));
#21965 = ORIENTED_EDGE('',*,*,#21880,.T.);
#21966 = ORIENTED_EDGE('',*,*,#21967,.T.);
#21967 = EDGE_CURVE('',#21883,#21923,#21968,.T.);
#21968 = LINE('',#21969,#21970);
#21969 = CARTESIAN_POINT('',(-7.5,-15.5,476.));
#21970 = VECTOR('',#21971,1.);
#21971 = DIRECTION('',(1.,0.,-0.));
#21972 = ORIENTED_EDGE('',*,*,#21920,.F.);
#21973 = PLANE('',#21974);
#21974 = AXIS2_PLACEMENT_3D('',#21975,#21976,#21977);
#21975 = CARTESIAN_POINT('',(-7.5,-15.5,462.));
#21976 = DIRECTION('',(-0.,1.,0.));
#21977 = DIRECTION('',(0.,0.,1.));
#21978 = ADVANCED_FACE('',(#21979),#21995,.T.);
#21979 = FACE_BOUND('',#21980,.T.);
#21980 = EDGE_LOOP('',(#21981,#21987,#21988,#21994));
#21981 = ORIENTED_EDGE('',*,*,#21982,.F.);
#21982 = EDGE_CURVE('',#21891,#21931,#21983,.T.);
#21983 = LINE('',#21984,#21985);
#21984 = CARTESIAN_POINT('',(-7.5,15.5,462.));
#21985 = VECTOR('',#21986,1.);
#21986 = DIRECTION('',(1.,0.,-0.));
#21987 = ORIENTED_EDGE('',*,*,#21898,.T.);
#21988 = ORIENTED_EDGE('',*,*,#21989,.T.);
#21989 = EDGE_CURVE('',#21899,#21939,#21990,.T.);
#21990 = LINE('',#21991,#21992);
#21991 = CARTESIAN_POINT('',(-7.5,15.5,476.));
#21992 = VECTOR('',#21993,1.);
#21993 = DIRECTION('',(1.,0.,-0.));
#21994 = ORIENTED_EDGE('',*,*,#21938,.F.);
#21995 = PLANE('',#21996);
#21996 = AXIS2_PLACEMENT_3D('',#21997,#21998,#21999);
#21997 = CARTESIAN_POINT('',(-7.5,15.5,462.));
#21998 = DIRECTION('',(-0.,1.,0.));
#21999 = DIRECTION('',(0.,0.,1.));
#22000 = ADVANCED_FACE('',(#22001),#22007,.F.);
#22001 = FACE_BOUND('',#22002,.F.);
#22002 = EDGE_LOOP('',(#22003,#22004,#22005,#22006));
#22003 = ORIENTED_EDGE('',*,*,#21890,.F.);
#22004 = ORIENTED_EDGE('',*,*,#21960,.T.);
#22005 = ORIENTED_EDGE('',*,*,#21930,.T.);
#22006 = ORIENTED_EDGE('',*,*,#21982,.F.);
#22007 = PLANE('',#22008);
#22008 = AXIS2_PLACEMENT_3D('',#22009,#22010,#22011);
#22009 = CARTESIAN_POINT('',(-7.5,-15.5,462.));
#22010 = DIRECTION('',(0.,0.,1.));
#22011 = DIRECTION('',(1.,0.,-0.));
#22012 = ADVANCED_FACE('',(#22013),#22019,.T.);
#22013 = FACE_BOUND('',#22014,.T.);
#22014 = EDGE_LOOP('',(#22015,#22016,#22017,#22018));
#22015 = ORIENTED_EDGE('',*,*,#21906,.F.);
#22016 = ORIENTED_EDGE('',*,*,#21967,.T.);
#22017 = ORIENTED_EDGE('',*,*,#21946,.T.);
#22018 = ORIENTED_EDGE('',*,*,#21989,.F.);
#22019 = PLANE('',#22020);
#22020 = AXIS2_PLACEMENT_3D('',#22021,#22022,#22023);
#22021 = CARTESIAN_POINT('',(-7.5,-15.5,476.));
#22022 = DIRECTION('',(0.,0.,1.));
#22023 = DIRECTION('',(1.,0.,-0.));
#22024 = ( GEOMETRIC_REPRESENTATION_CONTEXT(3) 
GLOBAL_UNCERTAINTY_ASSIGNED_CONTEXT((#22028)) 
GLOBAL_UNIT_ASSIGNED_CONTEXT((#22025,#22026,#22027)) 
REPRESENTATION_CONTEXT('Context #1',
  '3D Context with UNIT and UNCERTAINTY') );
#22025 = ( LENGTH_UNIT() NAMED_UNIT(*) SI_UNIT(.MILLI.,.METRE.) );
#22026 = ( NAMED_UNIT(*) PLANE_ANGLE_UNIT() SI_UNIT($,.RADIAN.) );
#22027 = ( NAMED_UNIT(*) SI_UNIT($,.STERADIAN.) SOLID_ANGLE_UNIT() );
#22028 = UNCERTAINTY_MEASURE_WITH_UNIT(LENGTH_MEASURE(1.E-07),#22025,
  'distance_accuracy_value','confusion accuracy');
#22029 = CONTEXT_DEPENDENT_SHAPE_REPRESENTATION(#22030,#22032);
#22030 = ( REPRESENTATION_RELATIONSHIP('','',#21873,#10) 
REPRESENTATION_RELATIONSHIP_WITH_TRANSFORMATION(#22031) 
SHAPE_REPRESENTATION_RELATIONSHIP() );
#22031 = ITEM_DEFINED_TRANSFORMATION('','',#11,#131);
#22032 = PRODUCT_DEFINITION_SHAPE('Placement','Placement of an item',
  #22033);
#22033 = NEXT_ASSEMBLY_USAGE_OCCURRENCE('30','bracket_fixed','',#5,
  #21868,$);
#22034 = PRODUCT_RELATED_PRODUCT_CATEGORY('part',$,(#21870));
#22035 = SHAPE_DEFINITION_REPRESENTATION(#22036,#22042);
#22036 = PRODUCT_DEFINITION_SHAPE('','',#22037);
#22037 = PRODUCT_DEFINITION('design','',#22038,#22041);
#22038 = PRODUCT_DEFINITION_FORMATION('','',#22039);
#22039 = PRODUCT('bracket_moving','bracket_moving','',(#22040));
#22040 = PRODUCT_CONTEXT('',#2,'mechanical');
#22041 = PRODUCT_DEFINITION_CONTEXT('part definition',#2,'design');
#22042 = ADVANCED_BREP_SHAPE_REPRESENTATION('',(#11,#22043),#22193);
#22043 = MANIFOLD_SOLID_BREP('',#22044);
#22044 = CLOSED_SHELL('',(#22045,#22085,#22125,#22147,#22169,#22181));
#22045 = ADVANCED_FACE('',(#22046),#22080,.F.);
#22046 = FACE_BOUND('',#22047,.F.);
#22047 = EDGE_LOOP('',(#22048,#22058,#22066,#22074));
#22048 = ORIENTED_EDGE('',*,*,#22049,.F.);
#22049 = EDGE_CURVE('',#22050,#22052,#22054,.T.);
#22050 = VERTEX_POINT('',#22051);
#22051 = CARTESIAN_POINT('',(32.5,-15.5,250.));
#22052 = VERTEX_POINT('',#22053);
#22053 = CARTESIAN_POINT('',(32.5,-15.5,262.));
#22054 = LINE('',#22055,#22056);
#22055 = CARTESIAN_POINT('',(32.5,-15.5,250.));
#22056 = VECTOR('',#22057,1.);
#22057 = DIRECTION('',(0.,0.,1.));
#22058 = ORIENTED_EDGE('',*,*,#22059,.T.);
#22059 = EDGE_CURVE('',#22050,#22060,#22062,.T.);
#22060 = VERTEX_POINT('',#22061);
#22061 = CARTESIAN_POINT('',(32.5,15.5,250.));
#22062 = LINE('',#22063,#22064);
#22063 = CARTESIAN_POINT('',(32.5,-15.5,250.));
#22064 = VECTOR('',#22065,1.);
#22065 = DIRECTION('',(-0.,1.,0.));
#22066 = ORIENTED_EDGE('',*,*,#22067,.T.);
#22067 = EDGE_CURVE('',#22060,#22068,#22070,.T.);
#22068 = VERTEX_POINT('',#22069);
#22069 = CARTESIAN_POINT('',(32.5,15.5,262.));
#22070 = LINE('',#22071,#22072);
#22071 = CARTESIAN_POINT('',(32.5,15.5,250.));
#22072 = VECTOR('',#22073,1.);
#22073 = DIRECTION('',(0.,0.,1.));
#22074 = ORIENTED_EDGE('',*,*,#22075,.F.);
#22075 = EDGE_CURVE('',#22052,#22068,#22076,.T.);
#22076 = LINE('',#22077,#22078);
#22077 = CARTESIAN_POINT('',(32.5,-15.5,262.));
#22078 = VECTOR('',#22079,1.);
#22079 = DIRECTION('',(-0.,1.,0.));
#22080 = PLANE('',#22081);
#22081 = AXIS2_PLACEMENT_3D('',#22082,#22083,#22084);
#22082 = CARTESIAN_POINT('',(32.5,-15.5,250.));
#22083 = DIRECTION('',(1.,0.,-0.));
#22084 = DIRECTION('',(0.,0.,1.));
#22085 = ADVANCED_FACE('',(#22086),#22120,.T.);
#22086 = FACE_BOUND('',#22087,.T.);
#22087 = EDGE_LOOP('',(#22088,#22098,#22106,#22114));
#22088 = ORIENTED_EDGE('',*,*,#22089,.F.);
#22089 = EDGE_CURVE('',#22090,#22092,#22094,.T.);
#22090 = VERTEX_POINT('',#22091);
#22091 = CARTESIAN_POINT('',(47.5,-15.5,250.));
#22092 = VERTEX_POINT('',#22093);
#22093 = CARTESIAN_POINT('',(47.5,-15.5,262.));
#22094 = LINE('',#22095,#22096);
#22095 = CARTESIAN_POINT('',(47.5,-15.5,250.));
#22096 = VECTOR('',#22097,1.);
#22097 = DIRECTION('',(0.,0.,1.));
#22098 = ORIENTED_EDGE('',*,*,#22099,.T.);
#22099 = EDGE_CURVE('',#22090,#22100,#22102,.T.);
#22100 = VERTEX_POINT('',#22101);
#22101 = CARTESIAN_POINT('',(47.5,15.5,250.));
#22102 = LINE('',#22103,#22104);
#22103 = CARTESIAN_POINT('',(47.5,-15.5,250.));
#22104 = VECTOR('',#22105,1.);
#22105 = DIRECTION('',(-0.,1.,0.));
#22106 = ORIENTED_EDGE('',*,*,#22107,.T.);
#22107 = EDGE_CURVE('',#22100,#22108,#22110,.T.);
#22108 = VERTEX_POINT('',#22109);
#22109 = CARTESIAN_POINT('',(47.5,15.5,262.));
#22110 = LINE('',#22111,#22112);
#22111 = CARTESIAN_POINT('',(47.5,15.5,250.));
#22112 = VECTOR('',#22113,1.);
#22113 = DIRECTION('',(0.,0.,1.));
#22114 = ORIENTED_EDGE('',*,*,#22115,.F.);
#22115 = EDGE_CURVE('',#22092,#22108,#22116,.T.);
#22116 = LINE('',#22117,#22118);
#22117 = CARTESIAN_POINT('',(47.5,-15.5,262.));
#22118 = VECTOR('',#22119,1.);
#22119 = DIRECTION('',(-0.,1.,0.));
#22120 = PLANE('',#22121);
#22121 = AXIS2_PLACEMENT_3D('',#22122,#22123,#22124);
#22122 = CARTESIAN_POINT('',(47.5,-15.5,250.));
#22123 = DIRECTION('',(1.,0.,-0.));
#22124 = DIRECTION('',(0.,0.,1.));
#22125 = ADVANCED_FACE('',(#22126),#22142,.F.);
#22126 = FACE_BOUND('',#22127,.F.);
#22127 = EDGE_LOOP('',(#22128,#22134,#22135,#22141));
#22128 = ORIENTED_EDGE('',*,*,#22129,.F.);
#22129 = EDGE_CURVE('',#22050,#22090,#22130,.T.);
#22130 = LINE('',#22131,#22132);
#22131 = CARTESIAN_POINT('',(32.5,-15.5,250.));
#22132 = VECTOR('',#22133,1.);
#22133 = DIRECTION('',(1.,0.,-0.));
#22134 = ORIENTED_EDGE('',*,*,#22049,.T.);
#22135 = ORIENTED_EDGE('',*,*,#22136,.T.);
#22136 = EDGE_CURVE('',#22052,#22092,#22137,.T.);
#22137 = LINE('',#22138,#22139);
#22138 = CARTESIAN_POINT('',(32.5,-15.5,262.));
#22139 = VECTOR('',#22140,1.);
#22140 = DIRECTION('',(1.,0.,-0.));
#22141 = ORIENTED_EDGE('',*,*,#22089,.F.);
#22142 = PLANE('',#22143);
#22143 = AXIS2_PLACEMENT_3D('',#22144,#22145,#22146);
#22144 = CARTESIAN_POINT('',(32.5,-15.5,250.));
#22145 = DIRECTION('',(-0.,1.,0.));
#22146 = DIRECTION('',(0.,0.,1.));
#22147 = ADVANCED_FACE('',(#22148),#22164,.T.);
#22148 = FACE_BOUND('',#22149,.T.);
#22149 = EDGE_LOOP('',(#22150,#22156,#22157,#22163));
#22150 = ORIENTED_EDGE('',*,*,#22151,.F.);
#22151 = EDGE_CURVE('',#22060,#22100,#22152,.T.);
#22152 = LINE('',#22153,#22154);
#22153 = CARTESIAN_POINT('',(32.5,15.5,250.));
#22154 = VECTOR('',#22155,1.);
#22155 = DIRECTION('',(1.,0.,-0.));
#22156 = ORIENTED_EDGE('',*,*,#22067,.T.);
#22157 = ORIENTED_EDGE('',*,*,#22158,.T.);
#22158 = EDGE_CURVE('',#22068,#22108,#22159,.T.);
#22159 = LINE('',#22160,#22161);
#22160 = CARTESIAN_POINT('',(32.5,15.5,262.));
#22161 = VECTOR('',#22162,1.);
#22162 = DIRECTION('',(1.,0.,-0.));
#22163 = ORIENTED_EDGE('',*,*,#22107,.F.);
#22164 = PLANE('',#22165);
#22165 = AXIS2_PLACEMENT_3D('',#22166,#22167,#22168);
#22166 = CARTESIAN_POINT('',(32.5,15.5,250.));
#22167 = DIRECTION('',(-0.,1.,0.));
#22168 = DIRECTION('',(0.,0.,1.));
#22169 = ADVANCED_FACE('',(#22170),#22176,.F.);
#22170 = FACE_BOUND('',#22171,.F.);
#22171 = EDGE_LOOP('',(#22172,#22173,#22174,#22175));
#22172 = ORIENTED_EDGE('',*,*,#22059,.F.);
#22173 = ORIENTED_EDGE('',*,*,#22129,.T.);
#22174 = ORIENTED_EDGE('',*,*,#22099,.T.);
#22175 = ORIENTED_EDGE('',*,*,#22151,.F.);
#22176 = PLANE('',#22177);
#22177 = AXIS2_PLACEMENT_3D('',#22178,#22179,#22180);
#22178 = CARTESIAN_POINT('',(32.5,-15.5,250.));
#22179 = DIRECTION('',(0.,0.,1.));
#22180 = DIRECTION('',(1.,0.,-0.));
#22181 = ADVANCED_FACE('',(#22182),#22188,.T.);
#22182 = FACE_BOUND('',#22183,.T.);
#22183 = EDGE_LOOP('',(#22184,#22185,#22186,#22187));
#22184 = ORIENTED_EDGE('',*,*,#22075,.F.);
#22185 = ORIENTED_EDGE('',*,*,#22136,.T.);
#22186 = ORIENTED_EDGE('',*,*,#22115,.T.);
#22187 = ORIENTED_EDGE('',*,*,#22158,.F.);
#22188 = PLANE('',#22189);
#22189 = AXIS2_PLACEMENT_3D('',#22190,#22191,#22192);
#22190 = CARTESIAN_POINT('',(32.5,-15.5,262.));
#22191 = DIRECTION('',(0.,0.,1.));
#22192 = DIRECTION('',(1.,0.,-0.));
#22193 = ( GEOMETRIC_REPRESENTATION_CONTEXT(3) 
GLOBAL_UNCERTAINTY_ASSIGNED_CONTEXT((#22197)) 
GLOBAL_UNIT_ASSIGNED_CONTEXT((#22194,#22195,#22196)) 
REPRESENTATION_CONTEXT('Context #1',
  '3D Context with UNIT and UNCERTAINTY') );
#22194 = ( LENGTH_UNIT() NAMED_UNIT(*) SI_UNIT(.MILLI.,.METRE.) );
#22195 = ( NAMED_UNIT(*) PLANE_ANGLE_UNIT() SI_UNIT($,.RADIAN.) );
#22196 = ( NAMED_UNIT(*) SI_UNIT($,.STERADIAN.) SOLID_ANGLE_UNIT() );
#22197 = UNCERTAINTY_MEASURE_WITH_UNIT(LENGTH_MEASURE(1.E-07),#22194,
  'distance_accuracy_value','confusion accuracy');
#22198 = CONTEXT_DEPENDENT_SHAPE_REPRESENTATION(#22199,#22201);
#22199 = ( REPRESENTATION_RELATIONSHIP('','',#22042,#10) 
REPRESENTATION_RELATIONSHIP_WITH_TRANSFORMATION(#22200) 
SHAPE_REPRESENTATION_RELATIONSHIP() );
#22200 = ITEM_DEFINED_TRANSFORMATION('','',#11,#135);
#22201 = PRODUCT_DEFINITION_SHAPE('Placement','Placement of an item',
  #22202);
#22202 = NEXT_ASSEMBLY_USAGE_OCCURRENCE('31','bracket_moving','',#5,
  #22037,$);
#22203 = PRODUCT_RELATED_PRODUCT_CATEGORY('part',$,(#22039));
ENDSEC;
END-ISO-10303-21;
