ISO-10303-21;
HEADER;
FILE_DESCRIPTION(('FreeCAD Model'),'2;1');
FILE_NAME('Open CASCADE Shape Model','2026-09-27T12:27:37',(''),(''),
  'Open CASCADE STEP processor 7.8','FreeCAD','Unknown');
FILE_SCHEMA(('AUTOMOTIVE_DESIGN { 1 0 10303 214 1 1 1 1 }'));
ENDSEC;
DATA;
#1 = APPLICATION_PROTOCOL_DEFINITION('international standard',
  'automotive_design',2000,#2);
#2 = APPLICATION_CONTEXT(
  'core data for automotive mechanical design processes');
#3 = SHAPE_DEFINITION_REPRESENTATION(#4,#10);
#4 = PRODUCT_DEFINITION_SHAPE('','',#5);
#5 = PRODUCT_DEFINITION('design','',#6,#9);
#6 = PRODUCT_DEFINITION_FORMATION('','',#7);
#7 = PRODUCT('ft_144643_encoder_motor','ft_144643_encoder_motor','',(#8)
  );
#8 = PRODUCT_CONTEXT('',#2,'mechanical');
#9 = PRODUCT_DEFINITION_CONTEXT('part definition',#2,'design');
#10 = SHAPE_REPRESENTATION('',(#11,#15,#19,#23,#27),#31);
#11 = AXIS2_PLACEMENT_3D('',#12,#13,#14);
#12 = CARTESIAN_POINT('',(0.,0.,0.));
#13 = DIRECTION('',(0.,0.,1.));
#14 = DIRECTION('',(1.,0.,-0.));
#15 = AXIS2_PLACEMENT_3D('',#16,#17,#18);
#16 = CARTESIAN_POINT('',(0.,0.,0.));
#17 = DIRECTION('',(0.,0.,1.));
#18 = DIRECTION('',(1.,0.,0.));
#19 = AXIS2_PLACEMENT_3D('',#20,#21,#22);
#20 = CARTESIAN_POINT('',(0.,0.,0.));
#21 = DIRECTION('',(0.,0.,1.));
#22 = DIRECTION('',(1.,0.,0.));
#23 = AXIS2_PLACEMENT_3D('',#24,#25,#26);
#24 = CARTESIAN_POINT('',(0.,0.,0.));
#25 = DIRECTION('',(0.,0.,1.));
#26 = DIRECTION('',(1.,0.,0.));
#27 = AXIS2_PLACEMENT_3D('',#28,#29,#30);
#28 = CARTESIAN_POINT('',(0.,0.,0.));
#29 = DIRECTION('',(0.,0.,1.));
#30 = DIRECTION('',(1.,0.,0.));
#31 = ( GEOMETRIC_REPRESENTATION_CONTEXT(3) 
GLOBAL_UNCERTAINTY_ASSIGNED_CONTEXT((#35)) GLOBAL_UNIT_ASSIGNED_CONTEXT(
(#32,#33,#34)) REPRESENTATION_CONTEXT('Context #1',
  '3D Context with UNIT and UNCERTAINTY') );
#32 = ( LENGTH_UNIT() NAMED_UNIT(*) SI_UNIT(.MILLI.,.METRE.) );
#33 = ( NAMED_UNIT(*) PLANE_ANGLE_UNIT() SI_UNIT($,.RADIAN.) );
#34 = ( NAMED_UNIT(*) SI_UNIT($,.STERADIAN.) SOLID_ANGLE_UNIT() );
#35 = UNCERTAINTY_MEASURE_WITH_UNIT(LENGTH_MEASURE(1.E-07),#32,
  'distance_accuracy_value','confusion accuracy');
#36 = PRODUCT_RELATED_PRODUCT_CATEGORY('part',$,(#7));
#37 = SHAPE_DEFINITION_REPRESENTATION(#38,#44);
#38 = PRODUCT_DEFINITION_SHAPE('','',#39);
#39 = PRODUCT_DEFINITION('design','',#40,#43);
#40 = PRODUCT_DEFINITION_FORMATION('','',#41);
#41 = PRODUCT('housing','housing','',(#42));
#42 = PRODUCT_CONTEXT('',#2,'mechanical');
#43 = PRODUCT_DEFINITION_CONTEXT('part definition',#2,'design');
#44 = ADVANCED_BREP_SHAPE_REPRESENTATION('',(#11,#45),#2201);
#45 = MANIFOLD_SOLID_BREP('',#46);
#46 = CLOSED_SHELL('',(#47,#247,#278,#318,#342,#382,#406,#437,#477,#501,
    #541,#565,#605,#629,#669,#693,#724,#764,#788,#828,#852,#883,#939,
    #963,#1019,#1043,#1059,#1083,#1107,#1290,#1314,#1331,#1347,#1371,
    #1388,#1405,#1417,#1441,#1458,#1474,#1498,#1515,#1539,#1556,#1572,
    #1596,#1613,#1637,#1679,#1696,#1720,#1737,#1754,#1765,#1782,#1799,
    #1811,#1842,#1866,#1890,#1907,#1938,#1962,#1986,#2003,#2019,#2031,
    #2047,#2059,#2075,#2087,#2110,#2133,#2158,#2183,#2192));
#47 = ADVANCED_FACE('',(#48),#242,.F.);
#48 = FACE_BOUND('',#49,.F.);
#49 = EDGE_LOOP('',(#50,#60,#68,#76,#84,#92,#100,#108,#116,#124,#132,
    #140,#148,#156,#164,#172,#180,#188,#196,#204,#212,#220,#228,#236));
#50 = ORIENTED_EDGE('',*,*,#51,.F.);
#51 = EDGE_CURVE('',#52,#54,#56,.T.);
#52 = VERTEX_POINT('',#53);
#53 = CARTESIAN_POINT('',(-5.551115123126E-17,0.5,0.5));
#54 = VERTEX_POINT('',#55);
#55 = CARTESIAN_POINT('',(0.,0.5,13.315235457064));
#56 = LINE('',#57,#58);
#57 = CARTESIAN_POINT('',(0.,0.5,0.));
#58 = VECTOR('',#59,1.);
#59 = DIRECTION('',(0.,0.,1.));
#60 = ORIENTED_EDGE('',*,*,#61,.T.);
#61 = EDGE_CURVE('',#52,#62,#64,.T.);
#62 = VERTEX_POINT('',#63);
#63 = CARTESIAN_POINT('',(0.,13.315235457064,0.5));
#64 = LINE('',#65,#66);
#65 = CARTESIAN_POINT('',(0.,0.,0.5));
#66 = VECTOR('',#67,1.);
#67 = DIRECTION('',(-0.,1.,0.));
#68 = ORIENTED_EDGE('',*,*,#69,.F.);
#69 = EDGE_CURVE('',#70,#62,#72,.T.);
#70 = VERTEX_POINT('',#71);
#71 = CARTESIAN_POINT('',(0.,12.8,3.6));
#72 = LINE('',#73,#74);
#73 = CARTESIAN_POINT('',(0.,13.219085132279,1.078504454118));
#74 = VECTOR('',#75,1.);
#75 = DIRECTION('',(-0.,0.163955846806,-0.986467678284));
#76 = ORIENTED_EDGE('',*,*,#77,.F.);
#77 = EDGE_CURVE('',#78,#70,#80,.T.);
#78 = VERTEX_POINT('',#79);
#79 = CARTESIAN_POINT('',(0.,17.2,3.6));
#80 = LINE('',#81,#82);
#81 = CARTESIAN_POINT('',(0.,6.4,3.6));
#82 = VECTOR('',#83,1.);
#83 = DIRECTION('',(0.,-1.,1.224646799147E-16));
#84 = ORIENTED_EDGE('',*,*,#85,.F.);
#85 = EDGE_CURVE('',#86,#78,#88,.T.);
#86 = VERTEX_POINT('',#87);
#87 = CARTESIAN_POINT('',(0.,16.684764542936,0.5));
#88 = LINE('',#89,#90);
#89 = CARTESIAN_POINT('',(1.110223024625E-16,16.677692072192,
    0.457447301021));
#90 = VECTOR('',#91,1.);
#91 = DIRECTION('',(0.,0.163955846806,0.986467678284));
#92 = ORIENTED_EDGE('',*,*,#93,.T.);
#93 = EDGE_CURVE('',#86,#94,#96,.T.);
#94 = VERTEX_POINT('',#95);
#95 = CARTESIAN_POINT('',(-1.074753193928E-15,29.5,0.5));
#96 = LINE('',#97,#98);
#97 = CARTESIAN_POINT('',(0.,0.,0.5));
#98 = VECTOR('',#99,1.);
#99 = DIRECTION('',(-0.,1.,0.));
#100 = ORIENTED_EDGE('',*,*,#101,.T.);
#101 = EDGE_CURVE('',#94,#102,#104,.T.);
#102 = VERTEX_POINT('',#103);
#103 = CARTESIAN_POINT('',(0.,29.5,13.315235457064));
#104 = LINE('',#105,#106);
#105 = CARTESIAN_POINT('',(0.,29.5,0.));
#106 = VECTOR('',#107,1.);
#107 = DIRECTION('',(0.,0.,1.));
#108 = ORIENTED_EDGE('',*,*,#109,.F.);
#109 = EDGE_CURVE('',#110,#102,#112,.T.);
#110 = VERTEX_POINT('',#111);
#111 = CARTESIAN_POINT('',(0.,26.4,12.8));
#112 = LINE('',#113,#114);
#113 = CARTESIAN_POINT('',(0.,14.32471834141,10.793027979182));
#114 = VECTOR('',#115,1.);
#115 = DIRECTION('',(0.,0.986467678284,0.163955846806));
#116 = ORIENTED_EDGE('',*,*,#117,.F.);
#117 = EDGE_CURVE('',#118,#110,#120,.T.);
#118 = VERTEX_POINT('',#119);
#119 = CARTESIAN_POINT('',(0.,26.4,17.2));
#120 = LINE('',#121,#122);
#121 = CARTESIAN_POINT('',(0.,26.4,6.4));
#122 = VECTOR('',#123,1.);
#123 = DIRECTION('',(-0.,1.110223024625E-16,-1.));
#124 = ORIENTED_EDGE('',*,*,#125,.F.);
#125 = EDGE_CURVE('',#126,#118,#128,.T.);
#126 = VERTEX_POINT('',#127);
#127 = CARTESIAN_POINT('',(0.,29.5,16.684764542936));
#128 = LINE('',#129,#130);
#129 = CARTESIAN_POINT('',(1.110223024625E-16,14.945775494508,
    19.10374922529));
#130 = VECTOR('',#131,1.);
#131 = DIRECTION('',(0.,-0.986467678284,0.163955846806));
#132 = ORIENTED_EDGE('',*,*,#133,.T.);
#133 = EDGE_CURVE('',#126,#134,#136,.T.);
#134 = VERTEX_POINT('',#135);
#135 = CARTESIAN_POINT('',(-8.304485020967E-16,29.5,29.5));
#136 = LINE('',#137,#138);
#137 = CARTESIAN_POINT('',(0.,29.5,0.));
#138 = VECTOR('',#139,1.);
#139 = DIRECTION('',(0.,0.,1.));
#140 = ORIENTED_EDGE('',*,*,#141,.F.);
#141 = EDGE_CURVE('',#142,#134,#144,.T.);
#142 = VERTEX_POINT('',#143);
#143 = CARTESIAN_POINT('',(0.,24.184764542936,29.5));
#144 = LINE('',#145,#146);
#145 = CARTESIAN_POINT('',(0.,0.,29.5));
#146 = VECTOR('',#147,1.);
#147 = DIRECTION('',(-0.,1.,0.));
#148 = ORIENTED_EDGE('',*,*,#149,.F.);
#149 = EDGE_CURVE('',#150,#142,#152,.T.);
#150 = VERTEX_POINT('',#151);
#151 = CARTESIAN_POINT('',(0.,24.7,26.4));
#152 = LINE('',#153,#154);
#153 = CARTESIAN_POINT('',(0.,26.202943526407,17.357289782782));
#154 = VECTOR('',#155,1.);
#155 = DIRECTION('',(0.,-0.163955846806,0.986467678284));
#156 = ORIENTED_EDGE('',*,*,#157,.F.);
#157 = EDGE_CURVE('',#158,#150,#160,.T.);
#158 = VERTEX_POINT('',#159);
#159 = CARTESIAN_POINT('',(0.,20.3,26.4));
#160 = LINE('',#161,#162);
#161 = CARTESIAN_POINT('',(0.,12.35,26.4));
#162 = VECTOR('',#163,1.);
#163 = DIRECTION('',(0.,1.,0.));
#164 = ORIENTED_EDGE('',*,*,#165,.F.);
#165 = EDGE_CURVE('',#166,#158,#168,.T.);
#166 = VERTEX_POINT('',#167);
#167 = CARTESIAN_POINT('',(0.,20.815235457064,29.5));
#168 = LINE('',#169,#170);
#169 = CARTESIAN_POINT('',(0.,17.8922222803,11.913204053136));
#170 = VECTOR('',#171,1.);
#171 = DIRECTION('',(0.,-0.163955846806,-0.986467678284));
#172 = ORIENTED_EDGE('',*,*,#173,.F.);
#173 = EDGE_CURVE('',#174,#166,#176,.T.);
#174 = VERTEX_POINT('',#175);
#175 = CARTESIAN_POINT('',(0.,9.184764542936,29.5));
#176 = LINE('',#177,#178);
#177 = CARTESIAN_POINT('',(0.,0.,29.5));
#178 = VECTOR('',#179,1.);
#179 = DIRECTION('',(-0.,1.,0.));
#180 = ORIENTED_EDGE('',*,*,#181,.F.);
#181 = EDGE_CURVE('',#182,#174,#184,.T.);
#182 = VERTEX_POINT('',#183);
#183 = CARTESIAN_POINT('',(0.,9.7,26.4));
#184 = LINE('',#185,#186);
#185 = CARTESIAN_POINT('',(1.110223024625E-16,11.404554924172,
    16.144261206234));
#186 = VECTOR('',#187,1.);
#187 = DIRECTION('',(0.,-0.163955846806,0.986467678284));
#188 = ORIENTED_EDGE('',*,*,#189,.F.);
#189 = EDGE_CURVE('',#190,#182,#192,.T.);
#190 = VERTEX_POINT('',#191);
#191 = CARTESIAN_POINT('',(0.,5.3,26.4));
#192 = LINE('',#193,#194);
#193 = CARTESIAN_POINT('',(0.,4.85,26.4));
#194 = VECTOR('',#195,1.);
#195 = DIRECTION('',(0.,1.,0.));
#196 = ORIENTED_EDGE('',*,*,#197,.F.);
#197 = EDGE_CURVE('',#198,#190,#200,.T.);
#198 = VERTEX_POINT('',#199);
#199 = CARTESIAN_POINT('',(0.,5.815235457064,29.5));
#200 = LINE('',#201,#202);
#201 = CARTESIAN_POINT('',(0.,3.093833678064,13.126232629685));
#202 = VECTOR('',#203,1.);
#203 = DIRECTION('',(0.,-0.163955846806,-0.986467678284));
#204 = ORIENTED_EDGE('',*,*,#205,.F.);
#205 = EDGE_CURVE('',#206,#198,#208,.T.);
#206 = VERTEX_POINT('',#207);
#207 = CARTESIAN_POINT('',(1.881254965827E-16,0.5,29.5));
#208 = LINE('',#209,#210);
#209 = CARTESIAN_POINT('',(0.,0.,29.5));
#210 = VECTOR('',#211,1.);
#211 = DIRECTION('',(-0.,1.,0.));
#212 = ORIENTED_EDGE('',*,*,#213,.F.);
#213 = EDGE_CURVE('',#214,#206,#216,.T.);
#214 = VERTEX_POINT('',#215);
#215 = CARTESIAN_POINT('',(0.,0.5,16.684764542936));
#216 = LINE('',#217,#218);
#217 = CARTESIAN_POINT('',(0.,0.5,0.));
#218 = VECTOR('',#219,1.);
#219 = DIRECTION('',(0.,0.,1.));
#220 = ORIENTED_EDGE('',*,*,#221,.F.);
#221 = EDGE_CURVE('',#222,#214,#224,.T.);
#222 = VERTEX_POINT('',#223);
#223 = CARTESIAN_POINT('',(0.,3.6,17.2));
#224 = LINE('',#225,#226);
#225 = CARTESIAN_POINT('',(0.,-1.347552698979,16.377692072192));
#226 = VECTOR('',#227,1.);
#227 = DIRECTION('',(0.,-0.986467678284,-0.163955846806));
#228 = ORIENTED_EDGE('',*,*,#229,.F.);
#229 = EDGE_CURVE('',#230,#222,#232,.T.);
#230 = VERTEX_POINT('',#231);
#231 = CARTESIAN_POINT('',(0.,3.6,12.8));
#232 = LINE('',#233,#234);
#233 = CARTESIAN_POINT('',(0.,3.6,8.6));
#234 = VECTOR('',#235,1.);
#235 = DIRECTION('',(0.,1.110223024625E-16,1.));
#236 = ORIENTED_EDGE('',*,*,#237,.F.);
#237 = EDGE_CURVE('',#54,#230,#238,.T.);
#238 = LINE('',#239,#240);
#239 = CARTESIAN_POINT('',(1.110223024625E-16,2.883504454118,
    12.919085132279));
#240 = VECTOR('',#241,1.);
#241 = DIRECTION('',(-0.,0.986467678284,-0.163955846806));
#242 = PLANE('',#243);
#243 = AXIS2_PLACEMENT_3D('',#244,#245,#246);
#244 = CARTESIAN_POINT('',(0.,0.,0.));
#245 = DIRECTION('',(1.,0.,-0.));
#246 = DIRECTION('',(0.,0.,1.));
#247 = ADVANCED_FACE('',(#248),#273,.T.);
#248 = FACE_BOUND('',#249,.F.);
#249 = EDGE_LOOP('',(#250,#258,#259,#267));
#250 = ORIENTED_EDGE('',*,*,#251,.F.);
#251 = EDGE_CURVE('',#52,#252,#254,.T.);
#252 = VERTEX_POINT('',#253);
#253 = CARTESIAN_POINT('',(0.5,-5.551115123126E-17,0.5));
#254 = LINE('',#255,#256);
#255 = CARTESIAN_POINT('',(0.25,0.25,0.5));
#256 = VECTOR('',#257,1.);
#257 = DIRECTION('',(0.707106781187,-0.707106781187,3.082391018568E-17)
  );
#258 = ORIENTED_EDGE('',*,*,#51,.T.);
#259 = ORIENTED_EDGE('',*,*,#260,.F.);
#260 = EDGE_CURVE('',#261,#54,#263,.T.);
#261 = VERTEX_POINT('',#262);
#262 = CARTESIAN_POINT('',(0.5,0.,13.398337950139));
#263 = LINE('',#264,#265);
#264 = CARTESIAN_POINT('',(-1.454582541761,1.954582541761,
    13.073476585857));
#265 = VECTOR('',#266,1.);
#266 = DIRECTION('',(-0.702273495483,0.702273495483,-0.11672135659));
#267 = ORIENTED_EDGE('',*,*,#268,.F.);
#268 = EDGE_CURVE('',#252,#261,#269,.T.);
#269 = LINE('',#270,#271);
#270 = CARTESIAN_POINT('',(0.5,0.,0.));
#271 = VECTOR('',#272,1.);
#272 = DIRECTION('',(0.,0.,1.));
#273 = PLANE('',#274);
#274 = AXIS2_PLACEMENT_3D('',#275,#276,#277);
#275 = CARTESIAN_POINT('',(0.25,0.25,0.));
#276 = DIRECTION('',(-0.707106781187,-0.707106781187,-1.889513820523E-18
    ));
#277 = DIRECTION('',(1.336088035637E-18,1.336088035637E-18,-1.));
#278 = ADVANCED_FACE('',(#279),#313,.F.);
#279 = FACE_BOUND('',#280,.F.);
#280 = EDGE_LOOP('',(#281,#282,#290,#298,#306,#312));
#281 = ORIENTED_EDGE('',*,*,#237,.T.);
#282 = ORIENTED_EDGE('',*,*,#283,.T.);
#283 = EDGE_CURVE('',#230,#284,#286,.T.);
#284 = VERTEX_POINT('',#285);
#285 = CARTESIAN_POINT('',(60.,3.6,12.8));
#286 = LINE('',#287,#288);
#287 = CARTESIAN_POINT('',(-1.,3.6,12.8));
#288 = VECTOR('',#289,1.);
#289 = DIRECTION('',(1.,0.,0.));
#290 = ORIENTED_EDGE('',*,*,#291,.F.);
#291 = EDGE_CURVE('',#292,#284,#294,.T.);
#292 = VERTEX_POINT('',#293);
#293 = CARTESIAN_POINT('',(60.,0.5,13.315235457064));
#294 = LINE('',#295,#296);
#295 = CARTESIAN_POINT('',(60.,2.883504454118,12.919085132279));
#296 = VECTOR('',#297,1.);
#297 = DIRECTION('',(-0.,0.986467678284,-0.163955846806));
#298 = ORIENTED_EDGE('',*,*,#299,.F.);
#299 = EDGE_CURVE('',#300,#292,#302,.T.);
#300 = VERTEX_POINT('',#301);
#301 = CARTESIAN_POINT('',(59.5,0.,13.398337950139));
#302 = LINE('',#303,#304);
#303 = CARTESIAN_POINT('',(46.165752605566,-13.33424739443,
    15.614556353646));
#304 = VECTOR('',#305,1.);
#305 = DIRECTION('',(0.702273495483,0.702273495483,-0.11672135659));
#306 = ORIENTED_EDGE('',*,*,#307,.T.);
#307 = EDGE_CURVE('',#300,#261,#308,.T.);
#308 = LINE('',#309,#310);
#309 = CARTESIAN_POINT('',(-0.5,-4.309211562864E-16,13.398337950139));
#310 = VECTOR('',#311,1.);
#311 = DIRECTION('',(-1.,0.,0.));
#312 = ORIENTED_EDGE('',*,*,#260,.T.);
#313 = PLANE('',#314);
#314 = AXIS2_PLACEMENT_3D('',#315,#316,#317);
#315 = CARTESIAN_POINT('',(-1.,3.6,12.8));
#316 = DIRECTION('',(0.,-0.163955846806,-0.986467678284));
#317 = DIRECTION('',(0.,-0.986467678284,0.163955846806));
#318 = ADVANCED_FACE('',(#319),#337,.F.);
#319 = FACE_BOUND('',#320,.F.);
#320 = EDGE_LOOP('',(#321,#322,#330,#336));
#321 = ORIENTED_EDGE('',*,*,#229,.T.);
#322 = ORIENTED_EDGE('',*,*,#323,.T.);
#323 = EDGE_CURVE('',#222,#324,#326,.T.);
#324 = VERTEX_POINT('',#325);
#325 = CARTESIAN_POINT('',(60.,3.6,17.2));
#326 = LINE('',#327,#328);
#327 = CARTESIAN_POINT('',(-1.,3.6,17.2));
#328 = VECTOR('',#329,1.);
#329 = DIRECTION('',(1.,0.,0.));
#330 = ORIENTED_EDGE('',*,*,#331,.F.);
#331 = EDGE_CURVE('',#284,#324,#332,.T.);
#332 = LINE('',#333,#334);
#333 = CARTESIAN_POINT('',(60.,3.6,8.6));
#334 = VECTOR('',#335,1.);
#335 = DIRECTION('',(0.,1.110223024625E-16,1.));
#336 = ORIENTED_EDGE('',*,*,#283,.F.);
#337 = PLANE('',#338);
#338 = AXIS2_PLACEMENT_3D('',#339,#340,#341);
#339 = CARTESIAN_POINT('',(-1.,3.6,17.2));
#340 = DIRECTION('',(0.,1.,-1.110223024625E-16));
#341 = DIRECTION('',(0.,-1.110223024625E-16,-1.));
#342 = ADVANCED_FACE('',(#343),#377,.F.);
#343 = FACE_BOUND('',#344,.F.);
#344 = EDGE_LOOP('',(#345,#346,#347,#355,#363,#371));
#345 = ORIENTED_EDGE('',*,*,#323,.F.);
#346 = ORIENTED_EDGE('',*,*,#221,.T.);
#347 = ORIENTED_EDGE('',*,*,#348,.T.);
#348 = EDGE_CURVE('',#214,#349,#351,.T.);
#349 = VERTEX_POINT('',#350);
#350 = CARTESIAN_POINT('',(0.5,0.,16.601662049861));
#351 = LINE('',#352,#353);
#352 = CARTESIAN_POINT('',(0.689767731852,-0.189767731852,
    16.570121706617));
#353 = VECTOR('',#354,1.);
#354 = DIRECTION('',(0.702273495483,-0.702273495483,-0.11672135659));
#355 = ORIENTED_EDGE('',*,*,#356,.T.);
#356 = EDGE_CURVE('',#349,#357,#359,.T.);
#357 = VERTEX_POINT('',#358);
#358 = CARTESIAN_POINT('',(59.5,0.,16.601662049861));
#359 = LINE('',#360,#361);
#360 = CARTESIAN_POINT('',(-0.5,-1.628984103857E-19,16.601662049861));
#361 = VECTOR('',#362,1.);
#362 = DIRECTION('',(1.,0.,0.));
#363 = ORIENTED_EDGE('',*,*,#364,.F.);
#364 = EDGE_CURVE('',#365,#357,#367,.T.);
#365 = VERTEX_POINT('',#366);
#366 = CARTESIAN_POINT('',(60.,0.5,16.684764542936));
#367 = LINE('',#368,#369);
#368 = CARTESIAN_POINT('',(44.021402331953,-15.47859766804,
    14.029041938829));
#369 = VECTOR('',#370,1.);
#370 = DIRECTION('',(-0.702273495483,-0.702273495483,-0.11672135659));
#371 = ORIENTED_EDGE('',*,*,#372,.F.);
#372 = EDGE_CURVE('',#324,#365,#373,.T.);
#373 = LINE('',#374,#375);
#374 = CARTESIAN_POINT('',(60.,-1.347552698979,16.377692072192));
#375 = VECTOR('',#376,1.);
#376 = DIRECTION('',(0.,-0.986467678284,-0.163955846806));
#377 = PLANE('',#378);
#378 = AXIS2_PLACEMENT_3D('',#379,#380,#381);
#379 = CARTESIAN_POINT('',(-1.,-9.999999999998E-03,16.6));
#380 = DIRECTION('',(0.,-0.163955846806,0.986467678284));
#381 = DIRECTION('',(0.,0.986467678284,0.163955846806));
#382 = ADVANCED_FACE('',(#383),#401,.T.);
#383 = FACE_BOUND('',#384,.F.);
#384 = EDGE_LOOP('',(#385,#386,#387,#395));
#385 = ORIENTED_EDGE('',*,*,#348,.F.);
#386 = ORIENTED_EDGE('',*,*,#213,.T.);
#387 = ORIENTED_EDGE('',*,*,#388,.T.);
#388 = EDGE_CURVE('',#206,#389,#391,.T.);
#389 = VERTEX_POINT('',#390);
#390 = CARTESIAN_POINT('',(0.5,1.881254965827E-16,29.5));
#391 = LINE('',#392,#393);
#392 = CARTESIAN_POINT('',(0.25,0.25,29.5));
#393 = VECTOR('',#394,1.);
#394 = DIRECTION('',(0.707106781187,-0.707106781187,4.199477475706E-17)
  );
#395 = ORIENTED_EDGE('',*,*,#396,.F.);
#396 = EDGE_CURVE('',#349,#389,#397,.T.);
#397 = LINE('',#398,#399);
#398 = CARTESIAN_POINT('',(0.5,0.,0.));
#399 = VECTOR('',#400,1.);
#400 = DIRECTION('',(0.,0.,1.));
#401 = PLANE('',#402);
#402 = AXIS2_PLACEMENT_3D('',#403,#404,#405);
#403 = CARTESIAN_POINT('',(0.25,0.25,0.));
#404 = DIRECTION('',(-0.707106781187,-0.707106781187,-1.889513820523E-18
    ));
#405 = DIRECTION('',(1.336088035637E-18,1.336088035637E-18,-1.));
#406 = ADVANCED_FACE('',(#407),#432,.F.);
#407 = FACE_BOUND('',#408,.F.);
#408 = EDGE_LOOP('',(#409,#419,#425,#426));
#409 = ORIENTED_EDGE('',*,*,#410,.F.);
#410 = EDGE_CURVE('',#411,#413,#415,.T.);
#411 = VERTEX_POINT('',#412);
#412 = CARTESIAN_POINT('',(0.5,0.5,30.));
#413 = VERTEX_POINT('',#414);
#414 = CARTESIAN_POINT('',(0.5,5.898337950139,30.));
#415 = LINE('',#416,#417);
#416 = CARTESIAN_POINT('',(0.5,0.,30.));
#417 = VECTOR('',#418,1.);
#418 = DIRECTION('',(-0.,1.,0.));
#419 = ORIENTED_EDGE('',*,*,#420,.T.);
#420 = EDGE_CURVE('',#411,#206,#421,.T.);
#421 = LINE('',#422,#423);
#422 = CARTESIAN_POINT('',(0.375,0.5,29.875));
#423 = VECTOR('',#424,1.);
#424 = DIRECTION('',(-0.707106781187,1.49637537435E-15,-0.707106781187)
  );
#425 = ORIENTED_EDGE('',*,*,#205,.T.);
#426 = ORIENTED_EDGE('',*,*,#427,.F.);
#427 = EDGE_CURVE('',#413,#198,#428,.T.);
#428 = LINE('',#429,#430);
#429 = CARTESIAN_POINT('',(-1.147193860174,5.624566117423,
    28.352806139826));
#430 = VECTOR('',#431,1.);
#431 = DIRECTION('',(-0.702273495483,-0.11672135659,-0.702273495483));
#432 = PLANE('',#433);
#433 = AXIS2_PLACEMENT_3D('',#434,#435,#436);
#434 = CARTESIAN_POINT('',(0.25,0.,29.75));
#435 = DIRECTION('',(0.707106781187,1.889513820523E-18,-0.707106781187)
  );
#436 = DIRECTION('',(-1.336088035637E-18,1.,1.336088035637E-18));
#437 = ADVANCED_FACE('',(#438),#472,.F.);
#438 = FACE_BOUND('',#439,.F.);
#439 = EDGE_LOOP('',(#440,#441,#449,#457,#465,#471));
#440 = ORIENTED_EDGE('',*,*,#197,.T.);
#441 = ORIENTED_EDGE('',*,*,#442,.T.);
#442 = EDGE_CURVE('',#190,#443,#445,.T.);
#443 = VERTEX_POINT('',#444);
#444 = CARTESIAN_POINT('',(60.,5.3,26.4));
#445 = LINE('',#446,#447);
#446 = CARTESIAN_POINT('',(-1.,5.3,26.4));
#447 = VECTOR('',#448,1.);
#448 = DIRECTION('',(1.,0.,0.));
#449 = ORIENTED_EDGE('',*,*,#450,.F.);
#450 = EDGE_CURVE('',#451,#443,#453,.T.);
#451 = VERTEX_POINT('',#452);
#452 = CARTESIAN_POINT('',(60.,5.815235457064,29.5));
#453 = LINE('',#454,#455);
#454 = CARTESIAN_POINT('',(60.,3.093833678064,13.126232629685));
#455 = VECTOR('',#456,1.);
#456 = DIRECTION('',(0.,-0.163955846806,-0.986467678284));
#457 = ORIENTED_EDGE('',*,*,#458,.F.);
#458 = EDGE_CURVE('',#459,#451,#461,.T.);
#459 = VERTEX_POINT('',#460);
#460 = CARTESIAN_POINT('',(59.5,5.898337950139,30.));
#461 = LINE('',#462,#463);
#462 = CARTESIAN_POINT('',(45.858363923979,8.165645885211,
    43.641636076021));
#463 = VECTOR('',#464,1.);
#464 = DIRECTION('',(0.702273495483,-0.11672135659,-0.702273495483));
#465 = ORIENTED_EDGE('',*,*,#466,.F.);
#466 = EDGE_CURVE('',#413,#459,#467,.T.);
#467 = LINE('',#468,#469);
#468 = CARTESIAN_POINT('',(-0.5,5.898337950139,30.));
#469 = VECTOR('',#470,1.);
#470 = DIRECTION('',(1.,0.,-0.));
#471 = ORIENTED_EDGE('',*,*,#427,.T.);
#472 = PLANE('',#473);
#473 = AXIS2_PLACEMENT_3D('',#474,#475,#476);
#474 = CARTESIAN_POINT('',(-1.,5.3,26.4));
#475 = DIRECTION('',(0.,-0.986467678284,0.163955846806));
#476 = DIRECTION('',(0.,0.163955846806,0.986467678284));
#477 = ADVANCED_FACE('',(#478),#496,.F.);
#478 = FACE_BOUND('',#479,.F.);
#479 = EDGE_LOOP('',(#480,#481,#489,#495));
#480 = ORIENTED_EDGE('',*,*,#189,.T.);
#481 = ORIENTED_EDGE('',*,*,#482,.T.);
#482 = EDGE_CURVE('',#182,#483,#485,.T.);
#483 = VERTEX_POINT('',#484);
#484 = CARTESIAN_POINT('',(60.,9.7,26.4));
#485 = LINE('',#486,#487);
#486 = CARTESIAN_POINT('',(-1.,9.7,26.4));
#487 = VECTOR('',#488,1.);
#488 = DIRECTION('',(1.,0.,0.));
#489 = ORIENTED_EDGE('',*,*,#490,.F.);
#490 = EDGE_CURVE('',#443,#483,#491,.T.);
#491 = LINE('',#492,#493);
#492 = CARTESIAN_POINT('',(60.,4.85,26.4));
#493 = VECTOR('',#494,1.);
#494 = DIRECTION('',(0.,1.,0.));
#495 = ORIENTED_EDGE('',*,*,#442,.F.);
#496 = PLANE('',#497);
#497 = AXIS2_PLACEMENT_3D('',#498,#499,#500);
#498 = CARTESIAN_POINT('',(-1.,9.7,26.4));
#499 = DIRECTION('',(0.,0.,-1.));
#500 = DIRECTION('',(0.,-1.,0.));
#501 = ADVANCED_FACE('',(#502),#536,.F.);
#502 = FACE_BOUND('',#503,.F.);
#503 = EDGE_LOOP('',(#504,#505,#506,#514,#522,#530));
#504 = ORIENTED_EDGE('',*,*,#482,.F.);
#505 = ORIENTED_EDGE('',*,*,#181,.T.);
#506 = ORIENTED_EDGE('',*,*,#507,.T.);
#507 = EDGE_CURVE('',#174,#508,#510,.T.);
#508 = VERTEX_POINT('',#509);
#509 = CARTESIAN_POINT('',(0.5,9.101662049861,30.));
#510 = LINE('',#511,#512);
#511 = CARTESIAN_POINT('',(0.382379050265,9.121211238183,29.882379050265
    ));
#512 = VECTOR('',#513,1.);
#513 = DIRECTION('',(0.702273495483,-0.11672135659,0.702273495483));
#514 = ORIENTED_EDGE('',*,*,#515,.F.);
#515 = EDGE_CURVE('',#516,#508,#518,.T.);
#516 = VERTEX_POINT('',#517);
#517 = CARTESIAN_POINT('',(59.5,9.101662049861,30.));
#518 = LINE('',#519,#520);
#519 = CARTESIAN_POINT('',(-0.5,9.101662049861,30.));
#520 = VECTOR('',#521,1.);
#521 = DIRECTION('',(-1.,-0.,0.));
#522 = ORIENTED_EDGE('',*,*,#523,.F.);
#523 = EDGE_CURVE('',#524,#516,#526,.T.);
#524 = VERTEX_POINT('',#525);
#525 = CARTESIAN_POINT('',(60.,9.184764542936,29.5));
#526 = LINE('',#527,#528);
#527 = CARTESIAN_POINT('',(44.328791013541,6.580131470395,
    45.171208986459));
#528 = VECTOR('',#529,1.);
#529 = DIRECTION('',(-0.702273495483,-0.11672135659,0.702273495483));
#530 = ORIENTED_EDGE('',*,*,#531,.F.);
#531 = EDGE_CURVE('',#483,#524,#532,.T.);
#532 = LINE('',#533,#534);
#533 = CARTESIAN_POINT('',(60.,11.404554924172,16.144261206234));
#534 = VECTOR('',#535,1.);
#535 = DIRECTION('',(0.,-0.163955846806,0.986467678284));
#536 = PLANE('',#537);
#537 = AXIS2_PLACEMENT_3D('',#538,#539,#540);
#538 = CARTESIAN_POINT('',(-1.,9.1,30.01));
#539 = DIRECTION('',(-0.,0.986467678284,0.163955846806));
#540 = DIRECTION('',(0.,0.163955846806,-0.986467678284));
#541 = ADVANCED_FACE('',(#542),#560,.F.);
#542 = FACE_BOUND('',#543,.F.);
#543 = EDGE_LOOP('',(#544,#552,#553,#554));
#544 = ORIENTED_EDGE('',*,*,#545,.F.);
#545 = EDGE_CURVE('',#508,#546,#548,.T.);
#546 = VERTEX_POINT('',#547);
#547 = CARTESIAN_POINT('',(0.5,20.898337950139,30.));
#548 = LINE('',#549,#550);
#549 = CARTESIAN_POINT('',(0.5,0.,30.));
#550 = VECTOR('',#551,1.);
#551 = DIRECTION('',(-0.,1.,0.));
#552 = ORIENTED_EDGE('',*,*,#507,.F.);
#553 = ORIENTED_EDGE('',*,*,#173,.T.);
#554 = ORIENTED_EDGE('',*,*,#555,.F.);
#555 = EDGE_CURVE('',#546,#166,#556,.T.);
#556 = LINE('',#557,#558);
#557 = CARTESIAN_POINT('',(-1.761971223348,20.522387054291,
    27.738028776652));
#558 = VECTOR('',#559,1.);
#559 = DIRECTION('',(-0.702273495483,-0.11672135659,-0.702273495483));
#560 = PLANE('',#561);
#561 = AXIS2_PLACEMENT_3D('',#562,#563,#564);
#562 = CARTESIAN_POINT('',(0.25,0.,29.75));
#563 = DIRECTION('',(0.707106781187,1.889513820523E-18,-0.707106781187)
  );
#564 = DIRECTION('',(-1.336088035637E-18,1.,1.336088035637E-18));
#565 = ADVANCED_FACE('',(#566),#600,.F.);
#566 = FACE_BOUND('',#567,.F.);
#567 = EDGE_LOOP('',(#568,#569,#577,#585,#593,#599));
#568 = ORIENTED_EDGE('',*,*,#165,.T.);
#569 = ORIENTED_EDGE('',*,*,#570,.T.);
#570 = EDGE_CURVE('',#158,#571,#573,.T.);
#571 = VERTEX_POINT('',#572);
#572 = CARTESIAN_POINT('',(60.,20.3,26.4));
#573 = LINE('',#574,#575);
#574 = CARTESIAN_POINT('',(-1.,20.3,26.4));
#575 = VECTOR('',#576,1.);
#576 = DIRECTION('',(1.,0.,0.));
#577 = ORIENTED_EDGE('',*,*,#578,.F.);
#578 = EDGE_CURVE('',#579,#571,#581,.T.);
#579 = VERTEX_POINT('',#580);
#580 = CARTESIAN_POINT('',(60.,20.815235457064,29.5));
#581 = LINE('',#582,#583);
#582 = CARTESIAN_POINT('',(60.,17.8922222803,11.913204053136));
#583 = VECTOR('',#584,1.);
#584 = DIRECTION('',(0.,-0.163955846806,-0.986467678284));
#585 = ORIENTED_EDGE('',*,*,#586,.F.);
#586 = EDGE_CURVE('',#587,#579,#589,.T.);
#587 = VERTEX_POINT('',#588);
#588 = CARTESIAN_POINT('',(59.5,20.898337950139,30.));
#589 = LINE('',#590,#591);
#590 = CARTESIAN_POINT('',(46.473141287153,23.06346682208,
    43.026858712847));
#591 = VECTOR('',#592,1.);
#592 = DIRECTION('',(0.702273495483,-0.11672135659,-0.702273495483));
#593 = ORIENTED_EDGE('',*,*,#594,.F.);
#594 = EDGE_CURVE('',#546,#587,#595,.T.);
#595 = LINE('',#596,#597);
#596 = CARTESIAN_POINT('',(-0.5,20.898337950139,30.));
#597 = VECTOR('',#598,1.);
#598 = DIRECTION('',(1.,0.,-0.));
#599 = ORIENTED_EDGE('',*,*,#555,.T.);
#600 = PLANE('',#601);
#601 = AXIS2_PLACEMENT_3D('',#602,#603,#604);
#602 = CARTESIAN_POINT('',(-1.,20.3,26.4));
#603 = DIRECTION('',(0.,-0.986467678284,0.163955846806));
#604 = DIRECTION('',(0.,0.163955846806,0.986467678284));
#605 = ADVANCED_FACE('',(#606),#624,.F.);
#606 = FACE_BOUND('',#607,.F.);
#607 = EDGE_LOOP('',(#608,#609,#617,#623));
#608 = ORIENTED_EDGE('',*,*,#157,.T.);
#609 = ORIENTED_EDGE('',*,*,#610,.T.);
#610 = EDGE_CURVE('',#150,#611,#613,.T.);
#611 = VERTEX_POINT('',#612);
#612 = CARTESIAN_POINT('',(60.,24.7,26.4));
#613 = LINE('',#614,#615);
#614 = CARTESIAN_POINT('',(-1.,24.7,26.4));
#615 = VECTOR('',#616,1.);
#616 = DIRECTION('',(1.,0.,0.));
#617 = ORIENTED_EDGE('',*,*,#618,.F.);
#618 = EDGE_CURVE('',#571,#611,#619,.T.);
#619 = LINE('',#620,#621);
#620 = CARTESIAN_POINT('',(60.,12.35,26.4));
#621 = VECTOR('',#622,1.);
#622 = DIRECTION('',(0.,1.,0.));
#623 = ORIENTED_EDGE('',*,*,#570,.F.);
#624 = PLANE('',#625);
#625 = AXIS2_PLACEMENT_3D('',#626,#627,#628);
#626 = CARTESIAN_POINT('',(-1.,24.7,26.4));
#627 = DIRECTION('',(0.,0.,-1.));
#628 = DIRECTION('',(0.,-1.,0.));
#629 = ADVANCED_FACE('',(#630),#664,.F.);
#630 = FACE_BOUND('',#631,.F.);
#631 = EDGE_LOOP('',(#632,#633,#634,#642,#650,#658));
#632 = ORIENTED_EDGE('',*,*,#610,.F.);
#633 = ORIENTED_EDGE('',*,*,#149,.T.);
#634 = ORIENTED_EDGE('',*,*,#635,.T.);
#635 = EDGE_CURVE('',#142,#636,#638,.T.);
#636 = VERTEX_POINT('',#637);
#637 = CARTESIAN_POINT('',(0.5,24.101662049861,30.));
#638 = LINE('',#639,#640);
#639 = CARTESIAN_POINT('',(0.997156413439,24.019032175052,
    30.497156413439));
#640 = VECTOR('',#641,1.);
#641 = DIRECTION('',(0.702273495483,-0.11672135659,0.702273495483));
#642 = ORIENTED_EDGE('',*,*,#643,.F.);
#643 = EDGE_CURVE('',#644,#636,#646,.T.);
#644 = VERTEX_POINT('',#645);
#645 = CARTESIAN_POINT('',(59.5,24.101662049861,30.));
#646 = LINE('',#647,#648);
#647 = CARTESIAN_POINT('',(-0.5,24.101662049861,30.));
#648 = VECTOR('',#649,1.);
#649 = DIRECTION('',(-1.,-0.,0.));
#650 = ORIENTED_EDGE('',*,*,#651,.F.);
#651 = EDGE_CURVE('',#652,#644,#654,.T.);
#652 = VERTEX_POINT('',#653);
#653 = CARTESIAN_POINT('',(60.,24.184764542936,29.5));
#654 = LINE('',#655,#656);
#655 = CARTESIAN_POINT('',(43.714013650366,21.477952407263,
    45.785986349634));
#656 = VECTOR('',#657,1.);
#657 = DIRECTION('',(-0.702273495483,-0.11672135659,0.702273495483));
#658 = ORIENTED_EDGE('',*,*,#659,.F.);
#659 = EDGE_CURVE('',#611,#652,#660,.T.);
#660 = LINE('',#661,#662);
#661 = CARTESIAN_POINT('',(60.,26.202943526407,17.357289782782));
#662 = VECTOR('',#663,1.);
#663 = DIRECTION('',(0.,-0.163955846806,0.986467678284));
#664 = PLANE('',#665);
#665 = AXIS2_PLACEMENT_3D('',#666,#667,#668);
#666 = CARTESIAN_POINT('',(-1.,24.1,30.01));
#667 = DIRECTION('',(-0.,0.986467678284,0.163955846806));
#668 = DIRECTION('',(0.,0.163955846806,-0.986467678284));
#669 = ADVANCED_FACE('',(#670),#688,.F.);
#670 = FACE_BOUND('',#671,.F.);
#671 = EDGE_LOOP('',(#672,#680,#681,#682));
#672 = ORIENTED_EDGE('',*,*,#673,.F.);
#673 = EDGE_CURVE('',#636,#674,#676,.T.);
#674 = VERTEX_POINT('',#675);
#675 = CARTESIAN_POINT('',(0.5,29.5,30.));
#676 = LINE('',#677,#678);
#677 = CARTESIAN_POINT('',(0.5,0.,30.));
#678 = VECTOR('',#679,1.);
#679 = DIRECTION('',(-0.,1.,0.));
#680 = ORIENTED_EDGE('',*,*,#635,.F.);
#681 = ORIENTED_EDGE('',*,*,#141,.T.);
#682 = ORIENTED_EDGE('',*,*,#683,.T.);
#683 = EDGE_CURVE('',#134,#674,#684,.T.);
#684 = LINE('',#685,#686);
#685 = CARTESIAN_POINT('',(0.25,29.5,29.75));
#686 = VECTOR('',#687,1.);
#687 = DIRECTION('',(0.707106781187,4.630610309545E-15,0.707106781187));
#688 = PLANE('',#689);
#689 = AXIS2_PLACEMENT_3D('',#690,#691,#692);
#690 = CARTESIAN_POINT('',(0.25,0.,29.75));
#691 = DIRECTION('',(0.707106781187,1.889513820523E-18,-0.707106781187)
  );
#692 = DIRECTION('',(-1.336088035637E-18,1.,1.336088035637E-18));
#693 = ADVANCED_FACE('',(#694),#719,.F.);
#694 = FACE_BOUND('',#695,.T.);
#695 = EDGE_LOOP('',(#696,#704,#705,#713));
#696 = ORIENTED_EDGE('',*,*,#697,.F.);
#697 = EDGE_CURVE('',#126,#698,#700,.T.);
#698 = VERTEX_POINT('',#699);
#699 = CARTESIAN_POINT('',(0.5,30.,16.601662049861));
#700 = LINE('',#701,#702);
#701 = CARTESIAN_POINT('',(-0.225027815412,29.274972184588,
    16.72216528788));
#702 = VECTOR('',#703,1.);
#703 = DIRECTION('',(0.702273495483,0.702273495483,-0.11672135659));
#704 = ORIENTED_EDGE('',*,*,#133,.T.);
#705 = ORIENTED_EDGE('',*,*,#706,.F.);
#706 = EDGE_CURVE('',#707,#134,#709,.T.);
#707 = VERTEX_POINT('',#708);
#708 = CARTESIAN_POINT('',(0.5,30.,29.5));
#709 = LINE('',#710,#711);
#710 = CARTESIAN_POINT('',(0.375,29.875,29.5));
#711 = VECTOR('',#712,1.);
#712 = DIRECTION('',(-0.707106781187,-0.707106781187,-8.142939870839E-15
    ));
#713 = ORIENTED_EDGE('',*,*,#714,.F.);
#714 = EDGE_CURVE('',#698,#707,#715,.T.);
#715 = LINE('',#716,#717);
#716 = CARTESIAN_POINT('',(0.5,30.,0.));
#717 = VECTOR('',#718,1.);
#718 = DIRECTION('',(0.,0.,1.));
#719 = PLANE('',#720);
#720 = AXIS2_PLACEMENT_3D('',#721,#722,#723);
#721 = CARTESIAN_POINT('',(0.25,29.75,0.));
#722 = DIRECTION('',(0.707106781187,-0.707106781187,1.889513820523E-18)
  );
#723 = DIRECTION('',(1.336088035637E-18,-1.336088035637E-18,-1.));
#724 = ADVANCED_FACE('',(#725),#759,.F.);
#725 = FACE_BOUND('',#726,.F.);
#726 = EDGE_LOOP('',(#727,#728,#736,#744,#752,#758));
#727 = ORIENTED_EDGE('',*,*,#125,.T.);
#728 = ORIENTED_EDGE('',*,*,#729,.T.);
#729 = EDGE_CURVE('',#118,#730,#732,.T.);
#730 = VERTEX_POINT('',#731);
#731 = CARTESIAN_POINT('',(60.,26.4,17.2));
#732 = LINE('',#733,#734);
#733 = CARTESIAN_POINT('',(-1.,26.4,17.2));
#734 = VECTOR('',#735,1.);
#735 = DIRECTION('',(1.,0.,0.));
#736 = ORIENTED_EDGE('',*,*,#737,.F.);
#737 = EDGE_CURVE('',#738,#730,#740,.T.);
#738 = VERTEX_POINT('',#739);
#739 = CARTESIAN_POINT('',(60.,29.5,16.684764542936));
#740 = LINE('',#741,#742);
#741 = CARTESIAN_POINT('',(60.,14.945775494508,19.10374922529));
#742 = VECTOR('',#743,1.);
#743 = DIRECTION('',(0.,-0.986467678284,0.163955846806));
#744 = ORIENTED_EDGE('',*,*,#745,.T.);
#745 = EDGE_CURVE('',#738,#746,#748,.T.);
#746 = VERTEX_POINT('',#747);
#747 = CARTESIAN_POINT('',(59.5,30.,16.601662049861));
#748 = LINE('',#749,#750);
#749 = CARTESIAN_POINT('',(44.936197879217,44.563802120783,
    14.181085520091));
#750 = VECTOR('',#751,1.);
#751 = DIRECTION('',(-0.702273495483,0.702273495483,-0.11672135659));
#752 = ORIENTED_EDGE('',*,*,#753,.F.);
#753 = EDGE_CURVE('',#698,#746,#754,.T.);
#754 = LINE('',#755,#756);
#755 = CARTESIAN_POINT('',(-0.5,30.,16.601662049861));
#756 = VECTOR('',#757,1.);
#757 = DIRECTION('',(1.,0.,-0.));
#758 = ORIENTED_EDGE('',*,*,#697,.F.);
#759 = PLANE('',#760);
#760 = AXIS2_PLACEMENT_3D('',#761,#762,#763);
#761 = CARTESIAN_POINT('',(-1.,26.4,17.2));
#762 = DIRECTION('',(0.,0.163955846806,0.986467678284));
#763 = DIRECTION('',(0.,0.986467678284,-0.163955846806));
#764 = ADVANCED_FACE('',(#765),#783,.F.);
#765 = FACE_BOUND('',#766,.F.);
#766 = EDGE_LOOP('',(#767,#768,#776,#782));
#767 = ORIENTED_EDGE('',*,*,#117,.T.);
#768 = ORIENTED_EDGE('',*,*,#769,.T.);
#769 = EDGE_CURVE('',#110,#770,#772,.T.);
#770 = VERTEX_POINT('',#771);
#771 = CARTESIAN_POINT('',(60.,26.4,12.8));
#772 = LINE('',#773,#774);
#773 = CARTESIAN_POINT('',(-1.,26.4,12.8));
#774 = VECTOR('',#775,1.);
#775 = DIRECTION('',(1.,0.,0.));
#776 = ORIENTED_EDGE('',*,*,#777,.F.);
#777 = EDGE_CURVE('',#730,#770,#778,.T.);
#778 = LINE('',#779,#780);
#779 = CARTESIAN_POINT('',(60.,26.4,6.4));
#780 = VECTOR('',#781,1.);
#781 = DIRECTION('',(-0.,1.110223024625E-16,-1.));
#782 = ORIENTED_EDGE('',*,*,#729,.F.);
#783 = PLANE('',#784);
#784 = AXIS2_PLACEMENT_3D('',#785,#786,#787);
#785 = CARTESIAN_POINT('',(-1.,26.4,12.8));
#786 = DIRECTION('',(0.,-1.,-1.110223024625E-16));
#787 = DIRECTION('',(0.,-1.110223024625E-16,1.));
#788 = ADVANCED_FACE('',(#789),#823,.F.);
#789 = FACE_BOUND('',#790,.F.);
#790 = EDGE_LOOP('',(#791,#792,#793,#801,#809,#817));
#791 = ORIENTED_EDGE('',*,*,#769,.F.);
#792 = ORIENTED_EDGE('',*,*,#109,.T.);
#793 = ORIENTED_EDGE('',*,*,#794,.F.);
#794 = EDGE_CURVE('',#795,#102,#797,.T.);
#795 = VERTEX_POINT('',#796);
#796 = CARTESIAN_POINT('',(0.5,30.,13.398337950139));
#797 = LINE('',#798,#799);
#798 = CARTESIAN_POINT('',(-0.539786994497,28.960213005503,
    13.22552016712));
#799 = VECTOR('',#800,1.);
#800 = DIRECTION('',(-0.702273495483,-0.702273495483,-0.11672135659));
#801 = ORIENTED_EDGE('',*,*,#802,.F.);
#802 = EDGE_CURVE('',#803,#795,#805,.T.);
#803 = VERTEX_POINT('',#804);
#804 = CARTESIAN_POINT('',(59.5,30.,13.398337950139));
#805 = LINE('',#806,#807);
#806 = CARTESIAN_POINT('',(-0.5,30.,13.398337950139));
#807 = VECTOR('',#808,1.);
#808 = DIRECTION('',(-1.,0.,-0.));
#809 = ORIENTED_EDGE('',*,*,#810,.T.);
#810 = EDGE_CURVE('',#803,#811,#813,.T.);
#811 = VERTEX_POINT('',#812);
#812 = CARTESIAN_POINT('',(60.,29.5,13.315235457064));
#813 = LINE('',#814,#815);
#814 = CARTESIAN_POINT('',(45.250957058303,44.249042941697,
    15.766599934908));
#815 = VECTOR('',#816,1.);
#816 = DIRECTION('',(0.702273495483,-0.702273495483,-0.11672135659));
#817 = ORIENTED_EDGE('',*,*,#818,.F.);
#818 = EDGE_CURVE('',#770,#811,#819,.T.);
#819 = LINE('',#820,#821);
#820 = CARTESIAN_POINT('',(60.,14.32471834141,10.793027979182));
#821 = VECTOR('',#822,1.);
#822 = DIRECTION('',(0.,0.986467678284,0.163955846806));
#823 = PLANE('',#824);
#824 = AXIS2_PLACEMENT_3D('',#825,#826,#827);
#825 = CARTESIAN_POINT('',(-1.,30.01,13.4));
#826 = DIRECTION('',(0.,0.163955846806,-0.986467678284));
#827 = DIRECTION('',(0.,-0.986467678284,-0.163955846806));
#828 = ADVANCED_FACE('',(#829),#847,.F.);
#829 = FACE_BOUND('',#830,.T.);
#830 = EDGE_LOOP('',(#831,#839,#840,#841));
#831 = ORIENTED_EDGE('',*,*,#832,.F.);
#832 = EDGE_CURVE('',#94,#833,#835,.T.);
#833 = VERTEX_POINT('',#834);
#834 = CARTESIAN_POINT('',(0.5,30.,0.5));
#835 = LINE('',#836,#837);
#836 = CARTESIAN_POINT('',(0.25,29.75,0.5));
#837 = VECTOR('',#838,1.);
#838 = DIRECTION('',(0.707106781187,0.707106781187,-6.939673023442E-15)
  );
#839 = ORIENTED_EDGE('',*,*,#101,.T.);
#840 = ORIENTED_EDGE('',*,*,#794,.F.);
#841 = ORIENTED_EDGE('',*,*,#842,.F.);
#842 = EDGE_CURVE('',#833,#795,#843,.T.);
#843 = LINE('',#844,#845);
#844 = CARTESIAN_POINT('',(0.5,30.,0.));
#845 = VECTOR('',#846,1.);
#846 = DIRECTION('',(0.,0.,1.));
#847 = PLANE('',#848);
#848 = AXIS2_PLACEMENT_3D('',#849,#850,#851);
#849 = CARTESIAN_POINT('',(0.25,29.75,0.));
#850 = DIRECTION('',(0.707106781187,-0.707106781187,1.889513820523E-18)
  );
#851 = DIRECTION('',(1.336088035637E-18,-1.336088035637E-18,-1.));
#852 = ADVANCED_FACE('',(#853),#878,.T.);
#853 = FACE_BOUND('',#854,.T.);
#854 = EDGE_LOOP('',(#855,#865,#871,#872));
#855 = ORIENTED_EDGE('',*,*,#856,.F.);
#856 = EDGE_CURVE('',#857,#859,#861,.T.);
#857 = VERTEX_POINT('',#858);
#858 = CARTESIAN_POINT('',(0.5,16.601662049861,0.));
#859 = VERTEX_POINT('',#860);
#860 = CARTESIAN_POINT('',(0.5,29.5,-1.074753193928E-15));
#861 = LINE('',#862,#863);
#862 = CARTESIAN_POINT('',(0.5,0.,0.));
#863 = VECTOR('',#864,1.);
#864 = DIRECTION('',(-0.,1.,0.));
#865 = ORIENTED_EDGE('',*,*,#866,.F.);
#866 = EDGE_CURVE('',#86,#857,#867,.T.);
#867 = LINE('',#868,#869);
#868 = CARTESIAN_POINT('',(-0.225027815412,16.72216528788,0.725027815412
    ));
#869 = VECTOR('',#870,1.);
#870 = DIRECTION('',(0.702273495483,-0.11672135659,-0.702273495483));
#871 = ORIENTED_EDGE('',*,*,#93,.T.);
#872 = ORIENTED_EDGE('',*,*,#873,.F.);
#873 = EDGE_CURVE('',#859,#94,#874,.T.);
#874 = LINE('',#875,#876);
#875 = CARTESIAN_POINT('',(0.375,29.5,0.125));
#876 = VECTOR('',#877,1.);
#877 = DIRECTION('',(-0.707106781187,4.999250338591E-18,0.707106781187)
  );
#878 = PLANE('',#879);
#879 = AXIS2_PLACEMENT_3D('',#880,#881,#882);
#880 = CARTESIAN_POINT('',(0.25,0.,0.25));
#881 = DIRECTION('',(-0.707106781187,-1.889513820523E-18,-0.707106781187
    ));
#882 = DIRECTION('',(-1.336088035637E-18,1.,-1.336088035637E-18));
#883 = ADVANCED_FACE('',(#884),#934,.F.);
#884 = FACE_BOUND('',#885,.F.);
#885 = EDGE_LOOP('',(#886,#887,#888,#896,#904,#912,#920,#928));
#886 = ORIENTED_EDGE('',*,*,#866,.F.);
#887 = ORIENTED_EDGE('',*,*,#85,.T.);
#888 = ORIENTED_EDGE('',*,*,#889,.T.);
#889 = EDGE_CURVE('',#78,#890,#892,.T.);
#890 = VERTEX_POINT('',#891);
#891 = CARTESIAN_POINT('',(56.,17.2,3.6));
#892 = LINE('',#893,#894);
#893 = CARTESIAN_POINT('',(-1.,17.2,3.6));
#894 = VECTOR('',#895,1.);
#895 = DIRECTION('',(1.,0.,0.));
#896 = ORIENTED_EDGE('',*,*,#897,.T.);
#897 = EDGE_CURVE('',#890,#898,#900,.T.);
#898 = VERTEX_POINT('',#899);
#899 = CARTESIAN_POINT('',(56.,17.10027700831,3.));
#900 = LINE('',#901,#902);
#901 = CARTESIAN_POINT('',(56.,17.052017234041,2.709637024813));
#902 = VECTOR('',#903,1.);
#903 = DIRECTION('',(0.,-0.163955846806,-0.986467678284));
#904 = ORIENTED_EDGE('',*,*,#905,.T.);
#905 = EDGE_CURVE('',#898,#906,#908,.T.);
#906 = VERTEX_POINT('',#907);
#907 = CARTESIAN_POINT('',(60.,17.10027700831,3.));
#908 = LINE('',#909,#910);
#909 = CARTESIAN_POINT('',(27.5,17.10027700831,3.));
#910 = VECTOR('',#911,1.);
#911 = DIRECTION('',(1.,-0.,0.));
#912 = ORIENTED_EDGE('',*,*,#913,.F.);
#913 = EDGE_CURVE('',#914,#906,#916,.T.);
#914 = VERTEX_POINT('',#915);
#915 = CARTESIAN_POINT('',(60.,16.684764542936,0.5));
#916 = LINE('',#917,#918);
#917 = CARTESIAN_POINT('',(60.,16.677692072192,0.457447301021));
#918 = VECTOR('',#919,1.);
#919 = DIRECTION('',(0.,0.163955846806,0.986467678284));
#920 = ORIENTED_EDGE('',*,*,#921,.T.);
#921 = EDGE_CURVE('',#914,#922,#924,.T.);
#922 = VERTEX_POINT('',#923);
#923 = CARTESIAN_POINT('',(59.5,16.601662049861,0.));
#924 = LINE('',#925,#926);
#925 = CARTESIAN_POINT('',(44.936197879217,14.181085520091,
    -14.56380212078));
#926 = VECTOR('',#927,1.);
#927 = DIRECTION('',(-0.702273495483,-0.11672135659,-0.702273495483));
#928 = ORIENTED_EDGE('',*,*,#929,.T.);
#929 = EDGE_CURVE('',#922,#857,#930,.T.);
#930 = LINE('',#931,#932);
#931 = CARTESIAN_POINT('',(-0.5,16.601662049861,-4.309211562864E-16));
#932 = VECTOR('',#933,1.);
#933 = DIRECTION('',(-1.,0.,0.));
#934 = PLANE('',#935);
#935 = AXIS2_PLACEMENT_3D('',#936,#937,#938);
#936 = CARTESIAN_POINT('',(-1.,17.2,3.6));
#937 = DIRECTION('',(0.,0.986467678284,-0.163955846806));
#938 = DIRECTION('',(0.,-0.163955846806,-0.986467678284));
#939 = ADVANCED_FACE('',(#940),#958,.F.);
#940 = FACE_BOUND('',#941,.F.);
#941 = EDGE_LOOP('',(#942,#943,#944,#952));
#942 = ORIENTED_EDGE('',*,*,#889,.F.);
#943 = ORIENTED_EDGE('',*,*,#77,.T.);
#944 = ORIENTED_EDGE('',*,*,#945,.T.);
#945 = EDGE_CURVE('',#70,#946,#948,.T.);
#946 = VERTEX_POINT('',#947);
#947 = CARTESIAN_POINT('',(56.,12.8,3.6));
#948 = LINE('',#949,#950);
#949 = CARTESIAN_POINT('',(-1.,12.8,3.6));
#950 = VECTOR('',#951,1.);
#951 = DIRECTION('',(1.,0.,0.));
#952 = ORIENTED_EDGE('',*,*,#953,.T.);
#953 = EDGE_CURVE('',#946,#890,#954,.T.);
#954 = LINE('',#955,#956);
#955 = CARTESIAN_POINT('',(56.,11.3,3.6));
#956 = VECTOR('',#957,1.);
#957 = DIRECTION('',(-0.,1.,-1.224646799147E-16));
#958 = PLANE('',#959);
#959 = AXIS2_PLACEMENT_3D('',#960,#961,#962);
#960 = CARTESIAN_POINT('',(-1.,12.8,3.6));
#961 = DIRECTION('',(0.,1.224646799147E-16,1.));
#962 = DIRECTION('',(0.,1.,-1.224646799147E-16));
#963 = ADVANCED_FACE('',(#964),#1014,.F.);
#964 = FACE_BOUND('',#965,.F.);
#965 = EDGE_LOOP('',(#966,#967,#968,#976,#984,#992,#1000,#1008));
#966 = ORIENTED_EDGE('',*,*,#945,.F.);
#967 = ORIENTED_EDGE('',*,*,#69,.T.);
#968 = ORIENTED_EDGE('',*,*,#969,.F.);
#969 = EDGE_CURVE('',#970,#62,#972,.T.);
#970 = VERTEX_POINT('',#971);
#971 = CARTESIAN_POINT('',(0.5,13.398337950138,0.));
#972 = LINE('',#973,#974);
#973 = CARTESIAN_POINT('',(-0.539786994497,13.22552016712,1.039786994497
    ));
#974 = VECTOR('',#975,1.);
#975 = DIRECTION('',(-0.702273495483,-0.11672135659,0.702273495483));
#976 = ORIENTED_EDGE('',*,*,#977,.T.);
#977 = EDGE_CURVE('',#970,#978,#980,.T.);
#978 = VERTEX_POINT('',#979);
#979 = CARTESIAN_POINT('',(59.5,13.398337950138,0.));
#980 = LINE('',#981,#982);
#981 = CARTESIAN_POINT('',(-0.5,13.398337950138,-1.628984103857E-19));
#982 = VECTOR('',#983,1.);
#983 = DIRECTION('',(1.,0.,-0.));
#984 = ORIENTED_EDGE('',*,*,#985,.T.);
#985 = EDGE_CURVE('',#978,#986,#988,.T.);
#986 = VERTEX_POINT('',#987);
#987 = CARTESIAN_POINT('',(60.,13.315235457064,0.5));
#988 = LINE('',#989,#990);
#989 = CARTESIAN_POINT('',(45.250957058303,15.766599934908,
    -14.24904294169));
#990 = VECTOR('',#991,1.);
#991 = DIRECTION('',(0.702273495483,-0.11672135659,0.702273495483));
#992 = ORIENTED_EDGE('',*,*,#993,.F.);
#993 = EDGE_CURVE('',#994,#986,#996,.T.);
#994 = VERTEX_POINT('',#995);
#995 = CARTESIAN_POINT('',(60.,12.89972299169,3.));
#996 = LINE('',#997,#998);
#997 = CARTESIAN_POINT('',(60.,13.219085132279,1.078504454118));
#998 = VECTOR('',#999,1.);
#999 = DIRECTION('',(-0.,0.163955846806,-0.986467678284));
#1000 = ORIENTED_EDGE('',*,*,#1001,.T.);
#1001 = EDGE_CURVE('',#994,#1002,#1004,.T.);
#1002 = VERTEX_POINT('',#1003);
#1003 = CARTESIAN_POINT('',(56.,12.89972299169,3.));
#1004 = LINE('',#1005,#1006);
#1005 = CARTESIAN_POINT('',(27.5,12.89972299169,3.));
#1006 = VECTOR('',#1007,1.);
#1007 = DIRECTION('',(-1.,-0.,0.));
#1008 = ORIENTED_EDGE('',*,*,#1009,.T.);
#1009 = EDGE_CURVE('',#1002,#946,#1010,.T.);
#1010 = LINE('',#1011,#1012);
#1011 = CARTESIAN_POINT('',(56.,13.108198863509,1.74567017122));
#1012 = VECTOR('',#1013,1.);
#1013 = DIRECTION('',(0.,-0.163955846806,0.986467678284));
#1014 = PLANE('',#1015);
#1015 = AXIS2_PLACEMENT_3D('',#1016,#1017,#1018);
#1016 = CARTESIAN_POINT('',(-1.,13.4,-9.999999999998E-03));
#1017 = DIRECTION('',(0.,-0.986467678284,-0.163955846806));
#1018 = DIRECTION('',(0.,-0.163955846806,0.986467678284));
#1019 = ADVANCED_FACE('',(#1020),#1038,.T.);
#1020 = FACE_BOUND('',#1021,.T.);
#1021 = EDGE_LOOP('',(#1022,#1030,#1036,#1037));
#1022 = ORIENTED_EDGE('',*,*,#1023,.F.);
#1023 = EDGE_CURVE('',#1024,#970,#1026,.T.);
#1024 = VERTEX_POINT('',#1025);
#1025 = CARTESIAN_POINT('',(0.5,0.5,-5.551115123126E-17));
#1026 = LINE('',#1027,#1028);
#1027 = CARTESIAN_POINT('',(0.5,0.,0.));
#1028 = VECTOR('',#1029,1.);
#1029 = DIRECTION('',(-0.,1.,0.));
#1030 = ORIENTED_EDGE('',*,*,#1031,.T.);
#1031 = EDGE_CURVE('',#1024,#52,#1032,.T.);
#1032 = LINE('',#1033,#1034);
#1033 = CARTESIAN_POINT('',(0.375,0.5,0.125));
#1034 = VECTOR('',#1035,1.);
#1035 = DIRECTION('',(-0.707106781187,3.082391018568E-17,0.707106781187)
  );
#1036 = ORIENTED_EDGE('',*,*,#61,.T.);
#1037 = ORIENTED_EDGE('',*,*,#969,.F.);
#1038 = PLANE('',#1039);
#1039 = AXIS2_PLACEMENT_3D('',#1040,#1041,#1042);
#1040 = CARTESIAN_POINT('',(0.25,0.,0.25));
#1041 = DIRECTION('',(-0.707106781187,-1.889513820523E-18,
    -0.707106781187));
#1042 = DIRECTION('',(-1.336088035637E-18,1.,-1.336088035637E-18));
#1043 = ADVANCED_FACE('',(#1044),#1054,.T.);
#1044 = FACE_BOUND('',#1045,.T.);
#1045 = EDGE_LOOP('',(#1046,#1047,#1053));
#1046 = ORIENTED_EDGE('',*,*,#1031,.F.);
#1047 = ORIENTED_EDGE('',*,*,#1048,.T.);
#1048 = EDGE_CURVE('',#1024,#252,#1049,.T.);
#1049 = LINE('',#1050,#1051);
#1050 = CARTESIAN_POINT('',(0.5,0.375,0.125));
#1051 = VECTOR('',#1052,1.);
#1052 = DIRECTION('',(-3.082391018568E-17,-0.707106781187,0.707106781187
    ));
#1053 = ORIENTED_EDGE('',*,*,#251,.F.);
#1054 = PLANE('',#1055);
#1055 = AXIS2_PLACEMENT_3D('',#1056,#1057,#1058);
#1056 = CARTESIAN_POINT('',(0.5,0.5,-5.551115123126E-17));
#1057 = DIRECTION('',(-0.57735026919,-0.57735026919,-0.57735026919));
#1058 = DIRECTION('',(0.707106781187,-0.707106781187,-6.803361091336E-18
    ));
#1059 = ADVANCED_FACE('',(#1060),#1078,.F.);
#1060 = FACE_BOUND('',#1061,.F.);
#1061 = EDGE_LOOP('',(#1062,#1070,#1071,#1072));
#1062 = ORIENTED_EDGE('',*,*,#1063,.F.);
#1063 = EDGE_CURVE('',#252,#1064,#1066,.T.);
#1064 = VERTEX_POINT('',#1065);
#1065 = CARTESIAN_POINT('',(59.5,1.443289932013E-15,0.5));
#1066 = LINE('',#1067,#1068);
#1067 = CARTESIAN_POINT('',(0.,0.,0.5));
#1068 = VECTOR('',#1069,1.);
#1069 = DIRECTION('',(1.,0.,-0.));
#1070 = ORIENTED_EDGE('',*,*,#268,.T.);
#1071 = ORIENTED_EDGE('',*,*,#307,.F.);
#1072 = ORIENTED_EDGE('',*,*,#1073,.F.);
#1073 = EDGE_CURVE('',#1064,#300,#1074,.T.);
#1074 = LINE('',#1075,#1076);
#1075 = CARTESIAN_POINT('',(59.5,0.,0.));
#1076 = VECTOR('',#1077,1.);
#1077 = DIRECTION('',(0.,0.,1.));
#1078 = PLANE('',#1079);
#1079 = AXIS2_PLACEMENT_3D('',#1080,#1081,#1082);
#1080 = CARTESIAN_POINT('',(0.,0.,0.));
#1081 = DIRECTION('',(-0.,1.,0.));
#1082 = DIRECTION('',(0.,0.,1.));
#1083 = ADVANCED_FACE('',(#1084),#1102,.F.);
#1084 = FACE_BOUND('',#1085,.T.);
#1085 = EDGE_LOOP('',(#1086,#1094,#1100,#1101));
#1086 = ORIENTED_EDGE('',*,*,#1087,.F.);
#1087 = EDGE_CURVE('',#1088,#1064,#1090,.T.);
#1088 = VERTEX_POINT('',#1089);
#1089 = CARTESIAN_POINT('',(60.,0.5,0.5));
#1090 = LINE('',#1091,#1092);
#1091 = CARTESIAN_POINT('',(59.75,0.25,0.5));
#1092 = VECTOR('',#1093,1.);
#1093 = DIRECTION('',(-0.707106781187,-0.707106781187,
    -3.500497273434E-15));
#1094 = ORIENTED_EDGE('',*,*,#1095,.T.);
#1095 = EDGE_CURVE('',#1088,#292,#1096,.T.);
#1096 = LINE('',#1097,#1098);
#1097 = CARTESIAN_POINT('',(60.,0.5,0.));
#1098 = VECTOR('',#1099,1.);
#1099 = DIRECTION('',(0.,0.,1.));
#1100 = ORIENTED_EDGE('',*,*,#299,.F.);
#1101 = ORIENTED_EDGE('',*,*,#1073,.F.);
#1102 = PLANE('',#1103);
#1103 = AXIS2_PLACEMENT_3D('',#1104,#1105,#1106);
#1104 = CARTESIAN_POINT('',(59.75,0.25,0.));
#1105 = DIRECTION('',(-0.707106781187,0.707106781187,1.889513820523E-18)
  );
#1106 = DIRECTION('',(-1.336088035637E-18,1.336088035637E-18,-1.));
#1107 = ADVANCED_FACE('',(#1108,#1217,#1251),#1285,.T.);
#1108 = FACE_BOUND('',#1109,.T.);
#1109 = EDGE_LOOP('',(#1110,#1111,#1117,#1118,#1126,#1134,#1142,#1150,
    #1156,#1157,#1165,#1171,#1172,#1173,#1174,#1182,#1188,#1189,#1190,
    #1191,#1197,#1198,#1199,#1200,#1208,#1214,#1215,#1216));
#1110 = ORIENTED_EDGE('',*,*,#1095,.F.);
#1111 = ORIENTED_EDGE('',*,*,#1112,.T.);
#1112 = EDGE_CURVE('',#1088,#986,#1113,.T.);
#1113 = LINE('',#1114,#1115);
#1114 = CARTESIAN_POINT('',(60.,0.,0.5));
#1115 = VECTOR('',#1116,1.);
#1116 = DIRECTION('',(-0.,1.,0.));
#1117 = ORIENTED_EDGE('',*,*,#993,.F.);
#1118 = ORIENTED_EDGE('',*,*,#1119,.T.);
#1119 = EDGE_CURVE('',#994,#1120,#1122,.T.);
#1120 = VERTEX_POINT('',#1121);
#1121 = CARTESIAN_POINT('',(60.,9.8,3.));
#1122 = LINE('',#1123,#1124);
#1123 = CARTESIAN_POINT('',(60.,4.9,3.));
#1124 = VECTOR('',#1125,1.);
#1125 = DIRECTION('',(0.,-1.,0.));
#1126 = ORIENTED_EDGE('',*,*,#1127,.T.);
#1127 = EDGE_CURVE('',#1120,#1128,#1130,.T.);
#1128 = VERTEX_POINT('',#1129);
#1129 = CARTESIAN_POINT('',(60.,9.8,5.8));
#1130 = LINE('',#1131,#1132);
#1131 = CARTESIAN_POINT('',(60.,9.8,1.5));
#1132 = VECTOR('',#1133,1.);
#1133 = DIRECTION('',(0.,0.,1.));
#1134 = ORIENTED_EDGE('',*,*,#1135,.F.);
#1135 = EDGE_CURVE('',#1136,#1128,#1138,.T.);
#1136 = VERTEX_POINT('',#1137);
#1137 = CARTESIAN_POINT('',(60.,20.2,5.8));
#1138 = LINE('',#1139,#1140);
#1139 = CARTESIAN_POINT('',(60.,4.9,5.8));
#1140 = VECTOR('',#1141,1.);
#1141 = DIRECTION('',(0.,-1.,0.));
#1142 = ORIENTED_EDGE('',*,*,#1143,.F.);
#1143 = EDGE_CURVE('',#1144,#1136,#1146,.T.);
#1144 = VERTEX_POINT('',#1145);
#1145 = CARTESIAN_POINT('',(60.,20.2,3.));
#1146 = LINE('',#1147,#1148);
#1147 = CARTESIAN_POINT('',(60.,20.2,1.5));
#1148 = VECTOR('',#1149,1.);
#1149 = DIRECTION('',(0.,0.,1.));
#1150 = ORIENTED_EDGE('',*,*,#1151,.T.);
#1151 = EDGE_CURVE('',#1144,#906,#1152,.T.);
#1152 = LINE('',#1153,#1154);
#1153 = CARTESIAN_POINT('',(60.,4.9,3.));
#1154 = VECTOR('',#1155,1.);
#1155 = DIRECTION('',(0.,-1.,0.));
#1156 = ORIENTED_EDGE('',*,*,#913,.F.);
#1157 = ORIENTED_EDGE('',*,*,#1158,.T.);
#1158 = EDGE_CURVE('',#914,#1159,#1161,.T.);
#1159 = VERTEX_POINT('',#1160);
#1160 = CARTESIAN_POINT('',(60.,29.5,0.5));
#1161 = LINE('',#1162,#1163);
#1162 = CARTESIAN_POINT('',(60.,0.,0.5));
#1163 = VECTOR('',#1164,1.);
#1164 = DIRECTION('',(-0.,1.,0.));
#1165 = ORIENTED_EDGE('',*,*,#1166,.T.);
#1166 = EDGE_CURVE('',#1159,#811,#1167,.T.);
#1167 = LINE('',#1168,#1169);
#1168 = CARTESIAN_POINT('',(60.,29.5,0.));
#1169 = VECTOR('',#1170,1.);
#1170 = DIRECTION('',(0.,0.,1.));
#1171 = ORIENTED_EDGE('',*,*,#818,.F.);
#1172 = ORIENTED_EDGE('',*,*,#777,.F.);
#1173 = ORIENTED_EDGE('',*,*,#737,.F.);
#1174 = ORIENTED_EDGE('',*,*,#1175,.T.);
#1175 = EDGE_CURVE('',#738,#1176,#1178,.T.);
#1176 = VERTEX_POINT('',#1177);
#1177 = CARTESIAN_POINT('',(60.,29.5,29.5));
#1178 = LINE('',#1179,#1180);
#1179 = CARTESIAN_POINT('',(60.,29.5,0.));
#1180 = VECTOR('',#1181,1.);
#1181 = DIRECTION('',(0.,0.,1.));
#1182 = ORIENTED_EDGE('',*,*,#1183,.F.);
#1183 = EDGE_CURVE('',#652,#1176,#1184,.T.);
#1184 = LINE('',#1185,#1186);
#1185 = CARTESIAN_POINT('',(60.,0.,29.5));
#1186 = VECTOR('',#1187,1.);
#1187 = DIRECTION('',(-0.,1.,0.));
#1188 = ORIENTED_EDGE('',*,*,#659,.F.);
#1189 = ORIENTED_EDGE('',*,*,#618,.F.);
#1190 = ORIENTED_EDGE('',*,*,#578,.F.);
#1191 = ORIENTED_EDGE('',*,*,#1192,.F.);
#1192 = EDGE_CURVE('',#524,#579,#1193,.T.);
#1193 = LINE('',#1194,#1195);
#1194 = CARTESIAN_POINT('',(60.,0.,29.5));
#1195 = VECTOR('',#1196,1.);
#1196 = DIRECTION('',(-0.,1.,0.));
#1197 = ORIENTED_EDGE('',*,*,#531,.F.);
#1198 = ORIENTED_EDGE('',*,*,#490,.F.);
#1199 = ORIENTED_EDGE('',*,*,#450,.F.);
#1200 = ORIENTED_EDGE('',*,*,#1201,.F.);
#1201 = EDGE_CURVE('',#1202,#451,#1204,.T.);
#1202 = VERTEX_POINT('',#1203);
#1203 = CARTESIAN_POINT('',(60.,0.5,29.5));
#1204 = LINE('',#1205,#1206);
#1205 = CARTESIAN_POINT('',(60.,0.,29.5));
#1206 = VECTOR('',#1207,1.);
#1207 = DIRECTION('',(-0.,1.,0.));
#1208 = ORIENTED_EDGE('',*,*,#1209,.F.);
#1209 = EDGE_CURVE('',#365,#1202,#1210,.T.);
#1210 = LINE('',#1211,#1212);
#1211 = CARTESIAN_POINT('',(60.,0.5,0.));
#1212 = VECTOR('',#1213,1.);
#1213 = DIRECTION('',(0.,0.,1.));
#1214 = ORIENTED_EDGE('',*,*,#372,.F.);
#1215 = ORIENTED_EDGE('',*,*,#331,.F.);
#1216 = ORIENTED_EDGE('',*,*,#291,.F.);
#1217 = FACE_BOUND('',#1218,.T.);
#1218 = EDGE_LOOP('',(#1219,#1229,#1237,#1245));
#1219 = ORIENTED_EDGE('',*,*,#1220,.T.);
#1220 = EDGE_CURVE('',#1221,#1223,#1225,.T.);
#1221 = VERTEX_POINT('',#1222);
#1222 = CARTESIAN_POINT('',(60.,22.,10.5));
#1223 = VERTEX_POINT('',#1224);
#1224 = CARTESIAN_POINT('',(60.,18.,10.5));
#1225 = LINE('',#1226,#1227);
#1226 = CARTESIAN_POINT('',(60.,9.,10.5));
#1227 = VECTOR('',#1228,1.);
#1228 = DIRECTION('',(0.,-1.,0.));
#1229 = ORIENTED_EDGE('',*,*,#1230,.T.);
#1230 = EDGE_CURVE('',#1223,#1231,#1233,.T.);
#1231 = VERTEX_POINT('',#1232);
#1232 = CARTESIAN_POINT('',(60.,18.,19.5));
#1233 = LINE('',#1234,#1235);
#1234 = CARTESIAN_POINT('',(60.,18.,5.25));
#1235 = VECTOR('',#1236,1.);
#1236 = DIRECTION('',(0.,0.,1.));
#1237 = ORIENTED_EDGE('',*,*,#1238,.F.);
#1238 = EDGE_CURVE('',#1239,#1231,#1241,.T.);
#1239 = VERTEX_POINT('',#1240);
#1240 = CARTESIAN_POINT('',(60.,22.,19.5));
#1241 = LINE('',#1242,#1243);
#1242 = CARTESIAN_POINT('',(60.,9.,19.5));
#1243 = VECTOR('',#1244,1.);
#1244 = DIRECTION('',(0.,-1.,0.));
#1245 = ORIENTED_EDGE('',*,*,#1246,.F.);
#1246 = EDGE_CURVE('',#1221,#1239,#1247,.T.);
#1247 = LINE('',#1248,#1249);
#1248 = CARTESIAN_POINT('',(60.,22.,5.25));
#1249 = VECTOR('',#1250,1.);
#1250 = DIRECTION('',(0.,0.,1.));
#1251 = FACE_BOUND('',#1252,.T.);
#1252 = EDGE_LOOP('',(#1253,#1263,#1271,#1279));
#1253 = ORIENTED_EDGE('',*,*,#1254,.T.);
#1254 = EDGE_CURVE('',#1255,#1257,#1259,.T.);
#1255 = VERTEX_POINT('',#1256);
#1256 = CARTESIAN_POINT('',(60.,12.,10.5));
#1257 = VERTEX_POINT('',#1258);
#1258 = CARTESIAN_POINT('',(60.,8.,10.5));
#1259 = LINE('',#1260,#1261);
#1260 = CARTESIAN_POINT('',(60.,4.,10.5));
#1261 = VECTOR('',#1262,1.);
#1262 = DIRECTION('',(0.,-1.,0.));
#1263 = ORIENTED_EDGE('',*,*,#1264,.T.);
#1264 = EDGE_CURVE('',#1257,#1265,#1267,.T.);
#1265 = VERTEX_POINT('',#1266);
#1266 = CARTESIAN_POINT('',(60.,8.,19.5));
#1267 = LINE('',#1268,#1269);
#1268 = CARTESIAN_POINT('',(60.,8.,5.25));
#1269 = VECTOR('',#1270,1.);
#1270 = DIRECTION('',(0.,0.,1.));
#1271 = ORIENTED_EDGE('',*,*,#1272,.F.);
#1272 = EDGE_CURVE('',#1273,#1265,#1275,.T.);
#1273 = VERTEX_POINT('',#1274);
#1274 = CARTESIAN_POINT('',(60.,12.,19.5));
#1275 = LINE('',#1276,#1277);
#1276 = CARTESIAN_POINT('',(60.,4.,19.5));
#1277 = VECTOR('',#1278,1.);
#1278 = DIRECTION('',(0.,-1.,0.));
#1279 = ORIENTED_EDGE('',*,*,#1280,.F.);
#1280 = EDGE_CURVE('',#1255,#1273,#1281,.T.);
#1281 = LINE('',#1282,#1283);
#1282 = CARTESIAN_POINT('',(60.,12.,5.25));
#1283 = VECTOR('',#1284,1.);
#1284 = DIRECTION('',(0.,0.,1.));
#1285 = PLANE('',#1286);
#1286 = AXIS2_PLACEMENT_3D('',#1287,#1288,#1289);
#1287 = CARTESIAN_POINT('',(60.,0.,0.));
#1288 = DIRECTION('',(1.,0.,-0.));
#1289 = DIRECTION('',(0.,0.,1.));
#1290 = ADVANCED_FACE('',(#1291),#1309,.F.);
#1291 = FACE_BOUND('',#1292,.T.);
#1292 = EDGE_LOOP('',(#1293,#1294,#1295,#1303));
#1293 = ORIENTED_EDGE('',*,*,#364,.F.);
#1294 = ORIENTED_EDGE('',*,*,#1209,.T.);
#1295 = ORIENTED_EDGE('',*,*,#1296,.T.);
#1296 = EDGE_CURVE('',#1202,#1297,#1299,.T.);
#1297 = VERTEX_POINT('',#1298);
#1298 = CARTESIAN_POINT('',(59.5,1.675267558391E-15,29.5));
#1299 = LINE('',#1300,#1301);
#1300 = CARTESIAN_POINT('',(59.75,0.25,29.5));
#1301 = VECTOR('',#1302,1.);
#1302 = DIRECTION('',(-0.707106781187,-0.707106781187,5.538934842806E-15
    ));
#1303 = ORIENTED_EDGE('',*,*,#1304,.F.);
#1304 = EDGE_CURVE('',#357,#1297,#1305,.T.);
#1305 = LINE('',#1306,#1307);
#1306 = CARTESIAN_POINT('',(59.5,0.,0.));
#1307 = VECTOR('',#1308,1.);
#1308 = DIRECTION('',(0.,0.,1.));
#1309 = PLANE('',#1310);
#1310 = AXIS2_PLACEMENT_3D('',#1311,#1312,#1313);
#1311 = CARTESIAN_POINT('',(59.75,0.25,0.));
#1312 = DIRECTION('',(-0.707106781187,0.707106781187,1.889513820523E-18)
  );
#1313 = DIRECTION('',(-1.336088035637E-18,1.336088035637E-18,-1.));
#1314 = ADVANCED_FACE('',(#1315),#1326,.F.);
#1315 = FACE_BOUND('',#1316,.F.);
#1316 = EDGE_LOOP('',(#1317,#1318,#1319,#1325));
#1317 = ORIENTED_EDGE('',*,*,#356,.F.);
#1318 = ORIENTED_EDGE('',*,*,#396,.T.);
#1319 = ORIENTED_EDGE('',*,*,#1320,.T.);
#1320 = EDGE_CURVE('',#389,#1297,#1321,.T.);
#1321 = LINE('',#1322,#1323);
#1322 = CARTESIAN_POINT('',(0.,0.,29.5));
#1323 = VECTOR('',#1324,1.);
#1324 = DIRECTION('',(1.,0.,-0.));
#1325 = ORIENTED_EDGE('',*,*,#1304,.F.);
#1326 = PLANE('',#1327);
#1327 = AXIS2_PLACEMENT_3D('',#1328,#1329,#1330);
#1328 = CARTESIAN_POINT('',(0.,0.,0.));
#1329 = DIRECTION('',(-0.,1.,0.));
#1330 = DIRECTION('',(0.,0.,1.));
#1331 = ADVANCED_FACE('',(#1332),#1342,.F.);
#1332 = FACE_BOUND('',#1333,.F.);
#1333 = EDGE_LOOP('',(#1334,#1335,#1341));
#1334 = ORIENTED_EDGE('',*,*,#420,.F.);
#1335 = ORIENTED_EDGE('',*,*,#1336,.T.);
#1336 = EDGE_CURVE('',#411,#389,#1337,.T.);
#1337 = LINE('',#1338,#1339);
#1338 = CARTESIAN_POINT('',(0.5,0.375,29.875));
#1339 = VECTOR('',#1340,1.);
#1340 = DIRECTION('',(1.537708725819E-15,-0.707106781187,-0.707106781187
    ));
#1341 = ORIENTED_EDGE('',*,*,#388,.F.);
#1342 = PLANE('',#1343);
#1343 = AXIS2_PLACEMENT_3D('',#1344,#1345,#1346);
#1344 = CARTESIAN_POINT('',(0.5,0.5,30.));
#1345 = DIRECTION('',(0.57735026919,0.57735026919,-0.57735026919));
#1346 = DIRECTION('',(0.707106781187,-0.707106781187,-1.118297072777E-17
    ));
#1347 = ADVANCED_FACE('',(#1348),#1366,.T.);
#1348 = FACE_BOUND('',#1349,.T.);
#1349 = EDGE_LOOP('',(#1350,#1351,#1359,#1365));
#1350 = ORIENTED_EDGE('',*,*,#410,.F.);
#1351 = ORIENTED_EDGE('',*,*,#1352,.T.);
#1352 = EDGE_CURVE('',#411,#1353,#1355,.T.);
#1353 = VERTEX_POINT('',#1354);
#1354 = CARTESIAN_POINT('',(59.5,0.5,30.));
#1355 = LINE('',#1356,#1357);
#1356 = CARTESIAN_POINT('',(0.,0.5,30.));
#1357 = VECTOR('',#1358,1.);
#1358 = DIRECTION('',(1.,0.,-0.));
#1359 = ORIENTED_EDGE('',*,*,#1360,.T.);
#1360 = EDGE_CURVE('',#1353,#459,#1361,.T.);
#1361 = LINE('',#1362,#1363);
#1362 = CARTESIAN_POINT('',(59.5,0.,30.));
#1363 = VECTOR('',#1364,1.);
#1364 = DIRECTION('',(-0.,1.,0.));
#1365 = ORIENTED_EDGE('',*,*,#466,.F.);
#1366 = PLANE('',#1367);
#1367 = AXIS2_PLACEMENT_3D('',#1368,#1369,#1370);
#1368 = CARTESIAN_POINT('',(0.,0.,30.));
#1369 = DIRECTION('',(0.,0.,1.));
#1370 = DIRECTION('',(1.,0.,-0.));
#1371 = ADVANCED_FACE('',(#1372),#1383,.T.);
#1372 = FACE_BOUND('',#1373,.T.);
#1373 = EDGE_LOOP('',(#1374,#1375,#1381,#1382));
#1374 = ORIENTED_EDGE('',*,*,#1360,.F.);
#1375 = ORIENTED_EDGE('',*,*,#1376,.T.);
#1376 = EDGE_CURVE('',#1353,#1202,#1377,.T.);
#1377 = LINE('',#1378,#1379);
#1378 = CARTESIAN_POINT('',(59.625,0.5,29.875));
#1379 = VECTOR('',#1380,1.);
#1380 = DIRECTION('',(0.707106781187,1.359288591379E-14,-0.707106781187)
  );
#1381 = ORIENTED_EDGE('',*,*,#1201,.T.);
#1382 = ORIENTED_EDGE('',*,*,#458,.F.);
#1383 = PLANE('',#1384);
#1384 = AXIS2_PLACEMENT_3D('',#1385,#1386,#1387);
#1385 = CARTESIAN_POINT('',(59.75,0.,29.75));
#1386 = DIRECTION('',(0.707106781187,-1.889513820523E-18,0.707106781187)
  );
#1387 = DIRECTION('',(1.336088035637E-18,1.,1.336088035637E-18));
#1388 = ADVANCED_FACE('',(#1389),#1400,.T.);
#1389 = FACE_BOUND('',#1390,.T.);
#1390 = EDGE_LOOP('',(#1391,#1397,#1398,#1399));
#1391 = ORIENTED_EDGE('',*,*,#1392,.F.);
#1392 = EDGE_CURVE('',#516,#587,#1393,.T.);
#1393 = LINE('',#1394,#1395);
#1394 = CARTESIAN_POINT('',(59.5,0.,30.));
#1395 = VECTOR('',#1396,1.);
#1396 = DIRECTION('',(-0.,1.,0.));
#1397 = ORIENTED_EDGE('',*,*,#523,.F.);
#1398 = ORIENTED_EDGE('',*,*,#1192,.T.);
#1399 = ORIENTED_EDGE('',*,*,#586,.F.);
#1400 = PLANE('',#1401);
#1401 = AXIS2_PLACEMENT_3D('',#1402,#1403,#1404);
#1402 = CARTESIAN_POINT('',(59.75,0.,29.75));
#1403 = DIRECTION('',(0.707106781187,-1.889513820523E-18,0.707106781187)
  );
#1404 = DIRECTION('',(1.336088035637E-18,1.,1.336088035637E-18));
#1405 = ADVANCED_FACE('',(#1406),#1412,.T.);
#1406 = FACE_BOUND('',#1407,.T.);
#1407 = EDGE_LOOP('',(#1408,#1409,#1410,#1411));
#1408 = ORIENTED_EDGE('',*,*,#545,.F.);
#1409 = ORIENTED_EDGE('',*,*,#515,.F.);
#1410 = ORIENTED_EDGE('',*,*,#1392,.T.);
#1411 = ORIENTED_EDGE('',*,*,#594,.F.);
#1412 = PLANE('',#1413);
#1413 = AXIS2_PLACEMENT_3D('',#1414,#1415,#1416);
#1414 = CARTESIAN_POINT('',(0.,0.,30.));
#1415 = DIRECTION('',(0.,0.,1.));
#1416 = DIRECTION('',(1.,0.,-0.));
#1417 = ADVANCED_FACE('',(#1418),#1436,.T.);
#1418 = FACE_BOUND('',#1419,.T.);
#1419 = EDGE_LOOP('',(#1420,#1428,#1429,#1430));
#1420 = ORIENTED_EDGE('',*,*,#1421,.F.);
#1421 = EDGE_CURVE('',#644,#1422,#1424,.T.);
#1422 = VERTEX_POINT('',#1423);
#1423 = CARTESIAN_POINT('',(59.5,29.5,30.));
#1424 = LINE('',#1425,#1426);
#1425 = CARTESIAN_POINT('',(59.5,0.,30.));
#1426 = VECTOR('',#1427,1.);
#1427 = DIRECTION('',(-0.,1.,0.));
#1428 = ORIENTED_EDGE('',*,*,#651,.F.);
#1429 = ORIENTED_EDGE('',*,*,#1183,.T.);
#1430 = ORIENTED_EDGE('',*,*,#1431,.T.);
#1431 = EDGE_CURVE('',#1176,#1422,#1432,.T.);
#1432 = LINE('',#1433,#1434);
#1433 = CARTESIAN_POINT('',(59.75,29.5,29.75));
#1434 = VECTOR('',#1435,1.);
#1435 = DIRECTION('',(-0.707106781187,1.002173886894E-14,0.707106781187)
  );
#1436 = PLANE('',#1437);
#1437 = AXIS2_PLACEMENT_3D('',#1438,#1439,#1440);
#1438 = CARTESIAN_POINT('',(59.75,0.,29.75));
#1439 = DIRECTION('',(0.707106781187,-1.889513820523E-18,0.707106781187)
  );
#1440 = DIRECTION('',(1.336088035637E-18,1.,1.336088035637E-18));
#1441 = ADVANCED_FACE('',(#1442),#1453,.T.);
#1442 = FACE_BOUND('',#1443,.T.);
#1443 = EDGE_LOOP('',(#1444,#1445,#1446,#1447));
#1444 = ORIENTED_EDGE('',*,*,#673,.F.);
#1445 = ORIENTED_EDGE('',*,*,#643,.F.);
#1446 = ORIENTED_EDGE('',*,*,#1421,.T.);
#1447 = ORIENTED_EDGE('',*,*,#1448,.F.);
#1448 = EDGE_CURVE('',#674,#1422,#1449,.T.);
#1449 = LINE('',#1450,#1451);
#1450 = CARTESIAN_POINT('',(0.,29.5,30.));
#1451 = VECTOR('',#1452,1.);
#1452 = DIRECTION('',(1.,0.,-0.));
#1453 = PLANE('',#1454);
#1454 = AXIS2_PLACEMENT_3D('',#1455,#1456,#1457);
#1455 = CARTESIAN_POINT('',(0.,0.,30.));
#1456 = DIRECTION('',(0.,0.,1.));
#1457 = DIRECTION('',(1.,0.,-0.));
#1458 = ADVANCED_FACE('',(#1459),#1469,.F.);
#1459 = FACE_BOUND('',#1460,.F.);
#1460 = EDGE_LOOP('',(#1461,#1462,#1468));
#1461 = ORIENTED_EDGE('',*,*,#706,.F.);
#1462 = ORIENTED_EDGE('',*,*,#1463,.T.);
#1463 = EDGE_CURVE('',#707,#674,#1464,.T.);
#1464 = LINE('',#1465,#1466);
#1465 = CARTESIAN_POINT('',(0.5,29.875,29.625));
#1466 = VECTOR('',#1467,1.);
#1467 = DIRECTION('',(3.564975430619E-15,-0.707106781187,0.707106781187)
  );
#1468 = ORIENTED_EDGE('',*,*,#683,.F.);
#1469 = PLANE('',#1470);
#1470 = AXIS2_PLACEMENT_3D('',#1471,#1472,#1473);
#1471 = CARTESIAN_POINT('',(0.5,30.,29.5));
#1472 = DIRECTION('',(0.57735026919,-0.57735026919,-0.57735026919));
#1473 = DIRECTION('',(0.707106781187,5.033485120814E-15,0.707106781187)
  );
#1474 = ADVANCED_FACE('',(#1475),#1493,.T.);
#1475 = FACE_BOUND('',#1476,.T.);
#1476 = EDGE_LOOP('',(#1477,#1478,#1479,#1487));
#1477 = ORIENTED_EDGE('',*,*,#753,.F.);
#1478 = ORIENTED_EDGE('',*,*,#714,.T.);
#1479 = ORIENTED_EDGE('',*,*,#1480,.T.);
#1480 = EDGE_CURVE('',#707,#1481,#1483,.T.);
#1481 = VERTEX_POINT('',#1482);
#1482 = CARTESIAN_POINT('',(59.5,30.,29.5));
#1483 = LINE('',#1484,#1485);
#1484 = CARTESIAN_POINT('',(0.,30.,29.5));
#1485 = VECTOR('',#1486,1.);
#1486 = DIRECTION('',(1.,0.,-0.));
#1487 = ORIENTED_EDGE('',*,*,#1488,.F.);
#1488 = EDGE_CURVE('',#746,#1481,#1489,.T.);
#1489 = LINE('',#1490,#1491);
#1490 = CARTESIAN_POINT('',(59.5,30.,0.));
#1491 = VECTOR('',#1492,1.);
#1492 = DIRECTION('',(0.,0.,1.));
#1493 = PLANE('',#1494);
#1494 = AXIS2_PLACEMENT_3D('',#1495,#1496,#1497);
#1495 = CARTESIAN_POINT('',(0.,30.,0.));
#1496 = DIRECTION('',(-0.,1.,0.));
#1497 = DIRECTION('',(0.,0.,1.));
#1498 = ADVANCED_FACE('',(#1499),#1510,.T.);
#1499 = FACE_BOUND('',#1500,.F.);
#1500 = EDGE_LOOP('',(#1501,#1502,#1503,#1509));
#1501 = ORIENTED_EDGE('',*,*,#745,.F.);
#1502 = ORIENTED_EDGE('',*,*,#1175,.T.);
#1503 = ORIENTED_EDGE('',*,*,#1504,.F.);
#1504 = EDGE_CURVE('',#1481,#1176,#1505,.T.);
#1505 = LINE('',#1506,#1507);
#1506 = CARTESIAN_POINT('',(59.625,29.875,29.5));
#1507 = VECTOR('',#1508,1.);
#1508 = DIRECTION('',(0.707106781187,-0.707106781187,-5.008704935643E-15
    ));
#1509 = ORIENTED_EDGE('',*,*,#1488,.F.);
#1510 = PLANE('',#1511);
#1511 = AXIS2_PLACEMENT_3D('',#1512,#1513,#1514);
#1512 = CARTESIAN_POINT('',(59.75,29.75,0.));
#1513 = DIRECTION('',(0.707106781187,0.707106781187,-1.889513820523E-18)
  );
#1514 = DIRECTION('',(-1.336088035637E-18,-1.336088035637E-18,-1.));
#1515 = ADVANCED_FACE('',(#1516),#1534,.T.);
#1516 = FACE_BOUND('',#1517,.F.);
#1517 = EDGE_LOOP('',(#1518,#1526,#1527,#1528));
#1518 = ORIENTED_EDGE('',*,*,#1519,.F.);
#1519 = EDGE_CURVE('',#1159,#1520,#1522,.T.);
#1520 = VERTEX_POINT('',#1521);
#1521 = CARTESIAN_POINT('',(59.5,30.,0.5));
#1522 = LINE('',#1523,#1524);
#1523 = CARTESIAN_POINT('',(59.75,29.75,0.5));
#1524 = VECTOR('',#1525,1.);
#1525 = DIRECTION('',(-0.707106781187,0.707106781187,-7.026157783427E-15
    ));
#1526 = ORIENTED_EDGE('',*,*,#1166,.T.);
#1527 = ORIENTED_EDGE('',*,*,#810,.F.);
#1528 = ORIENTED_EDGE('',*,*,#1529,.F.);
#1529 = EDGE_CURVE('',#1520,#803,#1530,.T.);
#1530 = LINE('',#1531,#1532);
#1531 = CARTESIAN_POINT('',(59.5,30.,0.));
#1532 = VECTOR('',#1533,1.);
#1533 = DIRECTION('',(0.,0.,1.));
#1534 = PLANE('',#1535);
#1535 = AXIS2_PLACEMENT_3D('',#1536,#1537,#1538);
#1536 = CARTESIAN_POINT('',(59.75,29.75,0.));
#1537 = DIRECTION('',(0.707106781187,0.707106781187,-1.889513820523E-18)
  );
#1538 = DIRECTION('',(-1.336088035637E-18,-1.336088035637E-18,-1.));
#1539 = ADVANCED_FACE('',(#1540),#1551,.T.);
#1540 = FACE_BOUND('',#1541,.T.);
#1541 = EDGE_LOOP('',(#1542,#1548,#1549,#1550));
#1542 = ORIENTED_EDGE('',*,*,#1543,.F.);
#1543 = EDGE_CURVE('',#833,#1520,#1544,.T.);
#1544 = LINE('',#1545,#1546);
#1545 = CARTESIAN_POINT('',(0.,30.,0.5));
#1546 = VECTOR('',#1547,1.);
#1547 = DIRECTION('',(1.,0.,-0.));
#1548 = ORIENTED_EDGE('',*,*,#842,.T.);
#1549 = ORIENTED_EDGE('',*,*,#802,.F.);
#1550 = ORIENTED_EDGE('',*,*,#1529,.F.);
#1551 = PLANE('',#1552);
#1552 = AXIS2_PLACEMENT_3D('',#1553,#1554,#1555);
#1553 = CARTESIAN_POINT('',(0.,30.,0.));
#1554 = DIRECTION('',(-0.,1.,0.));
#1555 = DIRECTION('',(0.,0.,1.));
#1556 = ADVANCED_FACE('',(#1557),#1567,.F.);
#1557 = FACE_BOUND('',#1558,.F.);
#1558 = EDGE_LOOP('',(#1559,#1560,#1566));
#1559 = ORIENTED_EDGE('',*,*,#873,.F.);
#1560 = ORIENTED_EDGE('',*,*,#1561,.T.);
#1561 = EDGE_CURVE('',#859,#833,#1562,.T.);
#1562 = LINE('',#1563,#1564);
#1563 = CARTESIAN_POINT('',(0.5,29.625,0.125));
#1564 = VECTOR('',#1565,1.);
#1565 = DIRECTION('',(-6.917666420642E-15,0.707106781187,0.707106781187)
  );
#1566 = ORIENTED_EDGE('',*,*,#832,.F.);
#1567 = PLANE('',#1568);
#1568 = AXIS2_PLACEMENT_3D('',#1569,#1570,#1571);
#1569 = CARTESIAN_POINT('',(0.5,29.5,-1.074753193928E-15));
#1570 = DIRECTION('',(0.57735026919,-0.57735026919,0.57735026919));
#1571 = DIRECTION('',(0.707106781187,0.707106781187,-4.147166929347E-15)
  );
#1572 = ADVANCED_FACE('',(#1573),#1591,.F.);
#1573 = FACE_BOUND('',#1574,.F.);
#1574 = EDGE_LOOP('',(#1575,#1576,#1577,#1585));
#1575 = ORIENTED_EDGE('',*,*,#856,.F.);
#1576 = ORIENTED_EDGE('',*,*,#929,.F.);
#1577 = ORIENTED_EDGE('',*,*,#1578,.T.);
#1578 = EDGE_CURVE('',#922,#1579,#1581,.T.);
#1579 = VERTEX_POINT('',#1580);
#1580 = CARTESIAN_POINT('',(59.5,29.5,4.123888678798E-16));
#1581 = LINE('',#1582,#1583);
#1582 = CARTESIAN_POINT('',(59.5,0.,0.));
#1583 = VECTOR('',#1584,1.);
#1584 = DIRECTION('',(-0.,1.,0.));
#1585 = ORIENTED_EDGE('',*,*,#1586,.F.);
#1586 = EDGE_CURVE('',#859,#1579,#1587,.T.);
#1587 = LINE('',#1588,#1589);
#1588 = CARTESIAN_POINT('',(0.,29.5,0.));
#1589 = VECTOR('',#1590,1.);
#1590 = DIRECTION('',(1.,0.,-0.));
#1591 = PLANE('',#1592);
#1592 = AXIS2_PLACEMENT_3D('',#1593,#1594,#1595);
#1593 = CARTESIAN_POINT('',(0.,0.,0.));
#1594 = DIRECTION('',(0.,0.,1.));
#1595 = DIRECTION('',(1.,0.,-0.));
#1596 = ADVANCED_FACE('',(#1597),#1608,.F.);
#1597 = FACE_BOUND('',#1598,.F.);
#1598 = EDGE_LOOP('',(#1599,#1600,#1601,#1602));
#1599 = ORIENTED_EDGE('',*,*,#1578,.F.);
#1600 = ORIENTED_EDGE('',*,*,#921,.F.);
#1601 = ORIENTED_EDGE('',*,*,#1158,.T.);
#1602 = ORIENTED_EDGE('',*,*,#1603,.F.);
#1603 = EDGE_CURVE('',#1579,#1159,#1604,.T.);
#1604 = LINE('',#1605,#1606);
#1605 = CARTESIAN_POINT('',(59.625,29.5,0.125));
#1606 = VECTOR('',#1607,1.);
#1607 = DIRECTION('',(0.707106781187,2.839954044348E-15,0.707106781187)
  );
#1608 = PLANE('',#1609);
#1609 = AXIS2_PLACEMENT_3D('',#1610,#1611,#1612);
#1610 = CARTESIAN_POINT('',(59.75,0.,0.25));
#1611 = DIRECTION('',(-0.707106781187,1.889513820523E-18,0.707106781187)
  );
#1612 = DIRECTION('',(1.336088035637E-18,1.,-1.336088035637E-18));
#1613 = ADVANCED_FACE('',(#1614),#1632,.T.);
#1614 = FACE_BOUND('',#1615,.T.);
#1615 = EDGE_LOOP('',(#1616,#1624,#1625,#1626));
#1616 = ORIENTED_EDGE('',*,*,#1617,.F.);
#1617 = EDGE_CURVE('',#898,#1618,#1620,.T.);
#1618 = VERTEX_POINT('',#1619);
#1619 = CARTESIAN_POINT('',(56.,20.2,3.));
#1620 = LINE('',#1621,#1622);
#1621 = CARTESIAN_POINT('',(56.,9.8,3.));
#1622 = VECTOR('',#1623,1.);
#1623 = DIRECTION('',(-0.,1.,0.));
#1624 = ORIENTED_EDGE('',*,*,#905,.T.);
#1625 = ORIENTED_EDGE('',*,*,#1151,.F.);
#1626 = ORIENTED_EDGE('',*,*,#1627,.F.);
#1627 = EDGE_CURVE('',#1618,#1144,#1628,.T.);
#1628 = LINE('',#1629,#1630);
#1629 = CARTESIAN_POINT('',(56.,20.2,3.));
#1630 = VECTOR('',#1631,1.);
#1631 = DIRECTION('',(1.,0.,-0.));
#1632 = PLANE('',#1633);
#1633 = AXIS2_PLACEMENT_3D('',#1634,#1635,#1636);
#1634 = CARTESIAN_POINT('',(56.,9.8,3.));
#1635 = DIRECTION('',(0.,0.,1.));
#1636 = DIRECTION('',(1.,0.,-0.));
#1637 = ADVANCED_FACE('',(#1638),#1674,.T.);
#1638 = FACE_BOUND('',#1639,.T.);
#1639 = EDGE_LOOP('',(#1640,#1650,#1658,#1664,#1665,#1666,#1667,#1668));
#1640 = ORIENTED_EDGE('',*,*,#1641,.F.);
#1641 = EDGE_CURVE('',#1642,#1644,#1646,.T.);
#1642 = VERTEX_POINT('',#1643);
#1643 = CARTESIAN_POINT('',(56.,9.8,5.8));
#1644 = VERTEX_POINT('',#1645);
#1645 = CARTESIAN_POINT('',(56.,20.2,5.8));
#1646 = LINE('',#1647,#1648);
#1647 = CARTESIAN_POINT('',(56.,9.8,5.8));
#1648 = VECTOR('',#1649,1.);
#1649 = DIRECTION('',(-0.,1.,0.));
#1650 = ORIENTED_EDGE('',*,*,#1651,.F.);
#1651 = EDGE_CURVE('',#1652,#1642,#1654,.T.);
#1652 = VERTEX_POINT('',#1653);
#1653 = CARTESIAN_POINT('',(56.,9.8,3.));
#1654 = LINE('',#1655,#1656);
#1655 = CARTESIAN_POINT('',(56.,9.8,3.));
#1656 = VECTOR('',#1657,1.);
#1657 = DIRECTION('',(0.,0.,1.));
#1658 = ORIENTED_EDGE('',*,*,#1659,.T.);
#1659 = EDGE_CURVE('',#1652,#1002,#1660,.T.);
#1660 = LINE('',#1661,#1662);
#1661 = CARTESIAN_POINT('',(56.,9.8,3.));
#1662 = VECTOR('',#1663,1.);
#1663 = DIRECTION('',(-0.,1.,0.));
#1664 = ORIENTED_EDGE('',*,*,#1009,.T.);
#1665 = ORIENTED_EDGE('',*,*,#953,.T.);
#1666 = ORIENTED_EDGE('',*,*,#897,.T.);
#1667 = ORIENTED_EDGE('',*,*,#1617,.T.);
#1668 = ORIENTED_EDGE('',*,*,#1669,.T.);
#1669 = EDGE_CURVE('',#1618,#1644,#1670,.T.);
#1670 = LINE('',#1671,#1672);
#1671 = CARTESIAN_POINT('',(56.,20.2,3.));
#1672 = VECTOR('',#1673,1.);
#1673 = DIRECTION('',(0.,0.,1.));
#1674 = PLANE('',#1675);
#1675 = AXIS2_PLACEMENT_3D('',#1676,#1677,#1678);
#1676 = CARTESIAN_POINT('',(56.,9.8,3.));
#1677 = DIRECTION('',(1.,0.,-0.));
#1678 = DIRECTION('',(0.,0.,1.));
#1679 = ADVANCED_FACE('',(#1680),#1691,.T.);
#1680 = FACE_BOUND('',#1681,.T.);
#1681 = EDGE_LOOP('',(#1682,#1683,#1689,#1690));
#1682 = ORIENTED_EDGE('',*,*,#1659,.F.);
#1683 = ORIENTED_EDGE('',*,*,#1684,.T.);
#1684 = EDGE_CURVE('',#1652,#1120,#1685,.T.);
#1685 = LINE('',#1686,#1687);
#1686 = CARTESIAN_POINT('',(56.,9.8,3.));
#1687 = VECTOR('',#1688,1.);
#1688 = DIRECTION('',(1.,0.,-0.));
#1689 = ORIENTED_EDGE('',*,*,#1119,.F.);
#1690 = ORIENTED_EDGE('',*,*,#1001,.T.);
#1691 = PLANE('',#1692);
#1692 = AXIS2_PLACEMENT_3D('',#1693,#1694,#1695);
#1693 = CARTESIAN_POINT('',(56.,9.8,3.));
#1694 = DIRECTION('',(0.,0.,1.));
#1695 = DIRECTION('',(1.,0.,-0.));
#1696 = ADVANCED_FACE('',(#1697),#1715,.F.);
#1697 = FACE_BOUND('',#1698,.F.);
#1698 = EDGE_LOOP('',(#1699,#1707,#1713,#1714));
#1699 = ORIENTED_EDGE('',*,*,#1700,.F.);
#1700 = EDGE_CURVE('',#1701,#978,#1703,.T.);
#1701 = VERTEX_POINT('',#1702);
#1702 = CARTESIAN_POINT('',(59.5,0.5,1.443289932013E-15));
#1703 = LINE('',#1704,#1705);
#1704 = CARTESIAN_POINT('',(59.5,0.,0.));
#1705 = VECTOR('',#1706,1.);
#1706 = DIRECTION('',(-0.,1.,0.));
#1707 = ORIENTED_EDGE('',*,*,#1708,.T.);
#1708 = EDGE_CURVE('',#1701,#1088,#1709,.T.);
#1709 = LINE('',#1710,#1711);
#1710 = CARTESIAN_POINT('',(59.625,0.5,0.125));
#1711 = VECTOR('',#1712,1.);
#1712 = DIRECTION('',(0.707106781187,3.496159446384E-15,0.707106781187)
  );
#1713 = ORIENTED_EDGE('',*,*,#1112,.T.);
#1714 = ORIENTED_EDGE('',*,*,#985,.F.);
#1715 = PLANE('',#1716);
#1716 = AXIS2_PLACEMENT_3D('',#1717,#1718,#1719);
#1717 = CARTESIAN_POINT('',(59.75,0.,0.25));
#1718 = DIRECTION('',(-0.707106781187,1.889513820523E-18,0.707106781187)
  );
#1719 = DIRECTION('',(1.336088035637E-18,1.,-1.336088035637E-18));
#1720 = ADVANCED_FACE('',(#1721),#1732,.F.);
#1721 = FACE_BOUND('',#1722,.F.);
#1722 = EDGE_LOOP('',(#1723,#1724,#1730,#1731));
#1723 = ORIENTED_EDGE('',*,*,#1023,.F.);
#1724 = ORIENTED_EDGE('',*,*,#1725,.T.);
#1725 = EDGE_CURVE('',#1024,#1701,#1726,.T.);
#1726 = LINE('',#1727,#1728);
#1727 = CARTESIAN_POINT('',(0.,0.5,0.));
#1728 = VECTOR('',#1729,1.);
#1729 = DIRECTION('',(1.,0.,-0.));
#1730 = ORIENTED_EDGE('',*,*,#1700,.T.);
#1731 = ORIENTED_EDGE('',*,*,#977,.F.);
#1732 = PLANE('',#1733);
#1733 = AXIS2_PLACEMENT_3D('',#1734,#1735,#1736);
#1734 = CARTESIAN_POINT('',(0.,0.,0.));
#1735 = DIRECTION('',(0.,0.,1.));
#1736 = DIRECTION('',(1.,0.,-0.));
#1737 = ADVANCED_FACE('',(#1738),#1749,.T.);
#1738 = FACE_BOUND('',#1739,.F.);
#1739 = EDGE_LOOP('',(#1740,#1741,#1742,#1748));
#1740 = ORIENTED_EDGE('',*,*,#1048,.T.);
#1741 = ORIENTED_EDGE('',*,*,#1063,.T.);
#1742 = ORIENTED_EDGE('',*,*,#1743,.F.);
#1743 = EDGE_CURVE('',#1701,#1064,#1744,.T.);
#1744 = LINE('',#1745,#1746);
#1745 = CARTESIAN_POINT('',(59.5,0.375,0.125));
#1746 = VECTOR('',#1747,1.);
#1747 = DIRECTION('',(-3.916443794365E-17,-0.707106781187,0.707106781187
    ));
#1748 = ORIENTED_EDGE('',*,*,#1725,.F.);
#1749 = PLANE('',#1750);
#1750 = AXIS2_PLACEMENT_3D('',#1751,#1752,#1753);
#1751 = CARTESIAN_POINT('',(0.,0.25,0.25));
#1752 = DIRECTION('',(-1.889513820523E-18,-0.707106781187,
    -0.707106781187));
#1753 = DIRECTION('',(-1.,1.336088035637E-18,1.336088035637E-18));
#1754 = ADVANCED_FACE('',(#1755),#1760,.F.);
#1755 = FACE_BOUND('',#1756,.F.);
#1756 = EDGE_LOOP('',(#1757,#1758,#1759));
#1757 = ORIENTED_EDGE('',*,*,#1708,.F.);
#1758 = ORIENTED_EDGE('',*,*,#1743,.T.);
#1759 = ORIENTED_EDGE('',*,*,#1087,.F.);
#1760 = PLANE('',#1761);
#1761 = AXIS2_PLACEMENT_3D('',#1762,#1763,#1764);
#1762 = CARTESIAN_POINT('',(59.5,0.5,1.443289932013E-15));
#1763 = DIRECTION('',(-0.57735026919,0.57735026919,0.57735026919));
#1764 = DIRECTION('',(-0.707106781187,-0.707106781187,
    -2.776032394688E-15));
#1765 = ADVANCED_FACE('',(#1766),#1777,.F.);
#1766 = FACE_BOUND('',#1767,.F.);
#1767 = EDGE_LOOP('',(#1768,#1769,#1770,#1776));
#1768 = ORIENTED_EDGE('',*,*,#1627,.F.);
#1769 = ORIENTED_EDGE('',*,*,#1669,.T.);
#1770 = ORIENTED_EDGE('',*,*,#1771,.T.);
#1771 = EDGE_CURVE('',#1644,#1136,#1772,.T.);
#1772 = LINE('',#1773,#1774);
#1773 = CARTESIAN_POINT('',(56.,20.2,5.8));
#1774 = VECTOR('',#1775,1.);
#1775 = DIRECTION('',(1.,0.,-0.));
#1776 = ORIENTED_EDGE('',*,*,#1143,.F.);
#1777 = PLANE('',#1778);
#1778 = AXIS2_PLACEMENT_3D('',#1779,#1780,#1781);
#1779 = CARTESIAN_POINT('',(56.,20.2,3.));
#1780 = DIRECTION('',(-0.,1.,0.));
#1781 = DIRECTION('',(0.,0.,1.));
#1782 = ADVANCED_FACE('',(#1783),#1794,.F.);
#1783 = FACE_BOUND('',#1784,.F.);
#1784 = EDGE_LOOP('',(#1785,#1786,#1787,#1793));
#1785 = ORIENTED_EDGE('',*,*,#1771,.F.);
#1786 = ORIENTED_EDGE('',*,*,#1641,.F.);
#1787 = ORIENTED_EDGE('',*,*,#1788,.T.);
#1788 = EDGE_CURVE('',#1642,#1128,#1789,.T.);
#1789 = LINE('',#1790,#1791);
#1790 = CARTESIAN_POINT('',(56.,9.8,5.8));
#1791 = VECTOR('',#1792,1.);
#1792 = DIRECTION('',(1.,0.,-0.));
#1793 = ORIENTED_EDGE('',*,*,#1135,.F.);
#1794 = PLANE('',#1795);
#1795 = AXIS2_PLACEMENT_3D('',#1796,#1797,#1798);
#1796 = CARTESIAN_POINT('',(56.,9.8,5.8));
#1797 = DIRECTION('',(0.,0.,1.));
#1798 = DIRECTION('',(1.,0.,-0.));
#1799 = ADVANCED_FACE('',(#1800),#1806,.T.);
#1800 = FACE_BOUND('',#1801,.T.);
#1801 = EDGE_LOOP('',(#1802,#1803,#1804,#1805));
#1802 = ORIENTED_EDGE('',*,*,#1684,.F.);
#1803 = ORIENTED_EDGE('',*,*,#1651,.T.);
#1804 = ORIENTED_EDGE('',*,*,#1788,.T.);
#1805 = ORIENTED_EDGE('',*,*,#1127,.F.);
#1806 = PLANE('',#1807);
#1807 = AXIS2_PLACEMENT_3D('',#1808,#1809,#1810);
#1808 = CARTESIAN_POINT('',(56.,9.8,3.));
#1809 = DIRECTION('',(-0.,1.,0.));
#1810 = DIRECTION('',(0.,0.,1.));
#1811 = ADVANCED_FACE('',(#1812),#1837,.T.);
#1812 = FACE_BOUND('',#1813,.T.);
#1813 = EDGE_LOOP('',(#1814,#1822,#1830,#1836));
#1814 = ORIENTED_EDGE('',*,*,#1815,.F.);
#1815 = EDGE_CURVE('',#1816,#1221,#1818,.T.);
#1816 = VERTEX_POINT('',#1817);
#1817 = CARTESIAN_POINT('',(58.5,22.,10.5));
#1818 = LINE('',#1819,#1820);
#1819 = CARTESIAN_POINT('',(58.5,22.,10.5));
#1820 = VECTOR('',#1821,1.);
#1821 = DIRECTION('',(1.,0.,-0.));
#1822 = ORIENTED_EDGE('',*,*,#1823,.F.);
#1823 = EDGE_CURVE('',#1824,#1816,#1826,.T.);
#1824 = VERTEX_POINT('',#1825);
#1825 = CARTESIAN_POINT('',(58.5,18.,10.5));
#1826 = LINE('',#1827,#1828);
#1827 = CARTESIAN_POINT('',(58.5,18.,10.5));
#1828 = VECTOR('',#1829,1.);
#1829 = DIRECTION('',(-0.,1.,0.));
#1830 = ORIENTED_EDGE('',*,*,#1831,.T.);
#1831 = EDGE_CURVE('',#1824,#1223,#1832,.T.);
#1832 = LINE('',#1833,#1834);
#1833 = CARTESIAN_POINT('',(58.5,18.,10.5));
#1834 = VECTOR('',#1835,1.);
#1835 = DIRECTION('',(1.,0.,-0.));
#1836 = ORIENTED_EDGE('',*,*,#1220,.F.);
#1837 = PLANE('',#1838);
#1838 = AXIS2_PLACEMENT_3D('',#1839,#1840,#1841);
#1839 = CARTESIAN_POINT('',(58.5,18.,10.5));
#1840 = DIRECTION('',(0.,0.,1.));
#1841 = DIRECTION('',(1.,0.,-0.));
#1842 = ADVANCED_FACE('',(#1843),#1861,.F.);
#1843 = FACE_BOUND('',#1844,.F.);
#1844 = EDGE_LOOP('',(#1845,#1846,#1854,#1860));
#1845 = ORIENTED_EDGE('',*,*,#1815,.F.);
#1846 = ORIENTED_EDGE('',*,*,#1847,.T.);
#1847 = EDGE_CURVE('',#1816,#1848,#1850,.T.);
#1848 = VERTEX_POINT('',#1849);
#1849 = CARTESIAN_POINT('',(58.5,22.,19.5));
#1850 = LINE('',#1851,#1852);
#1851 = CARTESIAN_POINT('',(58.5,22.,10.5));
#1852 = VECTOR('',#1853,1.);
#1853 = DIRECTION('',(0.,0.,1.));
#1854 = ORIENTED_EDGE('',*,*,#1855,.T.);
#1855 = EDGE_CURVE('',#1848,#1239,#1856,.T.);
#1856 = LINE('',#1857,#1858);
#1857 = CARTESIAN_POINT('',(58.5,22.,19.5));
#1858 = VECTOR('',#1859,1.);
#1859 = DIRECTION('',(1.,0.,-0.));
#1860 = ORIENTED_EDGE('',*,*,#1246,.F.);
#1861 = PLANE('',#1862);
#1862 = AXIS2_PLACEMENT_3D('',#1863,#1864,#1865);
#1863 = CARTESIAN_POINT('',(58.5,22.,10.5));
#1864 = DIRECTION('',(-0.,1.,0.));
#1865 = DIRECTION('',(0.,0.,1.));
#1866 = ADVANCED_FACE('',(#1867),#1885,.T.);
#1867 = FACE_BOUND('',#1868,.T.);
#1868 = EDGE_LOOP('',(#1869,#1870,#1878,#1884));
#1869 = ORIENTED_EDGE('',*,*,#1831,.F.);
#1870 = ORIENTED_EDGE('',*,*,#1871,.T.);
#1871 = EDGE_CURVE('',#1824,#1872,#1874,.T.);
#1872 = VERTEX_POINT('',#1873);
#1873 = CARTESIAN_POINT('',(58.5,18.,19.5));
#1874 = LINE('',#1875,#1876);
#1875 = CARTESIAN_POINT('',(58.5,18.,10.5));
#1876 = VECTOR('',#1877,1.);
#1877 = DIRECTION('',(0.,0.,1.));
#1878 = ORIENTED_EDGE('',*,*,#1879,.T.);
#1879 = EDGE_CURVE('',#1872,#1231,#1880,.T.);
#1880 = LINE('',#1881,#1882);
#1881 = CARTESIAN_POINT('',(58.5,18.,19.5));
#1882 = VECTOR('',#1883,1.);
#1883 = DIRECTION('',(1.,0.,-0.));
#1884 = ORIENTED_EDGE('',*,*,#1230,.F.);
#1885 = PLANE('',#1886);
#1886 = AXIS2_PLACEMENT_3D('',#1887,#1888,#1889);
#1887 = CARTESIAN_POINT('',(58.5,18.,10.5));
#1888 = DIRECTION('',(-0.,1.,0.));
#1889 = DIRECTION('',(0.,0.,1.));
#1890 = ADVANCED_FACE('',(#1891),#1902,.F.);
#1891 = FACE_BOUND('',#1892,.F.);
#1892 = EDGE_LOOP('',(#1893,#1894,#1900,#1901));
#1893 = ORIENTED_EDGE('',*,*,#1855,.F.);
#1894 = ORIENTED_EDGE('',*,*,#1895,.F.);
#1895 = EDGE_CURVE('',#1872,#1848,#1896,.T.);
#1896 = LINE('',#1897,#1898);
#1897 = CARTESIAN_POINT('',(58.5,18.,19.5));
#1898 = VECTOR('',#1899,1.);
#1899 = DIRECTION('',(-0.,1.,0.));
#1900 = ORIENTED_EDGE('',*,*,#1879,.T.);
#1901 = ORIENTED_EDGE('',*,*,#1238,.F.);
#1902 = PLANE('',#1903);
#1903 = AXIS2_PLACEMENT_3D('',#1904,#1905,#1906);
#1904 = CARTESIAN_POINT('',(58.5,18.,19.5));
#1905 = DIRECTION('',(0.,0.,1.));
#1906 = DIRECTION('',(1.,0.,-0.));
#1907 = ADVANCED_FACE('',(#1908),#1933,.T.);
#1908 = FACE_BOUND('',#1909,.T.);
#1909 = EDGE_LOOP('',(#1910,#1918,#1926,#1932));
#1910 = ORIENTED_EDGE('',*,*,#1911,.F.);
#1911 = EDGE_CURVE('',#1912,#1255,#1914,.T.);
#1912 = VERTEX_POINT('',#1913);
#1913 = CARTESIAN_POINT('',(58.5,12.,10.5));
#1914 = LINE('',#1915,#1916);
#1915 = CARTESIAN_POINT('',(58.5,12.,10.5));
#1916 = VECTOR('',#1917,1.);
#1917 = DIRECTION('',(1.,0.,-0.));
#1918 = ORIENTED_EDGE('',*,*,#1919,.F.);
#1919 = EDGE_CURVE('',#1920,#1912,#1922,.T.);
#1920 = VERTEX_POINT('',#1921);
#1921 = CARTESIAN_POINT('',(58.5,8.,10.5));
#1922 = LINE('',#1923,#1924);
#1923 = CARTESIAN_POINT('',(58.5,8.,10.5));
#1924 = VECTOR('',#1925,1.);
#1925 = DIRECTION('',(-0.,1.,0.));
#1926 = ORIENTED_EDGE('',*,*,#1927,.T.);
#1927 = EDGE_CURVE('',#1920,#1257,#1928,.T.);
#1928 = LINE('',#1929,#1930);
#1929 = CARTESIAN_POINT('',(58.5,8.,10.5));
#1930 = VECTOR('',#1931,1.);
#1931 = DIRECTION('',(1.,0.,-0.));
#1932 = ORIENTED_EDGE('',*,*,#1254,.F.);
#1933 = PLANE('',#1934);
#1934 = AXIS2_PLACEMENT_3D('',#1935,#1936,#1937);
#1935 = CARTESIAN_POINT('',(58.5,8.,10.5));
#1936 = DIRECTION('',(0.,0.,1.));
#1937 = DIRECTION('',(1.,0.,-0.));
#1938 = ADVANCED_FACE('',(#1939),#1957,.F.);
#1939 = FACE_BOUND('',#1940,.F.);
#1940 = EDGE_LOOP('',(#1941,#1942,#1950,#1956));
#1941 = ORIENTED_EDGE('',*,*,#1911,.F.);
#1942 = ORIENTED_EDGE('',*,*,#1943,.T.);
#1943 = EDGE_CURVE('',#1912,#1944,#1946,.T.);
#1944 = VERTEX_POINT('',#1945);
#1945 = CARTESIAN_POINT('',(58.5,12.,19.5));
#1946 = LINE('',#1947,#1948);
#1947 = CARTESIAN_POINT('',(58.5,12.,10.5));
#1948 = VECTOR('',#1949,1.);
#1949 = DIRECTION('',(0.,0.,1.));
#1950 = ORIENTED_EDGE('',*,*,#1951,.T.);
#1951 = EDGE_CURVE('',#1944,#1273,#1952,.T.);
#1952 = LINE('',#1953,#1954);
#1953 = CARTESIAN_POINT('',(58.5,12.,19.5));
#1954 = VECTOR('',#1955,1.);
#1955 = DIRECTION('',(1.,0.,-0.));
#1956 = ORIENTED_EDGE('',*,*,#1280,.F.);
#1957 = PLANE('',#1958);
#1958 = AXIS2_PLACEMENT_3D('',#1959,#1960,#1961);
#1959 = CARTESIAN_POINT('',(58.5,12.,10.5));
#1960 = DIRECTION('',(-0.,1.,0.));
#1961 = DIRECTION('',(0.,0.,1.));
#1962 = ADVANCED_FACE('',(#1963),#1981,.T.);
#1963 = FACE_BOUND('',#1964,.T.);
#1964 = EDGE_LOOP('',(#1965,#1966,#1974,#1980));
#1965 = ORIENTED_EDGE('',*,*,#1927,.F.);
#1966 = ORIENTED_EDGE('',*,*,#1967,.T.);
#1967 = EDGE_CURVE('',#1920,#1968,#1970,.T.);
#1968 = VERTEX_POINT('',#1969);
#1969 = CARTESIAN_POINT('',(58.5,8.,19.5));
#1970 = LINE('',#1971,#1972);
#1971 = CARTESIAN_POINT('',(58.5,8.,10.5));
#1972 = VECTOR('',#1973,1.);
#1973 = DIRECTION('',(0.,0.,1.));
#1974 = ORIENTED_EDGE('',*,*,#1975,.T.);
#1975 = EDGE_CURVE('',#1968,#1265,#1976,.T.);
#1976 = LINE('',#1977,#1978);
#1977 = CARTESIAN_POINT('',(58.5,8.,19.5));
#1978 = VECTOR('',#1979,1.);
#1979 = DIRECTION('',(1.,0.,-0.));
#1980 = ORIENTED_EDGE('',*,*,#1264,.F.);
#1981 = PLANE('',#1982);
#1982 = AXIS2_PLACEMENT_3D('',#1983,#1984,#1985);
#1983 = CARTESIAN_POINT('',(58.5,8.,10.5));
#1984 = DIRECTION('',(-0.,1.,0.));
#1985 = DIRECTION('',(0.,0.,1.));
#1986 = ADVANCED_FACE('',(#1987),#1998,.F.);
#1987 = FACE_BOUND('',#1988,.F.);
#1988 = EDGE_LOOP('',(#1989,#1990,#1996,#1997));
#1989 = ORIENTED_EDGE('',*,*,#1951,.F.);
#1990 = ORIENTED_EDGE('',*,*,#1991,.F.);
#1991 = EDGE_CURVE('',#1968,#1944,#1992,.T.);
#1992 = LINE('',#1993,#1994);
#1993 = CARTESIAN_POINT('',(58.5,8.,19.5));
#1994 = VECTOR('',#1995,1.);
#1995 = DIRECTION('',(-0.,1.,0.));
#1996 = ORIENTED_EDGE('',*,*,#1975,.T.);
#1997 = ORIENTED_EDGE('',*,*,#1272,.F.);
#1998 = PLANE('',#1999);
#1999 = AXIS2_PLACEMENT_3D('',#2000,#2001,#2002);
#2000 = CARTESIAN_POINT('',(58.5,8.,19.5));
#2001 = DIRECTION('',(0.,0.,1.));
#2002 = DIRECTION('',(1.,0.,-0.));
#2003 = ADVANCED_FACE('',(#2004),#2014,.T.);
#2004 = FACE_BOUND('',#2005,.T.);
#2005 = EDGE_LOOP('',(#2006,#2007,#2013));
#2006 = ORIENTED_EDGE('',*,*,#1376,.F.);
#2007 = ORIENTED_EDGE('',*,*,#2008,.T.);
#2008 = EDGE_CURVE('',#1353,#1297,#2009,.T.);
#2009 = LINE('',#2010,#2011);
#2010 = CARTESIAN_POINT('',(59.5,0.375,29.875));
#2011 = VECTOR('',#2012,1.);
#2012 = DIRECTION('',(-7.984808789805E-15,-0.707106781187,
    -0.707106781187));
#2013 = ORIENTED_EDGE('',*,*,#1296,.F.);
#2014 = PLANE('',#2015);
#2015 = AXIS2_PLACEMENT_3D('',#2016,#2017,#2018);
#2016 = CARTESIAN_POINT('',(59.5,0.5,30.));
#2017 = DIRECTION('',(0.57735026919,-0.57735026919,0.57735026919));
#2018 = DIRECTION('',(-0.707106781187,-0.707106781187,5.060967988116E-15
    ));
#2019 = ADVANCED_FACE('',(#2020),#2026,.F.);
#2020 = FACE_BOUND('',#2021,.T.);
#2021 = EDGE_LOOP('',(#2022,#2023,#2024,#2025));
#2022 = ORIENTED_EDGE('',*,*,#1336,.T.);
#2023 = ORIENTED_EDGE('',*,*,#1320,.T.);
#2024 = ORIENTED_EDGE('',*,*,#2008,.F.);
#2025 = ORIENTED_EDGE('',*,*,#1352,.F.);
#2026 = PLANE('',#2027);
#2027 = AXIS2_PLACEMENT_3D('',#2028,#2029,#2030);
#2028 = CARTESIAN_POINT('',(0.,0.25,29.75));
#2029 = DIRECTION('',(1.889513820523E-18,0.707106781187,-0.707106781187)
  );
#2030 = DIRECTION('',(-1.,1.336088035637E-18,-1.336088035637E-18));
#2031 = ADVANCED_FACE('',(#2032),#2042,.T.);
#2032 = FACE_BOUND('',#2033,.T.);
#2033 = EDGE_LOOP('',(#2034,#2035,#2041));
#2034 = ORIENTED_EDGE('',*,*,#1504,.F.);
#2035 = ORIENTED_EDGE('',*,*,#2036,.T.);
#2036 = EDGE_CURVE('',#1481,#1422,#2037,.T.);
#2037 = LINE('',#2038,#2039);
#2038 = CARTESIAN_POINT('',(59.5,29.875,29.625));
#2039 = VECTOR('',#2040,1.);
#2040 = DIRECTION('',(5.040039786435E-15,-0.707106781187,0.707106781187)
  );
#2041 = ORIENTED_EDGE('',*,*,#1431,.F.);
#2042 = PLANE('',#2043);
#2043 = AXIS2_PLACEMENT_3D('',#2044,#2045,#2046);
#2044 = CARTESIAN_POINT('',(59.5,30.,29.5));
#2045 = DIRECTION('',(0.57735026919,0.57735026919,0.57735026919));
#2046 = DIRECTION('',(-0.707106781187,2.121067874061E-17,0.707106781187)
  );
#2047 = ADVANCED_FACE('',(#2048),#2054,.T.);
#2048 = FACE_BOUND('',#2049,.F.);
#2049 = EDGE_LOOP('',(#2050,#2051,#2052,#2053));
#2050 = ORIENTED_EDGE('',*,*,#1463,.F.);
#2051 = ORIENTED_EDGE('',*,*,#1480,.T.);
#2052 = ORIENTED_EDGE('',*,*,#2036,.T.);
#2053 = ORIENTED_EDGE('',*,*,#1448,.F.);
#2054 = PLANE('',#2055);
#2055 = AXIS2_PLACEMENT_3D('',#2056,#2057,#2058);
#2056 = CARTESIAN_POINT('',(0.,29.75,29.75));
#2057 = DIRECTION('',(-1.889513820523E-18,0.707106781187,0.707106781187)
  );
#2058 = DIRECTION('',(-1.,-1.336088035637E-18,-1.336088035637E-18));
#2059 = ADVANCED_FACE('',(#2060),#2070,.T.);
#2060 = FACE_BOUND('',#2061,.T.);
#2061 = EDGE_LOOP('',(#2062,#2063,#2069));
#2062 = ORIENTED_EDGE('',*,*,#1603,.F.);
#2063 = ORIENTED_EDGE('',*,*,#2064,.T.);
#2064 = EDGE_CURVE('',#1579,#1520,#2065,.T.);
#2065 = LINE('',#2066,#2067);
#2066 = CARTESIAN_POINT('',(59.5,29.625,0.125));
#2067 = VECTOR('',#2068,1.);
#2068 = DIRECTION('',(9.9187576971E-15,0.707106781187,0.707106781187));
#2069 = ORIENTED_EDGE('',*,*,#1519,.F.);
#2070 = PLANE('',#2071);
#2071 = AXIS2_PLACEMENT_3D('',#2072,#2073,#2074);
#2072 = CARTESIAN_POINT('',(59.5,29.5,4.123888678798E-16));
#2073 = DIRECTION('',(0.57735026919,0.57735026919,-0.57735026919));
#2074 = DIRECTION('',(-0.707106781187,0.707106781187,-7.100700917892E-15
    ));
#2075 = ADVANCED_FACE('',(#2076),#2082,.F.);
#2076 = FACE_BOUND('',#2077,.T.);
#2077 = EDGE_LOOP('',(#2078,#2079,#2080,#2081));
#2078 = ORIENTED_EDGE('',*,*,#1561,.T.);
#2079 = ORIENTED_EDGE('',*,*,#1543,.T.);
#2080 = ORIENTED_EDGE('',*,*,#2064,.F.);
#2081 = ORIENTED_EDGE('',*,*,#1586,.F.);
#2082 = PLANE('',#2083);
#2083 = AXIS2_PLACEMENT_3D('',#2084,#2085,#2086);
#2084 = CARTESIAN_POINT('',(0.,29.75,0.25));
#2085 = DIRECTION('',(1.889513820523E-18,-0.707106781187,0.707106781187)
  );
#2086 = DIRECTION('',(-1.,-1.336088035637E-18,1.336088035637E-18));
#2087 = ADVANCED_FACE('',(#2088,#2094),#2105,.T.);
#2088 = FACE_BOUND('',#2089,.T.);
#2089 = EDGE_LOOP('',(#2090,#2091,#2092,#2093));
#2090 = ORIENTED_EDGE('',*,*,#1871,.F.);
#2091 = ORIENTED_EDGE('',*,*,#1823,.T.);
#2092 = ORIENTED_EDGE('',*,*,#1847,.T.);
#2093 = ORIENTED_EDGE('',*,*,#1895,.F.);
#2094 = FACE_BOUND('',#2095,.T.);
#2095 = EDGE_LOOP('',(#2096));
#2096 = ORIENTED_EDGE('',*,*,#2097,.T.);
#2097 = EDGE_CURVE('',#2098,#2098,#2100,.T.);
#2098 = VERTEX_POINT('',#2099);
#2099 = CARTESIAN_POINT('',(58.5,20.,13.75));
#2100 = CIRCLE('',#2101,1.25);
#2101 = AXIS2_PLACEMENT_3D('',#2102,#2103,#2104);
#2102 = CARTESIAN_POINT('',(58.5,20.,15.));
#2103 = DIRECTION('',(-1.,0.,0.));
#2104 = DIRECTION('',(0.,0.,-1.));
#2105 = PLANE('',#2106);
#2106 = AXIS2_PLACEMENT_3D('',#2107,#2108,#2109);
#2107 = CARTESIAN_POINT('',(58.5,18.,10.5));
#2108 = DIRECTION('',(1.,0.,-0.));
#2109 = DIRECTION('',(0.,0.,1.));
#2110 = ADVANCED_FACE('',(#2111,#2117),#2128,.T.);
#2111 = FACE_BOUND('',#2112,.T.);
#2112 = EDGE_LOOP('',(#2113,#2114,#2115,#2116));
#2113 = ORIENTED_EDGE('',*,*,#1967,.F.);
#2114 = ORIENTED_EDGE('',*,*,#1919,.T.);
#2115 = ORIENTED_EDGE('',*,*,#1943,.T.);
#2116 = ORIENTED_EDGE('',*,*,#1991,.F.);
#2117 = FACE_BOUND('',#2118,.T.);
#2118 = EDGE_LOOP('',(#2119));
#2119 = ORIENTED_EDGE('',*,*,#2120,.T.);
#2120 = EDGE_CURVE('',#2121,#2121,#2123,.T.);
#2121 = VERTEX_POINT('',#2122);
#2122 = CARTESIAN_POINT('',(58.5,10.,13.75));
#2123 = CIRCLE('',#2124,1.25);
#2124 = AXIS2_PLACEMENT_3D('',#2125,#2126,#2127);
#2125 = CARTESIAN_POINT('',(58.5,10.,15.));
#2126 = DIRECTION('',(-1.,0.,0.));
#2127 = DIRECTION('',(0.,0.,-1.));
#2128 = PLANE('',#2129);
#2129 = AXIS2_PLACEMENT_3D('',#2130,#2131,#2132);
#2130 = CARTESIAN_POINT('',(58.5,8.,10.5));
#2131 = DIRECTION('',(1.,0.,-0.));
#2132 = DIRECTION('',(0.,0.,1.));
#2133 = ADVANCED_FACE('',(#2134),#2153,.F.);
#2134 = FACE_BOUND('',#2135,.F.);
#2135 = EDGE_LOOP('',(#2136,#2144,#2151,#2152));
#2136 = ORIENTED_EDGE('',*,*,#2137,.T.);
#2137 = EDGE_CURVE('',#2098,#2138,#2140,.T.);
#2138 = VERTEX_POINT('',#2139);
#2139 = CARTESIAN_POINT('',(52.5,20.,13.75));
#2140 = LINE('',#2141,#2142);
#2141 = CARTESIAN_POINT('',(58.51,20.,13.75));
#2142 = VECTOR('',#2143,1.);
#2143 = DIRECTION('',(-1.,0.,0.));
#2144 = ORIENTED_EDGE('',*,*,#2145,.F.);
#2145 = EDGE_CURVE('',#2138,#2138,#2146,.T.);
#2146 = CIRCLE('',#2147,1.25);
#2147 = AXIS2_PLACEMENT_3D('',#2148,#2149,#2150);
#2148 = CARTESIAN_POINT('',(52.5,20.,15.));
#2149 = DIRECTION('',(-1.,0.,0.));
#2150 = DIRECTION('',(0.,0.,-1.));
#2151 = ORIENTED_EDGE('',*,*,#2137,.F.);
#2152 = ORIENTED_EDGE('',*,*,#2097,.T.);
#2153 = CYLINDRICAL_SURFACE('',#2154,1.25);
#2154 = AXIS2_PLACEMENT_3D('',#2155,#2156,#2157);
#2155 = CARTESIAN_POINT('',(58.51,20.,15.));
#2156 = DIRECTION('',(-1.,0.,0.));
#2157 = DIRECTION('',(0.,0.,-1.));
#2158 = ADVANCED_FACE('',(#2159),#2178,.F.);
#2159 = FACE_BOUND('',#2160,.F.);
#2160 = EDGE_LOOP('',(#2161,#2169,#2176,#2177));
#2161 = ORIENTED_EDGE('',*,*,#2162,.T.);
#2162 = EDGE_CURVE('',#2121,#2163,#2165,.T.);
#2163 = VERTEX_POINT('',#2164);
#2164 = CARTESIAN_POINT('',(52.5,10.,13.75));
#2165 = LINE('',#2166,#2167);
#2166 = CARTESIAN_POINT('',(58.51,10.,13.75));
#2167 = VECTOR('',#2168,1.);
#2168 = DIRECTION('',(-1.,0.,0.));
#2169 = ORIENTED_EDGE('',*,*,#2170,.F.);
#2170 = EDGE_CURVE('',#2163,#2163,#2171,.T.);
#2171 = CIRCLE('',#2172,1.25);
#2172 = AXIS2_PLACEMENT_3D('',#2173,#2174,#2175);
#2173 = CARTESIAN_POINT('',(52.5,10.,15.));
#2174 = DIRECTION('',(-1.,0.,0.));
#2175 = DIRECTION('',(0.,0.,-1.));
#2176 = ORIENTED_EDGE('',*,*,#2162,.F.);
#2177 = ORIENTED_EDGE('',*,*,#2120,.T.);
#2178 = CYLINDRICAL_SURFACE('',#2179,1.25);
#2179 = AXIS2_PLACEMENT_3D('',#2180,#2181,#2182);
#2180 = CARTESIAN_POINT('',(58.51,10.,15.));
#2181 = DIRECTION('',(-1.,0.,0.));
#2182 = DIRECTION('',(0.,0.,-1.));
#2183 = ADVANCED_FACE('',(#2184),#2187,.F.);
#2184 = FACE_BOUND('',#2185,.F.);
#2185 = EDGE_LOOP('',(#2186));
#2186 = ORIENTED_EDGE('',*,*,#2145,.T.);
#2187 = PLANE('',#2188);
#2188 = AXIS2_PLACEMENT_3D('',#2189,#2190,#2191);
#2189 = CARTESIAN_POINT('',(52.5,20.,15.));
#2190 = DIRECTION('',(-1.,0.,0.));
#2191 = DIRECTION('',(0.,0.,-1.));
#2192 = ADVANCED_FACE('',(#2193),#2196,.F.);
#2193 = FACE_BOUND('',#2194,.F.);
#2194 = EDGE_LOOP('',(#2195));
#2195 = ORIENTED_EDGE('',*,*,#2170,.T.);
#2196 = PLANE('',#2197);
#2197 = AXIS2_PLACEMENT_3D('',#2198,#2199,#2200);
#2198 = CARTESIAN_POINT('',(52.5,10.,15.));
#2199 = DIRECTION('',(-1.,0.,0.));
#2200 = DIRECTION('',(0.,0.,-1.));
#2201 = ( GEOMETRIC_REPRESENTATION_CONTEXT(3) 
GLOBAL_UNCERTAINTY_ASSIGNED_CONTEXT((#2205)) 
GLOBAL_UNIT_ASSIGNED_CONTEXT((#2202,#2203,#2204)) REPRESENTATION_CONTEXT
('Context #1','3D Context with UNIT and UNCERTAINTY') );
#2202 = ( LENGTH_UNIT() NAMED_UNIT(*) SI_UNIT(.MILLI.,.METRE.) );
#2203 = ( NAMED_UNIT(*) PLANE_ANGLE_UNIT() SI_UNIT($,.RADIAN.) );
#2204 = ( NAMED_UNIT(*) SI_UNIT($,.STERADIAN.) SOLID_ANGLE_UNIT() );
#2205 = UNCERTAINTY_MEASURE_WITH_UNIT(LENGTH_MEASURE(1.E-07),#2202,
  'distance_accuracy_value','confusion accuracy');
#2206 = CONTEXT_DEPENDENT_SHAPE_REPRESENTATION(#2207,#2209);
#2207 = ( REPRESENTATION_RELATIONSHIP('','',#44,#10) 
REPRESENTATION_RELATIONSHIP_WITH_TRANSFORMATION(#2208) 
SHAPE_REPRESENTATION_RELATIONSHIP() );
#2208 = ITEM_DEFINED_TRANSFORMATION('','',#11,#15);
#2209 = PRODUCT_DEFINITION_SHAPE('Placement','Placement of an item',
  #2210);
#2210 = NEXT_ASSEMBLY_USAGE_OCCURRENCE('1','housing','',#5,#39,$);
#2211 = PRODUCT_RELATED_PRODUCT_CATEGORY('part',$,(#41));
#2212 = SHAPE_DEFINITION_REPRESENTATION(#2213,#2219);
#2213 = PRODUCT_DEFINITION_SHAPE('','',#2214);
#2214 = PRODUCT_DEFINITION('design','',#2215,#2218);
#2215 = PRODUCT_DEFINITION_FORMATION('','',#2216);
#2216 = PRODUCT('output_shaft','output_shaft','',(#2217));
#2217 = PRODUCT_CONTEXT('',#2,'mechanical');
#2218 = PRODUCT_DEFINITION_CONTEXT('part definition',#2,'design');
#2219 = ADVANCED_BREP_SHAPE_REPRESENTATION('',(#11,#2220),#2374);
#2220 = MANIFOLD_SOLID_BREP('',#2221);
#2221 = CLOSED_SHELL('',(#2222,#2264,#2296,#2320,#2345,#2362));
#2222 = ADVANCED_FACE('',(#2223),#2259,.T.);
#2223 = FACE_BOUND('',#2224,.T.);
#2224 = EDGE_LOOP('',(#2225,#2236,#2244,#2253));
#2225 = ORIENTED_EDGE('',*,*,#2226,.T.);
#2226 = EDGE_CURVE('',#2227,#2229,#2231,.T.);
#2227 = VERTEX_POINT('',#2228);
#2228 = CARTESIAN_POINT('',(1.,16.519868415357,16.3));
#2229 = VERTEX_POINT('',#2230);
#2230 = CARTESIAN_POINT('',(1.,16.519868415357,13.7));
#2231 = CIRCLE('',#2232,2.);
#2232 = AXIS2_PLACEMENT_3D('',#2233,#2234,#2235);
#2233 = CARTESIAN_POINT('',(1.,15.,15.));
#2234 = DIRECTION('',(-1.,0.,0.));
#2235 = DIRECTION('',(0.,0.,-1.));
#2236 = ORIENTED_EDGE('',*,*,#2237,.T.);
#2237 = EDGE_CURVE('',#2229,#2238,#2240,.T.);
#2238 = VERTEX_POINT('',#2239);
#2239 = CARTESIAN_POINT('',(-7.5,16.519868415357,13.7));
#2240 = LINE('',#2241,#2242);
#2241 = CARTESIAN_POINT('',(1.,16.519868415357,13.7));
#2242 = VECTOR('',#2243,1.);
#2243 = DIRECTION('',(-1.,0.,0.));
#2244 = ORIENTED_EDGE('',*,*,#2245,.F.);
#2245 = EDGE_CURVE('',#2246,#2238,#2248,.T.);
#2246 = VERTEX_POINT('',#2247);
#2247 = CARTESIAN_POINT('',(-7.5,16.519868415357,16.3));
#2248 = CIRCLE('',#2249,2.);
#2249 = AXIS2_PLACEMENT_3D('',#2250,#2251,#2252);
#2250 = CARTESIAN_POINT('',(-7.5,15.,15.));
#2251 = DIRECTION('',(-1.,0.,0.));
#2252 = DIRECTION('',(0.,0.,-1.));
#2253 = ORIENTED_EDGE('',*,*,#2254,.F.);
#2254 = EDGE_CURVE('',#2227,#2246,#2255,.T.);
#2255 = LINE('',#2256,#2257);
#2256 = CARTESIAN_POINT('',(1.,16.519868415357,16.3));
#2257 = VECTOR('',#2258,1.);
#2258 = DIRECTION('',(-1.,0.,0.));
#2259 = CYLINDRICAL_SURFACE('',#2260,2.);
#2260 = AXIS2_PLACEMENT_3D('',#2261,#2262,#2263);
#2261 = CARTESIAN_POINT('',(1.,15.,15.));
#2262 = DIRECTION('',(-1.,0.,0.));
#2263 = DIRECTION('',(0.,0.,-1.));
#2264 = ADVANCED_FACE('',(#2265),#2291,.F.);
#2265 = FACE_BOUND('',#2266,.F.);
#2266 = EDGE_LOOP('',(#2267,#2275,#2276,#2284));
#2267 = ORIENTED_EDGE('',*,*,#2268,.T.);
#2268 = EDGE_CURVE('',#2269,#2227,#2271,.T.);
#2269 = VERTEX_POINT('',#2270);
#2270 = CARTESIAN_POINT('',(1.,13.480131584643,16.3));
#2271 = LINE('',#2272,#2273);
#2272 = CARTESIAN_POINT('',(1.,12.,16.3));
#2273 = VECTOR('',#2274,1.);
#2274 = DIRECTION('',(-0.,1.,0.));
#2275 = ORIENTED_EDGE('',*,*,#2226,.T.);
#2276 = ORIENTED_EDGE('',*,*,#2277,.F.);
#2277 = EDGE_CURVE('',#2278,#2229,#2280,.T.);
#2278 = VERTEX_POINT('',#2279);
#2279 = CARTESIAN_POINT('',(1.,13.480131584643,13.7));
#2280 = LINE('',#2281,#2282);
#2281 = CARTESIAN_POINT('',(1.,12.,13.7));
#2282 = VECTOR('',#2283,1.);
#2283 = DIRECTION('',(-0.,1.,0.));
#2284 = ORIENTED_EDGE('',*,*,#2285,.T.);
#2285 = EDGE_CURVE('',#2278,#2269,#2286,.T.);
#2286 = CIRCLE('',#2287,2.);
#2287 = AXIS2_PLACEMENT_3D('',#2288,#2289,#2290);
#2288 = CARTESIAN_POINT('',(1.,15.,15.));
#2289 = DIRECTION('',(-1.,0.,0.));
#2290 = DIRECTION('',(0.,0.,-1.));
#2291 = PLANE('',#2292);
#2292 = AXIS2_PLACEMENT_3D('',#2293,#2294,#2295);
#2293 = CARTESIAN_POINT('',(1.,15.,15.));
#2294 = DIRECTION('',(-1.,0.,0.));
#2295 = DIRECTION('',(0.,0.,-1.));
#2296 = ADVANCED_FACE('',(#2297),#2315,.T.);
#2297 = FACE_BOUND('',#2298,.T.);
#2298 = EDGE_LOOP('',(#2299,#2300,#2301,#2309));
#2299 = ORIENTED_EDGE('',*,*,#2268,.T.);
#2300 = ORIENTED_EDGE('',*,*,#2254,.T.);
#2301 = ORIENTED_EDGE('',*,*,#2302,.F.);
#2302 = EDGE_CURVE('',#2303,#2246,#2305,.T.);
#2303 = VERTEX_POINT('',#2304);
#2304 = CARTESIAN_POINT('',(-7.5,13.480131584643,16.3));
#2305 = LINE('',#2306,#2307);
#2306 = CARTESIAN_POINT('',(-7.5,13.5,16.3));
#2307 = VECTOR('',#2308,1.);
#2308 = DIRECTION('',(0.,1.,-0.));
#2309 = ORIENTED_EDGE('',*,*,#2310,.F.);
#2310 = EDGE_CURVE('',#2269,#2303,#2311,.T.);
#2311 = LINE('',#2312,#2313);
#2312 = CARTESIAN_POINT('',(1.,13.480131584643,16.3));
#2313 = VECTOR('',#2314,1.);
#2314 = DIRECTION('',(-1.,0.,0.));
#2315 = PLANE('',#2316);
#2316 = AXIS2_PLACEMENT_3D('',#2317,#2318,#2319);
#2317 = CARTESIAN_POINT('',(-8.5,12.,16.3));
#2318 = DIRECTION('',(0.,0.,1.));
#2319 = DIRECTION('',(1.,0.,-0.));
#2320 = ADVANCED_FACE('',(#2321),#2340,.T.);
#2321 = FACE_BOUND('',#2322,.T.);
#2322 = EDGE_LOOP('',(#2323,#2324,#2325,#2333));
#2323 = ORIENTED_EDGE('',*,*,#2302,.T.);
#2324 = ORIENTED_EDGE('',*,*,#2245,.T.);
#2325 = ORIENTED_EDGE('',*,*,#2326,.F.);
#2326 = EDGE_CURVE('',#2327,#2238,#2329,.T.);
#2327 = VERTEX_POINT('',#2328);
#2328 = CARTESIAN_POINT('',(-7.5,13.480131584643,13.7));
#2329 = LINE('',#2330,#2331);
#2330 = CARTESIAN_POINT('',(-7.5,13.5,13.7));
#2331 = VECTOR('',#2332,1.);
#2332 = DIRECTION('',(0.,1.,-0.));
#2333 = ORIENTED_EDGE('',*,*,#2334,.T.);
#2334 = EDGE_CURVE('',#2327,#2303,#2335,.T.);
#2335 = CIRCLE('',#2336,2.);
#2336 = AXIS2_PLACEMENT_3D('',#2337,#2338,#2339);
#2337 = CARTESIAN_POINT('',(-7.5,15.,15.));
#2338 = DIRECTION('',(-1.,0.,0.));
#2339 = DIRECTION('',(0.,0.,-1.));
#2340 = PLANE('',#2341);
#2341 = AXIS2_PLACEMENT_3D('',#2342,#2343,#2344);
#2342 = CARTESIAN_POINT('',(-7.5,15.,15.));
#2343 = DIRECTION('',(-1.,0.,0.));
#2344 = DIRECTION('',(0.,0.,-1.));
#2345 = ADVANCED_FACE('',(#2346),#2357,.F.);
#2346 = FACE_BOUND('',#2347,.F.);
#2347 = EDGE_LOOP('',(#2348,#2349,#2350,#2351));
#2348 = ORIENTED_EDGE('',*,*,#2277,.T.);
#2349 = ORIENTED_EDGE('',*,*,#2237,.T.);
#2350 = ORIENTED_EDGE('',*,*,#2326,.F.);
#2351 = ORIENTED_EDGE('',*,*,#2352,.F.);
#2352 = EDGE_CURVE('',#2278,#2327,#2353,.T.);
#2353 = LINE('',#2354,#2355);
#2354 = CARTESIAN_POINT('',(1.,13.480131584643,13.7));
#2355 = VECTOR('',#2356,1.);
#2356 = DIRECTION('',(-1.,0.,0.));
#2357 = PLANE('',#2358);
#2358 = AXIS2_PLACEMENT_3D('',#2359,#2360,#2361);
#2359 = CARTESIAN_POINT('',(-8.5,12.,13.7));
#2360 = DIRECTION('',(0.,0.,1.));
#2361 = DIRECTION('',(1.,0.,-0.));
#2362 = ADVANCED_FACE('',(#2363),#2369,.T.);
#2363 = FACE_BOUND('',#2364,.T.);
#2364 = EDGE_LOOP('',(#2365,#2366,#2367,#2368));
#2365 = ORIENTED_EDGE('',*,*,#2334,.F.);
#2366 = ORIENTED_EDGE('',*,*,#2352,.F.);
#2367 = ORIENTED_EDGE('',*,*,#2285,.T.);
#2368 = ORIENTED_EDGE('',*,*,#2310,.T.);
#2369 = CYLINDRICAL_SURFACE('',#2370,2.);
#2370 = AXIS2_PLACEMENT_3D('',#2371,#2372,#2373);
#2371 = CARTESIAN_POINT('',(1.,15.,15.));
#2372 = DIRECTION('',(-1.,0.,0.));
#2373 = DIRECTION('',(0.,0.,-1.));
#2374 = ( GEOMETRIC_REPRESENTATION_CONTEXT(3) 
GLOBAL_UNCERTAINTY_ASSIGNED_CONTEXT((#2378)) 
GLOBAL_UNIT_ASSIGNED_CONTEXT((#2375,#2376,#2377)) REPRESENTATION_CONTEXT
('Context #1','3D Context with UNIT and UNCERTAINTY') );
#2375 = ( LENGTH_UNIT() NAMED_UNIT(*) SI_UNIT(.MILLI.,.METRE.) );
#2376 = ( NAMED_UNIT(*) PLANE_ANGLE_UNIT() SI_UNIT($,.RADIAN.) );
#2377 = ( NAMED_UNIT(*) SI_UNIT($,.STERADIAN.) SOLID_ANGLE_UNIT() );
#2378 = UNCERTAINTY_MEASURE_WITH_UNIT(LENGTH_MEASURE(1.E-07),#2375,
  'distance_accuracy_value','confusion accuracy');
#2379 = CONTEXT_DEPENDENT_SHAPE_REPRESENTATION(#2380,#2382);
#2380 = ( REPRESENTATION_RELATIONSHIP('','',#2219,#10) 
REPRESENTATION_RELATIONSHIP_WITH_TRANSFORMATION(#2381) 
SHAPE_REPRESENTATION_RELATIONSHIP() );
#2381 = ITEM_DEFINED_TRANSFORMATION('','',#11,#19);
#2382 = PRODUCT_DEFINITION_SHAPE('Placement','Placement of an item',
  #2383);
#2383 = NEXT_ASSEMBLY_USAGE_OCCURRENCE('2','output_shaft','',#5,#2214,$
  );
#2384 = PRODUCT_RELATED_PRODUCT_CATEGORY('part',$,(#2216));
#2385 = SHAPE_DEFINITION_REPRESENTATION(#2386,#2392);
#2386 = PRODUCT_DEFINITION_SHAPE('','',#2387);
#2387 = PRODUCT_DEFINITION('design','',#2388,#2391);
#2388 = PRODUCT_DEFINITION_FORMATION('','',#2389);
#2389 = PRODUCT('bearing_collar','bearing_collar','',(#2390));
#2390 = PRODUCT_CONTEXT('',#2,'mechanical');
#2391 = PRODUCT_DEFINITION_CONTEXT('part definition',#2,'design');
#2392 = ADVANCED_BREP_SHAPE_REPRESENTATION('',(#11,#2393),#2446);
#2393 = MANIFOLD_SOLID_BREP('',#2394);
#2394 = CLOSED_SHELL('',(#2395,#2428,#2437));
#2395 = ADVANCED_FACE('',(#2396),#2423,.T.);
#2396 = FACE_BOUND('',#2397,.T.);
#2397 = EDGE_LOOP('',(#2398,#2407,#2415,#2422));
#2398 = ORIENTED_EDGE('',*,*,#2399,.F.);
#2399 = EDGE_CURVE('',#2400,#2400,#2402,.T.);
#2400 = VERTEX_POINT('',#2401);
#2401 = CARTESIAN_POINT('',(-1.,15.,11.5));
#2402 = CIRCLE('',#2403,3.5);
#2403 = AXIS2_PLACEMENT_3D('',#2404,#2405,#2406);
#2404 = CARTESIAN_POINT('',(-1.,15.,15.));
#2405 = DIRECTION('',(-1.,0.,0.));
#2406 = DIRECTION('',(0.,0.,-1.));
#2407 = ORIENTED_EDGE('',*,*,#2408,.F.);
#2408 = EDGE_CURVE('',#2409,#2400,#2411,.T.);
#2409 = VERTEX_POINT('',#2410);
#2410 = CARTESIAN_POINT('',(0.,15.,11.5));
#2411 = LINE('',#2412,#2413);
#2412 = CARTESIAN_POINT('',(0.,15.,11.5));
#2413 = VECTOR('',#2414,1.);
#2414 = DIRECTION('',(-1.,0.,0.));
#2415 = ORIENTED_EDGE('',*,*,#2416,.T.);
#2416 = EDGE_CURVE('',#2409,#2409,#2417,.T.);
#2417 = CIRCLE('',#2418,3.5);
#2418 = AXIS2_PLACEMENT_3D('',#2419,#2420,#2421);
#2419 = CARTESIAN_POINT('',(0.,15.,15.));
#2420 = DIRECTION('',(-1.,0.,0.));
#2421 = DIRECTION('',(0.,0.,-1.));
#2422 = ORIENTED_EDGE('',*,*,#2408,.T.);
#2423 = CYLINDRICAL_SURFACE('',#2424,3.5);
#2424 = AXIS2_PLACEMENT_3D('',#2425,#2426,#2427);
#2425 = CARTESIAN_POINT('',(0.,15.,15.));
#2426 = DIRECTION('',(-1.,0.,0.));
#2427 = DIRECTION('',(0.,0.,-1.));
#2428 = ADVANCED_FACE('',(#2429),#2432,.T.);
#2429 = FACE_BOUND('',#2430,.T.);
#2430 = EDGE_LOOP('',(#2431));
#2431 = ORIENTED_EDGE('',*,*,#2399,.T.);
#2432 = PLANE('',#2433);
#2433 = AXIS2_PLACEMENT_3D('',#2434,#2435,#2436);
#2434 = CARTESIAN_POINT('',(-1.,15.,15.));
#2435 = DIRECTION('',(-1.,0.,0.));
#2436 = DIRECTION('',(0.,0.,-1.));
#2437 = ADVANCED_FACE('',(#2438),#2441,.F.);
#2438 = FACE_BOUND('',#2439,.T.);
#2439 = EDGE_LOOP('',(#2440));
#2440 = ORIENTED_EDGE('',*,*,#2416,.F.);
#2441 = PLANE('',#2442);
#2442 = AXIS2_PLACEMENT_3D('',#2443,#2444,#2445);
#2443 = CARTESIAN_POINT('',(0.,15.,15.));
#2444 = DIRECTION('',(-1.,0.,0.));
#2445 = DIRECTION('',(0.,0.,-1.));
#2446 = ( GEOMETRIC_REPRESENTATION_CONTEXT(3) 
GLOBAL_UNCERTAINTY_ASSIGNED_CONTEXT((#2450)) 
GLOBAL_UNIT_ASSIGNED_CONTEXT((#2447,#2448,#2449)) REPRESENTATION_CONTEXT
('Context #1','3D Context with UNIT and UNCERTAINTY') );
#2447 = ( LENGTH_UNIT() NAMED_UNIT(*) SI_UNIT(.MILLI.,.METRE.) );
#2448 = ( NAMED_UNIT(*) PLANE_ANGLE_UNIT() SI_UNIT($,.RADIAN.) );
#2449 = ( NAMED_UNIT(*) SI_UNIT($,.STERADIAN.) SOLID_ANGLE_UNIT() );
#2450 = UNCERTAINTY_MEASURE_WITH_UNIT(LENGTH_MEASURE(1.E-07),#2447,
  'distance_accuracy_value','confusion accuracy');
#2451 = CONTEXT_DEPENDENT_SHAPE_REPRESENTATION(#2452,#2454);
#2452 = ( REPRESENTATION_RELATIONSHIP('','',#2392,#10) 
REPRESENTATION_RELATIONSHIP_WITH_TRANSFORMATION(#2453) 
SHAPE_REPRESENTATION_RELATIONSHIP() );
#2453 = ITEM_DEFINED_TRANSFORMATION('','',#11,#23);
#2454 = PRODUCT_DEFINITION_SHAPE('Placement','Placement of an item',
  #2455);
#2455 = NEXT_ASSEMBLY_USAGE_OCCURRENCE('3','bearing_collar','',#5,#2387,
  $);
#2456 = PRODUCT_RELATED_PRODUCT_CATEGORY('part',$,(#2389));
#2457 = SHAPE_DEFINITION_REPRESENTATION(#2458,#2464);
#2458 = PRODUCT_DEFINITION_SHAPE('','',#2459);
#2459 = PRODUCT_DEFINITION('design','',#2460,#2463);
#2460 = PRODUCT_DEFINITION_FORMATION('','',#2461);
#2461 = PRODUCT('encoder_header_pins','encoder_header_pins','',(#2462));
#2462 = PRODUCT_CONTEXT('',#2,'mechanical');
#2463 = PRODUCT_DEFINITION_CONTEXT('part definition',#2,'design');
#2464 = SHAPE_REPRESENTATION('',(#11,#2465,#2615,#2765,#2915),#3065);
#2465 = MANIFOLD_SOLID_BREP('',#2466);
#2466 = CLOSED_SHELL('',(#2467,#2507,#2547,#2569,#2591,#2603));
#2467 = ADVANCED_FACE('',(#2468),#2502,.F.);
#2468 = FACE_BOUND('',#2469,.F.);
#2469 = EDGE_LOOP('',(#2470,#2480,#2488,#2496));
#2470 = ORIENTED_EDGE('',*,*,#2471,.F.);
#2471 = EDGE_CURVE('',#2472,#2474,#2476,.T.);
#2472 = VERTEX_POINT('',#2473);
#2473 = CARTESIAN_POINT('',(56.5,10.75,4.08));
#2474 = VERTEX_POINT('',#2475);
#2475 = CARTESIAN_POINT('',(56.5,10.75,4.72));
#2476 = LINE('',#2477,#2478);
#2477 = CARTESIAN_POINT('',(56.5,10.75,4.08));
#2478 = VECTOR('',#2479,1.);
#2479 = DIRECTION('',(0.,0.,1.));
#2480 = ORIENTED_EDGE('',*,*,#2481,.T.);
#2481 = EDGE_CURVE('',#2472,#2482,#2484,.T.);
#2482 = VERTEX_POINT('',#2483);
#2483 = CARTESIAN_POINT('',(56.5,11.39,4.08));
#2484 = LINE('',#2485,#2486);
#2485 = CARTESIAN_POINT('',(56.5,10.75,4.08));
#2486 = VECTOR('',#2487,1.);
#2487 = DIRECTION('',(-0.,1.,0.));
#2488 = ORIENTED_EDGE('',*,*,#2489,.T.);
#2489 = EDGE_CURVE('',#2482,#2490,#2492,.T.);
#2490 = VERTEX_POINT('',#2491);
#2491 = CARTESIAN_POINT('',(56.5,11.39,4.72));
#2492 = LINE('',#2493,#2494);
#2493 = CARTESIAN_POINT('',(56.5,11.39,4.08));
#2494 = VECTOR('',#2495,1.);
#2495 = DIRECTION('',(0.,0.,1.));
#2496 = ORIENTED_EDGE('',*,*,#2497,.F.);
#2497 = EDGE_CURVE('',#2474,#2490,#2498,.T.);
#2498 = LINE('',#2499,#2500);
#2499 = CARTESIAN_POINT('',(56.5,10.75,4.72));
#2500 = VECTOR('',#2501,1.);
#2501 = DIRECTION('',(-0.,1.,0.));
#2502 = PLANE('',#2503);
#2503 = AXIS2_PLACEMENT_3D('',#2504,#2505,#2506);
#2504 = CARTESIAN_POINT('',(56.5,10.75,4.08));
#2505 = DIRECTION('',(1.,0.,-0.));
#2506 = DIRECTION('',(0.,0.,1.));
#2507 = ADVANCED_FACE('',(#2508),#2542,.T.);
#2508 = FACE_BOUND('',#2509,.T.);
#2509 = EDGE_LOOP('',(#2510,#2520,#2528,#2536));
#2510 = ORIENTED_EDGE('',*,*,#2511,.F.);
#2511 = EDGE_CURVE('',#2512,#2514,#2516,.T.);
#2512 = VERTEX_POINT('',#2513);
#2513 = CARTESIAN_POINT('',(58.,10.75,4.08));
#2514 = VERTEX_POINT('',#2515);
#2515 = CARTESIAN_POINT('',(58.,10.75,4.72));
#2516 = LINE('',#2517,#2518);
#2517 = CARTESIAN_POINT('',(58.,10.75,4.08));
#2518 = VECTOR('',#2519,1.);
#2519 = DIRECTION('',(0.,0.,1.));
#2520 = ORIENTED_EDGE('',*,*,#2521,.T.);
#2521 = EDGE_CURVE('',#2512,#2522,#2524,.T.);
#2522 = VERTEX_POINT('',#2523);
#2523 = CARTESIAN_POINT('',(58.,11.39,4.08));
#2524 = LINE('',#2525,#2526);
#2525 = CARTESIAN_POINT('',(58.,10.75,4.08));
#2526 = VECTOR('',#2527,1.);
#2527 = DIRECTION('',(-0.,1.,0.));
#2528 = ORIENTED_EDGE('',*,*,#2529,.T.);
#2529 = EDGE_CURVE('',#2522,#2530,#2532,.T.);
#2530 = VERTEX_POINT('',#2531);
#2531 = CARTESIAN_POINT('',(58.,11.39,4.72));
#2532 = LINE('',#2533,#2534);
#2533 = CARTESIAN_POINT('',(58.,11.39,4.08));
#2534 = VECTOR('',#2535,1.);
#2535 = DIRECTION('',(0.,0.,1.));
#2536 = ORIENTED_EDGE('',*,*,#2537,.F.);
#2537 = EDGE_CURVE('',#2514,#2530,#2538,.T.);
#2538 = LINE('',#2539,#2540);
#2539 = CARTESIAN_POINT('',(58.,10.75,4.72));
#2540 = VECTOR('',#2541,1.);
#2541 = DIRECTION('',(-0.,1.,0.));
#2542 = PLANE('',#2543);
#2543 = AXIS2_PLACEMENT_3D('',#2544,#2545,#2546);
#2544 = CARTESIAN_POINT('',(58.,10.75,4.08));
#2545 = DIRECTION('',(1.,0.,-0.));
#2546 = DIRECTION('',(0.,0.,1.));
#2547 = ADVANCED_FACE('',(#2548),#2564,.F.);
#2548 = FACE_BOUND('',#2549,.F.);
#2549 = EDGE_LOOP('',(#2550,#2556,#2557,#2563));
#2550 = ORIENTED_EDGE('',*,*,#2551,.F.);
#2551 = EDGE_CURVE('',#2472,#2512,#2552,.T.);
#2552 = LINE('',#2553,#2554);
#2553 = CARTESIAN_POINT('',(56.5,10.75,4.08));
#2554 = VECTOR('',#2555,1.);
#2555 = DIRECTION('',(1.,0.,-0.));
#2556 = ORIENTED_EDGE('',*,*,#2471,.T.);
#2557 = ORIENTED_EDGE('',*,*,#2558,.T.);
#2558 = EDGE_CURVE('',#2474,#2514,#2559,.T.);
#2559 = LINE('',#2560,#2561);
#2560 = CARTESIAN_POINT('',(56.5,10.75,4.72));
#2561 = VECTOR('',#2562,1.);
#2562 = DIRECTION('',(1.,0.,-0.));
#2563 = ORIENTED_EDGE('',*,*,#2511,.F.);
#2564 = PLANE('',#2565);
#2565 = AXIS2_PLACEMENT_3D('',#2566,#2567,#2568);
#2566 = CARTESIAN_POINT('',(56.5,10.75,4.08));
#2567 = DIRECTION('',(-0.,1.,0.));
#2568 = DIRECTION('',(0.,0.,1.));
#2569 = ADVANCED_FACE('',(#2570),#2586,.T.);
#2570 = FACE_BOUND('',#2571,.T.);
#2571 = EDGE_LOOP('',(#2572,#2578,#2579,#2585));
#2572 = ORIENTED_EDGE('',*,*,#2573,.F.);
#2573 = EDGE_CURVE('',#2482,#2522,#2574,.T.);
#2574 = LINE('',#2575,#2576);
#2575 = CARTESIAN_POINT('',(56.5,11.39,4.08));
#2576 = VECTOR('',#2577,1.);
#2577 = DIRECTION('',(1.,0.,-0.));
#2578 = ORIENTED_EDGE('',*,*,#2489,.T.);
#2579 = ORIENTED_EDGE('',*,*,#2580,.T.);
#2580 = EDGE_CURVE('',#2490,#2530,#2581,.T.);
#2581 = LINE('',#2582,#2583);
#2582 = CARTESIAN_POINT('',(56.5,11.39,4.72));
#2583 = VECTOR('',#2584,1.);
#2584 = DIRECTION('',(1.,0.,-0.));
#2585 = ORIENTED_EDGE('',*,*,#2529,.F.);
#2586 = PLANE('',#2587);
#2587 = AXIS2_PLACEMENT_3D('',#2588,#2589,#2590);
#2588 = CARTESIAN_POINT('',(56.5,11.39,4.08));
#2589 = DIRECTION('',(-0.,1.,0.));
#2590 = DIRECTION('',(0.,0.,1.));
#2591 = ADVANCED_FACE('',(#2592),#2598,.F.);
#2592 = FACE_BOUND('',#2593,.F.);
#2593 = EDGE_LOOP('',(#2594,#2595,#2596,#2597));
#2594 = ORIENTED_EDGE('',*,*,#2481,.F.);
#2595 = ORIENTED_EDGE('',*,*,#2551,.T.);
#2596 = ORIENTED_EDGE('',*,*,#2521,.T.);
#2597 = ORIENTED_EDGE('',*,*,#2573,.F.);
#2598 = PLANE('',#2599);
#2599 = AXIS2_PLACEMENT_3D('',#2600,#2601,#2602);
#2600 = CARTESIAN_POINT('',(56.5,10.75,4.08));
#2601 = DIRECTION('',(0.,0.,1.));
#2602 = DIRECTION('',(1.,0.,-0.));
#2603 = ADVANCED_FACE('',(#2604),#2610,.T.);
#2604 = FACE_BOUND('',#2605,.T.);
#2605 = EDGE_LOOP('',(#2606,#2607,#2608,#2609));
#2606 = ORIENTED_EDGE('',*,*,#2497,.F.);
#2607 = ORIENTED_EDGE('',*,*,#2558,.T.);
#2608 = ORIENTED_EDGE('',*,*,#2537,.T.);
#2609 = ORIENTED_EDGE('',*,*,#2580,.F.);
#2610 = PLANE('',#2611);
#2611 = AXIS2_PLACEMENT_3D('',#2612,#2613,#2614);
#2612 = CARTESIAN_POINT('',(56.5,10.75,4.72));
#2613 = DIRECTION('',(0.,0.,1.));
#2614 = DIRECTION('',(1.,0.,-0.));
#2615 = MANIFOLD_SOLID_BREP('',#2616);
#2616 = CLOSED_SHELL('',(#2617,#2657,#2697,#2719,#2741,#2753));
#2617 = ADVANCED_FACE('',(#2618),#2652,.F.);
#2618 = FACE_BOUND('',#2619,.F.);
#2619 = EDGE_LOOP('',(#2620,#2630,#2638,#2646));
#2620 = ORIENTED_EDGE('',*,*,#2621,.F.);
#2621 = EDGE_CURVE('',#2622,#2624,#2626,.T.);
#2622 = VERTEX_POINT('',#2623);
#2623 = CARTESIAN_POINT('',(56.5,13.29,4.08));
#2624 = VERTEX_POINT('',#2625);
#2625 = CARTESIAN_POINT('',(56.5,13.29,4.72));
#2626 = LINE('',#2627,#2628);
#2627 = CARTESIAN_POINT('',(56.5,13.29,4.08));
#2628 = VECTOR('',#2629,1.);
#2629 = DIRECTION('',(0.,0.,1.));
#2630 = ORIENTED_EDGE('',*,*,#2631,.T.);
#2631 = EDGE_CURVE('',#2622,#2632,#2634,.T.);
#2632 = VERTEX_POINT('',#2633);
#2633 = CARTESIAN_POINT('',(56.5,13.93,4.08));
#2634 = LINE('',#2635,#2636);
#2635 = CARTESIAN_POINT('',(56.5,13.29,4.08));
#2636 = VECTOR('',#2637,1.);
#2637 = DIRECTION('',(-0.,1.,0.));
#2638 = ORIENTED_EDGE('',*,*,#2639,.T.);
#2639 = EDGE_CURVE('',#2632,#2640,#2642,.T.);
#2640 = VERTEX_POINT('',#2641);
#2641 = CARTESIAN_POINT('',(56.5,13.93,4.72));
#2642 = LINE('',#2643,#2644);
#2643 = CARTESIAN_POINT('',(56.5,13.93,4.08));
#2644 = VECTOR('',#2645,1.);
#2645 = DIRECTION('',(0.,0.,1.));
#2646 = ORIENTED_EDGE('',*,*,#2647,.F.);
#2647 = EDGE_CURVE('',#2624,#2640,#2648,.T.);
#2648 = LINE('',#2649,#2650);
#2649 = CARTESIAN_POINT('',(56.5,13.29,4.72));
#2650 = VECTOR('',#2651,1.);
#2651 = DIRECTION('',(-0.,1.,0.));
#2652 = PLANE('',#2653);
#2653 = AXIS2_PLACEMENT_3D('',#2654,#2655,#2656);
#2654 = CARTESIAN_POINT('',(56.5,13.29,4.08));
#2655 = DIRECTION('',(1.,0.,-0.));
#2656 = DIRECTION('',(0.,0.,1.));
#2657 = ADVANCED_FACE('',(#2658),#2692,.T.);
#2658 = FACE_BOUND('',#2659,.T.);
#2659 = EDGE_LOOP('',(#2660,#2670,#2678,#2686));
#2660 = ORIENTED_EDGE('',*,*,#2661,.F.);
#2661 = EDGE_CURVE('',#2662,#2664,#2666,.T.);
#2662 = VERTEX_POINT('',#2663);
#2663 = CARTESIAN_POINT('',(58.,13.29,4.08));
#2664 = VERTEX_POINT('',#2665);
#2665 = CARTESIAN_POINT('',(58.,13.29,4.72));
#2666 = LINE('',#2667,#2668);
#2667 = CARTESIAN_POINT('',(58.,13.29,4.08));
#2668 = VECTOR('',#2669,1.);
#2669 = DIRECTION('',(0.,0.,1.));
#2670 = ORIENTED_EDGE('',*,*,#2671,.T.);
#2671 = EDGE_CURVE('',#2662,#2672,#2674,.T.);
#2672 = VERTEX_POINT('',#2673);
#2673 = CARTESIAN_POINT('',(58.,13.93,4.08));
#2674 = LINE('',#2675,#2676);
#2675 = CARTESIAN_POINT('',(58.,13.29,4.08));
#2676 = VECTOR('',#2677,1.);
#2677 = DIRECTION('',(-0.,1.,0.));
#2678 = ORIENTED_EDGE('',*,*,#2679,.T.);
#2679 = EDGE_CURVE('',#2672,#2680,#2682,.T.);
#2680 = VERTEX_POINT('',#2681);
#2681 = CARTESIAN_POINT('',(58.,13.93,4.72));
#2682 = LINE('',#2683,#2684);
#2683 = CARTESIAN_POINT('',(58.,13.93,4.08));
#2684 = VECTOR('',#2685,1.);
#2685 = DIRECTION('',(0.,0.,1.));
#2686 = ORIENTED_EDGE('',*,*,#2687,.F.);
#2687 = EDGE_CURVE('',#2664,#2680,#2688,.T.);
#2688 = LINE('',#2689,#2690);
#2689 = CARTESIAN_POINT('',(58.,13.29,4.72));
#2690 = VECTOR('',#2691,1.);
#2691 = DIRECTION('',(-0.,1.,0.));
#2692 = PLANE('',#2693);
#2693 = AXIS2_PLACEMENT_3D('',#2694,#2695,#2696);
#2694 = CARTESIAN_POINT('',(58.,13.29,4.08));
#2695 = DIRECTION('',(1.,0.,-0.));
#2696 = DIRECTION('',(0.,0.,1.));
#2697 = ADVANCED_FACE('',(#2698),#2714,.F.);
#2698 = FACE_BOUND('',#2699,.F.);
#2699 = EDGE_LOOP('',(#2700,#2706,#2707,#2713));
#2700 = ORIENTED_EDGE('',*,*,#2701,.F.);
#2701 = EDGE_CURVE('',#2622,#2662,#2702,.T.);
#2702 = LINE('',#2703,#2704);
#2703 = CARTESIAN_POINT('',(56.5,13.29,4.08));
#2704 = VECTOR('',#2705,1.);
#2705 = DIRECTION('',(1.,0.,-0.));
#2706 = ORIENTED_EDGE('',*,*,#2621,.T.);
#2707 = ORIENTED_EDGE('',*,*,#2708,.T.);
#2708 = EDGE_CURVE('',#2624,#2664,#2709,.T.);
#2709 = LINE('',#2710,#2711);
#2710 = CARTESIAN_POINT('',(56.5,13.29,4.72));
#2711 = VECTOR('',#2712,1.);
#2712 = DIRECTION('',(1.,0.,-0.));
#2713 = ORIENTED_EDGE('',*,*,#2661,.F.);
#2714 = PLANE('',#2715);
#2715 = AXIS2_PLACEMENT_3D('',#2716,#2717,#2718);
#2716 = CARTESIAN_POINT('',(56.5,13.29,4.08));
#2717 = DIRECTION('',(-0.,1.,0.));
#2718 = DIRECTION('',(0.,0.,1.));
#2719 = ADVANCED_FACE('',(#2720),#2736,.T.);
#2720 = FACE_BOUND('',#2721,.T.);
#2721 = EDGE_LOOP('',(#2722,#2728,#2729,#2735));
#2722 = ORIENTED_EDGE('',*,*,#2723,.F.);
#2723 = EDGE_CURVE('',#2632,#2672,#2724,.T.);
#2724 = LINE('',#2725,#2726);
#2725 = CARTESIAN_POINT('',(56.5,13.93,4.08));
#2726 = VECTOR('',#2727,1.);
#2727 = DIRECTION('',(1.,0.,-0.));
#2728 = ORIENTED_EDGE('',*,*,#2639,.T.);
#2729 = ORIENTED_EDGE('',*,*,#2730,.T.);
#2730 = EDGE_CURVE('',#2640,#2680,#2731,.T.);
#2731 = LINE('',#2732,#2733);
#2732 = CARTESIAN_POINT('',(56.5,13.93,4.72));
#2733 = VECTOR('',#2734,1.);
#2734 = DIRECTION('',(1.,0.,-0.));
#2735 = ORIENTED_EDGE('',*,*,#2679,.F.);
#2736 = PLANE('',#2737);
#2737 = AXIS2_PLACEMENT_3D('',#2738,#2739,#2740);
#2738 = CARTESIAN_POINT('',(56.5,13.93,4.08));
#2739 = DIRECTION('',(-0.,1.,0.));
#2740 = DIRECTION('',(0.,0.,1.));
#2741 = ADVANCED_FACE('',(#2742),#2748,.F.);
#2742 = FACE_BOUND('',#2743,.F.);
#2743 = EDGE_LOOP('',(#2744,#2745,#2746,#2747));
#2744 = ORIENTED_EDGE('',*,*,#2631,.F.);
#2745 = ORIENTED_EDGE('',*,*,#2701,.T.);
#2746 = ORIENTED_EDGE('',*,*,#2671,.T.);
#2747 = ORIENTED_EDGE('',*,*,#2723,.F.);
#2748 = PLANE('',#2749);
#2749 = AXIS2_PLACEMENT_3D('',#2750,#2751,#2752);
#2750 = CARTESIAN_POINT('',(56.5,13.29,4.08));
#2751 = DIRECTION('',(0.,0.,1.));
#2752 = DIRECTION('',(1.,0.,-0.));
#2753 = ADVANCED_FACE('',(#2754),#2760,.T.);
#2754 = FACE_BOUND('',#2755,.T.);
#2755 = EDGE_LOOP('',(#2756,#2757,#2758,#2759));
#2756 = ORIENTED_EDGE('',*,*,#2647,.F.);
#2757 = ORIENTED_EDGE('',*,*,#2708,.T.);
#2758 = ORIENTED_EDGE('',*,*,#2687,.T.);
#2759 = ORIENTED_EDGE('',*,*,#2730,.F.);
#2760 = PLANE('',#2761);
#2761 = AXIS2_PLACEMENT_3D('',#2762,#2763,#2764);
#2762 = CARTESIAN_POINT('',(56.5,13.29,4.72));
#2763 = DIRECTION('',(0.,0.,1.));
#2764 = DIRECTION('',(1.,0.,-0.));
#2765 = MANIFOLD_SOLID_BREP('',#2766);
#2766 = CLOSED_SHELL('',(#2767,#2807,#2847,#2869,#2891,#2903));
#2767 = ADVANCED_FACE('',(#2768),#2802,.F.);
#2768 = FACE_BOUND('',#2769,.F.);
#2769 = EDGE_LOOP('',(#2770,#2780,#2788,#2796));
#2770 = ORIENTED_EDGE('',*,*,#2771,.F.);
#2771 = EDGE_CURVE('',#2772,#2774,#2776,.T.);
#2772 = VERTEX_POINT('',#2773);
#2773 = CARTESIAN_POINT('',(56.5,15.83,4.08));
#2774 = VERTEX_POINT('',#2775);
#2775 = CARTESIAN_POINT('',(56.5,15.83,4.72));
#2776 = LINE('',#2777,#2778);
#2777 = CARTESIAN_POINT('',(56.5,15.83,4.08));
#2778 = VECTOR('',#2779,1.);
#2779 = DIRECTION('',(0.,0.,1.));
#2780 = ORIENTED_EDGE('',*,*,#2781,.T.);
#2781 = EDGE_CURVE('',#2772,#2782,#2784,.T.);
#2782 = VERTEX_POINT('',#2783);
#2783 = CARTESIAN_POINT('',(56.5,16.47,4.08));
#2784 = LINE('',#2785,#2786);
#2785 = CARTESIAN_POINT('',(56.5,15.83,4.08));
#2786 = VECTOR('',#2787,1.);
#2787 = DIRECTION('',(-0.,1.,0.));
#2788 = ORIENTED_EDGE('',*,*,#2789,.T.);
#2789 = EDGE_CURVE('',#2782,#2790,#2792,.T.);
#2790 = VERTEX_POINT('',#2791);
#2791 = CARTESIAN_POINT('',(56.5,16.47,4.72));
#2792 = LINE('',#2793,#2794);
#2793 = CARTESIAN_POINT('',(56.5,16.47,4.08));
#2794 = VECTOR('',#2795,1.);
#2795 = DIRECTION('',(0.,0.,1.));
#2796 = ORIENTED_EDGE('',*,*,#2797,.F.);
#2797 = EDGE_CURVE('',#2774,#2790,#2798,.T.);
#2798 = LINE('',#2799,#2800);
#2799 = CARTESIAN_POINT('',(56.5,15.83,4.72));
#2800 = VECTOR('',#2801,1.);
#2801 = DIRECTION('',(-0.,1.,0.));
#2802 = PLANE('',#2803);
#2803 = AXIS2_PLACEMENT_3D('',#2804,#2805,#2806);
#2804 = CARTESIAN_POINT('',(56.5,15.83,4.08));
#2805 = DIRECTION('',(1.,0.,-0.));
#2806 = DIRECTION('',(0.,0.,1.));
#2807 = ADVANCED_FACE('',(#2808),#2842,.T.);
#2808 = FACE_BOUND('',#2809,.T.);
#2809 = EDGE_LOOP('',(#2810,#2820,#2828,#2836));
#2810 = ORIENTED_EDGE('',*,*,#2811,.F.);
#2811 = EDGE_CURVE('',#2812,#2814,#2816,.T.);
#2812 = VERTEX_POINT('',#2813);
#2813 = CARTESIAN_POINT('',(58.,15.83,4.08));
#2814 = VERTEX_POINT('',#2815);
#2815 = CARTESIAN_POINT('',(58.,15.83,4.72));
#2816 = LINE('',#2817,#2818);
#2817 = CARTESIAN_POINT('',(58.,15.83,4.08));
#2818 = VECTOR('',#2819,1.);
#2819 = DIRECTION('',(0.,0.,1.));
#2820 = ORIENTED_EDGE('',*,*,#2821,.T.);
#2821 = EDGE_CURVE('',#2812,#2822,#2824,.T.);
#2822 = VERTEX_POINT('',#2823);
#2823 = CARTESIAN_POINT('',(58.,16.47,4.08));
#2824 = LINE('',#2825,#2826);
#2825 = CARTESIAN_POINT('',(58.,15.83,4.08));
#2826 = VECTOR('',#2827,1.);
#2827 = DIRECTION('',(-0.,1.,0.));
#2828 = ORIENTED_EDGE('',*,*,#2829,.T.);
#2829 = EDGE_CURVE('',#2822,#2830,#2832,.T.);
#2830 = VERTEX_POINT('',#2831);
#2831 = CARTESIAN_POINT('',(58.,16.47,4.72));
#2832 = LINE('',#2833,#2834);
#2833 = CARTESIAN_POINT('',(58.,16.47,4.08));
#2834 = VECTOR('',#2835,1.);
#2835 = DIRECTION('',(0.,0.,1.));
#2836 = ORIENTED_EDGE('',*,*,#2837,.F.);
#2837 = EDGE_CURVE('',#2814,#2830,#2838,.T.);
#2838 = LINE('',#2839,#2840);
#2839 = CARTESIAN_POINT('',(58.,15.83,4.72));
#2840 = VECTOR('',#2841,1.);
#2841 = DIRECTION('',(-0.,1.,0.));
#2842 = PLANE('',#2843);
#2843 = AXIS2_PLACEMENT_3D('',#2844,#2845,#2846);
#2844 = CARTESIAN_POINT('',(58.,15.83,4.08));
#2845 = DIRECTION('',(1.,0.,-0.));
#2846 = DIRECTION('',(0.,0.,1.));
#2847 = ADVANCED_FACE('',(#2848),#2864,.F.);
#2848 = FACE_BOUND('',#2849,.F.);
#2849 = EDGE_LOOP('',(#2850,#2856,#2857,#2863));
#2850 = ORIENTED_EDGE('',*,*,#2851,.F.);
#2851 = EDGE_CURVE('',#2772,#2812,#2852,.T.);
#2852 = LINE('',#2853,#2854);
#2853 = CARTESIAN_POINT('',(56.5,15.83,4.08));
#2854 = VECTOR('',#2855,1.);
#2855 = DIRECTION('',(1.,0.,-0.));
#2856 = ORIENTED_EDGE('',*,*,#2771,.T.);
#2857 = ORIENTED_EDGE('',*,*,#2858,.T.);
#2858 = EDGE_CURVE('',#2774,#2814,#2859,.T.);
#2859 = LINE('',#2860,#2861);
#2860 = CARTESIAN_POINT('',(56.5,15.83,4.72));
#2861 = VECTOR('',#2862,1.);
#2862 = DIRECTION('',(1.,0.,-0.));
#2863 = ORIENTED_EDGE('',*,*,#2811,.F.);
#2864 = PLANE('',#2865);
#2865 = AXIS2_PLACEMENT_3D('',#2866,#2867,#2868);
#2866 = CARTESIAN_POINT('',(56.5,15.83,4.08));
#2867 = DIRECTION('',(-0.,1.,0.));
#2868 = DIRECTION('',(0.,0.,1.));
#2869 = ADVANCED_FACE('',(#2870),#2886,.T.);
#2870 = FACE_BOUND('',#2871,.T.);
#2871 = EDGE_LOOP('',(#2872,#2878,#2879,#2885));
#2872 = ORIENTED_EDGE('',*,*,#2873,.F.);
#2873 = EDGE_CURVE('',#2782,#2822,#2874,.T.);
#2874 = LINE('',#2875,#2876);
#2875 = CARTESIAN_POINT('',(56.5,16.47,4.08));
#2876 = VECTOR('',#2877,1.);
#2877 = DIRECTION('',(1.,0.,-0.));
#2878 = ORIENTED_EDGE('',*,*,#2789,.T.);
#2879 = ORIENTED_EDGE('',*,*,#2880,.T.);
#2880 = EDGE_CURVE('',#2790,#2830,#2881,.T.);
#2881 = LINE('',#2882,#2883);
#2882 = CARTESIAN_POINT('',(56.5,16.47,4.72));
#2883 = VECTOR('',#2884,1.);
#2884 = DIRECTION('',(1.,0.,-0.));
#2885 = ORIENTED_EDGE('',*,*,#2829,.F.);
#2886 = PLANE('',#2887);
#2887 = AXIS2_PLACEMENT_3D('',#2888,#2889,#2890);
#2888 = CARTESIAN_POINT('',(56.5,16.47,4.08));
#2889 = DIRECTION('',(-0.,1.,0.));
#2890 = DIRECTION('',(0.,0.,1.));
#2891 = ADVANCED_FACE('',(#2892),#2898,.F.);
#2892 = FACE_BOUND('',#2893,.F.);
#2893 = EDGE_LOOP('',(#2894,#2895,#2896,#2897));
#2894 = ORIENTED_EDGE('',*,*,#2781,.F.);
#2895 = ORIENTED_EDGE('',*,*,#2851,.T.);
#2896 = ORIENTED_EDGE('',*,*,#2821,.T.);
#2897 = ORIENTED_EDGE('',*,*,#2873,.F.);
#2898 = PLANE('',#2899);
#2899 = AXIS2_PLACEMENT_3D('',#2900,#2901,#2902);
#2900 = CARTESIAN_POINT('',(56.5,15.83,4.08));
#2901 = DIRECTION('',(0.,0.,1.));
#2902 = DIRECTION('',(1.,0.,-0.));
#2903 = ADVANCED_FACE('',(#2904),#2910,.T.);
#2904 = FACE_BOUND('',#2905,.T.);
#2905 = EDGE_LOOP('',(#2906,#2907,#2908,#2909));
#2906 = ORIENTED_EDGE('',*,*,#2797,.F.);
#2907 = ORIENTED_EDGE('',*,*,#2858,.T.);
#2908 = ORIENTED_EDGE('',*,*,#2837,.T.);
#2909 = ORIENTED_EDGE('',*,*,#2880,.F.);
#2910 = PLANE('',#2911);
#2911 = AXIS2_PLACEMENT_3D('',#2912,#2913,#2914);
#2912 = CARTESIAN_POINT('',(56.5,15.83,4.72));
#2913 = DIRECTION('',(0.,0.,1.));
#2914 = DIRECTION('',(1.,0.,-0.));
#2915 = MANIFOLD_SOLID_BREP('',#2916);
#2916 = CLOSED_SHELL('',(#2917,#2957,#2997,#3019,#3041,#3053));
#2917 = ADVANCED_FACE('',(#2918),#2952,.F.);
#2918 = FACE_BOUND('',#2919,.F.);
#2919 = EDGE_LOOP('',(#2920,#2930,#2938,#2946));
#2920 = ORIENTED_EDGE('',*,*,#2921,.F.);
#2921 = EDGE_CURVE('',#2922,#2924,#2926,.T.);
#2922 = VERTEX_POINT('',#2923);
#2923 = CARTESIAN_POINT('',(56.5,18.37,4.08));
#2924 = VERTEX_POINT('',#2925);
#2925 = CARTESIAN_POINT('',(56.5,18.37,4.72));
#2926 = LINE('',#2927,#2928);
#2927 = CARTESIAN_POINT('',(56.5,18.37,4.08));
#2928 = VECTOR('',#2929,1.);
#2929 = DIRECTION('',(0.,0.,1.));
#2930 = ORIENTED_EDGE('',*,*,#2931,.T.);
#2931 = EDGE_CURVE('',#2922,#2932,#2934,.T.);
#2932 = VERTEX_POINT('',#2933);
#2933 = CARTESIAN_POINT('',(56.5,19.01,4.08));
#2934 = LINE('',#2935,#2936);
#2935 = CARTESIAN_POINT('',(56.5,18.37,4.08));
#2936 = VECTOR('',#2937,1.);
#2937 = DIRECTION('',(-0.,1.,0.));
#2938 = ORIENTED_EDGE('',*,*,#2939,.T.);
#2939 = EDGE_CURVE('',#2932,#2940,#2942,.T.);
#2940 = VERTEX_POINT('',#2941);
#2941 = CARTESIAN_POINT('',(56.5,19.01,4.72));
#2942 = LINE('',#2943,#2944);
#2943 = CARTESIAN_POINT('',(56.5,19.01,4.08));
#2944 = VECTOR('',#2945,1.);
#2945 = DIRECTION('',(0.,0.,1.));
#2946 = ORIENTED_EDGE('',*,*,#2947,.F.);
#2947 = EDGE_CURVE('',#2924,#2940,#2948,.T.);
#2948 = LINE('',#2949,#2950);
#2949 = CARTESIAN_POINT('',(56.5,18.37,4.72));
#2950 = VECTOR('',#2951,1.);
#2951 = DIRECTION('',(-0.,1.,0.));
#2952 = PLANE('',#2953);
#2953 = AXIS2_PLACEMENT_3D('',#2954,#2955,#2956);
#2954 = CARTESIAN_POINT('',(56.5,18.37,4.08));
#2955 = DIRECTION('',(1.,0.,-0.));
#2956 = DIRECTION('',(0.,0.,1.));
#2957 = ADVANCED_FACE('',(#2958),#2992,.T.);
#2958 = FACE_BOUND('',#2959,.T.);
#2959 = EDGE_LOOP('',(#2960,#2970,#2978,#2986));
#2960 = ORIENTED_EDGE('',*,*,#2961,.F.);
#2961 = EDGE_CURVE('',#2962,#2964,#2966,.T.);
#2962 = VERTEX_POINT('',#2963);
#2963 = CARTESIAN_POINT('',(58.,18.37,4.08));
#2964 = VERTEX_POINT('',#2965);
#2965 = CARTESIAN_POINT('',(58.,18.37,4.72));
#2966 = LINE('',#2967,#2968);
#2967 = CARTESIAN_POINT('',(58.,18.37,4.08));
#2968 = VECTOR('',#2969,1.);
#2969 = DIRECTION('',(0.,0.,1.));
#2970 = ORIENTED_EDGE('',*,*,#2971,.T.);
#2971 = EDGE_CURVE('',#2962,#2972,#2974,.T.);
#2972 = VERTEX_POINT('',#2973);
#2973 = CARTESIAN_POINT('',(58.,19.01,4.08));
#2974 = LINE('',#2975,#2976);
#2975 = CARTESIAN_POINT('',(58.,18.37,4.08));
#2976 = VECTOR('',#2977,1.);
#2977 = DIRECTION('',(-0.,1.,0.));
#2978 = ORIENTED_EDGE('',*,*,#2979,.T.);
#2979 = EDGE_CURVE('',#2972,#2980,#2982,.T.);
#2980 = VERTEX_POINT('',#2981);
#2981 = CARTESIAN_POINT('',(58.,19.01,4.72));
#2982 = LINE('',#2983,#2984);
#2983 = CARTESIAN_POINT('',(58.,19.01,4.08));
#2984 = VECTOR('',#2985,1.);
#2985 = DIRECTION('',(0.,0.,1.));
#2986 = ORIENTED_EDGE('',*,*,#2987,.F.);
#2987 = EDGE_CURVE('',#2964,#2980,#2988,.T.);
#2988 = LINE('',#2989,#2990);
#2989 = CARTESIAN_POINT('',(58.,18.37,4.72));
#2990 = VECTOR('',#2991,1.);
#2991 = DIRECTION('',(-0.,1.,0.));
#2992 = PLANE('',#2993);
#2993 = AXIS2_PLACEMENT_3D('',#2994,#2995,#2996);
#2994 = CARTESIAN_POINT('',(58.,18.37,4.08));
#2995 = DIRECTION('',(1.,0.,-0.));
#2996 = DIRECTION('',(0.,0.,1.));
#2997 = ADVANCED_FACE('',(#2998),#3014,.F.);
#2998 = FACE_BOUND('',#2999,.F.);
#2999 = EDGE_LOOP('',(#3000,#3006,#3007,#3013));
#3000 = ORIENTED_EDGE('',*,*,#3001,.F.);
#3001 = EDGE_CURVE('',#2922,#2962,#3002,.T.);
#3002 = LINE('',#3003,#3004);
#3003 = CARTESIAN_POINT('',(56.5,18.37,4.08));
#3004 = VECTOR('',#3005,1.);
#3005 = DIRECTION('',(1.,0.,-0.));
#3006 = ORIENTED_EDGE('',*,*,#2921,.T.);
#3007 = ORIENTED_EDGE('',*,*,#3008,.T.);
#3008 = EDGE_CURVE('',#2924,#2964,#3009,.T.);
#3009 = LINE('',#3010,#3011);
#3010 = CARTESIAN_POINT('',(56.5,18.37,4.72));
#3011 = VECTOR('',#3012,1.);
#3012 = DIRECTION('',(1.,0.,-0.));
#3013 = ORIENTED_EDGE('',*,*,#2961,.F.);
#3014 = PLANE('',#3015);
#3015 = AXIS2_PLACEMENT_3D('',#3016,#3017,#3018);
#3016 = CARTESIAN_POINT('',(56.5,18.37,4.08));
#3017 = DIRECTION('',(-0.,1.,0.));
#3018 = DIRECTION('',(0.,0.,1.));
#3019 = ADVANCED_FACE('',(#3020),#3036,.T.);
#3020 = FACE_BOUND('',#3021,.T.);
#3021 = EDGE_LOOP('',(#3022,#3028,#3029,#3035));
#3022 = ORIENTED_EDGE('',*,*,#3023,.F.);
#3023 = EDGE_CURVE('',#2932,#2972,#3024,.T.);
#3024 = LINE('',#3025,#3026);
#3025 = CARTESIAN_POINT('',(56.5,19.01,4.08));
#3026 = VECTOR('',#3027,1.);
#3027 = DIRECTION('',(1.,0.,-0.));
#3028 = ORIENTED_EDGE('',*,*,#2939,.T.);
#3029 = ORIENTED_EDGE('',*,*,#3030,.T.);
#3030 = EDGE_CURVE('',#2940,#2980,#3031,.T.);
#3031 = LINE('',#3032,#3033);
#3032 = CARTESIAN_POINT('',(56.5,19.01,4.72));
#3033 = VECTOR('',#3034,1.);
#3034 = DIRECTION('',(1.,0.,-0.));
#3035 = ORIENTED_EDGE('',*,*,#2979,.F.);
#3036 = PLANE('',#3037);
#3037 = AXIS2_PLACEMENT_3D('',#3038,#3039,#3040);
#3038 = CARTESIAN_POINT('',(56.5,19.01,4.08));
#3039 = DIRECTION('',(-0.,1.,0.));
#3040 = DIRECTION('',(0.,0.,1.));
#3041 = ADVANCED_FACE('',(#3042),#3048,.F.);
#3042 = FACE_BOUND('',#3043,.F.);
#3043 = EDGE_LOOP('',(#3044,#3045,#3046,#3047));
#3044 = ORIENTED_EDGE('',*,*,#2931,.F.);
#3045 = ORIENTED_EDGE('',*,*,#3001,.T.);
#3046 = ORIENTED_EDGE('',*,*,#2971,.T.);
#3047 = ORIENTED_EDGE('',*,*,#3023,.F.);
#3048 = PLANE('',#3049);
#3049 = AXIS2_PLACEMENT_3D('',#3050,#3051,#3052);
#3050 = CARTESIAN_POINT('',(56.5,18.37,4.08));
#3051 = DIRECTION('',(0.,0.,1.));
#3052 = DIRECTION('',(1.,0.,-0.));
#3053 = ADVANCED_FACE('',(#3054),#3060,.T.);
#3054 = FACE_BOUND('',#3055,.T.);
#3055 = EDGE_LOOP('',(#3056,#3057,#3058,#3059));
#3056 = ORIENTED_EDGE('',*,*,#2947,.F.);
#3057 = ORIENTED_EDGE('',*,*,#3008,.T.);
#3058 = ORIENTED_EDGE('',*,*,#2987,.T.);
#3059 = ORIENTED_EDGE('',*,*,#3030,.F.);
#3060 = PLANE('',#3061);
#3061 = AXIS2_PLACEMENT_3D('',#3062,#3063,#3064);
#3062 = CARTESIAN_POINT('',(56.5,18.37,4.72));
#3063 = DIRECTION('',(0.,0.,1.));
#3064 = DIRECTION('',(1.,0.,-0.));
#3065 = ( GEOMETRIC_REPRESENTATION_CONTEXT(3) 
GLOBAL_UNCERTAINTY_ASSIGNED_CONTEXT((#3069)) 
GLOBAL_UNIT_ASSIGNED_CONTEXT((#3066,#3067,#3068)) REPRESENTATION_CONTEXT
('Context #1','3D Context with UNIT and UNCERTAINTY') );
#3066 = ( LENGTH_UNIT() NAMED_UNIT(*) SI_UNIT(.MILLI.,.METRE.) );
#3067 = ( NAMED_UNIT(*) PLANE_ANGLE_UNIT() SI_UNIT($,.RADIAN.) );
#3068 = ( NAMED_UNIT(*) SI_UNIT($,.STERADIAN.) SOLID_ANGLE_UNIT() );
#3069 = UNCERTAINTY_MEASURE_WITH_UNIT(LENGTH_MEASURE(1.E-07),#3066,
  'distance_accuracy_value','confusion accuracy');
#3070 = CONTEXT_DEPENDENT_SHAPE_REPRESENTATION(#3071,#3073);
#3071 = ( REPRESENTATION_RELATIONSHIP('','',#2464,#10) 
REPRESENTATION_RELATIONSHIP_WITH_TRANSFORMATION(#3072) 
SHAPE_REPRESENTATION_RELATIONSHIP() );
#3072 = ITEM_DEFINED_TRANSFORMATION('','',#11,#27);
#3073 = PRODUCT_DEFINITION_SHAPE('Placement','Placement of an item',
  #3074);
#3074 = NEXT_ASSEMBLY_USAGE_OCCURRENCE('4','encoder_header_pins','',#5,
  #2459,$);
#3075 = PRODUCT_RELATED_PRODUCT_CATEGORY('part',$,(#2461));
ENDSEC;
END-ISO-10303-21;
