ISO-10303-21;
HEADER;
FILE_DESCRIPTION(('FreeCAD Model'),'2;1');
FILE_NAME('Open CASCADE Shape Model','2026-09-27T12:27:38',(''),(''),
  'Open CASCADE STEP processor 7.8','FreeCAD','Unknown');
FILE_SCHEMA(('AUTOMOTIVE_DESIGN { 1 0 10303 214 1 1 1 1 }'));
ENDSEC;
DATA;
#1 = APPLICATION_PROTOCOL_DEFINITION('international standard',
  'automotive_design',2000,#2);
#2 = APPLICATION_CONTEXT(
  'core data for automotive mechanical design processes');
#3 = SHAPE_DEFINITION_REPRESENTATION(#4,#10);
#4 = PRODUCT_DEFINITION_SHAPE('','',#5);
#5 = PRODUCT_DEFINITION('design','',#6,#9);
#6 = PRODUCT_DEFINITION_FORMATION('','',#7);
#7 = PRODUCT('ft_PZ_pneumatic_cylinder','ft_PZ_pneumatic_cylinder','',(
    #8));
#8 = PRODUCT_CONTEXT('',#2,'mechanical');
#9 = PRODUCT_DEFINITION_CONTEXT('part definition',#2,'design');
#10 = SHAPE_REPRESENTATION('',(#11,#15,#19,#23,#27,#31,#35,#39,#43),#47
  );
#11 = AXIS2_PLACEMENT_3D('',#12,#13,#14);
#12 = CARTESIAN_POINT('',(0.,0.,0.));
#13 = DIRECTION('',(0.,0.,1.));
#14 = DIRECTION('',(1.,0.,-0.));
#15 = AXIS2_PLACEMENT_3D('',#16,#17,#18);
#16 = CARTESIAN_POINT('',(0.,0.,0.));
#17 = DIRECTION('',(0.,0.,1.));
#18 = DIRECTION('',(1.,0.,0.));
#19 = AXIS2_PLACEMENT_3D('',#20,#21,#22);
#20 = CARTESIAN_POINT('',(0.,0.,0.));
#21 = DIRECTION('',(0.,0.,1.));
#22 = DIRECTION('',(1.,0.,0.));
#23 = AXIS2_PLACEMENT_3D('',#24,#25,#26);
#24 = CARTESIAN_POINT('',(0.,0.,0.));
#25 = DIRECTION('',(0.,0.,1.));
#26 = DIRECTION('',(1.,0.,0.));
#27 = AXIS2_PLACEMENT_3D('',#28,#29,#30);
#28 = CARTESIAN_POINT('',(0.,0.,0.));
#29 = DIRECTION('',(0.,0.,1.));
#30 = DIRECTION('',(1.,0.,0.));
#31 = AXIS2_PLACEMENT_3D('',#32,#33,#34);
#32 = CARTESIAN_POINT('',(0.,0.,0.));
#33 = DIRECTION('',(0.,0.,1.));
#34 = DIRECTION('',(1.,0.,0.));
#35 = AXIS2_PLACEMENT_3D('',#36,#37,#38);
#36 = CARTESIAN_POINT('',(0.,0.,0.));
#37 = DIRECTION('',(0.,0.,1.));
#38 = DIRECTION('',(1.,0.,0.));
#39 = AXIS2_PLACEMENT_3D('',#40,#41,#42);
#40 = CARTESIAN_POINT('',(8.,7.5,7.5));
#41 = DIRECTION('',(1.,-0.,2.22044604925E-16));
#42 = DIRECTION('',(2.22044604925E-16,0.,-1.));
#43 = AXIS2_PLACEMENT_3D('',#44,#45,#46);
#44 = CARTESIAN_POINT('',(0.,0.,0.));
#45 = DIRECTION('',(0.,0.,1.));
#46 = DIRECTION('',(1.,0.,0.));
#47 = ( GEOMETRIC_REPRESENTATION_CONTEXT(3) 
GLOBAL_UNCERTAINTY_ASSIGNED_CONTEXT((#51)) GLOBAL_UNIT_ASSIGNED_CONTEXT(
(#48,#49,#50)) REPRESENTATION_CONTEXT('Context #1',
  '3D Context with UNIT and UNCERTAINTY') );
#48 = ( LENGTH_UNIT() NAMED_UNIT(*) SI_UNIT(.MILLI.,.METRE.) );
#49 = ( NAMED_UNIT(*) PLANE_ANGLE_UNIT() SI_UNIT($,.RADIAN.) );
#50 = ( NAMED_UNIT(*) SI_UNIT($,.STERADIAN.) SOLID_ANGLE_UNIT() );
#51 = UNCERTAINTY_MEASURE_WITH_UNIT(LENGTH_MEASURE(5.E-07),#48,
  'distance_accuracy_value','confusion accuracy');
#52 = PRODUCT_RELATED_PRODUCT_CATEGORY('part',$,(#7));
#53 = SHAPE_DEFINITION_REPRESENTATION(#54,#60);
#54 = PRODUCT_DEFINITION_SHAPE('','',#55);
#55 = PRODUCT_DEFINITION('design','',#56,#59);
#56 = PRODUCT_DEFINITION_FORMATION('','',#57);
#57 = PRODUCT('housing','housing','',(#58));
#58 = PRODUCT_CONTEXT('',#2,'mechanical');
#59 = PRODUCT_DEFINITION_CONTEXT('part definition',#2,'design');
#60 = SHAPE_REPRESENTATION('',(#11,#61,#694),#1288);
#61 = MANIFOLD_SOLID_BREP('',#62);
#62 = CLOSED_SHELL('',(#63,#114,#145,#176,#207,#238,#263,#279,#295,#326,
    #357,#373,#404,#420,#451,#494,#511,#528,#550,#567,#589,#606,#628,
    #650,#661,#672,#683));
#63 = ADVANCED_FACE('',(#64,#98),#109,.F.);
#64 = FACE_BOUND('',#65,.F.);
#65 = EDGE_LOOP('',(#66,#76,#84,#92));
#66 = ORIENTED_EDGE('',*,*,#67,.F.);
#67 = EDGE_CURVE('',#68,#70,#72,.T.);
#68 = VERTEX_POINT('',#69);
#69 = CARTESIAN_POINT('',(-2.775557561563E-17,0.4,0.4));
#70 = VERTEX_POINT('',#71);
#71 = CARTESIAN_POINT('',(-4.163336342344E-16,0.4,14.6));
#72 = LINE('',#73,#74);
#73 = CARTESIAN_POINT('',(0.,0.4,0.));
#74 = VECTOR('',#75,1.);
#75 = DIRECTION('',(0.,0.,1.));
#76 = ORIENTED_EDGE('',*,*,#77,.T.);
#77 = EDGE_CURVE('',#68,#78,#80,.T.);
#78 = VERTEX_POINT('',#79);
#79 = CARTESIAN_POINT('',(-4.163336342344E-16,14.6,0.4));
#80 = LINE('',#81,#82);
#81 = CARTESIAN_POINT('',(0.,0.,0.4));
#82 = VECTOR('',#83,1.);
#83 = DIRECTION('',(-0.,1.,0.));
#84 = ORIENTED_EDGE('',*,*,#85,.T.);
#85 = EDGE_CURVE('',#78,#86,#88,.T.);
#86 = VERTEX_POINT('',#87);
#87 = CARTESIAN_POINT('',(-7.632783294298E-16,14.6,14.6));
#88 = LINE('',#89,#90);
#89 = CARTESIAN_POINT('',(0.,14.6,0.));
#90 = VECTOR('',#91,1.);
#91 = DIRECTION('',(0.,0.,1.));
#92 = ORIENTED_EDGE('',*,*,#93,.F.);
#93 = EDGE_CURVE('',#70,#86,#94,.T.);
#94 = LINE('',#95,#96);
#95 = CARTESIAN_POINT('',(0.,0.,14.6));
#96 = VECTOR('',#97,1.);
#97 = DIRECTION('',(-0.,1.,0.));
#98 = FACE_BOUND('',#99,.F.);
#99 = EDGE_LOOP('',(#100));
#100 = ORIENTED_EDGE('',*,*,#101,.F.);
#101 = EDGE_CURVE('',#102,#102,#104,.T.);
#102 = VERTEX_POINT('',#103);
#103 = CARTESIAN_POINT('',(0.,7.5,9.8));
#104 = CIRCLE('',#105,2.3);
#105 = AXIS2_PLACEMENT_3D('',#106,#107,#108);
#106 = CARTESIAN_POINT('',(0.,7.5,7.5));
#107 = DIRECTION('',(1.,0.,0.));
#108 = DIRECTION('',(-0.,0.,1.));
#109 = PLANE('',#110);
#110 = AXIS2_PLACEMENT_3D('',#111,#112,#113);
#111 = CARTESIAN_POINT('',(0.,0.,0.));
#112 = DIRECTION('',(1.,0.,-0.));
#113 = DIRECTION('',(0.,0.,1.));
#114 = ADVANCED_FACE('',(#115),#140,.T.);
#115 = FACE_BOUND('',#116,.F.);
#116 = EDGE_LOOP('',(#117,#118,#126,#134));
#117 = ORIENTED_EDGE('',*,*,#67,.T.);
#118 = ORIENTED_EDGE('',*,*,#119,.T.);
#119 = EDGE_CURVE('',#70,#120,#122,.T.);
#120 = VERTEX_POINT('',#121);
#121 = CARTESIAN_POINT('',(0.4,-4.163336342344E-16,14.6));
#122 = LINE('',#123,#124);
#123 = CARTESIAN_POINT('',(0.2,0.2,14.6));
#124 = VECTOR('',#125,1.);
#125 = DIRECTION('',(0.707106781187,-0.707106781187,2.712060661372E-17)
  );
#126 = ORIENTED_EDGE('',*,*,#127,.F.);
#127 = EDGE_CURVE('',#128,#120,#130,.T.);
#128 = VERTEX_POINT('',#129);
#129 = CARTESIAN_POINT('',(0.4,-2.775557561563E-17,0.4));
#130 = LINE('',#131,#132);
#131 = CARTESIAN_POINT('',(0.4,0.,0.));
#132 = VECTOR('',#133,1.);
#133 = DIRECTION('',(0.,0.,1.));
#134 = ORIENTED_EDGE('',*,*,#135,.F.);
#135 = EDGE_CURVE('',#68,#128,#136,.T.);
#136 = LINE('',#137,#138);
#137 = CARTESIAN_POINT('',(0.2,0.2,0.4));
#138 = VECTOR('',#139,1.);
#139 = DIRECTION('',(0.707106781187,-0.707106781187,5.872217097142E-18)
  );
#140 = PLANE('',#141);
#141 = AXIS2_PLACEMENT_3D('',#142,#143,#144);
#142 = CARTESIAN_POINT('',(0.2,0.2,0.));
#143 = DIRECTION('',(-0.707106781187,-0.707106781187,-1.679829943626E-18
    ));
#144 = DIRECTION('',(1.187819144378E-18,1.187819144378E-18,-1.));
#145 = ADVANCED_FACE('',(#146),#171,.T.);
#146 = FACE_BOUND('',#147,.T.);
#147 = EDGE_LOOP('',(#148,#156,#157,#165));
#148 = ORIENTED_EDGE('',*,*,#149,.T.);
#149 = EDGE_CURVE('',#150,#68,#152,.T.);
#150 = VERTEX_POINT('',#151);
#151 = CARTESIAN_POINT('',(0.4,0.4,-2.775557561563E-17));
#152 = LINE('',#153,#154);
#153 = CARTESIAN_POINT('',(0.3,0.4,1.E-01));
#154 = VECTOR('',#155,1.);
#155 = DIRECTION('',(-0.707106781187,5.872217097142E-18,0.707106781187)
  );
#156 = ORIENTED_EDGE('',*,*,#77,.T.);
#157 = ORIENTED_EDGE('',*,*,#158,.F.);
#158 = EDGE_CURVE('',#159,#78,#161,.T.);
#159 = VERTEX_POINT('',#160);
#160 = CARTESIAN_POINT('',(0.4,14.6,-4.163336342344E-16));
#161 = LINE('',#162,#163);
#162 = CARTESIAN_POINT('',(0.3,14.6,1.E-01));
#163 = VECTOR('',#164,1.);
#164 = DIRECTION('',(-0.707106781187,2.712060661372E-17,0.707106781187)
  );
#165 = ORIENTED_EDGE('',*,*,#166,.F.);
#166 = EDGE_CURVE('',#150,#159,#167,.T.);
#167 = LINE('',#168,#169);
#168 = CARTESIAN_POINT('',(0.4,0.,0.));
#169 = VECTOR('',#170,1.);
#170 = DIRECTION('',(-0.,1.,0.));
#171 = PLANE('',#172);
#172 = AXIS2_PLACEMENT_3D('',#173,#174,#175);
#173 = CARTESIAN_POINT('',(0.2,0.,0.2));
#174 = DIRECTION('',(-0.707106781187,-1.679829943626E-18,-0.707106781187
    ));
#175 = DIRECTION('',(-1.187819144378E-18,1.,-1.187819144378E-18));
#176 = ADVANCED_FACE('',(#177),#202,.F.);
#177 = FACE_BOUND('',#178,.F.);
#178 = EDGE_LOOP('',(#179,#187,#188,#196));
#179 = ORIENTED_EDGE('',*,*,#180,.T.);
#180 = EDGE_CURVE('',#181,#70,#183,.T.);
#181 = VERTEX_POINT('',#182);
#182 = CARTESIAN_POINT('',(0.4,0.4,15.));
#183 = LINE('',#184,#185);
#184 = CARTESIAN_POINT('',(0.3,0.4,14.9));
#185 = VECTOR('',#186,1.);
#186 = DIRECTION('',(-0.707106781187,1.067160332643E-15,-0.707106781187)
  );
#187 = ORIENTED_EDGE('',*,*,#93,.T.);
#188 = ORIENTED_EDGE('',*,*,#189,.T.);
#189 = EDGE_CURVE('',#86,#190,#192,.T.);
#190 = VERTEX_POINT('',#191);
#191 = CARTESIAN_POINT('',(0.4,14.6,15.));
#192 = LINE('',#193,#194);
#193 = CARTESIAN_POINT('',(0.2,14.6,14.8));
#194 = VECTOR('',#195,1.);
#195 = DIRECTION('',(0.707106781187,2.47638952372E-15,0.707106781187));
#196 = ORIENTED_EDGE('',*,*,#197,.F.);
#197 = EDGE_CURVE('',#181,#190,#198,.T.);
#198 = LINE('',#199,#200);
#199 = CARTESIAN_POINT('',(0.4,0.,15.));
#200 = VECTOR('',#201,1.);
#201 = DIRECTION('',(-0.,1.,0.));
#202 = PLANE('',#203);
#203 = AXIS2_PLACEMENT_3D('',#204,#205,#206);
#204 = CARTESIAN_POINT('',(0.2,0.,14.8));
#205 = DIRECTION('',(0.707106781187,1.102531706024E-18,-0.707106781187)
  );
#206 = DIRECTION('',(-7.79607645803E-19,1.,7.79607645803E-19));
#207 = ADVANCED_FACE('',(#208),#233,.F.);
#208 = FACE_BOUND('',#209,.T.);
#209 = EDGE_LOOP('',(#210,#211,#219,#227));
#210 = ORIENTED_EDGE('',*,*,#85,.T.);
#211 = ORIENTED_EDGE('',*,*,#212,.F.);
#212 = EDGE_CURVE('',#213,#86,#215,.T.);
#213 = VERTEX_POINT('',#214);
#214 = CARTESIAN_POINT('',(0.4,15.,14.6));
#215 = LINE('',#216,#217);
#216 = CARTESIAN_POINT('',(0.3,14.9,14.6));
#217 = VECTOR('',#218,1.);
#218 = DIRECTION('',(-0.707106781187,-0.707106781187,6.426718461963E-16)
  );
#219 = ORIENTED_EDGE('',*,*,#220,.F.);
#220 = EDGE_CURVE('',#221,#213,#223,.T.);
#221 = VERTEX_POINT('',#222);
#222 = CARTESIAN_POINT('',(0.4,15.,0.4));
#223 = LINE('',#224,#225);
#224 = CARTESIAN_POINT('',(0.4,15.,0.));
#225 = VECTOR('',#226,1.);
#226 = DIRECTION('',(0.,0.,1.));
#227 = ORIENTED_EDGE('',*,*,#228,.F.);
#228 = EDGE_CURVE('',#78,#221,#229,.T.);
#229 = LINE('',#230,#231);
#230 = CARTESIAN_POINT('',(0.2,14.8,0.4));
#231 = VECTOR('',#232,1.);
#232 = DIRECTION('',(0.707106781187,0.707106781187,-1.091997272256E-15)
  );
#233 = PLANE('',#234);
#234 = AXIS2_PLACEMENT_3D('',#235,#236,#237);
#235 = CARTESIAN_POINT('',(0.2,14.8,0.));
#236 = DIRECTION('',(0.707106781187,-0.707106781187,-3.480000426336E-18)
  );
#237 = DIRECTION('',(-2.460731899994E-18,2.460731899994E-18,-1.));
#238 = ADVANCED_FACE('',(#239),#258,.F.);
#239 = FACE_BOUND('',#240,.F.);
#240 = EDGE_LOOP('',(#241,#250,#256,#257));
#241 = ORIENTED_EDGE('',*,*,#242,.F.);
#242 = EDGE_CURVE('',#243,#243,#245,.T.);
#243 = VERTEX_POINT('',#244);
#244 = CARTESIAN_POINT('',(8.,7.5,9.8));
#245 = CIRCLE('',#246,2.3);
#246 = AXIS2_PLACEMENT_3D('',#247,#248,#249);
#247 = CARTESIAN_POINT('',(8.,7.5,7.5));
#248 = DIRECTION('',(1.,0.,0.));
#249 = DIRECTION('',(-0.,0.,1.));
#250 = ORIENTED_EDGE('',*,*,#251,.F.);
#251 = EDGE_CURVE('',#102,#243,#252,.T.);
#252 = LINE('',#253,#254);
#253 = CARTESIAN_POINT('',(-0.5,7.5,9.8));
#254 = VECTOR('',#255,1.);
#255 = DIRECTION('',(1.,0.,0.));
#256 = ORIENTED_EDGE('',*,*,#101,.T.);
#257 = ORIENTED_EDGE('',*,*,#251,.T.);
#258 = CYLINDRICAL_SURFACE('',#259,2.3);
#259 = AXIS2_PLACEMENT_3D('',#260,#261,#262);
#260 = CARTESIAN_POINT('',(-0.5,7.5,7.5));
#261 = DIRECTION('',(1.,0.,0.));
#262 = DIRECTION('',(-0.,0.,1.));
#263 = ADVANCED_FACE('',(#264),#274,.T.);
#264 = FACE_BOUND('',#265,.T.);
#265 = EDGE_LOOP('',(#266,#267,#273));
#266 = ORIENTED_EDGE('',*,*,#149,.F.);
#267 = ORIENTED_EDGE('',*,*,#268,.T.);
#268 = EDGE_CURVE('',#150,#128,#269,.T.);
#269 = LINE('',#270,#271);
#270 = CARTESIAN_POINT('',(0.4,0.3,1.E-01));
#271 = VECTOR('',#272,1.);
#272 = DIRECTION('',(-5.872217097142E-18,-0.707106781187,0.707106781187)
  );
#273 = ORIENTED_EDGE('',*,*,#135,.F.);
#274 = PLANE('',#275);
#275 = AXIS2_PLACEMENT_3D('',#276,#277,#278);
#276 = CARTESIAN_POINT('',(0.4,0.4,-2.775557561563E-17));
#277 = DIRECTION('',(-0.57735026919,-0.57735026919,-0.57735026919));
#278 = DIRECTION('',(0.707106781187,-0.707106781187,-1.269604464815E-17)
  );
#279 = ADVANCED_FACE('',(#280),#290,.F.);
#280 = FACE_BOUND('',#281,.F.);
#281 = EDGE_LOOP('',(#282,#283,#289));
#282 = ORIENTED_EDGE('',*,*,#180,.F.);
#283 = ORIENTED_EDGE('',*,*,#284,.T.);
#284 = EDGE_CURVE('',#181,#120,#285,.T.);
#285 = LINE('',#286,#287);
#286 = CARTESIAN_POINT('',(0.4,0.3,14.9));
#287 = VECTOR('',#288,1.);
#288 = DIRECTION('',(1.091997272256E-15,-0.707106781187,-0.707106781187)
  );
#289 = ORIENTED_EDGE('',*,*,#119,.F.);
#290 = PLANE('',#291);
#291 = AXIS2_PLACEMENT_3D('',#292,#293,#294);
#292 = CARTESIAN_POINT('',(0.4,0.4,15.));
#293 = DIRECTION('',(0.57735026919,0.57735026919,-0.57735026919));
#294 = DIRECTION('',(0.707106781187,-0.707106781187,3.691197415572E-18)
  );
#295 = ADVANCED_FACE('',(#296),#321,.F.);
#296 = FACE_BOUND('',#297,.F.);
#297 = EDGE_LOOP('',(#298,#299,#307,#315));
#298 = ORIENTED_EDGE('',*,*,#127,.T.);
#299 = ORIENTED_EDGE('',*,*,#300,.T.);
#300 = EDGE_CURVE('',#120,#301,#303,.T.);
#301 = VERTEX_POINT('',#302);
#302 = CARTESIAN_POINT('',(7.6,-4.715568487346E-16,14.6));
#303 = LINE('',#304,#305);
#304 = CARTESIAN_POINT('',(0.,0.,14.6));
#305 = VECTOR('',#306,1.);
#306 = DIRECTION('',(1.,0.,-0.));
#307 = ORIENTED_EDGE('',*,*,#308,.F.);
#308 = EDGE_CURVE('',#309,#301,#311,.T.);
#309 = VERTEX_POINT('',#310);
#310 = CARTESIAN_POINT('',(7.6,-8.82242390231E-17,0.4));
#311 = LINE('',#312,#313);
#312 = CARTESIAN_POINT('',(7.6,0.,0.));
#313 = VECTOR('',#314,1.);
#314 = DIRECTION('',(0.,0.,1.));
#315 = ORIENTED_EDGE('',*,*,#316,.F.);
#316 = EDGE_CURVE('',#128,#309,#317,.T.);
#317 = LINE('',#318,#319);
#318 = CARTESIAN_POINT('',(0.,0.,0.4));
#319 = VECTOR('',#320,1.);
#320 = DIRECTION('',(1.,0.,-0.));
#321 = PLANE('',#322);
#322 = AXIS2_PLACEMENT_3D('',#323,#324,#325);
#323 = CARTESIAN_POINT('',(0.,0.,0.));
#324 = DIRECTION('',(-0.,1.,0.));
#325 = DIRECTION('',(0.,0.,1.));
#326 = ADVANCED_FACE('',(#327),#352,.F.);
#327 = FACE_BOUND('',#328,.F.);
#328 = EDGE_LOOP('',(#329,#330,#338,#346));
#329 = ORIENTED_EDGE('',*,*,#166,.F.);
#330 = ORIENTED_EDGE('',*,*,#331,.T.);
#331 = EDGE_CURVE('',#150,#332,#334,.T.);
#332 = VERTEX_POINT('',#333);
#333 = CARTESIAN_POINT('',(7.6,0.4,2.319008263642E-16));
#334 = LINE('',#335,#336);
#335 = CARTESIAN_POINT('',(0.,0.4,0.));
#336 = VECTOR('',#337,1.);
#337 = DIRECTION('',(1.,0.,-0.));
#338 = ORIENTED_EDGE('',*,*,#339,.T.);
#339 = EDGE_CURVE('',#332,#340,#342,.T.);
#340 = VERTEX_POINT('',#341);
#341 = CARTESIAN_POINT('',(7.6,14.6,-1.249000902703E-16));
#342 = LINE('',#343,#344);
#343 = CARTESIAN_POINT('',(7.6,0.,0.));
#344 = VECTOR('',#345,1.);
#345 = DIRECTION('',(-0.,1.,0.));
#346 = ORIENTED_EDGE('',*,*,#347,.F.);
#347 = EDGE_CURVE('',#159,#340,#348,.T.);
#348 = LINE('',#349,#350);
#349 = CARTESIAN_POINT('',(0.,14.6,0.));
#350 = VECTOR('',#351,1.);
#351 = DIRECTION('',(1.,0.,-0.));
#352 = PLANE('',#353);
#353 = AXIS2_PLACEMENT_3D('',#354,#355,#356);
#354 = CARTESIAN_POINT('',(0.,0.,0.));
#355 = DIRECTION('',(0.,0.,1.));
#356 = DIRECTION('',(1.,0.,-0.));
#357 = ADVANCED_FACE('',(#358),#368,.F.);
#358 = FACE_BOUND('',#359,.F.);
#359 = EDGE_LOOP('',(#360,#361,#367));
#360 = ORIENTED_EDGE('',*,*,#158,.F.);
#361 = ORIENTED_EDGE('',*,*,#362,.T.);
#362 = EDGE_CURVE('',#159,#221,#363,.T.);
#363 = LINE('',#364,#365);
#364 = CARTESIAN_POINT('',(0.4,14.7,1.E-01));
#365 = VECTOR('',#366,1.);
#366 = DIRECTION('',(-1.067160332643E-15,0.707106781187,0.707106781187)
  );
#367 = ORIENTED_EDGE('',*,*,#228,.F.);
#368 = PLANE('',#369);
#369 = AXIS2_PLACEMENT_3D('',#370,#371,#372);
#370 = CARTESIAN_POINT('',(0.4,14.6,-4.163336342344E-16));
#371 = DIRECTION('',(0.57735026919,-0.57735026919,0.57735026919));
#372 = DIRECTION('',(0.707106781187,0.707106781187,-9.073603475564E-16)
  );
#373 = ADVANCED_FACE('',(#374),#399,.T.);
#374 = FACE_BOUND('',#375,.T.);
#375 = EDGE_LOOP('',(#376,#377,#385,#393));
#376 = ORIENTED_EDGE('',*,*,#197,.F.);
#377 = ORIENTED_EDGE('',*,*,#378,.T.);
#378 = EDGE_CURVE('',#181,#379,#381,.T.);
#379 = VERTEX_POINT('',#380);
#380 = CARTESIAN_POINT('',(7.6,0.4,15.));
#381 = LINE('',#382,#383);
#382 = CARTESIAN_POINT('',(0.,0.4,15.));
#383 = VECTOR('',#384,1.);
#384 = DIRECTION('',(1.,0.,-0.));
#385 = ORIENTED_EDGE('',*,*,#386,.T.);
#386 = EDGE_CURVE('',#379,#387,#389,.T.);
#387 = VERTEX_POINT('',#388);
#388 = CARTESIAN_POINT('',(7.6,14.6,15.));
#389 = LINE('',#390,#391);
#390 = CARTESIAN_POINT('',(7.6,0.,15.));
#391 = VECTOR('',#392,1.);
#392 = DIRECTION('',(-0.,1.,0.));
#393 = ORIENTED_EDGE('',*,*,#394,.F.);
#394 = EDGE_CURVE('',#190,#387,#395,.T.);
#395 = LINE('',#396,#397);
#396 = CARTESIAN_POINT('',(0.,14.6,15.));
#397 = VECTOR('',#398,1.);
#398 = DIRECTION('',(1.,0.,-0.));
#399 = PLANE('',#400);
#400 = AXIS2_PLACEMENT_3D('',#401,#402,#403);
#401 = CARTESIAN_POINT('',(0.,0.,15.));
#402 = DIRECTION('',(0.,0.,1.));
#403 = DIRECTION('',(1.,0.,-0.));
#404 = ADVANCED_FACE('',(#405),#415,.F.);
#405 = FACE_BOUND('',#406,.F.);
#406 = EDGE_LOOP('',(#407,#408,#414));
#407 = ORIENTED_EDGE('',*,*,#212,.F.);
#408 = ORIENTED_EDGE('',*,*,#409,.T.);
#409 = EDGE_CURVE('',#213,#190,#410,.T.);
#410 = LINE('',#411,#412);
#411 = CARTESIAN_POINT('',(0.4,14.9,14.7));
#412 = VECTOR('',#413,1.);
#413 = DIRECTION('',(-3.09136719368E-15,-0.707106781187,0.707106781187)
  );
#414 = ORIENTED_EDGE('',*,*,#189,.F.);
#415 = PLANE('',#416);
#416 = AXIS2_PLACEMENT_3D('',#417,#418,#419);
#417 = CARTESIAN_POINT('',(0.4,15.,14.6));
#418 = DIRECTION('',(0.57735026919,-0.57735026919,-0.57735026919));
#419 = DIRECTION('',(0.707106781187,3.120861515232E-15,0.707106781187));
#420 = ADVANCED_FACE('',(#421),#446,.T.);
#421 = FACE_BOUND('',#422,.T.);
#422 = EDGE_LOOP('',(#423,#424,#432,#440));
#423 = ORIENTED_EDGE('',*,*,#220,.T.);
#424 = ORIENTED_EDGE('',*,*,#425,.T.);
#425 = EDGE_CURVE('',#213,#426,#428,.T.);
#426 = VERTEX_POINT('',#427);
#427 = CARTESIAN_POINT('',(7.6,15.,14.6));
#428 = LINE('',#429,#430);
#429 = CARTESIAN_POINT('',(0.,15.,14.6));
#430 = VECTOR('',#431,1.);
#431 = DIRECTION('',(1.,0.,-0.));
#432 = ORIENTED_EDGE('',*,*,#433,.F.);
#433 = EDGE_CURVE('',#434,#426,#436,.T.);
#434 = VERTEX_POINT('',#435);
#435 = CARTESIAN_POINT('',(7.6,15.,0.4));
#436 = LINE('',#437,#438);
#437 = CARTESIAN_POINT('',(7.6,15.,0.));
#438 = VECTOR('',#439,1.);
#439 = DIRECTION('',(0.,0.,1.));
#440 = ORIENTED_EDGE('',*,*,#441,.F.);
#441 = EDGE_CURVE('',#221,#434,#442,.T.);
#442 = LINE('',#443,#444);
#443 = CARTESIAN_POINT('',(0.,15.,0.4));
#444 = VECTOR('',#445,1.);
#445 = DIRECTION('',(1.,0.,-0.));
#446 = PLANE('',#447);
#447 = AXIS2_PLACEMENT_3D('',#448,#449,#450);
#448 = CARTESIAN_POINT('',(0.,15.,0.));
#449 = DIRECTION('',(-0.,1.,0.));
#450 = DIRECTION('',(0.,0.,1.));
#451 = ADVANCED_FACE('',(#452,#486),#489,.T.);
#452 = FACE_BOUND('',#453,.T.);
#453 = EDGE_LOOP('',(#454,#464,#472,#480));
#454 = ORIENTED_EDGE('',*,*,#455,.F.);
#455 = EDGE_CURVE('',#456,#458,#460,.T.);
#456 = VERTEX_POINT('',#457);
#457 = CARTESIAN_POINT('',(8.,0.4,0.4));
#458 = VERTEX_POINT('',#459);
#459 = CARTESIAN_POINT('',(8.,0.4,14.6));
#460 = LINE('',#461,#462);
#461 = CARTESIAN_POINT('',(8.,0.4,0.));
#462 = VECTOR('',#463,1.);
#463 = DIRECTION('',(0.,0.,1.));
#464 = ORIENTED_EDGE('',*,*,#465,.T.);
#465 = EDGE_CURVE('',#456,#466,#468,.T.);
#466 = VERTEX_POINT('',#467);
#467 = CARTESIAN_POINT('',(8.,14.6,0.4));
#468 = LINE('',#469,#470);
#469 = CARTESIAN_POINT('',(8.,0.,0.4));
#470 = VECTOR('',#471,1.);
#471 = DIRECTION('',(-0.,1.,0.));
#472 = ORIENTED_EDGE('',*,*,#473,.T.);
#473 = EDGE_CURVE('',#466,#474,#476,.T.);
#474 = VERTEX_POINT('',#475);
#475 = CARTESIAN_POINT('',(8.,14.6,14.6));
#476 = LINE('',#477,#478);
#477 = CARTESIAN_POINT('',(8.,14.6,0.));
#478 = VECTOR('',#479,1.);
#479 = DIRECTION('',(0.,0.,1.));
#480 = ORIENTED_EDGE('',*,*,#481,.F.);
#481 = EDGE_CURVE('',#458,#474,#482,.T.);
#482 = LINE('',#483,#484);
#483 = CARTESIAN_POINT('',(8.,0.,14.6));
#484 = VECTOR('',#485,1.);
#485 = DIRECTION('',(-0.,1.,0.));
#486 = FACE_BOUND('',#487,.T.);
#487 = EDGE_LOOP('',(#488));
#488 = ORIENTED_EDGE('',*,*,#242,.F.);
#489 = PLANE('',#490);
#490 = AXIS2_PLACEMENT_3D('',#491,#492,#493);
#491 = CARTESIAN_POINT('',(8.,0.,0.));
#492 = DIRECTION('',(1.,0.,-0.));
#493 = DIRECTION('',(0.,0.,1.));
#494 = ADVANCED_FACE('',(#495),#506,.T.);
#495 = FACE_BOUND('',#496,.F.);
#496 = EDGE_LOOP('',(#497,#498,#499,#505));
#497 = ORIENTED_EDGE('',*,*,#268,.T.);
#498 = ORIENTED_EDGE('',*,*,#316,.T.);
#499 = ORIENTED_EDGE('',*,*,#500,.F.);
#500 = EDGE_CURVE('',#332,#309,#501,.T.);
#501 = LINE('',#502,#503);
#502 = CARTESIAN_POINT('',(7.6,0.3,0.1));
#503 = VECTOR('',#504,1.);
#504 = DIRECTION('',(-9.624421636157E-16,-0.707106781187,0.707106781187)
  );
#505 = ORIENTED_EDGE('',*,*,#331,.F.);
#506 = PLANE('',#507);
#507 = AXIS2_PLACEMENT_3D('',#508,#509,#510);
#508 = CARTESIAN_POINT('',(0.,0.2,0.2));
#509 = DIRECTION('',(-1.679829943626E-18,-0.707106781187,-0.707106781187
    ));
#510 = DIRECTION('',(-1.,1.187819144378E-18,1.187819144378E-18));
#511 = ADVANCED_FACE('',(#512),#523,.F.);
#512 = FACE_BOUND('',#513,.T.);
#513 = EDGE_LOOP('',(#514,#515,#516,#522));
#514 = ORIENTED_EDGE('',*,*,#284,.T.);
#515 = ORIENTED_EDGE('',*,*,#300,.T.);
#516 = ORIENTED_EDGE('',*,*,#517,.F.);
#517 = EDGE_CURVE('',#379,#301,#518,.T.);
#518 = LINE('',#519,#520);
#519 = CARTESIAN_POINT('',(7.6,0.3,14.9));
#520 = VECTOR('',#521,1.);
#521 = DIRECTION('',(-1.516415670765E-15,-0.707106781187,-0.707106781187
    ));
#522 = ORIENTED_EDGE('',*,*,#378,.F.);
#523 = PLANE('',#524);
#524 = AXIS2_PLACEMENT_3D('',#525,#526,#527);
#525 = CARTESIAN_POINT('',(0.,0.2,14.8));
#526 = DIRECTION('',(-9.709052582848E-19,0.707106781187,-0.707106781187)
  );
#527 = DIRECTION('',(-1.,-6.865336920228E-19,6.865336920228E-19));
#528 = ADVANCED_FACE('',(#529),#545,.F.);
#529 = FACE_BOUND('',#530,.T.);
#530 = EDGE_LOOP('',(#531,#532,#538,#539));
#531 = ORIENTED_EDGE('',*,*,#455,.T.);
#532 = ORIENTED_EDGE('',*,*,#533,.T.);
#533 = EDGE_CURVE('',#458,#301,#534,.T.);
#534 = LINE('',#535,#536);
#535 = CARTESIAN_POINT('',(7.8,0.2,14.6));
#536 = VECTOR('',#537,1.);
#537 = DIRECTION('',(-0.707106781187,-0.707106781187,3.91558094E-16));
#538 = ORIENTED_EDGE('',*,*,#308,.F.);
#539 = ORIENTED_EDGE('',*,*,#540,.F.);
#540 = EDGE_CURVE('',#456,#309,#541,.T.);
#541 = LINE('',#542,#543);
#542 = CARTESIAN_POINT('',(7.8,0.2,0.4));
#543 = VECTOR('',#544,1.);
#544 = DIRECTION('',(-0.707106781187,-0.707106781187,-8.393059418851E-16
    ));
#545 = PLANE('',#546);
#546 = AXIS2_PLACEMENT_3D('',#547,#548,#549);
#547 = CARTESIAN_POINT('',(7.8,0.2,0.));
#548 = DIRECTION('',(-0.707106781187,0.707106781187,3.138135847237E-18)
  );
#549 = DIRECTION('',(-2.218997137866E-18,2.218997137866E-18,-1.));
#550 = ADVANCED_FACE('',(#551),#562,.F.);
#551 = FACE_BOUND('',#552,.T.);
#552 = EDGE_LOOP('',(#553,#554,#555,#561));
#553 = ORIENTED_EDGE('',*,*,#362,.T.);
#554 = ORIENTED_EDGE('',*,*,#441,.T.);
#555 = ORIENTED_EDGE('',*,*,#556,.F.);
#556 = EDGE_CURVE('',#340,#434,#557,.T.);
#557 = LINE('',#558,#559);
#558 = CARTESIAN_POINT('',(7.6,14.7,1.E-01));
#559 = VECTOR('',#560,1.);
#560 = DIRECTION('',(5.534268373363E-16,0.707106781187,0.707106781187));
#561 = ORIENTED_EDGE('',*,*,#347,.F.);
#562 = PLANE('',#563);
#563 = AXIS2_PLACEMENT_3D('',#564,#565,#566);
#564 = CARTESIAN_POINT('',(0.,14.8,0.2));
#565 = DIRECTION('',(2.068430171249E-18,-0.707106781187,0.707106781187)
  );
#566 = DIRECTION('',(-1.,-1.462601000501E-18,1.462601000501E-18));
#567 = ADVANCED_FACE('',(#568),#584,.F.);
#568 = FACE_BOUND('',#569,.F.);
#569 = EDGE_LOOP('',(#570,#576,#577,#583));
#570 = ORIENTED_EDGE('',*,*,#571,.T.);
#571 = EDGE_CURVE('',#332,#456,#572,.T.);
#572 = LINE('',#573,#574);
#573 = CARTESIAN_POINT('',(7.7,0.4,1.E-01));
#574 = VECTOR('',#575,1.);
#575 = DIRECTION('',(0.707106781187,1.789616420505E-15,0.707106781187));
#576 = ORIENTED_EDGE('',*,*,#465,.T.);
#577 = ORIENTED_EDGE('',*,*,#578,.F.);
#578 = EDGE_CURVE('',#340,#466,#579,.T.);
#579 = LINE('',#580,#581);
#580 = CARTESIAN_POINT('',(7.7,14.6,9.999999999999E-02));
#581 = VECTOR('',#582,1.);
#582 = DIRECTION('',(0.707106781187,1.396938087069E-15,0.707106781187));
#583 = ORIENTED_EDGE('',*,*,#339,.F.);
#584 = PLANE('',#585);
#585 = AXIS2_PLACEMENT_3D('',#586,#587,#588);
#586 = CARTESIAN_POINT('',(7.8,0.,0.2));
#587 = DIRECTION('',(-0.707106781187,-3.480000426336E-18,0.707106781187)
  );
#588 = DIRECTION('',(-2.460731899994E-18,1.,2.460731899994E-18));
#589 = ADVANCED_FACE('',(#590),#601,.T.);
#590 = FACE_BOUND('',#591,.F.);
#591 = EDGE_LOOP('',(#592,#593,#594,#600));
#592 = ORIENTED_EDGE('',*,*,#409,.F.);
#593 = ORIENTED_EDGE('',*,*,#425,.T.);
#594 = ORIENTED_EDGE('',*,*,#595,.T.);
#595 = EDGE_CURVE('',#426,#387,#596,.T.);
#596 = LINE('',#597,#598);
#597 = CARTESIAN_POINT('',(7.6,14.9,14.7));
#598 = VECTOR('',#599,1.);
#599 = DIRECTION('',(1.658808553226E-15,-0.707106781187,0.707106781187)
  );
#600 = ORIENTED_EDGE('',*,*,#394,.F.);
#601 = PLANE('',#602);
#602 = AXIS2_PLACEMENT_3D('',#603,#604,#605);
#603 = CARTESIAN_POINT('',(0.,14.8,14.8));
#604 = DIRECTION('',(1.548203495886E-18,0.707106781187,0.707106781187));
#605 = DIRECTION('',(-1.,1.094745190598E-18,1.094745190598E-18));
#606 = ADVANCED_FACE('',(#607),#623,.T.);
#607 = FACE_BOUND('',#608,.T.);
#608 = EDGE_LOOP('',(#609,#615,#616,#622));
#609 = ORIENTED_EDGE('',*,*,#610,.T.);
#610 = EDGE_CURVE('',#379,#458,#611,.T.);
#611 = LINE('',#612,#613);
#612 = CARTESIAN_POINT('',(7.7,0.4,14.9));
#613 = VECTOR('',#614,1.);
#614 = DIRECTION('',(0.707106781187,1.89584207977E-15,-0.707106781187));
#615 = ORIENTED_EDGE('',*,*,#481,.T.);
#616 = ORIENTED_EDGE('',*,*,#617,.T.);
#617 = EDGE_CURVE('',#474,#387,#618,.T.);
#618 = LINE('',#619,#620);
#619 = CARTESIAN_POINT('',(7.8,14.6,14.8));
#620 = VECTOR('',#621,1.);
#621 = DIRECTION('',(-0.707106781187,1.607397676812E-15,0.707106781187)
  );
#622 = ORIENTED_EDGE('',*,*,#386,.F.);
#623 = PLANE('',#624);
#624 = AXIS2_PLACEMENT_3D('',#625,#626,#627);
#625 = CARTESIAN_POINT('',(7.8,0.,14.8));
#626 = DIRECTION('',(0.707106781187,1.548203495886E-18,0.707106781187));
#627 = DIRECTION('',(-1.094745190598E-18,1.,-1.094745190598E-18));
#628 = ADVANCED_FACE('',(#629),#645,.T.);
#629 = FACE_BOUND('',#630,.F.);
#630 = EDGE_LOOP('',(#631,#632,#638,#639));
#631 = ORIENTED_EDGE('',*,*,#473,.T.);
#632 = ORIENTED_EDGE('',*,*,#633,.F.);
#633 = EDGE_CURVE('',#426,#474,#634,.T.);
#634 = LINE('',#635,#636);
#635 = CARTESIAN_POINT('',(7.7,14.9,14.6));
#636 = VECTOR('',#637,1.);
#637 = DIRECTION('',(0.707106781187,-0.707106781187,-4.199477475706E-17)
  );
#638 = ORIENTED_EDGE('',*,*,#433,.F.);
#639 = ORIENTED_EDGE('',*,*,#640,.F.);
#640 = EDGE_CURVE('',#466,#434,#641,.T.);
#641 = LINE('',#642,#643);
#642 = CARTESIAN_POINT('',(7.8,14.8,0.4));
#643 = VECTOR('',#644,1.);
#644 = DIRECTION('',(-0.707106781187,0.707106781187,8.165053965945E-16)
  );
#645 = PLANE('',#646);
#646 = AXIS2_PLACEMENT_3D('',#647,#648,#649);
#647 = CARTESIAN_POINT('',(7.8,14.8,0.));
#648 = DIRECTION('',(0.707106781187,0.707106781187,-4.874006453264E-19)
  );
#649 = DIRECTION('',(-3.44644301465E-19,-3.44644301465E-19,-1.));
#650 = ADVANCED_FACE('',(#651),#656,.F.);
#651 = FACE_BOUND('',#652,.F.);
#652 = EDGE_LOOP('',(#653,#654,#655));
#653 = ORIENTED_EDGE('',*,*,#571,.F.);
#654 = ORIENTED_EDGE('',*,*,#500,.T.);
#655 = ORIENTED_EDGE('',*,*,#540,.F.);
#656 = PLANE('',#657);
#657 = AXIS2_PLACEMENT_3D('',#658,#659,#660);
#658 = CARTESIAN_POINT('',(7.6,0.4,2.319008263642E-16));
#659 = DIRECTION('',(-0.57735026919,0.57735026919,0.57735026919));
#660 = DIRECTION('',(-0.707106781187,-0.707106781187,-1.346761875311E-15
    ));
#661 = ADVANCED_FACE('',(#662),#667,.T.);
#662 = FACE_BOUND('',#663,.T.);
#663 = EDGE_LOOP('',(#664,#665,#666));
#664 = ORIENTED_EDGE('',*,*,#610,.F.);
#665 = ORIENTED_EDGE('',*,*,#517,.T.);
#666 = ORIENTED_EDGE('',*,*,#533,.F.);
#667 = PLANE('',#668);
#668 = AXIS2_PLACEMENT_3D('',#669,#670,#671);
#669 = CARTESIAN_POINT('',(7.6,0.4,15.));
#670 = DIRECTION('',(0.57735026919,-0.57735026919,0.57735026919));
#671 = DIRECTION('',(-0.707106781187,-0.707106781187,-2.835818069082E-17
    ));
#672 = ADVANCED_FACE('',(#673),#678,.T.);
#673 = FACE_BOUND('',#674,.T.);
#674 = EDGE_LOOP('',(#675,#676,#677));
#675 = ORIENTED_EDGE('',*,*,#578,.F.);
#676 = ORIENTED_EDGE('',*,*,#556,.T.);
#677 = ORIENTED_EDGE('',*,*,#640,.F.);
#678 = PLANE('',#679);
#679 = AXIS2_PLACEMENT_3D('',#680,#681,#682);
#680 = CARTESIAN_POINT('',(7.6,14.6,-1.249000902703E-16));
#681 = DIRECTION('',(0.57735026919,0.57735026919,-0.57735026919));
#682 = DIRECTION('',(-0.707106781187,0.707106781187,-2.337729998933E-15)
  );
#683 = ADVANCED_FACE('',(#684),#689,.T.);
#684 = FACE_BOUND('',#685,.T.);
#685 = EDGE_LOOP('',(#686,#687,#688));
#686 = ORIENTED_EDGE('',*,*,#633,.F.);
#687 = ORIENTED_EDGE('',*,*,#595,.T.);
#688 = ORIENTED_EDGE('',*,*,#617,.F.);
#689 = PLANE('',#690);
#690 = AXIS2_PLACEMENT_3D('',#691,#692,#693);
#691 = CARTESIAN_POINT('',(7.6,15.,14.6));
#692 = DIRECTION('',(0.57735026919,0.57735026919,0.57735026919));
#693 = DIRECTION('',(-0.707106781187,-1.981709231205E-17,0.707106781187)
  );
#694 = MANIFOLD_SOLID_BREP('',#695);
#695 = CLOSED_SHELL('',(#696,#736,#767,#798,#829,#860,#876,#892,#923,
    #954,#970,#1001,#1017,#1048,#1065,#1082,#1113,#1130,#1159,#1176,
    #1205,#1232,#1243,#1254,#1266,#1277));
#696 = ADVANCED_FACE('',(#697),#731,.F.);
#697 = FACE_BOUND('',#698,.F.);
#698 = EDGE_LOOP('',(#699,#709,#717,#725));
#699 = ORIENTED_EDGE('',*,*,#700,.F.);
#700 = EDGE_CURVE('',#701,#703,#705,.T.);
#701 = VERTEX_POINT('',#702);
#702 = CARTESIAN_POINT('',(45.,0.4,0.4));
#703 = VERTEX_POINT('',#704);
#704 = CARTESIAN_POINT('',(45.,0.4,14.6));
#705 = LINE('',#706,#707);
#706 = CARTESIAN_POINT('',(45.,0.4,0.));
#707 = VECTOR('',#708,1.);
#708 = DIRECTION('',(0.,0.,1.));
#709 = ORIENTED_EDGE('',*,*,#710,.T.);
#710 = EDGE_CURVE('',#701,#711,#713,.T.);
#711 = VERTEX_POINT('',#712);
#712 = CARTESIAN_POINT('',(45.,14.6,0.4));
#713 = LINE('',#714,#715);
#714 = CARTESIAN_POINT('',(45.,0.,0.4));
#715 = VECTOR('',#716,1.);
#716 = DIRECTION('',(-0.,1.,0.));
#717 = ORIENTED_EDGE('',*,*,#718,.T.);
#718 = EDGE_CURVE('',#711,#719,#721,.T.);
#719 = VERTEX_POINT('',#720);
#720 = CARTESIAN_POINT('',(45.,14.6,14.6));
#721 = LINE('',#722,#723);
#722 = CARTESIAN_POINT('',(45.,14.6,0.));
#723 = VECTOR('',#724,1.);
#724 = DIRECTION('',(0.,0.,1.));
#725 = ORIENTED_EDGE('',*,*,#726,.F.);
#726 = EDGE_CURVE('',#703,#719,#727,.T.);
#727 = LINE('',#728,#729);
#728 = CARTESIAN_POINT('',(45.,0.,14.6));
#729 = VECTOR('',#730,1.);
#730 = DIRECTION('',(-0.,1.,0.));
#731 = PLANE('',#732);
#732 = AXIS2_PLACEMENT_3D('',#733,#734,#735);
#733 = CARTESIAN_POINT('',(45.,0.,0.));
#734 = DIRECTION('',(1.,0.,-0.));
#735 = DIRECTION('',(0.,0.,1.));
#736 = ADVANCED_FACE('',(#737),#762,.T.);
#737 = FACE_BOUND('',#738,.F.);
#738 = EDGE_LOOP('',(#739,#740,#748,#756));
#739 = ORIENTED_EDGE('',*,*,#700,.T.);
#740 = ORIENTED_EDGE('',*,*,#741,.T.);
#741 = EDGE_CURVE('',#703,#742,#744,.T.);
#742 = VERTEX_POINT('',#743);
#743 = CARTESIAN_POINT('',(45.4,-4.163336342344E-16,14.6));
#744 = LINE('',#745,#746);
#745 = CARTESIAN_POINT('',(45.2,0.2,14.6));
#746 = VECTOR('',#747,1.);
#747 = DIRECTION('',(0.707106781187,-0.707106781187,2.712060661372E-17)
  );
#748 = ORIENTED_EDGE('',*,*,#749,.F.);
#749 = EDGE_CURVE('',#750,#742,#752,.T.);
#750 = VERTEX_POINT('',#751);
#751 = CARTESIAN_POINT('',(45.4,-2.775557561563E-17,0.4));
#752 = LINE('',#753,#754);
#753 = CARTESIAN_POINT('',(45.4,0.,0.));
#754 = VECTOR('',#755,1.);
#755 = DIRECTION('',(0.,0.,1.));
#756 = ORIENTED_EDGE('',*,*,#757,.F.);
#757 = EDGE_CURVE('',#701,#750,#758,.T.);
#758 = LINE('',#759,#760);
#759 = CARTESIAN_POINT('',(45.2,0.2,0.4));
#760 = VECTOR('',#761,1.);
#761 = DIRECTION('',(0.707106781187,-0.707106781187,5.872217097142E-18)
  );
#762 = PLANE('',#763);
#763 = AXIS2_PLACEMENT_3D('',#764,#765,#766);
#764 = CARTESIAN_POINT('',(45.2,0.2,0.));
#765 = DIRECTION('',(-0.707106781187,-0.707106781187,-1.679829943626E-18
    ));
#766 = DIRECTION('',(1.187819144378E-18,1.187819144378E-18,-1.));
#767 = ADVANCED_FACE('',(#768),#793,.T.);
#768 = FACE_BOUND('',#769,.T.);
#769 = EDGE_LOOP('',(#770,#778,#779,#787));
#770 = ORIENTED_EDGE('',*,*,#771,.T.);
#771 = EDGE_CURVE('',#772,#701,#774,.T.);
#772 = VERTEX_POINT('',#773);
#773 = CARTESIAN_POINT('',(45.4,0.4,-2.775557561563E-17));
#774 = LINE('',#775,#776);
#775 = CARTESIAN_POINT('',(45.3,0.4,1.E-01));
#776 = VECTOR('',#777,1.);
#777 = DIRECTION('',(-0.707106781187,5.872217097142E-18,0.707106781187)
  );
#778 = ORIENTED_EDGE('',*,*,#710,.T.);
#779 = ORIENTED_EDGE('',*,*,#780,.F.);
#780 = EDGE_CURVE('',#781,#711,#783,.T.);
#781 = VERTEX_POINT('',#782);
#782 = CARTESIAN_POINT('',(45.4,14.6,-4.163336342344E-16));
#783 = LINE('',#784,#785);
#784 = CARTESIAN_POINT('',(45.3,14.6,1.E-01));
#785 = VECTOR('',#786,1.);
#786 = DIRECTION('',(-0.707106781187,2.712060661372E-17,0.707106781187)
  );
#787 = ORIENTED_EDGE('',*,*,#788,.F.);
#788 = EDGE_CURVE('',#772,#781,#789,.T.);
#789 = LINE('',#790,#791);
#790 = CARTESIAN_POINT('',(45.4,0.,0.));
#791 = VECTOR('',#792,1.);
#792 = DIRECTION('',(-0.,1.,0.));
#793 = PLANE('',#794);
#794 = AXIS2_PLACEMENT_3D('',#795,#796,#797);
#795 = CARTESIAN_POINT('',(45.2,0.,0.2));
#796 = DIRECTION('',(-0.707106781187,-1.679829943626E-18,-0.707106781187
    ));
#797 = DIRECTION('',(-1.187819144378E-18,1.,-1.187819144378E-18));
#798 = ADVANCED_FACE('',(#799),#824,.F.);
#799 = FACE_BOUND('',#800,.F.);
#800 = EDGE_LOOP('',(#801,#809,#810,#818));
#801 = ORIENTED_EDGE('',*,*,#802,.T.);
#802 = EDGE_CURVE('',#803,#703,#805,.T.);
#803 = VERTEX_POINT('',#804);
#804 = CARTESIAN_POINT('',(45.4,0.4,15.));
#805 = LINE('',#806,#807);
#806 = CARTESIAN_POINT('',(45.3,0.4,14.9));
#807 = VECTOR('',#808,1.);
#808 = DIRECTION('',(-0.707106781187,1.067160332643E-15,-0.707106781187)
  );
#809 = ORIENTED_EDGE('',*,*,#726,.T.);
#810 = ORIENTED_EDGE('',*,*,#811,.T.);
#811 = EDGE_CURVE('',#719,#812,#814,.T.);
#812 = VERTEX_POINT('',#813);
#813 = CARTESIAN_POINT('',(45.4,14.6,15.));
#814 = LINE('',#815,#816);
#815 = CARTESIAN_POINT('',(45.2,14.6,14.8));
#816 = VECTOR('',#817,1.);
#817 = DIRECTION('',(0.707106781187,2.47638952372E-15,0.707106781187));
#818 = ORIENTED_EDGE('',*,*,#819,.F.);
#819 = EDGE_CURVE('',#803,#812,#820,.T.);
#820 = LINE('',#821,#822);
#821 = CARTESIAN_POINT('',(45.4,0.,15.));
#822 = VECTOR('',#823,1.);
#823 = DIRECTION('',(-0.,1.,0.));
#824 = PLANE('',#825);
#825 = AXIS2_PLACEMENT_3D('',#826,#827,#828);
#826 = CARTESIAN_POINT('',(45.2,0.,14.8));
#827 = DIRECTION('',(0.707106781187,1.102531706024E-18,-0.707106781187)
  );
#828 = DIRECTION('',(-7.79607645803E-19,1.,7.79607645803E-19));
#829 = ADVANCED_FACE('',(#830),#855,.F.);
#830 = FACE_BOUND('',#831,.T.);
#831 = EDGE_LOOP('',(#832,#833,#841,#849));
#832 = ORIENTED_EDGE('',*,*,#718,.T.);
#833 = ORIENTED_EDGE('',*,*,#834,.F.);
#834 = EDGE_CURVE('',#835,#719,#837,.T.);
#835 = VERTEX_POINT('',#836);
#836 = CARTESIAN_POINT('',(45.4,15.,14.6));
#837 = LINE('',#838,#839);
#838 = CARTESIAN_POINT('',(45.3,14.9,14.6));
#839 = VECTOR('',#840,1.);
#840 = DIRECTION('',(-0.707106781187,-0.707106781187,6.426718461963E-16)
  );
#841 = ORIENTED_EDGE('',*,*,#842,.F.);
#842 = EDGE_CURVE('',#843,#835,#845,.T.);
#843 = VERTEX_POINT('',#844);
#844 = CARTESIAN_POINT('',(45.4,15.,0.4));
#845 = LINE('',#846,#847);
#846 = CARTESIAN_POINT('',(45.4,15.,0.));
#847 = VECTOR('',#848,1.);
#848 = DIRECTION('',(0.,0.,1.));
#849 = ORIENTED_EDGE('',*,*,#850,.F.);
#850 = EDGE_CURVE('',#711,#843,#851,.T.);
#851 = LINE('',#852,#853);
#852 = CARTESIAN_POINT('',(45.2,14.8,0.4));
#853 = VECTOR('',#854,1.);
#854 = DIRECTION('',(0.707106781187,0.707106781187,-1.091997272256E-15)
  );
#855 = PLANE('',#856);
#856 = AXIS2_PLACEMENT_3D('',#857,#858,#859);
#857 = CARTESIAN_POINT('',(45.2,14.8,0.));
#858 = DIRECTION('',(0.707106781187,-0.707106781187,-3.480000426336E-18)
  );
#859 = DIRECTION('',(-2.460731899994E-18,2.460731899994E-18,-1.));
#860 = ADVANCED_FACE('',(#861),#871,.T.);
#861 = FACE_BOUND('',#862,.T.);
#862 = EDGE_LOOP('',(#863,#864,#870));
#863 = ORIENTED_EDGE('',*,*,#771,.F.);
#864 = ORIENTED_EDGE('',*,*,#865,.T.);
#865 = EDGE_CURVE('',#772,#750,#866,.T.);
#866 = LINE('',#867,#868);
#867 = CARTESIAN_POINT('',(45.4,0.3,1.E-01));
#868 = VECTOR('',#869,1.);
#869 = DIRECTION('',(-5.872217097142E-18,-0.707106781187,0.707106781187)
  );
#870 = ORIENTED_EDGE('',*,*,#757,.F.);
#871 = PLANE('',#872);
#872 = AXIS2_PLACEMENT_3D('',#873,#874,#875);
#873 = CARTESIAN_POINT('',(45.4,0.4,-2.775557561563E-17));
#874 = DIRECTION('',(-0.57735026919,-0.57735026919,-0.57735026919));
#875 = DIRECTION('',(0.707106781187,-0.707106781187,-1.269604464815E-17)
  );
#876 = ADVANCED_FACE('',(#877),#887,.F.);
#877 = FACE_BOUND('',#878,.F.);
#878 = EDGE_LOOP('',(#879,#880,#886));
#879 = ORIENTED_EDGE('',*,*,#802,.F.);
#880 = ORIENTED_EDGE('',*,*,#881,.T.);
#881 = EDGE_CURVE('',#803,#742,#882,.T.);
#882 = LINE('',#883,#884);
#883 = CARTESIAN_POINT('',(45.4,0.3,14.9));
#884 = VECTOR('',#885,1.);
#885 = DIRECTION('',(1.091997272256E-15,-0.707106781187,-0.707106781187)
  );
#886 = ORIENTED_EDGE('',*,*,#741,.F.);
#887 = PLANE('',#888);
#888 = AXIS2_PLACEMENT_3D('',#889,#890,#891);
#889 = CARTESIAN_POINT('',(45.4,0.4,15.));
#890 = DIRECTION('',(0.57735026919,0.57735026919,-0.57735026919));
#891 = DIRECTION('',(0.707106781187,-0.707106781187,3.691197415572E-18)
  );
#892 = ADVANCED_FACE('',(#893),#918,.F.);
#893 = FACE_BOUND('',#894,.F.);
#894 = EDGE_LOOP('',(#895,#896,#904,#912));
#895 = ORIENTED_EDGE('',*,*,#749,.T.);
#896 = ORIENTED_EDGE('',*,*,#897,.T.);
#897 = EDGE_CURVE('',#742,#898,#900,.T.);
#898 = VERTEX_POINT('',#899);
#899 = CARTESIAN_POINT('',(59.6,-7.910339050454E-16,14.6));
#900 = LINE('',#901,#902);
#901 = CARTESIAN_POINT('',(45.,0.,14.6));
#902 = VECTOR('',#903,1.);
#903 = DIRECTION('',(1.,0.,-0.));
#904 = ORIENTED_EDGE('',*,*,#905,.F.);
#905 = EDGE_CURVE('',#906,#898,#908,.T.);
#906 = VERTEX_POINT('',#907);
#907 = CARTESIAN_POINT('',(59.6,-4.163336342344E-16,0.4));
#908 = LINE('',#909,#910);
#909 = CARTESIAN_POINT('',(59.6,0.,0.));
#910 = VECTOR('',#911,1.);
#911 = DIRECTION('',(0.,0.,1.));
#912 = ORIENTED_EDGE('',*,*,#913,.F.);
#913 = EDGE_CURVE('',#750,#906,#914,.T.);
#914 = LINE('',#915,#916);
#915 = CARTESIAN_POINT('',(45.,0.,0.4));
#916 = VECTOR('',#917,1.);
#917 = DIRECTION('',(1.,0.,-0.));
#918 = PLANE('',#919);
#919 = AXIS2_PLACEMENT_3D('',#920,#921,#922);
#920 = CARTESIAN_POINT('',(45.,0.,0.));
#921 = DIRECTION('',(-0.,1.,0.));
#922 = DIRECTION('',(0.,0.,1.));
#923 = ADVANCED_FACE('',(#924),#949,.F.);
#924 = FACE_BOUND('',#925,.F.);
#925 = EDGE_LOOP('',(#926,#927,#935,#943));
#926 = ORIENTED_EDGE('',*,*,#788,.F.);
#927 = ORIENTED_EDGE('',*,*,#928,.T.);
#928 = EDGE_CURVE('',#772,#929,#931,.T.);
#929 = VERTEX_POINT('',#930);
#930 = CARTESIAN_POINT('',(59.6,0.4,-4.163336342344E-16));
#931 = LINE('',#932,#933);
#932 = CARTESIAN_POINT('',(45.,0.4,0.));
#933 = VECTOR('',#934,1.);
#934 = DIRECTION('',(1.,0.,-0.));
#935 = ORIENTED_EDGE('',*,*,#936,.T.);
#936 = EDGE_CURVE('',#929,#937,#939,.T.);
#937 = VERTEX_POINT('',#938);
#938 = CARTESIAN_POINT('',(59.6,14.6,-7.771561172376E-16));
#939 = LINE('',#940,#941);
#940 = CARTESIAN_POINT('',(59.6,0.,0.));
#941 = VECTOR('',#942,1.);
#942 = DIRECTION('',(-0.,1.,0.));
#943 = ORIENTED_EDGE('',*,*,#944,.F.);
#944 = EDGE_CURVE('',#781,#937,#945,.T.);
#945 = LINE('',#946,#947);
#946 = CARTESIAN_POINT('',(45.,14.6,0.));
#947 = VECTOR('',#948,1.);
#948 = DIRECTION('',(1.,0.,-0.));
#949 = PLANE('',#950);
#950 = AXIS2_PLACEMENT_3D('',#951,#952,#953);
#951 = CARTESIAN_POINT('',(45.,0.,0.));
#952 = DIRECTION('',(0.,0.,1.));
#953 = DIRECTION('',(1.,0.,-0.));
#954 = ADVANCED_FACE('',(#955),#965,.F.);
#955 = FACE_BOUND('',#956,.F.);
#956 = EDGE_LOOP('',(#957,#958,#964));
#957 = ORIENTED_EDGE('',*,*,#780,.F.);
#958 = ORIENTED_EDGE('',*,*,#959,.T.);
#959 = EDGE_CURVE('',#781,#843,#960,.T.);
#960 = LINE('',#961,#962);
#961 = CARTESIAN_POINT('',(45.4,14.7,1.E-01));
#962 = VECTOR('',#963,1.);
#963 = DIRECTION('',(-1.067160332643E-15,0.707106781187,0.707106781187)
  );
#964 = ORIENTED_EDGE('',*,*,#850,.F.);
#965 = PLANE('',#966);
#966 = AXIS2_PLACEMENT_3D('',#967,#968,#969);
#967 = CARTESIAN_POINT('',(45.4,14.6,-4.163336342344E-16));
#968 = DIRECTION('',(0.57735026919,-0.57735026919,0.57735026919));
#969 = DIRECTION('',(0.707106781187,0.707106781187,-9.073603475564E-16)
  );
#970 = ADVANCED_FACE('',(#971),#996,.T.);
#971 = FACE_BOUND('',#972,.T.);
#972 = EDGE_LOOP('',(#973,#974,#982,#990));
#973 = ORIENTED_EDGE('',*,*,#819,.F.);
#974 = ORIENTED_EDGE('',*,*,#975,.T.);
#975 = EDGE_CURVE('',#803,#976,#978,.T.);
#976 = VERTEX_POINT('',#977);
#977 = CARTESIAN_POINT('',(59.6,0.4,15.));
#978 = LINE('',#979,#980);
#979 = CARTESIAN_POINT('',(45.,0.4,15.));
#980 = VECTOR('',#981,1.);
#981 = DIRECTION('',(1.,0.,-0.));
#982 = ORIENTED_EDGE('',*,*,#983,.T.);
#983 = EDGE_CURVE('',#976,#984,#986,.T.);
#984 = VERTEX_POINT('',#985);
#985 = CARTESIAN_POINT('',(59.6,14.6,15.));
#986 = LINE('',#987,#988);
#987 = CARTESIAN_POINT('',(59.6,0.,15.));
#988 = VECTOR('',#989,1.);
#989 = DIRECTION('',(-0.,1.,0.));
#990 = ORIENTED_EDGE('',*,*,#991,.F.);
#991 = EDGE_CURVE('',#812,#984,#992,.T.);
#992 = LINE('',#993,#994);
#993 = CARTESIAN_POINT('',(45.,14.6,15.));
#994 = VECTOR('',#995,1.);
#995 = DIRECTION('',(1.,0.,-0.));
#996 = PLANE('',#997);
#997 = AXIS2_PLACEMENT_3D('',#998,#999,#1000);
#998 = CARTESIAN_POINT('',(45.,0.,15.));
#999 = DIRECTION('',(0.,0.,1.));
#1000 = DIRECTION('',(1.,0.,-0.));
#1001 = ADVANCED_FACE('',(#1002),#1012,.F.);
#1002 = FACE_BOUND('',#1003,.F.);
#1003 = EDGE_LOOP('',(#1004,#1005,#1011));
#1004 = ORIENTED_EDGE('',*,*,#834,.F.);
#1005 = ORIENTED_EDGE('',*,*,#1006,.T.);
#1006 = EDGE_CURVE('',#835,#812,#1007,.T.);
#1007 = LINE('',#1008,#1009);
#1008 = CARTESIAN_POINT('',(45.4,14.9,14.7));
#1009 = VECTOR('',#1010,1.);
#1010 = DIRECTION('',(-3.09136719368E-15,-0.707106781187,0.707106781187)
  );
#1011 = ORIENTED_EDGE('',*,*,#811,.F.);
#1012 = PLANE('',#1013);
#1013 = AXIS2_PLACEMENT_3D('',#1014,#1015,#1016);
#1014 = CARTESIAN_POINT('',(45.4,15.,14.6));
#1015 = DIRECTION('',(0.57735026919,-0.57735026919,-0.57735026919));
#1016 = DIRECTION('',(0.707106781187,3.120861515232E-15,0.707106781187)
  );
#1017 = ADVANCED_FACE('',(#1018),#1043,.T.);
#1018 = FACE_BOUND('',#1019,.T.);
#1019 = EDGE_LOOP('',(#1020,#1021,#1029,#1037));
#1020 = ORIENTED_EDGE('',*,*,#842,.T.);
#1021 = ORIENTED_EDGE('',*,*,#1022,.T.);
#1022 = EDGE_CURVE('',#835,#1023,#1025,.T.);
#1023 = VERTEX_POINT('',#1024);
#1024 = CARTESIAN_POINT('',(59.6,15.,14.6));
#1025 = LINE('',#1026,#1027);
#1026 = CARTESIAN_POINT('',(45.,15.,14.6));
#1027 = VECTOR('',#1028,1.);
#1028 = DIRECTION('',(1.,0.,-0.));
#1029 = ORIENTED_EDGE('',*,*,#1030,.F.);
#1030 = EDGE_CURVE('',#1031,#1023,#1033,.T.);
#1031 = VERTEX_POINT('',#1032);
#1032 = CARTESIAN_POINT('',(59.6,15.,0.4));
#1033 = LINE('',#1034,#1035);
#1034 = CARTESIAN_POINT('',(59.6,15.,0.));
#1035 = VECTOR('',#1036,1.);
#1036 = DIRECTION('',(0.,0.,1.));
#1037 = ORIENTED_EDGE('',*,*,#1038,.F.);
#1038 = EDGE_CURVE('',#843,#1031,#1039,.T.);
#1039 = LINE('',#1040,#1041);
#1040 = CARTESIAN_POINT('',(45.,15.,0.4));
#1041 = VECTOR('',#1042,1.);
#1042 = DIRECTION('',(1.,0.,-0.));
#1043 = PLANE('',#1044);
#1044 = AXIS2_PLACEMENT_3D('',#1045,#1046,#1047);
#1045 = CARTESIAN_POINT('',(45.,15.,0.));
#1046 = DIRECTION('',(-0.,1.,0.));
#1047 = DIRECTION('',(0.,0.,1.));
#1048 = ADVANCED_FACE('',(#1049),#1060,.T.);
#1049 = FACE_BOUND('',#1050,.F.);
#1050 = EDGE_LOOP('',(#1051,#1052,#1053,#1059));
#1051 = ORIENTED_EDGE('',*,*,#865,.T.);
#1052 = ORIENTED_EDGE('',*,*,#913,.T.);
#1053 = ORIENTED_EDGE('',*,*,#1054,.F.);
#1054 = EDGE_CURVE('',#929,#906,#1055,.T.);
#1055 = LINE('',#1056,#1057);
#1056 = CARTESIAN_POINT('',(59.6,0.3,0.1));
#1057 = VECTOR('',#1058,1.);
#1058 = DIRECTION('',(-2.712060661372E-17,-0.707106781187,0.707106781187
    ));
#1059 = ORIENTED_EDGE('',*,*,#928,.F.);
#1060 = PLANE('',#1061);
#1061 = AXIS2_PLACEMENT_3D('',#1062,#1063,#1064);
#1062 = CARTESIAN_POINT('',(45.,0.2,0.2));
#1063 = DIRECTION('',(-1.679829943626E-18,-0.707106781187,
    -0.707106781187));
#1064 = DIRECTION('',(-1.,1.187819144378E-18,1.187819144378E-18));
#1065 = ADVANCED_FACE('',(#1066),#1077,.F.);
#1066 = FACE_BOUND('',#1067,.T.);
#1067 = EDGE_LOOP('',(#1068,#1069,#1070,#1076));
#1068 = ORIENTED_EDGE('',*,*,#881,.T.);
#1069 = ORIENTED_EDGE('',*,*,#897,.T.);
#1070 = ORIENTED_EDGE('',*,*,#1071,.F.);
#1071 = EDGE_CURVE('',#976,#898,#1072,.T.);
#1072 = LINE('',#1073,#1074);
#1073 = CARTESIAN_POINT('',(59.6,0.3,14.9));
#1074 = VECTOR('',#1075,1.);
#1075 = DIRECTION('',(-2.484730051478E-15,-0.707106781187,
    -0.707106781187));
#1076 = ORIENTED_EDGE('',*,*,#975,.F.);
#1077 = PLANE('',#1078);
#1078 = AXIS2_PLACEMENT_3D('',#1079,#1080,#1081);
#1079 = CARTESIAN_POINT('',(45.,0.2,14.8));
#1080 = DIRECTION('',(-9.709052582848E-19,0.707106781187,-0.707106781187
    ));
#1081 = DIRECTION('',(-1.,-6.865336920228E-19,6.865336920228E-19));
#1082 = ADVANCED_FACE('',(#1083),#1108,.F.);
#1083 = FACE_BOUND('',#1084,.T.);
#1084 = EDGE_LOOP('',(#1085,#1095,#1101,#1102));
#1085 = ORIENTED_EDGE('',*,*,#1086,.T.);
#1086 = EDGE_CURVE('',#1087,#1089,#1091,.T.);
#1087 = VERTEX_POINT('',#1088);
#1088 = CARTESIAN_POINT('',(60.,0.4,0.4));
#1089 = VERTEX_POINT('',#1090);
#1090 = CARTESIAN_POINT('',(60.,0.4,14.6));
#1091 = LINE('',#1092,#1093);
#1092 = CARTESIAN_POINT('',(60.,0.4,0.));
#1093 = VECTOR('',#1094,1.);
#1094 = DIRECTION('',(0.,0.,1.));
#1095 = ORIENTED_EDGE('',*,*,#1096,.T.);
#1096 = EDGE_CURVE('',#1089,#898,#1097,.T.);
#1097 = LINE('',#1098,#1099);
#1098 = CARTESIAN_POINT('',(59.8,0.2,14.6));
#1099 = VECTOR('',#1100,1.);
#1100 = DIRECTION('',(-0.707106781187,-0.707106781187,5.042026401746E-16
    ));
#1101 = ORIENTED_EDGE('',*,*,#905,.F.);
#1102 = ORIENTED_EDGE('',*,*,#1103,.F.);
#1103 = EDGE_CURVE('',#1087,#906,#1104,.T.);
#1104 = LINE('',#1105,#1106);
#1105 = CARTESIAN_POINT('',(59.8,0.2,0.4));
#1106 = VECTOR('',#1107,1.);
#1107 = DIRECTION('',(-0.707106781187,-0.707106781187,1.067160332643E-15
    ));
#1108 = PLANE('',#1109);
#1109 = AXIS2_PLACEMENT_3D('',#1110,#1111,#1112);
#1110 = CARTESIAN_POINT('',(59.8,0.2,0.));
#1111 = DIRECTION('',(-0.707106781187,0.707106781187,3.138135847237E-18)
  );
#1112 = DIRECTION('',(-2.218997137866E-18,2.218997137866E-18,-1.));
#1113 = ADVANCED_FACE('',(#1114),#1125,.F.);
#1114 = FACE_BOUND('',#1115,.T.);
#1115 = EDGE_LOOP('',(#1116,#1117,#1118,#1124));
#1116 = ORIENTED_EDGE('',*,*,#959,.T.);
#1117 = ORIENTED_EDGE('',*,*,#1038,.T.);
#1118 = ORIENTED_EDGE('',*,*,#1119,.F.);
#1119 = EDGE_CURVE('',#937,#1031,#1120,.T.);
#1120 = LINE('',#1121,#1122);
#1121 = CARTESIAN_POINT('',(59.6,14.7,0.1));
#1122 = VECTOR('',#1123,1.);
#1123 = DIRECTION('',(-5.042026401746E-16,0.707106781187,0.707106781187)
  );
#1124 = ORIENTED_EDGE('',*,*,#944,.F.);
#1125 = PLANE('',#1126);
#1126 = AXIS2_PLACEMENT_3D('',#1127,#1128,#1129);
#1127 = CARTESIAN_POINT('',(45.,14.8,0.2));
#1128 = DIRECTION('',(2.068430171249E-18,-0.707106781187,0.707106781187)
  );
#1129 = DIRECTION('',(-1.,-1.462601000501E-18,1.462601000501E-18));
#1130 = ADVANCED_FACE('',(#1131),#1154,.F.);
#1131 = FACE_BOUND('',#1132,.F.);
#1132 = EDGE_LOOP('',(#1133,#1139,#1147,#1153));
#1133 = ORIENTED_EDGE('',*,*,#1134,.T.);
#1134 = EDGE_CURVE('',#929,#1087,#1135,.T.);
#1135 = LINE('',#1136,#1137);
#1136 = CARTESIAN_POINT('',(59.7,0.4,1.E-01));
#1137 = VECTOR('',#1138,1.);
#1138 = DIRECTION('',(0.707106781187,-1.091997272256E-15,0.707106781187)
  );
#1139 = ORIENTED_EDGE('',*,*,#1140,.T.);
#1140 = EDGE_CURVE('',#1087,#1141,#1143,.T.);
#1141 = VERTEX_POINT('',#1142);
#1142 = CARTESIAN_POINT('',(60.,14.6,0.4));
#1143 = LINE('',#1144,#1145);
#1144 = CARTESIAN_POINT('',(60.,0.,0.4));
#1145 = VECTOR('',#1146,1.);
#1146 = DIRECTION('',(-0.,1.,0.));
#1147 = ORIENTED_EDGE('',*,*,#1148,.F.);
#1148 = EDGE_CURVE('',#937,#1141,#1149,.T.);
#1149 = LINE('',#1150,#1151);
#1150 = CARTESIAN_POINT('',(59.7,14.6,9.999999999999E-02));
#1151 = VECTOR('',#1152,1.);
#1152 = DIRECTION('',(0.707106781187,2.348756055927E-15,0.707106781187)
  );
#1153 = ORIENTED_EDGE('',*,*,#936,.F.);
#1154 = PLANE('',#1155);
#1155 = AXIS2_PLACEMENT_3D('',#1156,#1157,#1158);
#1156 = CARTESIAN_POINT('',(59.8,0.,0.2));
#1157 = DIRECTION('',(-0.707106781187,-3.480000426336E-18,0.707106781187
    ));
#1158 = DIRECTION('',(-2.460731899994E-18,1.,2.460731899994E-18));
#1159 = ADVANCED_FACE('',(#1160),#1171,.T.);
#1160 = FACE_BOUND('',#1161,.F.);
#1161 = EDGE_LOOP('',(#1162,#1163,#1164,#1170));
#1162 = ORIENTED_EDGE('',*,*,#1006,.F.);
#1163 = ORIENTED_EDGE('',*,*,#1022,.T.);
#1164 = ORIENTED_EDGE('',*,*,#1165,.T.);
#1165 = EDGE_CURVE('',#1023,#984,#1166,.T.);
#1166 = LINE('',#1167,#1168);
#1167 = CARTESIAN_POINT('',(59.6,14.9,14.7));
#1168 = VECTOR('',#1169,1.);
#1169 = DIRECTION('',(3.09136719368E-15,-0.707106781187,0.707106781187)
  );
#1170 = ORIENTED_EDGE('',*,*,#991,.F.);
#1171 = PLANE('',#1172);
#1172 = AXIS2_PLACEMENT_3D('',#1173,#1174,#1175);
#1173 = CARTESIAN_POINT('',(45.,14.8,14.8));
#1174 = DIRECTION('',(1.548203495886E-18,0.707106781187,0.707106781187)
  );
#1175 = DIRECTION('',(-1.,1.094745190598E-18,1.094745190598E-18));
#1176 = ADVANCED_FACE('',(#1177),#1200,.T.);
#1177 = FACE_BOUND('',#1178,.T.);
#1178 = EDGE_LOOP('',(#1179,#1185,#1193,#1199));
#1179 = ORIENTED_EDGE('',*,*,#1180,.T.);
#1180 = EDGE_CURVE('',#976,#1089,#1181,.T.);
#1181 = LINE('',#1182,#1183);
#1182 = CARTESIAN_POINT('',(59.7,0.4,14.9));
#1183 = VECTOR('',#1184,1.);
#1184 = DIRECTION('',(0.707106781187,2.976801006657E-15,-0.707106781187)
  );
#1185 = ORIENTED_EDGE('',*,*,#1186,.T.);
#1186 = EDGE_CURVE('',#1089,#1187,#1189,.T.);
#1187 = VERTEX_POINT('',#1188);
#1188 = CARTESIAN_POINT('',(60.,14.6,14.6));
#1189 = LINE('',#1190,#1191);
#1190 = CARTESIAN_POINT('',(60.,0.,14.6));
#1191 = VECTOR('',#1192,1.);
#1192 = DIRECTION('',(-0.,1.,0.));
#1193 = ORIENTED_EDGE('',*,*,#1194,.T.);
#1194 = EDGE_CURVE('',#1187,#984,#1195,.T.);
#1195 = LINE('',#1196,#1197);
#1196 = CARTESIAN_POINT('',(59.8,14.6,14.8));
#1197 = VECTOR('',#1198,1.);
#1198 = DIRECTION('',(-0.707106781187,3.112775002208E-15,0.707106781187)
  );
#1199 = ORIENTED_EDGE('',*,*,#983,.F.);
#1200 = PLANE('',#1201);
#1201 = AXIS2_PLACEMENT_3D('',#1202,#1203,#1204);
#1202 = CARTESIAN_POINT('',(59.8,0.,14.8));
#1203 = DIRECTION('',(0.707106781187,1.548203495886E-18,0.707106781187)
  );
#1204 = DIRECTION('',(-1.094745190598E-18,1.,-1.094745190598E-18));
#1205 = ADVANCED_FACE('',(#1206),#1227,.T.);
#1206 = FACE_BOUND('',#1207,.F.);
#1207 = EDGE_LOOP('',(#1208,#1214,#1220,#1221));
#1208 = ORIENTED_EDGE('',*,*,#1209,.T.);
#1209 = EDGE_CURVE('',#1141,#1187,#1210,.T.);
#1210 = LINE('',#1211,#1212);
#1211 = CARTESIAN_POINT('',(60.,14.6,0.));
#1212 = VECTOR('',#1213,1.);
#1213 = DIRECTION('',(0.,0.,1.));
#1214 = ORIENTED_EDGE('',*,*,#1215,.F.);
#1215 = EDGE_CURVE('',#1023,#1187,#1216,.T.);
#1216 = LINE('',#1217,#1218);
#1217 = CARTESIAN_POINT('',(59.7,14.9,14.6));
#1218 = VECTOR('',#1219,1.);
#1219 = DIRECTION('',(0.707106781187,-0.707106781187,2.116053585126E-17)
  );
#1220 = ORIENTED_EDGE('',*,*,#1030,.F.);
#1221 = ORIENTED_EDGE('',*,*,#1222,.F.);
#1222 = EDGE_CURVE('',#1141,#1031,#1223,.T.);
#1223 = LINE('',#1224,#1225);
#1224 = CARTESIAN_POINT('',(59.8,14.8,0.4));
#1225 = VECTOR('',#1226,1.);
#1226 = DIRECTION('',(-0.707106781187,0.707106781187,2.865778704195E-15)
  );
#1227 = PLANE('',#1228);
#1228 = AXIS2_PLACEMENT_3D('',#1229,#1230,#1231);
#1229 = CARTESIAN_POINT('',(59.8,14.8,0.));
#1230 = DIRECTION('',(0.707106781187,0.707106781187,-4.874006453264E-19)
  );
#1231 = DIRECTION('',(-3.44644301465E-19,-3.44644301465E-19,-1.));
#1232 = ADVANCED_FACE('',(#1233),#1238,.F.);
#1233 = FACE_BOUND('',#1234,.F.);
#1234 = EDGE_LOOP('',(#1235,#1236,#1237));
#1235 = ORIENTED_EDGE('',*,*,#1134,.F.);
#1236 = ORIENTED_EDGE('',*,*,#1054,.T.);
#1237 = ORIENTED_EDGE('',*,*,#1103,.F.);
#1238 = PLANE('',#1239);
#1239 = AXIS2_PLACEMENT_3D('',#1240,#1241,#1242);
#1240 = CARTESIAN_POINT('',(59.6,0.4,-4.163336342344E-16));
#1241 = DIRECTION('',(-0.57735026919,0.57735026919,0.57735026919));
#1242 = DIRECTION('',(-0.707106781187,-0.707106781187,9.182880762112E-16
    ));
#1243 = ADVANCED_FACE('',(#1244),#1249,.T.);
#1244 = FACE_BOUND('',#1245,.T.);
#1245 = EDGE_LOOP('',(#1246,#1247,#1248));
#1246 = ORIENTED_EDGE('',*,*,#1180,.F.);
#1247 = ORIENTED_EDGE('',*,*,#1071,.T.);
#1248 = ORIENTED_EDGE('',*,*,#1096,.F.);
#1249 = PLANE('',#1250);
#1250 = AXIS2_PLACEMENT_3D('',#1251,#1252,#1253);
#1251 = CARTESIAN_POINT('',(59.6,0.4,15.));
#1252 = DIRECTION('',(0.57735026919,-0.57735026919,0.57735026919));
#1253 = DIRECTION('',(-0.707106781187,-0.707106781187,
    -5.707529422003E-18));
#1254 = ADVANCED_FACE('',(#1255),#1261,.T.);
#1255 = FACE_BOUND('',#1256,.T.);
#1256 = EDGE_LOOP('',(#1257,#1258,#1259,#1260));
#1257 = ORIENTED_EDGE('',*,*,#1086,.F.);
#1258 = ORIENTED_EDGE('',*,*,#1140,.T.);
#1259 = ORIENTED_EDGE('',*,*,#1209,.T.);
#1260 = ORIENTED_EDGE('',*,*,#1186,.F.);
#1261 = PLANE('',#1262);
#1262 = AXIS2_PLACEMENT_3D('',#1263,#1264,#1265);
#1263 = CARTESIAN_POINT('',(60.,0.,0.));
#1264 = DIRECTION('',(1.,0.,-0.));
#1265 = DIRECTION('',(0.,0.,1.));
#1266 = ADVANCED_FACE('',(#1267),#1272,.T.);
#1267 = FACE_BOUND('',#1268,.T.);
#1268 = EDGE_LOOP('',(#1269,#1270,#1271));
#1269 = ORIENTED_EDGE('',*,*,#1148,.F.);
#1270 = ORIENTED_EDGE('',*,*,#1119,.T.);
#1271 = ORIENTED_EDGE('',*,*,#1222,.F.);
#1272 = PLANE('',#1273);
#1273 = AXIS2_PLACEMENT_3D('',#1274,#1275,#1276);
#1274 = CARTESIAN_POINT('',(59.6,14.6,-7.771561172376E-16));
#1275 = DIRECTION('',(0.57735026919,0.57735026919,-0.57735026919));
#1276 = DIRECTION('',(-0.707106781187,0.707106781187,-1.730986215746E-16
    ));
#1277 = ADVANCED_FACE('',(#1278),#1283,.T.);
#1278 = FACE_BOUND('',#1279,.T.);
#1279 = EDGE_LOOP('',(#1280,#1281,#1282));
#1280 = ORIENTED_EDGE('',*,*,#1215,.F.);
#1281 = ORIENTED_EDGE('',*,*,#1165,.T.);
#1282 = ORIENTED_EDGE('',*,*,#1194,.F.);
#1283 = PLANE('',#1284);
#1284 = AXIS2_PLACEMENT_3D('',#1285,#1286,#1287);
#1285 = CARTESIAN_POINT('',(59.6,15.,14.6));
#1286 = DIRECTION('',(0.57735026919,0.57735026919,0.57735026919));
#1287 = DIRECTION('',(-0.707106781187,-1.245785143761E-17,0.707106781187
    ));
#1288 = ( GEOMETRIC_REPRESENTATION_CONTEXT(3) 
GLOBAL_UNCERTAINTY_ASSIGNED_CONTEXT((#1292)) 
GLOBAL_UNIT_ASSIGNED_CONTEXT((#1289,#1290,#1291)) REPRESENTATION_CONTEXT
('Context #1','3D Context with UNIT and UNCERTAINTY') );
#1289 = ( LENGTH_UNIT() NAMED_UNIT(*) SI_UNIT(.MILLI.,.METRE.) );
#1290 = ( NAMED_UNIT(*) PLANE_ANGLE_UNIT() SI_UNIT($,.RADIAN.) );
#1291 = ( NAMED_UNIT(*) SI_UNIT($,.STERADIAN.) SOLID_ANGLE_UNIT() );
#1292 = UNCERTAINTY_MEASURE_WITH_UNIT(LENGTH_MEASURE(1.E-07),#1289,
  'distance_accuracy_value','confusion accuracy');
#1293 = CONTEXT_DEPENDENT_SHAPE_REPRESENTATION(#1294,#1296);
#1294 = ( REPRESENTATION_RELATIONSHIP('','',#60,#10) 
REPRESENTATION_RELATIONSHIP_WITH_TRANSFORMATION(#1295) 
SHAPE_REPRESENTATION_RELATIONSHIP() );
#1295 = ITEM_DEFINED_TRANSFORMATION('','',#11,#15);
#1296 = PRODUCT_DEFINITION_SHAPE('Placement','Placement of an item',
  #1297);
#1297 = NEXT_ASSEMBLY_USAGE_OCCURRENCE('34','housing','',#5,#55,$);
#1298 = PRODUCT_RELATED_PRODUCT_CATEGORY('part',$,(#57));
#1299 = SHAPE_DEFINITION_REPRESENTATION(#1300,#1306);
#1300 = PRODUCT_DEFINITION_SHAPE('','',#1301);
#1301 = PRODUCT_DEFINITION('design','',#1302,#1305);
#1302 = PRODUCT_DEFINITION_FORMATION('','',#1303);
#1303 = PRODUCT('barrel','barrel','',(#1304));
#1304 = PRODUCT_CONTEXT('',#2,'mechanical');
#1305 = PRODUCT_DEFINITION_CONTEXT('part definition',#2,'design');
#1306 = ADVANCED_BREP_SHAPE_REPRESENTATION('',(#11,#1307),#1399);
#1307 = MANIFOLD_SOLID_BREP('',#1308);
#1308 = CLOSED_SHELL('',(#1309,#1342,#1362,#1382));
#1309 = ADVANCED_FACE('',(#1310),#1337,.T.);
#1310 = FACE_BOUND('',#1311,.T.);
#1311 = EDGE_LOOP('',(#1312,#1321,#1329,#1336));
#1312 = ORIENTED_EDGE('',*,*,#1313,.F.);
#1313 = EDGE_CURVE('',#1314,#1314,#1316,.T.);
#1314 = VERTEX_POINT('',#1315);
#1315 = CARTESIAN_POINT('',(45.,7.5,13.));
#1316 = CIRCLE('',#1317,5.5);
#1317 = AXIS2_PLACEMENT_3D('',#1318,#1319,#1320);
#1318 = CARTESIAN_POINT('',(45.,7.5,7.5));
#1319 = DIRECTION('',(1.,0.,0.));
#1320 = DIRECTION('',(-0.,0.,1.));
#1321 = ORIENTED_EDGE('',*,*,#1322,.F.);
#1322 = EDGE_CURVE('',#1323,#1314,#1325,.T.);
#1323 = VERTEX_POINT('',#1324);
#1324 = CARTESIAN_POINT('',(8.,7.5,13.));
#1325 = LINE('',#1326,#1327);
#1326 = CARTESIAN_POINT('',(8.,7.5,13.));
#1327 = VECTOR('',#1328,1.);
#1328 = DIRECTION('',(1.,0.,0.));
#1329 = ORIENTED_EDGE('',*,*,#1330,.T.);
#1330 = EDGE_CURVE('',#1323,#1323,#1331,.T.);
#1331 = CIRCLE('',#1332,5.5);
#1332 = AXIS2_PLACEMENT_3D('',#1333,#1334,#1335);
#1333 = CARTESIAN_POINT('',(8.,7.5,7.5));
#1334 = DIRECTION('',(1.,0.,0.));
#1335 = DIRECTION('',(-0.,0.,1.));
#1336 = ORIENTED_EDGE('',*,*,#1322,.T.);
#1337 = CYLINDRICAL_SURFACE('',#1338,5.5);
#1338 = AXIS2_PLACEMENT_3D('',#1339,#1340,#1341);
#1339 = CARTESIAN_POINT('',(8.,7.5,7.5));
#1340 = DIRECTION('',(1.,0.,0.));
#1341 = DIRECTION('',(-0.,0.,1.));
#1342 = ADVANCED_FACE('',(#1343,#1346),#1357,.T.);
#1343 = FACE_BOUND('',#1344,.T.);
#1344 = EDGE_LOOP('',(#1345));
#1345 = ORIENTED_EDGE('',*,*,#1313,.T.);
#1346 = FACE_BOUND('',#1347,.T.);
#1347 = EDGE_LOOP('',(#1348));
#1348 = ORIENTED_EDGE('',*,*,#1349,.F.);
#1349 = EDGE_CURVE('',#1350,#1350,#1352,.T.);
#1350 = VERTEX_POINT('',#1351);
#1351 = CARTESIAN_POINT('',(45.,7.5,12.));
#1352 = CIRCLE('',#1353,4.5);
#1353 = AXIS2_PLACEMENT_3D('',#1354,#1355,#1356);
#1354 = CARTESIAN_POINT('',(45.,7.5,7.5));
#1355 = DIRECTION('',(1.,0.,0.));
#1356 = DIRECTION('',(-0.,0.,1.));
#1357 = PLANE('',#1358);
#1358 = AXIS2_PLACEMENT_3D('',#1359,#1360,#1361);
#1359 = CARTESIAN_POINT('',(45.,7.5,7.5));
#1360 = DIRECTION('',(1.,0.,0.));
#1361 = DIRECTION('',(-0.,0.,1.));
#1362 = ADVANCED_FACE('',(#1363,#1366),#1377,.F.);
#1363 = FACE_BOUND('',#1364,.F.);
#1364 = EDGE_LOOP('',(#1365));
#1365 = ORIENTED_EDGE('',*,*,#1330,.T.);
#1366 = FACE_BOUND('',#1367,.F.);
#1367 = EDGE_LOOP('',(#1368));
#1368 = ORIENTED_EDGE('',*,*,#1369,.F.);
#1369 = EDGE_CURVE('',#1370,#1370,#1372,.T.);
#1370 = VERTEX_POINT('',#1371);
#1371 = CARTESIAN_POINT('',(8.,7.5,12.));
#1372 = CIRCLE('',#1373,4.5);
#1373 = AXIS2_PLACEMENT_3D('',#1374,#1375,#1376);
#1374 = CARTESIAN_POINT('',(8.,7.5,7.5));
#1375 = DIRECTION('',(1.,0.,0.));
#1376 = DIRECTION('',(-0.,0.,1.));
#1377 = PLANE('',#1378);
#1378 = AXIS2_PLACEMENT_3D('',#1379,#1380,#1381);
#1379 = CARTESIAN_POINT('',(8.,7.5,7.5));
#1380 = DIRECTION('',(1.,0.,0.));
#1381 = DIRECTION('',(-0.,0.,1.));
#1382 = ADVANCED_FACE('',(#1383),#1394,.F.);
#1383 = FACE_BOUND('',#1384,.F.);
#1384 = EDGE_LOOP('',(#1385,#1386,#1392,#1393));
#1385 = ORIENTED_EDGE('',*,*,#1349,.F.);
#1386 = ORIENTED_EDGE('',*,*,#1387,.F.);
#1387 = EDGE_CURVE('',#1370,#1350,#1388,.T.);
#1388 = LINE('',#1389,#1390);
#1389 = CARTESIAN_POINT('',(7.5,7.5,12.));
#1390 = VECTOR('',#1391,1.);
#1391 = DIRECTION('',(1.,0.,0.));
#1392 = ORIENTED_EDGE('',*,*,#1369,.T.);
#1393 = ORIENTED_EDGE('',*,*,#1387,.T.);
#1394 = CYLINDRICAL_SURFACE('',#1395,4.5);
#1395 = AXIS2_PLACEMENT_3D('',#1396,#1397,#1398);
#1396 = CARTESIAN_POINT('',(7.5,7.5,7.5));
#1397 = DIRECTION('',(1.,0.,0.));
#1398 = DIRECTION('',(-0.,0.,1.));
#1399 = ( GEOMETRIC_REPRESENTATION_CONTEXT(3) 
GLOBAL_UNCERTAINTY_ASSIGNED_CONTEXT((#1403)) 
GLOBAL_UNIT_ASSIGNED_CONTEXT((#1400,#1401,#1402)) REPRESENTATION_CONTEXT
('Context #1','3D Context with UNIT and UNCERTAINTY') );
#1400 = ( LENGTH_UNIT() NAMED_UNIT(*) SI_UNIT(.MILLI.,.METRE.) );
#1401 = ( NAMED_UNIT(*) PLANE_ANGLE_UNIT() SI_UNIT($,.RADIAN.) );
#1402 = ( NAMED_UNIT(*) SI_UNIT($,.STERADIAN.) SOLID_ANGLE_UNIT() );
#1403 = UNCERTAINTY_MEASURE_WITH_UNIT(LENGTH_MEASURE(1.E-07),#1400,
  'distance_accuracy_value','confusion accuracy');
#1404 = CONTEXT_DEPENDENT_SHAPE_REPRESENTATION(#1405,#1407);
#1405 = ( REPRESENTATION_RELATIONSHIP('','',#1306,#10) 
REPRESENTATION_RELATIONSHIP_WITH_TRANSFORMATION(#1406) 
SHAPE_REPRESENTATION_RELATIONSHIP() );
#1406 = ITEM_DEFINED_TRANSFORMATION('','',#11,#19);
#1407 = PRODUCT_DEFINITION_SHAPE('Placement','Placement of an item',
  #1408);
#1408 = NEXT_ASSEMBLY_USAGE_OCCURRENCE('35','barrel','',#5,#1301,$);
#1409 = PRODUCT_RELATED_PRODUCT_CATEGORY('part',$,(#1303));
#1410 = SHAPE_DEFINITION_REPRESENTATION(#1411,#1417);
#1411 = PRODUCT_DEFINITION_SHAPE('','',#1412);
#1412 = PRODUCT_DEFINITION('design','',#1413,#1416);
#1413 = PRODUCT_DEFINITION_FORMATION('','',#1414);
#1414 = PRODUCT('tie_rods','tie_rods','',(#1415));
#1415 = PRODUCT_CONTEXT('',#2,'mechanical');
#1416 = PRODUCT_DEFINITION_CONTEXT('part definition',#2,'design');
#1417 = SHAPE_REPRESENTATION('',(#11,#1418,#1471),#1524);
#1418 = MANIFOLD_SOLID_BREP('',#1419);
#1419 = CLOSED_SHELL('',(#1420,#1453,#1462));
#1420 = ADVANCED_FACE('',(#1421),#1448,.T.);
#1421 = FACE_BOUND('',#1422,.T.);
#1422 = EDGE_LOOP('',(#1423,#1432,#1440,#1447));
#1423 = ORIENTED_EDGE('',*,*,#1424,.F.);
#1424 = EDGE_CURVE('',#1425,#1425,#1427,.T.);
#1425 = VERTEX_POINT('',#1426);
#1426 = CARTESIAN_POINT('',(60.,1.8,2.8));
#1427 = CIRCLE('',#1428,1.);
#1428 = AXIS2_PLACEMENT_3D('',#1429,#1430,#1431);
#1429 = CARTESIAN_POINT('',(60.,1.8,1.8));
#1430 = DIRECTION('',(1.,0.,0.));
#1431 = DIRECTION('',(-0.,0.,1.));
#1432 = ORIENTED_EDGE('',*,*,#1433,.F.);
#1433 = EDGE_CURVE('',#1434,#1425,#1436,.T.);
#1434 = VERTEX_POINT('',#1435);
#1435 = CARTESIAN_POINT('',(0.,1.8,2.8));
#1436 = LINE('',#1437,#1438);
#1437 = CARTESIAN_POINT('',(0.,1.8,2.8));
#1438 = VECTOR('',#1439,1.);
#1439 = DIRECTION('',(1.,0.,0.));
#1440 = ORIENTED_EDGE('',*,*,#1441,.T.);
#1441 = EDGE_CURVE('',#1434,#1434,#1442,.T.);
#1442 = CIRCLE('',#1443,1.);
#1443 = AXIS2_PLACEMENT_3D('',#1444,#1445,#1446);
#1444 = CARTESIAN_POINT('',(0.,1.8,1.8));
#1445 = DIRECTION('',(1.,0.,0.));
#1446 = DIRECTION('',(-0.,0.,1.));
#1447 = ORIENTED_EDGE('',*,*,#1433,.T.);
#1448 = CYLINDRICAL_SURFACE('',#1449,1.);
#1449 = AXIS2_PLACEMENT_3D('',#1450,#1451,#1452);
#1450 = CARTESIAN_POINT('',(0.,1.8,1.8));
#1451 = DIRECTION('',(1.,0.,0.));
#1452 = DIRECTION('',(-0.,0.,1.));
#1453 = ADVANCED_FACE('',(#1454),#1457,.T.);
#1454 = FACE_BOUND('',#1455,.T.);
#1455 = EDGE_LOOP('',(#1456));
#1456 = ORIENTED_EDGE('',*,*,#1424,.T.);
#1457 = PLANE('',#1458);
#1458 = AXIS2_PLACEMENT_3D('',#1459,#1460,#1461);
#1459 = CARTESIAN_POINT('',(60.,1.8,1.8));
#1460 = DIRECTION('',(1.,0.,0.));
#1461 = DIRECTION('',(-0.,0.,1.));
#1462 = ADVANCED_FACE('',(#1463),#1466,.F.);
#1463 = FACE_BOUND('',#1464,.T.);
#1464 = EDGE_LOOP('',(#1465));
#1465 = ORIENTED_EDGE('',*,*,#1441,.F.);
#1466 = PLANE('',#1467);
#1467 = AXIS2_PLACEMENT_3D('',#1468,#1469,#1470);
#1468 = CARTESIAN_POINT('',(0.,1.8,1.8));
#1469 = DIRECTION('',(1.,0.,0.));
#1470 = DIRECTION('',(-0.,0.,1.));
#1471 = MANIFOLD_SOLID_BREP('',#1472);
#1472 = CLOSED_SHELL('',(#1473,#1506,#1515));
#1473 = ADVANCED_FACE('',(#1474),#1501,.T.);
#1474 = FACE_BOUND('',#1475,.T.);
#1475 = EDGE_LOOP('',(#1476,#1485,#1493,#1500));
#1476 = ORIENTED_EDGE('',*,*,#1477,.F.);
#1477 = EDGE_CURVE('',#1478,#1478,#1480,.T.);
#1478 = VERTEX_POINT('',#1479);
#1479 = CARTESIAN_POINT('',(60.,13.2,14.2));
#1480 = CIRCLE('',#1481,1.);
#1481 = AXIS2_PLACEMENT_3D('',#1482,#1483,#1484);
#1482 = CARTESIAN_POINT('',(60.,13.2,13.2));
#1483 = DIRECTION('',(1.,0.,0.));
#1484 = DIRECTION('',(-0.,0.,1.));
#1485 = ORIENTED_EDGE('',*,*,#1486,.F.);
#1486 = EDGE_CURVE('',#1487,#1478,#1489,.T.);
#1487 = VERTEX_POINT('',#1488);
#1488 = CARTESIAN_POINT('',(0.,13.2,14.2));
#1489 = LINE('',#1490,#1491);
#1490 = CARTESIAN_POINT('',(0.,13.2,14.2));
#1491 = VECTOR('',#1492,1.);
#1492 = DIRECTION('',(1.,0.,0.));
#1493 = ORIENTED_EDGE('',*,*,#1494,.T.);
#1494 = EDGE_CURVE('',#1487,#1487,#1495,.T.);
#1495 = CIRCLE('',#1496,1.);
#1496 = AXIS2_PLACEMENT_3D('',#1497,#1498,#1499);
#1497 = CARTESIAN_POINT('',(0.,13.2,13.2));
#1498 = DIRECTION('',(1.,0.,0.));
#1499 = DIRECTION('',(-0.,0.,1.));
#1500 = ORIENTED_EDGE('',*,*,#1486,.T.);
#1501 = CYLINDRICAL_SURFACE('',#1502,1.);
#1502 = AXIS2_PLACEMENT_3D('',#1503,#1504,#1505);
#1503 = CARTESIAN_POINT('',(0.,13.2,13.2));
#1504 = DIRECTION('',(1.,0.,0.));
#1505 = DIRECTION('',(-0.,0.,1.));
#1506 = ADVANCED_FACE('',(#1507),#1510,.T.);
#1507 = FACE_BOUND('',#1508,.T.);
#1508 = EDGE_LOOP('',(#1509));
#1509 = ORIENTED_EDGE('',*,*,#1477,.T.);
#1510 = PLANE('',#1511);
#1511 = AXIS2_PLACEMENT_3D('',#1512,#1513,#1514);
#1512 = CARTESIAN_POINT('',(60.,13.2,13.2));
#1513 = DIRECTION('',(1.,0.,0.));
#1514 = DIRECTION('',(-0.,0.,1.));
#1515 = ADVANCED_FACE('',(#1516),#1519,.F.);
#1516 = FACE_BOUND('',#1517,.T.);
#1517 = EDGE_LOOP('',(#1518));
#1518 = ORIENTED_EDGE('',*,*,#1494,.F.);
#1519 = PLANE('',#1520);
#1520 = AXIS2_PLACEMENT_3D('',#1521,#1522,#1523);
#1521 = CARTESIAN_POINT('',(0.,13.2,13.2));
#1522 = DIRECTION('',(1.,0.,0.));
#1523 = DIRECTION('',(-0.,0.,1.));
#1524 = ( GEOMETRIC_REPRESENTATION_CONTEXT(3) 
GLOBAL_UNCERTAINTY_ASSIGNED_CONTEXT((#1528)) 
GLOBAL_UNIT_ASSIGNED_CONTEXT((#1525,#1526,#1527)) REPRESENTATION_CONTEXT
('Context #1','3D Context with UNIT and UNCERTAINTY') );
#1525 = ( LENGTH_UNIT() NAMED_UNIT(*) SI_UNIT(.MILLI.,.METRE.) );
#1526 = ( NAMED_UNIT(*) PLANE_ANGLE_UNIT() SI_UNIT($,.RADIAN.) );
#1527 = ( NAMED_UNIT(*) SI_UNIT($,.STERADIAN.) SOLID_ANGLE_UNIT() );
#1528 = UNCERTAINTY_MEASURE_WITH_UNIT(LENGTH_MEASURE(1.E-07),#1525,
  'distance_accuracy_value','confusion accuracy');
#1529 = CONTEXT_DEPENDENT_SHAPE_REPRESENTATION(#1530,#1532);
#1530 = ( REPRESENTATION_RELATIONSHIP('','',#1417,#10) 
REPRESENTATION_RELATIONSHIP_WITH_TRANSFORMATION(#1531) 
SHAPE_REPRESENTATION_RELATIONSHIP() );
#1531 = ITEM_DEFINED_TRANSFORMATION('','',#11,#23);
#1532 = PRODUCT_DEFINITION_SHAPE('Placement','Placement of an item',
  #1533);
#1533 = NEXT_ASSEMBLY_USAGE_OCCURRENCE('36','tie_rods','',#5,#1412,$);
#1534 = PRODUCT_RELATED_PRODUCT_CATEGORY('part',$,(#1414));
#1535 = SHAPE_DEFINITION_REPRESENTATION(#1536,#1542);
#1536 = PRODUCT_DEFINITION_SHAPE('','',#1537);
#1537 = PRODUCT_DEFINITION('design','',#1538,#1541);
#1538 = PRODUCT_DEFINITION_FORMATION('','',#1539);
#1539 = PRODUCT('piston','piston','',(#1540));
#1540 = PRODUCT_CONTEXT('',#2,'mechanical');
#1541 = PRODUCT_DEFINITION_CONTEXT('part definition',#2,'design');
#1542 = ADVANCED_BREP_SHAPE_REPRESENTATION('',(#11,#1543),#1596);
#1543 = MANIFOLD_SOLID_BREP('',#1544);
#1544 = CLOSED_SHELL('',(#1545,#1578,#1587));
#1545 = ADVANCED_FACE('',(#1546),#1573,.T.);
#1546 = FACE_BOUND('',#1547,.T.);
#1547 = EDGE_LOOP('',(#1548,#1557,#1565,#1572));
#1548 = ORIENTED_EDGE('',*,*,#1549,.F.);
#1549 = EDGE_CURVE('',#1550,#1550,#1552,.T.);
#1550 = VERTEX_POINT('',#1551);
#1551 = CARTESIAN_POINT('',(42.,7.5,11.9));
#1552 = CIRCLE('',#1553,4.4);
#1553 = AXIS2_PLACEMENT_3D('',#1554,#1555,#1556);
#1554 = CARTESIAN_POINT('',(42.,7.5,7.5));
#1555 = DIRECTION('',(1.,0.,0.));
#1556 = DIRECTION('',(-0.,0.,1.));
#1557 = ORIENTED_EDGE('',*,*,#1558,.F.);
#1558 = EDGE_CURVE('',#1559,#1550,#1561,.T.);
#1559 = VERTEX_POINT('',#1560);
#1560 = CARTESIAN_POINT('',(39.,7.5,11.9));
#1561 = LINE('',#1562,#1563);
#1562 = CARTESIAN_POINT('',(39.,7.5,11.9));
#1563 = VECTOR('',#1564,1.);
#1564 = DIRECTION('',(1.,0.,0.));
#1565 = ORIENTED_EDGE('',*,*,#1566,.T.);
#1566 = EDGE_CURVE('',#1559,#1559,#1567,.T.);
#1567 = CIRCLE('',#1568,4.4);
#1568 = AXIS2_PLACEMENT_3D('',#1569,#1570,#1571);
#1569 = CARTESIAN_POINT('',(39.,7.5,7.5));
#1570 = DIRECTION('',(1.,0.,0.));
#1571 = DIRECTION('',(-0.,0.,1.));
#1572 = ORIENTED_EDGE('',*,*,#1558,.T.);
#1573 = CYLINDRICAL_SURFACE('',#1574,4.4);
#1574 = AXIS2_PLACEMENT_3D('',#1575,#1576,#1577);
#1575 = CARTESIAN_POINT('',(39.,7.5,7.5));
#1576 = DIRECTION('',(1.,0.,0.));
#1577 = DIRECTION('',(-0.,0.,1.));
#1578 = ADVANCED_FACE('',(#1579),#1582,.T.);
#1579 = FACE_BOUND('',#1580,.T.);
#1580 = EDGE_LOOP('',(#1581));
#1581 = ORIENTED_EDGE('',*,*,#1549,.T.);
#1582 = PLANE('',#1583);
#1583 = AXIS2_PLACEMENT_3D('',#1584,#1585,#1586);
#1584 = CARTESIAN_POINT('',(42.,7.5,7.5));
#1585 = DIRECTION('',(1.,0.,0.));
#1586 = DIRECTION('',(-0.,0.,1.));
#1587 = ADVANCED_FACE('',(#1588),#1591,.F.);
#1588 = FACE_BOUND('',#1589,.T.);
#1589 = EDGE_LOOP('',(#1590));
#1590 = ORIENTED_EDGE('',*,*,#1566,.F.);
#1591 = PLANE('',#1592);
#1592 = AXIS2_PLACEMENT_3D('',#1593,#1594,#1595);
#1593 = CARTESIAN_POINT('',(39.,7.5,7.5));
#1594 = DIRECTION('',(1.,0.,0.));
#1595 = DIRECTION('',(-0.,0.,1.));
#1596 = ( GEOMETRIC_REPRESENTATION_CONTEXT(3) 
GLOBAL_UNCERTAINTY_ASSIGNED_CONTEXT((#1600)) 
GLOBAL_UNIT_ASSIGNED_CONTEXT((#1597,#1598,#1599)) REPRESENTATION_CONTEXT
('Context #1','3D Context with UNIT and UNCERTAINTY') );
#1597 = ( LENGTH_UNIT() NAMED_UNIT(*) SI_UNIT(.MILLI.,.METRE.) );
#1598 = ( NAMED_UNIT(*) PLANE_ANGLE_UNIT() SI_UNIT($,.RADIAN.) );
#1599 = ( NAMED_UNIT(*) SI_UNIT($,.STERADIAN.) SOLID_ANGLE_UNIT() );
#1600 = UNCERTAINTY_MEASURE_WITH_UNIT(LENGTH_MEASURE(1.E-07),#1597,
  'distance_accuracy_value','confusion accuracy');
#1601 = CONTEXT_DEPENDENT_SHAPE_REPRESENTATION(#1602,#1604);
#1602 = ( REPRESENTATION_RELATIONSHIP('','',#1542,#10) 
REPRESENTATION_RELATIONSHIP_WITH_TRANSFORMATION(#1603) 
SHAPE_REPRESENTATION_RELATIONSHIP() );
#1603 = ITEM_DEFINED_TRANSFORMATION('','',#11,#27);
#1604 = PRODUCT_DEFINITION_SHAPE('Placement','Placement of an item',
  #1605);
#1605 = NEXT_ASSEMBLY_USAGE_OCCURRENCE('37','piston','',#5,#1537,$);
#1606 = PRODUCT_RELATED_PRODUCT_CATEGORY('part',$,(#1539));
#1607 = SHAPE_DEFINITION_REPRESENTATION(#1608,#1614);
#1608 = PRODUCT_DEFINITION_SHAPE('','',#1609);
#1609 = PRODUCT_DEFINITION('design','',#1610,#1613);
#1610 = PRODUCT_DEFINITION_FORMATION('','',#1611);
#1611 = PRODUCT('piston_rod','piston_rod','',(#1612));
#1612 = PRODUCT_CONTEXT('',#2,'mechanical');
#1613 = PRODUCT_DEFINITION_CONTEXT('part definition',#2,'design');
#1614 = ADVANCED_BREP_SHAPE_REPRESENTATION('',(#11,#1615),#1668);
#1615 = MANIFOLD_SOLID_BREP('',#1616);
#1616 = CLOSED_SHELL('',(#1617,#1650,#1659));
#1617 = ADVANCED_FACE('',(#1618),#1645,.T.);
#1618 = FACE_BOUND('',#1619,.T.);
#1619 = EDGE_LOOP('',(#1620,#1629,#1637,#1644));
#1620 = ORIENTED_EDGE('',*,*,#1621,.F.);
#1621 = EDGE_CURVE('',#1622,#1622,#1624,.T.);
#1622 = VERTEX_POINT('',#1623);
#1623 = CARTESIAN_POINT('',(39.,7.5,9.5));
#1624 = CIRCLE('',#1625,2.);
#1625 = AXIS2_PLACEMENT_3D('',#1626,#1627,#1628);
#1626 = CARTESIAN_POINT('',(39.,7.5,7.5));
#1627 = DIRECTION('',(1.,0.,0.));
#1628 = DIRECTION('',(-0.,0.,1.));
#1629 = ORIENTED_EDGE('',*,*,#1630,.F.);
#1630 = EDGE_CURVE('',#1631,#1622,#1633,.T.);
#1631 = VERTEX_POINT('',#1632);
#1632 = CARTESIAN_POINT('',(-5.,7.5,9.5));
#1633 = LINE('',#1634,#1635);
#1634 = CARTESIAN_POINT('',(-5.,7.5,9.5));
#1635 = VECTOR('',#1636,1.);
#1636 = DIRECTION('',(1.,0.,0.));
#1637 = ORIENTED_EDGE('',*,*,#1638,.T.);
#1638 = EDGE_CURVE('',#1631,#1631,#1639,.T.);
#1639 = CIRCLE('',#1640,2.);
#1640 = AXIS2_PLACEMENT_3D('',#1641,#1642,#1643);
#1641 = CARTESIAN_POINT('',(-5.,7.5,7.5));
#1642 = DIRECTION('',(1.,0.,0.));
#1643 = DIRECTION('',(-0.,0.,1.));
#1644 = ORIENTED_EDGE('',*,*,#1630,.T.);
#1645 = CYLINDRICAL_SURFACE('',#1646,2.);
#1646 = AXIS2_PLACEMENT_3D('',#1647,#1648,#1649);
#1647 = CARTESIAN_POINT('',(-5.,7.5,7.5));
#1648 = DIRECTION('',(1.,0.,0.));
#1649 = DIRECTION('',(-0.,0.,1.));
#1650 = ADVANCED_FACE('',(#1651),#1654,.T.);
#1651 = FACE_BOUND('',#1652,.T.);
#1652 = EDGE_LOOP('',(#1653));
#1653 = ORIENTED_EDGE('',*,*,#1621,.T.);
#1654 = PLANE('',#1655);
#1655 = AXIS2_PLACEMENT_3D('',#1656,#1657,#1658);
#1656 = CARTESIAN_POINT('',(39.,7.5,7.5));
#1657 = DIRECTION('',(1.,0.,0.));
#1658 = DIRECTION('',(-0.,0.,1.));
#1659 = ADVANCED_FACE('',(#1660),#1663,.F.);
#1660 = FACE_BOUND('',#1661,.T.);
#1661 = EDGE_LOOP('',(#1662));
#1662 = ORIENTED_EDGE('',*,*,#1638,.F.);
#1663 = PLANE('',#1664);
#1664 = AXIS2_PLACEMENT_3D('',#1665,#1666,#1667);
#1665 = CARTESIAN_POINT('',(-5.,7.5,7.5));
#1666 = DIRECTION('',(1.,0.,0.));
#1667 = DIRECTION('',(-0.,0.,1.));
#1668 = ( GEOMETRIC_REPRESENTATION_CONTEXT(3) 
GLOBAL_UNCERTAINTY_ASSIGNED_CONTEXT((#1672)) 
GLOBAL_UNIT_ASSIGNED_CONTEXT((#1669,#1670,#1671)) REPRESENTATION_CONTEXT
('Context #1','3D Context with UNIT and UNCERTAINTY') );
#1669 = ( LENGTH_UNIT() NAMED_UNIT(*) SI_UNIT(.MILLI.,.METRE.) );
#1670 = ( NAMED_UNIT(*) PLANE_ANGLE_UNIT() SI_UNIT($,.RADIAN.) );
#1671 = ( NAMED_UNIT(*) SI_UNIT($,.STERADIAN.) SOLID_ANGLE_UNIT() );
#1672 = UNCERTAINTY_MEASURE_WITH_UNIT(LENGTH_MEASURE(1.E-07),#1669,
  'distance_accuracy_value','confusion accuracy');
#1673 = CONTEXT_DEPENDENT_SHAPE_REPRESENTATION(#1674,#1676);
#1674 = ( REPRESENTATION_RELATIONSHIP('','',#1614,#10) 
REPRESENTATION_RELATIONSHIP_WITH_TRANSFORMATION(#1675) 
SHAPE_REPRESENTATION_RELATIONSHIP() );
#1675 = ITEM_DEFINED_TRANSFORMATION('','',#11,#31);
#1676 = PRODUCT_DEFINITION_SHAPE('Placement','Placement of an item',
  #1677);
#1677 = NEXT_ASSEMBLY_USAGE_OCCURRENCE('38','piston_rod','',#5,#1609,$);
#1678 = PRODUCT_RELATED_PRODUCT_CATEGORY('part',$,(#1611));
#1679 = SHAPE_DEFINITION_REPRESENTATION(#1680,#1686);
#1680 = PRODUCT_DEFINITION_SHAPE('','',#1681);
#1681 = PRODUCT_DEFINITION('design','',#1682,#1685);
#1682 = PRODUCT_DEFINITION_FORMATION('','',#1683);
#1683 = PRODUCT('rod_end','rod_end','',(#1684));
#1684 = PRODUCT_CONTEXT('',#2,'mechanical');
#1685 = PRODUCT_DEFINITION_CONTEXT('part definition',#2,'design');
#1686 = ADVANCED_BREP_SHAPE_REPRESENTATION('',(#11,#1687),#1740);
#1687 = MANIFOLD_SOLID_BREP('',#1688);
#1688 = CLOSED_SHELL('',(#1689,#1722,#1731));
#1689 = ADVANCED_FACE('',(#1690),#1717,.T.);
#1690 = FACE_BOUND('',#1691,.T.);
#1691 = EDGE_LOOP('',(#1692,#1701,#1709,#1716));
#1692 = ORIENTED_EDGE('',*,*,#1693,.F.);
#1693 = EDGE_CURVE('',#1694,#1694,#1696,.T.);
#1694 = VERTEX_POINT('',#1695);
#1695 = CARTESIAN_POINT('',(-5.,7.5,10.5));
#1696 = CIRCLE('',#1697,3.);
#1697 = AXIS2_PLACEMENT_3D('',#1698,#1699,#1700);
#1698 = CARTESIAN_POINT('',(-5.,7.5,7.5));
#1699 = DIRECTION('',(1.,0.,0.));
#1700 = DIRECTION('',(-0.,0.,1.));
#1701 = ORIENTED_EDGE('',*,*,#1702,.F.);
#1702 = EDGE_CURVE('',#1703,#1694,#1705,.T.);
#1703 = VERTEX_POINT('',#1704);
#1704 = CARTESIAN_POINT('',(-9.,7.5,10.5));
#1705 = LINE('',#1706,#1707);
#1706 = CARTESIAN_POINT('',(-9.,7.5,10.5));
#1707 = VECTOR('',#1708,1.);
#1708 = DIRECTION('',(1.,0.,0.));
#1709 = ORIENTED_EDGE('',*,*,#1710,.T.);
#1710 = EDGE_CURVE('',#1703,#1703,#1711,.T.);
#1711 = CIRCLE('',#1712,3.);
#1712 = AXIS2_PLACEMENT_3D('',#1713,#1714,#1715);
#1713 = CARTESIAN_POINT('',(-9.,7.5,7.5));
#1714 = DIRECTION('',(1.,0.,0.));
#1715 = DIRECTION('',(-0.,0.,1.));
#1716 = ORIENTED_EDGE('',*,*,#1702,.T.);
#1717 = CYLINDRICAL_SURFACE('',#1718,3.);
#1718 = AXIS2_PLACEMENT_3D('',#1719,#1720,#1721);
#1719 = CARTESIAN_POINT('',(-9.,7.5,7.5));
#1720 = DIRECTION('',(1.,0.,0.));
#1721 = DIRECTION('',(-0.,0.,1.));
#1722 = ADVANCED_FACE('',(#1723),#1726,.T.);
#1723 = FACE_BOUND('',#1724,.T.);
#1724 = EDGE_LOOP('',(#1725));
#1725 = ORIENTED_EDGE('',*,*,#1693,.T.);
#1726 = PLANE('',#1727);
#1727 = AXIS2_PLACEMENT_3D('',#1728,#1729,#1730);
#1728 = CARTESIAN_POINT('',(-5.,7.5,7.5));
#1729 = DIRECTION('',(1.,0.,0.));
#1730 = DIRECTION('',(-0.,0.,1.));
#1731 = ADVANCED_FACE('',(#1732),#1735,.F.);
#1732 = FACE_BOUND('',#1733,.T.);
#1733 = EDGE_LOOP('',(#1734));
#1734 = ORIENTED_EDGE('',*,*,#1710,.F.);
#1735 = PLANE('',#1736);
#1736 = AXIS2_PLACEMENT_3D('',#1737,#1738,#1739);
#1737 = CARTESIAN_POINT('',(-9.,7.5,7.5));
#1738 = DIRECTION('',(1.,0.,0.));
#1739 = DIRECTION('',(-0.,0.,1.));
#1740 = ( GEOMETRIC_REPRESENTATION_CONTEXT(3) 
GLOBAL_UNCERTAINTY_ASSIGNED_CONTEXT((#1744)) 
GLOBAL_UNIT_ASSIGNED_CONTEXT((#1741,#1742,#1743)) REPRESENTATION_CONTEXT
('Context #1','3D Context with UNIT and UNCERTAINTY') );
#1741 = ( LENGTH_UNIT() NAMED_UNIT(*) SI_UNIT(.MILLI.,.METRE.) );
#1742 = ( NAMED_UNIT(*) PLANE_ANGLE_UNIT() SI_UNIT($,.RADIAN.) );
#1743 = ( NAMED_UNIT(*) SI_UNIT($,.STERADIAN.) SOLID_ANGLE_UNIT() );
#1744 = UNCERTAINTY_MEASURE_WITH_UNIT(LENGTH_MEASURE(1.E-07),#1741,
  'distance_accuracy_value','confusion accuracy');
#1745 = CONTEXT_DEPENDENT_SHAPE_REPRESENTATION(#1746,#1748);
#1746 = ( REPRESENTATION_RELATIONSHIP('','',#1686,#10) 
REPRESENTATION_RELATIONSHIP_WITH_TRANSFORMATION(#1747) 
SHAPE_REPRESENTATION_RELATIONSHIP() );
#1747 = ITEM_DEFINED_TRANSFORMATION('','',#11,#35);
#1748 = PRODUCT_DEFINITION_SHAPE('Placement','Placement of an item',
  #1749);
#1749 = NEXT_ASSEMBLY_USAGE_OCCURRENCE('39','rod_end','',#5,#1681,$);
#1750 = PRODUCT_RELATED_PRODUCT_CATEGORY('part',$,(#1683));
#1751 = SHAPE_DEFINITION_REPRESENTATION(#1752,#1758);
#1752 = PRODUCT_DEFINITION_SHAPE('','',#1753);
#1753 = PRODUCT_DEFINITION('design','',#1754,#1757);
#1754 = PRODUCT_DEFINITION_FORMATION('','',#1755);
#1755 = PRODUCT('spring','spring','',(#1756));
#1756 = PRODUCT_CONTEXT('',#2,'mechanical');
#1757 = PRODUCT_DEFINITION_CONTEXT('part definition',#2,'design');
#1758 = ADVANCED_BREP_SHAPE_REPRESENTATION('',(#11,#1759),#2523);
#1759 = MANIFOLD_SOLID_BREP('',#1760);
#1760 = CLOSED_SHELL('',(#1761,#2505,#2514));
#1761 = ADVANCED_FACE('',(#1762),#1881,.T.);
#1762 = FACE_BOUND('',#1763,.T.);
#1763 = EDGE_LOOP('',(#1764,#1860,#1870,#1871));
#1764 = ORIENTED_EDGE('',*,*,#1765,.T.);
#1765 = EDGE_CURVE('',#1766,#1768,#1770,.T.);
#1766 = VERTEX_POINT('',#1767);
#1767 = CARTESIAN_POINT('',(3.7,-6.192962809237E-16,0.5));
#1768 = VERTEX_POINT('',#1769);
#1769 = CARTESIAN_POINT('',(3.699999999592,-3.301581583702E-06,
    30.50001991467));
#1770 = ( BOUNDED_CURVE() B_SPLINE_CURVE(11,(#1771,#1772,#1773,#1774,
    #1775,#1776,#1777,#1778,#1779,#1780,#1781,#1782,#1783,#1784,#1785,
    #1786,#1787,#1788,#1789,#1790,#1791,#1792,#1793,#1794,#1795,#1796,
    #1797,#1798,#1799,#1800,#1801,#1802,#1803,#1804,#1805,#1806,#1807,
    #1808,#1809,#1810,#1811,#1812,#1813,#1814,#1815,#1816,#1817,#1818,
    #1819,#1820,#1821,#1822,#1823,#1824,#1825,#1826,#1827,#1828,#1829,
    #1830,#1831,#1832,#1833,#1834,#1835,#1836,#1837,#1838,#1839,#1840,
    #1841,#1842,#1843,#1844,#1845,#1846,#1847,#1848,#1849,#1850,#1851,
    #1852,#1853,#1854,#1855,#1856,#1857,#1858,#1859),.UNSPECIFIED.,.F.,
.F.) B_SPLINE_CURVE_WITH_KNOTS((12,11,11,11,11,11,11,11,12),(0.,
    8.001710584651,16.003421169302,24.005131753953,32.006842338604,
    40.008552923255,48.010263507906,56.011974092557,64.013684677208),
.PIECEWISE_BEZIER_KNOTS.) CURVE() GEOMETRIC_REPRESENTATION_ITEM() 
RATIONAL_B_SPLINE_CURVE((1.669078461068,1.669078461068,1.669078461068,
    1.669078461069,1.669078461067,1.66907846107,1.669078461066,
    1.66907846107,1.669078461067,1.669078461069,1.669078461068,
    1.669078461068,1.669078461068,1.669078461068,1.669078461069,
    1.669078461067,1.66907846107,1.669078461067,1.66907846107,
    1.669078461068,1.669078461069,1.669078461068,1.669078461068,
    1.669078461068,1.669078461068,1.669078461069,1.669078461068,
    1.669078461069,1.669078461068,1.669078461069,1.669078461068,
    1.669078461068,1.669078461068,1.669078461068,1.669078461068,
    1.669078461068,1.669078461068,1.669078461068,1.669078461069,
    1.669078461068,1.669078461069,1.669078461068,1.669078461068,
    1.669078461068,1.669078461068,1.669078461068,1.669078461068,
    1.669078461068,1.669078461069,1.669078461067,1.66907846107,
    1.669078461067,1.669078461069,1.669078461068,1.669078461068,
    1.669078461068,1.669078461068,1.669078461068,1.669078461068,
    1.669078461069,1.669078461067,1.669078461069,1.669078461068,
    1.669078461069,1.669078461068,1.669078461068,1.669078461068,
    1.669078461068,1.669078461069,1.669078461067,1.66907846107,
    1.669078461066,1.669078461071,1.669078461066,1.669078461069,
    1.669078461068,1.669078461068,1.669078461068,1.669078461068,
    1.669078461068,1.669078461068,1.669078461069,1.669078461067,
    1.66907846107,1.669078461067,1.669078461069,1.669078461068,
1.669078461068,1.669078461068)) REPRESENTATION_ITEM('') );
#1771 = CARTESIAN_POINT('',(3.7,-6.192962809237E-16,0.5));
#1772 = CARTESIAN_POINT('',(3.7,2.377590433126,0.840999800547));
#1773 = CARTESIAN_POINT('',(2.020467152182,4.755542573126,1.181515544582
    ));
#1774 = CARTESIAN_POINT('',(-1.349327153356,5.811496096565,1.52350793752
    ));
#1775 = CARTESIAN_POINT('',(-5.191284283721,4.233137245106,1.86229770957
    ));
#1776 = CARTESIAN_POINT('',(-7.338573637174,-0.132107850661,
    2.206319408442));
#1777 = CARTESIAN_POINT('',(-5.282574022089,-5.095736081017,
    2.543700505975));
#1778 = CARTESIAN_POINT('',(-0.677518261562,-6.664071796026,
    2.887722205674));
#1779 = CARTESIAN_POINT('',(3.155225425291,-5.063469475667,3.2265119767)
  );
#1780 = CARTESIAN_POINT('',(4.791360690835,-1.933994661021,
    3.568504370302));
#1781 = CARTESIAN_POINT('',(4.297506245292,0.935080939862,3.909020114091
    ));
#1782 = CARTESIAN_POINT('',(2.616297424674,2.61629275553,4.250019914681)
  );
#1783 = CARTESIAN_POINT('',(0.935080057275,4.297510124668,4.590959575333
    ));
#1784 = CARTESIAN_POINT('',(-1.933982725343,4.7913547724,4.931580825604)
  );
#1785 = CARTESIAN_POINT('',(-5.063476897344,3.155240139512,
    5.273420759956));
#1786 = CARTESIAN_POINT('',(-6.664061014724,-0.677523628253,
    5.612394601209));
#1787 = CARTESIAN_POINT('',(-5.095751360224,-5.28255900334,
    5.956229537071));
#1788 = CARTESIAN_POINT('',(-0.13210626293,-7.338581565353,
    6.293769714287));
#1789 = CARTESIAN_POINT('',(4.233127490943,-5.191283003933,
    6.637678616892));
#1790 = CARTESIAN_POINT('',(5.811497447586,-1.349334859429,
    6.976533737041));
#1791 = CARTESIAN_POINT('',(4.755543432195,2.020463839239,7.318496325259
    ));
#1792 = CARTESIAN_POINT('',(2.37759394691,3.699997669512,7.659021924516)
  );
#1793 = CARTESIAN_POINT('',(3.301583372139E-06,3.699999999593,
    8.000019914681));
#1794 = CARTESIAN_POINT('',(-2.377597101919,3.700000000823,
    8.340959575334));
#1795 = CARTESIAN_POINT('',(-4.755531750421,2.020467150847,
    8.681580825604));
#1796 = CARTESIAN_POINT('',(-5.811510549418,-1.349327151577,
    9.023420759953));
#1797 = CARTESIAN_POINT('',(-4.233121181794,-5.19128428569,
    9.362394601215));
#1798 = CARTESIAN_POINT('',(0.13209295122,-7.338573635358,9.706229537061
    ));
#1799 = CARTESIAN_POINT('',(5.095747554797,-5.282574023483,
    10.043769714299));
#1800 = CARTESIAN_POINT('',(6.664064569614,-0.677518260683,
    10.387678616882));
#1801 = CARTESIAN_POINT('',(5.063473083229,3.15522542485,10.726533737048
    ));
#1802 = CARTESIAN_POINT('',(1.933993327264,4.791360690998,
    11.068496325254));
#1803 = CARTESIAN_POINT('',(-0.935080639718,4.297506245255,
    11.409021924519));
#1804 = CARTESIAN_POINT('',(-2.61629275553,2.616297424674,11.75001991468
    ));
#1805 = CARTESIAN_POINT('',(-4.297510124668,0.935080057276,
    12.090959575336));
#1806 = CARTESIAN_POINT('',(-4.791354772398,-1.933982725343,
    12.4315808256));
#1807 = CARTESIAN_POINT('',(-3.155240139515,-5.063476897348,
    12.773420759958));
#1808 = CARTESIAN_POINT('',(0.677523628258,-6.664061014714,
    13.112394601209));
#1809 = CARTESIAN_POINT('',(5.282559003336,-5.095751360238,
    13.456229537068));
#1810 = CARTESIAN_POINT('',(7.338581565358,-0.132106262919,
    13.793769714292));
#1811 = CARTESIAN_POINT('',(5.191283003928,4.233127490936,
    14.137678616887));
#1812 = CARTESIAN_POINT('',(1.349334859432,5.811497447589,
    14.476533737046));
#1813 = CARTESIAN_POINT('',(-2.020463839241,4.755543432194,
    14.818496325256));
#1814 = CARTESIAN_POINT('',(-3.699997669511,2.37759394691,
    15.159021924518));
#1815 = CARTESIAN_POINT('',(-3.699999999593,3.301583325685E-06,
    15.500019914681));
#1816 = CARTESIAN_POINT('',(-3.700000000823,-2.377597101919,
    15.840959575337));
#1817 = CARTESIAN_POINT('',(-2.020467150844,-4.75553175042,16.1815808256
    ));
#1818 = CARTESIAN_POINT('',(1.349327151573,-5.811510549421,
    16.523420759953));
#1819 = CARTESIAN_POINT('',(5.191284285693,-4.233121181791,
    16.862394601225));
#1820 = CARTESIAN_POINT('',(7.338573635358,0.132092951222,
    17.206229537043));
#1821 = CARTESIAN_POINT('',(5.282574023483,5.09574755479,17.543769714318
    ));
#1822 = CARTESIAN_POINT('',(0.677518260682,6.664064569619,
    17.887678616866));
#1823 = CARTESIAN_POINT('',(-3.15522542485,5.063473083228,
    18.226533737061));
#1824 = CARTESIAN_POINT('',(-4.791360690997,1.933993327263,
    18.568496325245));
#1825 = CARTESIAN_POINT('',(-4.297506245256,-0.935080639717,
    18.909021924524));
#1826 = CARTESIAN_POINT('',(-2.616297424674,-2.616292755531,
    19.250019914678));
#1827 = CARTESIAN_POINT('',(-0.935080057276,-4.297510124668,
    19.590959575338));
#1828 = CARTESIAN_POINT('',(1.933982725344,-4.791354772396,
    19.931580825593));
#1829 = CARTESIAN_POINT('',(5.063476897344,-3.155240139522,
    20.27342075998));
#1830 = CARTESIAN_POINT('',(6.664061014724,0.677523628269,
    20.612394601164));
#1831 = CARTESIAN_POINT('',(5.095751360218,5.282559003324,
    20.956229537131));
#1832 = CARTESIAN_POINT('',(0.132106262946,7.338581565368,
    21.293769714227));
#1833 = CARTESIAN_POINT('',(-4.23312749096,5.19128300392,21.637678616938
    ));
#1834 = CARTESIAN_POINT('',(-5.811497447574,1.349334859436,
    21.976533737014));
#1835 = CARTESIAN_POINT('',(-4.7555434322,-2.020463839242,
    22.318496325272));
#1836 = CARTESIAN_POINT('',(-2.377593946909,-3.699997669512,
    22.659021924513));
#1837 = CARTESIAN_POINT('',(-3.301582760573E-06,-3.699999999592,
    23.000019914681));
#1838 = CARTESIAN_POINT('',(2.37759710192,-3.700000000824,
    23.340959575328));
#1839 = CARTESIAN_POINT('',(4.755531750416,-2.020467150839,
    23.68158082561));
#1840 = CARTESIAN_POINT('',(5.81151054943,1.349327151554,24.023420759965
    ));
#1841 = CARTESIAN_POINT('',(4.233121181777,5.191284285735,
    24.362394601168));
#1842 = CARTESIAN_POINT('',(-0.132092951208,7.338573635294,
    24.706229537139));
#1843 = CARTESIAN_POINT('',(-5.0957475548,5.282574023558,25.043769714211
    ));
#1844 = CARTESIAN_POINT('',(-6.664064569615,0.677518260617,
    25.387678616958));
#1845 = CARTESIAN_POINT('',(-5.063473083226,-3.155225424809,
    25.726533736991));
#1846 = CARTESIAN_POINT('',(-1.933993327266,-4.791360691016,
    26.068496325292));
#1847 = CARTESIAN_POINT('',(0.93508063972,-4.29750624525,26.409021924499
    ));
#1848 = CARTESIAN_POINT('',(2.616292755529,-2.616297424675,
    26.750019914688));
#1849 = CARTESIAN_POINT('',(4.297510124669,-0.935080057275,
    27.090959575327));
#1850 = CARTESIAN_POINT('',(4.791354772402,1.93398272534,27.431580825618
    ));
#1851 = CARTESIAN_POINT('',(3.155240139501,5.063476897358,
    27.773420759915));
#1852 = CARTESIAN_POINT('',(-0.677523628224,6.664061014691,
    28.11239460129));
#1853 = CARTESIAN_POINT('',(-5.282559003391,5.095751360272,
    28.456229536958));
#1854 = CARTESIAN_POINT('',(-7.338581565296,0.132106262884,
    28.793769714406));
#1855 = CARTESIAN_POINT('',(-5.191283003974,-4.233127490908,
    29.137678616789));
#1856 = CARTESIAN_POINT('',(-1.34933485941,-5.811497447609,
    29.47653373712));
#1857 = CARTESIAN_POINT('',(2.020463839234,-4.755543432182,
    29.818496325205));
#1858 = CARTESIAN_POINT('',(3.699997669512,-2.377593946915,
    30.159021924545));
#1859 = CARTESIAN_POINT('',(3.699999999592,-3.301581583702E-06,
    30.50001991467));
#1860 = ORIENTED_EDGE('',*,*,#1861,.F.);
#1861 = EDGE_CURVE('',#1768,#1768,#1862,.T.);
#1862 = ( BOUNDED_CURVE() B_SPLINE_CURVE(6,(#1863,#1864,#1865,#1866,
#1867,#1868,#1869),.UNSPECIFIED.,.T.,.F.) B_SPLINE_CURVE_WITH_KNOTS((1,6
    ,6,1),(-6.28318530718,0.,6.28318530718,12.566370614359),
.UNSPECIFIED.) CURVE() GEOMETRIC_REPRESENTATION_ITEM() 
RATIONAL_B_SPLINE_CURVE((1.669078461068,1.03672962321,1.038346699848,
    0.853534330196,1.038346699848,1.03672962321,1.669078461068)) 
REPRESENTATION_ITEM('') );
#1863 = CARTESIAN_POINT('',(3.699999999592,-3.301581583702E-06,
    30.50001991467));
#1864 = CARTESIAN_POINT('',(3.700033088675,-3.301689168876E-06,
    29.669248377544));
#1865 = CARTESIAN_POINT('',(2.672763745267,3.481553530892E-06,
    29.549922808151));
#1866 = CARTESIAN_POINT('',(1.825441540616,9.076433209967E-06,
    30.499945252242));
#1867 = CARTESIAN_POINT('',(2.672688065043,3.481799588145E-06,
    31.45003518989));
#1868 = CARTESIAN_POINT('',(3.699966910509,-3.301474003584E-06,
    31.330791451797));
#1869 = CARTESIAN_POINT('',(3.699999999592,-3.301581583702E-06,
    30.50001991467));
#1870 = ORIENTED_EDGE('',*,*,#1765,.F.);
#1871 = ORIENTED_EDGE('',*,*,#1872,.T.);
#1872 = EDGE_CURVE('',#1766,#1766,#1873,.T.);
#1873 = ( BOUNDED_CURVE() B_SPLINE_CURVE(6,(#1874,#1875,#1876,#1877,
#1878,#1879,#1880),.UNSPECIFIED.,.T.,.F.) B_SPLINE_CURVE_WITH_KNOTS((1,6
    ,6,1),(-6.28318530718,0.,6.28318530718,12.566370614359),
.UNSPECIFIED.) CURVE() GEOMETRIC_REPRESENTATION_ITEM() 
RATIONAL_B_SPLINE_CURVE((1.669078461068,1.03672962321,1.038346699848,
    0.853534330196,1.038346699848,1.03672962321,1.669078461068)) 
REPRESENTATION_ITEM('') );
#1874 = CARTESIAN_POINT('',(3.7,-6.192962809237E-16,0.5));
#1875 = CARTESIAN_POINT('',(3.7,-2.40172465249E-15,-0.330771537786));
#1876 = CARTESIAN_POINT('',(2.672725904726,-4.969115396936E-15,
    -0.450056191623));
#1877 = CARTESIAN_POINT('',(1.825441539496,1.294103713079E-15,0.5));
#1878 = CARTESIAN_POINT('',(2.672725904726,-2.645453300865E-16,
    1.450056191623));
#1879 = CARTESIAN_POINT('',(3.7,-8.39519426199E-15,1.330771537786));
#1880 = CARTESIAN_POINT('',(3.7,-6.192962809237E-16,0.5));
#1881 = ( BOUNDED_SURFACE() B_SPLINE_SURFACE(6,11,(
    (#1882,#1883,#1884,#1885,#1886,#1887,#1888,#1889,#1890,#1891,#1892
      ,#1893,#1894,#1895,#1896,#1897,#1898,#1899,#1900,#1901,#1902,#1903
      ,#1904,#1905,#1906,#1907,#1908,#1909,#1910,#1911,#1912,#1913,#1914
      ,#1915,#1916,#1917,#1918,#1919,#1920,#1921,#1922,#1923,#1924,#1925
      ,#1926,#1927,#1928,#1929,#1930,#1931,#1932,#1933,#1934,#1935,#1936
      ,#1937,#1938,#1939,#1940,#1941,#1942,#1943,#1944,#1945,#1946,#1947
      ,#1948,#1949,#1950,#1951,#1952,#1953,#1954,#1955,#1956,#1957,#1958
      ,#1959,#1960,#1961,#1962,#1963,#1964,#1965,#1966,#1967,#1968,#1969
      ,#1970)
    ,(#1971,#1972,#1973,#1974,#1975,#1976,#1977,#1978,#1979,#1980,#1981
      ,#1982,#1983,#1984,#1985,#1986,#1987,#1988,#1989,#1990,#1991,#1992
      ,#1993,#1994,#1995,#1996,#1997,#1998,#1999,#2000,#2001,#2002,#2003
      ,#2004,#2005,#2006,#2007,#2008,#2009,#2010,#2011,#2012,#2013,#2014
      ,#2015,#2016,#2017,#2018,#2019,#2020,#2021,#2022,#2023,#2024,#2025
      ,#2026,#2027,#2028,#2029,#2030,#2031,#2032,#2033,#2034,#2035,#2036
      ,#2037,#2038,#2039,#2040,#2041,#2042,#2043,#2044,#2045,#2046,#2047
      ,#2048,#2049,#2050,#2051,#2052,#2053,#2054,#2055,#2056,#2057,#2058
      ,#2059)
    ,(#2060,#2061,#2062,#2063,#2064,#2065,#2066,#2067,#2068,#2069,#2070
      ,#2071,#2072,#2073,#2074,#2075,#2076,#2077,#2078,#2079,#2080,#2081
      ,#2082,#2083,#2084,#2085,#2086,#2087,#2088,#2089,#2090,#2091,#2092
      ,#2093,#2094,#2095,#2096,#2097,#2098,#2099,#2100,#2101,#2102,#2103
      ,#2104,#2105,#2106,#2107,#2108,#2109,#2110,#2111,#2112,#2113,#2114
      ,#2115,#2116,#2117,#2118,#2119,#2120,#2121,#2122,#2123,#2124,#2125
      ,#2126,#2127,#2128,#2129,#2130,#2131,#2132,#2133,#2134,#2135,#2136
      ,#2137,#2138,#2139,#2140,#2141,#2142,#2143,#2144,#2145,#2146,#2147
      ,#2148)
    ,(#2149,#2150,#2151,#2152,#2153,#2154,#2155,#2156,#2157,#2158,#2159
      ,#2160,#2161,#2162,#2163,#2164,#2165,#2166,#2167,#2168,#2169,#2170
      ,#2171,#2172,#2173,#2174,#2175,#2176,#2177,#2178,#2179,#2180,#2181
      ,#2182,#2183,#2184,#2185,#2186,#2187,#2188,#2189,#2190,#2191,#2192
      ,#2193,#2194,#2195,#2196,#2197,#2198,#2199,#2200,#2201,#2202,#2203
      ,#2204,#2205,#2206,#2207,#2208,#2209,#2210,#2211,#2212,#2213,#2214
      ,#2215,#2216,#2217,#2218,#2219,#2220,#2221,#2222,#2223,#2224,#2225
      ,#2226,#2227,#2228,#2229,#2230,#2231,#2232,#2233,#2234,#2235,#2236
      ,#2237)
    ,(#2238,#2239,#2240,#2241,#2242,#2243,#2244,#2245,#2246,#2247,#2248
      ,#2249,#2250,#2251,#2252,#2253,#2254,#2255,#2256,#2257,#2258,#2259
      ,#2260,#2261,#2262,#2263,#2264,#2265,#2266,#2267,#2268,#2269,#2270
      ,#2271,#2272,#2273,#2274,#2275,#2276,#2277,#2278,#2279,#2280,#2281
      ,#2282,#2283,#2284,#2285,#2286,#2287,#2288,#2289,#2290,#2291,#2292
      ,#2293,#2294,#2295,#2296,#2297,#2298,#2299,#2300,#2301,#2302,#2303
      ,#2304,#2305,#2306,#2307,#2308,#2309,#2310,#2311,#2312,#2313,#2314
      ,#2315,#2316,#2317,#2318,#2319,#2320,#2321,#2322,#2323,#2324,#2325
      ,#2326)
    ,(#2327,#2328,#2329,#2330,#2331,#2332,#2333,#2334,#2335,#2336,#2337
      ,#2338,#2339,#2340,#2341,#2342,#2343,#2344,#2345,#2346,#2347,#2348
      ,#2349,#2350,#2351,#2352,#2353,#2354,#2355,#2356,#2357,#2358,#2359
      ,#2360,#2361,#2362,#2363,#2364,#2365,#2366,#2367,#2368,#2369,#2370
      ,#2371,#2372,#2373,#2374,#2375,#2376,#2377,#2378,#2379,#2380,#2381
      ,#2382,#2383,#2384,#2385,#2386,#2387,#2388,#2389,#2390,#2391,#2392
      ,#2393,#2394,#2395,#2396,#2397,#2398,#2399,#2400,#2401,#2402,#2403
      ,#2404,#2405,#2406,#2407,#2408,#2409,#2410,#2411,#2412,#2413,#2414
      ,#2415)
    ,(#2416,#2417,#2418,#2419,#2420,#2421,#2422,#2423,#2424,#2425,#2426
      ,#2427,#2428,#2429,#2430,#2431,#2432,#2433,#2434,#2435,#2436,#2437
      ,#2438,#2439,#2440,#2441,#2442,#2443,#2444,#2445,#2446,#2447,#2448
      ,#2449,#2450,#2451,#2452,#2453,#2454,#2455,#2456,#2457,#2458,#2459
      ,#2460,#2461,#2462,#2463,#2464,#2465,#2466,#2467,#2468,#2469,#2470
      ,#2471,#2472,#2473,#2474,#2475,#2476,#2477,#2478,#2479,#2480,#2481
      ,#2482,#2483,#2484,#2485,#2486,#2487,#2488,#2489,#2490,#2491,#2492
      ,#2493,#2494,#2495,#2496,#2497,#2498,#2499,#2500,#2501,#2502,#2503
,#2504
    )),.UNSPECIFIED.,.T.,.F.,.F.) B_SPLINE_SURFACE_WITH_KNOTS((1,6,6,1),
  (12,11,11,11,11,11,11,11,12),(-6.28318530718,0.,6.28318530718,
    12.566370614359),(0.,8.001710584651,16.003421169302,24.005131753953,
    32.006842338604,40.008552923255,48.010263507906,56.011974092557,
64.013684677208),.UNSPECIFIED.) GEOMETRIC_REPRESENTATION_ITEM() 
RATIONAL_B_SPLINE_SURFACE((
    (1.669078461068,1.669078461068,1.669078461068,1.669078461069
      ,1.669078461067,1.66907846107,1.669078461066,1.66907846107
      ,1.669078461067,1.669078461069,1.669078461068,1.669078461068
      ,1.669078461068,1.669078461068,1.669078461069,1.669078461067
      ,1.66907846107,1.669078461067,1.66907846107,1.669078461068
      ,1.669078461069,1.669078461068,1.669078461068,1.669078461068
      ,1.669078461068,1.669078461069,1.669078461068,1.669078461069
      ,1.669078461068,1.669078461069,1.669078461068,1.669078461068
      ,1.669078461068,1.669078461068,1.669078461068,1.669078461068
      ,1.669078461068,1.669078461068,1.669078461069,1.669078461068
      ,1.669078461069,1.669078461068,1.669078461068,1.669078461068
      ,1.669078461068,1.669078461068,1.669078461068,1.669078461068
      ,1.669078461069,1.669078461067,1.66907846107,1.669078461067
      ,1.669078461069,1.669078461068,1.669078461068,1.669078461068
      ,1.669078461068,1.669078461068,1.669078461068,1.669078461069
      ,1.669078461067,1.669078461069,1.669078461068,1.669078461069
      ,1.669078461068,1.669078461068,1.669078461068,1.669078461068
      ,1.669078461069,1.669078461067,1.66907846107,1.669078461066
      ,1.669078461071,1.669078461066,1.669078461069,1.669078461068
      ,1.669078461068,1.669078461068,1.669078461068,1.669078461068
      ,1.669078461068,1.669078461069,1.669078461067,1.66907846107
      ,1.669078461067,1.669078461069,1.669078461068,1.669078461068
      ,1.669078461068)
    ,(1.03672962321,1.03672962321,1.036729623209,1.03672962321
      ,1.036729623208,1.036729623211,1.036729623208,1.036729623211
      ,1.036729623209,1.03672962321,1.03672962321,1.03672962321
      ,1.03672962321,1.036729623209,1.03672962321,1.036729623209
      ,1.03672962321,1.036729623209,1.03672962321,1.036729623209
      ,1.03672962321,1.03672962321,1.03672962321,1.03672962321
      ,1.036729623209,1.03672962321,1.036729623209,1.03672962321
      ,1.036729623209,1.03672962321,1.036729623209,1.03672962321
      ,1.03672962321,1.03672962321,1.03672962321,1.03672962321
      ,1.03672962321,1.03672962321,1.03672962321,1.03672962321
      ,1.03672962321,1.03672962321,1.03672962321,1.03672962321
      ,1.03672962321,1.03672962321,1.03672962321,1.036729623209
      ,1.03672962321,1.036729623209,1.03672962321,1.036729623209
      ,1.03672962321,1.03672962321,1.03672962321,1.03672962321
      ,1.03672962321,1.03672962321,1.036729623209,1.03672962321
      ,1.036729623209,1.03672962321,1.03672962321,1.03672962321
      ,1.03672962321,1.03672962321,1.03672962321,1.03672962321
      ,1.03672962321,1.036729623209,1.036729623211,1.036729623208
      ,1.036729623211,1.036729623209,1.03672962321,1.036729623209
      ,1.03672962321,1.03672962321,1.03672962321,1.03672962321
      ,1.036729623209,1.036729623211,1.036729623208,1.036729623211
      ,1.036729623209,1.03672962321,1.036729623209,1.03672962321
      ,1.03672962321)
    ,(1.038346699848,1.038346699848,1.038346699847,1.038346699848
      ,1.038346699847,1.038346699849,1.038346699846,1.038346699848
      ,1.038346699847,1.038346699848,1.038346699847,1.038346699848
      ,1.038346699848,1.038346699847,1.038346699848,1.038346699847
      ,1.038346699848,1.038346699847,1.038346699848,1.038346699847
      ,1.038346699848,1.038346699848,1.038346699848,1.038346699848
      ,1.038346699847,1.038346699848,1.038346699847,1.038346699848
      ,1.038346699847,1.038346699848,1.038346699847,1.038346699848
      ,1.038346699847,1.038346699848,1.038346699848,1.038346699847
      ,1.038346699848,1.038346699847,1.038346699848,1.038346699847
      ,1.038346699848,1.038346699847,1.038346699848,1.038346699848
      ,1.038346699848,1.038346699847,1.038346699848,1.038346699847
      ,1.038346699848,1.038346699846,1.038346699849,1.038346699847
      ,1.038346699848,1.038346699847,1.038346699848,1.038346699848
      ,1.038346699847,1.038346699848,1.038346699847,1.038346699848
      ,1.038346699847,1.038346699848,1.038346699847,1.038346699848
      ,1.038346699847,1.038346699848,1.038346699848,1.038346699848
      ,1.038346699848,1.038346699847,1.038346699848,1.038346699847
      ,1.038346699848,1.038346699847,1.038346699848,1.038346699847
      ,1.038346699848,1.038346699848,1.038346699847,1.038346699848
      ,1.038346699847,1.038346699848,1.038346699846,1.038346699849
      ,1.038346699846,1.038346699848,1.038346699847,1.038346699848
      ,1.038346699848)
    ,(0.853534330196,0.853534330196,0.853534330196,0.853534330197
      ,0.853534330195,0.853534330198,0.853534330195,0.853534330197
      ,0.853534330195,0.853534330196,0.853534330196,0.853534330196
      ,0.853534330196,0.853534330196,0.853534330196,0.853534330196
      ,0.853534330197,0.853534330195,0.853534330197,0.853534330196
      ,0.853534330196,0.853534330196,0.853534330196,0.853534330196
      ,0.853534330196,0.853534330197,0.853534330195,0.853534330197
      ,0.853534330195,0.853534330197,0.853534330196,0.853534330196
      ,0.853534330196,0.853534330196,0.853534330196,0.853534330196
      ,0.853534330197,0.853534330195,0.853534330197,0.853534330195
      ,0.853534330197,0.853534330196,0.853534330196,0.853534330196
      ,0.853534330196,0.853534330196,0.853534330196,0.853534330196
      ,0.853534330196,0.853534330196,0.853534330197,0.853534330196
      ,0.853534330196,0.853534330196,0.853534330196,0.853534330196
      ,0.853534330196,0.853534330196,0.853534330196,0.853534330196
      ,0.853534330196,0.853534330196,0.853534330196,0.853534330196
      ,0.853534330196,0.853534330196,0.853534330196,0.853534330196
      ,0.853534330196,0.853534330196,0.853534330197,0.853534330195
      ,0.853534330197,0.853534330196,0.853534330196,0.853534330196
      ,0.853534330196,0.853534330196,0.853534330196,0.853534330196
      ,0.853534330196,0.853534330197,0.853534330195,0.853534330197
      ,0.853534330196,0.853534330196,0.853534330196,0.853534330196
      ,0.853534330196)
    ,(1.038346699848,1.038346699848,1.038346699847,1.038346699848
      ,1.038346699847,1.038346699849,1.038346699846,1.038346699848
      ,1.038346699847,1.038346699848,1.038346699847,1.038346699848
      ,1.038346699848,1.038346699847,1.038346699848,1.038346699847
      ,1.038346699848,1.038346699847,1.038346699848,1.038346699847
      ,1.038346699848,1.038346699848,1.038346699848,1.038346699848
      ,1.038346699847,1.038346699848,1.038346699847,1.038346699848
      ,1.038346699847,1.038346699848,1.038346699847,1.038346699848
      ,1.038346699847,1.038346699848,1.038346699848,1.038346699847
      ,1.038346699848,1.038346699847,1.038346699848,1.038346699847
      ,1.038346699848,1.038346699847,1.038346699848,1.038346699848
      ,1.038346699848,1.038346699847,1.038346699848,1.038346699847
      ,1.038346699848,1.038346699846,1.038346699849,1.038346699847
      ,1.038346699848,1.038346699847,1.038346699848,1.038346699848
      ,1.038346699847,1.038346699848,1.038346699847,1.038346699848
      ,1.038346699847,1.038346699848,1.038346699847,1.038346699848
      ,1.038346699847,1.038346699848,1.038346699848,1.038346699848
      ,1.038346699848,1.038346699847,1.038346699848,1.038346699847
      ,1.038346699848,1.038346699847,1.038346699848,1.038346699847
      ,1.038346699848,1.038346699848,1.038346699847,1.038346699848
      ,1.038346699847,1.038346699848,1.038346699846,1.038346699849
      ,1.038346699846,1.038346699848,1.038346699847,1.038346699848
      ,1.038346699848)
    ,(1.03672962321,1.03672962321,1.036729623209,1.03672962321
      ,1.036729623208,1.036729623211,1.036729623208,1.036729623211
      ,1.036729623209,1.03672962321,1.03672962321,1.03672962321
      ,1.03672962321,1.036729623209,1.03672962321,1.036729623209
      ,1.03672962321,1.036729623209,1.03672962321,1.036729623209
      ,1.03672962321,1.03672962321,1.03672962321,1.03672962321
      ,1.03672962321,1.03672962321,1.036729623209,1.03672962321
      ,1.036729623209,1.03672962321,1.03672962321,1.03672962321
      ,1.03672962321,1.03672962321,1.03672962321,1.03672962321
      ,1.03672962321,1.036729623209,1.03672962321,1.036729623209
      ,1.03672962321,1.03672962321,1.03672962321,1.03672962321
      ,1.03672962321,1.03672962321,1.03672962321,1.036729623209
      ,1.03672962321,1.036729623209,1.03672962321,1.036729623209
      ,1.03672962321,1.03672962321,1.03672962321,1.03672962321
      ,1.03672962321,1.03672962321,1.03672962321,1.03672962321
      ,1.03672962321,1.03672962321,1.03672962321,1.03672962321
      ,1.03672962321,1.03672962321,1.03672962321,1.03672962321
      ,1.03672962321,1.036729623209,1.036729623211,1.036729623208
      ,1.036729623211,1.036729623209,1.03672962321,1.036729623209
      ,1.03672962321,1.03672962321,1.03672962321,1.03672962321
      ,1.036729623209,1.036729623211,1.036729623208,1.036729623211
      ,1.036729623208,1.03672962321,1.036729623209,1.03672962321
      ,1.03672962321)
    ,(1.669078461068,1.669078461068,1.669078461068,1.669078461069
      ,1.669078461067,1.66907846107,1.669078461066,1.66907846107
      ,1.669078461067,1.669078461069,1.669078461068,1.669078461068
      ,1.669078461068,1.669078461068,1.669078461069,1.669078461067
      ,1.66907846107,1.669078461067,1.66907846107,1.669078461068
      ,1.669078461069,1.669078461068,1.669078461068,1.669078461068
      ,1.669078461068,1.669078461069,1.669078461068,1.669078461069
      ,1.669078461068,1.669078461069,1.669078461068,1.669078461068
      ,1.669078461068,1.669078461068,1.669078461068,1.669078461068
      ,1.669078461068,1.669078461068,1.669078461069,1.669078461068
      ,1.669078461069,1.669078461068,1.669078461068,1.669078461068
      ,1.669078461068,1.669078461068,1.669078461068,1.669078461068
      ,1.669078461069,1.669078461067,1.66907846107,1.669078461067
      ,1.669078461069,1.669078461068,1.669078461068,1.669078461068
      ,1.669078461068,1.669078461068,1.669078461068,1.669078461069
      ,1.669078461067,1.669078461069,1.669078461068,1.669078461069
      ,1.669078461068,1.669078461068,1.669078461068,1.669078461068
      ,1.669078461069,1.669078461067,1.66907846107,1.669078461066
      ,1.669078461071,1.669078461066,1.669078461069,1.669078461068
      ,1.669078461068,1.669078461068,1.669078461068,1.669078461068
      ,1.669078461068,1.669078461069,1.669078461067,1.66907846107
      ,1.669078461067,1.669078461069,1.669078461068,1.669078461068
,1.669078461068))) REPRESENTATION_ITEM('') SURFACE() );
#1882 = CARTESIAN_POINT('',(3.7,-6.192962809237E-16,0.5));
#1883 = CARTESIAN_POINT('',(3.7,2.377590433126,0.840999800547));
#1884 = CARTESIAN_POINT('',(2.020467152182,4.755542573126,1.181515544582
    ));
#1885 = CARTESIAN_POINT('',(-1.349327153356,5.811496096565,1.52350793752
    ));
#1886 = CARTESIAN_POINT('',(-5.191284283721,4.233137245106,1.86229770957
    ));
#1887 = CARTESIAN_POINT('',(-7.338573637174,-0.132107850661,
    2.206319408442));
#1888 = CARTESIAN_POINT('',(-5.282574022089,-5.095736081017,
    2.543700505975));
#1889 = CARTESIAN_POINT('',(-0.677518261562,-6.664071796026,
    2.887722205674));
#1890 = CARTESIAN_POINT('',(3.155225425291,-5.063469475667,3.2265119767)
  );
#1891 = CARTESIAN_POINT('',(4.791360690835,-1.933994661021,
    3.568504370302));
#1892 = CARTESIAN_POINT('',(4.297506245292,0.935080939862,3.909020114091
    ));
#1893 = CARTESIAN_POINT('',(2.616297424674,2.61629275553,4.250019914681)
  );
#1894 = CARTESIAN_POINT('',(0.935080057275,4.297510124668,4.590959575333
    ));
#1895 = CARTESIAN_POINT('',(-1.933982725343,4.7913547724,4.931580825604)
  );
#1896 = CARTESIAN_POINT('',(-5.063476897344,3.155240139512,
    5.273420759956));
#1897 = CARTESIAN_POINT('',(-6.664061014724,-0.677523628253,
    5.612394601209));
#1898 = CARTESIAN_POINT('',(-5.095751360224,-5.28255900334,
    5.956229537071));
#1899 = CARTESIAN_POINT('',(-0.13210626293,-7.338581565353,
    6.293769714287));
#1900 = CARTESIAN_POINT('',(4.233127490943,-5.191283003933,
    6.637678616892));
#1901 = CARTESIAN_POINT('',(5.811497447586,-1.349334859429,
    6.976533737041));
#1902 = CARTESIAN_POINT('',(4.755543432195,2.020463839239,7.318496325259
    ));
#1903 = CARTESIAN_POINT('',(2.37759394691,3.699997669512,7.659021924516)
  );
#1904 = CARTESIAN_POINT('',(3.301583372139E-06,3.699999999593,
    8.000019914681));
#1905 = CARTESIAN_POINT('',(-2.377597101919,3.700000000823,
    8.340959575334));
#1906 = CARTESIAN_POINT('',(-4.755531750421,2.020467150847,
    8.681580825604));
#1907 = CARTESIAN_POINT('',(-5.811510549418,-1.349327151577,
    9.023420759953));
#1908 = CARTESIAN_POINT('',(-4.233121181794,-5.19128428569,
    9.362394601215));
#1909 = CARTESIAN_POINT('',(0.13209295122,-7.338573635358,9.706229537061
    ));
#1910 = CARTESIAN_POINT('',(5.095747554797,-5.282574023483,
    10.043769714299));
#1911 = CARTESIAN_POINT('',(6.664064569614,-0.677518260683,
    10.387678616882));
#1912 = CARTESIAN_POINT('',(5.063473083229,3.15522542485,10.726533737048
    ));
#1913 = CARTESIAN_POINT('',(1.933993327264,4.791360690998,
    11.068496325254));
#1914 = CARTESIAN_POINT('',(-0.935080639718,4.297506245255,
    11.409021924519));
#1915 = CARTESIAN_POINT('',(-2.61629275553,2.616297424674,11.75001991468
    ));
#1916 = CARTESIAN_POINT('',(-4.297510124668,0.935080057276,
    12.090959575336));
#1917 = CARTESIAN_POINT('',(-4.791354772398,-1.933982725343,
    12.4315808256));
#1918 = CARTESIAN_POINT('',(-3.155240139515,-5.063476897348,
    12.773420759958));
#1919 = CARTESIAN_POINT('',(0.677523628258,-6.664061014714,
    13.112394601209));
#1920 = CARTESIAN_POINT('',(5.282559003336,-5.095751360238,
    13.456229537068));
#1921 = CARTESIAN_POINT('',(7.338581565358,-0.132106262919,
    13.793769714292));
#1922 = CARTESIAN_POINT('',(5.191283003928,4.233127490936,
    14.137678616887));
#1923 = CARTESIAN_POINT('',(1.349334859432,5.811497447589,
    14.476533737046));
#1924 = CARTESIAN_POINT('',(-2.020463839241,4.755543432194,
    14.818496325256));
#1925 = CARTESIAN_POINT('',(-3.699997669511,2.37759394691,
    15.159021924518));
#1926 = CARTESIAN_POINT('',(-3.699999999593,3.301583325685E-06,
    15.500019914681));
#1927 = CARTESIAN_POINT('',(-3.700000000823,-2.377597101919,
    15.840959575337));
#1928 = CARTESIAN_POINT('',(-2.020467150844,-4.75553175042,16.1815808256
    ));
#1929 = CARTESIAN_POINT('',(1.349327151573,-5.811510549421,
    16.523420759953));
#1930 = CARTESIAN_POINT('',(5.191284285693,-4.233121181791,
    16.862394601225));
#1931 = CARTESIAN_POINT('',(7.338573635358,0.132092951222,
    17.206229537043));
#1932 = CARTESIAN_POINT('',(5.282574023483,5.09574755479,17.543769714318
    ));
#1933 = CARTESIAN_POINT('',(0.677518260682,6.664064569619,
    17.887678616866));
#1934 = CARTESIAN_POINT('',(-3.15522542485,5.063473083228,
    18.226533737061));
#1935 = CARTESIAN_POINT('',(-4.791360690997,1.933993327263,
    18.568496325245));
#1936 = CARTESIAN_POINT('',(-4.297506245256,-0.935080639717,
    18.909021924524));
#1937 = CARTESIAN_POINT('',(-2.616297424674,-2.616292755531,
    19.250019914678));
#1938 = CARTESIAN_POINT('',(-0.935080057276,-4.297510124668,
    19.590959575338));
#1939 = CARTESIAN_POINT('',(1.933982725344,-4.791354772396,
    19.931580825593));
#1940 = CARTESIAN_POINT('',(5.063476897344,-3.155240139522,
    20.27342075998));
#1941 = CARTESIAN_POINT('',(6.664061014724,0.677523628269,
    20.612394601164));
#1942 = CARTESIAN_POINT('',(5.095751360218,5.282559003324,
    20.956229537131));
#1943 = CARTESIAN_POINT('',(0.132106262946,7.338581565368,
    21.293769714227));
#1944 = CARTESIAN_POINT('',(-4.23312749096,5.19128300392,21.637678616938
    ));
#1945 = CARTESIAN_POINT('',(-5.811497447574,1.349334859436,
    21.976533737014));
#1946 = CARTESIAN_POINT('',(-4.7555434322,-2.020463839242,
    22.318496325272));
#1947 = CARTESIAN_POINT('',(-2.377593946909,-3.699997669512,
    22.659021924513));
#1948 = CARTESIAN_POINT('',(-3.301582760573E-06,-3.699999999592,
    23.000019914681));
#1949 = CARTESIAN_POINT('',(2.37759710192,-3.700000000824,
    23.340959575328));
#1950 = CARTESIAN_POINT('',(4.755531750416,-2.020467150839,
    23.68158082561));
#1951 = CARTESIAN_POINT('',(5.81151054943,1.349327151554,24.023420759965
    ));
#1952 = CARTESIAN_POINT('',(4.233121181777,5.191284285735,
    24.362394601168));
#1953 = CARTESIAN_POINT('',(-0.132092951208,7.338573635294,
    24.706229537139));
#1954 = CARTESIAN_POINT('',(-5.0957475548,5.282574023558,25.043769714211
    ));
#1955 = CARTESIAN_POINT('',(-6.664064569615,0.677518260617,
    25.387678616958));
#1956 = CARTESIAN_POINT('',(-5.063473083226,-3.155225424809,
    25.726533736991));
#1957 = CARTESIAN_POINT('',(-1.933993327266,-4.791360691016,
    26.068496325292));
#1958 = CARTESIAN_POINT('',(0.93508063972,-4.29750624525,26.409021924499
    ));
#1959 = CARTESIAN_POINT('',(2.616292755529,-2.616297424675,
    26.750019914688));
#1960 = CARTESIAN_POINT('',(4.297510124669,-0.935080057275,
    27.090959575327));
#1961 = CARTESIAN_POINT('',(4.791354772402,1.93398272534,27.431580825618
    ));
#1962 = CARTESIAN_POINT('',(3.155240139501,5.063476897358,
    27.773420759915));
#1963 = CARTESIAN_POINT('',(-0.677523628224,6.664061014691,
    28.11239460129));
#1964 = CARTESIAN_POINT('',(-5.282559003391,5.095751360272,
    28.456229536958));
#1965 = CARTESIAN_POINT('',(-7.338581565296,0.132106262884,
    28.793769714406));
#1966 = CARTESIAN_POINT('',(-5.191283003974,-4.233127490908,
    29.137678616789));
#1967 = CARTESIAN_POINT('',(-1.34933485941,-5.811497447609,
    29.47653373712));
#1968 = CARTESIAN_POINT('',(2.020463839234,-4.755543432182,
    29.818496325205));
#1969 = CARTESIAN_POINT('',(3.699997669512,-2.377593946915,
    30.159021924545));
#1970 = CARTESIAN_POINT('',(3.699999999592,-3.301581583702E-06,
    30.50001991467));
#1971 = CARTESIAN_POINT('',(3.7,-2.40172465249E-15,-0.330771537786));
#1972 = CARTESIAN_POINT('',(3.700150717969,2.377601064332,
    1.022826276098E-02));
#1973 = CARTESIAN_POINT('',(2.019966717285,4.755528705869,0.350744007522
    ));
#1974 = CARTESIAN_POINT('',(-1.348092400353,5.811705302391,
    0.692736403198));
#1975 = CARTESIAN_POINT('',(-5.193454247235,4.232638917566,
    1.031526152911));
#1976 = CARTESIAN_POINT('',(-7.335864172129,-0.131141980717,
    1.375547917497));
#1977 = CARTESIAN_POINT('',(-5.285220130264,-5.097014537951,
    1.712928898301));
#1978 = CARTESIAN_POINT('',(-0.675637542033,-6.662949383113,
    2.056950738257));
#1979 = CARTESIAN_POINT('',(3.154232601596,-5.064239921249,
    2.395740391377));
#1980 = CARTESIAN_POINT('',(4.79176721001,-1.933667904863,2.737732853928
    ));
#1981 = CARTESIAN_POINT('',(4.29743058584,0.934990246868,3.078248570961)
  );
#1982 = CARTESIAN_POINT('',(2.616320822278,2.61631615298,3.419248377554)
  );
#1983 = CARTESIAN_POINT('',(0.935131853285,4.297576955785,3.760188036217
    ));
#1984 = CARTESIAN_POINT('',(-1.934250082453,4.791067803519,
    4.100809290703));
#1985 = CARTESIAN_POINT('',(-5.062854150233,3.156158749025,
    4.442649222751));
#1986 = CARTESIAN_POINT('',(-6.665129202606,-0.679296558469,
    4.781623047752));
#1987 = CARTESIAN_POINT('',(-5.094624041499,-5.280065737528,
    5.125458043159));
#1988 = CARTESIAN_POINT('',(-0.132992026074,-7.341275340177,
    5.462998108898));
#1989 = CARTESIAN_POINT('',(4.233612482565,-5.189210680404,
    5.806907148037));
#1990 = CARTESIAN_POINT('',(5.811365768571,-1.350556113206,
    6.145762152435));
#1991 = CARTESIAN_POINT('',(4.755590381107,2.020972891206,6.48772480862)
  );
#1992 = CARTESIAN_POINT('',(2.377606704285,3.699882167609,6.828250381446
    ));
#1993 = CARTESIAN_POINT('',(3.301692756696E-06,3.700033088693,
    7.169248377555));
#1994 = CARTESIAN_POINT('',(-2.377607733346,3.70008388287,7.510188036217
    ));
#1995 = CARTESIAN_POINT('',(-4.75551788281,2.020075183175,7.850809290702
    ));
#1996 = CARTESIAN_POINT('',(-5.811719755709,-1.348237247843,
    8.19264922275));
#1997 = CARTESIAN_POINT('',(-4.23262285375,-5.193293259583,
    8.531623047757));
#1998 = CARTESIAN_POINT('',(0.131127080824,-7.336013495458,8.87545804315
    ));
#1999 = CARTESIAN_POINT('',(5.097026012069,-5.285105139067,
    9.212998108907));
#2000 = CARTESIAN_POINT('',(6.662942156493,-0.675709965798,
    9.556907148028));
#2001 = CARTESIAN_POINT('',(5.064243528912,3.154268756906,9.895762152442
    ));
#2002 = CARTESIAN_POINT('',(1.93366657107,4.791753842982,10.237724808615
    ));
#2003 = CARTESIAN_POINT('',(-0.934989946716,4.297433593906,
    10.578250381449));
#2004 = CARTESIAN_POINT('',(-2.616316152979,2.616320822277,
    10.919248377554));
#2005 = CARTESIAN_POINT('',(-4.297576955788,0.935131853288,
    11.260188036219));
#2006 = CARTESIAN_POINT('',(-4.791067803513,-1.934250082462,
    11.6008092907));
#2007 = CARTESIAN_POINT('',(-3.15615874903,-5.062854150215,
    11.942649222753));
#2008 = CARTESIAN_POINT('',(0.679296558467,-6.665129202631,
    12.281623047753));
#2009 = CARTESIAN_POINT('',(5.280065737539,-5.094624041472,
    12.625458043154));
#2010 = CARTESIAN_POINT('',(7.341275340161,-0.132992026096,
    12.962998108904));
#2011 = CARTESIAN_POINT('',(5.189210680419,4.233612482576,13.30690714803
    ));
#2012 = CARTESIAN_POINT('',(1.350556113195,5.811365768568,
    13.645762152441));
#2013 = CARTESIAN_POINT('',(-2.0209728912,4.755590381106,13.987724808616
    ));
#2014 = CARTESIAN_POINT('',(-3.699882167611,2.377606704285,
    14.328250381448));
#2015 = CARTESIAN_POINT('',(-3.700033088694,3.301693009044E-06,
    14.669248377554));
#2016 = CARTESIAN_POINT('',(-3.700083882877,-2.377607733345,
    15.01018803622));
#2017 = CARTESIAN_POINT('',(-2.02007518315,-4.755517882821,
    15.350809290699));
#2018 = CARTESIAN_POINT('',(1.348237247796,-5.811719755669,
    15.692649222748));
#2019 = CARTESIAN_POINT('',(5.193293259645,-4.232622853835,
    16.031623047769));
#2020 = CARTESIAN_POINT('',(7.3360134954,0.131127080946,16.37545804313)
  );
#2021 = CARTESIAN_POINT('',(5.285105139106,5.097026011942,16.71299810893
    ));
#2022 = CARTESIAN_POINT('',(0.675709965784,6.662942156588,17.05690714801
    ));
#2023 = CARTESIAN_POINT('',(-3.154268756912,5.064243528859,
    17.395762152456));
#2024 = CARTESIAN_POINT('',(-4.79175384297,1.933666571093,
    17.737724808605));
#2025 = CARTESIAN_POINT('',(-4.297433593915,-0.934989946724,
    18.078250381454));
#2026 = CARTESIAN_POINT('',(-2.616320822273,-2.616316152977,
    18.419248377551));
#2027 = CARTESIAN_POINT('',(-0.935131853288,-4.297576955789,
    18.760188036222));
#2028 = CARTESIAN_POINT('',(1.934250082443,-4.791067803507,
    19.100809290693));
#2029 = CARTESIAN_POINT('',(5.062854150272,-3.15615874906,
    19.442649222773));
#2030 = CARTESIAN_POINT('',(6.665129202536,0.679296558539,
    19.781623047711));
#2031 = CARTESIAN_POINT('',(5.094624041574,5.280065737429,
    20.125458043214));
#2032 = CARTESIAN_POINT('',(0.132992026026,7.341275340281,
    20.462998108843));
#2033 = CARTESIAN_POINT('',(-4.23361248255,5.189210680323,
    20.806907148079));
#2034 = CARTESIAN_POINT('',(-5.811365768566,1.350556113251,
    21.145762152411));
#2035 = CARTESIAN_POINT('',(-4.755590381114,-2.020972891222,
    21.487724808631));
#2036 = CARTESIAN_POINT('',(-2.377606704283,-3.699882167608,
    21.828250381443));
#2037 = CARTESIAN_POINT('',(-3.301691158752E-06,-3.70003308869,
    22.169248377554));
#2038 = CARTESIAN_POINT('',(2.377607733348,-3.700083882855,
    22.510188036211));
#2039 = CARTESIAN_POINT('',(4.755517882768,-2.020075183223,
    22.85080929071));
#2040 = CARTESIAN_POINT('',(5.811719755856,1.348237247929,
    23.192649222758));
#2041 = CARTESIAN_POINT('',(4.232622853455,5.193293259479,
    23.531623047717));
#2042 = CARTESIAN_POINT('',(-0.131127080423,7.336013495537,
    23.87545804322));
#2043 = CARTESIAN_POINT('',(-5.097026012464,5.285105139056,
    24.212998108829));
#2044 = CARTESIAN_POINT('',(-6.662942156197,0.675709965744,
    24.556907148098));
#2045 = CARTESIAN_POINT('',(-5.064243529082,-3.154268756829,
    24.895762152389));
#2046 = CARTESIAN_POINT('',(-1.933666570994,-4.791753843043,
    25.23772480865));
#2047 = CARTESIAN_POINT('',(0.93498994669,-4.297433593873,
    25.578250381429));
#2048 = CARTESIAN_POINT('',(2.616316152987,-2.61632082229,
    25.919248377562));
#2049 = CARTESIAN_POINT('',(4.297576955784,-0.935131853285,
    26.26018803621));
#2050 = CARTESIAN_POINT('',(4.791067803531,1.93425008251,26.600809290718
    ));
#2051 = CARTESIAN_POINT('',(3.15615874895,5.062854150054,26.942649222709
    ));
#2052 = CARTESIAN_POINT('',(-0.679296558269,6.665129202936,
    27.281623047836));
#2053 = CARTESIAN_POINT('',(-5.280065737864,5.094624041078,
    27.625458043043));
#2054 = CARTESIAN_POINT('',(-7.341275339778,0.13299202646,
    27.962998109019));
#2055 = CARTESIAN_POINT('',(-5.189210680757,-4.233612482812,
    28.306907147932));
#2056 = CARTESIAN_POINT('',(-1.350556112963,-5.811365768471,
    28.645762152516));
#2057 = CARTESIAN_POINT('',(2.020972891073,-4.755590381123,
    28.987724808565));
#2058 = CARTESIAN_POINT('',(3.699882167666,-2.377606704291,
    29.328250381475));
#2059 = CARTESIAN_POINT('',(3.700033088675,-3.301689168876E-06,
    29.669248377544));
#2060 = CARTESIAN_POINT('',(2.672725904726,-4.969115396936E-15,
    -0.450056191623));
#2061 = CARTESIAN_POINT('',(2.672898263231,1.71752712432,-0.109242758397
    ));
#2062 = CARTESIAN_POINT('',(1.458923991008,3.43503983673,0.232081136573)
  );
#2063 = CARTESIAN_POINT('',(-0.973302811449,4.198576489719,
    0.571847836425));
#2064 = CARTESIAN_POINT('',(-3.752373728994,3.056669047331,
    0.914991825647));
#2065 = CARTESIAN_POINT('',(-5.298208379807,-9.358320983224E-02,
    1.252618596623));
#2066 = CARTESIAN_POINT('',(-3.81856571916,-3.683102709189,
    1.597247993069));
#2067 = CARTESIAN_POINT('',(-0.487622744886,-4.812085611561,
    1.934874848403));
#2068 = CARTESIAN_POINT('',(2.278314615116,-3.658778338093,2.27801872943
    ));
#2069 = CARTESIAN_POINT('',(3.461437610721,-1.396553268891,
    2.617785504288));
#2070 = CARTESIAN_POINT('',(3.104281685937,0.67533645824,2.959109368097)
  );
#2071 = CARTESIAN_POINT('',(1.889926906972,1.889931830633,3.29992280814)
  );
#2072 = CARTESIAN_POINT('',(0.675500336969,3.104440544735,3.640799659506
    ));
#2073 = CARTESIAN_POINT('',(-1.39724527346,3.460650790868,3.982012297059
    ));
#2074 = CARTESIAN_POINT('',(-3.657177280113,2.280484980725,
    4.321939766071));
#2075 = CARTESIAN_POINT('',(-4.814602114784,-0.49179533709,
    4.664889652408));
#2076 = CARTESIAN_POINT('',(-3.680335392389,-3.812704256548,
    5.002713366917));
#2077 = CARTESIAN_POINT('',(-9.57023802801E-02,-5.304379072306,
    5.347175012183));
#2078 = CARTESIAN_POINT('',(3.057803840631,-3.747523671344,
    5.684920813226));
#2079 = CARTESIAN_POINT('',(4.198185234901,-0.976103332565,
    6.027995782925));
#2080 = CARTESIAN_POINT('',(3.435108479135,1.460081916655,6.367793987869
    ));
#2081 = CARTESIAN_POINT('',(1.717525850316,2.672596276328,6.709107458985
    ));
#2082 = CARTESIAN_POINT('',(-3.481553544293E-06,2.672763745288,
    7.04992280814));
#2083 = CARTESIAN_POINT('',(-1.717520092008,2.672821829939,
    7.390799659505));
#2084 = CARTESIAN_POINT('',(-3.43505124939,1.459048033688,7.732012297064
    ));
#2085 = CARTESIAN_POINT('',(-4.198561249017,-0.973468460488,
    8.071939766062));
#2086 = CARTESIAN_POINT('',(-3.056685986304,-3.752189621913,
    8.414889652416));
#2087 = CARTESIAN_POINT('',(9.359892151923E-02,-5.298379147445,
    8.752713366916));
#2088 = CARTESIAN_POINT('',(3.683090609884,-3.818434214092,
    9.097175012174));
#2089 = CARTESIAN_POINT('',(4.812093231957,-0.487705569419,
    9.434920813242));
#2090 = CARTESIAN_POINT('',(3.658774533845,2.278355962688,9.777995782911
    ));
#2091 = CARTESIAN_POINT('',(1.396554675365,3.461422324055,
    10.117793987877));
#2092 = CARTESIAN_POINT('',(-0.675336774748,3.104285125991,
    10.459107458981));
#2093 = CARTESIAN_POINT('',(-1.889931830632,1.889926906971,
    10.799922808141));
#2094 = CARTESIAN_POINT('',(-3.104440544739,0.675500336972,
    11.140799659503));
#2095 = CARTESIAN_POINT('',(-3.460650790859,-1.397245273471,
    11.482012297067));
#2096 = CARTESIAN_POINT('',(-2.280484980735,-3.657177280089,
    11.821939766058));
#2097 = CARTESIAN_POINT('',(0.491795337095,-4.81460211482,
    12.164889652423));
#2098 = CARTESIAN_POINT('',(3.812704256551,-3.680335392348,
    12.502713366908));
#2099 = CARTESIAN_POINT('',(5.304379072296,-9.570238031519E-02,
    12.847175012184));
#2100 = CARTESIAN_POINT('',(3.747523671356,3.057803840652,
    13.184920813232));
#2101 = CARTESIAN_POINT('',(0.976103332555,4.198185234893,
    13.527995782918));
#2102 = CARTESIAN_POINT('',(-1.460081916649,3.435108479136,
    13.867793987873));
#2103 = CARTESIAN_POINT('',(-2.67259627633,1.717525850316,
    14.209107458984));
#2104 = CARTESIAN_POINT('',(-2.672763745288,-3.481553355002E-06,
    14.549922808139));
#2105 = CARTESIAN_POINT('',(-2.672821829948,-1.717520092008,
    14.890799659499));
#2106 = CARTESIAN_POINT('',(-1.459048033657,-3.435051249403,
    15.232012297081));
#2107 = CARTESIAN_POINT('',(0.973468460426,-4.198561248968,
    15.571939766032));
#2108 = CARTESIAN_POINT('',(3.752189622,-3.056685986405,15.914889652448)
  );
#2109 = CARTESIAN_POINT('',(5.298379147354,9.359892166219E-02,
    16.2527133669));
#2110 = CARTESIAN_POINT('',(3.818434214161,3.683090609737,
    16.597175012166));
#2111 = CARTESIAN_POINT('',(0.487705569383,4.812093232067,
    16.934920813266));
#2112 = CARTESIAN_POINT('',(-2.278355962682,3.658774533783,
    17.277995782884));
#2113 = CARTESIAN_POINT('',(-3.461422324048,1.396554675393,
    17.617793987896));
#2114 = CARTESIAN_POINT('',(-3.104285125999,-0.675336774759,
    17.959107458972));
#2115 = CARTESIAN_POINT('',(-1.889926906967,-1.889931830628,
    18.299922808144));
#2116 = CARTESIAN_POINT('',(-0.675500336971,-3.10444054474,
    18.640799659505));
#2117 = CARTESIAN_POINT('',(1.397245273442,-3.460650790855,
    18.982012297053));
#2118 = CARTESIAN_POINT('',(3.657177280174,-2.280484980762,
    19.321939766085));
#2119 = CARTESIAN_POINT('',(4.814602114676,0.491795337164,
    19.664889652394));
#2120 = CARTESIAN_POINT('',(3.680335392512,3.812704256443,
    20.002713366921));
#2121 = CARTESIAN_POINT('',(9.570238018864E-02,5.304379072419,
    20.347175012195));
#2122 = CARTESIAN_POINT('',(-3.057803840589,3.747523671253,
    20.684920813206));
#2123 = CARTESIAN_POINT('',(-4.198185234908,0.976103332618,
    21.027995782941));
#2124 = CARTESIAN_POINT('',(-3.435108479139,-1.460081916675,
    21.367793987862));
#2125 = CARTESIAN_POINT('',(-1.717525850314,-2.672596276326,
    21.709107458985));
#2126 = CARTESIAN_POINT('',(3.481554395612E-06,-2.672763745285,
    22.049922808142));
#2127 = CARTESIAN_POINT('',(1.717520092009,-2.67282182992,
    22.390799659518));
#2128 = CARTESIAN_POINT('',(3.435051249349,-1.459048033758,
    22.73201229702));
#2129 = CARTESIAN_POINT('',(4.198561249173,0.97346846063,23.071939766135
    ));
#2130 = CARTESIAN_POINT('',(3.056685985981,3.752189621713,
    23.414889652348));
#2131 = CARTESIAN_POINT('',(-9.359892106921E-02,5.298379147641,
    23.752713366932));
#2132 = CARTESIAN_POINT('',(-3.683090610338,3.81843421397,
    24.097175012232));
#2133 = CARTESIAN_POINT('',(-4.812093231611,0.487705569443,
    24.434920813138));
#2134 = CARTESIAN_POINT('',(-3.658774534049,-2.278355962652,
    24.77799578301));
#2135 = CARTESIAN_POINT('',(-1.396554675271,-3.461422324101,
    25.117793987814));
#2136 = CARTESIAN_POINT('',(0.675336774713,-3.104285125962,
    25.45910745901));
#2137 = CARTESIAN_POINT('',(1.889931830643,-1.889926906983,
    25.799922808131));
#2138 = CARTESIAN_POINT('',(3.104440544734,-0.675500336973,
    26.140799659502));
#2139 = CARTESIAN_POINT('',(3.46065079087,1.39724527354,26.482012297095)
  );
#2140 = CARTESIAN_POINT('',(2.280484980676,3.657177279869,
    26.821939766004));
#2141 = CARTESIAN_POINT('',(-0.491795336934,4.814602115236,
    27.164889652464));
#2142 = CARTESIAN_POINT('',(-3.812704256832,3.680335391807,
    27.502713366933));
#2143 = CARTESIAN_POINT('',(-5.304379071952,9.570238082172E-02,
    27.847175012072));
#2144 = CARTESIAN_POINT('',(-3.747523671674,-3.057803840993,
    28.184920813392));
#2145 = CARTESIAN_POINT('',(-0.976103332324,-4.198185234735,
    28.527995782775));
#2146 = CARTESIAN_POINT('',(1.460081916515,-3.435108479181,
    28.867793987962));
#2147 = CARTESIAN_POINT('',(2.672596276391,-1.717525850311,
    29.209107458944));
#2148 = CARTESIAN_POINT('',(2.672763745267,3.481553530892E-06,
    29.549922808151));
#2149 = CARTESIAN_POINT('',(1.825441539496,1.294103713079E-15,0.5));
#2150 = CARTESIAN_POINT('',(1.825441539496,1.173091988222,0.840659719511
    ));
#2151 = CARTESIAN_POINT('',(0.996813679672,2.345932654414,1.182650166961
    ));
#2152 = CARTESIAN_POINT('',(-0.665738753279,2.867821583287,
    1.520581133945));
#2153 = CARTESIAN_POINT('',(-2.56104786871,2.08737093747,1.86731648017)
  );
#2154 = CARTESIAN_POINT('',(-3.620991681738,-6.382408528369E-02,
    2.199668647882));
#2155 = CARTESIAN_POINT('',(-2.605545894893,-2.51531037391,
    2.550276605067));
#2156 = CARTESIAN_POINT('',(-0.334923694218,-3.286930042462,
    2.882628770483));
#2157 = CARTESIAN_POINT('',(1.557120054328,-2.498596787082,
    3.229364119548));
#2158 = CARTESIAN_POINT('',(2.363683371195,-0.953959398961,
    3.567295084689));
#2159 = CARTESIAN_POINT('',(2.120281090732,0.461291327072,3.909285532824
    ));
#2160 = CARTESIAN_POINT('',(1.290775674018,1.29078851004,4.249945252214)
  );
#2161 = CARTESIAN_POINT('',(0.461293753405,2.120270425868,4.590770303325
    ));
#2162 = CARTESIAN_POINT('',(-0.953992211537,2.363699641682,
    4.932470701799));
#2163 = CARTESIAN_POINT('',(-2.498576384001,1.557079603178,
    5.270820795264));
#2164 = CARTESIAN_POINT('',(-3.286959681585,-0.334908940515,
    5.617050113724));
#2165 = CARTESIAN_POINT('',(-2.515268369505,-2.605587183211,
    5.94991571479));
#2166 = CARTESIAN_POINT('',(-6.382845018587E-02,-3.620969886239,
    6.300086343321));
#2167 = CARTESIAN_POINT('',(2.087397752816,-2.561051387015,6.63274860114
    ));
#2168 = CARTESIAN_POINT('',(2.867817869174,-0.665717568364,
    6.979304297828));
#2169 = CARTESIAN_POINT('',(2.345930292731,0.996822787327,7.317317201451
    ));
#2170 = CARTESIAN_POINT('',(1.173082328421,1.825447946281,7.659280555754
    ));
#2171 = CARTESIAN_POINT('',(-9.076438478084E-06,1.825441540616,
    7.999945252213));
#2172 = CARTESIAN_POINT('',(-1.17307365493,1.825441537233,8.340770303322
    ));
#2173 = CARTESIAN_POINT('',(-2.345962407297,0.996813683343,8.68247070181
    ));
#2174 = CARTESIAN_POINT('',(-2.867781850698,-0.66573875818,
    9.020820795245));
#2175 = CARTESIAN_POINT('',(-2.087415097412,-2.561047863262,
    9.36705011374));
#2176 = CARTESIAN_POINT('',(6.386504563623E-02,-3.620991686793,
    9.699915714787));
#2177 = CARTESIAN_POINT('',(2.515278831074,-2.605545890999,
    10.050086343306));
#2178 = CARTESIAN_POINT('',(3.286949908778,-0.334923696669,
    10.382748601167));
#2179 = CARTESIAN_POINT('',(2.498586869442,1.557120055551,
    10.729304297802));
#2180 = CARTESIAN_POINT('',(0.953963065623,2.363683370744,
    11.067317201468));
#2181 = CARTESIAN_POINT('',(-0.461292152203,2.120281090833,
    11.409280555746));
#2182 = CARTESIAN_POINT('',(-1.29078851004,1.290775674018,
    11.749945252215));
#2183 = CARTESIAN_POINT('',(-2.12027042587,0.461293753404,
    12.090770303317));
#2184 = CARTESIAN_POINT('',(-2.363699641678,-0.953992211536,
    12.432470701816));
#2185 = CARTESIAN_POINT('',(-1.557079603188,-2.498576384002,
    12.770820795238));
#2186 = CARTESIAN_POINT('',(0.334908940533,-3.286959681584,
    13.117050113749));
#2187 = CARTESIAN_POINT('',(2.605587183187,-2.515268369507,
    13.449915714775));
#2188 = CARTESIAN_POINT('',(3.620969886263,-6.382845018454E-02,
    13.80008634332));
#2189 = CARTESIAN_POINT('',(2.561051386998,2.087397752817,
    14.132748601153));
#2190 = CARTESIAN_POINT('',(0.665717568372,2.867817869171,
    14.479304297814));
#2191 = CARTESIAN_POINT('',(-0.996822787329,2.345930292733,
    14.81731720146));
#2192 = CARTESIAN_POINT('',(-1.825447946281,1.17308232842,
    15.159280555751));
#2193 = CARTESIAN_POINT('',(-1.825441540616,-9.076438694578E-06,
    15.499945252212));
#2194 = CARTESIAN_POINT('',(-1.825441537235,-1.17307365493,
    15.84077030331));
#2195 = CARTESIAN_POINT('',(-0.996813683334,-2.345962407297,
    16.182470701844));
#2196 = CARTESIAN_POINT('',(0.665738758158,-2.867781850695,
    16.520820795194));
#2197 = CARTESIAN_POINT('',(2.561047863303,-2.087415097418,
    16.867050113786));
#2198 = CARTESIAN_POINT('',(3.620991686741,6.386504564452E-02,
    17.199915714777));
#2199 = CARTESIAN_POINT('',(2.605545891051,2.515278831065,
    17.550086343271));
#2200 = CARTESIAN_POINT('',(0.334923696629,3.286949908784,
    17.882748601229));
#2201 = CARTESIAN_POINT('',(-1.557120055528,2.498586869439,
    18.229304297741));
#2202 = CARTESIAN_POINT('',(-2.363683370754,0.953963065626,
    18.56731720151));
#2203 = CARTESIAN_POINT('',(-2.12028109083,-0.461292152206,
    18.909280555725));
#2204 = CARTESIAN_POINT('',(-1.290775674019,-1.290788510039,
    19.249945252224));
#2205 = CARTESIAN_POINT('',(-0.461293753402,-2.12027042587,
    19.590770303318));
#2206 = CARTESIAN_POINT('',(0.953992211526,-2.363699641681,
    19.932470701797));
#2207 = CARTESIAN_POINT('',(2.498576384028,-1.557079603179,
    20.270820795268));
#2208 = CARTESIAN_POINT('',(3.286959681539,0.334908940518,
    20.617050113735));
#2209 = CARTESIAN_POINT('',(2.515268369561,2.605587183204,
    20.949915714745));
#2210 = CARTESIAN_POINT('',(6.382845013895E-02,3.620969886252,
    21.300086343396));
#2211 = CARTESIAN_POINT('',(-2.087397752787,2.561051387001,
    21.632748601062));
#2212 = CARTESIAN_POINT('',(-2.867817869186,0.665717568374,
    21.979304297884));
#2213 = CARTESIAN_POINT('',(-2.345930292728,-0.996822787332,
    22.317317201426));
#2214 = CARTESIAN_POINT('',(-1.17308232842,-1.82544794628,
    22.659280555757));
#2215 = CARTESIAN_POINT('',(9.076437460731E-06,-1.825441540616,
    22.999945252218));
#2216 = CARTESIAN_POINT('',(1.173073654928,-1.825441537231,
    23.340770303351));
#2217 = CARTESIAN_POINT('',(2.345962407301,-0.996813683359,
    23.682470701721));
#2218 = CARTESIAN_POINT('',(2.867781850694,0.665738758229,
    24.020820795378));
#2219 = CARTESIAN_POINT('',(2.087415097412,2.561047863171,
    24.367050113639));
#2220 = CARTESIAN_POINT('',(-6.386504563346E-02,3.62099168691,
    24.69991571477));
#2221 = CARTESIAN_POINT('',(-2.515278831078,2.605545890892,
    25.050086343465));
#2222 = CARTESIAN_POINT('',(-3.28694990877,0.334923696743,
    25.382748600929));
#2223 = CARTESIAN_POINT('',(-2.498586869454,-1.557120055592,
    25.729304298022));
#2224 = CARTESIAN_POINT('',(-0.953963065613,-2.363683370724,
    26.067317201324));
#2225 = CARTESIAN_POINT('',(0.461292152197,-2.120281090842,
    26.409280555815));
#2226 = CARTESIAN_POINT('',(1.290788510043,-1.290775674015,
    26.749945252191));
#2227 = CARTESIAN_POINT('',(2.12027042587,-0.46129375341,27.090770303322
    ));
#2228 = CARTESIAN_POINT('',(2.363699641664,0.953992211557,
    27.432470701857));
#2229 = CARTESIAN_POINT('',(1.557079603231,2.498576383951,
    27.770820795166));
#2230 = CARTESIAN_POINT('',(-0.334908940612,3.286959681674,
    28.117050113776));
#2231 = CARTESIAN_POINT('',(-2.605587183087,2.515268369391,
    28.449915714888));
#2232 = CARTESIAN_POINT('',(-3.620969886358,6.382845030022E-02,
    28.800086343045));
#2233 = CARTESIAN_POINT('',(-2.56105138693,-2.087397752908,
    29.132748601508));
#2234 = CARTESIAN_POINT('',(-0.665717568408,-2.867817869114,
    29.4793042975));
#2235 = CARTESIAN_POINT('',(0.996822787342,-2.345930292764,
    29.817317201661));
#2236 = CARTESIAN_POINT('',(1.825447946278,-1.173082328405,
    30.159280555657));
#2237 = CARTESIAN_POINT('',(1.825441540616,9.076433209967E-06,
    30.499945252242));
#2238 = CARTESIAN_POINT('',(2.672725904726,-2.645453300865E-16,
    1.450056191623));
#2239 = CARTESIAN_POINT('',(2.67255354622,1.717502808987,1.790869624848)
  );
#2240 = CARTESIAN_POINT('',(1.46006856867,3.435071553449,2.132193518161)
  );
#2241 = CARTESIAN_POINT('',(-0.976126896486,4.198098001272,
    2.471960211745));
#2242 = CARTESIAN_POINT('',(-3.747410662313,3.057808805123,
    2.815104252069));
#2243 = CARTESIAN_POINT('',(-5.304405376025,-9.579231469475E-02,
    3.152730872722));
#2244 = CARTESIAN_POINT('',(-3.812513630618,-3.680178666005,
    3.497360536172));
#2245 = CARTESIAN_POINT('',(-0.491924262571,-4.814652756173,
    3.834987070695));
#2246 = CARTESIAN_POINT('',(2.280585367677,-3.657016201182,
    4.178131221406));
#2247 = CARTESIAN_POINT('',(3.460507833901,-1.397300614454,
    4.517897838562));
#2248 = CARTESIAN_POINT('',(3.10445473166,0.67554388817,4.859221763565)
  );
#2249 = CARTESIAN_POINT('',(1.889873392768,1.889878316782,5.200035189879
    ));
#2250 = CARTESIAN_POINT('',(0.6753818709,3.104287690879,5.540912045796)
  );
#2251 = CARTESIAN_POINT('',(-1.396633783381,3.461307136322,
    5.882124673707));
#2252 = CARTESIAN_POINT('',(-3.658601606108,2.278383968319,
    6.222052147988));
#2253 = CARTESIAN_POINT('',(-4.812158991818,-0.487740351452,
    6.565002071497));
#2254 = CARTESIAN_POINT('',(-3.682913757405,-3.818406769248,
    6.902825649818));
#2255 = CARTESIAN_POINT('',(-9.367649297351E-02,-5.298217962215,
    7.247287550049));
#2256 = CARTESIAN_POINT('',(3.05669458431,-3.752263419184,7.585033038817
    ));
#2257 = CARTESIAN_POINT('',(4.198486406655,-0.973310122497,
    7.928108273255));
#2258 = CARTESIAN_POINT('',(3.435001099184,1.458917630326,8.267906322751
    ));
#2259 = CARTESIAN_POINT('',(1.717496672082,2.672860448348,8.609219854316
    ));
#2260 = CARTESIAN_POINT('',(-3.481803734273E-06,2.672688065023,
    8.950035189878));
#2261 = CARTESIAN_POINT('',(-1.717495776171,2.672629977776,
    9.290912045795));
#2262 = CARTESIAN_POINT('',(-3.435082966918,1.459944528806,
    9.632124673712));
#2263 = CARTESIAN_POINT('',(-4.198082759508,-0.975961251208,
    9.972052147979));
#2264 = CARTESIAN_POINT('',(-3.057825745246,-3.747594765211,
    10.315002071506));
#2265 = CARTESIAN_POINT('',(9.580802741343E-02,-5.304234612274,
    10.652825649816));
#2266 = CARTESIAN_POINT('',(3.680166565931,-3.812645132689,
    10.997287550041));
#2267 = CARTESIAN_POINT('',(4.814660377039,-0.491841439926,
    11.335033038831));
#2268 = CARTESIAN_POINT('',(3.657012396705,2.280544021046,
    11.678108273241));
#2269 = CARTESIAN_POINT('',(1.39730202101,3.46052312022,12.017906322759)
  );
#2270 = CARTESIAN_POINT('',(-0.675544204694,3.104451291683,
    12.359219854313));
#2271 = CARTESIAN_POINT('',(-1.889878316782,1.889873392769,
    12.700035189879));
#2272 = CARTESIAN_POINT('',(-3.104287690876,0.675381870896,
    13.040912045793));
#2273 = CARTESIAN_POINT('',(-3.461307136324,-1.39663378337,
    13.382124673714));
#2274 = CARTESIAN_POINT('',(-2.278383968322,-3.658601606136,
    13.722052147977));
#2275 = CARTESIAN_POINT('',(0.487740351468,-4.812158991772,
    14.065002071509));
#2276 = CARTESIAN_POINT('',(3.818406769218,-3.68291375746,
    14.402825649812));
#2277 = CARTESIAN_POINT('',(5.298217962252,-9.367649292716E-02,
    14.747287550046));
#2278 = CARTESIAN_POINT('',(3.752263419151,3.056694584284,
    15.085033038825));
#2279 = CARTESIAN_POINT('',(0.973310122517,4.198486406664,
    15.428108273246));
#2280 = CARTESIAN_POINT('',(-1.458917630335,3.435001099184,
    15.767906322755));
#2281 = CARTESIAN_POINT('',(-2.672860448346,1.717496672081,
    16.109219854315));
#2282 = CARTESIAN_POINT('',(-2.672688065023,-3.481804207288E-06,
    16.450035189878));
#2283 = CARTESIAN_POINT('',(-2.67262997777,-1.717495776171,
    16.790912045789));
#2284 = CARTESIAN_POINT('',(-1.459944528825,-3.435082966905,
    17.132124673729));
#2285 = CARTESIAN_POINT('',(0.975961251242,-4.198082759557,
    17.472052147951));
#2286 = CARTESIAN_POINT('',(3.747594765166,-3.057825745147,
    17.815002071535));
#2287 = CARTESIAN_POINT('',(5.304234612315,9.580802728261E-02,
    18.152825649803));
#2288 = CARTESIAN_POINT('',(3.812645132671,3.680166566057,18.49728755003
    ));
#2289 = CARTESIAN_POINT('',(0.491841439918,4.814660376944,
    18.835033038858));
#2290 = CARTESIAN_POINT('',(-2.280544021026,3.657012396761,
    19.178108273213));
#2291 = CARTESIAN_POINT('',(-3.460523120238,1.397302020984,
    19.517906322778));
#2292 = CARTESIAN_POINT('',(-3.104451291672,-0.675544204685,
    19.859219854303));
#2293 = CARTESIAN_POINT('',(-1.889873392774,-1.889878316785,
    20.200035189882));
#2294 = CARTESIAN_POINT('',(-0.675381870895,-3.104287690875,
    20.540912045795));
#2295 = CARTESIAN_POINT('',(1.396633783388,-3.461307136331,
    20.882124673701));
#2296 = CARTESIAN_POINT('',(3.658601606077,-2.278383968291,
    21.222052148002));
#2297 = CARTESIAN_POINT('',(4.812158991876,0.487740351393,
    21.565002071482));
#2298 = CARTESIAN_POINT('',(3.682913757338,3.818406769333,
    21.902825649822));
#2299 = CARTESIAN_POINT('',(9.367649302414E-02,5.298217962129,
    22.247287550061));
#2300 = CARTESIAN_POINT('',(-3.056694584331,3.752263419248,
    22.585033038796));
#2301 = CARTESIAN_POINT('',(-4.198486406656,0.97331012246,
    22.928108273272));
#2302 = CARTESIAN_POINT('',(-3.435001099179,-1.458917630312,
    23.267906322743));
#2303 = CARTESIAN_POINT('',(-1.717496672084,-2.67286044835,
    23.609219854316));
#2304 = CARTESIAN_POINT('',(3.481802330785E-06,-2.672688065026,
    23.950035189881));
#2305 = CARTESIAN_POINT('',(1.71749577617,-2.672629977795,
    24.290912045808));
#2306 = CARTESIAN_POINT('',(3.435082966961,-1.459944528747,
    24.632124673668));
#2307 = CARTESIAN_POINT('',(4.198082759355,0.975961251098,
    24.972052148052));
#2308 = CARTESIAN_POINT('',(3.05782574556,3.747594765355,25.315002071437
    ));
#2309 = CARTESIAN_POINT('',(-9.580802785366E-02,5.30423461214,
    25.652825649832));
#2310 = CARTESIAN_POINT('',(-3.680166565484,3.812645132766,
    25.997287550099));
#2311 = CARTESIAN_POINT('',(-4.814660377377,0.491841439922,
    26.335033038728));
#2312 = CARTESIAN_POINT('',(-3.657012396511,-2.280544021092,
    26.67810827334));
#2313 = CARTESIAN_POINT('',(-1.397302021095,-3.460523120167,
    27.017906322695));
#2314 = CARTESIAN_POINT('',(0.675544204725,-3.104451291717,
    27.359219854342));
#2315 = CARTESIAN_POINT('',(1.889878316774,-1.889873392755,
    27.70003518987));
#2316 = CARTESIAN_POINT('',(3.104287690882,-0.675381870902,
    28.040912045792));
#2317 = CARTESIAN_POINT('',(3.461307136301,1.39663378332,28.382124673743
    ));
#2318 = CARTESIAN_POINT('',(2.278383968417,3.658601606311,
    28.722052147922));
#2319 = CARTESIAN_POINT('',(-0.487740351687,4.812158991431,
    29.065002071553));
#2320 = CARTESIAN_POINT('',(-3.818406768878,3.682913757909,
    29.402825649834));
#2321 = CARTESIAN_POINT('',(-5.298217962644,9.36764925118E-02,
    29.747287549937));
#2322 = CARTESIAN_POINT('',(-3.752263418799,-3.056694584014,
    30.085033038983));
#2323 = CARTESIAN_POINT('',(-0.973310122768,-4.198486406779,
    30.428108273104));
#2324 = CARTESIAN_POINT('',(1.458917630478,-3.435001099162,
    30.767906322844));
#2325 = CARTESIAN_POINT('',(2.672860448283,-1.717496672076,
    31.109219854275));
#2326 = CARTESIAN_POINT('',(2.672688065043,3.481799588145E-06,
    31.45003518989));
#2327 = CARTESIAN_POINT('',(3.7,-8.39519426199E-15,1.330771537786));
#2328 = CARTESIAN_POINT('',(3.69984928203,2.37757980192,1.671771338332)
  );
#2329 = CARTESIAN_POINT('',(2.020967587078,4.755556440384,2.012287081642
    ));
#2330 = CARTESIAN_POINT('',(-1.350561906357,5.811286890736,
    2.354279471841));
#2331 = CARTESIAN_POINT('',(-5.189114320212,4.233635572651,
    2.693069266232));
#2332 = CARTESIAN_POINT('',(-7.341283102212,-0.133073720609,
    3.037090899382));
#2333 = CARTESIAN_POINT('',(-5.27992791392,-5.094457624081,
    3.374472113651));
#2334 = CARTESIAN_POINT('',(-0.679398981088,-6.665194208941,
    3.718493673088));
#2335 = CARTESIAN_POINT('',(3.156218248986,-5.062699030085,
    4.057283562024));
#2336 = CARTESIAN_POINT('',(4.790954171659,-1.93432141718,4.399275886676
    ));
#2337 = CARTESIAN_POINT('',(4.297581904743,0.935171632857,4.73979165722)
  );
#2338 = CARTESIAN_POINT('',(2.61627402707,2.616269358081,5.080791451807)
  );
#2339 = CARTESIAN_POINT('',(0.935028261266,4.297443293551,5.42173111445)
  );
#2340 = CARTESIAN_POINT('',(-1.933715368235,4.791641741279,
    5.762352360505));
#2341 = CARTESIAN_POINT('',(-5.064099644455,3.154321530002,
    6.104192297161));
#2342 = CARTESIAN_POINT('',(-6.662992826841,-0.67575069804,
    6.443166154666));
#2343 = CARTESIAN_POINT('',(-5.096878678949,-5.285052269152,
    6.787001030983));
#2344 = CARTESIAN_POINT('',(-0.131220499791,-7.335887790527,
    7.124541319678));
#2345 = CARTESIAN_POINT('',(4.232642499326,-5.193355327463,
    7.468450085746));
#2346 = CARTESIAN_POINT('',(5.811629126596,-1.348113605652,
    7.807305321647));
#2347 = CARTESIAN_POINT('',(4.755496483285,2.019954787274,8.149267841899
    ));
#2348 = CARTESIAN_POINT('',(2.377581189535,3.700113171414,8.489793467586
    ));
#2349 = CARTESIAN_POINT('',(3.301473985362E-06,3.699966910492,
    8.830791451808));
#2350 = CARTESIAN_POINT('',(-2.377586470493,3.699916118776,9.17173111445
    ));
#2351 = CARTESIAN_POINT('',(-4.755545618032,2.020859118519,
    9.512352360504));
#2352 = CARTESIAN_POINT('',(-5.811301343128,-1.35041705531,9.85419229716
    ));
#2353 = CARTESIAN_POINT('',(-4.233619509837,-5.1892753118,10.19316615467
    ));
#2354 = CARTESIAN_POINT('',(0.133058821614,-7.341133775253,
    10.537001030977));
#2355 = CARTESIAN_POINT('',(5.094469097529,-5.280042907903,
    10.874541319684));
#2356 = CARTESIAN_POINT('',(6.665186982731,-0.679326555566,
    11.21845008574));
#2357 = CARTESIAN_POINT('',(5.062702637548,3.156182092794,
    11.557305321652));
#2358 = CARTESIAN_POINT('',(1.934320083458,4.790967539015,
    11.899267841895));
#2359 = CARTESIAN_POINT('',(-0.935171332719,4.297578896603,
    12.239793467588));
#2360 = CARTESIAN_POINT('',(-2.616269358081,2.61627402707,
    12.580791451807));
#2361 = CARTESIAN_POINT('',(-4.297443293548,0.935028261264,
    12.921731114452));
#2362 = CARTESIAN_POINT('',(-4.791641741283,-1.933715368225,
    13.262352360501));
#2363 = CARTESIAN_POINT('',(-3.154321530001,-5.06409964448,
    13.604192297164));
#2364 = CARTESIAN_POINT('',(0.675750698049,-6.662992826796,
    13.943166154664));
#2365 = CARTESIAN_POINT('',(5.285052269134,-5.096878679004,
    14.287001030982));
#2366 = CARTESIAN_POINT('',(7.335887790551,-0.131220499744,
    14.62454131968));
#2367 = CARTESIAN_POINT('',(5.19335532744,4.232642499299,14.968450085742
    ));
#2368 = CARTESIAN_POINT('',(1.348113605668,5.811629126607,15.30730532165
    ));
#2369 = CARTESIAN_POINT('',(-2.019954787281,4.755496483283,
    15.649267841896));
#2370 = CARTESIAN_POINT('',(-3.700113171412,2.377581189534,
    15.989793467587));
#2371 = CARTESIAN_POINT('',(-3.699966910492,3.301473643513E-06,
    16.330791451808));
#2372 = CARTESIAN_POINT('',(-3.69991611877,-2.377586470493,
    16.671731114453));
#2373 = CARTESIAN_POINT('',(-2.020859118538,-4.75554561802,17.0123523605
    ));
#2374 = CARTESIAN_POINT('',(1.350417055347,-5.811301343171,
    17.354192297159));
#2375 = CARTESIAN_POINT('',(5.189275311747,-4.233619509749,
    17.693166154681));
#2376 = CARTESIAN_POINT('',(7.341133775309,0.133058821498,
    18.037001030956));
#2377 = CARTESIAN_POINT('',(5.280042907866,5.094469097642,
    18.374541319707));
#2378 = CARTESIAN_POINT('',(0.679326555577,6.665186982646,
    18.718450085721));
#2379 = CARTESIAN_POINT('',(-3.156182092788,5.062702637599,
    19.057305321666));
#2380 = CARTESIAN_POINT('',(-4.790967539024,1.934320083433,
    19.399267841885));
#2381 = CARTESIAN_POINT('',(-4.297578896596,-0.93517133271,
    19.739793467594));
#2382 = CARTESIAN_POINT('',(-2.616274027074,-2.616269358084,
    20.080791451804));
#2383 = CARTESIAN_POINT('',(-0.935028261264,-4.297443293548,
    20.421731114455));
#2384 = CARTESIAN_POINT('',(1.933715368246,-4.791641741286,
    20.762352360494));
#2385 = CARTESIAN_POINT('',(5.064099644414,-3.154321529982,
    21.104192297185));
#2386 = CARTESIAN_POINT('',(6.662992826916,0.675750697997,
    21.443166154622));
#2387 = CARTESIAN_POINT('',(5.096878678858,5.285052269217,
    21.787001031042));
#2388 = CARTESIAN_POINT('',(0.131220499866,7.335887790459,
    22.124541319618));
#2389 = CARTESIAN_POINT('',(-4.232642499367,5.193355327516,
    22.468450085791));
#2390 = CARTESIAN_POINT('',(-5.811629126585,1.348113605621,
    22.80730532162));
#2391 = CARTESIAN_POINT('',(-4.755496483284,-2.019954787261,
    23.149267841911));
#2392 = CARTESIAN_POINT('',(-2.377581189536,-3.700113171416,
    23.489793467582));
#2393 = CARTESIAN_POINT('',(-3.301474351902E-06,-3.699966910494,
    23.830791451807));
#2394 = CARTESIAN_POINT('',(2.377586470493,-3.699916118794,
    24.171731114444));
#2395 = CARTESIAN_POINT('',(4.755545618064,-2.020859118454,
    24.512352360512));
#2396 = CARTESIAN_POINT('',(5.811301343003,1.350417055177,
    24.854192297167));
#2397 = CARTESIAN_POINT('',(4.233619510103,5.189275311995,25.19316615463
    ));
#2398 = CARTESIAN_POINT('',(-0.133058821995,7.341133775044,
    25.537001031045));
#2399 = CARTESIAN_POINT('',(-5.094469097134,5.280042908065,
    25.874541319606));
#2400 = CARTESIAN_POINT('',(-6.665186983036,0.679326555488,
    26.218450085808));
#2401 = CARTESIAN_POINT('',(-5.062702637369,-3.156182092789,
    26.557305321599));
#2402 = CARTESIAN_POINT('',(-1.93432008354,-4.790967538988,
    26.89926784193));
#2403 = CARTESIAN_POINT('',(0.93517133275,-4.297578896626,
    27.239793467569));
#2404 = CARTESIAN_POINT('',(2.616269358072,-2.61627402706,
    27.580791451815));
#2405 = CARTESIAN_POINT('',(4.297443293554,-0.935028261265,
    27.921731114444));
#2406 = CARTESIAN_POINT('',(4.791641741272,1.93371536817,28.262352360517
    ));
#2407 = CARTESIAN_POINT('',(3.154321530054,5.064099644666,
    28.604192297125));
#2408 = CARTESIAN_POINT('',(-0.675750698179,6.662992826437,
    28.943166154739));
#2409 = CARTESIAN_POINT('',(-5.285052268925,5.096878679476,
    29.287001030882));
#2410 = CARTESIAN_POINT('',(-7.335887790803,0.131220499303,
    29.624541319783));
#2411 = CARTESIAN_POINT('',(-5.193355327197,-4.232642499003,
    29.968450085653));
#2412 = CARTESIAN_POINT('',(-1.348113605856,-5.811629126746,
    30.30730532172));
#2413 = CARTESIAN_POINT('',(2.019954787395,-4.755496483242,
    30.649267841847));
#2414 = CARTESIAN_POINT('',(3.700113171359,-2.37758118954,
    30.989793467614));
#2415 = CARTESIAN_POINT('',(3.699966910509,-3.301474003584E-06,
    31.330791451797));
#2416 = CARTESIAN_POINT('',(3.7,-6.192962809237E-16,0.5));
#2417 = CARTESIAN_POINT('',(3.7,2.377590433126,0.840999800547));
#2418 = CARTESIAN_POINT('',(2.020467152182,4.755542573126,1.181515544582
    ));
#2419 = CARTESIAN_POINT('',(-1.349327153356,5.811496096565,1.52350793752
    ));
#2420 = CARTESIAN_POINT('',(-5.191284283721,4.233137245106,1.86229770957
    ));
#2421 = CARTESIAN_POINT('',(-7.338573637174,-0.132107850661,
    2.206319408442));
#2422 = CARTESIAN_POINT('',(-5.282574022089,-5.095736081017,
    2.543700505975));
#2423 = CARTESIAN_POINT('',(-0.677518261562,-6.664071796026,
    2.887722205674));
#2424 = CARTESIAN_POINT('',(3.155225425291,-5.063469475667,3.2265119767)
  );
#2425 = CARTESIAN_POINT('',(4.791360690835,-1.933994661021,
    3.568504370302));
#2426 = CARTESIAN_POINT('',(4.297506245292,0.935080939862,3.909020114091
    ));
#2427 = CARTESIAN_POINT('',(2.616297424674,2.61629275553,4.250019914681)
  );
#2428 = CARTESIAN_POINT('',(0.935080057275,4.297510124668,4.590959575333
    ));
#2429 = CARTESIAN_POINT('',(-1.933982725343,4.7913547724,4.931580825604)
  );
#2430 = CARTESIAN_POINT('',(-5.063476897344,3.155240139512,
    5.273420759956));
#2431 = CARTESIAN_POINT('',(-6.664061014724,-0.677523628253,
    5.612394601209));
#2432 = CARTESIAN_POINT('',(-5.095751360224,-5.28255900334,
    5.956229537071));
#2433 = CARTESIAN_POINT('',(-0.13210626293,-7.338581565353,
    6.293769714287));
#2434 = CARTESIAN_POINT('',(4.233127490943,-5.191283003933,
    6.637678616892));
#2435 = CARTESIAN_POINT('',(5.811497447586,-1.349334859429,
    6.976533737041));
#2436 = CARTESIAN_POINT('',(4.755543432195,2.020463839239,7.318496325259
    ));
#2437 = CARTESIAN_POINT('',(2.37759394691,3.699997669512,7.659021924516)
  );
#2438 = CARTESIAN_POINT('',(3.301583372139E-06,3.699999999593,
    8.000019914681));
#2439 = CARTESIAN_POINT('',(-2.377597101919,3.700000000823,
    8.340959575334));
#2440 = CARTESIAN_POINT('',(-4.755531750421,2.020467150847,
    8.681580825604));
#2441 = CARTESIAN_POINT('',(-5.811510549418,-1.349327151577,
    9.023420759953));
#2442 = CARTESIAN_POINT('',(-4.233121181794,-5.19128428569,
    9.362394601215));
#2443 = CARTESIAN_POINT('',(0.13209295122,-7.338573635358,9.706229537061
    ));
#2444 = CARTESIAN_POINT('',(5.095747554797,-5.282574023483,
    10.043769714299));
#2445 = CARTESIAN_POINT('',(6.664064569614,-0.677518260683,
    10.387678616882));
#2446 = CARTESIAN_POINT('',(5.063473083229,3.15522542485,10.726533737048
    ));
#2447 = CARTESIAN_POINT('',(1.933993327264,4.791360690998,
    11.068496325254));
#2448 = CARTESIAN_POINT('',(-0.935080639718,4.297506245255,
    11.409021924519));
#2449 = CARTESIAN_POINT('',(-2.61629275553,2.616297424674,11.75001991468
    ));
#2450 = CARTESIAN_POINT('',(-4.297510124668,0.935080057276,
    12.090959575336));
#2451 = CARTESIAN_POINT('',(-4.791354772398,-1.933982725343,
    12.4315808256));
#2452 = CARTESIAN_POINT('',(-3.155240139515,-5.063476897348,
    12.773420759958));
#2453 = CARTESIAN_POINT('',(0.677523628258,-6.664061014714,
    13.112394601209));
#2454 = CARTESIAN_POINT('',(5.282559003336,-5.095751360238,
    13.456229537068));
#2455 = CARTESIAN_POINT('',(7.338581565358,-0.132106262919,
    13.793769714292));
#2456 = CARTESIAN_POINT('',(5.191283003928,4.233127490936,
    14.137678616887));
#2457 = CARTESIAN_POINT('',(1.349334859432,5.811497447589,
    14.476533737046));
#2458 = CARTESIAN_POINT('',(-2.020463839241,4.755543432194,
    14.818496325256));
#2459 = CARTESIAN_POINT('',(-3.699997669511,2.37759394691,
    15.159021924518));
#2460 = CARTESIAN_POINT('',(-3.699999999593,3.301583325685E-06,
    15.500019914681));
#2461 = CARTESIAN_POINT('',(-3.700000000823,-2.377597101919,
    15.840959575337));
#2462 = CARTESIAN_POINT('',(-2.020467150844,-4.75553175042,16.1815808256
    ));
#2463 = CARTESIAN_POINT('',(1.349327151573,-5.811510549421,
    16.523420759953));
#2464 = CARTESIAN_POINT('',(5.191284285693,-4.233121181791,
    16.862394601225));
#2465 = CARTESIAN_POINT('',(7.338573635358,0.132092951222,
    17.206229537043));
#2466 = CARTESIAN_POINT('',(5.282574023483,5.09574755479,17.543769714318
    ));
#2467 = CARTESIAN_POINT('',(0.677518260682,6.664064569619,
    17.887678616866));
#2468 = CARTESIAN_POINT('',(-3.15522542485,5.063473083228,
    18.226533737061));
#2469 = CARTESIAN_POINT('',(-4.791360690997,1.933993327263,
    18.568496325245));
#2470 = CARTESIAN_POINT('',(-4.297506245256,-0.935080639717,
    18.909021924524));
#2471 = CARTESIAN_POINT('',(-2.616297424674,-2.616292755531,
    19.250019914678));
#2472 = CARTESIAN_POINT('',(-0.935080057276,-4.297510124668,
    19.590959575338));
#2473 = CARTESIAN_POINT('',(1.933982725344,-4.791354772396,
    19.931580825593));
#2474 = CARTESIAN_POINT('',(5.063476897344,-3.155240139522,
    20.27342075998));
#2475 = CARTESIAN_POINT('',(6.664061014724,0.677523628269,
    20.612394601164));
#2476 = CARTESIAN_POINT('',(5.095751360218,5.282559003324,
    20.956229537131));
#2477 = CARTESIAN_POINT('',(0.132106262946,7.338581565368,
    21.293769714227));
#2478 = CARTESIAN_POINT('',(-4.23312749096,5.19128300392,21.637678616938
    ));
#2479 = CARTESIAN_POINT('',(-5.811497447574,1.349334859436,
    21.976533737014));
#2480 = CARTESIAN_POINT('',(-4.7555434322,-2.020463839242,
    22.318496325272));
#2481 = CARTESIAN_POINT('',(-2.377593946909,-3.699997669512,
    22.659021924513));
#2482 = CARTESIAN_POINT('',(-3.301582760573E-06,-3.699999999592,
    23.000019914681));
#2483 = CARTESIAN_POINT('',(2.37759710192,-3.700000000824,
    23.340959575328));
#2484 = CARTESIAN_POINT('',(4.755531750416,-2.020467150839,
    23.68158082561));
#2485 = CARTESIAN_POINT('',(5.81151054943,1.349327151554,24.023420759965
    ));
#2486 = CARTESIAN_POINT('',(4.233121181777,5.191284285735,
    24.362394601168));
#2487 = CARTESIAN_POINT('',(-0.132092951208,7.338573635294,
    24.706229537139));
#2488 = CARTESIAN_POINT('',(-5.0957475548,5.282574023558,25.043769714211
    ));
#2489 = CARTESIAN_POINT('',(-6.664064569615,0.677518260617,
    25.387678616958));
#2490 = CARTESIAN_POINT('',(-5.063473083226,-3.155225424809,
    25.726533736991));
#2491 = CARTESIAN_POINT('',(-1.933993327266,-4.791360691016,
    26.068496325292));
#2492 = CARTESIAN_POINT('',(0.93508063972,-4.29750624525,26.409021924499
    ));
#2493 = CARTESIAN_POINT('',(2.616292755529,-2.616297424675,
    26.750019914688));
#2494 = CARTESIAN_POINT('',(4.297510124669,-0.935080057275,
    27.090959575327));
#2495 = CARTESIAN_POINT('',(4.791354772402,1.93398272534,27.431580825618
    ));
#2496 = CARTESIAN_POINT('',(3.155240139501,5.063476897358,
    27.773420759915));
#2497 = CARTESIAN_POINT('',(-0.677523628224,6.664061014691,
    28.11239460129));
#2498 = CARTESIAN_POINT('',(-5.282559003391,5.095751360272,
    28.456229536958));
#2499 = CARTESIAN_POINT('',(-7.338581565296,0.132106262884,
    28.793769714406));
#2500 = CARTESIAN_POINT('',(-5.191283003974,-4.233127490908,
    29.137678616789));
#2501 = CARTESIAN_POINT('',(-1.34933485941,-5.811497447609,
    29.47653373712));
#2502 = CARTESIAN_POINT('',(2.020463839234,-4.755543432182,
    29.818496325205));
#2503 = CARTESIAN_POINT('',(3.699997669512,-2.377593946915,
    30.159021924545));
#2504 = CARTESIAN_POINT('',(3.699999999592,-3.301581583702E-06,
    30.50001991467));
#2505 = ADVANCED_FACE('',(#2506),#2509,.F.);
#2506 = FACE_BOUND('',#2507,.F.);
#2507 = EDGE_LOOP('',(#2508));
#2508 = ORIENTED_EDGE('',*,*,#1872,.T.);
#2509 = PLANE('',#2510);
#2510 = AXIS2_PLACEMENT_3D('',#2511,#2512,#2513);
#2511 = CARTESIAN_POINT('',(3.200079211617,-2.076556314935E-15,0.5));
#2512 = DIRECTION('',(-8.554483588789E-16,1.,9.023010419635E-16));
#2513 = DIRECTION('',(0.,-9.023010419635E-16,1.));
#2514 = ADVANCED_FACE('',(#2515),#2518,.T.);
#2515 = FACE_BOUND('',#2516,.T.);
#2516 = EDGE_LOOP('',(#2517));
#2517 = ORIENTED_EDGE('',*,*,#1861,.T.);
#2518 = PLANE('',#2519);
#2519 = AXIS2_PLACEMENT_3D('',#2520,#2521,#2522);
#2520 = CARTESIAN_POINT('',(3.200079211617,-5.232055353302E-10,
    30.500000003155));
#2521 = DIRECTION('',(6.603162851888E-06,0.999999999978,
    1.335028486336E-10));
#2522 = DIRECTION('',(0.999999999978,-6.603162851888E-06,
    -8.736568876323E-33));
#2523 = ( GEOMETRIC_REPRESENTATION_CONTEXT(3) 
GLOBAL_UNCERTAINTY_ASSIGNED_CONTEXT((#2527)) 
GLOBAL_UNIT_ASSIGNED_CONTEXT((#2524,#2525,#2526)) REPRESENTATION_CONTEXT
('Context #1','3D Context with UNIT and UNCERTAINTY') );
#2524 = ( LENGTH_UNIT() NAMED_UNIT(*) SI_UNIT(.MILLI.,.METRE.) );
#2525 = ( NAMED_UNIT(*) PLANE_ANGLE_UNIT() SI_UNIT($,.RADIAN.) );
#2526 = ( NAMED_UNIT(*) SI_UNIT($,.STERADIAN.) SOLID_ANGLE_UNIT() );
#2527 = UNCERTAINTY_MEASURE_WITH_UNIT(LENGTH_MEASURE(2.E-05),#2524,
  'distance_accuracy_value','confusion accuracy');
#2528 = CONTEXT_DEPENDENT_SHAPE_REPRESENTATION(#2529,#2531);
#2529 = ( REPRESENTATION_RELATIONSHIP('','',#1758,#10) 
REPRESENTATION_RELATIONSHIP_WITH_TRANSFORMATION(#2530) 
SHAPE_REPRESENTATION_RELATIONSHIP() );
#2530 = ITEM_DEFINED_TRANSFORMATION('','',#11,#39);
#2531 = PRODUCT_DEFINITION_SHAPE('Placement','Placement of an item',
  #2532);
#2532 = NEXT_ASSEMBLY_USAGE_OCCURRENCE('40','spring','',#5,#1753,$);
#2533 = PRODUCT_RELATED_PRODUCT_CATEGORY('part',$,(#1755));
#2534 = SHAPE_DEFINITION_REPRESENTATION(#2535,#2541);
#2535 = PRODUCT_DEFINITION_SHAPE('','',#2536);
#2536 = PRODUCT_DEFINITION('design','',#2537,#2540);
#2537 = PRODUCT_DEFINITION_FORMATION('','',#2538);
#2538 = PRODUCT('air_nipple','air_nipple','',(#2539));
#2539 = PRODUCT_CONTEXT('',#2,'mechanical');
#2540 = PRODUCT_DEFINITION_CONTEXT('part definition',#2,'design');
#2541 = ADVANCED_BREP_SHAPE_REPRESENTATION('',(#11,#2542),#2595);
#2542 = MANIFOLD_SOLID_BREP('',#2543);
#2543 = CLOSED_SHELL('',(#2544,#2577,#2586));
#2544 = ADVANCED_FACE('',(#2545),#2572,.T.);
#2545 = FACE_BOUND('',#2546,.T.);
#2546 = EDGE_LOOP('',(#2547,#2556,#2564,#2571));
#2547 = ORIENTED_EDGE('',*,*,#2548,.F.);
#2548 = EDGE_CURVE('',#2549,#2549,#2551,.T.);
#2549 = VERTEX_POINT('',#2550);
#2550 = CARTESIAN_POINT('',(54.,7.5,20.));
#2551 = CIRCLE('',#2552,1.5);
#2552 = AXIS2_PLACEMENT_3D('',#2553,#2554,#2555);
#2553 = CARTESIAN_POINT('',(52.5,7.5,20.));
#2554 = DIRECTION('',(0.,0.,1.));
#2555 = DIRECTION('',(1.,0.,-0.));
#2556 = ORIENTED_EDGE('',*,*,#2557,.F.);
#2557 = EDGE_CURVE('',#2558,#2549,#2560,.T.);
#2558 = VERTEX_POINT('',#2559);
#2559 = CARTESIAN_POINT('',(54.,7.5,15.));
#2560 = LINE('',#2561,#2562);
#2561 = CARTESIAN_POINT('',(54.,7.5,15.));
#2562 = VECTOR('',#2563,1.);
#2563 = DIRECTION('',(0.,0.,1.));
#2564 = ORIENTED_EDGE('',*,*,#2565,.T.);
#2565 = EDGE_CURVE('',#2558,#2558,#2566,.T.);
#2566 = CIRCLE('',#2567,1.5);
#2567 = AXIS2_PLACEMENT_3D('',#2568,#2569,#2570);
#2568 = CARTESIAN_POINT('',(52.5,7.5,15.));
#2569 = DIRECTION('',(0.,0.,1.));
#2570 = DIRECTION('',(1.,0.,-0.));
#2571 = ORIENTED_EDGE('',*,*,#2557,.T.);
#2572 = CYLINDRICAL_SURFACE('',#2573,1.5);
#2573 = AXIS2_PLACEMENT_3D('',#2574,#2575,#2576);
#2574 = CARTESIAN_POINT('',(52.5,7.5,15.));
#2575 = DIRECTION('',(0.,0.,1.));
#2576 = DIRECTION('',(1.,0.,-0.));
#2577 = ADVANCED_FACE('',(#2578),#2581,.T.);
#2578 = FACE_BOUND('',#2579,.T.);
#2579 = EDGE_LOOP('',(#2580));
#2580 = ORIENTED_EDGE('',*,*,#2548,.T.);
#2581 = PLANE('',#2582);
#2582 = AXIS2_PLACEMENT_3D('',#2583,#2584,#2585);
#2583 = CARTESIAN_POINT('',(52.5,7.5,20.));
#2584 = DIRECTION('',(0.,0.,1.));
#2585 = DIRECTION('',(1.,0.,-0.));
#2586 = ADVANCED_FACE('',(#2587),#2590,.F.);
#2587 = FACE_BOUND('',#2588,.T.);
#2588 = EDGE_LOOP('',(#2589));
#2589 = ORIENTED_EDGE('',*,*,#2565,.F.);
#2590 = PLANE('',#2591);
#2591 = AXIS2_PLACEMENT_3D('',#2592,#2593,#2594);
#2592 = CARTESIAN_POINT('',(52.5,7.5,15.));
#2593 = DIRECTION('',(0.,0.,1.));
#2594 = DIRECTION('',(1.,0.,-0.));
#2595 = ( GEOMETRIC_REPRESENTATION_CONTEXT(3) 
GLOBAL_UNCERTAINTY_ASSIGNED_CONTEXT((#2599)) 
GLOBAL_UNIT_ASSIGNED_CONTEXT((#2596,#2597,#2598)) REPRESENTATION_CONTEXT
('Context #1','3D Context with UNIT and UNCERTAINTY') );
#2596 = ( LENGTH_UNIT() NAMED_UNIT(*) SI_UNIT(.MILLI.,.METRE.) );
#2597 = ( NAMED_UNIT(*) PLANE_ANGLE_UNIT() SI_UNIT($,.RADIAN.) );
#2598 = ( NAMED_UNIT(*) SI_UNIT($,.STERADIAN.) SOLID_ANGLE_UNIT() );
#2599 = UNCERTAINTY_MEASURE_WITH_UNIT(LENGTH_MEASURE(1.E-07),#2596,
  'distance_accuracy_value','confusion accuracy');
#2600 = CONTEXT_DEPENDENT_SHAPE_REPRESENTATION(#2601,#2603);
#2601 = ( REPRESENTATION_RELATIONSHIP('','',#2541,#10) 
REPRESENTATION_RELATIONSHIP_WITH_TRANSFORMATION(#2602) 
SHAPE_REPRESENTATION_RELATIONSHIP() );
#2602 = ITEM_DEFINED_TRANSFORMATION('','',#11,#43);
#2603 = PRODUCT_DEFINITION_SHAPE('Placement','Placement of an item',
  #2604);
#2604 = NEXT_ASSEMBLY_USAGE_OCCURRENCE('41','air_nipple','',#5,#2536,$);
#2605 = PRODUCT_RELATED_PRODUCT_CATEGORY('part',$,(#2538));
ENDSEC;
END-ISO-10303-21;
