ISO-10303-21;
HEADER;
FILE_DESCRIPTION(('FreeCAD Model'),'2;1');
FILE_NAME('Open CASCADE Shape Model','2026-09-27T12:27:38',(''),(''),
  'Open CASCADE STEP processor 7.8','FreeCAD','Unknown');
FILE_SCHEMA(('AUTOMOTIVE_DESIGN { 1 0 10303 214 1 1 1 1 }'));
ENDSEC;
DATA;
#1 = APPLICATION_PROTOCOL_DEFINITION('international standard',
  'automotive_design',2000,#2);
#2 = APPLICATION_CONTEXT(
  'core data for automotive mechanical design processes');
#3 = SHAPE_DEFINITION_REPRESENTATION(#4,#10);
#4 = PRODUCT_DEFINITION_SHAPE('','',#5);
#5 = PRODUCT_DEFINITION('design','',#6,#9);
#6 = PRODUCT_DEFINITION_FORMATION('','',#7);
#7 = PRODUCT('ft_S_24V_s_motor','ft_S_24V_s_motor','',(#8));
#8 = PRODUCT_CONTEXT('',#2,'mechanical');
#9 = PRODUCT_DEFINITION_CONTEXT('part definition',#2,'design');
#10 = SHAPE_REPRESENTATION('',(#11,#15,#19,#23,#27,#31),#35);
#11 = AXIS2_PLACEMENT_3D('',#12,#13,#14);
#12 = CARTESIAN_POINT('',(0.,0.,0.));
#13 = DIRECTION('',(0.,0.,1.));
#14 = DIRECTION('',(1.,0.,-0.));
#15 = AXIS2_PLACEMENT_3D('',#16,#17,#18);
#16 = CARTESIAN_POINT('',(0.,0.,0.));
#17 = DIRECTION('',(0.,0.,1.));
#18 = DIRECTION('',(1.,0.,0.));
#19 = AXIS2_PLACEMENT_3D('',#20,#21,#22);
#20 = CARTESIAN_POINT('',(0.,0.,0.));
#21 = DIRECTION('',(0.,0.,1.));
#22 = DIRECTION('',(1.,0.,0.));
#23 = AXIS2_PLACEMENT_3D('',#24,#25,#26);
#24 = CARTESIAN_POINT('',(0.,0.,0.));
#25 = DIRECTION('',(0.,0.,1.));
#26 = DIRECTION('',(1.,0.,0.));
#27 = AXIS2_PLACEMENT_3D('',#28,#29,#30);
#28 = CARTESIAN_POINT('',(0.,0.,0.));
#29 = DIRECTION('',(0.,0.,1.));
#30 = DIRECTION('',(1.,0.,0.));
#31 = AXIS2_PLACEMENT_3D('',#32,#33,#34);
#32 = CARTESIAN_POINT('',(0.,0.,0.));
#33 = DIRECTION('',(0.,0.,1.));
#34 = DIRECTION('',(1.,0.,0.));
#35 = ( GEOMETRIC_REPRESENTATION_CONTEXT(3) 
GLOBAL_UNCERTAINTY_ASSIGNED_CONTEXT((#39)) GLOBAL_UNIT_ASSIGNED_CONTEXT(
(#36,#37,#38)) REPRESENTATION_CONTEXT('Context #1',
  '3D Context with UNIT and UNCERTAINTY') );
#36 = ( LENGTH_UNIT() NAMED_UNIT(*) SI_UNIT(.MILLI.,.METRE.) );
#37 = ( NAMED_UNIT(*) PLANE_ANGLE_UNIT() SI_UNIT($,.RADIAN.) );
#38 = ( NAMED_UNIT(*) SI_UNIT($,.STERADIAN.) SOLID_ANGLE_UNIT() );
#39 = UNCERTAINTY_MEASURE_WITH_UNIT(LENGTH_MEASURE(2.E-06),#36,
  'distance_accuracy_value','confusion accuracy');
#40 = PRODUCT_RELATED_PRODUCT_CATEGORY('part',$,(#7));
#41 = SHAPE_DEFINITION_REPRESENTATION(#42,#48);
#42 = PRODUCT_DEFINITION_SHAPE('','',#43);
#43 = PRODUCT_DEFINITION('design','',#44,#47);
#44 = PRODUCT_DEFINITION_FORMATION('','',#45);
#45 = PRODUCT('housing','housing','',(#46));
#46 = PRODUCT_CONTEXT('',#2,'mechanical');
#47 = PRODUCT_DEFINITION_CONTEXT('part definition',#2,'design');
#48 = ADVANCED_BREP_SHAPE_REPRESENTATION('',(#11,#49),#1129);
#49 = MANIFOLD_SOLID_BREP('',#50);
#50 = CLOSED_SHELL('',(#51,#177,#208,#239,#270,#301,#341,#372,#396,#436,
    #476,#500,#524,#557,#582,#607,#623,#639,#670,#701,#717,#741,#757,
    #788,#812,#863,#887,#904,#921,#933,#942,#951,#968,#985,#1007,#1024,
    #1046,#1063,#1085,#1096,#1107,#1118));
#51 = ADVANCED_FACE('',(#52,#150,#161),#172,.F.);
#52 = FACE_BOUND('',#53,.F.);
#53 = EDGE_LOOP('',(#54,#64,#72,#80,#88,#96,#104,#112,#120,#128,#136,
    #144));
#54 = ORIENTED_EDGE('',*,*,#55,.F.);
#55 = EDGE_CURVE('',#56,#58,#60,.T.);
#56 = VERTEX_POINT('',#57);
#57 = CARTESIAN_POINT('',(-5.551115123126E-17,0.5,0.5));
#58 = VERTEX_POINT('',#59);
#59 = CARTESIAN_POINT('',(2.081668171172E-16,0.5,14.5));
#60 = LINE('',#61,#62);
#61 = CARTESIAN_POINT('',(0.,0.5,0.));
#62 = VECTOR('',#63,1.);
#63 = DIRECTION('',(0.,0.,1.));
#64 = ORIENTED_EDGE('',*,*,#65,.T.);
#65 = EDGE_CURVE('',#56,#66,#68,.T.);
#66 = VERTEX_POINT('',#67);
#67 = CARTESIAN_POINT('',(-1.074753193928E-15,29.5,0.5));
#68 = LINE('',#69,#70);
#69 = CARTESIAN_POINT('',(0.,0.,0.5));
#70 = VECTOR('',#71,1.);
#71 = DIRECTION('',(-0.,1.,0.));
#72 = ORIENTED_EDGE('',*,*,#73,.T.);
#73 = EDGE_CURVE('',#66,#74,#76,.T.);
#74 = VERTEX_POINT('',#75);
#75 = CARTESIAN_POINT('',(-8.204278418294E-16,29.5,14.5));
#76 = LINE('',#77,#78);
#77 = CARTESIAN_POINT('',(0.,29.5,0.));
#78 = VECTOR('',#79,1.);
#79 = DIRECTION('',(0.,0.,1.));
#80 = ORIENTED_EDGE('',*,*,#81,.F.);
#81 = EDGE_CURVE('',#82,#74,#84,.T.);
#82 = VERTEX_POINT('',#83);
#83 = CARTESIAN_POINT('',(0.,24.184764542936,14.5));
#84 = LINE('',#85,#86);
#85 = CARTESIAN_POINT('',(0.,0.,14.5));
#86 = VECTOR('',#87,1.);
#87 = DIRECTION('',(-0.,1.,0.));
#88 = ORIENTED_EDGE('',*,*,#89,.F.);
#89 = EDGE_CURVE('',#90,#82,#92,.T.);
#90 = VERTEX_POINT('',#91);
#91 = CARTESIAN_POINT('',(0.,24.7,11.4));
#92 = LINE('',#93,#94);
#93 = CARTESIAN_POINT('',(0.,24.989914949858,9.655678385018));
#94 = VECTOR('',#95,1.);
#95 = DIRECTION('',(0.,-0.163955846806,0.986467678284));
#96 = ORIENTED_EDGE('',*,*,#97,.F.);
#97 = EDGE_CURVE('',#98,#90,#100,.T.);
#98 = VERTEX_POINT('',#99);
#99 = CARTESIAN_POINT('',(0.,20.3,11.4));
#100 = LINE('',#101,#102);
#101 = CARTESIAN_POINT('',(0.,12.35,11.4));
#102 = VECTOR('',#103,1.);
#103 = DIRECTION('',(0.,1.,0.));
#104 = ORIENTED_EDGE('',*,*,#105,.F.);
#105 = EDGE_CURVE('',#106,#98,#108,.T.);
#106 = VERTEX_POINT('',#107);
#107 = CARTESIAN_POINT('',(0.,20.815235457064,14.5));
#108 = LINE('',#109,#110);
#109 = CARTESIAN_POINT('',(0.,19.105250856848,4.211592655371));
#110 = VECTOR('',#111,1.);
#111 = DIRECTION('',(0.,-0.163955846806,-0.986467678284));
#112 = ORIENTED_EDGE('',*,*,#113,.F.);
#113 = EDGE_CURVE('',#114,#106,#116,.T.);
#114 = VERTEX_POINT('',#115);
#115 = CARTESIAN_POINT('',(0.,9.184764542936,14.5));
#116 = LINE('',#117,#118);
#117 = CARTESIAN_POINT('',(0.,0.,14.5));
#118 = VECTOR('',#119,1.);
#119 = DIRECTION('',(-0.,1.,0.));
#120 = ORIENTED_EDGE('',*,*,#121,.F.);
#121 = EDGE_CURVE('',#122,#114,#124,.T.);
#122 = VERTEX_POINT('',#123);
#123 = CARTESIAN_POINT('',(0.,9.7,11.4));
#124 = LINE('',#125,#126);
#125 = CARTESIAN_POINT('',(0.,10.191526347623,8.442649808469));
#126 = VECTOR('',#127,1.);
#127 = DIRECTION('',(0.,-0.163955846806,0.986467678284));
#128 = ORIENTED_EDGE('',*,*,#129,.F.);
#129 = EDGE_CURVE('',#130,#122,#132,.T.);
#130 = VERTEX_POINT('',#131);
#131 = CARTESIAN_POINT('',(0.,5.3,11.4));
#132 = LINE('',#133,#134);
#133 = CARTESIAN_POINT('',(0.,4.85,11.4));
#134 = VECTOR('',#135,1.);
#135 = DIRECTION('',(0.,1.,0.));
#136 = ORIENTED_EDGE('',*,*,#137,.F.);
#137 = EDGE_CURVE('',#138,#130,#140,.T.);
#138 = VERTEX_POINT('',#139);
#139 = CARTESIAN_POINT('',(0.,5.815235457064,14.5));
#140 = LINE('',#141,#142);
#141 = CARTESIAN_POINT('',(0.,4.306862254613,5.42462123192));
#142 = VECTOR('',#143,1.);
#143 = DIRECTION('',(0.,-0.163955846806,-0.986467678284));
#144 = ORIENTED_EDGE('',*,*,#145,.F.);
#145 = EDGE_CURVE('',#58,#138,#146,.T.);
#146 = LINE('',#147,#148);
#147 = CARTESIAN_POINT('',(0.,0.,14.5));
#148 = VECTOR('',#149,1.);
#149 = DIRECTION('',(-0.,1.,0.));
#150 = FACE_BOUND('',#151,.F.);
#151 = EDGE_LOOP('',(#152));
#152 = ORIENTED_EDGE('',*,*,#153,.F.);
#153 = EDGE_CURVE('',#154,#154,#156,.T.);
#154 = VERTEX_POINT('',#155);
#155 = CARTESIAN_POINT('',(0.,20.,8.75));
#156 = CIRCLE('',#157,1.25);
#157 = AXIS2_PLACEMENT_3D('',#158,#159,#160);
#158 = CARTESIAN_POINT('',(0.,20.,7.5));
#159 = DIRECTION('',(1.,0.,0.));
#160 = DIRECTION('',(-0.,0.,1.));
#161 = FACE_BOUND('',#162,.F.);
#162 = EDGE_LOOP('',(#163));
#163 = ORIENTED_EDGE('',*,*,#164,.F.);
#164 = EDGE_CURVE('',#165,#165,#167,.T.);
#165 = VERTEX_POINT('',#166);
#166 = CARTESIAN_POINT('',(0.,10.,8.75));
#167 = CIRCLE('',#168,1.25);
#168 = AXIS2_PLACEMENT_3D('',#169,#170,#171);
#169 = CARTESIAN_POINT('',(0.,10.,7.5));
#170 = DIRECTION('',(1.,0.,0.));
#171 = DIRECTION('',(-0.,0.,1.));
#172 = PLANE('',#173);
#173 = AXIS2_PLACEMENT_3D('',#174,#175,#176);
#174 = CARTESIAN_POINT('',(0.,0.,0.));
#175 = DIRECTION('',(1.,0.,-0.));
#176 = DIRECTION('',(0.,0.,1.));
#177 = ADVANCED_FACE('',(#178),#203,.T.);
#178 = FACE_BOUND('',#179,.F.);
#179 = EDGE_LOOP('',(#180,#181,#189,#197));
#180 = ORIENTED_EDGE('',*,*,#55,.T.);
#181 = ORIENTED_EDGE('',*,*,#182,.T.);
#182 = EDGE_CURVE('',#58,#183,#185,.T.);
#183 = VERTEX_POINT('',#184);
#184 = CARTESIAN_POINT('',(0.5,2.081668171172E-16,14.5));
#185 = LINE('',#186,#187);
#186 = CARTESIAN_POINT('',(0.25,0.25,14.5));
#187 = VECTOR('',#188,1.);
#188 = DIRECTION('',(0.707106781187,-0.707106781187,-2.399087266467E-17)
  );
#189 = ORIENTED_EDGE('',*,*,#190,.F.);
#190 = EDGE_CURVE('',#191,#183,#193,.T.);
#191 = VERTEX_POINT('',#192);
#192 = CARTESIAN_POINT('',(0.5,-5.551115123126E-17,0.5));
#193 = LINE('',#194,#195);
#194 = CARTESIAN_POINT('',(0.5,0.,0.));
#195 = VECTOR('',#196,1.);
#196 = DIRECTION('',(0.,0.,1.));
#197 = ORIENTED_EDGE('',*,*,#198,.F.);
#198 = EDGE_CURVE('',#56,#191,#199,.T.);
#199 = LINE('',#200,#201);
#200 = CARTESIAN_POINT('',(0.25,0.25,0.5));
#201 = VECTOR('',#202,1.);
#202 = DIRECTION('',(0.707106781187,-0.707106781187,3.082391018568E-17)
  );
#203 = PLANE('',#204);
#204 = AXIS2_PLACEMENT_3D('',#205,#206,#207);
#205 = CARTESIAN_POINT('',(0.25,0.25,0.));
#206 = DIRECTION('',(-0.707106781187,-0.707106781187,-1.889513820523E-18
    ));
#207 = DIRECTION('',(1.336088035637E-18,1.336088035637E-18,-1.));
#208 = ADVANCED_FACE('',(#209),#234,.T.);
#209 = FACE_BOUND('',#210,.T.);
#210 = EDGE_LOOP('',(#211,#219,#220,#228));
#211 = ORIENTED_EDGE('',*,*,#212,.T.);
#212 = EDGE_CURVE('',#213,#56,#215,.T.);
#213 = VERTEX_POINT('',#214);
#214 = CARTESIAN_POINT('',(0.5,0.5,-5.551115123126E-17));
#215 = LINE('',#216,#217);
#216 = CARTESIAN_POINT('',(0.375,0.5,0.125));
#217 = VECTOR('',#218,1.);
#218 = DIRECTION('',(-0.707106781187,3.082391018568E-17,0.707106781187)
  );
#219 = ORIENTED_EDGE('',*,*,#65,.T.);
#220 = ORIENTED_EDGE('',*,*,#221,.F.);
#221 = EDGE_CURVE('',#222,#66,#224,.T.);
#222 = VERTEX_POINT('',#223);
#223 = CARTESIAN_POINT('',(0.5,29.5,-1.074753193928E-15));
#224 = LINE('',#225,#226);
#225 = CARTESIAN_POINT('',(0.375,29.5,0.125));
#226 = VECTOR('',#227,1.);
#227 = DIRECTION('',(-0.707106781187,4.999250338591E-18,0.707106781187)
  );
#228 = ORIENTED_EDGE('',*,*,#229,.F.);
#229 = EDGE_CURVE('',#213,#222,#230,.T.);
#230 = LINE('',#231,#232);
#231 = CARTESIAN_POINT('',(0.5,0.,0.));
#232 = VECTOR('',#233,1.);
#233 = DIRECTION('',(-0.,1.,0.));
#234 = PLANE('',#235);
#235 = AXIS2_PLACEMENT_3D('',#236,#237,#238);
#236 = CARTESIAN_POINT('',(0.25,0.,0.25));
#237 = DIRECTION('',(-0.707106781187,-1.889513820523E-18,-0.707106781187
    ));
#238 = DIRECTION('',(-1.336088035637E-18,1.,-1.336088035637E-18));
#239 = ADVANCED_FACE('',(#240),#265,.F.);
#240 = FACE_BOUND('',#241,.F.);
#241 = EDGE_LOOP('',(#242,#252,#258,#259));
#242 = ORIENTED_EDGE('',*,*,#243,.F.);
#243 = EDGE_CURVE('',#244,#246,#248,.T.);
#244 = VERTEX_POINT('',#245);
#245 = CARTESIAN_POINT('',(0.5,0.5,15.));
#246 = VERTEX_POINT('',#247);
#247 = CARTESIAN_POINT('',(0.5,5.898337950139,15.));
#248 = LINE('',#249,#250);
#249 = CARTESIAN_POINT('',(0.5,0.,15.));
#250 = VECTOR('',#251,1.);
#251 = DIRECTION('',(-0.,1.,0.));
#252 = ORIENTED_EDGE('',*,*,#253,.T.);
#253 = EDGE_CURVE('',#244,#58,#254,.T.);
#254 = LINE('',#255,#256);
#255 = CARTESIAN_POINT('',(0.375,0.5,14.875));
#256 = VECTOR('',#257,1.);
#257 = DIRECTION('',(-0.707106781187,-1.8028236794E-15,-0.707106781187)
  );
#258 = ORIENTED_EDGE('',*,*,#145,.T.);
#259 = ORIENTED_EDGE('',*,*,#260,.F.);
#260 = EDGE_CURVE('',#246,#138,#261,.T.);
#261 = LINE('',#262,#263);
#262 = CARTESIAN_POINT('',(-1.147193860174,5.624566117423,
    13.352806139826));
#263 = VECTOR('',#264,1.);
#264 = DIRECTION('',(-0.702273495483,-0.11672135659,-0.702273495483));
#265 = PLANE('',#266);
#266 = AXIS2_PLACEMENT_3D('',#267,#268,#269);
#267 = CARTESIAN_POINT('',(0.25,0.,14.75));
#268 = DIRECTION('',(0.707106781187,1.889513820523E-18,-0.707106781187)
  );
#269 = DIRECTION('',(-1.336088035637E-18,1.,1.336088035637E-18));
#270 = ADVANCED_FACE('',(#271),#296,.F.);
#271 = FACE_BOUND('',#272,.T.);
#272 = EDGE_LOOP('',(#273,#274,#282,#290));
#273 = ORIENTED_EDGE('',*,*,#73,.T.);
#274 = ORIENTED_EDGE('',*,*,#275,.F.);
#275 = EDGE_CURVE('',#276,#74,#278,.T.);
#276 = VERTEX_POINT('',#277);
#277 = CARTESIAN_POINT('',(0.5,30.,14.5));
#278 = LINE('',#279,#280);
#279 = CARTESIAN_POINT('',(0.375,29.875,14.5));
#280 = VECTOR('',#281,1.);
#281 = DIRECTION('',(-0.707106781187,-0.707106781187,-1.064679406384E-14
    ));
#282 = ORIENTED_EDGE('',*,*,#283,.F.);
#283 = EDGE_CURVE('',#284,#276,#286,.T.);
#284 = VERTEX_POINT('',#285);
#285 = CARTESIAN_POINT('',(0.5,30.,0.5));
#286 = LINE('',#287,#288);
#287 = CARTESIAN_POINT('',(0.5,30.,0.));
#288 = VECTOR('',#289,1.);
#289 = DIRECTION('',(0.,0.,1.));
#290 = ORIENTED_EDGE('',*,*,#291,.F.);
#291 = EDGE_CURVE('',#66,#284,#292,.T.);
#292 = LINE('',#293,#294);
#293 = CARTESIAN_POINT('',(0.25,29.75,0.5));
#294 = VECTOR('',#295,1.);
#295 = DIRECTION('',(0.707106781187,0.707106781187,-6.939673023442E-15)
  );
#296 = PLANE('',#297);
#297 = AXIS2_PLACEMENT_3D('',#298,#299,#300);
#298 = CARTESIAN_POINT('',(0.25,29.75,0.));
#299 = DIRECTION('',(0.707106781187,-0.707106781187,1.889513820523E-18)
  );
#300 = DIRECTION('',(1.336088035637E-18,-1.336088035637E-18,-1.));
#301 = ADVANCED_FACE('',(#302),#336,.F.);
#302 = FACE_BOUND('',#303,.F.);
#303 = EDGE_LOOP('',(#304,#305,#313,#321,#329,#335));
#304 = ORIENTED_EDGE('',*,*,#137,.T.);
#305 = ORIENTED_EDGE('',*,*,#306,.T.);
#306 = EDGE_CURVE('',#130,#307,#309,.T.);
#307 = VERTEX_POINT('',#308);
#308 = CARTESIAN_POINT('',(45.,5.3,11.4));
#309 = LINE('',#310,#311);
#310 = CARTESIAN_POINT('',(-1.,5.3,11.4));
#311 = VECTOR('',#312,1.);
#312 = DIRECTION('',(1.,0.,0.));
#313 = ORIENTED_EDGE('',*,*,#314,.F.);
#314 = EDGE_CURVE('',#315,#307,#317,.T.);
#315 = VERTEX_POINT('',#316);
#316 = CARTESIAN_POINT('',(45.,5.815235457064,14.5));
#317 = LINE('',#318,#319);
#318 = CARTESIAN_POINT('',(45.,4.306862254613,5.42462123192));
#319 = VECTOR('',#320,1.);
#320 = DIRECTION('',(0.,-0.163955846806,-0.986467678284));
#321 = ORIENTED_EDGE('',*,*,#322,.F.);
#322 = EDGE_CURVE('',#323,#315,#325,.T.);
#323 = VERTEX_POINT('',#324);
#324 = CARTESIAN_POINT('',(44.5,5.898337950139,15.));
#325 = LINE('',#326,#327);
#326 = CARTESIAN_POINT('',(34.557274392413,7.550868522037,
    24.942725607587));
#327 = VECTOR('',#328,1.);
#328 = DIRECTION('',(0.702273495483,-0.11672135659,-0.702273495483));
#329 = ORIENTED_EDGE('',*,*,#330,.F.);
#330 = EDGE_CURVE('',#246,#323,#331,.T.);
#331 = LINE('',#332,#333);
#332 = CARTESIAN_POINT('',(-0.5,5.898337950139,15.));
#333 = VECTOR('',#334,1.);
#334 = DIRECTION('',(1.,0.,-0.));
#335 = ORIENTED_EDGE('',*,*,#260,.T.);
#336 = PLANE('',#337);
#337 = AXIS2_PLACEMENT_3D('',#338,#339,#340);
#338 = CARTESIAN_POINT('',(-1.,5.3,11.4));
#339 = DIRECTION('',(0.,-0.986467678284,0.163955846806));
#340 = DIRECTION('',(0.,0.163955846806,0.986467678284));
#341 = ADVANCED_FACE('',(#342),#367,.F.);
#342 = FACE_BOUND('',#343,.F.);
#343 = EDGE_LOOP('',(#344,#354,#360,#361));
#344 = ORIENTED_EDGE('',*,*,#345,.F.);
#345 = EDGE_CURVE('',#346,#348,#350,.T.);
#346 = VERTEX_POINT('',#347);
#347 = CARTESIAN_POINT('',(0.5,24.101662049861,15.));
#348 = VERTEX_POINT('',#349);
#349 = CARTESIAN_POINT('',(0.5,29.5,15.));
#350 = LINE('',#351,#352);
#351 = CARTESIAN_POINT('',(0.5,0.,15.));
#352 = VECTOR('',#353,1.);
#353 = DIRECTION('',(-0.,1.,0.));
#354 = ORIENTED_EDGE('',*,*,#355,.F.);
#355 = EDGE_CURVE('',#82,#346,#356,.T.);
#356 = LINE('',#357,#358);
#357 = CARTESIAN_POINT('',(0.997156413439,24.019032175052,
    15.497156413439));
#358 = VECTOR('',#359,1.);
#359 = DIRECTION('',(0.702273495483,-0.11672135659,0.702273495483));
#360 = ORIENTED_EDGE('',*,*,#81,.T.);
#361 = ORIENTED_EDGE('',*,*,#362,.T.);
#362 = EDGE_CURVE('',#74,#348,#363,.T.);
#363 = LINE('',#364,#365);
#364 = CARTESIAN_POINT('',(0.25,29.5,14.75));
#365 = VECTOR('',#366,1.);
#366 = DIRECTION('',(0.707106781187,2.747473484393E-15,0.707106781187));
#367 = PLANE('',#368);
#368 = AXIS2_PLACEMENT_3D('',#369,#370,#371);
#369 = CARTESIAN_POINT('',(0.25,0.,14.75));
#370 = DIRECTION('',(0.707106781187,1.889513820523E-18,-0.707106781187)
  );
#371 = DIRECTION('',(-1.336088035637E-18,1.,1.336088035637E-18));
#372 = ADVANCED_FACE('',(#373),#391,.F.);
#373 = FACE_BOUND('',#374,.F.);
#374 = EDGE_LOOP('',(#375,#376,#384,#390));
#375 = ORIENTED_EDGE('',*,*,#129,.T.);
#376 = ORIENTED_EDGE('',*,*,#377,.T.);
#377 = EDGE_CURVE('',#122,#378,#380,.T.);
#378 = VERTEX_POINT('',#379);
#379 = CARTESIAN_POINT('',(45.,9.7,11.4));
#380 = LINE('',#381,#382);
#381 = CARTESIAN_POINT('',(-1.,9.7,11.4));
#382 = VECTOR('',#383,1.);
#383 = DIRECTION('',(1.,0.,0.));
#384 = ORIENTED_EDGE('',*,*,#385,.F.);
#385 = EDGE_CURVE('',#307,#378,#386,.T.);
#386 = LINE('',#387,#388);
#387 = CARTESIAN_POINT('',(45.,4.85,11.4));
#388 = VECTOR('',#389,1.);
#389 = DIRECTION('',(0.,1.,0.));
#390 = ORIENTED_EDGE('',*,*,#306,.F.);
#391 = PLANE('',#392);
#392 = AXIS2_PLACEMENT_3D('',#393,#394,#395);
#393 = CARTESIAN_POINT('',(-1.,9.7,11.4));
#394 = DIRECTION('',(0.,0.,-1.));
#395 = DIRECTION('',(0.,-1.,0.));
#396 = ADVANCED_FACE('',(#397),#431,.F.);
#397 = FACE_BOUND('',#398,.F.);
#398 = EDGE_LOOP('',(#399,#407,#408,#409,#417,#425));
#399 = ORIENTED_EDGE('',*,*,#400,.F.);
#400 = EDGE_CURVE('',#90,#401,#403,.T.);
#401 = VERTEX_POINT('',#402);
#402 = CARTESIAN_POINT('',(45.,24.7,11.4));
#403 = LINE('',#404,#405);
#404 = CARTESIAN_POINT('',(-1.,24.7,11.4));
#405 = VECTOR('',#406,1.);
#406 = DIRECTION('',(1.,0.,0.));
#407 = ORIENTED_EDGE('',*,*,#89,.T.);
#408 = ORIENTED_EDGE('',*,*,#355,.T.);
#409 = ORIENTED_EDGE('',*,*,#410,.F.);
#410 = EDGE_CURVE('',#411,#346,#413,.T.);
#411 = VERTEX_POINT('',#412);
#412 = CARTESIAN_POINT('',(44.5,24.101662049861,15.));
#413 = LINE('',#414,#415);
#414 = CARTESIAN_POINT('',(-0.5,24.101662049861,15.));
#415 = VECTOR('',#416,1.);
#416 = DIRECTION('',(-1.,-0.,0.));
#417 = ORIENTED_EDGE('',*,*,#418,.F.);
#418 = EDGE_CURVE('',#419,#411,#421,.T.);
#419 = VERTEX_POINT('',#420);
#420 = CARTESIAN_POINT('',(45.,24.184764542936,14.5));
#421 = LINE('',#422,#423);
#422 = CARTESIAN_POINT('',(32.4129241188,22.092729770438,27.0870758812)
  );
#423 = VECTOR('',#424,1.);
#424 = DIRECTION('',(-0.702273495483,-0.11672135659,0.702273495483));
#425 = ORIENTED_EDGE('',*,*,#426,.F.);
#426 = EDGE_CURVE('',#401,#419,#427,.T.);
#427 = LINE('',#428,#429);
#428 = CARTESIAN_POINT('',(45.,24.989914949858,9.655678385018));
#429 = VECTOR('',#430,1.);
#430 = DIRECTION('',(0.,-0.163955846806,0.986467678284));
#431 = PLANE('',#432);
#432 = AXIS2_PLACEMENT_3D('',#433,#434,#435);
#433 = CARTESIAN_POINT('',(-1.,24.1,15.01));
#434 = DIRECTION('',(-0.,0.986467678284,0.163955846806));
#435 = DIRECTION('',(0.,0.163955846806,-0.986467678284));
#436 = ADVANCED_FACE('',(#437),#471,.F.);
#437 = FACE_BOUND('',#438,.F.);
#438 = EDGE_LOOP('',(#439,#440,#441,#449,#457,#465));
#439 = ORIENTED_EDGE('',*,*,#377,.F.);
#440 = ORIENTED_EDGE('',*,*,#121,.T.);
#441 = ORIENTED_EDGE('',*,*,#442,.T.);
#442 = EDGE_CURVE('',#114,#443,#445,.T.);
#443 = VERTEX_POINT('',#444);
#444 = CARTESIAN_POINT('',(0.5,9.101662049861,15.));
#445 = LINE('',#446,#447);
#446 = CARTESIAN_POINT('',(0.382379050265,9.121211238183,14.882379050265
    ));
#447 = VECTOR('',#448,1.);
#448 = DIRECTION('',(0.702273495483,-0.11672135659,0.702273495483));
#449 = ORIENTED_EDGE('',*,*,#450,.F.);
#450 = EDGE_CURVE('',#451,#443,#453,.T.);
#451 = VERTEX_POINT('',#452);
#452 = CARTESIAN_POINT('',(44.5,9.101662049861,15.));
#453 = LINE('',#454,#455);
#454 = CARTESIAN_POINT('',(-0.5,9.101662049861,15.));
#455 = VECTOR('',#456,1.);
#456 = DIRECTION('',(-1.,-0.,0.));
#457 = ORIENTED_EDGE('',*,*,#458,.F.);
#458 = EDGE_CURVE('',#459,#451,#461,.T.);
#459 = VERTEX_POINT('',#460);
#460 = CARTESIAN_POINT('',(45.,9.184764542936,14.5));
#461 = LINE('',#462,#463);
#462 = CARTESIAN_POINT('',(33.027701481975,7.194908833569,
    26.472298518025));
#463 = VECTOR('',#464,1.);
#464 = DIRECTION('',(-0.702273495483,-0.11672135659,0.702273495483));
#465 = ORIENTED_EDGE('',*,*,#466,.F.);
#466 = EDGE_CURVE('',#378,#459,#467,.T.);
#467 = LINE('',#468,#469);
#468 = CARTESIAN_POINT('',(45.,10.191526347623,8.442649808469));
#469 = VECTOR('',#470,1.);
#470 = DIRECTION('',(0.,-0.163955846806,0.986467678284));
#471 = PLANE('',#472);
#472 = AXIS2_PLACEMENT_3D('',#473,#474,#475);
#473 = CARTESIAN_POINT('',(-1.,9.1,15.01));
#474 = DIRECTION('',(-0.,0.986467678284,0.163955846806));
#475 = DIRECTION('',(0.,0.163955846806,-0.986467678284));
#476 = ADVANCED_FACE('',(#477),#495,.F.);
#477 = FACE_BOUND('',#478,.F.);
#478 = EDGE_LOOP('',(#479,#480,#481,#489));
#479 = ORIENTED_EDGE('',*,*,#97,.T.);
#480 = ORIENTED_EDGE('',*,*,#400,.T.);
#481 = ORIENTED_EDGE('',*,*,#482,.F.);
#482 = EDGE_CURVE('',#483,#401,#485,.T.);
#483 = VERTEX_POINT('',#484);
#484 = CARTESIAN_POINT('',(45.,20.3,11.4));
#485 = LINE('',#486,#487);
#486 = CARTESIAN_POINT('',(45.,12.35,11.4));
#487 = VECTOR('',#488,1.);
#488 = DIRECTION('',(0.,1.,0.));
#489 = ORIENTED_EDGE('',*,*,#490,.F.);
#490 = EDGE_CURVE('',#98,#483,#491,.T.);
#491 = LINE('',#492,#493);
#492 = CARTESIAN_POINT('',(-1.,20.3,11.4));
#493 = VECTOR('',#494,1.);
#494 = DIRECTION('',(1.,0.,0.));
#495 = PLANE('',#496);
#496 = AXIS2_PLACEMENT_3D('',#497,#498,#499);
#497 = CARTESIAN_POINT('',(-1.,24.7,11.4));
#498 = DIRECTION('',(0.,0.,-1.));
#499 = DIRECTION('',(0.,-1.,0.));
#500 = ADVANCED_FACE('',(#501),#519,.F.);
#501 = FACE_BOUND('',#502,.F.);
#502 = EDGE_LOOP('',(#503,#511,#512,#513));
#503 = ORIENTED_EDGE('',*,*,#504,.F.);
#504 = EDGE_CURVE('',#443,#505,#507,.T.);
#505 = VERTEX_POINT('',#506);
#506 = CARTESIAN_POINT('',(0.5,20.898337950139,15.));
#507 = LINE('',#508,#509);
#508 = CARTESIAN_POINT('',(0.5,0.,15.));
#509 = VECTOR('',#510,1.);
#510 = DIRECTION('',(-0.,1.,0.));
#511 = ORIENTED_EDGE('',*,*,#442,.F.);
#512 = ORIENTED_EDGE('',*,*,#113,.T.);
#513 = ORIENTED_EDGE('',*,*,#514,.F.);
#514 = EDGE_CURVE('',#505,#106,#515,.T.);
#515 = LINE('',#516,#517);
#516 = CARTESIAN_POINT('',(-1.761971223348,20.522387054291,
    12.738028776652));
#517 = VECTOR('',#518,1.);
#518 = DIRECTION('',(-0.702273495483,-0.11672135659,-0.702273495483));
#519 = PLANE('',#520);
#520 = AXIS2_PLACEMENT_3D('',#521,#522,#523);
#521 = CARTESIAN_POINT('',(0.25,0.,14.75));
#522 = DIRECTION('',(0.707106781187,1.889513820523E-18,-0.707106781187)
  );
#523 = DIRECTION('',(-1.336088035637E-18,1.,1.336088035637E-18));
#524 = ADVANCED_FACE('',(#525),#552,.F.);
#525 = FACE_BOUND('',#526,.F.);
#526 = EDGE_LOOP('',(#527,#528,#529,#537,#545,#551));
#527 = ORIENTED_EDGE('',*,*,#105,.T.);
#528 = ORIENTED_EDGE('',*,*,#490,.T.);
#529 = ORIENTED_EDGE('',*,*,#530,.F.);
#530 = EDGE_CURVE('',#531,#483,#533,.T.);
#531 = VERTEX_POINT('',#532);
#532 = CARTESIAN_POINT('',(45.,20.815235457064,14.5));
#533 = LINE('',#534,#535);
#534 = CARTESIAN_POINT('',(45.,19.105250856848,4.211592655371));
#535 = VECTOR('',#536,1.);
#536 = DIRECTION('',(0.,-0.163955846806,-0.986467678284));
#537 = ORIENTED_EDGE('',*,*,#538,.F.);
#538 = EDGE_CURVE('',#539,#531,#541,.T.);
#539 = VERTEX_POINT('',#540);
#540 = CARTESIAN_POINT('',(44.5,20.898337950139,15.));
#541 = LINE('',#542,#543);
#542 = CARTESIAN_POINT('',(35.172051755588,22.448689458905,
    24.327948244412));
#543 = VECTOR('',#544,1.);
#544 = DIRECTION('',(0.702273495483,-0.11672135659,-0.702273495483));
#545 = ORIENTED_EDGE('',*,*,#546,.F.);
#546 = EDGE_CURVE('',#505,#539,#547,.T.);
#547 = LINE('',#548,#549);
#548 = CARTESIAN_POINT('',(-0.5,20.898337950139,15.));
#549 = VECTOR('',#550,1.);
#550 = DIRECTION('',(1.,0.,-0.));
#551 = ORIENTED_EDGE('',*,*,#514,.T.);
#552 = PLANE('',#553);
#553 = AXIS2_PLACEMENT_3D('',#554,#555,#556);
#554 = CARTESIAN_POINT('',(-1.,20.3,11.4));
#555 = DIRECTION('',(0.,-0.986467678284,0.163955846806));
#556 = DIRECTION('',(0.,0.163955846806,0.986467678284));
#557 = ADVANCED_FACE('',(#558),#577,.F.);
#558 = FACE_BOUND('',#559,.F.);
#559 = EDGE_LOOP('',(#560,#568,#575,#576));
#560 = ORIENTED_EDGE('',*,*,#561,.T.);
#561 = EDGE_CURVE('',#154,#562,#564,.T.);
#562 = VERTEX_POINT('',#563);
#563 = CARTESIAN_POINT('',(6.,20.,8.75));
#564 = LINE('',#565,#566);
#565 = CARTESIAN_POINT('',(-1.E-02,20.,8.75));
#566 = VECTOR('',#567,1.);
#567 = DIRECTION('',(1.,0.,0.));
#568 = ORIENTED_EDGE('',*,*,#569,.F.);
#569 = EDGE_CURVE('',#562,#562,#570,.T.);
#570 = CIRCLE('',#571,1.25);
#571 = AXIS2_PLACEMENT_3D('',#572,#573,#574);
#572 = CARTESIAN_POINT('',(6.,20.,7.5));
#573 = DIRECTION('',(1.,0.,0.));
#574 = DIRECTION('',(-0.,0.,1.));
#575 = ORIENTED_EDGE('',*,*,#561,.F.);
#576 = ORIENTED_EDGE('',*,*,#153,.T.);
#577 = CYLINDRICAL_SURFACE('',#578,1.25);
#578 = AXIS2_PLACEMENT_3D('',#579,#580,#581);
#579 = CARTESIAN_POINT('',(-1.E-02,20.,7.5));
#580 = DIRECTION('',(1.,0.,0.));
#581 = DIRECTION('',(-0.,0.,1.));
#582 = ADVANCED_FACE('',(#583),#602,.F.);
#583 = FACE_BOUND('',#584,.F.);
#584 = EDGE_LOOP('',(#585,#593,#600,#601));
#585 = ORIENTED_EDGE('',*,*,#586,.T.);
#586 = EDGE_CURVE('',#165,#587,#589,.T.);
#587 = VERTEX_POINT('',#588);
#588 = CARTESIAN_POINT('',(6.,10.,8.75));
#589 = LINE('',#590,#591);
#590 = CARTESIAN_POINT('',(-1.E-02,10.,8.75));
#591 = VECTOR('',#592,1.);
#592 = DIRECTION('',(1.,0.,0.));
#593 = ORIENTED_EDGE('',*,*,#594,.F.);
#594 = EDGE_CURVE('',#587,#587,#595,.T.);
#595 = CIRCLE('',#596,1.25);
#596 = AXIS2_PLACEMENT_3D('',#597,#598,#599);
#597 = CARTESIAN_POINT('',(6.,10.,7.5));
#598 = DIRECTION('',(1.,0.,0.));
#599 = DIRECTION('',(-0.,0.,1.));
#600 = ORIENTED_EDGE('',*,*,#586,.F.);
#601 = ORIENTED_EDGE('',*,*,#164,.T.);
#602 = CYLINDRICAL_SURFACE('',#603,1.25);
#603 = AXIS2_PLACEMENT_3D('',#604,#605,#606);
#604 = CARTESIAN_POINT('',(-1.E-02,10.,7.5));
#605 = DIRECTION('',(1.,0.,0.));
#606 = DIRECTION('',(-0.,0.,1.));
#607 = ADVANCED_FACE('',(#608),#618,.T.);
#608 = FACE_BOUND('',#609,.T.);
#609 = EDGE_LOOP('',(#610,#611,#617));
#610 = ORIENTED_EDGE('',*,*,#212,.F.);
#611 = ORIENTED_EDGE('',*,*,#612,.T.);
#612 = EDGE_CURVE('',#213,#191,#613,.T.);
#613 = LINE('',#614,#615);
#614 = CARTESIAN_POINT('',(0.5,0.375,0.125));
#615 = VECTOR('',#616,1.);
#616 = DIRECTION('',(-3.082391018568E-17,-0.707106781187,0.707106781187)
  );
#617 = ORIENTED_EDGE('',*,*,#198,.F.);
#618 = PLANE('',#619);
#619 = AXIS2_PLACEMENT_3D('',#620,#621,#622);
#620 = CARTESIAN_POINT('',(0.5,0.5,-5.551115123126E-17));
#621 = DIRECTION('',(-0.57735026919,-0.57735026919,-0.57735026919));
#622 = DIRECTION('',(0.707106781187,-0.707106781187,-6.803361091336E-18)
  );
#623 = ADVANCED_FACE('',(#624),#634,.F.);
#624 = FACE_BOUND('',#625,.F.);
#625 = EDGE_LOOP('',(#626,#627,#633));
#626 = ORIENTED_EDGE('',*,*,#253,.F.);
#627 = ORIENTED_EDGE('',*,*,#628,.T.);
#628 = EDGE_CURVE('',#244,#183,#629,.T.);
#629 = LINE('',#630,#631);
#630 = CARTESIAN_POINT('',(0.5,0.375,14.875));
#631 = VECTOR('',#632,1.);
#632 = DIRECTION('',(-1.791652814828E-15,-0.707106781187,-0.707106781187
    ));
#633 = ORIENTED_EDGE('',*,*,#182,.F.);
#634 = PLANE('',#635);
#635 = AXIS2_PLACEMENT_3D('',#636,#637,#638);
#636 = CARTESIAN_POINT('',(0.5,0.5,15.));
#637 = DIRECTION('',(0.57735026919,0.57735026919,-0.57735026919));
#638 = DIRECTION('',(0.707106781187,-0.707106781187,-1.760881244144E-18)
  );
#639 = ADVANCED_FACE('',(#640),#665,.F.);
#640 = FACE_BOUND('',#641,.F.);
#641 = EDGE_LOOP('',(#642,#643,#651,#659));
#642 = ORIENTED_EDGE('',*,*,#190,.T.);
#643 = ORIENTED_EDGE('',*,*,#644,.T.);
#644 = EDGE_CURVE('',#183,#645,#647,.T.);
#645 = VERTEX_POINT('',#646);
#646 = CARTESIAN_POINT('',(44.5,4.302114220422E-16,14.5));
#647 = LINE('',#648,#649);
#648 = CARTESIAN_POINT('',(0.,0.,14.5));
#649 = VECTOR('',#650,1.);
#650 = DIRECTION('',(1.,0.,-0.));
#651 = ORIENTED_EDGE('',*,*,#652,.F.);
#652 = EDGE_CURVE('',#653,#645,#655,.T.);
#653 = VERTEX_POINT('',#654);
#654 = CARTESIAN_POINT('',(44.5,1.804112415016E-16,0.5));
#655 = LINE('',#656,#657);
#656 = CARTESIAN_POINT('',(44.5,0.,0.));
#657 = VECTOR('',#658,1.);
#658 = DIRECTION('',(0.,0.,1.));
#659 = ORIENTED_EDGE('',*,*,#660,.F.);
#660 = EDGE_CURVE('',#191,#653,#661,.T.);
#661 = LINE('',#662,#663);
#662 = CARTESIAN_POINT('',(0.,0.,0.5));
#663 = VECTOR('',#664,1.);
#664 = DIRECTION('',(1.,0.,-0.));
#665 = PLANE('',#666);
#666 = AXIS2_PLACEMENT_3D('',#667,#668,#669);
#667 = CARTESIAN_POINT('',(0.,0.,0.));
#668 = DIRECTION('',(-0.,1.,0.));
#669 = DIRECTION('',(0.,0.,1.));
#670 = ADVANCED_FACE('',(#671),#696,.F.);
#671 = FACE_BOUND('',#672,.F.);
#672 = EDGE_LOOP('',(#673,#674,#682,#690));
#673 = ORIENTED_EDGE('',*,*,#229,.F.);
#674 = ORIENTED_EDGE('',*,*,#675,.T.);
#675 = EDGE_CURVE('',#213,#676,#678,.T.);
#676 = VERTEX_POINT('',#677);
#677 = CARTESIAN_POINT('',(44.5,0.5,-1.084773854196E-15));
#678 = LINE('',#679,#680);
#679 = CARTESIAN_POINT('',(0.,0.5,0.));
#680 = VECTOR('',#681,1.);
#681 = DIRECTION('',(1.,0.,-0.));
#682 = ORIENTED_EDGE('',*,*,#683,.T.);
#683 = EDGE_CURVE('',#676,#684,#686,.T.);
#684 = VERTEX_POINT('',#685);
#685 = CARTESIAN_POINT('',(44.5,29.5,-2.103347852875E-15));
#686 = LINE('',#687,#688);
#687 = CARTESIAN_POINT('',(44.5,0.,0.));
#688 = VECTOR('',#689,1.);
#689 = DIRECTION('',(-0.,1.,0.));
#690 = ORIENTED_EDGE('',*,*,#691,.F.);
#691 = EDGE_CURVE('',#222,#684,#692,.T.);
#692 = LINE('',#693,#694);
#693 = CARTESIAN_POINT('',(0.,29.5,0.));
#694 = VECTOR('',#695,1.);
#695 = DIRECTION('',(1.,0.,-0.));
#696 = PLANE('',#697);
#697 = AXIS2_PLACEMENT_3D('',#698,#699,#700);
#698 = CARTESIAN_POINT('',(0.,0.,0.));
#699 = DIRECTION('',(0.,0.,1.));
#700 = DIRECTION('',(1.,0.,-0.));
#701 = ADVANCED_FACE('',(#702),#712,.F.);
#702 = FACE_BOUND('',#703,.F.);
#703 = EDGE_LOOP('',(#704,#705,#711));
#704 = ORIENTED_EDGE('',*,*,#221,.F.);
#705 = ORIENTED_EDGE('',*,*,#706,.T.);
#706 = EDGE_CURVE('',#222,#284,#707,.T.);
#707 = LINE('',#708,#709);
#708 = CARTESIAN_POINT('',(0.5,29.625,0.125));
#709 = VECTOR('',#710,1.);
#710 = DIRECTION('',(-6.917666420642E-15,0.707106781187,0.707106781187)
  );
#711 = ORIENTED_EDGE('',*,*,#291,.F.);
#712 = PLANE('',#713);
#713 = AXIS2_PLACEMENT_3D('',#714,#715,#716);
#714 = CARTESIAN_POINT('',(0.5,29.5,-1.074753193928E-15));
#715 = DIRECTION('',(0.57735026919,-0.57735026919,0.57735026919));
#716 = DIRECTION('',(0.707106781187,0.707106781187,-4.147166929347E-15)
  );
#717 = ADVANCED_FACE('',(#718),#736,.T.);
#718 = FACE_BOUND('',#719,.T.);
#719 = EDGE_LOOP('',(#720,#721,#729,#735));
#720 = ORIENTED_EDGE('',*,*,#243,.F.);
#721 = ORIENTED_EDGE('',*,*,#722,.T.);
#722 = EDGE_CURVE('',#244,#723,#725,.T.);
#723 = VERTEX_POINT('',#724);
#724 = CARTESIAN_POINT('',(44.5,0.5,15.));
#725 = LINE('',#726,#727);
#726 = CARTESIAN_POINT('',(0.,0.5,15.));
#727 = VECTOR('',#728,1.);
#728 = DIRECTION('',(1.,0.,-0.));
#729 = ORIENTED_EDGE('',*,*,#730,.T.);
#730 = EDGE_CURVE('',#723,#323,#731,.T.);
#731 = LINE('',#732,#733);
#732 = CARTESIAN_POINT('',(44.5,0.,15.));
#733 = VECTOR('',#734,1.);
#734 = DIRECTION('',(-0.,1.,0.));
#735 = ORIENTED_EDGE('',*,*,#330,.F.);
#736 = PLANE('',#737);
#737 = AXIS2_PLACEMENT_3D('',#738,#739,#740);
#738 = CARTESIAN_POINT('',(0.,0.,15.));
#739 = DIRECTION('',(0.,0.,1.));
#740 = DIRECTION('',(1.,0.,-0.));
#741 = ADVANCED_FACE('',(#742),#752,.F.);
#742 = FACE_BOUND('',#743,.F.);
#743 = EDGE_LOOP('',(#744,#745,#751));
#744 = ORIENTED_EDGE('',*,*,#275,.F.);
#745 = ORIENTED_EDGE('',*,*,#746,.T.);
#746 = EDGE_CURVE('',#276,#348,#747,.T.);
#747 = LINE('',#748,#749);
#748 = CARTESIAN_POINT('',(0.5,29.875,14.625));
#749 = VECTOR('',#750,1.);
#750 = DIRECTION('',(7.912140587545E-15,-0.707106781187,0.707106781187)
  );
#751 = ORIENTED_EDGE('',*,*,#362,.F.);
#752 = PLANE('',#753);
#753 = AXIS2_PLACEMENT_3D('',#754,#755,#756);
#754 = CARTESIAN_POINT('',(0.5,30.,14.5));
#755 = DIRECTION('',(0.57735026919,-0.57735026919,-0.57735026919));
#756 = DIRECTION('',(0.707106781187,4.990617183845E-15,0.707106781187));
#757 = ADVANCED_FACE('',(#758),#783,.T.);
#758 = FACE_BOUND('',#759,.T.);
#759 = EDGE_LOOP('',(#760,#761,#769,#777));
#760 = ORIENTED_EDGE('',*,*,#283,.T.);
#761 = ORIENTED_EDGE('',*,*,#762,.T.);
#762 = EDGE_CURVE('',#276,#763,#765,.T.);
#763 = VERTEX_POINT('',#764);
#764 = CARTESIAN_POINT('',(44.5,30.,14.5));
#765 = LINE('',#766,#767);
#766 = CARTESIAN_POINT('',(0.,30.,14.5));
#767 = VECTOR('',#768,1.);
#768 = DIRECTION('',(1.,0.,-0.));
#769 = ORIENTED_EDGE('',*,*,#770,.F.);
#770 = EDGE_CURVE('',#771,#763,#773,.T.);
#771 = VERTEX_POINT('',#772);
#772 = CARTESIAN_POINT('',(44.5,30.,0.5));
#773 = LINE('',#774,#775);
#774 = CARTESIAN_POINT('',(44.5,30.,0.));
#775 = VECTOR('',#776,1.);
#776 = DIRECTION('',(0.,0.,1.));
#777 = ORIENTED_EDGE('',*,*,#778,.F.);
#778 = EDGE_CURVE('',#284,#771,#779,.T.);
#779 = LINE('',#780,#781);
#780 = CARTESIAN_POINT('',(0.,30.,0.5));
#781 = VECTOR('',#782,1.);
#782 = DIRECTION('',(1.,0.,-0.));
#783 = PLANE('',#784);
#784 = AXIS2_PLACEMENT_3D('',#785,#786,#787);
#785 = CARTESIAN_POINT('',(0.,30.,0.));
#786 = DIRECTION('',(-0.,1.,0.));
#787 = DIRECTION('',(0.,0.,1.));
#788 = ADVANCED_FACE('',(#789),#807,.T.);
#789 = FACE_BOUND('',#790,.T.);
#790 = EDGE_LOOP('',(#791,#792,#800,#806));
#791 = ORIENTED_EDGE('',*,*,#730,.F.);
#792 = ORIENTED_EDGE('',*,*,#793,.T.);
#793 = EDGE_CURVE('',#723,#794,#796,.T.);
#794 = VERTEX_POINT('',#795);
#795 = CARTESIAN_POINT('',(45.,0.5,14.5));
#796 = LINE('',#797,#798);
#797 = CARTESIAN_POINT('',(44.625,0.5,14.875));
#798 = VECTOR('',#799,1.);
#799 = DIRECTION('',(0.707106781187,-3.16256363491E-15,-0.707106781187)
  );
#800 = ORIENTED_EDGE('',*,*,#801,.T.);
#801 = EDGE_CURVE('',#794,#315,#802,.T.);
#802 = LINE('',#803,#804);
#803 = CARTESIAN_POINT('',(45.,0.,14.5));
#804 = VECTOR('',#805,1.);
#805 = DIRECTION('',(-0.,1.,0.));
#806 = ORIENTED_EDGE('',*,*,#322,.F.);
#807 = PLANE('',#808);
#808 = AXIS2_PLACEMENT_3D('',#809,#810,#811);
#809 = CARTESIAN_POINT('',(44.75,0.,14.75));
#810 = DIRECTION('',(0.707106781187,-1.889513820523E-18,0.707106781187)
  );
#811 = DIRECTION('',(1.336088035637E-18,1.,1.336088035637E-18));
#812 = ADVANCED_FACE('',(#813),#858,.T.);
#813 = FACE_BOUND('',#814,.T.);
#814 = EDGE_LOOP('',(#815,#823,#831,#839,#845,#846,#847,#848,#854,#855,
    #856,#857));
#815 = ORIENTED_EDGE('',*,*,#816,.F.);
#816 = EDGE_CURVE('',#817,#794,#819,.T.);
#817 = VERTEX_POINT('',#818);
#818 = CARTESIAN_POINT('',(45.,0.5,0.5));
#819 = LINE('',#820,#821);
#820 = CARTESIAN_POINT('',(45.,0.5,0.));
#821 = VECTOR('',#822,1.);
#822 = DIRECTION('',(0.,0.,1.));
#823 = ORIENTED_EDGE('',*,*,#824,.T.);
#824 = EDGE_CURVE('',#817,#825,#827,.T.);
#825 = VERTEX_POINT('',#826);
#826 = CARTESIAN_POINT('',(45.,29.5,0.5));
#827 = LINE('',#828,#829);
#828 = CARTESIAN_POINT('',(45.,0.,0.5));
#829 = VECTOR('',#830,1.);
#830 = DIRECTION('',(-0.,1.,0.));
#831 = ORIENTED_EDGE('',*,*,#832,.T.);
#832 = EDGE_CURVE('',#825,#833,#835,.T.);
#833 = VERTEX_POINT('',#834);
#834 = CARTESIAN_POINT('',(45.,29.5,14.5));
#835 = LINE('',#836,#837);
#836 = CARTESIAN_POINT('',(45.,29.5,0.));
#837 = VECTOR('',#838,1.);
#838 = DIRECTION('',(0.,0.,1.));
#839 = ORIENTED_EDGE('',*,*,#840,.F.);
#840 = EDGE_CURVE('',#419,#833,#841,.T.);
#841 = LINE('',#842,#843);
#842 = CARTESIAN_POINT('',(45.,0.,14.5));
#843 = VECTOR('',#844,1.);
#844 = DIRECTION('',(-0.,1.,0.));
#845 = ORIENTED_EDGE('',*,*,#426,.F.);
#846 = ORIENTED_EDGE('',*,*,#482,.F.);
#847 = ORIENTED_EDGE('',*,*,#530,.F.);
#848 = ORIENTED_EDGE('',*,*,#849,.F.);
#849 = EDGE_CURVE('',#459,#531,#850,.T.);
#850 = LINE('',#851,#852);
#851 = CARTESIAN_POINT('',(45.,0.,14.5));
#852 = VECTOR('',#853,1.);
#853 = DIRECTION('',(-0.,1.,0.));
#854 = ORIENTED_EDGE('',*,*,#466,.F.);
#855 = ORIENTED_EDGE('',*,*,#385,.F.);
#856 = ORIENTED_EDGE('',*,*,#314,.F.);
#857 = ORIENTED_EDGE('',*,*,#801,.F.);
#858 = PLANE('',#859);
#859 = AXIS2_PLACEMENT_3D('',#860,#861,#862);
#860 = CARTESIAN_POINT('',(45.,0.,0.));
#861 = DIRECTION('',(1.,0.,-0.));
#862 = DIRECTION('',(0.,0.,1.));
#863 = ADVANCED_FACE('',(#864),#882,.T.);
#864 = FACE_BOUND('',#865,.T.);
#865 = EDGE_LOOP('',(#866,#867,#868,#876));
#866 = ORIENTED_EDGE('',*,*,#345,.F.);
#867 = ORIENTED_EDGE('',*,*,#410,.F.);
#868 = ORIENTED_EDGE('',*,*,#869,.T.);
#869 = EDGE_CURVE('',#411,#870,#872,.T.);
#870 = VERTEX_POINT('',#871);
#871 = CARTESIAN_POINT('',(44.5,29.5,15.));
#872 = LINE('',#873,#874);
#873 = CARTESIAN_POINT('',(44.5,0.,15.));
#874 = VECTOR('',#875,1.);
#875 = DIRECTION('',(-0.,1.,0.));
#876 = ORIENTED_EDGE('',*,*,#877,.F.);
#877 = EDGE_CURVE('',#348,#870,#878,.T.);
#878 = LINE('',#879,#880);
#879 = CARTESIAN_POINT('',(0.,29.5,15.));
#880 = VECTOR('',#881,1.);
#881 = DIRECTION('',(1.,0.,-0.));
#882 = PLANE('',#883);
#883 = AXIS2_PLACEMENT_3D('',#884,#885,#886);
#884 = CARTESIAN_POINT('',(0.,0.,15.));
#885 = DIRECTION('',(0.,0.,1.));
#886 = DIRECTION('',(1.,0.,-0.));
#887 = ADVANCED_FACE('',(#888),#899,.T.);
#888 = FACE_BOUND('',#889,.T.);
#889 = EDGE_LOOP('',(#890,#891,#892,#893));
#890 = ORIENTED_EDGE('',*,*,#869,.F.);
#891 = ORIENTED_EDGE('',*,*,#418,.F.);
#892 = ORIENTED_EDGE('',*,*,#840,.T.);
#893 = ORIENTED_EDGE('',*,*,#894,.T.);
#894 = EDGE_CURVE('',#833,#870,#895,.T.);
#895 = LINE('',#896,#897);
#896 = CARTESIAN_POINT('',(44.75,29.5,14.75));
#897 = VECTOR('',#898,1.);
#898 = DIRECTION('',(-0.707106781187,-1.866532538061E-17,0.707106781187)
  );
#899 = PLANE('',#900);
#900 = AXIS2_PLACEMENT_3D('',#901,#902,#903);
#901 = CARTESIAN_POINT('',(44.75,0.,14.75));
#902 = DIRECTION('',(0.707106781187,-1.889513820523E-18,0.707106781187)
  );
#903 = DIRECTION('',(1.336088035637E-18,1.,1.336088035637E-18));
#904 = ADVANCED_FACE('',(#905),#916,.T.);
#905 = FACE_BOUND('',#906,.T.);
#906 = EDGE_LOOP('',(#907,#913,#914,#915));
#907 = ORIENTED_EDGE('',*,*,#908,.F.);
#908 = EDGE_CURVE('',#451,#539,#909,.T.);
#909 = LINE('',#910,#911);
#910 = CARTESIAN_POINT('',(44.5,0.,15.));
#911 = VECTOR('',#912,1.);
#912 = DIRECTION('',(-0.,1.,0.));
#913 = ORIENTED_EDGE('',*,*,#458,.F.);
#914 = ORIENTED_EDGE('',*,*,#849,.T.);
#915 = ORIENTED_EDGE('',*,*,#538,.F.);
#916 = PLANE('',#917);
#917 = AXIS2_PLACEMENT_3D('',#918,#919,#920);
#918 = CARTESIAN_POINT('',(44.75,0.,14.75));
#919 = DIRECTION('',(0.707106781187,-1.889513820523E-18,0.707106781187)
  );
#920 = DIRECTION('',(1.336088035637E-18,1.,1.336088035637E-18));
#921 = ADVANCED_FACE('',(#922),#928,.T.);
#922 = FACE_BOUND('',#923,.T.);
#923 = EDGE_LOOP('',(#924,#925,#926,#927));
#924 = ORIENTED_EDGE('',*,*,#504,.F.);
#925 = ORIENTED_EDGE('',*,*,#450,.F.);
#926 = ORIENTED_EDGE('',*,*,#908,.T.);
#927 = ORIENTED_EDGE('',*,*,#546,.F.);
#928 = PLANE('',#929);
#929 = AXIS2_PLACEMENT_3D('',#930,#931,#932);
#930 = CARTESIAN_POINT('',(0.,0.,15.));
#931 = DIRECTION('',(0.,0.,1.));
#932 = DIRECTION('',(1.,0.,-0.));
#933 = ADVANCED_FACE('',(#934),#937,.F.);
#934 = FACE_BOUND('',#935,.F.);
#935 = EDGE_LOOP('',(#936));
#936 = ORIENTED_EDGE('',*,*,#569,.T.);
#937 = PLANE('',#938);
#938 = AXIS2_PLACEMENT_3D('',#939,#940,#941);
#939 = CARTESIAN_POINT('',(6.,20.,7.5));
#940 = DIRECTION('',(1.,0.,0.));
#941 = DIRECTION('',(-0.,0.,1.));
#942 = ADVANCED_FACE('',(#943),#946,.F.);
#943 = FACE_BOUND('',#944,.F.);
#944 = EDGE_LOOP('',(#945));
#945 = ORIENTED_EDGE('',*,*,#594,.T.);
#946 = PLANE('',#947);
#947 = AXIS2_PLACEMENT_3D('',#948,#949,#950);
#948 = CARTESIAN_POINT('',(6.,10.,7.5));
#949 = DIRECTION('',(1.,0.,0.));
#950 = DIRECTION('',(-0.,0.,1.));
#951 = ADVANCED_FACE('',(#952),#963,.T.);
#952 = FACE_BOUND('',#953,.F.);
#953 = EDGE_LOOP('',(#954,#955,#956,#962));
#954 = ORIENTED_EDGE('',*,*,#612,.T.);
#955 = ORIENTED_EDGE('',*,*,#660,.T.);
#956 = ORIENTED_EDGE('',*,*,#957,.F.);
#957 = EDGE_CURVE('',#676,#653,#958,.T.);
#958 = LINE('',#959,#960);
#959 = CARTESIAN_POINT('',(44.5,0.375,0.125));
#960 = VECTOR('',#961,1.);
#961 = DIRECTION('',(-1.720341620123E-15,-0.707106781187,0.707106781187)
  );
#962 = ORIENTED_EDGE('',*,*,#675,.F.);
#963 = PLANE('',#964);
#964 = AXIS2_PLACEMENT_3D('',#965,#966,#967);
#965 = CARTESIAN_POINT('',(0.,0.25,0.25));
#966 = DIRECTION('',(-1.889513820523E-18,-0.707106781187,-0.707106781187
    ));
#967 = DIRECTION('',(-1.,1.336088035637E-18,1.336088035637E-18));
#968 = ADVANCED_FACE('',(#969),#980,.F.);
#969 = FACE_BOUND('',#970,.T.);
#970 = EDGE_LOOP('',(#971,#972,#973,#979));
#971 = ORIENTED_EDGE('',*,*,#628,.T.);
#972 = ORIENTED_EDGE('',*,*,#644,.T.);
#973 = ORIENTED_EDGE('',*,*,#974,.F.);
#974 = EDGE_CURVE('',#723,#645,#975,.T.);
#975 = LINE('',#976,#977);
#976 = CARTESIAN_POINT('',(44.5,0.375,14.875));
#977 = VECTOR('',#978,1.);
#978 = DIRECTION('',(2.532826657215E-16,-0.707106781187,-0.707106781187)
  );
#979 = ORIENTED_EDGE('',*,*,#722,.F.);
#980 = PLANE('',#981);
#981 = AXIS2_PLACEMENT_3D('',#982,#983,#984);
#982 = CARTESIAN_POINT('',(0.,0.25,14.75));
#983 = DIRECTION('',(1.889513820523E-18,0.707106781187,-0.707106781187)
  );
#984 = DIRECTION('',(-1.,1.336088035637E-18,-1.336088035637E-18));
#985 = ADVANCED_FACE('',(#986),#1002,.F.);
#986 = FACE_BOUND('',#987,.T.);
#987 = EDGE_LOOP('',(#988,#989,#995,#996));
#988 = ORIENTED_EDGE('',*,*,#816,.T.);
#989 = ORIENTED_EDGE('',*,*,#990,.T.);
#990 = EDGE_CURVE('',#794,#645,#991,.T.);
#991 = LINE('',#992,#993);
#992 = CARTESIAN_POINT('',(44.75,0.25,14.5));
#993 = VECTOR('',#994,1.);
#994 = DIRECTION('',(-0.707106781187,-0.707106781187,-2.865778704195E-15
    ));
#995 = ORIENTED_EDGE('',*,*,#652,.F.);
#996 = ORIENTED_EDGE('',*,*,#997,.F.);
#997 = EDGE_CURVE('',#817,#653,#998,.T.);
#998 = LINE('',#999,#1000);
#999 = CARTESIAN_POINT('',(44.75,0.25,0.5));
#1000 = VECTOR('',#1001,1.);
#1001 = DIRECTION('',(-0.707106781187,-0.707106781187,
    -2.067938632981E-15));
#1002 = PLANE('',#1003);
#1003 = AXIS2_PLACEMENT_3D('',#1004,#1005,#1006);
#1004 = CARTESIAN_POINT('',(44.75,0.25,0.));
#1005 = DIRECTION('',(-0.707106781187,0.707106781187,1.889513820523E-18)
  );
#1006 = DIRECTION('',(-1.336088035637E-18,1.336088035637E-18,-1.));
#1007 = ADVANCED_FACE('',(#1008),#1019,.F.);
#1008 = FACE_BOUND('',#1009,.T.);
#1009 = EDGE_LOOP('',(#1010,#1011,#1012,#1018));
#1010 = ORIENTED_EDGE('',*,*,#706,.T.);
#1011 = ORIENTED_EDGE('',*,*,#778,.T.);
#1012 = ORIENTED_EDGE('',*,*,#1013,.F.);
#1013 = EDGE_CURVE('',#684,#771,#1014,.T.);
#1014 = LINE('',#1015,#1016);
#1015 = CARTESIAN_POINT('',(44.5,29.625,0.125));
#1016 = VECTOR('',#1017,1.);
#1017 = DIRECTION('',(6.350440989062E-15,0.707106781187,0.707106781187)
  );
#1018 = ORIENTED_EDGE('',*,*,#691,.F.);
#1019 = PLANE('',#1020);
#1020 = AXIS2_PLACEMENT_3D('',#1021,#1022,#1023);
#1021 = CARTESIAN_POINT('',(0.,29.75,0.25));
#1022 = DIRECTION('',(1.889513820523E-18,-0.707106781187,0.707106781187)
  );
#1023 = DIRECTION('',(-1.,-1.336088035637E-18,1.336088035637E-18));
#1024 = ADVANCED_FACE('',(#1025),#1041,.F.);
#1025 = FACE_BOUND('',#1026,.F.);
#1026 = EDGE_LOOP('',(#1027,#1033,#1034,#1040));
#1027 = ORIENTED_EDGE('',*,*,#1028,.T.);
#1028 = EDGE_CURVE('',#676,#817,#1029,.T.);
#1029 = LINE('',#1030,#1031);
#1030 = CARTESIAN_POINT('',(44.625,0.5,0.125));
#1031 = VECTOR('',#1032,1.);
#1032 = DIRECTION('',(0.707106781187,3.817596673052E-15,0.707106781187)
  );
#1033 = ORIENTED_EDGE('',*,*,#824,.T.);
#1034 = ORIENTED_EDGE('',*,*,#1035,.F.);
#1035 = EDGE_CURVE('',#684,#825,#1036,.T.);
#1036 = LINE('',#1037,#1038);
#1037 = CARTESIAN_POINT('',(44.625,29.5,0.125));
#1038 = VECTOR('',#1039,1.);
#1039 = DIRECTION('',(0.707106781187,-2.180248052813E-15,0.707106781187)
  );
#1040 = ORIENTED_EDGE('',*,*,#683,.F.);
#1041 = PLANE('',#1042);
#1042 = AXIS2_PLACEMENT_3D('',#1043,#1044,#1045);
#1043 = CARTESIAN_POINT('',(44.75,0.,0.25));
#1044 = DIRECTION('',(-0.707106781187,1.889513820523E-18,0.707106781187)
  );
#1045 = DIRECTION('',(1.336088035637E-18,1.,-1.336088035637E-18));
#1046 = ADVANCED_FACE('',(#1047),#1058,.T.);
#1047 = FACE_BOUND('',#1048,.F.);
#1048 = EDGE_LOOP('',(#1049,#1050,#1051,#1057));
#1049 = ORIENTED_EDGE('',*,*,#746,.F.);
#1050 = ORIENTED_EDGE('',*,*,#762,.T.);
#1051 = ORIENTED_EDGE('',*,*,#1052,.T.);
#1052 = EDGE_CURVE('',#763,#870,#1053,.T.);
#1053 = LINE('',#1054,#1055);
#1054 = CARTESIAN_POINT('',(44.5,29.875,14.625));
#1055 = VECTOR('',#1056,1.);
#1056 = DIRECTION('',(-2.577334301237E-15,-0.707106781187,0.707106781187
    ));
#1057 = ORIENTED_EDGE('',*,*,#877,.F.);
#1058 = PLANE('',#1059);
#1059 = AXIS2_PLACEMENT_3D('',#1060,#1061,#1062);
#1060 = CARTESIAN_POINT('',(0.,29.75,14.75));
#1061 = DIRECTION('',(-1.889513820523E-18,0.707106781187,0.707106781187)
  );
#1062 = DIRECTION('',(-1.,-1.336088035637E-18,-1.336088035637E-18));
#1063 = ADVANCED_FACE('',(#1064),#1080,.T.);
#1064 = FACE_BOUND('',#1065,.F.);
#1065 = EDGE_LOOP('',(#1066,#1067,#1073,#1074));
#1066 = ORIENTED_EDGE('',*,*,#832,.T.);
#1067 = ORIENTED_EDGE('',*,*,#1068,.F.);
#1068 = EDGE_CURVE('',#763,#833,#1069,.T.);
#1069 = LINE('',#1070,#1071);
#1070 = CARTESIAN_POINT('',(44.625,29.875,14.5));
#1071 = VECTOR('',#1072,1.);
#1072 = DIRECTION('',(0.707106781187,-0.707106781187,-2.602171240851E-15
    ));
#1073 = ORIENTED_EDGE('',*,*,#770,.F.);
#1074 = ORIENTED_EDGE('',*,*,#1075,.F.);
#1075 = EDGE_CURVE('',#825,#771,#1076,.T.);
#1076 = LINE('',#1077,#1078);
#1077 = CARTESIAN_POINT('',(44.75,29.75,0.5));
#1078 = VECTOR('',#1079,1.);
#1079 = DIRECTION('',(-0.707106781187,0.707106781187,-8.597520756245E-15
    ));
#1080 = PLANE('',#1081);
#1081 = AXIS2_PLACEMENT_3D('',#1082,#1083,#1084);
#1082 = CARTESIAN_POINT('',(44.75,29.75,0.));
#1083 = DIRECTION('',(0.707106781187,0.707106781187,-1.889513820523E-18)
  );
#1084 = DIRECTION('',(-1.336088035637E-18,-1.336088035637E-18,-1.));
#1085 = ADVANCED_FACE('',(#1086),#1091,.T.);
#1086 = FACE_BOUND('',#1087,.T.);
#1087 = EDGE_LOOP('',(#1088,#1089,#1090));
#1088 = ORIENTED_EDGE('',*,*,#793,.F.);
#1089 = ORIENTED_EDGE('',*,*,#974,.T.);
#1090 = ORIENTED_EDGE('',*,*,#990,.F.);
#1091 = PLANE('',#1092);
#1092 = AXIS2_PLACEMENT_3D('',#1093,#1094,#1095);
#1093 = CARTESIAN_POINT('',(44.5,0.5,15.));
#1094 = DIRECTION('',(0.57735026919,-0.57735026919,0.57735026919));
#1095 = DIRECTION('',(-0.707106781187,-0.707106781187,
    -5.055386886037E-15));
#1096 = ADVANCED_FACE('',(#1097),#1102,.T.);
#1097 = FACE_BOUND('',#1098,.T.);
#1098 = EDGE_LOOP('',(#1099,#1100,#1101));
#1099 = ORIENTED_EDGE('',*,*,#1068,.F.);
#1100 = ORIENTED_EDGE('',*,*,#1052,.T.);
#1101 = ORIENTED_EDGE('',*,*,#894,.F.);
#1102 = PLANE('',#1103);
#1103 = AXIS2_PLACEMENT_3D('',#1104,#1105,#1106);
#1104 = CARTESIAN_POINT('',(44.5,30.,14.5));
#1105 = DIRECTION('',(0.57735026919,0.57735026919,0.57735026919));
#1106 = DIRECTION('',(-0.707106781187,4.986385617164E-15,0.707106781187)
  );
#1107 = ADVANCED_FACE('',(#1108),#1113,.F.);
#1108 = FACE_BOUND('',#1109,.F.);
#1109 = EDGE_LOOP('',(#1110,#1111,#1112));
#1110 = ORIENTED_EDGE('',*,*,#1028,.F.);
#1111 = ORIENTED_EDGE('',*,*,#957,.T.);
#1112 = ORIENTED_EDGE('',*,*,#997,.F.);
#1113 = PLANE('',#1114);
#1114 = AXIS2_PLACEMENT_3D('',#1115,#1116,#1117);
#1115 = CARTESIAN_POINT('',(44.5,0.5,-1.084773854196E-15));
#1116 = DIRECTION('',(-0.57735026919,0.57735026919,0.57735026919));
#1117 = DIRECTION('',(-0.707106781187,-0.707106781187,6.069781914204E-16
    ));
#1118 = ADVANCED_FACE('',(#1119),#1124,.T.);
#1119 = FACE_BOUND('',#1120,.T.);
#1120 = EDGE_LOOP('',(#1121,#1122,#1123));
#1121 = ORIENTED_EDGE('',*,*,#1035,.F.);
#1122 = ORIENTED_EDGE('',*,*,#1013,.T.);
#1123 = ORIENTED_EDGE('',*,*,#1075,.F.);
#1124 = PLANE('',#1125);
#1125 = AXIS2_PLACEMENT_3D('',#1126,#1127,#1128);
#1126 = CARTESIAN_POINT('',(44.5,29.5,-2.103347852875E-15));
#1127 = DIRECTION('',(0.57735026919,0.57735026919,-0.57735026919));
#1128 = DIRECTION('',(-0.707106781187,0.707106781187,-3.610782782772E-15
    ));
#1129 = ( GEOMETRIC_REPRESENTATION_CONTEXT(3) 
GLOBAL_UNCERTAINTY_ASSIGNED_CONTEXT((#1133)) 
GLOBAL_UNIT_ASSIGNED_CONTEXT((#1130,#1131,#1132)) REPRESENTATION_CONTEXT
('Context #1','3D Context with UNIT and UNCERTAINTY') );
#1130 = ( LENGTH_UNIT() NAMED_UNIT(*) SI_UNIT(.MILLI.,.METRE.) );
#1131 = ( NAMED_UNIT(*) PLANE_ANGLE_UNIT() SI_UNIT($,.RADIAN.) );
#1132 = ( NAMED_UNIT(*) SI_UNIT($,.STERADIAN.) SOLID_ANGLE_UNIT() );
#1133 = UNCERTAINTY_MEASURE_WITH_UNIT(LENGTH_MEASURE(1.E-07),#1130,
  'distance_accuracy_value','confusion accuracy');
#1134 = CONTEXT_DEPENDENT_SHAPE_REPRESENTATION(#1135,#1137);
#1135 = ( REPRESENTATION_RELATIONSHIP('','',#48,#10) 
REPRESENTATION_RELATIONSHIP_WITH_TRANSFORMATION(#1136) 
SHAPE_REPRESENTATION_RELATIONSHIP() );
#1136 = ITEM_DEFINED_TRANSFORMATION('','',#11,#15);
#1137 = PRODUCT_DEFINITION_SHAPE('Placement','Placement of an item',
  #1138);
#1138 = NEXT_ASSEMBLY_USAGE_OCCURRENCE('17','housing','',#5,#43,$);
#1139 = PRODUCT_RELATED_PRODUCT_CATEGORY('part',$,(#45));
#1140 = SHAPE_DEFINITION_REPRESENTATION(#1141,#1147);
#1141 = PRODUCT_DEFINITION_SHAPE('','',#1142);
#1142 = PRODUCT_DEFINITION('design','',#1143,#1146);
#1143 = PRODUCT_DEFINITION_FORMATION('','',#1144);
#1144 = PRODUCT('worm_shaft','worm_shaft','',(#1145));
#1145 = PRODUCT_CONTEXT('',#2,'mechanical');
#1146 = PRODUCT_DEFINITION_CONTEXT('part definition',#2,'design');
#1147 = SHAPE_REPRESENTATION('',(#11,#1148,#1201,#1254,#2554),#3900);
#1148 = MANIFOLD_SOLID_BREP('',#1149);
#1149 = CLOSED_SHELL('',(#1150,#1183,#1192));
#1150 = ADVANCED_FACE('',(#1151),#1178,.T.);
#1151 = FACE_BOUND('',#1152,.T.);
#1152 = EDGE_LOOP('',(#1153,#1162,#1170,#1177));
#1153 = ORIENTED_EDGE('',*,*,#1154,.F.);
#1154 = EDGE_CURVE('',#1155,#1155,#1157,.T.);
#1155 = VERTEX_POINT('',#1156);
#1156 = CARTESIAN_POINT('',(57.,15.,8.5));
#1157 = CIRCLE('',#1158,1.);
#1158 = AXIS2_PLACEMENT_3D('',#1159,#1160,#1161);
#1159 = CARTESIAN_POINT('',(57.,15.,7.5));
#1160 = DIRECTION('',(1.,0.,0.));
#1161 = DIRECTION('',(-0.,0.,1.));
#1162 = ORIENTED_EDGE('',*,*,#1163,.F.);
#1163 = EDGE_CURVE('',#1164,#1155,#1166,.T.);
#1164 = VERTEX_POINT('',#1165);
#1165 = CARTESIAN_POINT('',(45.,15.,8.5));
#1166 = LINE('',#1167,#1168);
#1167 = CARTESIAN_POINT('',(45.,15.,8.5));
#1168 = VECTOR('',#1169,1.);
#1169 = DIRECTION('',(1.,0.,0.));
#1170 = ORIENTED_EDGE('',*,*,#1171,.T.);
#1171 = EDGE_CURVE('',#1164,#1164,#1172,.T.);
#1172 = CIRCLE('',#1173,1.);
#1173 = AXIS2_PLACEMENT_3D('',#1174,#1175,#1176);
#1174 = CARTESIAN_POINT('',(45.,15.,7.5));
#1175 = DIRECTION('',(1.,0.,0.));
#1176 = DIRECTION('',(-0.,0.,1.));
#1177 = ORIENTED_EDGE('',*,*,#1163,.T.);
#1178 = CYLINDRICAL_SURFACE('',#1179,1.);
#1179 = AXIS2_PLACEMENT_3D('',#1180,#1181,#1182);
#1180 = CARTESIAN_POINT('',(45.,15.,7.5));
#1181 = DIRECTION('',(1.,0.,0.));
#1182 = DIRECTION('',(-0.,0.,1.));
#1183 = ADVANCED_FACE('',(#1184),#1187,.T.);
#1184 = FACE_BOUND('',#1185,.T.);
#1185 = EDGE_LOOP('',(#1186));
#1186 = ORIENTED_EDGE('',*,*,#1154,.T.);
#1187 = PLANE('',#1188);
#1188 = AXIS2_PLACEMENT_3D('',#1189,#1190,#1191);
#1189 = CARTESIAN_POINT('',(57.,15.,7.5));
#1190 = DIRECTION('',(1.,0.,0.));
#1191 = DIRECTION('',(-0.,0.,1.));
#1192 = ADVANCED_FACE('',(#1193),#1196,.F.);
#1193 = FACE_BOUND('',#1194,.T.);
#1194 = EDGE_LOOP('',(#1195));
#1195 = ORIENTED_EDGE('',*,*,#1171,.F.);
#1196 = PLANE('',#1197);
#1197 = AXIS2_PLACEMENT_3D('',#1198,#1199,#1200);
#1198 = CARTESIAN_POINT('',(45.,15.,7.5));
#1199 = DIRECTION('',(1.,0.,0.));
#1200 = DIRECTION('',(-0.,0.,1.));
#1201 = MANIFOLD_SOLID_BREP('',#1202);
#1202 = CLOSED_SHELL('',(#1203,#1236,#1245));
#1203 = ADVANCED_FACE('',(#1204),#1231,.T.);
#1204 = FACE_BOUND('',#1205,.T.);
#1205 = EDGE_LOOP('',(#1206,#1215,#1223,#1230));
#1206 = ORIENTED_EDGE('',*,*,#1207,.F.);
#1207 = EDGE_CURVE('',#1208,#1208,#1210,.T.);
#1208 = VERTEX_POINT('',#1209);
#1209 = CARTESIAN_POINT('',(57.,15.,4.81));
#1210 = CIRCLE('',#1211,2.69);
#1211 = AXIS2_PLACEMENT_3D('',#1212,#1213,#1214);
#1212 = CARTESIAN_POINT('',(57.,15.,7.5));
#1213 = DIRECTION('',(1.,-0.,1.110223024625E-16));
#1214 = DIRECTION('',(1.110223024625E-16,0.,-1.));
#1215 = ORIENTED_EDGE('',*,*,#1216,.F.);
#1216 = EDGE_CURVE('',#1217,#1208,#1219,.T.);
#1217 = VERTEX_POINT('',#1218);
#1218 = CARTESIAN_POINT('',(47.,15.,4.81));
#1219 = LINE('',#1220,#1221);
#1220 = CARTESIAN_POINT('',(47.,15.,4.81));
#1221 = VECTOR('',#1222,1.);
#1222 = DIRECTION('',(1.,0.,1.110223024625E-16));
#1223 = ORIENTED_EDGE('',*,*,#1224,.T.);
#1224 = EDGE_CURVE('',#1217,#1217,#1225,.T.);
#1225 = CIRCLE('',#1226,2.69);
#1226 = AXIS2_PLACEMENT_3D('',#1227,#1228,#1229);
#1227 = CARTESIAN_POINT('',(47.,15.,7.5));
#1228 = DIRECTION('',(1.,-0.,1.110223024625E-16));
#1229 = DIRECTION('',(1.110223024625E-16,0.,-1.));
#1230 = ORIENTED_EDGE('',*,*,#1216,.T.);
#1231 = CYLINDRICAL_SURFACE('',#1232,2.69);
#1232 = AXIS2_PLACEMENT_3D('',#1233,#1234,#1235);
#1233 = CARTESIAN_POINT('',(47.,15.,7.5));
#1234 = DIRECTION('',(1.,0.,1.110223024625E-16));
#1235 = DIRECTION('',(1.110223024625E-16,0.,-1.));
#1236 = ADVANCED_FACE('',(#1237),#1240,.T.);
#1237 = FACE_BOUND('',#1238,.T.);
#1238 = EDGE_LOOP('',(#1239));
#1239 = ORIENTED_EDGE('',*,*,#1207,.T.);
#1240 = PLANE('',#1241);
#1241 = AXIS2_PLACEMENT_3D('',#1242,#1243,#1244);
#1242 = CARTESIAN_POINT('',(57.,15.,7.5));
#1243 = DIRECTION('',(1.,0.,1.110223024625E-16));
#1244 = DIRECTION('',(1.110223024625E-16,0.,-1.));
#1245 = ADVANCED_FACE('',(#1246),#1249,.F.);
#1246 = FACE_BOUND('',#1247,.T.);
#1247 = EDGE_LOOP('',(#1248));
#1248 = ORIENTED_EDGE('',*,*,#1224,.F.);
#1249 = PLANE('',#1250);
#1250 = AXIS2_PLACEMENT_3D('',#1251,#1252,#1253);
#1251 = CARTESIAN_POINT('',(47.,15.,7.5));
#1252 = DIRECTION('',(1.,0.,1.110223024625E-16));
#1253 = DIRECTION('',(1.110223024625E-16,0.,-1.));
#1254 = MANIFOLD_SOLID_BREP('',#1255);
#1255 = CLOSED_SHELL('',(#1256,#1660,#2015,#2037,#2332,#2368));
#1256 = ADVANCED_FACE('',(#1257),#1481,.F.);
#1257 = FACE_BOUND('',#1258,.F.);
#1258 = EDGE_LOOP('',(#1259,#1355,#1382,#1476));
#1259 = ORIENTED_EDGE('',*,*,#1260,.F.);
#1260 = EDGE_CURVE('',#1261,#1263,#1265,.T.);
#1261 = VERTEX_POINT('',#1262);
#1262 = CARTESIAN_POINT('',(47.,13.459985839713,5.380355400096));
#1263 = VERTEX_POINT('',#1264);
#1264 = CARTESIAN_POINT('',(47.149999628979,15.000000033174,
    4.879995547544));
#1265 = B_SPLINE_CURVE_WITH_KNOTS('',11,(#1266,#1267,#1268,#1269,#1270,
    #1271,#1272,#1273,#1274,#1275,#1276,#1277,#1278,#1279,#1280,#1281,
    #1282,#1283,#1284,#1285,#1286,#1287,#1288,#1289,#1290,#1291,#1292,
    #1293,#1294,#1295,#1296,#1297,#1298,#1299,#1300,#1301,#1302,#1303,
    #1304,#1305,#1306,#1307,#1308,#1309,#1310,#1311,#1312,#1313,#1314,
    #1315,#1316,#1317,#1318,#1319,#1320,#1321,#1322,#1323,#1324,#1325,
    #1326,#1327,#1328,#1329,#1330,#1331,#1332,#1333,#1334,#1335,#1336,
    #1337,#1338,#1339,#1340,#1341,#1342,#1343,#1344,#1345,#1346,#1347,
    #1348,#1349,#1350,#1351,#1352,#1353,#1354),.UNSPECIFIED.,.F.,.F.,(12
    ,11,11,11,11,11,11,11,12),(0.,8.074692099815,16.149384199629,
    24.224076299444,32.298768399258,40.373460499073,48.448152598888,
    56.522844698702,64.597536798517),.PIECEWISE_BEZIER_KNOTS.);
#1266 = CARTESIAN_POINT('',(32.15,15.,4.88));
#1267 = CARTESIAN_POINT('',(32.320452260087,16.870674889019,
    4.87997216782));
#1268 = CARTESIAN_POINT('',(32.490917950372,18.742799088025,
    6.347109912783));
#1269 = CARTESIAN_POINT('',(32.661339559985,19.321088276596,
    9.302722734256));
#1270 = CARTESIAN_POINT('',(32.831861763906,17.38043786647,
    12.381177935719));
#1271 = CARTESIAN_POINT('',(33.00221405524,12.899218069501,
    13.419733724643));
#1272 = CARTESIAN_POINT('',(33.172785187923,9.079435218326,9.60142245366
    ));
#1273 = CARTESIAN_POINT('',(33.34313885997,10.119567898854,
    5.119229726371));
#1274 = CARTESIAN_POINT('',(33.513658848631,13.196815421235,
    3.179019261564));
#1275 = CARTESIAN_POINT('',(33.684082745714,16.153078542779,
    3.757183955637));
#1276 = CARTESIAN_POINT('',(33.854546652997,17.619985640381,
    5.629324806414));
#1277 = CARTESIAN_POINT('',(34.025,17.619999999997,7.5));
#1278 = CARTESIAN_POINT('',(34.195452260084,17.620027832194,
    9.370674889018));
#1279 = CARTESIAN_POINT('',(34.365917950381,16.152890087184,
    11.242799088034));
#1280 = CARTESIAN_POINT('',(34.536339559963,13.197277265801,
    11.821088276576));
#1281 = CARTESIAN_POINT('',(34.706861763946,10.118822064215,
    9.880437866496));
#1282 = CARTESIAN_POINT('',(34.877214055189,9.080266275406,5.39921806949
    ));
#1283 = CARTESIAN_POINT('',(35.047785187972,12.898577546324,
    1.579435218309));
#1284 = CARTESIAN_POINT('',(35.218138859935,17.38077027362,
    2.619567898888));
#1285 = CARTESIAN_POINT('',(35.38865884865,19.32098073845,5.696815421206
    ));
#1286 = CARTESIAN_POINT('',(35.559082745707,18.742816044356,
    8.653078542791));
#1287 = CARTESIAN_POINT('',(35.729546652998,16.870675193588,
    10.11998564038));
#1288 = CARTESIAN_POINT('',(35.9,15.,10.119999999994));
#1289 = CARTESIAN_POINT('',(36.070452260083,13.129325110983,
    10.120027832203));
#1290 = CARTESIAN_POINT('',(36.240917950387,11.257200911959,
    8.65289008716));
#1291 = CARTESIAN_POINT('',(36.411339559949,10.678911723446,
    5.697277265841));
#1292 = CARTESIAN_POINT('',(36.58186176397,12.619562133466,
    2.618822064165));
#1293 = CARTESIAN_POINT('',(36.752214055159,17.100781930555,
    1.58026627545));
#1294 = CARTESIAN_POINT('',(36.922785188,20.920564781653,5.3985775463));
#1295 = CARTESIAN_POINT('',(37.093138859915,19.880432101134,
    9.880770273626));
#1296 = CARTESIAN_POINT('',(37.26365884866,16.803184578783,
    11.820980738453));
#1297 = CARTESIAN_POINT('',(37.434082745704,13.846921457215,
    11.242816044353));
#1298 = CARTESIAN_POINT('',(37.604546652999,12.380014359614,
    9.370675193589));
#1299 = CARTESIAN_POINT('',(37.775000000001,12.380000000009,
    7.500000000001));
#1300 = CARTESIAN_POINT('',(37.945452260081,12.379972167784,
    5.629325110982));
#1301 = CARTESIAN_POINT('',(38.115917950395,13.847109912873,
    3.757200911959));
#1302 = CARTESIAN_POINT('',(38.286339559929,16.802722734097,
    3.178911723446));
#1303 = CARTESIAN_POINT('',(38.456861764002,19.881177935923,
    5.119562133476));
#1304 = CARTESIAN_POINT('',(38.627214055119,20.919733724454,
    9.600781930517));
#1305 = CARTESIAN_POINT('',(38.797785188036,17.101422453783,
    13.420564781725));
#1306 = CARTESIAN_POINT('',(38.96813885989,12.619229726319,
    12.380432101046));
#1307 = CARTESIAN_POINT('',(39.138658848672,10.679019261576,
    9.303184578859));
#1308 = CARTESIAN_POINT('',(39.309082745699,11.257183955635,
    6.346921457165));
#1309 = CARTESIAN_POINT('',(39.479546653,13.129324806414,4.88001435964)
  );
#1310 = CARTESIAN_POINT('',(39.65,15.,4.879999999999));
#1311 = CARTESIAN_POINT('',(39.820452260087,16.870674889018,
    4.879972167827));
#1312 = CARTESIAN_POINT('',(39.990917950368,18.742799088025,
    6.34710991276));
#1313 = CARTESIAN_POINT('',(40.161339559999,19.321088276602,
    9.302722734305));
#1314 = CARTESIAN_POINT('',(40.33186176388,17.380437866456,
    12.381177935644));
#1315 = CARTESIAN_POINT('',(40.502214055274,12.899218069518,
    13.419733724726));
#1316 = CARTESIAN_POINT('',(40.672785187889,9.079435218317,
    9.601422453592));
#1317 = CARTESIAN_POINT('',(40.843138859995,10.119567898851,
    5.119229726412));
#1318 = CARTESIAN_POINT('',(41.013658848617,13.196815421247,
    3.179019261545));
#1319 = CARTESIAN_POINT('',(41.184082745719,16.153078542768,
    3.757183955643));
#1320 = CARTESIAN_POINT('',(41.354546652996,17.619985640387,
    5.629324806413));
#1321 = CARTESIAN_POINT('',(41.525,17.619999999996,7.5));
#1322 = CARTESIAN_POINT('',(41.695452260082,17.620027832199,
    9.370674889018));
#1323 = CARTESIAN_POINT('',(41.865917950391,16.152890087171,
    11.242799088034));
#1324 = CARTESIAN_POINT('',(42.036339559938,13.197277265819,
    11.821088276576));
#1325 = CARTESIAN_POINT('',(42.20686176399,10.118822064202,
    9.880437866487));
#1326 = CARTESIAN_POINT('',(42.377214055128,9.080266275403,
    5.399218069517));
#1327 = CARTESIAN_POINT('',(42.547785188036,12.898577546343,
    1.579435218265));
#1328 = CARTESIAN_POINT('',(42.718138859884,17.380770273597,
    2.619567898938));
#1329 = CARTESIAN_POINT('',(42.888658848679,19.320980738465,
    5.696815421168));
#1330 = CARTESIAN_POINT('',(43.059082745696,18.74281604435,8.65307854281
    ));
#1331 = CARTESIAN_POINT('',(43.229546653001,16.870675193589,
    10.119985640376));
#1332 = CARTESIAN_POINT('',(43.400000000001,15.000000000001,
    10.119999999993));
#1333 = CARTESIAN_POINT('',(43.570452260081,13.129325110982,
    10.120027832205));
#1334 = CARTESIAN_POINT('',(43.740917950394,11.257200911966,
    8.652890087159));
#1335 = CARTESIAN_POINT('',(43.911339559932,10.678911723423,
    5.697277265838));
#1336 = CARTESIAN_POINT('',(44.081861764,12.619562133521,2.618822064177)
  );
#1337 = CARTESIAN_POINT('',(44.252214055117,17.10078193046,1.58026627543
    ));
#1338 = CARTESIAN_POINT('',(44.422785188043,20.920564781777,
    5.398577546321));
#1339 = CARTESIAN_POINT('',(44.593138859881,19.880432101013,
    9.880770273611));
#1340 = CARTESIAN_POINT('',(44.76365884868,16.803184578875,
    11.820980738459));
#1341 = CARTESIAN_POINT('',(44.934082745696,13.846921457161,
    11.242816044352));
#1342 = CARTESIAN_POINT('',(45.104546653001,12.38001435964,
    9.370675193589));
#1343 = CARTESIAN_POINT('',(45.275000000001,12.380000000001,7.5));
#1344 = CARTESIAN_POINT('',(45.445452226357,12.379972170837,
    5.629324706213));
#1345 = CARTESIAN_POINT('',(45.615918100255,13.847109899374,
    3.75720271066));
#1346 = CARTESIAN_POINT('',(45.786339154582,16.802722770526,
    3.178906858286));
#1347 = CARTESIAN_POINT('',(45.956862575983,19.881177863064,
    5.119571879001));
#1348 = CARTESIAN_POINT('',(46.127212765854,20.919733839995,
    9.60076645707));
#1349 = CARTESIAN_POINT('',(46.297786862277,17.101422303885,
    13.420584874896));
#1350 = CARTESIAN_POINT('',(46.468137054821,12.619229887824,
    12.380410438363));
#1351 = CARTESIAN_POINT('',(46.638660472801,10.679019116317,
    9.303204069683));
#1352 = CARTESIAN_POINT('',(46.80908152949,11.257184064391,
    6.346906861885));
#1353 = CARTESIAN_POINT('',(46.979547402416,13.129324739405,
    4.880023353046));
#1354 = CARTESIAN_POINT('',(47.149999628979,15.000000033174,
    4.879995547544));
#1355 = ORIENTED_EDGE('',*,*,#1356,.F.);
#1356 = EDGE_CURVE('',#1357,#1261,#1359,.T.);
#1357 = VERTEX_POINT('',#1358);
#1358 = CARTESIAN_POINT('',(47.,14.132948299087,10.371995384856));
#1359 = B_SPLINE_CURVE_WITH_KNOTS('',6,(#1360,#1361,#1362,#1363,#1364,
    #1365,#1366,#1367,#1368,#1369,#1370,#1371,#1372,#1373,#1374,#1375,
    #1376,#1377,#1378,#1379,#1380,#1381),.UNSPECIFIED.,.F.,.F.,(7,5,5,5,
    7),(0.,0.27854894567,0.53370924772,0.777507846683,1.),
  .UNSPECIFIED.);
#1360 = CARTESIAN_POINT('',(47.,14.132948299087,10.371995384856));
#1361 = CARTESIAN_POINT('',(47.,13.858286959982,10.27167360824));
#1362 = CARTESIAN_POINT('',(47.,13.595502303936,10.139217852666));
#1363 = CARTESIAN_POINT('',(47.,13.349563376779,9.976202449162));
#1364 = CARTESIAN_POINT('',(47.,13.124911325707,9.785193154667));
#1365 = CARTESIAN_POINT('',(47.,12.925600219552,9.569490231875));
#1366 = CARTESIAN_POINT('',(47.,12.598694771332,9.117196295927));
#1367 = CARTESIAN_POINT('',(47.,12.46641429753,8.88378431073));
#1368 = CARTESIAN_POINT('',(47.,12.360762986768,8.636511642982));
#1369 = CARTESIAN_POINT('',(47.,12.283619083433,8.379105060575));
#1370 = CARTESIAN_POINT('',(47.,12.236287979586,8.115609664515));
#1371 = CARTESIAN_POINT('',(47.,12.202874870141,7.597090494454));
#1372 = CARTESIAN_POINT('',(47.,12.214152798872,7.342112836173));
#1373 = CARTESIAN_POINT('',(47.,12.253449961963,7.089383205797));
#1374 = CARTESIAN_POINT('',(47.,12.320412853147,6.842733181152));
#1375 = CARTESIAN_POINT('',(47.,12.414086601219,6.60596283081));
#1376 = CARTESIAN_POINT('',(47.,12.640889473414,6.179033173326));
#1377 = CARTESIAN_POINT('',(47.,12.769889412231,5.986543493198));
#1378 = CARTESIAN_POINT('',(47.,12.918323572424,5.808079066286));
#1379 = CARTESIAN_POINT('',(47.,13.084370119558,5.646132566623));
#1380 = CARTESIAN_POINT('',(47.,13.265823895796,5.502943971721));
#1381 = CARTESIAN_POINT('',(47.,13.459985839714,5.380355400096));
#1382 = ORIENTED_EDGE('',*,*,#1383,.T.);
#1383 = EDGE_CURVE('',#1357,#1384,#1386,.T.);
#1384 = VERTEX_POINT('',#1385);
#1385 = CARTESIAN_POINT('',(47.680002448852,14.999999781041,
    4.499999480556));
#1386 = B_SPLINE_CURVE_WITH_KNOTS('',11,(#1387,#1388,#1389,#1390,#1391,
    #1392,#1393,#1394,#1395,#1396,#1397,#1398,#1399,#1400,#1401,#1402,
    #1403,#1404,#1405,#1406,#1407,#1408,#1409,#1410,#1411,#1412,#1413,
    #1414,#1415,#1416,#1417,#1418,#1419,#1420,#1421,#1422,#1423,#1424,
    #1425,#1426,#1427,#1428,#1429,#1430,#1431,#1432,#1433,#1434,#1435,
    #1436,#1437,#1438,#1439,#1440,#1441,#1442,#1443,#1444,#1445,#1446,
    #1447,#1448,#1449,#1450,#1451,#1452,#1453,#1454,#1455,#1456,#1457,
    #1458,#1459,#1460,#1461,#1462,#1463,#1464,#1465,#1466,#1467,#1468,
    #1469,#1470,#1471,#1472,#1473,#1474,#1475),.UNSPECIFIED.,.F.,.F.,(12
    ,11,11,11,11,11,11,11,12),(0.,8.074692099815,16.149384199629,
    24.224076299444,32.298768399258,40.373460499073,48.448152598888,
    56.522844698702,64.597536798517),.PIECEWISE_BEZIER_KNOTS.);
#1387 = CARTESIAN_POINT('',(32.68,15.,4.5));
#1388 = CARTESIAN_POINT('',(32.850469628871,17.1420078104,4.499996773168
    ));
#1389 = CARTESIAN_POINT('',(33.020850618398,19.285570589472,
    6.179777457111));
#1390 = CARTESIAN_POINT('',(33.191522542248,19.947978964238,
    9.564518499877));
#1391 = CARTESIAN_POINT('',(33.361530533221,17.725464395152,
    13.088502062345));
#1392 = CARTESIAN_POINT('',(33.532659977308,12.594676310678,
    14.279153940351));
#1393 = CARTESIAN_POINT('',(33.702345012322,8.220750057501,
    9.905397913867));
#1394 = CARTESIAN_POINT('',(33.873465361341,9.411584260202,
    4.774498323796));
#1395 = CARTESIAN_POINT('',(34.043487950591,12.935427495056,
    2.552032759613));
#1396 = CARTESIAN_POINT('',(34.214144792392,16.320244120695,
    3.214428064689));
#1397 = CARTESIAN_POINT('',(34.384537543717,17.99999816569,
    5.357991481155));
#1398 = CARTESIAN_POINT('',(34.554999999998,18.,7.5));
#1399 = CARTESIAN_POINT('',(34.725469628877,18.000003226833,
    9.642007810398));
#1400 = CARTESIAN_POINT('',(34.895850618387,16.320222542886,
    11.785570589475));
#1401 = CARTESIAN_POINT('',(35.066522542261,12.935481500127,
    12.447978964233));
#1402 = CARTESIAN_POINT('',(35.236530533211,9.41149793765,
    10.225464395154));
#1403 = CARTESIAN_POINT('',(35.407659977313,8.220846059654,
    5.094676310685));
#1404 = CARTESIAN_POINT('',(35.577345012321,12.594602086132,
    0.720750057485));
#1405 = CARTESIAN_POINT('',(35.748465361341,17.725501676202,
    1.91158426022));
#1406 = CARTESIAN_POINT('',(35.918487950591,19.94796724039,
    5.435427495043));
#1407 = CARTESIAN_POINT('',(36.089144792392,19.285571935308,8.8202441207
    ));
#1408 = CARTESIAN_POINT('',(36.259537543718,17.142008518846,
    10.499998165689));
#1409 = CARTESIAN_POINT('',(36.429999999996,15.,10.499999999999));
#1410 = CARTESIAN_POINT('',(36.600469628881,12.857992189602,
    10.500003226834));
#1411 = CARTESIAN_POINT('',(36.770850618381,10.714429410524,
    8.820222542882));
#1412 = CARTESIAN_POINT('',(36.941522542268,10.052021035771,
    5.435481500135));
#1413 = CARTESIAN_POINT('',(37.111530533207,12.274535604837,
    1.911497937637));
#1414 = CARTESIAN_POINT('',(37.282659977311,17.40532368933,
    0.720846059668));
#1415 = CARTESIAN_POINT('',(37.452345012327,21.779249942499,
    5.094602086121));
#1416 = CARTESIAN_POINT('',(37.623465361334,20.588415739793,
    10.225501676208));
#1417 = CARTESIAN_POINT('',(37.793487950597,17.06457250495,
    12.447967240389));
#1418 = CARTESIAN_POINT('',(37.964144792387,13.679755879303,
    11.785571935307));
#1419 = CARTESIAN_POINT('',(38.134537543721,12.00000183431,
    9.642008518848));
#1420 = CARTESIAN_POINT('',(38.304999999994,12.000000000001,
    7.499999999999));
#1421 = CARTESIAN_POINT('',(38.475469628888,11.999996773165,
    5.357992189602));
#1422 = CARTESIAN_POINT('',(38.645850618367,13.679777457123,
    3.214429410523));
#1423 = CARTESIAN_POINT('',(38.816522542292,17.064518499852,
    2.55202103577));
#1424 = CARTESIAN_POINT('',(38.986530533172,20.588502062388,
    4.774535604843));
#1425 = CARTESIAN_POINT('',(39.157659977355,21.779153940292,
    9.905323689317));
#1426 = CARTESIAN_POINT('',(39.327345012277,17.405397913926,
    14.279249942516));
#1427 = CARTESIAN_POINT('',(39.498465361384,12.274498323751,
    13.088415739777));
#1428 = CARTESIAN_POINT('',(39.668487950555,10.052032759637,
    9.564572504961));
#1429 = CARTESIAN_POINT('',(39.839144792416,10.714428064681,
    6.179755879297));
#1430 = CARTESIAN_POINT('',(40.009537543706,12.857991481156,
    4.500001834312));
#1431 = CARTESIAN_POINT('',(40.180000000001,15.,4.5));
#1432 = CARTESIAN_POINT('',(40.350469628868,17.142007810398,
    4.49999677317));
#1433 = CARTESIAN_POINT('',(40.520850618405,19.285570589476,
    6.179777457103));
#1434 = CARTESIAN_POINT('',(40.69152254224,19.947978964233,
    9.564518499899));
#1435 = CARTESIAN_POINT('',(40.861530533226,17.725464395155,
    13.088502062304));
#1436 = CARTESIAN_POINT('',(41.032659977307,12.59467631068,
    14.279153940406));
#1437 = CARTESIAN_POINT('',(41.202345012321,8.220750057494,
    9.905397913812));
#1438 = CARTESIAN_POINT('',(41.37346536134,9.411584260208,4.774498323837
    ));
#1439 = CARTESIAN_POINT('',(41.543487950594,12.935427495054,
    2.552032759591));
#1440 = CARTESIAN_POINT('',(41.714144792389,16.320244120694,
    3.214428064697));
#1441 = CARTESIAN_POINT('',(41.884537543719,17.999998165691,
    5.357991481153));
#1442 = CARTESIAN_POINT('',(42.054999999997,17.999999999999,7.5));
#1443 = CARTESIAN_POINT('',(42.225469628879,18.000003226833,
    9.642007810397));
#1444 = CARTESIAN_POINT('',(42.395850618385,16.320222542887,
    11.78557058948));
#1445 = CARTESIAN_POINT('',(42.566522542261,12.935481500123,
    12.447978964222));
#1446 = CARTESIAN_POINT('',(42.736530533212,9.411497937654,
    10.225464395172));
#1447 = CARTESIAN_POINT('',(42.907659977309,8.220846059654,
    5.094676310662));
#1448 = CARTESIAN_POINT('',(43.077345012323,12.594602086125,
    0.720750057506));
#1449 = CARTESIAN_POINT('',(43.248465361342,17.725501676212,
    1.911584260206));
#1450 = CARTESIAN_POINT('',(43.418487950587,19.947967240384,
    5.43542749505));
#1451 = CARTESIAN_POINT('',(43.589144792395,19.28557193531,
    8.820244120698));
#1452 = CARTESIAN_POINT('',(43.759537543717,17.142008518848,
    10.49999816569));
#1453 = CARTESIAN_POINT('',(43.929999999996,14.999999999999,
    10.499999999999));
#1454 = CARTESIAN_POINT('',(44.100469628881,12.857992189603,
    10.500003226833));
#1455 = CARTESIAN_POINT('',(44.270850618383,10.714429410521,
    8.820222542886));
#1456 = CARTESIAN_POINT('',(44.441522542263,10.052021035775,
    5.435481500127));
#1457 = CARTESIAN_POINT('',(44.611530533211,12.274535604836,
    1.911497937644));
#1458 = CARTESIAN_POINT('',(44.782659977314,17.405323689324,
    0.720846059669));
#1459 = CARTESIAN_POINT('',(44.952345012313,21.779249942513,
    5.094602086108));
#1460 = CARTESIAN_POINT('',(45.123465361359,20.588415739776,
    10.225501676225));
#1461 = CARTESIAN_POINT('',(45.293487950569,17.064572504963,
    12.447967240376));
#1462 = CARTESIAN_POINT('',(45.46414479241,13.679755879296,
    11.785571935313));
#1463 = CARTESIAN_POINT('',(45.634537543707,12.000001834313,
    9.642008518846));
#1464 = CARTESIAN_POINT('',(45.805,12.,7.5));
#1465 = CARTESIAN_POINT('',(45.975469851494,11.999996753264,
    5.357992142379));
#1466 = CARTESIAN_POINT('',(46.14584962912,13.67977754556,3.214429620368
    ));
#1467 = CARTESIAN_POINT('',(46.316525218066,17.064518260641,
    2.552020468181));
#1468 = CARTESIAN_POINT('',(46.486525173207,20.588502541568,
    4.774536741795));
#1469 = CARTESIAN_POINT('',(46.657668487695,21.779153179454,
    9.905321884122));
#1470 = CARTESIAN_POINT('',(46.827333961053,17.405398901952,
    14.27925228667));
#1471 = CARTESIAN_POINT('',(46.998477275868,12.274497258512,
    13.088413212514));
#1472 = CARTESIAN_POINT('',(47.168477230586,10.052033718105,
    9.564574778846));
#1473 = CARTESIAN_POINT('',(47.33915281983,10.714427346938,
    6.179754176547));
#1474 = CARTESIAN_POINT('',(47.509532597329,12.857991923424,
    4.500002883524));
#1475 = CARTESIAN_POINT('',(47.680002448852,14.999999781041,
    4.499999480556));
#1476 = ORIENTED_EDGE('',*,*,#1477,.F.);
#1477 = EDGE_CURVE('',#1263,#1384,#1478,.T.);
#1478 = B_SPLINE_CURVE_WITH_KNOTS('',1,(#1479,#1480),.UNSPECIFIED.,.F.,
  .F.,(2,2),(0.,0.652150289427),.PIECEWISE_BEZIER_KNOTS.);
#1479 = CARTESIAN_POINT('',(47.149999628979,15.000000033174,
    4.879995547544));
#1480 = CARTESIAN_POINT('',(47.680002448852,14.999999781041,
    4.499999480556));
#1481 = B_SPLINE_SURFACE_WITH_KNOTS('',1,11,(
    (#1482,#1483,#1484,#1485,#1486,#1487,#1488,#1489,#1490,#1491,#1492
      ,#1493,#1494,#1495,#1496,#1497,#1498,#1499,#1500,#1501,#1502,#1503
      ,#1504,#1505,#1506,#1507,#1508,#1509,#1510,#1511,#1512,#1513,#1514
      ,#1515,#1516,#1517,#1518,#1519,#1520,#1521,#1522,#1523,#1524,#1525
      ,#1526,#1527,#1528,#1529,#1530,#1531,#1532,#1533,#1534,#1535,#1536
      ,#1537,#1538,#1539,#1540,#1541,#1542,#1543,#1544,#1545,#1546,#1547
      ,#1548,#1549,#1550,#1551,#1552,#1553,#1554,#1555,#1556,#1557,#1558
      ,#1559,#1560,#1561,#1562,#1563,#1564,#1565,#1566,#1567,#1568,#1569
      ,#1570)
    ,(#1571,#1572,#1573,#1574,#1575,#1576,#1577,#1578,#1579,#1580,#1581
      ,#1582,#1583,#1584,#1585,#1586,#1587,#1588,#1589,#1590,#1591,#1592
      ,#1593,#1594,#1595,#1596,#1597,#1598,#1599,#1600,#1601,#1602,#1603
      ,#1604,#1605,#1606,#1607,#1608,#1609,#1610,#1611,#1612,#1613,#1614
      ,#1615,#1616,#1617,#1618,#1619,#1620,#1621,#1622,#1623,#1624,#1625
      ,#1626,#1627,#1628,#1629,#1630,#1631,#1632,#1633,#1634,#1635,#1636
      ,#1637,#1638,#1639,#1640,#1641,#1642,#1643,#1644,#1645,#1646,#1647
      ,#1648,#1649,#1650,#1651,#1652,#1653,#1654,#1655,#1656,#1657,#1658
      ,#1659
    )),.UNSPECIFIED.,.F.,.F.,.F.,(2,2),(12,11,11,11,11,11,11,11,12),(0.,
    0.652150289427),(0.,8.074692099815,16.149384199629,24.224076299444,
    32.298768399258,40.373460499073,48.448152598888,56.522844698702,
    64.597536798517),.PIECEWISE_BEZIER_KNOTS.);
#1482 = CARTESIAN_POINT('',(32.15,15.,4.88));
#1483 = CARTESIAN_POINT('',(32.320452260087,16.870674889019,
    4.87997216782));
#1484 = CARTESIAN_POINT('',(32.490917950372,18.742799088025,
    6.347109912783));
#1485 = CARTESIAN_POINT('',(32.661339559985,19.321088276596,
    9.302722734256));
#1486 = CARTESIAN_POINT('',(32.831861763906,17.38043786647,
    12.381177935719));
#1487 = CARTESIAN_POINT('',(33.00221405524,12.899218069501,
    13.419733724643));
#1488 = CARTESIAN_POINT('',(33.172785187923,9.079435218326,9.60142245366
    ));
#1489 = CARTESIAN_POINT('',(33.34313885997,10.119567898854,
    5.119229726371));
#1490 = CARTESIAN_POINT('',(33.513658848631,13.196815421235,
    3.179019261564));
#1491 = CARTESIAN_POINT('',(33.684082745714,16.153078542779,
    3.757183955637));
#1492 = CARTESIAN_POINT('',(33.854546652997,17.619985640381,
    5.629324806414));
#1493 = CARTESIAN_POINT('',(34.025,17.619999999997,7.5));
#1494 = CARTESIAN_POINT('',(34.195452260084,17.620027832194,
    9.370674889018));
#1495 = CARTESIAN_POINT('',(34.365917950381,16.152890087184,
    11.242799088034));
#1496 = CARTESIAN_POINT('',(34.536339559963,13.197277265801,
    11.821088276576));
#1497 = CARTESIAN_POINT('',(34.706861763946,10.118822064215,
    9.880437866496));
#1498 = CARTESIAN_POINT('',(34.877214055189,9.080266275406,5.39921806949
    ));
#1499 = CARTESIAN_POINT('',(35.047785187972,12.898577546324,
    1.579435218309));
#1500 = CARTESIAN_POINT('',(35.218138859935,17.38077027362,
    2.619567898888));
#1501 = CARTESIAN_POINT('',(35.38865884865,19.32098073845,5.696815421206
    ));
#1502 = CARTESIAN_POINT('',(35.559082745707,18.742816044356,
    8.653078542791));
#1503 = CARTESIAN_POINT('',(35.729546652998,16.870675193588,
    10.11998564038));
#1504 = CARTESIAN_POINT('',(35.9,15.,10.119999999994));
#1505 = CARTESIAN_POINT('',(36.070452260083,13.129325110983,
    10.120027832203));
#1506 = CARTESIAN_POINT('',(36.240917950387,11.257200911959,
    8.65289008716));
#1507 = CARTESIAN_POINT('',(36.411339559949,10.678911723446,
    5.697277265841));
#1508 = CARTESIAN_POINT('',(36.58186176397,12.619562133466,
    2.618822064165));
#1509 = CARTESIAN_POINT('',(36.752214055159,17.100781930555,
    1.58026627545));
#1510 = CARTESIAN_POINT('',(36.922785188,20.920564781653,5.3985775463));
#1511 = CARTESIAN_POINT('',(37.093138859915,19.880432101134,
    9.880770273626));
#1512 = CARTESIAN_POINT('',(37.26365884866,16.803184578783,
    11.820980738453));
#1513 = CARTESIAN_POINT('',(37.434082745704,13.846921457215,
    11.242816044353));
#1514 = CARTESIAN_POINT('',(37.604546652999,12.380014359614,
    9.370675193589));
#1515 = CARTESIAN_POINT('',(37.775000000001,12.380000000009,
    7.500000000001));
#1516 = CARTESIAN_POINT('',(37.945452260081,12.379972167784,
    5.629325110982));
#1517 = CARTESIAN_POINT('',(38.115917950395,13.847109912873,
    3.757200911959));
#1518 = CARTESIAN_POINT('',(38.286339559929,16.802722734097,
    3.178911723446));
#1519 = CARTESIAN_POINT('',(38.456861764002,19.881177935923,
    5.119562133476));
#1520 = CARTESIAN_POINT('',(38.627214055119,20.919733724454,
    9.600781930517));
#1521 = CARTESIAN_POINT('',(38.797785188036,17.101422453783,
    13.420564781725));
#1522 = CARTESIAN_POINT('',(38.96813885989,12.619229726319,
    12.380432101046));
#1523 = CARTESIAN_POINT('',(39.138658848672,10.679019261576,
    9.303184578859));
#1524 = CARTESIAN_POINT('',(39.309082745699,11.257183955635,
    6.346921457165));
#1525 = CARTESIAN_POINT('',(39.479546653,13.129324806414,4.88001435964)
  );
#1526 = CARTESIAN_POINT('',(39.65,15.,4.879999999999));
#1527 = CARTESIAN_POINT('',(39.820452260087,16.870674889018,
    4.879972167827));
#1528 = CARTESIAN_POINT('',(39.990917950368,18.742799088025,
    6.34710991276));
#1529 = CARTESIAN_POINT('',(40.161339559999,19.321088276602,
    9.302722734305));
#1530 = CARTESIAN_POINT('',(40.33186176388,17.380437866456,
    12.381177935644));
#1531 = CARTESIAN_POINT('',(40.502214055274,12.899218069518,
    13.419733724726));
#1532 = CARTESIAN_POINT('',(40.672785187889,9.079435218317,
    9.601422453592));
#1533 = CARTESIAN_POINT('',(40.843138859995,10.119567898851,
    5.119229726412));
#1534 = CARTESIAN_POINT('',(41.013658848617,13.196815421247,
    3.179019261545));
#1535 = CARTESIAN_POINT('',(41.184082745719,16.153078542768,
    3.757183955643));
#1536 = CARTESIAN_POINT('',(41.354546652996,17.619985640387,
    5.629324806413));
#1537 = CARTESIAN_POINT('',(41.525,17.619999999996,7.5));
#1538 = CARTESIAN_POINT('',(41.695452260082,17.620027832199,
    9.370674889018));
#1539 = CARTESIAN_POINT('',(41.865917950391,16.152890087171,
    11.242799088034));
#1540 = CARTESIAN_POINT('',(42.036339559938,13.197277265819,
    11.821088276576));
#1541 = CARTESIAN_POINT('',(42.20686176399,10.118822064202,
    9.880437866487));
#1542 = CARTESIAN_POINT('',(42.377214055128,9.080266275403,
    5.399218069517));
#1543 = CARTESIAN_POINT('',(42.547785188036,12.898577546343,
    1.579435218265));
#1544 = CARTESIAN_POINT('',(42.718138859884,17.380770273597,
    2.619567898938));
#1545 = CARTESIAN_POINT('',(42.888658848679,19.320980738465,
    5.696815421168));
#1546 = CARTESIAN_POINT('',(43.059082745696,18.74281604435,8.65307854281
    ));
#1547 = CARTESIAN_POINT('',(43.229546653001,16.870675193589,
    10.119985640376));
#1548 = CARTESIAN_POINT('',(43.400000000001,15.000000000001,
    10.119999999993));
#1549 = CARTESIAN_POINT('',(43.570452260081,13.129325110982,
    10.120027832205));
#1550 = CARTESIAN_POINT('',(43.740917950394,11.257200911966,
    8.652890087159));
#1551 = CARTESIAN_POINT('',(43.911339559932,10.678911723423,
    5.697277265838));
#1552 = CARTESIAN_POINT('',(44.081861764,12.619562133521,2.618822064177)
  );
#1553 = CARTESIAN_POINT('',(44.252214055117,17.10078193046,1.58026627543
    ));
#1554 = CARTESIAN_POINT('',(44.422785188043,20.920564781777,
    5.398577546321));
#1555 = CARTESIAN_POINT('',(44.593138859881,19.880432101013,
    9.880770273611));
#1556 = CARTESIAN_POINT('',(44.76365884868,16.803184578875,
    11.820980738459));
#1557 = CARTESIAN_POINT('',(44.934082745696,13.846921457161,
    11.242816044352));
#1558 = CARTESIAN_POINT('',(45.104546653001,12.38001435964,
    9.370675193589));
#1559 = CARTESIAN_POINT('',(45.275000000001,12.380000000001,7.5));
#1560 = CARTESIAN_POINT('',(45.445452226357,12.379972170837,
    5.629324706213));
#1561 = CARTESIAN_POINT('',(45.615918100255,13.847109899374,
    3.75720271066));
#1562 = CARTESIAN_POINT('',(45.786339154582,16.802722770526,
    3.178906858286));
#1563 = CARTESIAN_POINT('',(45.956862575983,19.881177863064,
    5.119571879001));
#1564 = CARTESIAN_POINT('',(46.127212765854,20.919733839995,
    9.60076645707));
#1565 = CARTESIAN_POINT('',(46.297786862277,17.101422303885,
    13.420584874896));
#1566 = CARTESIAN_POINT('',(46.468137054821,12.619229887824,
    12.380410438363));
#1567 = CARTESIAN_POINT('',(46.638660472801,10.679019116317,
    9.303204069683));
#1568 = CARTESIAN_POINT('',(46.80908152949,11.257184064391,
    6.346906861885));
#1569 = CARTESIAN_POINT('',(46.979547402416,13.129324739405,
    4.880023353046));
#1570 = CARTESIAN_POINT('',(47.149999628979,15.000000033174,
    4.879995547544));
#1571 = CARTESIAN_POINT('',(32.68,15.,4.5));
#1572 = CARTESIAN_POINT('',(32.850469628871,17.1420078104,4.499996773168
    ));
#1573 = CARTESIAN_POINT('',(33.020850618398,19.285570589472,
    6.179777457111));
#1574 = CARTESIAN_POINT('',(33.191522542248,19.947978964238,
    9.564518499877));
#1575 = CARTESIAN_POINT('',(33.361530533221,17.725464395152,
    13.088502062345));
#1576 = CARTESIAN_POINT('',(33.532659977308,12.594676310678,
    14.279153940351));
#1577 = CARTESIAN_POINT('',(33.702345012322,8.220750057501,
    9.905397913867));
#1578 = CARTESIAN_POINT('',(33.873465361341,9.411584260202,
    4.774498323796));
#1579 = CARTESIAN_POINT('',(34.043487950591,12.935427495056,
    2.552032759613));
#1580 = CARTESIAN_POINT('',(34.214144792392,16.320244120695,
    3.214428064689));
#1581 = CARTESIAN_POINT('',(34.384537543717,17.99999816569,
    5.357991481155));
#1582 = CARTESIAN_POINT('',(34.554999999998,18.,7.5));
#1583 = CARTESIAN_POINT('',(34.725469628877,18.000003226833,
    9.642007810398));
#1584 = CARTESIAN_POINT('',(34.895850618387,16.320222542886,
    11.785570589475));
#1585 = CARTESIAN_POINT('',(35.066522542261,12.935481500127,
    12.447978964233));
#1586 = CARTESIAN_POINT('',(35.236530533211,9.41149793765,
    10.225464395154));
#1587 = CARTESIAN_POINT('',(35.407659977313,8.220846059654,
    5.094676310685));
#1588 = CARTESIAN_POINT('',(35.577345012321,12.594602086132,
    0.720750057485));
#1589 = CARTESIAN_POINT('',(35.748465361341,17.725501676202,
    1.91158426022));
#1590 = CARTESIAN_POINT('',(35.918487950591,19.94796724039,
    5.435427495043));
#1591 = CARTESIAN_POINT('',(36.089144792392,19.285571935308,8.8202441207
    ));
#1592 = CARTESIAN_POINT('',(36.259537543718,17.142008518846,
    10.499998165689));
#1593 = CARTESIAN_POINT('',(36.429999999996,15.,10.499999999999));
#1594 = CARTESIAN_POINT('',(36.600469628881,12.857992189602,
    10.500003226834));
#1595 = CARTESIAN_POINT('',(36.770850618381,10.714429410524,
    8.820222542882));
#1596 = CARTESIAN_POINT('',(36.941522542268,10.052021035771,
    5.435481500135));
#1597 = CARTESIAN_POINT('',(37.111530533207,12.274535604837,
    1.911497937637));
#1598 = CARTESIAN_POINT('',(37.282659977311,17.40532368933,
    0.720846059668));
#1599 = CARTESIAN_POINT('',(37.452345012327,21.779249942499,
    5.094602086121));
#1600 = CARTESIAN_POINT('',(37.623465361334,20.588415739793,
    10.225501676208));
#1601 = CARTESIAN_POINT('',(37.793487950597,17.06457250495,
    12.447967240389));
#1602 = CARTESIAN_POINT('',(37.964144792387,13.679755879303,
    11.785571935307));
#1603 = CARTESIAN_POINT('',(38.134537543721,12.00000183431,
    9.642008518848));
#1604 = CARTESIAN_POINT('',(38.304999999994,12.000000000001,
    7.499999999999));
#1605 = CARTESIAN_POINT('',(38.475469628888,11.999996773165,
    5.357992189602));
#1606 = CARTESIAN_POINT('',(38.645850618367,13.679777457123,
    3.214429410523));
#1607 = CARTESIAN_POINT('',(38.816522542292,17.064518499852,
    2.55202103577));
#1608 = CARTESIAN_POINT('',(38.986530533172,20.588502062388,
    4.774535604843));
#1609 = CARTESIAN_POINT('',(39.157659977355,21.779153940292,
    9.905323689317));
#1610 = CARTESIAN_POINT('',(39.327345012277,17.405397913926,
    14.279249942516));
#1611 = CARTESIAN_POINT('',(39.498465361384,12.274498323751,
    13.088415739777));
#1612 = CARTESIAN_POINT('',(39.668487950555,10.052032759637,
    9.564572504961));
#1613 = CARTESIAN_POINT('',(39.839144792416,10.714428064681,
    6.179755879297));
#1614 = CARTESIAN_POINT('',(40.009537543706,12.857991481156,
    4.500001834312));
#1615 = CARTESIAN_POINT('',(40.180000000001,15.,4.5));
#1616 = CARTESIAN_POINT('',(40.350469628868,17.142007810398,
    4.49999677317));
#1617 = CARTESIAN_POINT('',(40.520850618405,19.285570589476,
    6.179777457103));
#1618 = CARTESIAN_POINT('',(40.69152254224,19.947978964233,
    9.564518499899));
#1619 = CARTESIAN_POINT('',(40.861530533226,17.725464395155,
    13.088502062304));
#1620 = CARTESIAN_POINT('',(41.032659977307,12.59467631068,
    14.279153940406));
#1621 = CARTESIAN_POINT('',(41.202345012321,8.220750057494,
    9.905397913812));
#1622 = CARTESIAN_POINT('',(41.37346536134,9.411584260208,4.774498323837
    ));
#1623 = CARTESIAN_POINT('',(41.543487950594,12.935427495054,
    2.552032759591));
#1624 = CARTESIAN_POINT('',(41.714144792389,16.320244120694,
    3.214428064697));
#1625 = CARTESIAN_POINT('',(41.884537543719,17.999998165691,
    5.357991481153));
#1626 = CARTESIAN_POINT('',(42.054999999997,17.999999999999,7.5));
#1627 = CARTESIAN_POINT('',(42.225469628879,18.000003226833,
    9.642007810397));
#1628 = CARTESIAN_POINT('',(42.395850618385,16.320222542887,
    11.78557058948));
#1629 = CARTESIAN_POINT('',(42.566522542261,12.935481500123,
    12.447978964222));
#1630 = CARTESIAN_POINT('',(42.736530533212,9.411497937654,
    10.225464395172));
#1631 = CARTESIAN_POINT('',(42.907659977309,8.220846059654,
    5.094676310662));
#1632 = CARTESIAN_POINT('',(43.077345012323,12.594602086125,
    0.720750057506));
#1633 = CARTESIAN_POINT('',(43.248465361342,17.725501676212,
    1.911584260206));
#1634 = CARTESIAN_POINT('',(43.418487950587,19.947967240384,
    5.43542749505));
#1635 = CARTESIAN_POINT('',(43.589144792395,19.28557193531,
    8.820244120698));
#1636 = CARTESIAN_POINT('',(43.759537543717,17.142008518848,
    10.49999816569));
#1637 = CARTESIAN_POINT('',(43.929999999996,14.999999999999,
    10.499999999999));
#1638 = CARTESIAN_POINT('',(44.100469628881,12.857992189603,
    10.500003226833));
#1639 = CARTESIAN_POINT('',(44.270850618383,10.714429410521,
    8.820222542886));
#1640 = CARTESIAN_POINT('',(44.441522542263,10.052021035775,
    5.435481500127));
#1641 = CARTESIAN_POINT('',(44.611530533211,12.274535604836,
    1.911497937644));
#1642 = CARTESIAN_POINT('',(44.782659977314,17.405323689324,
    0.720846059669));
#1643 = CARTESIAN_POINT('',(44.952345012313,21.779249942513,
    5.094602086108));
#1644 = CARTESIAN_POINT('',(45.123465361359,20.588415739776,
    10.225501676225));
#1645 = CARTESIAN_POINT('',(45.293487950569,17.064572504963,
    12.447967240376));
#1646 = CARTESIAN_POINT('',(45.46414479241,13.679755879296,
    11.785571935313));
#1647 = CARTESIAN_POINT('',(45.634537543707,12.000001834313,
    9.642008518846));
#1648 = CARTESIAN_POINT('',(45.805,12.,7.5));
#1649 = CARTESIAN_POINT('',(45.975469851494,11.999996753264,
    5.357992142379));
#1650 = CARTESIAN_POINT('',(46.14584962912,13.67977754556,3.214429620368
    ));
#1651 = CARTESIAN_POINT('',(46.316525218066,17.064518260641,
    2.552020468181));
#1652 = CARTESIAN_POINT('',(46.486525173207,20.588502541568,
    4.774536741795));
#1653 = CARTESIAN_POINT('',(46.657668487695,21.779153179454,
    9.905321884122));
#1654 = CARTESIAN_POINT('',(46.827333961053,17.405398901952,
    14.27925228667));
#1655 = CARTESIAN_POINT('',(46.998477275868,12.274497258512,
    13.088413212514));
#1656 = CARTESIAN_POINT('',(47.168477230586,10.052033718105,
    9.564574778846));
#1657 = CARTESIAN_POINT('',(47.33915281983,10.714427346938,
    6.179754176547));
#1658 = CARTESIAN_POINT('',(47.509532597329,12.857991923424,
    4.500002883524));
#1659 = CARTESIAN_POINT('',(47.680002448852,14.999999781041,
    4.499999480556));
#1660 = ADVANCED_FACE('',(#1661),#1850,.F.);
#1661 = FACE_BOUND('',#1662,.F.);
#1662 = EDGE_LOOP('',(#1663,#1759,#1844,#1845));
#1663 = ORIENTED_EDGE('',*,*,#1664,.F.);
#1664 = EDGE_CURVE('',#1665,#1667,#1669,.T.);
#1665 = VERTEX_POINT('',#1666);
#1666 = CARTESIAN_POINT('',(47.,16.539981888831,5.380359343399));
#1667 = VERTEX_POINT('',#1668);
#1668 = CARTESIAN_POINT('',(48.349999628946,15.000000033177,
    4.880004452454));
#1669 = B_SPLINE_CURVE_WITH_KNOTS('',11,(#1670,#1671,#1672,#1673,#1674,
    #1675,#1676,#1677,#1678,#1679,#1680,#1681,#1682,#1683,#1684,#1685,
    #1686,#1687,#1688,#1689,#1690,#1691,#1692,#1693,#1694,#1695,#1696,
    #1697,#1698,#1699,#1700,#1701,#1702,#1703,#1704,#1705,#1706,#1707,
    #1708,#1709,#1710,#1711,#1712,#1713,#1714,#1715,#1716,#1717,#1718,
    #1719,#1720,#1721,#1722,#1723,#1724,#1725,#1726,#1727,#1728,#1729,
    #1730,#1731,#1732,#1733,#1734,#1735,#1736,#1737,#1738,#1739,#1740,
    #1741,#1742,#1743,#1744,#1745,#1746,#1747,#1748,#1749,#1750,#1751,
    #1752,#1753,#1754,#1755,#1756,#1757,#1758),.UNSPECIFIED.,.F.,.F.,(12
    ,11,11,11,11,11,11,11,12),(0.,8.074692099815,16.149384199629,
    24.224076299444,32.298768399258,40.373460499073,48.448152598888,
    56.522844698702,64.597536798517),.PIECEWISE_BEZIER_KNOTS.);
#1670 = CARTESIAN_POINT('',(33.35,15.,4.88));
#1671 = CARTESIAN_POINT('',(33.52045226009,16.870672519323,
    4.880027826146));
#1672 = CARTESIAN_POINT('',(33.690917950391,18.742807791927,
    6.346908882347));
#1673 = CARTESIAN_POINT('',(33.861339559446,19.320978380129,
    9.303201022988));
#1674 = CARTESIAN_POINT('',(34.03186176595,17.380756263875,
    12.380402249671));
#1675 = CARTESIAN_POINT('',(34.202214050868,12.898596659732,
    13.420574667249));
#1676 = CARTESIAN_POINT('',(34.372785193932,9.080256105525,
    9.600762966957));
#1677 = CARTESIAN_POINT('',(34.543138854308,10.118852121696,
    5.11957569668));
#1678 = CARTESIAN_POINT('',(34.713658852238,13.19726085818,
    3.178914326568));
#1679 = CARTESIAN_POINT('',(34.884082744216,16.152902783795,
    3.757208976094));
#1680 = CARTESIAN_POINT('',(35.054546653311,17.620014406968,
    5.62932798562));
#1681 = CARTESIAN_POINT('',(35.225,17.620000000004,7.5));
#1682 = CARTESIAN_POINT('',(35.395452260087,17.61997217384,
    9.370672519323));
#1683 = CARTESIAN_POINT('',(35.5659179504,16.153091117686,
    11.242807791921));
#1684 = CARTESIAN_POINT('',(35.736339559423,13.196798976956,
    11.820978380148));
#1685 = CARTESIAN_POINT('',(35.906861765991,10.119597750394,
    9.880756263845));
#1686 = CARTESIAN_POINT('',(36.077214050815,9.079425332702,5.39859665976
    ));
#1687 = CARTESIAN_POINT('',(36.247785193984,12.899237033062,
    1.580256105515));
#1688 = CARTESIAN_POINT('',(36.41813885427,17.380424303321,
    2.618852121689));
#1689 = CARTESIAN_POINT('',(36.588658852258,19.321085673427,
    5.697260858191));
#1690 = CARTESIAN_POINT('',(36.75908274421,18.742791023907,8.65290278379
    ));
#1691 = CARTESIAN_POINT('',(36.929546653312,16.870672014381,
    10.120014406967));
#1692 = CARTESIAN_POINT('',(37.1,14.999999999999,10.120000000006));
#1693 = CARTESIAN_POINT('',(37.270452260086,13.129327480676,
    10.119972173831));
#1694 = CARTESIAN_POINT('',(37.440917950405,11.257192208085,
    8.653091117707));
#1695 = CARTESIAN_POINT('',(37.61133955941,10.679021619838,
    5.696798976925));
#1696 = CARTESIAN_POINT('',(37.781861766012,12.619243736175,
    2.619597750426));
#1697 = CARTESIAN_POINT('',(37.952214050789,17.101403340227,
    1.579425332684));
#1698 = CARTESIAN_POINT('',(38.122785194008,20.919743894485,
    5.399237033062));
#1699 = CARTESIAN_POINT('',(38.293138854253,19.881147878319,
    9.880424303332));
#1700 = CARTESIAN_POINT('',(38.463658852266,16.802739141803,
    11.821085673418));
#1701 = CARTESIAN_POINT('',(38.634082744207,13.84709721621,
    11.24279102391));
#1702 = CARTESIAN_POINT('',(38.804546653312,12.379985593037,
    9.370672014382));
#1703 = CARTESIAN_POINT('',(38.975000000001,12.37999999999,
    7.499999999999));
#1704 = CARTESIAN_POINT('',(39.145452260084,12.380027826182,
    5.629327480677));
#1705 = CARTESIAN_POINT('',(39.315917950413,13.846908882264,
    3.757192208086));
#1706 = CARTESIAN_POINT('',(39.486339559392,16.803201023123,
    3.179021619834));
#1707 = CARTESIAN_POINT('',(39.656861766043,19.880402249521,
    5.119243736174));
#1708 = CARTESIAN_POINT('',(39.827214050751,20.920574667352,
    9.601403340249));
#1709 = CARTESIAN_POINT('',(39.997785194042,17.10076296693,
    13.419743894431));
#1710 = CARTESIAN_POINT('',(40.168138854231,12.619575696658,
    12.381147878395));
#1711 = CARTESIAN_POINT('',(40.338658852277,10.678914326594,
    9.302739141731));
#1712 = CARTESIAN_POINT('',(40.509082744203,11.257208976084,
    6.34709721626));
#1713 = CARTESIAN_POINT('',(40.679546653313,13.12932798562,4.87998559301
    ));
#1714 = CARTESIAN_POINT('',(40.85,15.,4.880000000001));
#1715 = CARTESIAN_POINT('',(41.02045226009,16.870672519322,
    4.880027826141));
#1716 = CARTESIAN_POINT('',(41.190917950387,18.74280779193,
    6.346908882359));
#1717 = CARTESIAN_POINT('',(41.361339559458,19.320978380124,
    9.303201022974));
#1718 = CARTESIAN_POINT('',(41.531861765928,17.380756263875,
    12.380402249674));
#1719 = CARTESIAN_POINT('',(41.702214050897,12.898596659748,
    13.420574667269));
#1720 = CARTESIAN_POINT('',(41.872785193904,9.080256105492,
    9.600762966919));
#1721 = CARTESIAN_POINT('',(42.043138854329,10.118852121734,
    5.11957569672));
#1722 = CARTESIAN_POINT('',(42.213658852227,13.197260858151,
    3.178914326543));
#1723 = CARTESIAN_POINT('',(42.384082744221,16.152902783809,
    3.757208976104));
#1724 = CARTESIAN_POINT('',(42.55454665331,17.620014406964,
    5.629327985619));
#1725 = CARTESIAN_POINT('',(42.725,17.620000000004,7.5));
#1726 = CARTESIAN_POINT('',(42.895452260086,17.619972173833,
    9.370672519324));
#1727 = CARTESIAN_POINT('',(43.065917950408,16.153091117705,
    11.242807791918));
#1728 = CARTESIAN_POINT('',(43.236339559401,13.196798976925,
    11.820978380149));
#1729 = CARTESIAN_POINT('',(43.40686176603,10.119597750421,9.88075626386
    ));
#1730 = CARTESIAN_POINT('',(43.577214050761,9.079425332702,
    5.398596659713));
#1731 = CARTESIAN_POINT('',(43.747785194039,12.899237033033,
    1.580256105592));
#1732 = CARTESIAN_POINT('',(43.918138854227,17.380424303358,
    2.618852121607));
#1733 = CARTESIAN_POINT('',(44.088658852282,19.321085673404,
    5.69726085825));
#1734 = CARTESIAN_POINT('',(44.2590827442,18.742791023914,8.652902783762
    ));
#1735 = CARTESIAN_POINT('',(44.429546653314,16.870672014382,
    10.120014406975));
#1736 = CARTESIAN_POINT('',(44.600000000001,14.999999999999,
    10.120000000007));
#1737 = CARTESIAN_POINT('',(44.770452260083,13.129327480676,
    10.119972173827));
#1738 = CARTESIAN_POINT('',(44.940917950414,11.257192208085,
    8.653091117716));
#1739 = CARTESIAN_POINT('',(45.111339559389,10.679021619844,
    5.69679897691));
#1740 = CARTESIAN_POINT('',(45.281861766048,12.619243736149,
    2.619597750436));
#1741 = CARTESIAN_POINT('',(45.45221405074,17.101403340284,1.57942533269
    ));
#1742 = CARTESIAN_POINT('',(45.622785194059,20.919743894398,
    5.39923703304));
#1743 = CARTESIAN_POINT('',(45.793138854214,19.881147878416,
    9.880424303354));
#1744 = CARTESIAN_POINT('',(45.963658852289,16.802739141722,
    11.821085673407));
#1745 = CARTESIAN_POINT('',(46.134082744197,13.847097216262,
    11.242791023911));
#1746 = CARTESIAN_POINT('',(46.304546653314,12.379985593011,
    9.370672014383));
#1747 = CARTESIAN_POINT('',(46.475000000001,12.38,7.5));
#1748 = CARTESIAN_POINT('',(46.645452226357,12.380027829163,
    5.629327885446));
#1749 = CARTESIAN_POINT('',(46.815918100287,13.846908868943,
    3.757190409388));
#1750 = CARTESIAN_POINT('',(46.986339154006,16.803201059246,
    3.179026484983));
#1751 = CARTESIAN_POINT('',(47.156862578101,19.880402177045,
    5.11923399067));
#1752 = CARTESIAN_POINT('',(47.327212761365,20.920574782555,
    9.601418813666));
#1753 = CARTESIAN_POINT('',(47.49778686844,17.100762817231,
    13.419723801291));
#1754 = CARTESIAN_POINT('',(47.668137048995,12.619575858099,
    12.381169541054));
#1755 = CARTESIAN_POINT('',(47.838660476555,10.678914181332,
    9.302719650923));
#1756 = CARTESIAN_POINT('',(48.009081527884,11.257209084852,
    6.347111811533));
#1757 = CARTESIAN_POINT('',(48.179547402796,13.129327918605,
    4.879976599609));
#1758 = CARTESIAN_POINT('',(48.349999628946,15.000000033177,
    4.880004452454));
#1759 = ORIENTED_EDGE('',*,*,#1760,.F.);
#1760 = EDGE_CURVE('',#1261,#1665,#1761,.T.);
#1761 = B_SPLINE_CURVE_WITH_KNOTS('',5,(#1762,#1763,#1764,#1765,#1766,
    #1767,#1768,#1769,#1770,#1771,#1772,#1773,#1774,#1775,#1776,#1777,
    #1778,#1779,#1780,#1781,#1782,#1783,#1784,#1785,#1786,#1787,#1788,
    #1789,#1790,#1791,#1792,#1793,#1794,#1795,#1796,#1797,#1798,#1799,
    #1800,#1801,#1802,#1803,#1804,#1805,#1806,#1807,#1808,#1809,#1810,
    #1811,#1812,#1813,#1814,#1815,#1816,#1817,#1818,#1819,#1820,#1821,
    #1822,#1823,#1824,#1825,#1826,#1827,#1828,#1829,#1830,#1831,#1832,
    #1833,#1834,#1835,#1836,#1837,#1838,#1839,#1840,#1841,#1842,#1843),
  .UNSPECIFIED.,.F.,.F.,(6,4,4,4,4,4,4,4,4,4,4,4,4,4,4,4,4,4,4,4,6),(0.,
    6.600022342911E-02,0.12999953288,0.153998917112,0.207997136219,
    0.271996395666,0.294996928239,0.342998734015,0.414000871387,
    0.487000763509,0.543999856421,0.571999489418,0.599999224965,
    0.655998815216,0.711998398629,0.739998125706,0.767997747014,
    0.824996807136,0.897996643886,0.968998719628,1.),.UNSPECIFIED.);
#1762 = CARTESIAN_POINT('',(47.,13.459985838969,5.380355398498));
#1763 = CARTESIAN_POINT('',(47.,13.319357061381,5.482547353378));
#1764 = CARTESIAN_POINT('',(47.,13.187200540101,5.596407132864));
#1765 = CARTESIAN_POINT('',(47.,13.064815693241,5.720984984494));
#1766 = CARTESIAN_POINT('',(47.,12.953319370694,5.855141082441));
#1767 = CARTESIAN_POINT('',(47.,12.756972323552,6.13565787882));
#1768 = CARTESIAN_POINT('',(47.,12.671410819473,6.281532954407));
#1769 = CARTESIAN_POINT('',(47.,12.597790316759,6.433982014768));
#1770 = CARTESIAN_POINT('',(47.,12.536744715164,6.591695821633));
#1771 = CARTESIAN_POINT('',(47.,12.470675322505,6.813858465663));
#1772 = CARTESIAN_POINT('',(47.,12.454483712144,6.874991006341));
#1773 = CARTESIAN_POINT('',(47.,12.440141167053,6.936593372851));
#1774 = CARTESIAN_POINT('',(47.,12.427665124953,6.998590947345));
#1775 = CARTESIAN_POINT('',(47.,12.393226320744,7.201120511067));
#1776 = CARTESIAN_POINT('',(47.,12.378898364199,7.342952776642));
#1777 = CARTESIAN_POINT('',(47.,12.374232335372,7.485538397902));
#1778 = CARTESIAN_POINT('',(47.,12.37925717425,7.628004081631));
#1779 = CARTESIAN_POINT('',(47.,12.41121719422,7.937148541827));
#1780 = CARTESIAN_POINT('',(47.,12.44203897195,8.103432221233));
#1781 = CARTESIAN_POINT('',(47.,12.486196456638,8.266866936892));
#1782 = CARTESIAN_POINT('',(47.,12.543309436254,8.426047745907));
#1783 = CARTESIAN_POINT('',(47.,12.637738063501,8.634836104211));
#1784 = CARTESIAN_POINT('',(47.,12.664298072257,8.689312926059));
#1785 = CARTESIAN_POINT('',(47.,12.692425686488,8.743006673795));
#1786 = CARTESIAN_POINT('',(47.,12.722089577937,8.795857596382));
#1787 = CARTESIAN_POINT('',(47.,12.818296715667,8.956227046601));
#1788 = CARTESIAN_POINT('',(47.,12.889879048284,9.06072421505));
#1789 = CARTESIAN_POINT('',(47.,12.967684090703,9.160770224254));
#1790 = CARTESIAN_POINT('',(47.,13.051335609781,9.255881463397));
#1791 = CARTESIAN_POINT('',(47.,13.272137637737,9.478356627829));
#1792 = CARTESIAN_POINT('',(47.,13.415724573434,9.599345039065));
#1793 = CARTESIAN_POINT('',(47.,13.569745115616,9.707161625214));
#1794 = CARTESIAN_POINT('',(47.,13.732571019756,9.800665841302));
#1795 = CARTESIAN_POINT('',(47.,14.076968360625,9.959568545105));
#1796 = CARTESIAN_POINT('',(47.,14.258953579524,10.02410916335));
#1797 = CARTESIAN_POINT('',(47.,14.446354060372,10.071723287343));
#1798 = CARTESIAN_POINT('',(47.,14.637075364833,10.101878139747));
#1799 = CARTESIAN_POINT('',(47.,14.978748743928,10.124229838579));
#1800 = CARTESIAN_POINT('',(47.,15.129262704896,10.123298722328));
#1801 = CARTESIAN_POINT('',(47.,15.279448720745,10.111569080396));
#1802 = CARTESIAN_POINT('',(47.,15.428282100429,10.089121180587));
#1803 = CARTESIAN_POINT('',(47.,15.646704525637,10.040001239634));
#1804 = CARTESIAN_POINT('',(47.,15.71808631864,10.021288780816));
#1805 = CARTESIAN_POINT('',(47.,15.788779838343,10.000071396804));
#1806 = CARTESIAN_POINT('',(47.,15.858668542404,9.976384112277));
#1807 = CARTESIAN_POINT('',(47.,15.996608431175,9.924156111804));
#1808 = CARTESIAN_POINT('',(47.,16.064659770092,9.895615316273));
#1809 = CARTESIAN_POINT('',(47.,16.131678312875,9.864691021893));
#1810 = CARTESIAN_POINT('',(47.,16.197553590966,9.831434250794));
#1811 = CARTESIAN_POINT('',(47.,16.391429287949,9.72484274304));
#1812 = CARTESIAN_POINT('',(47.,16.515681577931,9.644685485282));
#1813 = CARTESIAN_POINT('',(47.,16.63407663252,9.555905068123));
#1814 = CARTESIAN_POINT('',(47.,16.745835029304,9.459086223823));
#1815 = CARTESIAN_POINT('',(47.,16.954689555545,9.250756102409));
#1816 = CARTESIAN_POINT('',(47.,17.051789044064,9.139241478249));
#1817 = CARTESIAN_POINT('',(47.,17.140866816551,9.021070011112));
#1818 = CARTESIAN_POINT('',(47.,17.221336183306,8.897019650677));
#1819 = CARTESIAN_POINT('',(47.,17.328414741348,8.703412584225));
#1820 = CARTESIAN_POINT('',(47.,17.361837009202,8.637621146123));
#1821 = CARTESIAN_POINT('',(47.,17.392929683057,8.570680583931));
#1822 = CARTESIAN_POINT('',(47.,17.42164146324,8.502701237489));
#1823 = CARTESIAN_POINT('',(47.,17.47421606646,8.364893146757));
#1824 = CARTESIAN_POINT('',(47.,17.498078970028,8.295064248673));
#1825 = CARTESIAN_POINT('',(47.,17.51947400595,8.224424328882));
#1826 = CARTESIAN_POINT('',(47.,17.538365856657,8.153089841174));
#1827 = CARTESIAN_POINT('',(47.,17.588034747795,7.934791729345));
#1828 = CARTESIAN_POINT('',(47.,17.610856746713,7.78601535524));
#1829 = CARTESIAN_POINT('',(47.,17.622963932408,7.635859404685));
#1830 = CARTESIAN_POINT('',(47.,17.624273460675,7.485348362343));
#1831 = CARTESIAN_POINT('',(47.,17.602780874156,7.143620135912));
#1832 = CARTESIAN_POINT('',(47.,17.573105654545,6.952823786533));
#1833 = CARTESIAN_POINT('',(47.,17.525962889547,6.765304351602));
#1834 = CARTESIAN_POINT('',(47.,17.461880087328,6.583157599398));
#1835 = CARTESIAN_POINT('',(47.,17.303843939277,6.238362151545));
#1836 = CARTESIAN_POINT('',(47.,17.210749502955,6.075301830818));
#1837 = CARTESIAN_POINT('',(47.,17.103320620826,5.921010848193));
#1838 = CARTESIAN_POINT('',(47.,16.982693738439,5.777120308258));
#1839 = CARTESIAN_POINT('',(47.,16.792477276433,5.587382630345));
#1840 = CARTESIAN_POINT('',(47.,16.73241944985,5.531968703668));
#1841 = CARTESIAN_POINT('',(47.,16.670232459021,5.478923681222));
#1842 = CARTESIAN_POINT('',(47.,16.606041942929,5.428354756624));
#1843 = CARTESIAN_POINT('',(47.,16.539981888265,5.380359343229));
#1844 = ORIENTED_EDGE('',*,*,#1260,.T.);
#1845 = ORIENTED_EDGE('',*,*,#1846,.F.);
#1846 = EDGE_CURVE('',#1667,#1263,#1847,.T.);
#1847 = B_SPLINE_CURVE_WITH_KNOTS('',1,(#1848,#1849),.UNSPECIFIED.,.F.,
  .F.,(2,2),(0.,1.2),.PIECEWISE_BEZIER_KNOTS.);
#1848 = CARTESIAN_POINT('',(48.349999628946,15.000000033177,
    4.880004452454));
#1849 = CARTESIAN_POINT('',(47.149999628979,15.000000033174,
    4.879995547544));
#1850 = B_SPLINE_SURFACE_WITH_KNOTS('',1,11,(
    (#1851,#1852,#1853,#1854,#1855,#1856,#1857,#1858,#1859,#1860,#1861
      ,#1862,#1863,#1864,#1865,#1866,#1867,#1868,#1869,#1870,#1871,#1872
      ,#1873,#1874,#1875,#1876,#1877,#1878,#1879,#1880,#1881,#1882,#1883
      ,#1884,#1885,#1886,#1887,#1888,#1889,#1890,#1891,#1892,#1893,#1894
      ,#1895,#1896,#1897,#1898,#1899,#1900,#1901,#1902,#1903,#1904,#1905
      ,#1906,#1907,#1908,#1909,#1910,#1911,#1912,#1913,#1914,#1915,#1916
      ,#1917,#1918,#1919,#1920,#1921,#1922,#1923,#1924,#1925,#1926,#1927
      ,#1928,#1929,#1930,#1931,#1932)
    ,(#1933,#1934,#1935,#1936,#1937,#1938,#1939,#1940,#1941,#1942,#1943
      ,#1944,#1945,#1946,#1947,#1948,#1949,#1950,#1951,#1952,#1953,#1954
      ,#1955,#1956,#1957,#1958,#1959,#1960,#1961,#1962,#1963,#1964,#1965
      ,#1966,#1967,#1968,#1969,#1970,#1971,#1972,#1973,#1974,#1975,#1976
      ,#1977,#1978,#1979,#1980,#1981,#1982,#1983,#1984,#1985,#1986,#1987
      ,#1988,#1989,#1990,#1991,#1992,#1993,#1994,#1995,#1996,#1997,#1998
      ,#1999,#2000,#2001,#2002,#2003,#2004,#2005,#2006,#2007,#2008,#2009
      ,#2010,#2011,#2012,#2013,#2014
    )),.UNSPECIFIED.,.F.,.F.,.F.,(2,2),(12,10,10,10,10,10,10,10,12),(0.,
    1.2),(0.,8.074692099815,16.149384199629,24.224076299444,
    32.298768399258,40.373460499073,48.448152598888,56.522844698702,
    64.597536798517),.UNSPECIFIED.);
#1851 = CARTESIAN_POINT('',(33.35,15.,4.88));
#1852 = CARTESIAN_POINT('',(33.520452243481,16.870672317225,
    4.880027830705));
#1853 = CARTESIAN_POINT('',(33.690918024197,18.742808689994,
    6.346908862087));
#1854 = CARTESIAN_POINT('',(33.861339359814,19.320975951027,
    9.30320107779));
#1855 = CARTESIAN_POINT('',(34.031862165838,17.380761129681,
    12.380402139896));
#1856 = CARTESIAN_POINT('',(34.202213415943,12.898588934025,
    13.420574841544));
#1857 = CARTESIAN_POINT('',(34.372786018423,9.080266137844,
    9.600762740624));
#1858 = CARTESIAN_POINT('',(34.543137965412,10.118841305707,
    5.119575940693));
#1859 = CARTESIAN_POINT('',(34.713659652016,13.197270589789,
    3.178914107019));
#1860 = CARTESIAN_POINT('',(34.884082145321,16.152895496492,
    3.757209140498));
#1861 = CARTESIAN_POINT('',(35.054547022341,17.620018897298,
    5.629327884317));
#1862 = CARTESIAN_POINT('',(35.395452612259,17.619976656568,
    9.370672215991));
#1863 = CARTESIAN_POINT('',(35.565917426421,16.153083864165,
    11.242808854088));
#1864 = CARTESIAN_POINT('',(35.736340156565,13.196808617191,
    11.82097573232));
#1865 = CARTESIAN_POINT('',(35.906861283001,10.119587117437,
    9.880761372015));
#1866 = CARTESIAN_POINT('',(36.077214230825,9.079435074412,
    5.398588710335));
#1867 = CARTESIAN_POINT('',(36.247785395959,12.899229684728,
    1.580266308732));
#1868 = CARTESIAN_POINT('',(36.418138351883,17.380428762276,
    2.618841199587));
#1869 = CARTESIAN_POINT('',(36.588659464443,19.321083610386,
    5.697270641307));
#1870 = CARTESIAN_POINT('',(36.759082210103,18.742791647857,
    8.652895478692));
#1871 = CARTESIAN_POINT('',(36.92954701129,16.87067198119,
    10.120018900337));
#1872 = CARTESIAN_POINT('',(37.27045261781,13.129327851565,
    10.11997665504));
#1873 = CARTESIAN_POINT('',(37.440917417427,11.257191036409,
    8.653083866647));
#1874 = CARTESIAN_POINT('',(37.611340168544,10.679024413629,
    5.696808613879));
#1875 = CARTESIAN_POINT('',(37.781861269737,12.619238466264,
    2.619587121104));
#1876 = CARTESIAN_POINT('',(37.952214243058,17.101411438949,
    1.579435071038));
#1877 = CARTESIAN_POINT('',(38.122785386621,20.919733577214,
    5.399229687291));
#1878 = CARTESIAN_POINT('',(38.293138357677,19.881158871243,
    9.880428760695));
#1879 = CARTESIAN_POINT('',(38.463659461633,16.802729324305,
    11.821083611149));
#1880 = CARTESIAN_POINT('',(38.634082211073,13.847104533188,
    11.242791647593));
#1881 = CARTESIAN_POINT('',(38.804547011125,12.379981097635,
    9.370671981236));
#1882 = CARTESIAN_POINT('',(39.145452617892,12.380023345982,
    5.629327851542));
#1883 = CARTESIAN_POINT('',(39.315917417298,13.846916131688,
    3.757191036454));
#1884 = CARTESIAN_POINT('',(39.486340168709,16.803191388349,
    3.179024413558));
#1885 = CARTESIAN_POINT('',(39.656861269564,19.880412876426,
    5.119238466352));
#1886 = CARTESIAN_POINT('',(39.827214243212,20.920564931229,
    9.601411438868));
#1887 = CARTESIAN_POINT('',(39.997785386506,17.100770310997,
    13.419733577267));
#1888 = CARTESIAN_POINT('',(40.16813835775,12.619571240353,
    12.381158871222));
#1889 = CARTESIAN_POINT('',(40.338659461595,10.67891638835,9.30272932431
    ));
#1890 = CARTESIAN_POINT('',(40.509082211089,11.257208352578,
    6.347104533187));
#1891 = CARTESIAN_POINT('',(40.679547011121,13.129328018736,
    4.879981097638));
#1892 = CARTESIAN_POINT('',(41.020452617897,16.870672148471,
    4.880023345971));
#1893 = CARTESIAN_POINT('',(41.190917417274,18.742808963542,
    6.346916131733));
#1894 = CARTESIAN_POINT('',(41.361340168773,19.32097558642,9.30319138827
    ));
#1895 = CARTESIAN_POINT('',(41.53186126945,17.380761533685,
    12.380412876494));
#1896 = CARTESIAN_POINT('',(41.702214243356,12.898588561124,
    13.420564931234));
#1897 = CARTESIAN_POINT('',(41.872785386372,9.080266422678,
    9.600770310904));
#1898 = CARTESIAN_POINT('',(42.043138357842,10.118841128872,
    5.119571240481));
#1899 = CARTESIAN_POINT('',(42.21365946155,13.19727067561,3.178916388251
    ));
#1900 = CARTESIAN_POINT('',(42.384082211102,16.152895466851,
    3.757208352627));
#1901 = CARTESIAN_POINT('',(42.554547011121,17.620018902356,
    5.629328018718));
#1902 = CARTESIAN_POINT('',(42.895452617893,17.619976654024,
    9.370672148504));
#1903 = CARTESIAN_POINT('',(43.065917417305,16.153083868299,
    11.242808963351));
#1904 = CARTESIAN_POINT('',(43.236340168681,13.19680861167,
    11.820975586964));
#1905 = CARTESIAN_POINT('',(43.406861269631,10.119587123559,9.8807615326
    ));
#1906 = CARTESIAN_POINT('',(43.577214243088,9.079435068769,
    5.398588562812));
#1907 = CARTESIAN_POINT('',(43.747785386684,12.899229689031,
    1.580266420524));
#1908 = CARTESIAN_POINT('',(43.918138357546,17.3804287596,2.618841131188
    ));
#1909 = CARTESIAN_POINT('',(44.088659461783,19.321083611702,
    5.697270673504));
#1910 = CARTESIAN_POINT('',(44.259082210947,18.742791647381,
    8.652895468458));
#1911 = CARTESIAN_POINT('',(44.429547011208,16.87067198129,
    10.120018901346));
#1912 = CARTESIAN_POINT('',(44.770452617724,13.12932785148,
    10.119976656051));
#1913 = CARTESIAN_POINT('',(44.940917418287,11.257191036745,
    8.653083856395));
#1914 = CARTESIAN_POINT('',(45.111340165844,10.67902441276,5.69680864615
    ));
#1915 = CARTESIAN_POINT('',(45.281861275471,12.619238467962,
    2.619587052503));
#1916 = CARTESIAN_POINT('',(45.452214233691,17.101411436292,
    1.579435183225));
#1917 = CARTESIAN_POINT('',(45.622785398976,20.919733580635,
    5.399229539188));
#1918 = CARTESIAN_POINT('',(45.793138344239,19.881158867568,
    9.880428921938));
#1919 = CARTESIAN_POINT('',(45.963659473787,16.802729327612,
    11.821083465196));
#1920 = CARTESIAN_POINT('',(46.134082201944,13.847104530707,
    11.242791757298));
#1921 = CARTESIAN_POINT('',(46.304547016761,12.379981099169,
    9.37067191348));
#1922 = CARTESIAN_POINT('',(46.64545260667,12.380023342922,5.62932798648
    ));
#1923 = CARTESIAN_POINT('',(46.815917483082,13.846916149609,
    3.757190245421));
#1924 = CARTESIAN_POINT('',(46.986339978232,16.803191336499,
    3.179026703948));
#1925 = CARTESIAN_POINT('',(47.156861662034,19.880412983184,
    5.119233747307));
#1926 = CARTESIAN_POINT('',(47.327213611057,20.920564759373,
    9.601419039396));
#1927 = CARTESIAN_POINT('',(47.497786214107,17.100770535903,
    13.41972362746));
#1928 = CARTESIAN_POINT('',(47.668137461106,12.619570996725,
    12.381169650536));
#1929 = CARTESIAN_POINT('',(47.838660270821,10.678916608222,
    9.302719596267));
#1930 = CARTESIAN_POINT('',(48.009081603946,11.257208187603,
    6.347111831739));
#1931 = CARTESIAN_POINT('',(48.179547385679,13.129328120518,
    4.879976595061));
#1932 = CARTESIAN_POINT('',(48.349999628946,15.000000033177,
    4.880004452454));
#1933 = CARTESIAN_POINT('',(32.15,15.,4.88));
#1934 = CARTESIAN_POINT('',(32.320452243473,16.870675091874,
    4.879972166288));
#1935 = CARTESIAN_POINT('',(32.4909180242,18.742798186591,6.347109919588
    ));
#1936 = CARTESIAN_POINT('',(32.661339360295,19.321090714809,
    9.30272271585));
#1937 = CARTESIAN_POINT('',(32.831862163911,17.380432982413,
    12.381177972587));
#1938 = CARTESIAN_POINT('',(33.00221342013,12.899225824187,
    13.419733666105));
#1939 = CARTESIAN_POINT('',(33.172786012653,9.079425148376,
    9.601422529675));
#1940 = CARTESIAN_POINT('',(33.343137970816,10.119578755415,
    5.119229644418));
#1941 = CARTESIAN_POINT('',(33.513659648641,13.196805653122,
    3.179019335301));
#1942 = CARTESIAN_POINT('',(33.684082146644,16.153085857418,
    3.75718390042));
#1943 = CARTESIAN_POINT('',(33.854547022136,17.619981133207,
    5.629324840438));
#1944 = CARTESIAN_POINT('',(34.195452612359,17.620023329605,
    9.370675125874));
#1945 = CARTESIAN_POINT('',(34.36591742625,16.152897381447,
    11.242798131484));
#1946 = CARTESIAN_POINT('',(34.536340157276,13.1972675528,11.82109078825
    ));
#1947 = CARTESIAN_POINT('',(34.706861280819,10.118832810378,
    9.880432901037));
#1948 = CARTESIAN_POINT('',(34.877214235248,9.080256380742,
    5.399225899317));
#1949 = CARTESIAN_POINT('',(35.047785390009,12.89858507339,
    1.579425090955));
#1950 = CARTESIAN_POINT('',(35.218138357399,17.380765634965,
    2.619578791095));
#1951 = CARTESIAN_POINT('',(35.388659461014,19.320982955865,
    5.696805635788));
#1952 = CARTESIAN_POINT('',(35.559082211445,18.742815308261,
    8.653085863411));
#1953 = CARTESIAN_POINT('',(35.729547011081,16.870675294563,
    10.119981132183));
#1954 = CARTESIAN_POINT('',(36.070452617911,13.129324806316,
    10.120023330122));
#1955 = CARTESIAN_POINT('',(36.240917417253,11.25720197843,
    8.652897380601));
#1956 = CARTESIAN_POINT('',(36.411340169262,10.678909065257,
    5.697267553938));
#1957 = CARTESIAN_POINT('',(36.581861267546,12.619567261276,
    2.618832809111));
#1958 = CARTESIAN_POINT('',(36.752214247491,17.100773950864,
    1.580256381909));
#1959 = CARTESIAN_POINT('',(36.922785380663,20.920575023493,
    5.398585072506));
#1960 = CARTESIAN_POINT('',(37.093138363199,19.880421137837,
    9.880765635504));
#1961 = CARTESIAN_POINT('',(37.2636594582,16.803194398714,
    11.820982955608));
#1962 = CARTESIAN_POINT('',(37.434082212417,13.846914124668,
    11.242815308348));
#1963 = CARTESIAN_POINT('',(37.604547010915,12.380018869853,
    9.370675294548));
#1964 = CARTESIAN_POINT('',(37.945452617993,12.379976668852,
    5.629324806324));
#1965 = CARTESIAN_POINT('',(38.115917417124,13.847102621074,
    3.757201978412));
#1966 = CARTESIAN_POINT('',(38.286340169428,16.802732443813,
    3.178909065288));
#1967 = CARTESIAN_POINT('',(38.456861267371,19.881167193402,
    5.119567261238));
#1968 = CARTESIAN_POINT('',(38.627214247646,20.919743615756,
    9.600773950892));
#1969 = CARTESIAN_POINT('',(38.797785380546,17.101414929285,
    13.420575023488));
#1970 = CARTESIAN_POINT('',(38.968138363273,12.61923436338,
    12.380421137827));
#1971 = CARTESIAN_POINT('',(39.138659458162,10.679017044935,
    9.303194398723));
#1972 = CARTESIAN_POINT('',(39.309082212432,11.257184691463,
    6.346914124667));
#1973 = CARTESIAN_POINT('',(39.479547010911,13.129324705484,
    4.880018869848));
#1974 = CARTESIAN_POINT('',(39.820452617998,16.870675193661,
    4.879976668866));
#1975 = CARTESIAN_POINT('',(39.9909174171,18.742798021594,6.347102621011
    ));
#1976 = CARTESIAN_POINT('',(40.161340169491,19.321090934736,
    9.30273244395));
#1977 = CARTESIAN_POINT('',(40.331861267261,17.380432738711,
    12.381167193208));
#1978 = CARTESIAN_POINT('',(40.502214247786,12.899226049142,
    13.41974361594));
#1979 = CARTESIAN_POINT('',(40.672785380415,9.079424976536,
    9.601414929175));
#1980 = CARTESIAN_POINT('',(40.843138363363,10.119578862103,
    5.119234363407));
#1981 = CARTESIAN_POINT('',(41.013659458119,13.196805601346,
    3.179017044952));
#1982 = CARTESIAN_POINT('',(41.184082212444,16.153085875298,
    3.757184691441));
#1983 = CARTESIAN_POINT('',(41.354547010911,17.619981130157,
    5.629324705499));
#1984 = CARTESIAN_POINT('',(41.695452617994,17.62002333114,
    9.370675193631));
#1985 = CARTESIAN_POINT('',(41.865917417131,16.15289737895,
    11.242798021781));
#1986 = CARTESIAN_POINT('',(42.036340169397,13.19726755614,
    11.821090934194));
#1987 = CARTESIAN_POINT('',(42.206861267444,10.118832806665,
    9.880432739806));
#1988 = CARTESIAN_POINT('',(42.377214247514,9.080256384181,
    5.399226047426));
#1989 = CARTESIAN_POINT('',(42.547785380733,12.898585070744,
    1.579424978729));
#1990 = CARTESIAN_POINT('',(42.718138363062,17.380765636635,
    2.619578859757));
#1991 = CARTESIAN_POINT('',(42.888659458355,19.320982955019,
    5.696805603464));
#1992 = CARTESIAN_POINT('',(43.059082212288,18.742815308587,
    8.653085873692));
#1993 = CARTESIAN_POINT('',(43.229547010999,16.87067529448,
    10.119981131163));
#1994 = CARTESIAN_POINT('',(43.570452617825,13.129324806415,
    10.120023329121));
#1995 = CARTESIAN_POINT('',(43.740917418112,11.257201977948,
    8.652897390808));
#1996 = CARTESIAN_POINT('',(43.911340166564,10.678909066589,
    5.697267521793));
#1997 = CARTESIAN_POINT('',(44.081861273276,12.619567258586,
    2.618832877445));
#1998 = CARTESIAN_POINT('',(44.25221423813,17.100773955153,
    1.580256270169));
#1999 = CARTESIAN_POINT('',(44.422785393009,20.920575017904,
    5.39858522001));
#2000 = CARTESIAN_POINT('',(44.593138349769,19.880421143886,
    9.880765474916));
#2001 = CARTESIAN_POINT('',(44.763659470348,16.803194393247,
    11.820983100973));
#2002 = CARTESIAN_POINT('',(44.934082203292,13.846914128779,
    11.242815199081));
#2003 = CARTESIAN_POINT('',(45.104547016549,12.38001886731,
    9.370675362037));
#2004 = CARTESIAN_POINT('',(45.445452606777,12.379976673921,
    5.62932467192));
#2005 = CARTESIAN_POINT('',(45.615917482876,13.847102591372,
    3.757202766314));
#2006 = CARTESIAN_POINT('',(45.786339979041,16.802732529777,
    3.178906783965));
#2007 = CARTESIAN_POINT('',(45.956861659657,19.881167016354,
    5.119571961604));
#2008 = CARTESIAN_POINT('',(46.127213615788,20.919743900809,
    9.600766380452));
#2009 = CARTESIAN_POINT('',(46.297786207759,17.101414556234,
    13.420584933898));
#2010 = CARTESIAN_POINT('',(46.46813746705,12.619234767449,
    12.380410401203));
#2011 = CARTESIAN_POINT('',(46.638660267009,10.679016680316,
    9.303204088234));
#2012 = CARTESIAN_POINT('',(46.809081605574,11.257184965008,
    6.346906855026));
#2013 = CARTESIAN_POINT('',(46.979547385294,13.129324536734,
    4.880023354589));
#2014 = CARTESIAN_POINT('',(47.149999628979,15.000000033174,
    4.879995547544));
#2015 = ADVANCED_FACE('',(#2016),#2032,.F.);
#2016 = FACE_BOUND('',#2017,.F.);
#2017 = EDGE_LOOP('',(#2018,#2019,#2026,#2031));
#2018 = ORIENTED_EDGE('',*,*,#1477,.T.);
#2019 = ORIENTED_EDGE('',*,*,#2020,.T.);
#2020 = EDGE_CURVE('',#1384,#2021,#2023,.T.);
#2021 = VERTEX_POINT('',#2022);
#2022 = CARTESIAN_POINT('',(47.820002448848,14.999999781042,
    4.500000519462));
#2023 = B_SPLINE_CURVE_WITH_KNOTS('',1,(#2024,#2025),.UNSPECIFIED.,.F.,
  .F.,(2,2),(0.,0.14),.PIECEWISE_BEZIER_KNOTS.);
#2024 = CARTESIAN_POINT('',(47.680002448852,14.999999781041,
    4.499999480556));
#2025 = CARTESIAN_POINT('',(47.820002448848,14.999999781042,
    4.500000519462));
#2026 = ORIENTED_EDGE('',*,*,#2027,.T.);
#2027 = EDGE_CURVE('',#2021,#1667,#2028,.T.);
#2028 = B_SPLINE_CURVE_WITH_KNOTS('',1,(#2029,#2030),.UNSPECIFIED.,.F.,
  .F.,(2,2),(0.,0.652150289427),.PIECEWISE_BEZIER_KNOTS.);
#2029 = CARTESIAN_POINT('',(47.820002448848,14.999999781042,
    4.500000519462));
#2030 = CARTESIAN_POINT('',(48.349999628946,15.000000033177,
    4.880004452454));
#2031 = ORIENTED_EDGE('',*,*,#1846,.T.);
#2032 = PLANE('',#2033);
#2033 = AXIS2_PLACEMENT_3D('',#2034,#2035,#2036);
#2034 = CARTESIAN_POINT('',(47.750000473713,14.999999957644,
    4.766163807404));
#2035 = DIRECTION('',(-2.082712072694E-12,-1.,6.635108461615E-07));
#2036 = DIRECTION('',(-1.110223024625E-16,6.635108461615E-07,1.));
#2037 = ADVANCED_FACE('',(#2038),#2153,.F.);
#2038 = FACE_BOUND('',#2039,.F.);
#2039 = EDGE_LOOP('',(#2040,#2041,#2060,#2152));
#2040 = ORIENTED_EDGE('',*,*,#1383,.F.);
#2041 = ORIENTED_EDGE('',*,*,#2042,.F.);
#2042 = EDGE_CURVE('',#2043,#1357,#2045,.T.);
#2043 = VERTEX_POINT('',#2044);
#2044 = CARTESIAN_POINT('',(47.,15.867110967956,10.371947563894));
#2045 = B_SPLINE_CURVE_WITH_KNOTS('',4,(#2046,#2047,#2048,#2049,#2050,
    #2051,#2052,#2053,#2054,#2055,#2056,#2057,#2058,#2059),
  .UNSPECIFIED.,.F.,.F.,(5,3,3,3,5),(0.,0.249998376346,0.499996890711,
    0.749996972456,1.),.UNSPECIFIED.);
#2046 = CARTESIAN_POINT('',(47.,15.867110967956,10.371947563894));
#2047 = CARTESIAN_POINT('',(47.,15.761851860375,10.403732129979));
#2048 = CARTESIAN_POINT('',(47.,15.655039286566,10.430372829651));
#2049 = CARTESIAN_POINT('',(47.,15.547051145492,10.451755422183));
#2050 = CARTESIAN_POINT('',(47.,15.329504793669,10.483888732873));
#2051 = CARTESIAN_POINT('',(47.,15.219946177485,10.494639506298));
#2052 = CARTESIAN_POINT('',(47.,15.109992726748,10.500016621098));
#2053 = CARTESIAN_POINT('',(47.,14.890085154824,10.500023367954));
#2054 = CARTESIAN_POINT('',(47.,14.780130623973,10.494652933051));
#2055 = CARTESIAN_POINT('',(47.,14.670570545336,10.483908671315));
#2056 = CARTESIAN_POINT('',(47.,14.45301924433,10.451787676138));
#2057 = CARTESIAN_POINT('',(47.,14.345027635389,10.430410756914));
#2058 = CARTESIAN_POINT('',(47.,14.238211328351,10.403775261583));
#2059 = CARTESIAN_POINT('',(47.,14.132948299087,10.371995384856));
#2060 = ORIENTED_EDGE('',*,*,#2061,.T.);
#2061 = EDGE_CURVE('',#2043,#2021,#2062,.T.);
#2062 = B_SPLINE_CURVE_WITH_KNOTS('',11,(#2063,#2064,#2065,#2066,#2067,
    #2068,#2069,#2070,#2071,#2072,#2073,#2074,#2075,#2076,#2077,#2078,
    #2079,#2080,#2081,#2082,#2083,#2084,#2085,#2086,#2087,#2088,#2089,
    #2090,#2091,#2092,#2093,#2094,#2095,#2096,#2097,#2098,#2099,#2100,
    #2101,#2102,#2103,#2104,#2105,#2106,#2107,#2108,#2109,#2110,#2111,
    #2112,#2113,#2114,#2115,#2116,#2117,#2118,#2119,#2120,#2121,#2122,
    #2123,#2124,#2125,#2126,#2127,#2128,#2129,#2130,#2131,#2132,#2133,
    #2134,#2135,#2136,#2137,#2138,#2139,#2140,#2141,#2142,#2143,#2144,
    #2145,#2146,#2147,#2148,#2149,#2150,#2151),.UNSPECIFIED.,.F.,.F.,(12
    ,11,11,11,11,11,11,11,12),(0.,8.074692099815,16.149384199629,
    24.224076299444,32.298768399258,40.373460499073,48.448152598888,
    56.522844698702,64.597536798517),.PIECEWISE_BEZIER_KNOTS.);
#2063 = CARTESIAN_POINT('',(32.82,15.,4.5));
#2064 = CARTESIAN_POINT('',(32.990469628871,17.142007533935,
    4.50000326664));
#2065 = CARTESIAN_POINT('',(33.1608506184,19.285571604927,6.179754003561
    ));
#2066 = CARTESIAN_POINT('',(33.331522542185,19.947966142983,
    9.564574300228));
#2067 = CARTESIAN_POINT('',(33.501530533459,17.725501541516,
    13.088411565641));
#2068 = CARTESIAN_POINT('',(33.672659976798,12.594603812871,
    14.279252050319));
#2069 = CARTESIAN_POINT('',(33.842345013023,8.220845827674,
    9.905320973754));
#2070 = CARTESIAN_POINT('',(34.01346536068,9.411500752867,4.774538686997
    ));
#2071 = CARTESIAN_POINT('',(34.183487951012,12.935479462699,
    2.552020517198));
#2072 = CARTESIAN_POINT('',(34.354144792218,16.32022361548,
    3.214430983742));
#2073 = CARTESIAN_POINT('',(34.524537543753,18.000001521792,
    5.357991852063));
#2074 = CARTESIAN_POINT('',(34.694999999998,18.000000000001,7.5));
#2075 = CARTESIAN_POINT('',(34.865469628877,17.999996733358,
    9.642007533934));
#2076 = CARTESIAN_POINT('',(35.03585061839,16.320245996444,
    11.785571604929));
#2077 = CARTESIAN_POINT('',(35.206522542198,12.935425699763,
    12.447966142983));
#2078 = CARTESIAN_POINT('',(35.37653053345,9.411588434369,
    10.225501541511));
#2079 = CARTESIAN_POINT('',(35.547659976801,8.220747949674,
    5.094603812882));
#2080 = CARTESIAN_POINT('',(35.717345013024,12.594679026249,
    0.720845827659));
#2081 = CARTESIAN_POINT('',(35.88846536068,17.725461313002,1.91150075288
    ));
#2082 = CARTESIAN_POINT('',(36.058487951012,19.947979482803,
    5.435479462691));
#2083 = CARTESIAN_POINT('',(36.229144792217,19.285569016256,
    8.820223615483));
#2084 = CARTESIAN_POINT('',(36.399537543754,17.142008147939,
    10.500001521791));
#2085 = CARTESIAN_POINT('',(36.569999999996,15.,10.500000000001));
#2086 = CARTESIAN_POINT('',(36.740469628881,12.857992466066,
    10.499996733357));
#2087 = CARTESIAN_POINT('',(36.910850618383,10.714428395071,
    8.820245996446));
#2088 = CARTESIAN_POINT('',(37.081522542205,10.052033857017,
    5.435425699762));
#2089 = CARTESIAN_POINT('',(37.251530533445,12.274498458486,
    1.911588434367));
#2090 = CARTESIAN_POINT('',(37.422659976801,17.405396187126,
    0.720747949679));
#2091 = CARTESIAN_POINT('',(37.592345013028,21.779154172328,
    5.094679026242));
#2092 = CARTESIAN_POINT('',(37.763465360673,20.588499247132,
    10.225461313008));
#2093 = CARTESIAN_POINT('',(37.933487951018,17.064520537301,
    12.447979482801));
#2094 = CARTESIAN_POINT('',(38.104144792212,13.679776384519,
    11.785569016256));
#2095 = CARTESIAN_POINT('',(38.274537543758,11.99999847821,9.64200814794
    ));
#2096 = CARTESIAN_POINT('',(38.444999999994,11.999999999999,
    7.499999999999));
#2097 = CARTESIAN_POINT('',(38.615469628888,12.000003266644,
    5.357992466067));
#2098 = CARTESIAN_POINT('',(38.785850618369,13.679754003552,
    3.214428395071));
#2099 = CARTESIAN_POINT('',(38.956522542228,17.064574300239,
    2.552033857016));
#2100 = CARTESIAN_POINT('',(39.126530533412,20.588411565641,
    4.77449845849));
#2101 = CARTESIAN_POINT('',(39.297659976843,21.779252050298,
    9.905396187121));
#2102 = CARTESIAN_POINT('',(39.467345012979,17.405320973793,
    14.27915417233));
#2103 = CARTESIAN_POINT('',(39.638465360722,12.274538686958,
    13.088499247136));
#2104 = CARTESIAN_POINT('',(39.808487950976,10.052020517223,
    9.564520537295));
#2105 = CARTESIAN_POINT('',(39.979144792241,10.714430983733,
    6.179776384525));
#2106 = CARTESIAN_POINT('',(40.149537543742,12.857991852063,
    4.499998478206));
#2107 = CARTESIAN_POINT('',(40.320000000001,15.,4.5));
#2108 = CARTESIAN_POINT('',(40.490469628868,17.142007533934,
    4.50000326664));
#2109 = CARTESIAN_POINT('',(40.660850618407,19.285571604931,
    6.179754003556));
#2110 = CARTESIAN_POINT('',(40.831522542176,19.947966142976,
    9.564574300244));
#2111 = CARTESIAN_POINT('',(41.001530533466,17.725501541521,
    13.088411565607));
#2112 = CARTESIAN_POINT('',(41.172659976794,12.594603812873,
    14.279252050369));
#2113 = CARTESIAN_POINT('',(41.342345013026,8.220845827665,9.9053209737)
  );
#2114 = CARTESIAN_POINT('',(41.513465360677,9.411500752877,
    4.774538687039));
#2115 = CARTESIAN_POINT('',(41.683487951016,12.935479462693,
    2.552020517174));
#2116 = CARTESIAN_POINT('',(41.854144792214,16.320223615482,
    3.214430983751));
#2117 = CARTESIAN_POINT('',(42.024537543755,18.000001521792,
    5.35799185206));
#2118 = CARTESIAN_POINT('',(42.194999999997,18.000000000001,
    7.500000000001));
#2119 = CARTESIAN_POINT('',(42.365469628879,17.999996733357,
    9.642007533933));
#2120 = CARTESIAN_POINT('',(42.535850618386,16.32024599645,
    11.785571604933));
#2121 = CARTESIAN_POINT('',(42.706522542201,12.935425699751,
    12.447966142973));
#2122 = CARTESIAN_POINT('',(42.876530533446,9.411588434381,
    10.22550154153));
#2123 = CARTESIAN_POINT('',(43.047659976806,8.22074794967,5.094603812854
    ));
#2124 = CARTESIAN_POINT('',(43.217345013018,12.594679026241,
    0.720845827691));
#2125 = CARTESIAN_POINT('',(43.388465360687,17.725461313015,
    1.911500752853));
#2126 = CARTESIAN_POINT('',(43.558487951004,19.947979482794,
    5.435479462708));
#2127 = CARTESIAN_POINT('',(43.729144792222,19.285569016259,
    8.820223615476));
#2128 = CARTESIAN_POINT('',(43.899537543753,17.14200814794,
    10.500001521793));
#2129 = CARTESIAN_POINT('',(44.069999999996,14.999999999999,
    10.500000000001));
#2130 = CARTESIAN_POINT('',(44.240469628881,12.857992466067,
    10.499996733356));
#2131 = CARTESIAN_POINT('',(44.410850618385,10.714428395068,
    8.820245996451));
#2132 = CARTESIAN_POINT('',(44.581522542202,10.052033857024,
    5.435425699753));
#2133 = CARTESIAN_POINT('',(44.751530533446,12.274498458476,
    1.911588434374));
#2134 = CARTESIAN_POINT('',(44.922659976807,17.405396187137,
    0.720747949683));
#2135 = CARTESIAN_POINT('',(45.09234501301,21.779154172319,
    5.094679026225));
#2136 = CARTESIAN_POINT('',(45.263465360701,20.58849924714,
    10.225461313029));
#2137 = CARTESIAN_POINT('',(45.433487950988,17.064520537295,
    12.447979482787));
#2138 = CARTESIAN_POINT('',(45.604144792236,13.679776384524,
    11.785569016262));
#2139 = CARTESIAN_POINT('',(45.774537543744,11.999998478206,
    9.642008147939));
#2140 = CARTESIAN_POINT('',(45.945,12.,7.5));
#2141 = CARTESIAN_POINT('',(46.115469851493,12.000003246736,
    5.35799251329));
#2142 = CARTESIAN_POINT('',(46.285849629124,13.67975409201,
    3.214428185219));
#2143 = CARTESIAN_POINT('',(46.456525217998,17.064574060992,
    2.552034424629));
#2144 = CARTESIAN_POINT('',(46.626525173456,20.588412044866,
    4.774497321489));
#2145 = CARTESIAN_POINT('',(46.79766848717,21.779251289419,
    9.905397992392));
#2146 = CARTESIAN_POINT('',(46.967333961773,17.405321961844,
    14.279151828082));
#2147 = CARTESIAN_POINT('',(47.138477275188,12.27453762171,
    13.088501774495));
#2148 = CARTESIAN_POINT('',(47.308477231024,10.05202147569,
    9.564518263324));
#2149 = CARTESIAN_POINT('',(47.479152819643,10.714430265992,
    6.179778087339));
#2150 = CARTESIAN_POINT('',(47.649532597373,12.857992294331,
    4.499997428956));
#2151 = CARTESIAN_POINT('',(47.820002448848,14.999999781042,
    4.500000519462));
#2152 = ORIENTED_EDGE('',*,*,#2020,.F.);
#2153 = B_SPLINE_SURFACE_WITH_KNOTS('',1,11,(
    (#2154,#2155,#2156,#2157,#2158,#2159,#2160,#2161,#2162,#2163,#2164
      ,#2165,#2166,#2167,#2168,#2169,#2170,#2171,#2172,#2173,#2174,#2175
      ,#2176,#2177,#2178,#2179,#2180,#2181,#2182,#2183,#2184,#2185,#2186
      ,#2187,#2188,#2189,#2190,#2191,#2192,#2193,#2194,#2195,#2196,#2197
      ,#2198,#2199,#2200,#2201,#2202,#2203,#2204,#2205,#2206,#2207,#2208
      ,#2209,#2210,#2211,#2212,#2213,#2214,#2215,#2216,#2217,#2218,#2219
      ,#2220,#2221,#2222,#2223,#2224,#2225,#2226,#2227,#2228,#2229,#2230
      ,#2231,#2232,#2233,#2234,#2235,#2236,#2237,#2238,#2239,#2240,#2241
      ,#2242)
    ,(#2243,#2244,#2245,#2246,#2247,#2248,#2249,#2250,#2251,#2252,#2253
      ,#2254,#2255,#2256,#2257,#2258,#2259,#2260,#2261,#2262,#2263,#2264
      ,#2265,#2266,#2267,#2268,#2269,#2270,#2271,#2272,#2273,#2274,#2275
      ,#2276,#2277,#2278,#2279,#2280,#2281,#2282,#2283,#2284,#2285,#2286
      ,#2287,#2288,#2289,#2290,#2291,#2292,#2293,#2294,#2295,#2296,#2297
      ,#2298,#2299,#2300,#2301,#2302,#2303,#2304,#2305,#2306,#2307,#2308
      ,#2309,#2310,#2311,#2312,#2313,#2314,#2315,#2316,#2317,#2318,#2319
      ,#2320,#2321,#2322,#2323,#2324,#2325,#2326,#2327,#2328,#2329,#2330
      ,#2331
    )),.UNSPECIFIED.,.F.,.F.,.F.,(2,2),(12,11,11,11,11,11,11,11,12),(0.,
    0.14),(0.,8.074692099815,16.149384199629,24.224076299444,
    32.298768399258,40.373460499073,48.448152598888,56.522844698702,
    64.597536798517),.PIECEWISE_BEZIER_KNOTS.);
#2154 = CARTESIAN_POINT('',(32.68,15.,4.5));
#2155 = CARTESIAN_POINT('',(32.850469628871,17.1420078104,4.499996773168
    ));
#2156 = CARTESIAN_POINT('',(33.020850618398,19.285570589472,
    6.179777457111));
#2157 = CARTESIAN_POINT('',(33.191522542248,19.947978964238,
    9.564518499877));
#2158 = CARTESIAN_POINT('',(33.361530533221,17.725464395152,
    13.088502062345));
#2159 = CARTESIAN_POINT('',(33.532659977307,12.594676310677,
    14.279153940351));
#2160 = CARTESIAN_POINT('',(33.702345012323,8.220750057501,
    9.905397913867));
#2161 = CARTESIAN_POINT('',(33.873465361341,9.411584260201,
    4.774498323796));
#2162 = CARTESIAN_POINT('',(34.043487950591,12.935427495056,
    2.552032759613));
#2163 = CARTESIAN_POINT('',(34.214144792392,16.320244120695,
    3.214428064689));
#2164 = CARTESIAN_POINT('',(34.384537543717,17.99999816569,
    5.357991481155));
#2165 = CARTESIAN_POINT('',(34.554999999998,18.,7.5));
#2166 = CARTESIAN_POINT('',(34.725469628877,18.000003226833,
    9.642007810398));
#2167 = CARTESIAN_POINT('',(34.895850618387,16.320222542886,
    11.785570589475));
#2168 = CARTESIAN_POINT('',(35.066522542261,12.935481500127,
    12.447978964233));
#2169 = CARTESIAN_POINT('',(35.236530533211,9.41149793765,
    10.225464395154));
#2170 = CARTESIAN_POINT('',(35.407659977312,8.220846059653,
    5.094676310685));
#2171 = CARTESIAN_POINT('',(35.577345012322,12.594602086132,
    0.720750057485));
#2172 = CARTESIAN_POINT('',(35.74846536134,17.725501676202,1.91158426022
    ));
#2173 = CARTESIAN_POINT('',(35.918487950591,19.947967240391,
    5.435427495043));
#2174 = CARTESIAN_POINT('',(36.089144792392,19.285571935308,8.8202441207
    ));
#2175 = CARTESIAN_POINT('',(36.259537543718,17.142008518846,
    10.499998165689));
#2176 = CARTESIAN_POINT('',(36.429999999996,15.,10.499999999999));
#2177 = CARTESIAN_POINT('',(36.600469628881,12.857992189602,
    10.500003226834));
#2178 = CARTESIAN_POINT('',(36.770850618381,10.714429410524,
    8.820222542882));
#2179 = CARTESIAN_POINT('',(36.941522542268,10.052021035771,
    5.435481500135));
#2180 = CARTESIAN_POINT('',(37.111530533206,12.274535604837,
    1.911497937637));
#2181 = CARTESIAN_POINT('',(37.282659977312,17.40532368933,
    0.720846059668));
#2182 = CARTESIAN_POINT('',(37.452345012326,21.779249942499,
    5.094602086121));
#2183 = CARTESIAN_POINT('',(37.623465361334,20.588415739793,
    10.225501676208));
#2184 = CARTESIAN_POINT('',(37.793487950597,17.06457250495,
    12.447967240389));
#2185 = CARTESIAN_POINT('',(37.964144792387,13.679755879303,
    11.785571935307));
#2186 = CARTESIAN_POINT('',(38.134537543721,12.00000183431,
    9.642008518848));
#2187 = CARTESIAN_POINT('',(38.304999999994,12.000000000001,
    7.499999999999));
#2188 = CARTESIAN_POINT('',(38.475469628888,11.999996773165,
    5.357992189602));
#2189 = CARTESIAN_POINT('',(38.645850618367,13.679777457123,
    3.214429410523));
#2190 = CARTESIAN_POINT('',(38.816522542291,17.064518499852,
    2.55202103577));
#2191 = CARTESIAN_POINT('',(38.986530533173,20.588502062388,
    4.774535604843));
#2192 = CARTESIAN_POINT('',(39.157659977353,21.779153940293,
    9.905323689317));
#2193 = CARTESIAN_POINT('',(39.327345012278,17.405397913925,
    14.279249942516));
#2194 = CARTESIAN_POINT('',(39.498465361383,12.274498323752,
    13.088415739777));
#2195 = CARTESIAN_POINT('',(39.668487950555,10.052032759637,
    9.564572504961));
#2196 = CARTESIAN_POINT('',(39.839144792416,10.714428064681,
    6.179755879297));
#2197 = CARTESIAN_POINT('',(40.009537543706,12.857991481156,
    4.500001834312));
#2198 = CARTESIAN_POINT('',(40.180000000001,15.,4.5));
#2199 = CARTESIAN_POINT('',(40.350469628868,17.142007810398,
    4.49999677317));
#2200 = CARTESIAN_POINT('',(40.520850618405,19.285570589476,
    6.179777457103));
#2201 = CARTESIAN_POINT('',(40.69152254224,19.947978964233,
    9.564518499899));
#2202 = CARTESIAN_POINT('',(40.861530533226,17.725464395155,
    13.088502062304));
#2203 = CARTESIAN_POINT('',(41.032659977307,12.59467631068,
    14.279153940406));
#2204 = CARTESIAN_POINT('',(41.202345012321,8.220750057494,
    9.905397913812));
#2205 = CARTESIAN_POINT('',(41.37346536134,9.411584260208,4.774498323837
    ));
#2206 = CARTESIAN_POINT('',(41.543487950594,12.935427495054,
    2.552032759591));
#2207 = CARTESIAN_POINT('',(41.714144792389,16.320244120694,
    3.214428064697));
#2208 = CARTESIAN_POINT('',(41.884537543719,17.999998165691,
    5.357991481153));
#2209 = CARTESIAN_POINT('',(42.054999999997,17.999999999999,7.5));
#2210 = CARTESIAN_POINT('',(42.225469628879,18.000003226833,
    9.642007810397));
#2211 = CARTESIAN_POINT('',(42.395850618386,16.320222542887,
    11.78557058948));
#2212 = CARTESIAN_POINT('',(42.56652254226,12.935481500123,
    12.447978964222));
#2213 = CARTESIAN_POINT('',(42.736530533214,9.411497937654,
    10.225464395172));
#2214 = CARTESIAN_POINT('',(42.907659977308,8.220846059654,
    5.094676310662));
#2215 = CARTESIAN_POINT('',(43.077345012325,12.594602086125,
    0.720750057506));
#2216 = CARTESIAN_POINT('',(43.248465361341,17.725501676212,
    1.911584260206));
#2217 = CARTESIAN_POINT('',(43.418487950588,19.947967240384,
    5.43542749505));
#2218 = CARTESIAN_POINT('',(43.589144792395,19.28557193531,
    8.820244120698));
#2219 = CARTESIAN_POINT('',(43.759537543717,17.142008518848,
    10.49999816569));
#2220 = CARTESIAN_POINT('',(43.929999999996,14.999999999999,
    10.499999999999));
#2221 = CARTESIAN_POINT('',(44.10046962888,12.857992189603,
    10.500003226833));
#2222 = CARTESIAN_POINT('',(44.270850618384,10.714429410521,
    8.820222542886));
#2223 = CARTESIAN_POINT('',(44.441522542262,10.052021035775,
    5.435481500128));
#2224 = CARTESIAN_POINT('',(44.611530533212,12.274535604835,
    1.911497937644));
#2225 = CARTESIAN_POINT('',(44.782659977312,17.405323689324,
    0.720846059669));
#2226 = CARTESIAN_POINT('',(44.952345012314,21.779249942512,
    5.094602086108));
#2227 = CARTESIAN_POINT('',(45.123465361358,20.588415739777,
    10.225501676225));
#2228 = CARTESIAN_POINT('',(45.293487950569,17.064572504962,
    12.447967240376));
#2229 = CARTESIAN_POINT('',(45.46414479241,13.679755879296,
    11.785571935313));
#2230 = CARTESIAN_POINT('',(45.634537543707,12.000001834313,
    9.642008518846));
#2231 = CARTESIAN_POINT('',(45.805,12.,7.5));
#2232 = CARTESIAN_POINT('',(45.975469851494,11.999996753264,
    5.357992142379));
#2233 = CARTESIAN_POINT('',(46.14584962912,13.67977754556,3.214429620367
    ));
#2234 = CARTESIAN_POINT('',(46.316525218066,17.064518260641,
    2.552020468182));
#2235 = CARTESIAN_POINT('',(46.486525173207,20.588502541568,
    4.774536741793));
#2236 = CARTESIAN_POINT('',(46.657668487695,21.779153179454,
    9.905321884124));
#2237 = CARTESIAN_POINT('',(46.827333961053,17.405398901952,
    14.279252286668));
#2238 = CARTESIAN_POINT('',(46.998477275868,12.274497258512,
    13.088413212516));
#2239 = CARTESIAN_POINT('',(47.168477230586,10.052033718105,
    9.564574778845));
#2240 = CARTESIAN_POINT('',(47.33915281983,10.714427346938,
    6.179754176547));
#2241 = CARTESIAN_POINT('',(47.509532597329,12.857991923424,
    4.500002883524));
#2242 = CARTESIAN_POINT('',(47.680002448852,14.999999781041,
    4.499999480556));
#2243 = CARTESIAN_POINT('',(32.82,15.,4.5));
#2244 = CARTESIAN_POINT('',(32.990469628871,17.142007533935,
    4.50000326664));
#2245 = CARTESIAN_POINT('',(33.1608506184,19.285571604927,6.179754003561
    ));
#2246 = CARTESIAN_POINT('',(33.331522542185,19.947966142983,
    9.564574300228));
#2247 = CARTESIAN_POINT('',(33.501530533459,17.725501541516,
    13.088411565641));
#2248 = CARTESIAN_POINT('',(33.672659976798,12.594603812871,
    14.279252050319));
#2249 = CARTESIAN_POINT('',(33.842345013023,8.220845827674,
    9.905320973754));
#2250 = CARTESIAN_POINT('',(34.01346536068,9.411500752867,4.774538686997
    ));
#2251 = CARTESIAN_POINT('',(34.183487951012,12.935479462699,
    2.552020517198));
#2252 = CARTESIAN_POINT('',(34.354144792218,16.32022361548,
    3.214430983742));
#2253 = CARTESIAN_POINT('',(34.524537543753,18.000001521792,
    5.357991852063));
#2254 = CARTESIAN_POINT('',(34.694999999998,18.000000000001,7.5));
#2255 = CARTESIAN_POINT('',(34.865469628877,17.999996733358,
    9.642007533934));
#2256 = CARTESIAN_POINT('',(35.03585061839,16.320245996444,
    11.785571604929));
#2257 = CARTESIAN_POINT('',(35.206522542198,12.935425699763,
    12.447966142983));
#2258 = CARTESIAN_POINT('',(35.37653053345,9.411588434369,
    10.225501541511));
#2259 = CARTESIAN_POINT('',(35.547659976801,8.220747949674,
    5.094603812882));
#2260 = CARTESIAN_POINT('',(35.717345013024,12.594679026249,
    0.720845827659));
#2261 = CARTESIAN_POINT('',(35.88846536068,17.725461313002,1.91150075288
    ));
#2262 = CARTESIAN_POINT('',(36.058487951012,19.947979482803,
    5.435479462691));
#2263 = CARTESIAN_POINT('',(36.229144792217,19.285569016256,
    8.820223615483));
#2264 = CARTESIAN_POINT('',(36.399537543754,17.142008147939,
    10.500001521791));
#2265 = CARTESIAN_POINT('',(36.569999999996,15.,10.500000000001));
#2266 = CARTESIAN_POINT('',(36.740469628881,12.857992466066,
    10.499996733357));
#2267 = CARTESIAN_POINT('',(36.910850618383,10.714428395071,
    8.820245996446));
#2268 = CARTESIAN_POINT('',(37.081522542205,10.052033857017,
    5.435425699762));
#2269 = CARTESIAN_POINT('',(37.251530533445,12.274498458486,
    1.911588434367));
#2270 = CARTESIAN_POINT('',(37.422659976801,17.405396187126,
    0.720747949679));
#2271 = CARTESIAN_POINT('',(37.592345013028,21.779154172328,
    5.094679026242));
#2272 = CARTESIAN_POINT('',(37.763465360673,20.588499247132,
    10.225461313008));
#2273 = CARTESIAN_POINT('',(37.933487951018,17.064520537301,
    12.447979482801));
#2274 = CARTESIAN_POINT('',(38.104144792212,13.679776384519,
    11.785569016256));
#2275 = CARTESIAN_POINT('',(38.274537543758,11.99999847821,9.64200814794
    ));
#2276 = CARTESIAN_POINT('',(38.444999999994,11.999999999999,
    7.499999999999));
#2277 = CARTESIAN_POINT('',(38.615469628888,12.000003266644,
    5.357992466067));
#2278 = CARTESIAN_POINT('',(38.785850618369,13.679754003552,
    3.214428395071));
#2279 = CARTESIAN_POINT('',(38.956522542228,17.064574300239,
    2.552033857016));
#2280 = CARTESIAN_POINT('',(39.126530533412,20.588411565641,
    4.77449845849));
#2281 = CARTESIAN_POINT('',(39.297659976843,21.779252050298,
    9.905396187121));
#2282 = CARTESIAN_POINT('',(39.467345012979,17.405320973793,
    14.27915417233));
#2283 = CARTESIAN_POINT('',(39.638465360722,12.274538686958,
    13.088499247136));
#2284 = CARTESIAN_POINT('',(39.808487950976,10.052020517223,
    9.564520537295));
#2285 = CARTESIAN_POINT('',(39.979144792241,10.714430983733,
    6.179776384525));
#2286 = CARTESIAN_POINT('',(40.149537543742,12.857991852063,
    4.499998478206));
#2287 = CARTESIAN_POINT('',(40.320000000001,15.,4.5));
#2288 = CARTESIAN_POINT('',(40.490469628868,17.142007533934,
    4.50000326664));
#2289 = CARTESIAN_POINT('',(40.660850618407,19.285571604931,
    6.179754003556));
#2290 = CARTESIAN_POINT('',(40.831522542176,19.947966142976,
    9.564574300244));
#2291 = CARTESIAN_POINT('',(41.001530533466,17.725501541521,
    13.088411565607));
#2292 = CARTESIAN_POINT('',(41.172659976794,12.594603812873,
    14.279252050369));
#2293 = CARTESIAN_POINT('',(41.342345013026,8.220845827665,9.9053209737)
  );
#2294 = CARTESIAN_POINT('',(41.513465360677,9.411500752877,
    4.774538687039));
#2295 = CARTESIAN_POINT('',(41.683487951016,12.935479462693,
    2.552020517174));
#2296 = CARTESIAN_POINT('',(41.854144792214,16.320223615482,
    3.214430983751));
#2297 = CARTESIAN_POINT('',(42.024537543755,18.000001521792,
    5.35799185206));
#2298 = CARTESIAN_POINT('',(42.194999999997,18.000000000001,
    7.500000000001));
#2299 = CARTESIAN_POINT('',(42.365469628879,17.999996733357,
    9.642007533933));
#2300 = CARTESIAN_POINT('',(42.535850618386,16.32024599645,
    11.785571604933));
#2301 = CARTESIAN_POINT('',(42.706522542201,12.935425699751,
    12.447966142973));
#2302 = CARTESIAN_POINT('',(42.876530533446,9.411588434381,
    10.22550154153));
#2303 = CARTESIAN_POINT('',(43.047659976806,8.22074794967,5.094603812854
    ));
#2304 = CARTESIAN_POINT('',(43.217345013018,12.594679026241,
    0.720845827691));
#2305 = CARTESIAN_POINT('',(43.388465360687,17.725461313015,
    1.911500752853));
#2306 = CARTESIAN_POINT('',(43.558487951004,19.947979482794,
    5.435479462708));
#2307 = CARTESIAN_POINT('',(43.729144792222,19.285569016259,
    8.820223615476));
#2308 = CARTESIAN_POINT('',(43.899537543753,17.14200814794,
    10.500001521793));
#2309 = CARTESIAN_POINT('',(44.069999999996,14.999999999999,
    10.500000000001));
#2310 = CARTESIAN_POINT('',(44.240469628881,12.857992466067,
    10.499996733356));
#2311 = CARTESIAN_POINT('',(44.410850618385,10.714428395068,
    8.820245996451));
#2312 = CARTESIAN_POINT('',(44.581522542202,10.052033857024,
    5.435425699753));
#2313 = CARTESIAN_POINT('',(44.751530533446,12.274498458476,
    1.911588434374));
#2314 = CARTESIAN_POINT('',(44.922659976807,17.405396187137,
    0.720747949683));
#2315 = CARTESIAN_POINT('',(45.09234501301,21.779154172319,
    5.094679026225));
#2316 = CARTESIAN_POINT('',(45.263465360701,20.58849924714,
    10.225461313029));
#2317 = CARTESIAN_POINT('',(45.433487950988,17.064520537295,
    12.447979482787));
#2318 = CARTESIAN_POINT('',(45.604144792236,13.679776384524,
    11.785569016262));
#2319 = CARTESIAN_POINT('',(45.774537543744,11.999998478206,
    9.642008147939));
#2320 = CARTESIAN_POINT('',(45.945,12.,7.5));
#2321 = CARTESIAN_POINT('',(46.115469851493,12.000003246736,
    5.35799251329));
#2322 = CARTESIAN_POINT('',(46.285849629124,13.67975409201,
    3.214428185219));
#2323 = CARTESIAN_POINT('',(46.456525217998,17.064574060992,
    2.552034424629));
#2324 = CARTESIAN_POINT('',(46.626525173456,20.588412044866,
    4.774497321489));
#2325 = CARTESIAN_POINT('',(46.79766848717,21.779251289419,
    9.905397992392));
#2326 = CARTESIAN_POINT('',(46.967333961773,17.405321961844,
    14.279151828082));
#2327 = CARTESIAN_POINT('',(47.138477275188,12.27453762171,
    13.088501774495));
#2328 = CARTESIAN_POINT('',(47.308477231024,10.05202147569,
    9.564518263324));
#2329 = CARTESIAN_POINT('',(47.479152819643,10.714430265992,
    6.179778087339));
#2330 = CARTESIAN_POINT('',(47.649532597373,12.857992294331,
    4.499997428956));
#2331 = CARTESIAN_POINT('',(47.820002448848,14.999999781042,
    4.500000519462));
#2332 = ADVANCED_FACE('',(#2333),#2363,.F.);
#2333 = FACE_BOUND('',#2334,.F.);
#2334 = EDGE_LOOP('',(#2335,#2336,#2337,#2338));
#2335 = ORIENTED_EDGE('',*,*,#2042,.T.);
#2336 = ORIENTED_EDGE('',*,*,#1356,.T.);
#2337 = ORIENTED_EDGE('',*,*,#1760,.T.);
#2338 = ORIENTED_EDGE('',*,*,#2339,.T.);
#2339 = EDGE_CURVE('',#1665,#2043,#2340,.T.);
#2340 = B_SPLINE_CURVE_WITH_KNOTS('',6,(#2341,#2342,#2343,#2344,#2345,
    #2346,#2347,#2348,#2349,#2350,#2351,#2352,#2353,#2354,#2355,#2356,
    #2357,#2358,#2359,#2360,#2361,#2362),.UNSPECIFIED.,.F.,.F.,(7,5,5,5,
    7),(0.,0.22540631844,0.46630628713,0.721461265859,1.),
  .UNSPECIFIED.);
#2341 = CARTESIAN_POINT('',(47.,16.539981888831,5.380359343399));
#2342 = CARTESIAN_POINT('',(47.,16.736697149365,5.504536207512));
#2343 = CARTESIAN_POINT('',(47.,16.920374662953,5.649855512572));
#2344 = CARTESIAN_POINT('',(47.,17.088201408102,5.814406147574));
#2345 = CARTESIAN_POINT('',(47.,17.237888085184,5.995855561493));
#2346 = CARTESIAN_POINT('',(47.,17.367550501744,6.191604145773));
#2347 = CARTESIAN_POINT('',(47.,17.591509084647,6.620078920624));
#2348 = CARTESIAN_POINT('',(47.,17.682801972011,6.854499540759));
#2349 = CARTESIAN_POINT('',(47.,17.747977399634,7.098433293217));
#2350 = CARTESIAN_POINT('',(47.,17.786131726266,7.348210539804));
#2351 = CARTESIAN_POINT('',(47.,17.796935830188,7.600134389397));
#2352 = CARTESIAN_POINT('',(47.,17.763689348369,8.115629627912));
#2353 = CARTESIAN_POINT('',(47.,17.716347831849,8.379114375391));
#2354 = CARTESIAN_POINT('',(47.,17.63919818799,8.6365095005));
#2355 = CARTESIAN_POINT('',(47.,17.533545353109,8.883770825135));
#2356 = CARTESIAN_POINT('',(47.,17.401267006209,9.117172559526));
#2357 = CARTESIAN_POINT('',(47.,17.074374609305,9.569445427598));
#2358 = CARTESIAN_POINT('',(47.,16.875076037577,9.785138331588));
#2359 = CARTESIAN_POINT('',(47.,16.650439902183,9.976141647329));
#2360 = CARTESIAN_POINT('',(47.,16.404519128346,10.139156069704));
#2361 = CARTESIAN_POINT('',(47.,16.141753651903,10.271616284405));
#2362 = CARTESIAN_POINT('',(47.,15.867110967956,10.371947563894));
#2363 = PLANE('',#2364);
#2364 = AXIS2_PLACEMENT_3D('',#2365,#2366,#2367);
#2365 = CARTESIAN_POINT('',(47.,15.,7.5));
#2366 = DIRECTION('',(1.,0.,1.110223024625E-16));
#2367 = DIRECTION('',(1.110223024625E-16,0.,-1.));
#2368 = ADVANCED_FACE('',(#2369),#2375,.F.);
#2369 = FACE_BOUND('',#2370,.F.);
#2370 = EDGE_LOOP('',(#2371,#2372,#2373,#2374));
#2371 = ORIENTED_EDGE('',*,*,#2061,.F.);
#2372 = ORIENTED_EDGE('',*,*,#2339,.F.);
#2373 = ORIENTED_EDGE('',*,*,#1664,.T.);
#2374 = ORIENTED_EDGE('',*,*,#2027,.F.);
#2375 = B_SPLINE_SURFACE_WITH_KNOTS('',1,11,(
    (#2376,#2377,#2378,#2379,#2380,#2381,#2382,#2383,#2384,#2385,#2386
      ,#2387,#2388,#2389,#2390,#2391,#2392,#2393,#2394,#2395,#2396,#2397
      ,#2398,#2399,#2400,#2401,#2402,#2403,#2404,#2405,#2406,#2407,#2408
      ,#2409,#2410,#2411,#2412,#2413,#2414,#2415,#2416,#2417,#2418,#2419
      ,#2420,#2421,#2422,#2423,#2424,#2425,#2426,#2427,#2428,#2429,#2430
      ,#2431,#2432,#2433,#2434,#2435,#2436,#2437,#2438,#2439,#2440,#2441
      ,#2442,#2443,#2444,#2445,#2446,#2447,#2448,#2449,#2450,#2451,#2452
      ,#2453,#2454,#2455,#2456,#2457,#2458,#2459,#2460,#2461,#2462,#2463
      ,#2464)
    ,(#2465,#2466,#2467,#2468,#2469,#2470,#2471,#2472,#2473,#2474,#2475
      ,#2476,#2477,#2478,#2479,#2480,#2481,#2482,#2483,#2484,#2485,#2486
      ,#2487,#2488,#2489,#2490,#2491,#2492,#2493,#2494,#2495,#2496,#2497
      ,#2498,#2499,#2500,#2501,#2502,#2503,#2504,#2505,#2506,#2507,#2508
      ,#2509,#2510,#2511,#2512,#2513,#2514,#2515,#2516,#2517,#2518,#2519
      ,#2520,#2521,#2522,#2523,#2524,#2525,#2526,#2527,#2528,#2529,#2530
      ,#2531,#2532,#2533,#2534,#2535,#2536,#2537,#2538,#2539,#2540,#2541
      ,#2542,#2543,#2544,#2545,#2546,#2547,#2548,#2549,#2550,#2551,#2552
      ,#2553
    )),.UNSPECIFIED.,.F.,.F.,.F.,(2,2),(12,11,11,11,11,11,11,11,12),(0.,
    0.652150289427),(0.,8.074692099815,16.149384199629,24.224076299444,
    32.298768399258,40.373460499073,48.448152598888,56.522844698702,
    64.597536798517),.PIECEWISE_BEZIER_KNOTS.);
#2376 = CARTESIAN_POINT('',(32.82,15.,4.5));
#2377 = CARTESIAN_POINT('',(32.990469628871,17.142007533935,
    4.50000326664));
#2378 = CARTESIAN_POINT('',(33.1608506184,19.285571604927,6.179754003561
    ));
#2379 = CARTESIAN_POINT('',(33.331522542185,19.947966142983,
    9.564574300229));
#2380 = CARTESIAN_POINT('',(33.501530533459,17.725501541516,
    13.088411565641));
#2381 = CARTESIAN_POINT('',(33.672659976798,12.594603812871,
    14.27925205032));
#2382 = CARTESIAN_POINT('',(33.842345013023,8.220845827674,
    9.905320973753));
#2383 = CARTESIAN_POINT('',(34.01346536068,9.411500752866,4.774538686997
    ));
#2384 = CARTESIAN_POINT('',(34.183487951012,12.935479462699,
    2.552020517198));
#2385 = CARTESIAN_POINT('',(34.354144792218,16.32022361548,
    3.214430983742));
#2386 = CARTESIAN_POINT('',(34.524537543753,18.000001521792,
    5.357991852062));
#2387 = CARTESIAN_POINT('',(34.694999999998,18.000000000001,7.5));
#2388 = CARTESIAN_POINT('',(34.865469628877,17.999996733358,
    9.642007533934));
#2389 = CARTESIAN_POINT('',(35.03585061839,16.320245996445,
    11.785571604929));
#2390 = CARTESIAN_POINT('',(35.206522542198,12.935425699761,
    12.447966142983));
#2391 = CARTESIAN_POINT('',(35.37653053345,9.411588434371,
    10.225501541511));
#2392 = CARTESIAN_POINT('',(35.547659976801,8.220747949671,
    5.094603812883));
#2393 = CARTESIAN_POINT('',(35.717345013024,12.594679026251,
    0.720845827659));
#2394 = CARTESIAN_POINT('',(35.88846536068,17.725461313001,1.91150075288
    ));
#2395 = CARTESIAN_POINT('',(36.058487951012,19.947979482804,
    5.435479462691));
#2396 = CARTESIAN_POINT('',(36.229144792217,19.285569016256,
    8.820223615483));
#2397 = CARTESIAN_POINT('',(36.399537543754,17.142008147939,
    10.500001521791));
#2398 = CARTESIAN_POINT('',(36.569999999996,15.,10.500000000001));
#2399 = CARTESIAN_POINT('',(36.740469628881,12.857992466066,
    10.499996733357));
#2400 = CARTESIAN_POINT('',(36.910850618383,10.714428395072,
    8.820245996446));
#2401 = CARTESIAN_POINT('',(37.081522542205,10.052033857016,
    5.435425699761));
#2402 = CARTESIAN_POINT('',(37.251530533445,12.274498458487,
    1.911588434368));
#2403 = CARTESIAN_POINT('',(37.422659976801,17.405396187124,
    0.720747949678));
#2404 = CARTESIAN_POINT('',(37.592345013028,21.77915417233,
    5.094679026243));
#2405 = CARTESIAN_POINT('',(37.763465360673,20.588499247131,
    10.225461313007));
#2406 = CARTESIAN_POINT('',(37.933487951018,17.064520537302,
    12.447979482802));
#2407 = CARTESIAN_POINT('',(38.104144792212,13.679776384519,
    11.785569016255));
#2408 = CARTESIAN_POINT('',(38.274537543758,11.99999847821,9.64200814794
    ));
#2409 = CARTESIAN_POINT('',(38.444999999994,11.999999999999,
    7.499999999999));
#2410 = CARTESIAN_POINT('',(38.615469628888,12.000003266644,
    5.357992466067));
#2411 = CARTESIAN_POINT('',(38.785850618369,13.679754003552,
    3.214428395071));
#2412 = CARTESIAN_POINT('',(38.956522542228,17.064574300239,
    2.552033857016));
#2413 = CARTESIAN_POINT('',(39.126530533412,20.588411565641,
    4.774498458489));
#2414 = CARTESIAN_POINT('',(39.297659976843,21.779252050298,
    9.905396187122));
#2415 = CARTESIAN_POINT('',(39.467345012979,17.405320973793,
    14.279154172329));
#2416 = CARTESIAN_POINT('',(39.638465360723,12.274538686957,
    13.088499247136));
#2417 = CARTESIAN_POINT('',(39.808487950976,10.052020517223,
    9.564520537294));
#2418 = CARTESIAN_POINT('',(39.979144792241,10.714430983733,
    6.179776384526));
#2419 = CARTESIAN_POINT('',(40.149537543742,12.857991852063,
    4.499998478206));
#2420 = CARTESIAN_POINT('',(40.320000000001,15.,4.5));
#2421 = CARTESIAN_POINT('',(40.490469628868,17.142007533934,
    4.50000326664));
#2422 = CARTESIAN_POINT('',(40.660850618407,19.285571604931,
    6.179754003557));
#2423 = CARTESIAN_POINT('',(40.831522542177,19.947966142977,
    9.564574300244));
#2424 = CARTESIAN_POINT('',(41.001530533464,17.72550154152,
    13.088411565608));
#2425 = CARTESIAN_POINT('',(41.172659976797,12.594603812874,
    14.279252050368));
#2426 = CARTESIAN_POINT('',(41.342345013023,8.220845827664,
    9.905320973701));
#2427 = CARTESIAN_POINT('',(41.513465360679,9.411500752878,
    4.774538687038));
#2428 = CARTESIAN_POINT('',(41.683487951015,12.935479462692,
    2.552020517175));
#2429 = CARTESIAN_POINT('',(41.854144792214,16.320223615482,
    3.214430983751));
#2430 = CARTESIAN_POINT('',(42.024537543755,18.000001521792,
    5.35799185206));
#2431 = CARTESIAN_POINT('',(42.194999999997,18.000000000001,
    7.500000000001));
#2432 = CARTESIAN_POINT('',(42.365469628879,17.999996733357,
    9.642007533933));
#2433 = CARTESIAN_POINT('',(42.535850618386,16.32024599645,
    11.785571604933));
#2434 = CARTESIAN_POINT('',(42.706522542201,12.935425699751,
    12.447966142973));
#2435 = CARTESIAN_POINT('',(42.876530533446,9.411588434381,
    10.225501541531));
#2436 = CARTESIAN_POINT('',(43.047659976806,8.22074794967,5.094603812854
    ));
#2437 = CARTESIAN_POINT('',(43.217345013018,12.59467902624,
    0.720845827691));
#2438 = CARTESIAN_POINT('',(43.388465360687,17.725461313016,
    1.911500752853));
#2439 = CARTESIAN_POINT('',(43.558487951004,19.947979482794,
    5.435479462708));
#2440 = CARTESIAN_POINT('',(43.729144792222,19.285569016259,
    8.820223615476));
#2441 = CARTESIAN_POINT('',(43.899537543753,17.14200814794,
    10.500001521793));
#2442 = CARTESIAN_POINT('',(44.069999999996,14.999999999999,
    10.500000000001));
#2443 = CARTESIAN_POINT('',(44.240469628881,12.857992466067,
    10.499996733356));
#2444 = CARTESIAN_POINT('',(44.410850618385,10.714428395068,
    8.82024599645));
#2445 = CARTESIAN_POINT('',(44.581522542202,10.052033857025,
    5.435425699753));
#2446 = CARTESIAN_POINT('',(44.751530533446,12.274498458475,
    1.911588434373));
#2447 = CARTESIAN_POINT('',(44.922659976807,17.405396187138,
    0.720747949684));
#2448 = CARTESIAN_POINT('',(45.09234501301,21.779154172318,
    5.094679026223));
#2449 = CARTESIAN_POINT('',(45.263465360701,20.588499247141,
    10.22546131303));
#2450 = CARTESIAN_POINT('',(45.433487950988,17.064520537294,
    12.447979482786));
#2451 = CARTESIAN_POINT('',(45.604144792236,13.679776384525,
    11.785569016262));
#2452 = CARTESIAN_POINT('',(45.774537543744,11.999998478206,
    9.642008147939));
#2453 = CARTESIAN_POINT('',(45.945,12.,7.5));
#2454 = CARTESIAN_POINT('',(46.115469851493,12.000003246736,
    5.35799251329));
#2455 = CARTESIAN_POINT('',(46.285849629124,13.67975409201,
    3.214428185219));
#2456 = CARTESIAN_POINT('',(46.456525217998,17.064574060992,
    2.552034424629));
#2457 = CARTESIAN_POINT('',(46.626525173456,20.588412044866,
    4.774497321489));
#2458 = CARTESIAN_POINT('',(46.79766848717,21.779251289418,
    9.905397992391));
#2459 = CARTESIAN_POINT('',(46.967333961773,17.405321961844,
    14.279151828083));
#2460 = CARTESIAN_POINT('',(47.138477275188,12.27453762171,
    13.088501774494));
#2461 = CARTESIAN_POINT('',(47.308477231024,10.052021475691,
    9.564518263325));
#2462 = CARTESIAN_POINT('',(47.479152819643,10.714430265992,
    6.179778087339));
#2463 = CARTESIAN_POINT('',(47.649532597373,12.857992294331,
    4.499997428956));
#2464 = CARTESIAN_POINT('',(47.820002448848,14.999999781042,
    4.500000519462));
#2465 = CARTESIAN_POINT('',(33.35,15.,4.88));
#2466 = CARTESIAN_POINT('',(33.52045226009,16.870672519323,
    4.880027826146));
#2467 = CARTESIAN_POINT('',(33.690917950391,18.742807791927,
    6.346908882347));
#2468 = CARTESIAN_POINT('',(33.861339559446,19.320978380129,
    9.303201022988));
#2469 = CARTESIAN_POINT('',(34.03186176595,17.380756263875,
    12.380402249671));
#2470 = CARTESIAN_POINT('',(34.202214050868,12.898596659732,
    13.420574667249));
#2471 = CARTESIAN_POINT('',(34.372785193932,9.080256105525,
    9.600762966957));
#2472 = CARTESIAN_POINT('',(34.543138854308,10.118852121696,
    5.11957569668));
#2473 = CARTESIAN_POINT('',(34.713658852238,13.19726085818,
    3.178914326568));
#2474 = CARTESIAN_POINT('',(34.884082744216,16.152902783795,
    3.757208976094));
#2475 = CARTESIAN_POINT('',(35.054546653311,17.620014406968,
    5.62932798562));
#2476 = CARTESIAN_POINT('',(35.225,17.620000000004,7.5));
#2477 = CARTESIAN_POINT('',(35.395452260087,17.61997217384,
    9.370672519323));
#2478 = CARTESIAN_POINT('',(35.5659179504,16.153091117686,
    11.242807791921));
#2479 = CARTESIAN_POINT('',(35.736339559423,13.196798976956,
    11.820978380148));
#2480 = CARTESIAN_POINT('',(35.906861765991,10.119597750394,
    9.880756263845));
#2481 = CARTESIAN_POINT('',(36.077214050815,9.079425332702,5.39859665976
    ));
#2482 = CARTESIAN_POINT('',(36.247785193984,12.899237033062,
    1.580256105515));
#2483 = CARTESIAN_POINT('',(36.41813885427,17.380424303321,
    2.618852121689));
#2484 = CARTESIAN_POINT('',(36.588658852258,19.321085673427,
    5.697260858191));
#2485 = CARTESIAN_POINT('',(36.75908274421,18.742791023907,8.65290278379
    ));
#2486 = CARTESIAN_POINT('',(36.929546653312,16.870672014381,
    10.120014406967));
#2487 = CARTESIAN_POINT('',(37.1,14.999999999999,10.120000000006));
#2488 = CARTESIAN_POINT('',(37.270452260086,13.129327480676,
    10.119972173831));
#2489 = CARTESIAN_POINT('',(37.440917950405,11.257192208085,
    8.653091117707));
#2490 = CARTESIAN_POINT('',(37.61133955941,10.679021619838,
    5.696798976925));
#2491 = CARTESIAN_POINT('',(37.781861766012,12.619243736175,
    2.619597750426));
#2492 = CARTESIAN_POINT('',(37.952214050789,17.101403340227,
    1.579425332684));
#2493 = CARTESIAN_POINT('',(38.122785194008,20.919743894485,
    5.399237033062));
#2494 = CARTESIAN_POINT('',(38.293138854253,19.881147878319,
    9.880424303332));
#2495 = CARTESIAN_POINT('',(38.463658852266,16.802739141803,
    11.821085673418));
#2496 = CARTESIAN_POINT('',(38.634082744207,13.84709721621,
    11.24279102391));
#2497 = CARTESIAN_POINT('',(38.804546653312,12.379985593037,
    9.370672014382));
#2498 = CARTESIAN_POINT('',(38.975000000001,12.37999999999,
    7.499999999999));
#2499 = CARTESIAN_POINT('',(39.145452260084,12.380027826182,
    5.629327480677));
#2500 = CARTESIAN_POINT('',(39.315917950413,13.846908882264,
    3.757192208086));
#2501 = CARTESIAN_POINT('',(39.486339559392,16.803201023123,
    3.179021619834));
#2502 = CARTESIAN_POINT('',(39.656861766043,19.880402249521,
    5.119243736174));
#2503 = CARTESIAN_POINT('',(39.827214050751,20.920574667352,
    9.601403340249));
#2504 = CARTESIAN_POINT('',(39.997785194042,17.10076296693,
    13.419743894431));
#2505 = CARTESIAN_POINT('',(40.168138854231,12.619575696658,
    12.381147878395));
#2506 = CARTESIAN_POINT('',(40.338658852277,10.678914326594,
    9.302739141731));
#2507 = CARTESIAN_POINT('',(40.509082744203,11.257208976084,
    6.34709721626));
#2508 = CARTESIAN_POINT('',(40.679546653313,13.12932798562,4.87998559301
    ));
#2509 = CARTESIAN_POINT('',(40.85,15.,4.880000000001));
#2510 = CARTESIAN_POINT('',(41.02045226009,16.870672519322,
    4.880027826141));
#2511 = CARTESIAN_POINT('',(41.190917950387,18.74280779193,
    6.346908882359));
#2512 = CARTESIAN_POINT('',(41.361339559458,19.320978380124,
    9.303201022974));
#2513 = CARTESIAN_POINT('',(41.531861765928,17.380756263875,
    12.380402249674));
#2514 = CARTESIAN_POINT('',(41.702214050897,12.898596659748,
    13.420574667269));
#2515 = CARTESIAN_POINT('',(41.872785193904,9.080256105492,
    9.600762966919));
#2516 = CARTESIAN_POINT('',(42.043138854329,10.118852121734,
    5.11957569672));
#2517 = CARTESIAN_POINT('',(42.213658852227,13.197260858151,
    3.178914326543));
#2518 = CARTESIAN_POINT('',(42.384082744221,16.152902783809,
    3.757208976104));
#2519 = CARTESIAN_POINT('',(42.55454665331,17.620014406964,
    5.629327985619));
#2520 = CARTESIAN_POINT('',(42.725,17.620000000004,7.5));
#2521 = CARTESIAN_POINT('',(42.895452260086,17.619972173833,
    9.370672519324));
#2522 = CARTESIAN_POINT('',(43.065917950408,16.153091117705,
    11.242807791918));
#2523 = CARTESIAN_POINT('',(43.236339559401,13.196798976925,
    11.820978380149));
#2524 = CARTESIAN_POINT('',(43.40686176603,10.119597750421,9.88075626386
    ));
#2525 = CARTESIAN_POINT('',(43.577214050761,9.079425332702,
    5.398596659713));
#2526 = CARTESIAN_POINT('',(43.747785194039,12.899237033033,
    1.580256105592));
#2527 = CARTESIAN_POINT('',(43.918138854227,17.380424303358,
    2.618852121607));
#2528 = CARTESIAN_POINT('',(44.088658852282,19.321085673404,
    5.69726085825));
#2529 = CARTESIAN_POINT('',(44.2590827442,18.742791023914,8.652902783762
    ));
#2530 = CARTESIAN_POINT('',(44.429546653314,16.870672014382,
    10.120014406975));
#2531 = CARTESIAN_POINT('',(44.600000000001,14.999999999999,
    10.120000000007));
#2532 = CARTESIAN_POINT('',(44.770452260083,13.129327480676,
    10.119972173827));
#2533 = CARTESIAN_POINT('',(44.940917950414,11.257192208085,
    8.653091117716));
#2534 = CARTESIAN_POINT('',(45.111339559389,10.679021619844,
    5.69679897691));
#2535 = CARTESIAN_POINT('',(45.281861766048,12.619243736149,
    2.619597750436));
#2536 = CARTESIAN_POINT('',(45.45221405074,17.101403340284,1.57942533269
    ));
#2537 = CARTESIAN_POINT('',(45.622785194059,20.919743894398,
    5.39923703304));
#2538 = CARTESIAN_POINT('',(45.793138854214,19.881147878416,
    9.880424303354));
#2539 = CARTESIAN_POINT('',(45.963658852289,16.802739141722,
    11.821085673407));
#2540 = CARTESIAN_POINT('',(46.134082744197,13.847097216262,
    11.242791023911));
#2541 = CARTESIAN_POINT('',(46.304546653314,12.379985593011,
    9.370672014383));
#2542 = CARTESIAN_POINT('',(46.475000000001,12.38,7.5));
#2543 = CARTESIAN_POINT('',(46.645452226357,12.380027829163,
    5.629327885446));
#2544 = CARTESIAN_POINT('',(46.815918100287,13.846908868943,
    3.757190409388));
#2545 = CARTESIAN_POINT('',(46.986339154006,16.803201059246,
    3.179026484983));
#2546 = CARTESIAN_POINT('',(47.156862578101,19.880402177045,
    5.11923399067));
#2547 = CARTESIAN_POINT('',(47.327212761365,20.920574782555,
    9.601418813666));
#2548 = CARTESIAN_POINT('',(47.49778686844,17.100762817231,
    13.419723801291));
#2549 = CARTESIAN_POINT('',(47.668137048995,12.619575858099,
    12.381169541054));
#2550 = CARTESIAN_POINT('',(47.838660476555,10.678914181332,
    9.302719650923));
#2551 = CARTESIAN_POINT('',(48.009081527884,11.257209084852,
    6.347111811533));
#2552 = CARTESIAN_POINT('',(48.179547402796,13.129327918605,
    4.879976599609));
#2553 = CARTESIAN_POINT('',(48.349999628946,15.000000033177,
    4.880004452454));
#2554 = MANIFOLD_SOLID_BREP('',#2555);
#2555 = CLOSED_SHELL('',(#2556,#2970,#3364,#3415,#3698,#3714));
#2556 = ADVANCED_FACE('',(#2557),#2791,.F.);
#2557 = FACE_BOUND('',#2558,.F.);
#2558 = EDGE_LOOP('',(#2559,#2655,#2662,#2756));
#2559 = ORIENTED_EDGE('',*,*,#2560,.F.);
#2560 = EDGE_CURVE('',#2561,#2563,#2565,.T.);
#2561 = VERTEX_POINT('',#2562);
#2562 = CARTESIAN_POINT('',(47.15,15.,4.88));
#2563 = VERTEX_POINT('',#2564);
#2564 = CARTESIAN_POINT('',(57.,13.934376181786,9.893516067473));
#2565 = B_SPLINE_CURVE_WITH_KNOTS('',11,(#2566,#2567,#2568,#2569,#2570,
    #2571,#2572,#2573,#2574,#2575,#2576,#2577,#2578,#2579,#2580,#2581,
    #2582,#2583,#2584,#2585,#2586,#2587,#2588,#2589,#2590,#2591,#2592,
    #2593,#2594,#2595,#2596,#2597,#2598,#2599,#2600,#2601,#2602,#2603,
    #2604,#2605,#2606,#2607,#2608,#2609,#2610,#2611,#2612,#2613,#2614,
    #2615,#2616,#2617,#2618,#2619,#2620,#2621,#2622,#2623,#2624,#2625,
    #2626,#2627,#2628,#2629,#2630,#2631,#2632,#2633,#2634,#2635,#2636,
    #2637,#2638,#2639,#2640,#2641,#2642,#2643,#2644,#2645,#2646,#2647,
    #2648,#2649,#2650,#2651,#2652,#2653,#2654),.UNSPECIFIED.,.F.,.F.,(12
    ,11,11,11,11,11,11,11,12),(0.,8.074692099815,16.149384199629,
    24.224076299444,32.298768399258,40.373460499073,48.448152598888,
    56.522844698702,64.597536798517),.PIECEWISE_BEZIER_KNOTS.);
#2566 = CARTESIAN_POINT('',(47.15,15.,4.88));
#2567 = CARTESIAN_POINT('',(47.320452260087,16.870674889019,
    4.87997216782));
#2568 = CARTESIAN_POINT('',(47.490917950372,18.742799088025,
    6.347109912783));
#2569 = CARTESIAN_POINT('',(47.661339559985,19.321088276596,
    9.302722734256));
#2570 = CARTESIAN_POINT('',(47.831861763906,17.38043786647,
    12.381177935719));
#2571 = CARTESIAN_POINT('',(48.00221405524,12.899218069501,
    13.419733724643));
#2572 = CARTESIAN_POINT('',(48.172785187923,9.079435218326,9.60142245366
    ));
#2573 = CARTESIAN_POINT('',(48.34313885997,10.119567898854,
    5.119229726371));
#2574 = CARTESIAN_POINT('',(48.513658848631,13.196815421235,
    3.179019261564));
#2575 = CARTESIAN_POINT('',(48.684082745714,16.153078542779,
    3.757183955637));
#2576 = CARTESIAN_POINT('',(48.854546652997,17.619985640381,
    5.629324806414));
#2577 = CARTESIAN_POINT('',(49.025,17.619999999997,7.5));
#2578 = CARTESIAN_POINT('',(49.195452260084,17.620027832194,
    9.370674889018));
#2579 = CARTESIAN_POINT('',(49.365917950381,16.152890087184,
    11.242799088034));
#2580 = CARTESIAN_POINT('',(49.536339559963,13.197277265801,
    11.821088276576));
#2581 = CARTESIAN_POINT('',(49.706861763946,10.118822064215,
    9.880437866496));
#2582 = CARTESIAN_POINT('',(49.877214055189,9.080266275406,5.39921806949
    ));
#2583 = CARTESIAN_POINT('',(50.047785187972,12.898577546324,
    1.579435218309));
#2584 = CARTESIAN_POINT('',(50.218138859935,17.38077027362,
    2.619567898888));
#2585 = CARTESIAN_POINT('',(50.38865884865,19.32098073845,5.696815421206
    ));
#2586 = CARTESIAN_POINT('',(50.559082745707,18.742816044356,
    8.653078542791));
#2587 = CARTESIAN_POINT('',(50.729546652998,16.870675193588,
    10.11998564038));
#2588 = CARTESIAN_POINT('',(50.9,15.,10.119999999994));
#2589 = CARTESIAN_POINT('',(51.070452260083,13.129325110983,
    10.120027832203));
#2590 = CARTESIAN_POINT('',(51.240917950387,11.257200911959,
    8.65289008716));
#2591 = CARTESIAN_POINT('',(51.411339559949,10.678911723446,
    5.697277265841));
#2592 = CARTESIAN_POINT('',(51.58186176397,12.619562133466,
    2.618822064165));
#2593 = CARTESIAN_POINT('',(51.752214055159,17.100781930555,
    1.58026627545));
#2594 = CARTESIAN_POINT('',(51.922785188,20.920564781653,5.3985775463));
#2595 = CARTESIAN_POINT('',(52.093138859915,19.880432101134,
    9.880770273626));
#2596 = CARTESIAN_POINT('',(52.26365884866,16.803184578783,
    11.820980738453));
#2597 = CARTESIAN_POINT('',(52.434082745704,13.846921457215,
    11.242816044353));
#2598 = CARTESIAN_POINT('',(52.604546652999,12.380014359614,
    9.370675193589));
#2599 = CARTESIAN_POINT('',(52.775000000001,12.380000000009,
    7.500000000001));
#2600 = CARTESIAN_POINT('',(52.945452260081,12.379972167784,
    5.629325110982));
#2601 = CARTESIAN_POINT('',(53.115917950395,13.847109912873,
    3.757200911959));
#2602 = CARTESIAN_POINT('',(53.286339559929,16.802722734097,
    3.178911723446));
#2603 = CARTESIAN_POINT('',(53.456861764002,19.881177935923,
    5.119562133476));
#2604 = CARTESIAN_POINT('',(53.627214055119,20.919733724454,
    9.600781930517));
#2605 = CARTESIAN_POINT('',(53.797785188036,17.101422453783,
    13.420564781725));
#2606 = CARTESIAN_POINT('',(53.96813885989,12.619229726319,
    12.380432101046));
#2607 = CARTESIAN_POINT('',(54.138658848672,10.679019261576,
    9.303184578859));
#2608 = CARTESIAN_POINT('',(54.309082745699,11.257183955635,
    6.346921457165));
#2609 = CARTESIAN_POINT('',(54.479546653,13.129324806414,4.88001435964)
  );
#2610 = CARTESIAN_POINT('',(54.65,15.,4.879999999999));
#2611 = CARTESIAN_POINT('',(54.820452260087,16.870674889018,
    4.879972167827));
#2612 = CARTESIAN_POINT('',(54.990917950368,18.742799088025,
    6.34710991276));
#2613 = CARTESIAN_POINT('',(55.161339559999,19.321088276602,
    9.302722734305));
#2614 = CARTESIAN_POINT('',(55.33186176388,17.380437866456,
    12.381177935644));
#2615 = CARTESIAN_POINT('',(55.502214055274,12.899218069518,
    13.419733724726));
#2616 = CARTESIAN_POINT('',(55.672785187889,9.079435218317,
    9.601422453592));
#2617 = CARTESIAN_POINT('',(55.843138859995,10.119567898851,
    5.119229726412));
#2618 = CARTESIAN_POINT('',(56.013658848617,13.196815421247,
    3.179019261545));
#2619 = CARTESIAN_POINT('',(56.184082745719,16.153078542768,
    3.757183955643));
#2620 = CARTESIAN_POINT('',(56.354546652996,17.619985640387,
    5.629324806413));
#2621 = CARTESIAN_POINT('',(56.525,17.619999999996,7.5));
#2622 = CARTESIAN_POINT('',(56.695452260082,17.620027832199,
    9.370674889018));
#2623 = CARTESIAN_POINT('',(56.865917950391,16.152890087171,
    11.242799088034));
#2624 = CARTESIAN_POINT('',(57.036339559938,13.197277265819,
    11.821088276576));
#2625 = CARTESIAN_POINT('',(57.20686176399,10.118822064202,
    9.880437866487));
#2626 = CARTESIAN_POINT('',(57.377214055128,9.080266275403,
    5.399218069517));
#2627 = CARTESIAN_POINT('',(57.547785188036,12.898577546343,
    1.579435218265));
#2628 = CARTESIAN_POINT('',(57.718138859884,17.380770273597,
    2.619567898938));
#2629 = CARTESIAN_POINT('',(57.888658848679,19.320980738465,
    5.696815421168));
#2630 = CARTESIAN_POINT('',(58.059082745696,18.74281604435,8.65307854281
    ));
#2631 = CARTESIAN_POINT('',(58.229546653001,16.870675193589,
    10.119985640376));
#2632 = CARTESIAN_POINT('',(58.400000000001,15.000000000001,
    10.119999999993));
#2633 = CARTESIAN_POINT('',(58.570452260081,13.129325110982,
    10.120027832205));
#2634 = CARTESIAN_POINT('',(58.740917950394,11.257200911966,
    8.652890087159));
#2635 = CARTESIAN_POINT('',(58.911339559932,10.678911723423,
    5.697277265838));
#2636 = CARTESIAN_POINT('',(59.081861764,12.619562133521,2.618822064177)
  );
#2637 = CARTESIAN_POINT('',(59.252214055117,17.10078193046,1.58026627543
    ));
#2638 = CARTESIAN_POINT('',(59.422785188043,20.920564781777,
    5.398577546321));
#2639 = CARTESIAN_POINT('',(59.593138859881,19.880432101013,
    9.880770273611));
#2640 = CARTESIAN_POINT('',(59.76365884868,16.803184578875,
    11.820980738459));
#2641 = CARTESIAN_POINT('',(59.934082745696,13.846921457161,
    11.242816044352));
#2642 = CARTESIAN_POINT('',(60.104546653001,12.38001435964,
    9.370675193589));
#2643 = CARTESIAN_POINT('',(60.275000000001,12.380000000001,7.5));
#2644 = CARTESIAN_POINT('',(60.445452226357,12.379972170837,
    5.629324706213));
#2645 = CARTESIAN_POINT('',(60.615918100255,13.847109899374,
    3.75720271066));
#2646 = CARTESIAN_POINT('',(60.786339154582,16.802722770526,
    3.178906858286));
#2647 = CARTESIAN_POINT('',(60.956862575983,19.881177863064,
    5.119571879001));
#2648 = CARTESIAN_POINT('',(61.127212765854,20.919733839995,
    9.60076645707));
#2649 = CARTESIAN_POINT('',(61.297786862277,17.101422303885,
    13.420584874896));
#2650 = CARTESIAN_POINT('',(61.468137054821,12.619229887824,
    12.380410438363));
#2651 = CARTESIAN_POINT('',(61.638660472801,10.679019116317,
    9.303204069683));
#2652 = CARTESIAN_POINT('',(61.80908152949,11.257184064391,
    6.346906861885));
#2653 = CARTESIAN_POINT('',(61.979547402416,13.129324739405,
    4.880023353046));
#2654 = CARTESIAN_POINT('',(62.149999628979,15.000000033174,
    4.879995547544));
#2655 = ORIENTED_EDGE('',*,*,#2656,.T.);
#2656 = EDGE_CURVE('',#2561,#2657,#2659,.T.);
#2657 = VERTEX_POINT('',#2658);
#2658 = CARTESIAN_POINT('',(47.68,15.,4.5));
#2659 = B_SPLINE_CURVE_WITH_KNOTS('',1,(#2660,#2661),.UNSPECIFIED.,.F.,
  .F.,(2,2),(0.,0.652150289427),.PIECEWISE_BEZIER_KNOTS.);
#2660 = CARTESIAN_POINT('',(47.15,15.,4.88));
#2661 = CARTESIAN_POINT('',(47.68,15.,4.5));
#2662 = ORIENTED_EDGE('',*,*,#2663,.T.);
#2663 = EDGE_CURVE('',#2657,#2664,#2666,.T.);
#2664 = VERTEX_POINT('',#2665);
#2665 = CARTESIAN_POINT('',(57.,17.920783774885,6.814918551056));
#2666 = B_SPLINE_CURVE_WITH_KNOTS('',11,(#2667,#2668,#2669,#2670,#2671,
    #2672,#2673,#2674,#2675,#2676,#2677,#2678,#2679,#2680,#2681,#2682,
    #2683,#2684,#2685,#2686,#2687,#2688,#2689,#2690,#2691,#2692,#2693,
    #2694,#2695,#2696,#2697,#2698,#2699,#2700,#2701,#2702,#2703,#2704,
    #2705,#2706,#2707,#2708,#2709,#2710,#2711,#2712,#2713,#2714,#2715,
    #2716,#2717,#2718,#2719,#2720,#2721,#2722,#2723,#2724,#2725,#2726,
    #2727,#2728,#2729,#2730,#2731,#2732,#2733,#2734,#2735,#2736,#2737,
    #2738,#2739,#2740,#2741,#2742,#2743,#2744,#2745,#2746,#2747,#2748,
    #2749,#2750,#2751,#2752,#2753,#2754,#2755),.UNSPECIFIED.,.F.,.F.,(12
    ,11,11,11,11,11,11,11,12),(0.,8.074692099815,16.149384199629,
    24.224076299444,32.298768399258,40.373460499073,48.448152598888,
    56.522844698702,64.597536798517),.PIECEWISE_BEZIER_KNOTS.);
#2667 = CARTESIAN_POINT('',(47.68,15.,4.5));
#2668 = CARTESIAN_POINT('',(47.850469628871,17.1420078104,4.499996773168
    ));
#2669 = CARTESIAN_POINT('',(48.020850618398,19.285570589472,
    6.179777457111));
#2670 = CARTESIAN_POINT('',(48.191522542248,19.947978964238,
    9.564518499877));
#2671 = CARTESIAN_POINT('',(48.361530533221,17.725464395152,
    13.088502062345));
#2672 = CARTESIAN_POINT('',(48.532659977308,12.594676310678,
    14.279153940351));
#2673 = CARTESIAN_POINT('',(48.702345012322,8.220750057501,
    9.905397913867));
#2674 = CARTESIAN_POINT('',(48.873465361341,9.411584260202,
    4.774498323796));
#2675 = CARTESIAN_POINT('',(49.043487950591,12.935427495056,
    2.552032759613));
#2676 = CARTESIAN_POINT('',(49.214144792392,16.320244120695,
    3.214428064689));
#2677 = CARTESIAN_POINT('',(49.384537543717,17.99999816569,
    5.357991481155));
#2678 = CARTESIAN_POINT('',(49.554999999998,18.,7.5));
#2679 = CARTESIAN_POINT('',(49.725469628877,18.000003226833,
    9.642007810398));
#2680 = CARTESIAN_POINT('',(49.895850618387,16.320222542886,
    11.785570589475));
#2681 = CARTESIAN_POINT('',(50.066522542261,12.935481500127,
    12.447978964233));
#2682 = CARTESIAN_POINT('',(50.236530533211,9.41149793765,
    10.225464395154));
#2683 = CARTESIAN_POINT('',(50.407659977313,8.220846059654,
    5.094676310685));
#2684 = CARTESIAN_POINT('',(50.577345012321,12.594602086132,
    0.720750057485));
#2685 = CARTESIAN_POINT('',(50.748465361341,17.725501676202,
    1.91158426022));
#2686 = CARTESIAN_POINT('',(50.918487950591,19.94796724039,
    5.435427495043));
#2687 = CARTESIAN_POINT('',(51.089144792392,19.285571935308,8.8202441207
    ));
#2688 = CARTESIAN_POINT('',(51.259537543718,17.142008518846,
    10.499998165689));
#2689 = CARTESIAN_POINT('',(51.429999999996,15.,10.499999999999));
#2690 = CARTESIAN_POINT('',(51.600469628881,12.857992189602,
    10.500003226834));
#2691 = CARTESIAN_POINT('',(51.770850618381,10.714429410524,
    8.820222542882));
#2692 = CARTESIAN_POINT('',(51.941522542268,10.052021035771,
    5.435481500135));
#2693 = CARTESIAN_POINT('',(52.111530533207,12.274535604837,
    1.911497937637));
#2694 = CARTESIAN_POINT('',(52.282659977311,17.40532368933,
    0.720846059668));
#2695 = CARTESIAN_POINT('',(52.452345012327,21.779249942499,
    5.094602086121));
#2696 = CARTESIAN_POINT('',(52.623465361334,20.588415739793,
    10.225501676208));
#2697 = CARTESIAN_POINT('',(52.793487950597,17.06457250495,
    12.447967240389));
#2698 = CARTESIAN_POINT('',(52.964144792387,13.679755879303,
    11.785571935307));
#2699 = CARTESIAN_POINT('',(53.134537543721,12.00000183431,
    9.642008518848));
#2700 = CARTESIAN_POINT('',(53.304999999994,12.000000000001,
    7.499999999999));
#2701 = CARTESIAN_POINT('',(53.475469628888,11.999996773165,
    5.357992189602));
#2702 = CARTESIAN_POINT('',(53.645850618367,13.679777457123,
    3.214429410523));
#2703 = CARTESIAN_POINT('',(53.816522542292,17.064518499852,
    2.55202103577));
#2704 = CARTESIAN_POINT('',(53.986530533172,20.588502062388,
    4.774535604843));
#2705 = CARTESIAN_POINT('',(54.157659977355,21.779153940292,
    9.905323689317));
#2706 = CARTESIAN_POINT('',(54.327345012277,17.405397913926,
    14.279249942516));
#2707 = CARTESIAN_POINT('',(54.498465361384,12.274498323751,
    13.088415739777));
#2708 = CARTESIAN_POINT('',(54.668487950555,10.052032759637,
    9.564572504961));
#2709 = CARTESIAN_POINT('',(54.839144792416,10.714428064681,
    6.179755879297));
#2710 = CARTESIAN_POINT('',(55.009537543706,12.857991481156,
    4.500001834312));
#2711 = CARTESIAN_POINT('',(55.180000000001,15.,4.5));
#2712 = CARTESIAN_POINT('',(55.350469628868,17.142007810398,
    4.49999677317));
#2713 = CARTESIAN_POINT('',(55.520850618405,19.285570589476,
    6.179777457103));
#2714 = CARTESIAN_POINT('',(55.69152254224,19.947978964233,
    9.564518499899));
#2715 = CARTESIAN_POINT('',(55.861530533226,17.725464395155,
    13.088502062304));
#2716 = CARTESIAN_POINT('',(56.032659977307,12.59467631068,
    14.279153940406));
#2717 = CARTESIAN_POINT('',(56.202345012321,8.220750057494,
    9.905397913812));
#2718 = CARTESIAN_POINT('',(56.37346536134,9.411584260208,4.774498323837
    ));
#2719 = CARTESIAN_POINT('',(56.543487950594,12.935427495054,
    2.552032759591));
#2720 = CARTESIAN_POINT('',(56.714144792389,16.320244120694,
    3.214428064697));
#2721 = CARTESIAN_POINT('',(56.884537543719,17.999998165691,
    5.357991481153));
#2722 = CARTESIAN_POINT('',(57.054999999997,17.999999999999,7.5));
#2723 = CARTESIAN_POINT('',(57.225469628879,18.000003226833,
    9.642007810397));
#2724 = CARTESIAN_POINT('',(57.395850618385,16.320222542887,
    11.78557058948));
#2725 = CARTESIAN_POINT('',(57.566522542261,12.935481500123,
    12.447978964222));
#2726 = CARTESIAN_POINT('',(57.736530533212,9.411497937654,
    10.225464395172));
#2727 = CARTESIAN_POINT('',(57.907659977309,8.220846059654,
    5.094676310662));
#2728 = CARTESIAN_POINT('',(58.077345012323,12.594602086125,
    0.720750057506));
#2729 = CARTESIAN_POINT('',(58.248465361342,17.725501676212,
    1.911584260206));
#2730 = CARTESIAN_POINT('',(58.418487950587,19.947967240384,
    5.43542749505));
#2731 = CARTESIAN_POINT('',(58.589144792395,19.28557193531,
    8.820244120698));
#2732 = CARTESIAN_POINT('',(58.759537543717,17.142008518848,
    10.49999816569));
#2733 = CARTESIAN_POINT('',(58.929999999996,14.999999999999,
    10.499999999999));
#2734 = CARTESIAN_POINT('',(59.100469628881,12.857992189603,
    10.500003226833));
#2735 = CARTESIAN_POINT('',(59.270850618383,10.714429410521,
    8.820222542886));
#2736 = CARTESIAN_POINT('',(59.441522542263,10.052021035775,
    5.435481500128));
#2737 = CARTESIAN_POINT('',(59.611530533211,12.274535604836,
    1.911497937644));
#2738 = CARTESIAN_POINT('',(59.782659977314,17.405323689324,
    0.720846059669));
#2739 = CARTESIAN_POINT('',(59.952345012313,21.779249942513,
    5.094602086108));
#2740 = CARTESIAN_POINT('',(60.123465361359,20.588415739776,
    10.225501676225));
#2741 = CARTESIAN_POINT('',(60.293487950569,17.064572504963,
    12.447967240376));
#2742 = CARTESIAN_POINT('',(60.46414479241,13.679755879296,
    11.785571935313));
#2743 = CARTESIAN_POINT('',(60.634537543707,12.000001834313,
    9.642008518846));
#2744 = CARTESIAN_POINT('',(60.805,12.,7.5));
#2745 = CARTESIAN_POINT('',(60.975469851494,11.999996753264,
    5.357992142379));
#2746 = CARTESIAN_POINT('',(61.14584962912,13.67977754556,3.214429620368
    ));
#2747 = CARTESIAN_POINT('',(61.316525218066,17.064518260641,
    2.552020468181));
#2748 = CARTESIAN_POINT('',(61.486525173207,20.588502541568,
    4.774536741795));
#2749 = CARTESIAN_POINT('',(61.657668487695,21.779153179454,
    9.905321884122));
#2750 = CARTESIAN_POINT('',(61.827333961053,17.405398901952,
    14.27925228667));
#2751 = CARTESIAN_POINT('',(61.998477275868,12.274497258512,
    13.088413212514));
#2752 = CARTESIAN_POINT('',(62.168477230586,10.052033718105,
    9.564574778846));
#2753 = CARTESIAN_POINT('',(62.33915281983,10.714427346938,
    6.179754176547));
#2754 = CARTESIAN_POINT('',(62.509532597329,12.857991923424,
    4.500002883524));
#2755 = CARTESIAN_POINT('',(62.680002448852,14.999999781041,
    4.499999480556));
#2756 = ORIENTED_EDGE('',*,*,#2757,.T.);
#2757 = EDGE_CURVE('',#2664,#2563,#2758,.T.);
#2758 = B_SPLINE_CURVE_WITH_KNOTS('',7,(#2759,#2760,#2761,#2762,#2763,
    #2764,#2765,#2766,#2767,#2768,#2769,#2770,#2771,#2772,#2773,#2774,
    #2775,#2776,#2777,#2778,#2779,#2780,#2781,#2782,#2783,#2784,#2785,
    #2786,#2787,#2788,#2789,#2790),.UNSPECIFIED.,.F.,.F.,(8,6,6,6,6,8),(
    0.,0.109506434516,0.338960231711,0.577491771355,0.792992267693,1.),
  .UNSPECIFIED.);
#2759 = CARTESIAN_POINT('',(57.,17.920783774886,6.814918551057));
#2760 = CARTESIAN_POINT('',(57.,17.93777695414,6.911980414722));
#2761 = CARTESIAN_POINT('',(57.,17.951039271618,7.009671811067));
#2762 = CARTESIAN_POINT('',(57.,17.960534024172,7.107820557373));
#2763 = CARTESIAN_POINT('',(57.,17.96623625714,7.206253383806));
#2764 = CARTESIAN_POINT('',(57.,17.968128770974,7.30479382133));
#2765 = CARTESIAN_POINT('',(57.,17.966208195848,7.403265322467));
#2766 = CARTESIAN_POINT('',(57.,17.948476268233,7.707299093891));
#2767 = CARTESIAN_POINT('',(57.,17.919755785092,7.912052419905));
#2768 = CARTESIAN_POINT('',(57.,17.87432073632,8.11406116801));
#2769 = CARTESIAN_POINT('',(57.,17.812406363607,8.311673668275));
#2770 = CARTESIAN_POINT('',(57.,17.73444764881,8.503267645768));
#2771 = CARTESIAN_POINT('',(57.,17.641082257018,8.68725700354));
#2772 = CARTESIAN_POINT('',(57.,17.421027953431,9.043883350276));
#2773 = CARTESIAN_POINT('',(57.,17.293137378438,9.215831065831));
#2774 = CARTESIAN_POINT('',(57.,17.150494609502,9.3762208465));
#2775 = CARTESIAN_POINT('',(57.,16.994298120265,9.523490320208));
#2776 = CARTESIAN_POINT('',(57.,16.825936129797,9.656224406662));
#2777 = CARTESIAN_POINT('',(57.,16.646988092781,9.773168624129));
#2778 = CARTESIAN_POINT('',(57.,16.289656617054,9.963724682432));
#2779 = CARTESIAN_POINT('',(57.,16.112850156267,10.040449906459));
#2780 = CARTESIAN_POINT('',(57.,15.930166949544,10.10267536863));
#2781 = CARTESIAN_POINT('',(57.,15.743012594178,10.149802381652));
#2782 = CARTESIAN_POINT('',(57.,15.552862159141,10.181394066271));
#2783 = CARTESIAN_POINT('',(57.,15.361257135989,10.197184961174));
#2784 = CARTESIAN_POINT('',(57.,14.985904882359,10.19705708623));
#2785 = CARTESIAN_POINT('',(57.,14.802110655443,10.18236351491));
#2786 = CARTESIAN_POINT('',(57.,14.619857981384,10.152980467722));
#2787 = CARTESIAN_POINT('',(57.,14.440564870925,10.109031396245));
#2788 = CARTESIAN_POINT('',(57.,14.265635993492,10.050801950227));
#2789 = CARTESIAN_POINT('',(57.,14.096456108462,9.978745796562));
#2790 = CARTESIAN_POINT('',(57.,13.934376181786,9.893516067473));
#2791 = B_SPLINE_SURFACE_WITH_KNOTS('',1,11,(
    (#2792,#2793,#2794,#2795,#2796,#2797,#2798,#2799,#2800,#2801,#2802
      ,#2803,#2804,#2805,#2806,#2807,#2808,#2809,#2810,#2811,#2812,#2813
      ,#2814,#2815,#2816,#2817,#2818,#2819,#2820,#2821,#2822,#2823,#2824
      ,#2825,#2826,#2827,#2828,#2829,#2830,#2831,#2832,#2833,#2834,#2835
      ,#2836,#2837,#2838,#2839,#2840,#2841,#2842,#2843,#2844,#2845,#2846
      ,#2847,#2848,#2849,#2850,#2851,#2852,#2853,#2854,#2855,#2856,#2857
      ,#2858,#2859,#2860,#2861,#2862,#2863,#2864,#2865,#2866,#2867,#2868
      ,#2869,#2870,#2871,#2872,#2873,#2874,#2875,#2876,#2877,#2878,#2879
      ,#2880)
    ,(#2881,#2882,#2883,#2884,#2885,#2886,#2887,#2888,#2889,#2890,#2891
      ,#2892,#2893,#2894,#2895,#2896,#2897,#2898,#2899,#2900,#2901,#2902
      ,#2903,#2904,#2905,#2906,#2907,#2908,#2909,#2910,#2911,#2912,#2913
      ,#2914,#2915,#2916,#2917,#2918,#2919,#2920,#2921,#2922,#2923,#2924
      ,#2925,#2926,#2927,#2928,#2929,#2930,#2931,#2932,#2933,#2934,#2935
      ,#2936,#2937,#2938,#2939,#2940,#2941,#2942,#2943,#2944,#2945,#2946
      ,#2947,#2948,#2949,#2950,#2951,#2952,#2953,#2954,#2955,#2956,#2957
      ,#2958,#2959,#2960,#2961,#2962,#2963,#2964,#2965,#2966,#2967,#2968
      ,#2969
    )),.UNSPECIFIED.,.F.,.F.,.F.,(2,2),(12,11,11,11,11,11,11,11,12),(0.,
    0.652150289427),(0.,8.074692099815,16.149384199629,24.224076299444,
    32.298768399258,40.373460499073,48.448152598888,56.522844698702,
    64.597536798517),.PIECEWISE_BEZIER_KNOTS.);
#2792 = CARTESIAN_POINT('',(47.15,15.,4.88));
#2793 = CARTESIAN_POINT('',(47.320452260087,16.870674889019,
    4.87997216782));
#2794 = CARTESIAN_POINT('',(47.490917950372,18.742799088025,
    6.347109912783));
#2795 = CARTESIAN_POINT('',(47.661339559985,19.321088276596,
    9.302722734256));
#2796 = CARTESIAN_POINT('',(47.831861763906,17.38043786647,
    12.381177935719));
#2797 = CARTESIAN_POINT('',(48.00221405524,12.899218069501,
    13.419733724643));
#2798 = CARTESIAN_POINT('',(48.172785187923,9.079435218326,9.60142245366
    ));
#2799 = CARTESIAN_POINT('',(48.34313885997,10.119567898854,
    5.119229726371));
#2800 = CARTESIAN_POINT('',(48.513658848631,13.196815421235,
    3.179019261564));
#2801 = CARTESIAN_POINT('',(48.684082745714,16.153078542779,
    3.757183955637));
#2802 = CARTESIAN_POINT('',(48.854546652997,17.619985640381,
    5.629324806414));
#2803 = CARTESIAN_POINT('',(49.025,17.619999999997,7.5));
#2804 = CARTESIAN_POINT('',(49.195452260084,17.620027832194,
    9.370674889018));
#2805 = CARTESIAN_POINT('',(49.365917950381,16.152890087184,
    11.242799088034));
#2806 = CARTESIAN_POINT('',(49.536339559963,13.197277265801,
    11.821088276576));
#2807 = CARTESIAN_POINT('',(49.706861763946,10.118822064215,
    9.880437866496));
#2808 = CARTESIAN_POINT('',(49.877214055189,9.080266275406,5.39921806949
    ));
#2809 = CARTESIAN_POINT('',(50.047785187972,12.898577546324,
    1.579435218309));
#2810 = CARTESIAN_POINT('',(50.218138859935,17.38077027362,
    2.619567898888));
#2811 = CARTESIAN_POINT('',(50.38865884865,19.32098073845,5.696815421206
    ));
#2812 = CARTESIAN_POINT('',(50.559082745707,18.742816044356,
    8.653078542791));
#2813 = CARTESIAN_POINT('',(50.729546652998,16.870675193588,
    10.11998564038));
#2814 = CARTESIAN_POINT('',(50.9,15.,10.119999999994));
#2815 = CARTESIAN_POINT('',(51.070452260083,13.129325110983,
    10.120027832203));
#2816 = CARTESIAN_POINT('',(51.240917950387,11.257200911959,
    8.65289008716));
#2817 = CARTESIAN_POINT('',(51.411339559949,10.678911723446,
    5.697277265841));
#2818 = CARTESIAN_POINT('',(51.58186176397,12.619562133466,
    2.618822064165));
#2819 = CARTESIAN_POINT('',(51.752214055159,17.100781930555,
    1.58026627545));
#2820 = CARTESIAN_POINT('',(51.922785188,20.920564781653,5.3985775463));
#2821 = CARTESIAN_POINT('',(52.093138859915,19.880432101134,
    9.880770273626));
#2822 = CARTESIAN_POINT('',(52.26365884866,16.803184578783,
    11.820980738453));
#2823 = CARTESIAN_POINT('',(52.434082745704,13.846921457215,
    11.242816044353));
#2824 = CARTESIAN_POINT('',(52.604546652999,12.380014359614,
    9.370675193589));
#2825 = CARTESIAN_POINT('',(52.775000000001,12.380000000009,
    7.500000000001));
#2826 = CARTESIAN_POINT('',(52.945452260081,12.379972167784,
    5.629325110982));
#2827 = CARTESIAN_POINT('',(53.115917950395,13.847109912873,
    3.757200911959));
#2828 = CARTESIAN_POINT('',(53.286339559929,16.802722734097,
    3.178911723446));
#2829 = CARTESIAN_POINT('',(53.456861764002,19.881177935923,
    5.119562133476));
#2830 = CARTESIAN_POINT('',(53.627214055119,20.919733724454,
    9.600781930517));
#2831 = CARTESIAN_POINT('',(53.797785188036,17.101422453783,
    13.420564781725));
#2832 = CARTESIAN_POINT('',(53.96813885989,12.619229726319,
    12.380432101046));
#2833 = CARTESIAN_POINT('',(54.138658848672,10.679019261576,
    9.303184578859));
#2834 = CARTESIAN_POINT('',(54.309082745699,11.257183955635,
    6.346921457165));
#2835 = CARTESIAN_POINT('',(54.479546653,13.129324806414,4.88001435964)
  );
#2836 = CARTESIAN_POINT('',(54.65,15.,4.879999999999));
#2837 = CARTESIAN_POINT('',(54.820452260087,16.870674889018,
    4.879972167827));
#2838 = CARTESIAN_POINT('',(54.990917950368,18.742799088025,
    6.34710991276));
#2839 = CARTESIAN_POINT('',(55.161339559999,19.321088276602,
    9.302722734305));
#2840 = CARTESIAN_POINT('',(55.33186176388,17.380437866456,
    12.381177935644));
#2841 = CARTESIAN_POINT('',(55.502214055274,12.899218069518,
    13.419733724726));
#2842 = CARTESIAN_POINT('',(55.672785187889,9.079435218317,
    9.601422453592));
#2843 = CARTESIAN_POINT('',(55.843138859995,10.119567898851,
    5.119229726412));
#2844 = CARTESIAN_POINT('',(56.013658848617,13.196815421247,
    3.179019261545));
#2845 = CARTESIAN_POINT('',(56.184082745719,16.153078542768,
    3.757183955643));
#2846 = CARTESIAN_POINT('',(56.354546652996,17.619985640387,
    5.629324806413));
#2847 = CARTESIAN_POINT('',(56.525,17.619999999996,7.5));
#2848 = CARTESIAN_POINT('',(56.695452260082,17.620027832199,
    9.370674889018));
#2849 = CARTESIAN_POINT('',(56.865917950391,16.152890087171,
    11.242799088034));
#2850 = CARTESIAN_POINT('',(57.036339559938,13.197277265819,
    11.821088276576));
#2851 = CARTESIAN_POINT('',(57.20686176399,10.118822064202,
    9.880437866487));
#2852 = CARTESIAN_POINT('',(57.377214055128,9.080266275403,
    5.399218069517));
#2853 = CARTESIAN_POINT('',(57.547785188036,12.898577546343,
    1.579435218265));
#2854 = CARTESIAN_POINT('',(57.718138859884,17.380770273597,
    2.619567898938));
#2855 = CARTESIAN_POINT('',(57.888658848679,19.320980738465,
    5.696815421168));
#2856 = CARTESIAN_POINT('',(58.059082745696,18.74281604435,8.65307854281
    ));
#2857 = CARTESIAN_POINT('',(58.229546653001,16.870675193589,
    10.119985640376));
#2858 = CARTESIAN_POINT('',(58.400000000001,15.000000000001,
    10.119999999993));
#2859 = CARTESIAN_POINT('',(58.570452260081,13.129325110982,
    10.120027832205));
#2860 = CARTESIAN_POINT('',(58.740917950394,11.257200911966,
    8.652890087159));
#2861 = CARTESIAN_POINT('',(58.911339559932,10.678911723423,
    5.697277265838));
#2862 = CARTESIAN_POINT('',(59.081861764,12.619562133521,2.618822064177)
  );
#2863 = CARTESIAN_POINT('',(59.252214055117,17.10078193046,1.58026627543
    ));
#2864 = CARTESIAN_POINT('',(59.422785188043,20.920564781777,
    5.398577546321));
#2865 = CARTESIAN_POINT('',(59.593138859881,19.880432101013,
    9.880770273611));
#2866 = CARTESIAN_POINT('',(59.76365884868,16.803184578875,
    11.820980738459));
#2867 = CARTESIAN_POINT('',(59.934082745696,13.846921457161,
    11.242816044352));
#2868 = CARTESIAN_POINT('',(60.104546653001,12.38001435964,
    9.370675193589));
#2869 = CARTESIAN_POINT('',(60.275000000001,12.380000000001,7.5));
#2870 = CARTESIAN_POINT('',(60.445452226357,12.379972170837,
    5.629324706213));
#2871 = CARTESIAN_POINT('',(60.615918100255,13.847109899374,
    3.75720271066));
#2872 = CARTESIAN_POINT('',(60.786339154582,16.802722770526,
    3.178906858286));
#2873 = CARTESIAN_POINT('',(60.956862575983,19.881177863064,
    5.119571879001));
#2874 = CARTESIAN_POINT('',(61.127212765854,20.919733839995,
    9.60076645707));
#2875 = CARTESIAN_POINT('',(61.297786862277,17.101422303885,
    13.420584874896));
#2876 = CARTESIAN_POINT('',(61.468137054821,12.619229887824,
    12.380410438363));
#2877 = CARTESIAN_POINT('',(61.638660472801,10.679019116317,
    9.303204069683));
#2878 = CARTESIAN_POINT('',(61.80908152949,11.257184064391,
    6.346906861885));
#2879 = CARTESIAN_POINT('',(61.979547402416,13.129324739405,
    4.880023353046));
#2880 = CARTESIAN_POINT('',(62.149999628979,15.000000033174,
    4.879995547544));
#2881 = CARTESIAN_POINT('',(47.68,15.,4.5));
#2882 = CARTESIAN_POINT('',(47.850469628871,17.1420078104,4.499996773168
    ));
#2883 = CARTESIAN_POINT('',(48.020850618398,19.285570589472,
    6.179777457111));
#2884 = CARTESIAN_POINT('',(48.191522542248,19.947978964238,
    9.564518499877));
#2885 = CARTESIAN_POINT('',(48.361530533221,17.725464395152,
    13.088502062345));
#2886 = CARTESIAN_POINT('',(48.532659977308,12.594676310678,
    14.279153940351));
#2887 = CARTESIAN_POINT('',(48.702345012322,8.220750057501,
    9.905397913867));
#2888 = CARTESIAN_POINT('',(48.873465361341,9.411584260202,
    4.774498323796));
#2889 = CARTESIAN_POINT('',(49.043487950591,12.935427495056,
    2.552032759613));
#2890 = CARTESIAN_POINT('',(49.214144792392,16.320244120695,
    3.214428064689));
#2891 = CARTESIAN_POINT('',(49.384537543717,17.99999816569,
    5.357991481155));
#2892 = CARTESIAN_POINT('',(49.554999999998,18.,7.5));
#2893 = CARTESIAN_POINT('',(49.725469628877,18.000003226833,
    9.642007810398));
#2894 = CARTESIAN_POINT('',(49.895850618387,16.320222542886,
    11.785570589475));
#2895 = CARTESIAN_POINT('',(50.066522542261,12.935481500127,
    12.447978964233));
#2896 = CARTESIAN_POINT('',(50.236530533211,9.41149793765,
    10.225464395154));
#2897 = CARTESIAN_POINT('',(50.407659977313,8.220846059654,
    5.094676310685));
#2898 = CARTESIAN_POINT('',(50.577345012321,12.594602086132,
    0.720750057485));
#2899 = CARTESIAN_POINT('',(50.748465361341,17.725501676202,
    1.91158426022));
#2900 = CARTESIAN_POINT('',(50.918487950591,19.94796724039,
    5.435427495043));
#2901 = CARTESIAN_POINT('',(51.089144792392,19.285571935308,8.8202441207
    ));
#2902 = CARTESIAN_POINT('',(51.259537543718,17.142008518846,
    10.499998165689));
#2903 = CARTESIAN_POINT('',(51.429999999996,15.,10.499999999999));
#2904 = CARTESIAN_POINT('',(51.600469628881,12.857992189602,
    10.500003226834));
#2905 = CARTESIAN_POINT('',(51.770850618381,10.714429410524,
    8.820222542882));
#2906 = CARTESIAN_POINT('',(51.941522542268,10.052021035771,
    5.435481500135));
#2907 = CARTESIAN_POINT('',(52.111530533207,12.274535604837,
    1.911497937637));
#2908 = CARTESIAN_POINT('',(52.282659977311,17.40532368933,
    0.720846059668));
#2909 = CARTESIAN_POINT('',(52.452345012327,21.779249942499,
    5.094602086121));
#2910 = CARTESIAN_POINT('',(52.623465361334,20.588415739793,
    10.225501676208));
#2911 = CARTESIAN_POINT('',(52.793487950597,17.06457250495,
    12.447967240389));
#2912 = CARTESIAN_POINT('',(52.964144792387,13.679755879303,
    11.785571935307));
#2913 = CARTESIAN_POINT('',(53.134537543721,12.00000183431,
    9.642008518848));
#2914 = CARTESIAN_POINT('',(53.304999999994,12.000000000001,
    7.499999999999));
#2915 = CARTESIAN_POINT('',(53.475469628888,11.999996773165,
    5.357992189602));
#2916 = CARTESIAN_POINT('',(53.645850618367,13.679777457123,
    3.214429410523));
#2917 = CARTESIAN_POINT('',(53.816522542292,17.064518499852,
    2.55202103577));
#2918 = CARTESIAN_POINT('',(53.986530533172,20.588502062388,
    4.774535604843));
#2919 = CARTESIAN_POINT('',(54.157659977355,21.779153940292,
    9.905323689317));
#2920 = CARTESIAN_POINT('',(54.327345012277,17.405397913926,
    14.279249942516));
#2921 = CARTESIAN_POINT('',(54.498465361384,12.274498323751,
    13.088415739777));
#2922 = CARTESIAN_POINT('',(54.668487950555,10.052032759637,
    9.564572504961));
#2923 = CARTESIAN_POINT('',(54.839144792416,10.714428064681,
    6.179755879297));
#2924 = CARTESIAN_POINT('',(55.009537543706,12.857991481156,
    4.500001834312));
#2925 = CARTESIAN_POINT('',(55.180000000001,15.,4.5));
#2926 = CARTESIAN_POINT('',(55.350469628868,17.142007810398,
    4.49999677317));
#2927 = CARTESIAN_POINT('',(55.520850618405,19.285570589476,
    6.179777457103));
#2928 = CARTESIAN_POINT('',(55.69152254224,19.947978964233,
    9.564518499899));
#2929 = CARTESIAN_POINT('',(55.861530533226,17.725464395155,
    13.088502062304));
#2930 = CARTESIAN_POINT('',(56.032659977307,12.59467631068,
    14.279153940406));
#2931 = CARTESIAN_POINT('',(56.202345012321,8.220750057494,
    9.905397913812));
#2932 = CARTESIAN_POINT('',(56.37346536134,9.411584260208,4.774498323837
    ));
#2933 = CARTESIAN_POINT('',(56.543487950594,12.935427495054,
    2.552032759591));
#2934 = CARTESIAN_POINT('',(56.714144792389,16.320244120694,
    3.214428064697));
#2935 = CARTESIAN_POINT('',(56.884537543719,17.999998165691,
    5.357991481153));
#2936 = CARTESIAN_POINT('',(57.054999999997,17.999999999999,7.5));
#2937 = CARTESIAN_POINT('',(57.225469628879,18.000003226833,
    9.642007810397));
#2938 = CARTESIAN_POINT('',(57.395850618385,16.320222542887,
    11.78557058948));
#2939 = CARTESIAN_POINT('',(57.566522542261,12.935481500123,
    12.447978964222));
#2940 = CARTESIAN_POINT('',(57.736530533212,9.411497937654,
    10.225464395172));
#2941 = CARTESIAN_POINT('',(57.907659977309,8.220846059654,
    5.094676310662));
#2942 = CARTESIAN_POINT('',(58.077345012323,12.594602086125,
    0.720750057506));
#2943 = CARTESIAN_POINT('',(58.248465361342,17.725501676212,
    1.911584260206));
#2944 = CARTESIAN_POINT('',(58.418487950587,19.947967240384,
    5.43542749505));
#2945 = CARTESIAN_POINT('',(58.589144792395,19.28557193531,
    8.820244120698));
#2946 = CARTESIAN_POINT('',(58.759537543717,17.142008518848,
    10.49999816569));
#2947 = CARTESIAN_POINT('',(58.929999999996,14.999999999999,
    10.499999999999));
#2948 = CARTESIAN_POINT('',(59.100469628881,12.857992189603,
    10.500003226833));
#2949 = CARTESIAN_POINT('',(59.270850618383,10.714429410521,
    8.820222542886));
#2950 = CARTESIAN_POINT('',(59.441522542263,10.052021035775,
    5.435481500128));
#2951 = CARTESIAN_POINT('',(59.611530533211,12.274535604836,
    1.911497937644));
#2952 = CARTESIAN_POINT('',(59.782659977314,17.405323689324,
    0.720846059669));
#2953 = CARTESIAN_POINT('',(59.952345012313,21.779249942513,
    5.094602086108));
#2954 = CARTESIAN_POINT('',(60.123465361359,20.588415739776,
    10.225501676225));
#2955 = CARTESIAN_POINT('',(60.293487950569,17.064572504963,
    12.447967240376));
#2956 = CARTESIAN_POINT('',(60.46414479241,13.679755879296,
    11.785571935313));
#2957 = CARTESIAN_POINT('',(60.634537543707,12.000001834313,
    9.642008518846));
#2958 = CARTESIAN_POINT('',(60.805,12.,7.5));
#2959 = CARTESIAN_POINT('',(60.975469851494,11.999996753264,
    5.357992142379));
#2960 = CARTESIAN_POINT('',(61.14584962912,13.67977754556,3.214429620368
    ));
#2961 = CARTESIAN_POINT('',(61.316525218066,17.064518260641,
    2.552020468181));
#2962 = CARTESIAN_POINT('',(61.486525173207,20.588502541568,
    4.774536741795));
#2963 = CARTESIAN_POINT('',(61.657668487695,21.779153179454,
    9.905321884122));
#2964 = CARTESIAN_POINT('',(61.827333961053,17.405398901952,
    14.27925228667));
#2965 = CARTESIAN_POINT('',(61.998477275868,12.274497258512,
    13.088413212514));
#2966 = CARTESIAN_POINT('',(62.168477230586,10.052033718105,
    9.564574778846));
#2967 = CARTESIAN_POINT('',(62.33915281983,10.714427346938,
    6.179754176547));
#2968 = CARTESIAN_POINT('',(62.509532597329,12.857991923424,
    4.500002883524));
#2969 = CARTESIAN_POINT('',(62.680002448852,14.999999781041,
    4.499999480556));
#2970 = ADVANCED_FACE('',(#2971),#3199,.F.);
#2971 = FACE_BOUND('',#2972,.F.);
#2972 = EDGE_LOOP('',(#2973,#3069,#3074,#3075));
#2973 = ORIENTED_EDGE('',*,*,#2974,.F.);
#2974 = EDGE_CURVE('',#2975,#2977,#2979,.T.);
#2975 = VERTEX_POINT('',#2976);
#2976 = CARTESIAN_POINT('',(48.35,15.,4.88));
#2977 = VERTEX_POINT('',#2978);
#2978 = CARTESIAN_POINT('',(57.,12.394331619019,7.226158150931));
#2979 = B_SPLINE_CURVE_WITH_KNOTS('',11,(#2980,#2981,#2982,#2983,#2984,
    #2985,#2986,#2987,#2988,#2989,#2990,#2991,#2992,#2993,#2994,#2995,
    #2996,#2997,#2998,#2999,#3000,#3001,#3002,#3003,#3004,#3005,#3006,
    #3007,#3008,#3009,#3010,#3011,#3012,#3013,#3014,#3015,#3016,#3017,
    #3018,#3019,#3020,#3021,#3022,#3023,#3024,#3025,#3026,#3027,#3028,
    #3029,#3030,#3031,#3032,#3033,#3034,#3035,#3036,#3037,#3038,#3039,
    #3040,#3041,#3042,#3043,#3044,#3045,#3046,#3047,#3048,#3049,#3050,
    #3051,#3052,#3053,#3054,#3055,#3056,#3057,#3058,#3059,#3060,#3061,
    #3062,#3063,#3064,#3065,#3066,#3067,#3068),.UNSPECIFIED.,.F.,.F.,(12
    ,11,11,11,11,11,11,11,12),(0.,8.074692099815,16.149384199629,
    24.224076299444,32.298768399258,40.373460499073,48.448152598888,
    56.522844698702,64.597536798517),.PIECEWISE_BEZIER_KNOTS.);
#2980 = CARTESIAN_POINT('',(48.35,15.,4.88));
#2981 = CARTESIAN_POINT('',(48.52045226009,16.870672519323,
    4.880027826146));
#2982 = CARTESIAN_POINT('',(48.690917950391,18.742807791927,
    6.346908882347));
#2983 = CARTESIAN_POINT('',(48.861339559446,19.320978380129,
    9.303201022988));
#2984 = CARTESIAN_POINT('',(49.03186176595,17.380756263875,
    12.380402249671));
#2985 = CARTESIAN_POINT('',(49.202214050868,12.898596659732,
    13.420574667249));
#2986 = CARTESIAN_POINT('',(49.372785193932,9.080256105525,
    9.600762966957));
#2987 = CARTESIAN_POINT('',(49.543138854308,10.118852121696,
    5.11957569668));
#2988 = CARTESIAN_POINT('',(49.713658852238,13.19726085818,
    3.178914326568));
#2989 = CARTESIAN_POINT('',(49.884082744216,16.152902783795,
    3.757208976094));
#2990 = CARTESIAN_POINT('',(50.054546653311,17.620014406968,
    5.62932798562));
#2991 = CARTESIAN_POINT('',(50.225,17.620000000004,7.5));
#2992 = CARTESIAN_POINT('',(50.395452260087,17.61997217384,
    9.370672519323));
#2993 = CARTESIAN_POINT('',(50.5659179504,16.153091117686,
    11.242807791921));
#2994 = CARTESIAN_POINT('',(50.736339559423,13.196798976956,
    11.820978380148));
#2995 = CARTESIAN_POINT('',(50.906861765991,10.119597750394,
    9.880756263845));
#2996 = CARTESIAN_POINT('',(51.077214050815,9.079425332702,5.39859665976
    ));
#2997 = CARTESIAN_POINT('',(51.247785193984,12.899237033062,
    1.580256105515));
#2998 = CARTESIAN_POINT('',(51.41813885427,17.380424303321,
    2.618852121689));
#2999 = CARTESIAN_POINT('',(51.588658852258,19.321085673427,
    5.697260858191));
#3000 = CARTESIAN_POINT('',(51.75908274421,18.742791023907,8.65290278379
    ));
#3001 = CARTESIAN_POINT('',(51.929546653312,16.870672014381,
    10.120014406967));
#3002 = CARTESIAN_POINT('',(52.1,14.999999999999,10.120000000006));
#3003 = CARTESIAN_POINT('',(52.270452260086,13.129327480676,
    10.119972173831));
#3004 = CARTESIAN_POINT('',(52.440917950405,11.257192208085,
    8.653091117707));
#3005 = CARTESIAN_POINT('',(52.61133955941,10.679021619838,
    5.696798976925));
#3006 = CARTESIAN_POINT('',(52.781861766012,12.619243736175,
    2.619597750426));
#3007 = CARTESIAN_POINT('',(52.952214050789,17.101403340227,
    1.579425332684));
#3008 = CARTESIAN_POINT('',(53.122785194008,20.919743894485,
    5.399237033062));
#3009 = CARTESIAN_POINT('',(53.293138854253,19.881147878319,
    9.880424303332));
#3010 = CARTESIAN_POINT('',(53.463658852266,16.802739141803,
    11.821085673418));
#3011 = CARTESIAN_POINT('',(53.634082744207,13.84709721621,
    11.24279102391));
#3012 = CARTESIAN_POINT('',(53.804546653312,12.379985593037,
    9.370672014382));
#3013 = CARTESIAN_POINT('',(53.975000000001,12.37999999999,
    7.499999999999));
#3014 = CARTESIAN_POINT('',(54.145452260084,12.380027826182,
    5.629327480677));
#3015 = CARTESIAN_POINT('',(54.315917950413,13.846908882264,
    3.757192208086));
#3016 = CARTESIAN_POINT('',(54.486339559392,16.803201023123,
    3.179021619834));
#3017 = CARTESIAN_POINT('',(54.656861766043,19.880402249521,
    5.119243736174));
#3018 = CARTESIAN_POINT('',(54.827214050751,20.920574667352,
    9.601403340249));
#3019 = CARTESIAN_POINT('',(54.997785194042,17.10076296693,
    13.419743894431));
#3020 = CARTESIAN_POINT('',(55.168138854231,12.619575696658,
    12.381147878395));
#3021 = CARTESIAN_POINT('',(55.338658852277,10.678914326594,
    9.302739141731));
#3022 = CARTESIAN_POINT('',(55.509082744203,11.257208976084,
    6.34709721626));
#3023 = CARTESIAN_POINT('',(55.679546653313,13.12932798562,4.87998559301
    ));
#3024 = CARTESIAN_POINT('',(55.85,15.,4.880000000001));
#3025 = CARTESIAN_POINT('',(56.02045226009,16.870672519322,
    4.880027826141));
#3026 = CARTESIAN_POINT('',(56.190917950387,18.74280779193,
    6.346908882359));
#3027 = CARTESIAN_POINT('',(56.361339559458,19.320978380124,
    9.303201022974));
#3028 = CARTESIAN_POINT('',(56.531861765928,17.380756263875,
    12.380402249674));
#3029 = CARTESIAN_POINT('',(56.702214050897,12.898596659748,
    13.420574667269));
#3030 = CARTESIAN_POINT('',(56.872785193904,9.080256105492,
    9.600762966919));
#3031 = CARTESIAN_POINT('',(57.043138854329,10.118852121734,
    5.11957569672));
#3032 = CARTESIAN_POINT('',(57.213658852227,13.197260858151,
    3.178914326543));
#3033 = CARTESIAN_POINT('',(57.384082744221,16.152902783809,
    3.757208976104));
#3034 = CARTESIAN_POINT('',(57.55454665331,17.620014406964,
    5.629327985619));
#3035 = CARTESIAN_POINT('',(57.725,17.620000000004,7.5));
#3036 = CARTESIAN_POINT('',(57.895452260086,17.619972173833,
    9.370672519324));
#3037 = CARTESIAN_POINT('',(58.065917950408,16.153091117705,
    11.242807791918));
#3038 = CARTESIAN_POINT('',(58.236339559401,13.196798976925,
    11.820978380149));
#3039 = CARTESIAN_POINT('',(58.40686176603,10.119597750421,9.88075626386
    ));
#3040 = CARTESIAN_POINT('',(58.577214050761,9.079425332702,
    5.398596659713));
#3041 = CARTESIAN_POINT('',(58.747785194039,12.899237033033,
    1.580256105592));
#3042 = CARTESIAN_POINT('',(58.918138854227,17.380424303358,
    2.618852121607));
#3043 = CARTESIAN_POINT('',(59.088658852282,19.321085673404,
    5.69726085825));
#3044 = CARTESIAN_POINT('',(59.2590827442,18.742791023914,8.652902783762
    ));
#3045 = CARTESIAN_POINT('',(59.429546653314,16.870672014382,
    10.120014406975));
#3046 = CARTESIAN_POINT('',(59.600000000001,14.999999999999,
    10.120000000007));
#3047 = CARTESIAN_POINT('',(59.770452260083,13.129327480676,
    10.119972173827));
#3048 = CARTESIAN_POINT('',(59.940917950414,11.257192208085,
    8.653091117716));
#3049 = CARTESIAN_POINT('',(60.111339559389,10.679021619844,
    5.69679897691));
#3050 = CARTESIAN_POINT('',(60.281861766048,12.619243736149,
    2.619597750436));
#3051 = CARTESIAN_POINT('',(60.45221405074,17.101403340284,1.57942533269
    ));
#3052 = CARTESIAN_POINT('',(60.622785194059,20.919743894398,
    5.39923703304));
#3053 = CARTESIAN_POINT('',(60.793138854214,19.881147878416,
    9.880424303354));
#3054 = CARTESIAN_POINT('',(60.963658852289,16.802739141722,
    11.821085673407));
#3055 = CARTESIAN_POINT('',(61.134082744197,13.847097216262,
    11.242791023911));
#3056 = CARTESIAN_POINT('',(61.304546653314,12.379985593011,
    9.370672014383));
#3057 = CARTESIAN_POINT('',(61.475000000001,12.38,7.5));
#3058 = CARTESIAN_POINT('',(61.645452226357,12.380027829163,
    5.629327885446));
#3059 = CARTESIAN_POINT('',(61.815918100287,13.846908868943,
    3.757190409388));
#3060 = CARTESIAN_POINT('',(61.986339154006,16.803201059246,
    3.179026484983));
#3061 = CARTESIAN_POINT('',(62.156862578101,19.880402177045,
    5.11923399067));
#3062 = CARTESIAN_POINT('',(62.327212761365,20.920574782555,
    9.601418813666));
#3063 = CARTESIAN_POINT('',(62.49778686844,17.100762817231,
    13.419723801291));
#3064 = CARTESIAN_POINT('',(62.668137048995,12.619575858099,
    12.381169541054));
#3065 = CARTESIAN_POINT('',(62.838660476555,10.678914181332,
    9.302719650923));
#3066 = CARTESIAN_POINT('',(63.009081527884,11.257209084852,
    6.347111811533));
#3067 = CARTESIAN_POINT('',(63.179547402796,13.129327918605,
    4.879976599609));
#3068 = CARTESIAN_POINT('',(63.349999628946,15.000000033177,
    4.880004452454));
#3069 = ORIENTED_EDGE('',*,*,#3070,.T.);
#3070 = EDGE_CURVE('',#2975,#2561,#3071,.T.);
#3071 = B_SPLINE_CURVE_WITH_KNOTS('',1,(#3072,#3073),.UNSPECIFIED.,.F.,
  .F.,(2,2),(0.,1.2),.PIECEWISE_BEZIER_KNOTS.);
#3072 = CARTESIAN_POINT('',(48.35,15.,4.88));
#3073 = CARTESIAN_POINT('',(47.15,15.,4.88));
#3074 = ORIENTED_EDGE('',*,*,#2560,.T.);
#3075 = ORIENTED_EDGE('',*,*,#3076,.T.);
#3076 = EDGE_CURVE('',#2563,#2977,#3077,.T.);
#3077 = B_SPLINE_CURVE_WITH_KNOTS('',8,(#3078,#3079,#3080,#3081,#3082,
    #3083,#3084,#3085,#3086,#3087,#3088,#3089,#3090,#3091,#3092,#3093,
    #3094,#3095,#3096,#3097,#3098,#3099,#3100,#3101,#3102,#3103,#3104,
    #3105,#3106,#3107,#3108,#3109,#3110,#3111,#3112,#3113,#3114,#3115,
    #3116,#3117,#3118,#3119,#3120,#3121,#3122,#3123,#3124,#3125,#3126,
    #3127,#3128,#3129,#3130,#3131,#3132,#3133,#3134,#3135,#3136,#3137,
    #3138,#3139,#3140,#3141,#3142,#3143,#3144,#3145,#3146,#3147,#3148,
    #3149,#3150,#3151,#3152,#3153,#3154,#3155,#3156,#3157,#3158,#3159,
    #3160,#3161,#3162,#3163,#3164,#3165,#3166,#3167,#3168,#3169,#3170,
    #3171,#3172,#3173,#3174,#3175,#3176,#3177,#3178,#3179,#3180,#3181,
    #3182,#3183,#3184,#3185,#3186,#3187,#3188,#3189,#3190,#3191,#3192,
    #3193,#3194,#3195,#3196,#3197,#3198),.UNSPECIFIED.,.F.,.F.,(9,7,7,7,
    7,7,7,7,7,7,7,7,7,7,7,7,7,9),(0.,6.300528711076E-02,0.118008670908,
    0.142010326168,0.206015702937,0.256020915435,0.277023041868,
    0.329027991867,0.396036002823,0.413038210701,0.463044448475,
    0.51504934786,0.586056117518,0.630060210353,0.657062271142,
    0.851983082361,0.932993103204,1.),.UNSPECIFIED.);
#3078 = CARTESIAN_POINT('',(57.,13.934376181658,9.893516067262));
#3079 = CARTESIAN_POINT('',(57.,14.029119069587,9.935697955798));
#3080 = CARTESIAN_POINT('',(57.,14.125771591082,9.973594202307));
#3081 = CARTESIAN_POINT('',(57.,14.224105497854,10.007103222262));
#3082 = CARTESIAN_POINT('',(57.,14.323888037661,10.036138482747));
#3083 = CARTESIAN_POINT('',(57.,14.424882176973,10.060628573837));
#3084 = CARTESIAN_POINT('',(57.,14.526846823647,10.080517279973));
#3085 = CARTESIAN_POINT('',(57.,14.629537049589,10.095763651344));
#3086 = CARTESIAN_POINT('',(57.,14.822768955122,10.11557700042));
#3087 = CARTESIAN_POINT('',(57.,14.913199091697,10.121254612457));
#3088 = CARTESIAN_POINT('',(57.,15.003829672163,10.123358046301));
#3089 = CARTESIAN_POINT('',(57.,15.094495763304,10.121879587672));
#3090 = CARTESIAN_POINT('',(57.,15.185032660755,10.116820666965));
#3091 = CARTESIAN_POINT('',(57.,15.275276000082,10.108191853134));
#3092 = CARTESIAN_POINT('',(57.,15.365061867859,10.096012847572));
#3093 = CARTESIAN_POINT('',(57.,15.493135585641,10.073461356622));
#3094 = CARTESIAN_POINT('',(57.,15.531926207407,10.065939691574));
#3095 = CARTESIAN_POINT('',(57.,15.570585278015,10.057749871033));
#3096 = CARTESIAN_POINT('',(57.,15.609099375031,10.048894604692));
#3097 = CARTESIAN_POINT('',(57.,15.647455153611,10.039376923748));
#3098 = CARTESIAN_POINT('',(57.,15.685639346506,10.029200180903));
#3099 = CARTESIAN_POINT('',(57.,15.723638764056,10.018368050367));
#3100 = CARTESIAN_POINT('',(57.,15.862245890838,9.976261340526));
#3101 = CARTESIAN_POINT('',(57.,15.961645848193,9.941005276918));
#3102 = CARTESIAN_POINT('',(57.,16.059389707286,9.901192813294));
#3103 = CARTESIAN_POINT('',(57.,16.155233943203,9.856915660977));
#3104 = CARTESIAN_POINT('',(57.,16.248942176787,9.808280627208));
#3105 = CARTESIAN_POINT('',(57.,16.340285386339,9.755409476007));
#3106 = CARTESIAN_POINT('',(57.,16.429042119312,9.698438789033));
#3107 = CARTESIAN_POINT('',(57.,16.58215364475,9.589925923823));
#3108 = CARTESIAN_POINT('',(57.,16.64760066328,9.539921278778));
#3109 = CARTESIAN_POINT('',(57.,16.71123827913,9.487577857137));
#3110 = CARTESIAN_POINT('',(57.,16.772969077719,9.432972276951));
#3111 = CARTESIAN_POINT('',(57.,16.832699760262,9.376185764641));
#3112 = CARTESIAN_POINT('',(57.,16.890341193667,9.317304111148));
#3113 = CARTESIAN_POINT('',(57.,16.945808460441,9.256417628079));
#3114 = CARTESIAN_POINT('',(57.,17.02137006996,9.167246642571));
#3115 = CARTESIAN_POINT('',(57.,17.043321546259,9.140535186521));
#3116 = CARTESIAN_POINT('',(57.,17.064869389794,9.113493729778));
#3117 = CARTESIAN_POINT('',(57.,17.086007805742,9.086129383942));
#3118 = CARTESIAN_POINT('',(57.,17.106731152146,9.058449378146));
#3119 = CARTESIAN_POINT('',(57.,17.127033939913,9.030461059054));
#3120 = CARTESIAN_POINT('',(57.,17.146910832818,9.002171890861));
#3121 = CARTESIAN_POINT('',(57.,17.214507896536,8.902814329871));
#3122 = CARTESIAN_POINT('',(57.,17.26001635414,8.830240483103));
#3123 = CARTESIAN_POINT('',(57.,17.302802972166,8.75598365065));
#3124 = CARTESIAN_POINT('',(57.,17.34279509514,8.680163008848));
#3125 = CARTESIAN_POINT('',(57.,17.379926539682,8.602901121033));
#3126 = CARTESIAN_POINT('',(57.,17.414137673944,8.524323883874));
#3127 = CARTESIAN_POINT('',(57.,17.445375497028,8.444560473693));
#3128 = CARTESIAN_POINT('',(57.,17.509952697491,8.259610925738));
#3129 = CARTESIAN_POINT('',(57.,17.54129952122,8.15372578401));
#3130 = CARTESIAN_POINT('',(57.,17.5675349103,8.04637268083));
#3131 = CARTESIAN_POINT('',(57.,17.588579898234,7.937840251552));
#3132 = CARTESIAN_POINT('',(57.,17.604376047214,7.828420657276));
#3133 = CARTESIAN_POINT('',(57.,17.614885663997,7.71840928846));
#3134 = CARTESIAN_POINT('',(57.,17.62009201578,7.608104468519));
#3135 = CARTESIAN_POINT('',(57.,17.619976083366,7.469820984071));
#3136 = CARTESIAN_POINT('',(57.,17.619611493509,7.441835047017));
#3137 = CARTESIAN_POINT('',(57.,17.618905709215,7.413854210835));
#3138 = CARTESIAN_POINT('',(57.,17.617858751113,7.385883338305));
#3139 = CARTESIAN_POINT('',(57.,17.616470727742,7.357927290432));
#3140 = CARTESIAN_POINT('',(57.,17.614741835557,7.329990926441));
#3141 = CARTESIAN_POINT('',(57.,17.612672358922,7.302079103778));
#3142 = CARTESIAN_POINT('',(57.,17.603175386382,7.192189963591));
#3143 = CARTESIAN_POINT('',(57.,17.593144983536,7.110436926548));
#3144 = CARTESIAN_POINT('',(57.,17.580181138751,7.029061897592));
#3145 = CARTESIAN_POINT('',(57.,17.564299874624,6.948187905798));
#3146 = CARTESIAN_POINT('',(57.,17.545523559181,6.867936678706));
#3147 = CARTESIAN_POINT('',(57.,17.523880905876,6.788428642317));
#3148 = CARTESIAN_POINT('',(57.,17.499406973589,6.709782921098));
#3149 = CARTESIAN_POINT('',(57.,17.443789673128,6.551347597732));
#3150 = CARTESIAN_POINT('',(57.,17.412418357648,6.471636680356));
#3151 = CARTESIAN_POINT('',(57.,17.378075730231,6.393116910059));
#3152 = CARTESIAN_POINT('',(57.,17.340815006326,6.315917373938));
#3153 = CARTESIAN_POINT('',(57.,17.300696027204,6.240163868442));
#3154 = CARTESIAN_POINT('',(57.,17.257785180364,6.165978845839));
#3155 = CARTESIAN_POINT('',(57.,17.212155319944,6.093481360676));
#3156 = CARTESIAN_POINT('',(57.,17.097978998724,5.926261937063));
#3157 = CARTESIAN_POINT('',(57.,17.027148772787,5.833095391492));
#3158 = CARTESIAN_POINT('',(57.,16.951597950573,5.743582695181));
#3159 = CARTESIAN_POINT('',(57.,16.871548028208,5.658002054586));
#3160 = CARTESIAN_POINT('',(57.,16.787238716241,5.576614268411));
#3161 = CARTESIAN_POINT('',(57.,16.698927599198,5.499662429052));
#3162 = CARTESIAN_POINT('',(57.,16.606889795144,5.427371624036));
#3163 = CARTESIAN_POINT('',(57.,16.452251895009,5.318165475449));
#3164 = CARTESIAN_POINT('',(57.,16.391766183197,5.27825097543));
#3165 = CARTESIAN_POINT('',(57.,16.330029715798,5.240254015753));
#3166 = CARTESIAN_POINT('',(57.,16.267113528297,5.204220222227));
#3167 = CARTESIAN_POINT('',(57.,16.203090455662,5.170191968115));
#3168 = CARTESIAN_POINT('',(57.,16.138035132352,5.138208374141));
#3169 = CARTESIAN_POINT('',(57.,16.072023992309,5.108305308484));
#3170 = CARTESIAN_POINT('',(57.,15.964090601123,5.063462764929));
#3171 = CARTESIAN_POINT('',(57.,15.922715369939,5.04720576138));
#3172 = CARTESIAN_POINT('',(57.,15.881027597715,5.031751881159));
#3173 = CARTESIAN_POINT('',(57.,15.839045477241,5.017108128594));
#3174 = CARTESIAN_POINT('',(57.,15.796787371787,5.003281007312));
#3175 = CARTESIAN_POINT('',(57.,15.754271815105,4.990276520241));
#3176 = CARTESIAN_POINT('',(57.,15.711517511429,4.978100169612));
#3177 = CARTESIAN_POINT('',(57.,15.358324004301,4.884873272963));
#3178 = CARTESIAN_POINT('',(57.,15.036222197132,4.846292604843));
#3179 = CARTESIAN_POINT('',(57.,14.709951967356,4.853277004097));
#3180 = CARTESIAN_POINT('',(57.,14.386999745721,4.905986011249));
#3181 = CARTESIAN_POINT('',(57.,14.074614157472,5.003417843045));
#3182 = CARTESIAN_POINT('',(57.,13.779724661042,5.143218216232));
#3183 = CARTESIAN_POINT('',(57.,13.508955810918,5.321892891273));
#3184 = CARTESIAN_POINT('',(57.,13.168135159105,5.622110956803));
#3185 = CARTESIAN_POINT('',(57.,13.073196484855,5.716074845265));
#3186 = CARTESIAN_POINT('',(57.,12.983781789364,5.815509665202));
#3187 = CARTESIAN_POINT('',(57.,12.900257013423,5.920034081828));
#3188 = CARTESIAN_POINT('',(57.,12.822954680712,6.029240657066));
#3189 = CARTESIAN_POINT('',(57.,12.752174383718,6.14269715432));
#3190 = CARTESIAN_POINT('',(57.,12.688181363041,6.259946408906));
#3191 = CARTESIAN_POINT('',(57.,12.584074057229,6.480223801123));
#3192 = CARTESIAN_POINT('',(57.,12.541741899425,6.582212160783));
#3193 = CARTESIAN_POINT('',(57.,12.50433516882,6.686197819251));
#3194 = CARTESIAN_POINT('',(57.,12.471963154661,6.791902694175));
#3195 = CARTESIAN_POINT('',(57.,12.444715877276,6.899042956969));
#3196 = CARTESIAN_POINT('',(57.,12.422663992049,7.007329345072));
#3197 = CARTESIAN_POINT('',(57.,12.4058586934,7.116467474211));
#3198 = CARTESIAN_POINT('',(57.,12.394331618757,7.226158150669));
#3199 = B_SPLINE_SURFACE_WITH_KNOTS('',1,11,(
    (#3200,#3201,#3202,#3203,#3204,#3205,#3206,#3207,#3208,#3209,#3210
      ,#3211,#3212,#3213,#3214,#3215,#3216,#3217,#3218,#3219,#3220,#3221
      ,#3222,#3223,#3224,#3225,#3226,#3227,#3228,#3229,#3230,#3231,#3232
      ,#3233,#3234,#3235,#3236,#3237,#3238,#3239,#3240,#3241,#3242,#3243
      ,#3244,#3245,#3246,#3247,#3248,#3249,#3250,#3251,#3252,#3253,#3254
      ,#3255,#3256,#3257,#3258,#3259,#3260,#3261,#3262,#3263,#3264,#3265
      ,#3266,#3267,#3268,#3269,#3270,#3271,#3272,#3273,#3274,#3275,#3276
      ,#3277,#3278,#3279,#3280,#3281)
    ,(#3282,#3283,#3284,#3285,#3286,#3287,#3288,#3289,#3290,#3291,#3292
      ,#3293,#3294,#3295,#3296,#3297,#3298,#3299,#3300,#3301,#3302,#3303
      ,#3304,#3305,#3306,#3307,#3308,#3309,#3310,#3311,#3312,#3313,#3314
      ,#3315,#3316,#3317,#3318,#3319,#3320,#3321,#3322,#3323,#3324,#3325
      ,#3326,#3327,#3328,#3329,#3330,#3331,#3332,#3333,#3334,#3335,#3336
      ,#3337,#3338,#3339,#3340,#3341,#3342,#3343,#3344,#3345,#3346,#3347
      ,#3348,#3349,#3350,#3351,#3352,#3353,#3354,#3355,#3356,#3357,#3358
      ,#3359,#3360,#3361,#3362,#3363
    )),.UNSPECIFIED.,.F.,.F.,.F.,(2,2),(12,10,10,10,10,10,10,10,12),(0.,
    1.2),(0.,8.074692099815,16.149384199629,24.224076299444,
    32.298768399258,40.373460499073,48.448152598888,56.522844698702,
    64.597536798517),.UNSPECIFIED.);
#3200 = CARTESIAN_POINT('',(48.35,15.,4.88));
#3201 = CARTESIAN_POINT('',(48.520452243481,16.870672317225,
    4.880027830705));
#3202 = CARTESIAN_POINT('',(48.690918024197,18.742808689994,
    6.346908862087));
#3203 = CARTESIAN_POINT('',(48.861339359814,19.320975951027,
    9.30320107779));
#3204 = CARTESIAN_POINT('',(49.031862165838,17.380761129681,
    12.380402139896));
#3205 = CARTESIAN_POINT('',(49.202213415943,12.898588934025,
    13.420574841544));
#3206 = CARTESIAN_POINT('',(49.372786018423,9.080266137844,
    9.600762740624));
#3207 = CARTESIAN_POINT('',(49.543137965412,10.118841305707,
    5.119575940693));
#3208 = CARTESIAN_POINT('',(49.713659652016,13.197270589789,
    3.178914107019));
#3209 = CARTESIAN_POINT('',(49.884082145321,16.152895496492,
    3.757209140498));
#3210 = CARTESIAN_POINT('',(50.054547022341,17.620018897298,
    5.629327884317));
#3211 = CARTESIAN_POINT('',(50.395452612259,17.619976656568,
    9.370672215991));
#3212 = CARTESIAN_POINT('',(50.565917426421,16.153083864165,
    11.242808854088));
#3213 = CARTESIAN_POINT('',(50.736340156565,13.196808617191,
    11.82097573232));
#3214 = CARTESIAN_POINT('',(50.906861283001,10.119587117437,
    9.880761372015));
#3215 = CARTESIAN_POINT('',(51.077214230825,9.079435074412,
    5.398588710335));
#3216 = CARTESIAN_POINT('',(51.247785395959,12.899229684728,
    1.580266308732));
#3217 = CARTESIAN_POINT('',(51.418138351883,17.380428762276,
    2.618841199587));
#3218 = CARTESIAN_POINT('',(51.588659464443,19.321083610386,
    5.697270641307));
#3219 = CARTESIAN_POINT('',(51.759082210103,18.742791647857,
    8.652895478692));
#3220 = CARTESIAN_POINT('',(51.92954701129,16.87067198119,
    10.120018900337));
#3221 = CARTESIAN_POINT('',(52.27045261781,13.129327851565,
    10.11997665504));
#3222 = CARTESIAN_POINT('',(52.440917417427,11.257191036409,
    8.653083866647));
#3223 = CARTESIAN_POINT('',(52.611340168544,10.679024413629,
    5.696808613879));
#3224 = CARTESIAN_POINT('',(52.781861269737,12.619238466264,
    2.619587121104));
#3225 = CARTESIAN_POINT('',(52.952214243058,17.101411438949,
    1.579435071038));
#3226 = CARTESIAN_POINT('',(53.122785386621,20.919733577214,
    5.399229687291));
#3227 = CARTESIAN_POINT('',(53.293138357677,19.881158871243,
    9.880428760695));
#3228 = CARTESIAN_POINT('',(53.463659461633,16.802729324305,
    11.821083611149));
#3229 = CARTESIAN_POINT('',(53.634082211073,13.847104533188,
    11.242791647593));
#3230 = CARTESIAN_POINT('',(53.804547011125,12.379981097635,
    9.370671981236));
#3231 = CARTESIAN_POINT('',(54.145452617892,12.380023345982,
    5.629327851542));
#3232 = CARTESIAN_POINT('',(54.315917417298,13.846916131688,
    3.757191036454));
#3233 = CARTESIAN_POINT('',(54.486340168709,16.803191388349,
    3.179024413558));
#3234 = CARTESIAN_POINT('',(54.656861269564,19.880412876426,
    5.119238466352));
#3235 = CARTESIAN_POINT('',(54.827214243212,20.920564931229,
    9.601411438868));
#3236 = CARTESIAN_POINT('',(54.997785386506,17.100770310997,
    13.419733577267));
#3237 = CARTESIAN_POINT('',(55.16813835775,12.619571240353,
    12.381158871222));
#3238 = CARTESIAN_POINT('',(55.338659461595,10.67891638835,9.30272932431
    ));
#3239 = CARTESIAN_POINT('',(55.509082211089,11.257208352578,
    6.347104533187));
#3240 = CARTESIAN_POINT('',(55.679547011121,13.129328018736,
    4.879981097638));
#3241 = CARTESIAN_POINT('',(56.020452617897,16.870672148471,
    4.880023345971));
#3242 = CARTESIAN_POINT('',(56.190917417274,18.742808963542,
    6.346916131733));
#3243 = CARTESIAN_POINT('',(56.361340168773,19.32097558642,9.30319138827
    ));
#3244 = CARTESIAN_POINT('',(56.53186126945,17.380761533685,
    12.380412876494));
#3245 = CARTESIAN_POINT('',(56.702214243356,12.898588561124,
    13.420564931234));
#3246 = CARTESIAN_POINT('',(56.872785386372,9.080266422678,
    9.600770310904));
#3247 = CARTESIAN_POINT('',(57.043138357842,10.118841128872,
    5.119571240481));
#3248 = CARTESIAN_POINT('',(57.21365946155,13.19727067561,3.178916388251
    ));
#3249 = CARTESIAN_POINT('',(57.384082211102,16.152895466851,
    3.757208352627));
#3250 = CARTESIAN_POINT('',(57.554547011121,17.620018902356,
    5.629328018718));
#3251 = CARTESIAN_POINT('',(57.895452617893,17.619976654024,
    9.370672148504));
#3252 = CARTESIAN_POINT('',(58.065917417305,16.153083868299,
    11.242808963351));
#3253 = CARTESIAN_POINT('',(58.236340168681,13.19680861167,
    11.820975586964));
#3254 = CARTESIAN_POINT('',(58.406861269631,10.119587123559,9.8807615326
    ));
#3255 = CARTESIAN_POINT('',(58.577214243088,9.079435068769,
    5.398588562812));
#3256 = CARTESIAN_POINT('',(58.747785386684,12.899229689031,
    1.580266420524));
#3257 = CARTESIAN_POINT('',(58.918138357546,17.3804287596,2.618841131188
    ));
#3258 = CARTESIAN_POINT('',(59.088659461783,19.321083611702,
    5.697270673504));
#3259 = CARTESIAN_POINT('',(59.259082210947,18.742791647381,
    8.652895468458));
#3260 = CARTESIAN_POINT('',(59.429547011208,16.87067198129,
    10.120018901346));
#3261 = CARTESIAN_POINT('',(59.770452617724,13.12932785148,
    10.119976656051));
#3262 = CARTESIAN_POINT('',(59.940917418287,11.257191036745,
    8.653083856395));
#3263 = CARTESIAN_POINT('',(60.111340165844,10.67902441276,5.69680864615
    ));
#3264 = CARTESIAN_POINT('',(60.281861275471,12.619238467962,
    2.619587052503));
#3265 = CARTESIAN_POINT('',(60.452214233691,17.101411436292,
    1.579435183225));
#3266 = CARTESIAN_POINT('',(60.622785398976,20.919733580635,
    5.399229539188));
#3267 = CARTESIAN_POINT('',(60.793138344239,19.881158867568,
    9.880428921938));
#3268 = CARTESIAN_POINT('',(60.963659473787,16.802729327612,
    11.821083465196));
#3269 = CARTESIAN_POINT('',(61.134082201944,13.847104530707,
    11.242791757298));
#3270 = CARTESIAN_POINT('',(61.304547016761,12.379981099169,
    9.37067191348));
#3271 = CARTESIAN_POINT('',(61.64545260667,12.380023342922,5.62932798648
    ));
#3272 = CARTESIAN_POINT('',(61.815917483082,13.846916149609,
    3.757190245421));
#3273 = CARTESIAN_POINT('',(61.986339978232,16.803191336499,
    3.179026703948));
#3274 = CARTESIAN_POINT('',(62.156861662034,19.880412983184,
    5.119233747307));
#3275 = CARTESIAN_POINT('',(62.327213611057,20.920564759373,
    9.601419039396));
#3276 = CARTESIAN_POINT('',(62.497786214107,17.100770535903,
    13.41972362746));
#3277 = CARTESIAN_POINT('',(62.668137461106,12.619570996725,
    12.381169650536));
#3278 = CARTESIAN_POINT('',(62.838660270821,10.678916608222,
    9.302719596267));
#3279 = CARTESIAN_POINT('',(63.009081603946,11.257208187603,
    6.347111831739));
#3280 = CARTESIAN_POINT('',(63.179547385679,13.129328120518,
    4.879976595061));
#3281 = CARTESIAN_POINT('',(63.349999628946,15.000000033177,
    4.880004452454));
#3282 = CARTESIAN_POINT('',(47.15,15.,4.88));
#3283 = CARTESIAN_POINT('',(47.320452243473,16.870675091874,
    4.879972166288));
#3284 = CARTESIAN_POINT('',(47.4909180242,18.742798186591,6.347109919588
    ));
#3285 = CARTESIAN_POINT('',(47.661339360295,19.321090714809,
    9.30272271585));
#3286 = CARTESIAN_POINT('',(47.831862163911,17.380432982413,
    12.381177972587));
#3287 = CARTESIAN_POINT('',(48.00221342013,12.899225824187,
    13.419733666105));
#3288 = CARTESIAN_POINT('',(48.172786012653,9.079425148376,
    9.601422529675));
#3289 = CARTESIAN_POINT('',(48.343137970816,10.119578755415,
    5.119229644418));
#3290 = CARTESIAN_POINT('',(48.513659648641,13.196805653122,
    3.179019335301));
#3291 = CARTESIAN_POINT('',(48.684082146644,16.153085857418,
    3.75718390042));
#3292 = CARTESIAN_POINT('',(48.854547022136,17.619981133207,
    5.629324840438));
#3293 = CARTESIAN_POINT('',(49.195452612359,17.620023329605,
    9.370675125874));
#3294 = CARTESIAN_POINT('',(49.36591742625,16.152897381447,
    11.242798131484));
#3295 = CARTESIAN_POINT('',(49.536340157276,13.1972675528,11.82109078825
    ));
#3296 = CARTESIAN_POINT('',(49.706861280819,10.118832810378,
    9.880432901037));
#3297 = CARTESIAN_POINT('',(49.877214235248,9.080256380742,
    5.399225899317));
#3298 = CARTESIAN_POINT('',(50.047785390009,12.89858507339,
    1.579425090955));
#3299 = CARTESIAN_POINT('',(50.218138357399,17.380765634965,
    2.619578791095));
#3300 = CARTESIAN_POINT('',(50.388659461014,19.320982955865,
    5.696805635788));
#3301 = CARTESIAN_POINT('',(50.559082211445,18.742815308261,
    8.653085863411));
#3302 = CARTESIAN_POINT('',(50.729547011081,16.870675294563,
    10.119981132183));
#3303 = CARTESIAN_POINT('',(51.070452617911,13.129324806316,
    10.120023330122));
#3304 = CARTESIAN_POINT('',(51.240917417253,11.25720197843,
    8.652897380601));
#3305 = CARTESIAN_POINT('',(51.411340169262,10.678909065257,
    5.697267553938));
#3306 = CARTESIAN_POINT('',(51.581861267546,12.619567261276,
    2.618832809111));
#3307 = CARTESIAN_POINT('',(51.752214247491,17.100773950864,
    1.580256381909));
#3308 = CARTESIAN_POINT('',(51.922785380663,20.920575023493,
    5.398585072506));
#3309 = CARTESIAN_POINT('',(52.093138363199,19.880421137837,
    9.880765635504));
#3310 = CARTESIAN_POINT('',(52.2636594582,16.803194398714,
    11.820982955608));
#3311 = CARTESIAN_POINT('',(52.434082212417,13.846914124668,
    11.242815308348));
#3312 = CARTESIAN_POINT('',(52.604547010915,12.380018869853,
    9.370675294548));
#3313 = CARTESIAN_POINT('',(52.945452617993,12.379976668852,
    5.629324806324));
#3314 = CARTESIAN_POINT('',(53.115917417124,13.847102621074,
    3.757201978412));
#3315 = CARTESIAN_POINT('',(53.286340169428,16.802732443813,
    3.178909065288));
#3316 = CARTESIAN_POINT('',(53.456861267371,19.881167193402,
    5.119567261238));
#3317 = CARTESIAN_POINT('',(53.627214247646,20.919743615756,
    9.600773950892));
#3318 = CARTESIAN_POINT('',(53.797785380546,17.101414929285,
    13.420575023488));
#3319 = CARTESIAN_POINT('',(53.968138363273,12.61923436338,
    12.380421137827));
#3320 = CARTESIAN_POINT('',(54.138659458162,10.679017044935,
    9.303194398723));
#3321 = CARTESIAN_POINT('',(54.309082212432,11.257184691463,
    6.346914124667));
#3322 = CARTESIAN_POINT('',(54.479547010911,13.129324705484,
    4.880018869848));
#3323 = CARTESIAN_POINT('',(54.820452617998,16.870675193661,
    4.879976668866));
#3324 = CARTESIAN_POINT('',(54.9909174171,18.742798021594,6.347102621011
    ));
#3325 = CARTESIAN_POINT('',(55.161340169491,19.321090934736,
    9.30273244395));
#3326 = CARTESIAN_POINT('',(55.331861267261,17.380432738711,
    12.381167193208));
#3327 = CARTESIAN_POINT('',(55.502214247786,12.899226049142,
    13.419743615941));
#3328 = CARTESIAN_POINT('',(55.672785380415,9.079424976536,
    9.601414929175));
#3329 = CARTESIAN_POINT('',(55.843138363363,10.119578862103,
    5.119234363407));
#3330 = CARTESIAN_POINT('',(56.013659458119,13.196805601346,
    3.179017044952));
#3331 = CARTESIAN_POINT('',(56.184082212444,16.153085875298,
    3.757184691441));
#3332 = CARTESIAN_POINT('',(56.354547010911,17.619981130157,
    5.629324705499));
#3333 = CARTESIAN_POINT('',(56.695452617994,17.62002333114,
    9.370675193631));
#3334 = CARTESIAN_POINT('',(56.865917417131,16.15289737895,
    11.242798021781));
#3335 = CARTESIAN_POINT('',(57.036340169397,13.19726755614,
    11.821090934194));
#3336 = CARTESIAN_POINT('',(57.206861267444,10.118832806665,
    9.880432739806));
#3337 = CARTESIAN_POINT('',(57.377214247514,9.080256384181,
    5.399226047426));
#3338 = CARTESIAN_POINT('',(57.547785380733,12.898585070744,
    1.579424978729));
#3339 = CARTESIAN_POINT('',(57.718138363062,17.380765636635,
    2.619578859757));
#3340 = CARTESIAN_POINT('',(57.888659458355,19.320982955019,
    5.696805603464));
#3341 = CARTESIAN_POINT('',(58.059082212288,18.742815308587,
    8.653085873692));
#3342 = CARTESIAN_POINT('',(58.229547010999,16.87067529448,
    10.119981131163));
#3343 = CARTESIAN_POINT('',(58.570452617825,13.129324806415,
    10.120023329121));
#3344 = CARTESIAN_POINT('',(58.740917418112,11.257201977948,
    8.652897390808));
#3345 = CARTESIAN_POINT('',(58.911340166564,10.678909066589,
    5.697267521793));
#3346 = CARTESIAN_POINT('',(59.081861273276,12.619567258586,
    2.618832877445));
#3347 = CARTESIAN_POINT('',(59.25221423813,17.100773955153,
    1.580256270169));
#3348 = CARTESIAN_POINT('',(59.422785393009,20.920575017904,
    5.39858522001));
#3349 = CARTESIAN_POINT('',(59.593138349769,19.880421143886,
    9.880765474916));
#3350 = CARTESIAN_POINT('',(59.763659470348,16.803194393247,
    11.820983100973));
#3351 = CARTESIAN_POINT('',(59.934082203292,13.846914128779,
    11.242815199081));
#3352 = CARTESIAN_POINT('',(60.104547016549,12.38001886731,
    9.370675362037));
#3353 = CARTESIAN_POINT('',(60.445452606777,12.379976673921,
    5.62932467192));
#3354 = CARTESIAN_POINT('',(60.615917482876,13.847102591372,
    3.757202766314));
#3355 = CARTESIAN_POINT('',(60.786339979041,16.802732529777,
    3.178906783965));
#3356 = CARTESIAN_POINT('',(60.956861659657,19.881167016354,
    5.119571961604));
#3357 = CARTESIAN_POINT('',(61.127213615788,20.919743900809,
    9.600766380452));
#3358 = CARTESIAN_POINT('',(61.297786207759,17.101414556234,
    13.420584933898));
#3359 = CARTESIAN_POINT('',(61.46813746705,12.619234767449,
    12.380410401203));
#3360 = CARTESIAN_POINT('',(61.638660267009,10.679016680316,
    9.303204088234));
#3361 = CARTESIAN_POINT('',(61.809081605574,11.257184965008,
    6.346906855026));
#3362 = CARTESIAN_POINT('',(61.979547385294,13.129324536734,
    4.880023354589));
#3363 = CARTESIAN_POINT('',(62.149999628979,15.000000033174,
    4.879995547544));
#3364 = ADVANCED_FACE('',(#3365),#3410,.T.);
#3365 = FACE_BOUND('',#3366,.T.);
#3366 = EDGE_LOOP('',(#3367,#3383,#3384,#3385));
#3367 = ORIENTED_EDGE('',*,*,#3368,.T.);
#3368 = EDGE_CURVE('',#3369,#2664,#3371,.T.);
#3369 = VERTEX_POINT('',#3370);
#3370 = CARTESIAN_POINT('',(57.,17.053606952996,5.31309175234));
#3371 = B_SPLINE_CURVE_WITH_KNOTS('',4,(#3372,#3373,#3374,#3375,#3376,
    #3377,#3378,#3379,#3380,#3381,#3382),.UNSPECIFIED.,.F.,.F.,(5,3,3,5)
  ,(0.,0.408996998307,0.816996387706,1.),.UNSPECIFIED.);
#3372 = CARTESIAN_POINT('',(57.,17.053606952996,5.31309175234));
#3373 = CARTESIAN_POINT('',(57.,17.184750555377,5.436223933794));
#3374 = CARTESIAN_POINT('',(57.,17.306053615393,5.569840380433));
#3375 = CARTESIAN_POINT('',(57.,17.416250621717,5.712754740271));
#3376 = CARTESIAN_POINT('',(57.,17.612291094065,6.013907586372));
#3377 = CARTESIAN_POINT('',(57.,17.698196127684,6.17211178766));
#3378 = CARTESIAN_POINT('',(57.,17.77116163657,6.336685144791));
#3379 = CARTESIAN_POINT('',(57.,17.857281605803,6.581945830881));
#3380 = CARTESIAN_POINT('',(57.,17.881230275684,6.65884521405));
#3381 = CARTESIAN_POINT('',(57.,17.902409300835,6.736553075688));
#3382 = CARTESIAN_POINT('',(57.,17.920783774886,6.814918551055));
#3383 = ORIENTED_EDGE('',*,*,#2757,.T.);
#3384 = ORIENTED_EDGE('',*,*,#3076,.T.);
#3385 = ORIENTED_EDGE('',*,*,#3386,.T.);
#3386 = EDGE_CURVE('',#2977,#3369,#3387,.T.);
#3387 = B_SPLINE_CURVE_WITH_KNOTS('',6,(#3388,#3389,#3390,#3391,#3392,
    #3393,#3394,#3395,#3396,#3397,#3398,#3399,#3400,#3401,#3402,#3403,
    #3404,#3405,#3406,#3407,#3408,#3409),.UNSPECIFIED.,.F.,.F.,(7,5,5,5,
    7),(0.,0.225401202579,0.466309964341,0.724544521422,1.),
  .UNSPECIFIED.);
#3388 = CARTESIAN_POINT('',(57.,12.394331619019,7.226158150931));
#3389 = CARTESIAN_POINT('',(57.,12.403509344215,6.993715708326));
#3390 = CARTESIAN_POINT('',(57.,12.437517935969,6.761992527133));
#3391 = CARTESIAN_POINT('',(57.,12.496109765886,6.534381272743));
#3392 = CARTESIAN_POINT('',(57.,12.578408316904,6.314030832924));
#3393 = CARTESIAN_POINT('',(57.,12.683102263479,6.103872124369));
#3394 = CARTESIAN_POINT('',(57.,12.942201017688,5.695679753875));
#3395 = CARTESIAN_POINT('',(57.,13.099577357282,5.499401443316));
#3396 = CARTESIAN_POINT('',(57.,13.278250099029,5.320983583472));
#3397 = CARTESIAN_POINT('',(57.,13.475492439764,5.163042711905));
#3398 = CARTESIAN_POINT('',(57.,13.688268109922,5.02771306173));
#3399 = CARTESIAN_POINT('',(57.,14.154202284899,4.797318581177));
#3400 = CARTESIAN_POINT('',(57.,14.409264135464,4.705800583378));
#3401 = CARTESIAN_POINT('',(57.,14.674140193115,4.643868265211));
#3402 = CARTESIAN_POINT('',(57.,14.944521547512,4.61243729743));
#3403 = CARTESIAN_POINT('',(57.,15.216090180097,4.611737193304));
#3404 = CARTESIAN_POINT('',(57.,15.770841206587,4.672424518211));
#3405 = CARTESIAN_POINT('',(57.,16.053727034492,4.737970838624));
#3406 = CARTESIAN_POINT('',(57.,16.32793018225,4.836991359202));
#3407 = CARTESIAN_POINT('',(57.,16.588739421692,4.967664096627));
#3408 = CARTESIAN_POINT('',(57.,16.831870936077,5.127494624277));
#3409 = CARTESIAN_POINT('',(57.,17.053606952996,5.31309175234));
#3410 = PLANE('',#3411);
#3411 = AXIS2_PLACEMENT_3D('',#3412,#3413,#3414);
#3412 = CARTESIAN_POINT('',(57.,15.,7.5));
#3413 = DIRECTION('',(1.,0.,1.110223024625E-16));
#3414 = DIRECTION('',(1.110223024625E-16,0.,-1.));
#3415 = ADVANCED_FACE('',(#3416),#3519,.F.);
#3416 = FACE_BOUND('',#3417,.F.);
#3417 = EDGE_LOOP('',(#3418,#3419,#3426,#3518));
#3418 = ORIENTED_EDGE('',*,*,#2663,.F.);
#3419 = ORIENTED_EDGE('',*,*,#3420,.T.);
#3420 = EDGE_CURVE('',#2657,#3421,#3423,.T.);
#3421 = VERTEX_POINT('',#3422);
#3422 = CARTESIAN_POINT('',(47.82,15.,4.5));
#3423 = B_SPLINE_CURVE_WITH_KNOTS('',1,(#3424,#3425),.UNSPECIFIED.,.F.,
  .F.,(2,2),(0.,0.14),.PIECEWISE_BEZIER_KNOTS.);
#3424 = CARTESIAN_POINT('',(47.68,15.,4.5));
#3425 = CARTESIAN_POINT('',(47.82,15.,4.5));
#3426 = ORIENTED_EDGE('',*,*,#3427,.T.);
#3427 = EDGE_CURVE('',#3421,#3369,#3428,.T.);
#3428 = B_SPLINE_CURVE_WITH_KNOTS('',11,(#3429,#3430,#3431,#3432,#3433,
    #3434,#3435,#3436,#3437,#3438,#3439,#3440,#3441,#3442,#3443,#3444,
    #3445,#3446,#3447,#3448,#3449,#3450,#3451,#3452,#3453,#3454,#3455,
    #3456,#3457,#3458,#3459,#3460,#3461,#3462,#3463,#3464,#3465,#3466,
    #3467,#3468,#3469,#3470,#3471,#3472,#3473,#3474,#3475,#3476,#3477,
    #3478,#3479,#3480,#3481,#3482,#3483,#3484,#3485,#3486,#3487,#3488,
    #3489,#3490,#3491,#3492,#3493,#3494,#3495,#3496,#3497,#3498,#3499,
    #3500,#3501,#3502,#3503,#3504,#3505,#3506,#3507,#3508,#3509,#3510,
    #3511,#3512,#3513,#3514,#3515,#3516,#3517),.UNSPECIFIED.,.F.,.F.,(12
    ,11,11,11,11,11,11,11,12),(0.,8.074692099815,16.149384199629,
    24.224076299444,32.298768399258,40.373460499073,48.448152598888,
    56.522844698702,64.597536798517),.PIECEWISE_BEZIER_KNOTS.);
#3429 = CARTESIAN_POINT('',(47.82,15.,4.5));
#3430 = CARTESIAN_POINT('',(47.990469628871,17.142007533935,
    4.50000326664));
#3431 = CARTESIAN_POINT('',(48.1608506184,19.285571604927,6.179754003561
    ));
#3432 = CARTESIAN_POINT('',(48.331522542185,19.947966142983,
    9.564574300228));
#3433 = CARTESIAN_POINT('',(48.501530533459,17.725501541516,
    13.088411565641));
#3434 = CARTESIAN_POINT('',(48.672659976798,12.594603812871,
    14.279252050319));
#3435 = CARTESIAN_POINT('',(48.842345013023,8.220845827674,
    9.905320973754));
#3436 = CARTESIAN_POINT('',(49.01346536068,9.411500752867,4.774538686997
    ));
#3437 = CARTESIAN_POINT('',(49.183487951012,12.935479462699,
    2.552020517198));
#3438 = CARTESIAN_POINT('',(49.354144792218,16.32022361548,
    3.214430983742));
#3439 = CARTESIAN_POINT('',(49.524537543753,18.000001521792,
    5.357991852063));
#3440 = CARTESIAN_POINT('',(49.694999999998,18.000000000001,7.5));
#3441 = CARTESIAN_POINT('',(49.865469628877,17.999996733358,
    9.642007533934));
#3442 = CARTESIAN_POINT('',(50.03585061839,16.320245996444,
    11.785571604929));
#3443 = CARTESIAN_POINT('',(50.206522542198,12.935425699763,
    12.447966142983));
#3444 = CARTESIAN_POINT('',(50.37653053345,9.411588434369,
    10.225501541511));
#3445 = CARTESIAN_POINT('',(50.547659976801,8.220747949674,
    5.094603812882));
#3446 = CARTESIAN_POINT('',(50.717345013024,12.594679026249,
    0.720845827659));
#3447 = CARTESIAN_POINT('',(50.88846536068,17.725461313002,1.91150075288
    ));
#3448 = CARTESIAN_POINT('',(51.058487951012,19.947979482803,
    5.435479462691));
#3449 = CARTESIAN_POINT('',(51.229144792217,19.285569016256,
    8.820223615483));
#3450 = CARTESIAN_POINT('',(51.399537543754,17.142008147939,
    10.500001521791));
#3451 = CARTESIAN_POINT('',(51.569999999996,15.,10.500000000001));
#3452 = CARTESIAN_POINT('',(51.740469628881,12.857992466066,
    10.499996733357));
#3453 = CARTESIAN_POINT('',(51.910850618383,10.714428395071,
    8.820245996446));
#3454 = CARTESIAN_POINT('',(52.081522542205,10.052033857017,
    5.435425699762));
#3455 = CARTESIAN_POINT('',(52.251530533445,12.274498458486,
    1.911588434367));
#3456 = CARTESIAN_POINT('',(52.422659976801,17.405396187126,
    0.720747949679));
#3457 = CARTESIAN_POINT('',(52.592345013028,21.779154172328,
    5.094679026242));
#3458 = CARTESIAN_POINT('',(52.763465360673,20.588499247132,
    10.225461313008));
#3459 = CARTESIAN_POINT('',(52.933487951018,17.064520537301,
    12.447979482801));
#3460 = CARTESIAN_POINT('',(53.104144792212,13.679776384519,
    11.785569016256));
#3461 = CARTESIAN_POINT('',(53.274537543758,11.99999847821,9.64200814794
    ));
#3462 = CARTESIAN_POINT('',(53.444999999994,11.999999999999,
    7.499999999999));
#3463 = CARTESIAN_POINT('',(53.615469628888,12.000003266644,
    5.357992466067));
#3464 = CARTESIAN_POINT('',(53.785850618369,13.679754003552,
    3.214428395071));
#3465 = CARTESIAN_POINT('',(53.956522542228,17.064574300239,
    2.552033857016));
#3466 = CARTESIAN_POINT('',(54.126530533412,20.588411565641,
    4.77449845849));
#3467 = CARTESIAN_POINT('',(54.297659976843,21.779252050298,
    9.905396187121));
#3468 = CARTESIAN_POINT('',(54.467345012979,17.405320973793,
    14.27915417233));
#3469 = CARTESIAN_POINT('',(54.638465360722,12.274538686958,
    13.088499247136));
#3470 = CARTESIAN_POINT('',(54.808487950976,10.052020517223,
    9.564520537295));
#3471 = CARTESIAN_POINT('',(54.979144792241,10.714430983733,
    6.179776384525));
#3472 = CARTESIAN_POINT('',(55.149537543742,12.857991852063,
    4.499998478206));
#3473 = CARTESIAN_POINT('',(55.320000000001,15.,4.5));
#3474 = CARTESIAN_POINT('',(55.490469628868,17.142007533934,
    4.50000326664));
#3475 = CARTESIAN_POINT('',(55.660850618407,19.285571604931,
    6.179754003556));
#3476 = CARTESIAN_POINT('',(55.831522542176,19.947966142976,
    9.564574300244));
#3477 = CARTESIAN_POINT('',(56.001530533466,17.725501541521,
    13.088411565607));
#3478 = CARTESIAN_POINT('',(56.172659976794,12.594603812873,
    14.279252050369));
#3479 = CARTESIAN_POINT('',(56.342345013026,8.220845827665,9.9053209737)
  );
#3480 = CARTESIAN_POINT('',(56.513465360677,9.411500752877,
    4.774538687039));
#3481 = CARTESIAN_POINT('',(56.683487951016,12.935479462693,
    2.552020517174));
#3482 = CARTESIAN_POINT('',(56.854144792214,16.320223615482,
    3.214430983751));
#3483 = CARTESIAN_POINT('',(57.024537543755,18.000001521792,
    5.35799185206));
#3484 = CARTESIAN_POINT('',(57.194999999997,18.000000000001,
    7.500000000001));
#3485 = CARTESIAN_POINT('',(57.365469628879,17.999996733357,
    9.642007533933));
#3486 = CARTESIAN_POINT('',(57.535850618386,16.32024599645,
    11.785571604933));
#3487 = CARTESIAN_POINT('',(57.706522542201,12.935425699751,
    12.447966142973));
#3488 = CARTESIAN_POINT('',(57.876530533446,9.411588434381,
    10.22550154153));
#3489 = CARTESIAN_POINT('',(58.047659976806,8.22074794967,5.094603812854
    ));
#3490 = CARTESIAN_POINT('',(58.217345013018,12.594679026241,
    0.720845827691));
#3491 = CARTESIAN_POINT('',(58.388465360687,17.725461313015,
    1.911500752853));
#3492 = CARTESIAN_POINT('',(58.558487951004,19.947979482794,
    5.435479462708));
#3493 = CARTESIAN_POINT('',(58.729144792222,19.285569016259,
    8.820223615476));
#3494 = CARTESIAN_POINT('',(58.899537543753,17.14200814794,
    10.500001521793));
#3495 = CARTESIAN_POINT('',(59.069999999996,14.999999999999,
    10.500000000001));
#3496 = CARTESIAN_POINT('',(59.240469628881,12.857992466067,
    10.499996733356));
#3497 = CARTESIAN_POINT('',(59.410850618385,10.714428395068,
    8.820245996451));
#3498 = CARTESIAN_POINT('',(59.581522542202,10.052033857024,
    5.435425699753));
#3499 = CARTESIAN_POINT('',(59.751530533446,12.274498458476,
    1.911588434374));
#3500 = CARTESIAN_POINT('',(59.922659976807,17.405396187137,
    0.720747949683));
#3501 = CARTESIAN_POINT('',(60.09234501301,21.779154172319,
    5.094679026225));
#3502 = CARTESIAN_POINT('',(60.263465360701,20.58849924714,
    10.225461313029));
#3503 = CARTESIAN_POINT('',(60.433487950988,17.064520537295,
    12.447979482787));
#3504 = CARTESIAN_POINT('',(60.604144792236,13.679776384524,
    11.785569016262));
#3505 = CARTESIAN_POINT('',(60.774537543744,11.999998478206,
    9.642008147939));
#3506 = CARTESIAN_POINT('',(60.945,12.,7.5));
#3507 = CARTESIAN_POINT('',(61.115469851493,12.000003246736,
    5.35799251329));
#3508 = CARTESIAN_POINT('',(61.285849629124,13.67975409201,
    3.214428185219));
#3509 = CARTESIAN_POINT('',(61.456525217998,17.064574060992,
    2.552034424629));
#3510 = CARTESIAN_POINT('',(61.626525173456,20.588412044866,
    4.774497321489));
#3511 = CARTESIAN_POINT('',(61.79766848717,21.779251289419,
    9.905397992392));
#3512 = CARTESIAN_POINT('',(61.967333961773,17.405321961844,
    14.279151828082));
#3513 = CARTESIAN_POINT('',(62.138477275188,12.27453762171,
    13.088501774495));
#3514 = CARTESIAN_POINT('',(62.308477231024,10.05202147569,
    9.564518263324));
#3515 = CARTESIAN_POINT('',(62.479152819643,10.714430265992,
    6.179778087339));
#3516 = CARTESIAN_POINT('',(62.649532597373,12.857992294331,
    4.499997428956));
#3517 = CARTESIAN_POINT('',(62.820002448848,14.999999781042,
    4.500000519462));
#3518 = ORIENTED_EDGE('',*,*,#3368,.T.);
#3519 = B_SPLINE_SURFACE_WITH_KNOTS('',1,11,(
    (#3520,#3521,#3522,#3523,#3524,#3525,#3526,#3527,#3528,#3529,#3530
      ,#3531,#3532,#3533,#3534,#3535,#3536,#3537,#3538,#3539,#3540,#3541
      ,#3542,#3543,#3544,#3545,#3546,#3547,#3548,#3549,#3550,#3551,#3552
      ,#3553,#3554,#3555,#3556,#3557,#3558,#3559,#3560,#3561,#3562,#3563
      ,#3564,#3565,#3566,#3567,#3568,#3569,#3570,#3571,#3572,#3573,#3574
      ,#3575,#3576,#3577,#3578,#3579,#3580,#3581,#3582,#3583,#3584,#3585
      ,#3586,#3587,#3588,#3589,#3590,#3591,#3592,#3593,#3594,#3595,#3596
      ,#3597,#3598,#3599,#3600,#3601,#3602,#3603,#3604,#3605,#3606,#3607
      ,#3608)
    ,(#3609,#3610,#3611,#3612,#3613,#3614,#3615,#3616,#3617,#3618,#3619
      ,#3620,#3621,#3622,#3623,#3624,#3625,#3626,#3627,#3628,#3629,#3630
      ,#3631,#3632,#3633,#3634,#3635,#3636,#3637,#3638,#3639,#3640,#3641
      ,#3642,#3643,#3644,#3645,#3646,#3647,#3648,#3649,#3650,#3651,#3652
      ,#3653,#3654,#3655,#3656,#3657,#3658,#3659,#3660,#3661,#3662,#3663
      ,#3664,#3665,#3666,#3667,#3668,#3669,#3670,#3671,#3672,#3673,#3674
      ,#3675,#3676,#3677,#3678,#3679,#3680,#3681,#3682,#3683,#3684,#3685
      ,#3686,#3687,#3688,#3689,#3690,#3691,#3692,#3693,#3694,#3695,#3696
      ,#3697
    )),.UNSPECIFIED.,.F.,.F.,.F.,(2,2),(12,11,11,11,11,11,11,11,12),(0.,
    0.14),(0.,8.074692099815,16.149384199629,24.224076299444,
    32.298768399258,40.373460499073,48.448152598888,56.522844698702,
    64.597536798517),.PIECEWISE_BEZIER_KNOTS.);
#3520 = CARTESIAN_POINT('',(47.68,15.,4.5));
#3521 = CARTESIAN_POINT('',(47.850469628871,17.1420078104,4.499996773168
    ));
#3522 = CARTESIAN_POINT('',(48.020850618398,19.285570589472,
    6.179777457111));
#3523 = CARTESIAN_POINT('',(48.191522542248,19.947978964238,
    9.564518499877));
#3524 = CARTESIAN_POINT('',(48.361530533221,17.725464395152,
    13.088502062345));
#3525 = CARTESIAN_POINT('',(48.532659977307,12.594676310677,
    14.279153940351));
#3526 = CARTESIAN_POINT('',(48.702345012323,8.220750057501,
    9.905397913867));
#3527 = CARTESIAN_POINT('',(48.873465361341,9.411584260201,
    4.774498323796));
#3528 = CARTESIAN_POINT('',(49.043487950591,12.935427495056,
    2.552032759613));
#3529 = CARTESIAN_POINT('',(49.214144792392,16.320244120695,
    3.214428064689));
#3530 = CARTESIAN_POINT('',(49.384537543717,17.99999816569,
    5.357991481155));
#3531 = CARTESIAN_POINT('',(49.554999999998,18.,7.5));
#3532 = CARTESIAN_POINT('',(49.725469628877,18.000003226833,
    9.642007810398));
#3533 = CARTESIAN_POINT('',(49.895850618387,16.320222542886,
    11.785570589475));
#3534 = CARTESIAN_POINT('',(50.066522542261,12.935481500127,
    12.447978964233));
#3535 = CARTESIAN_POINT('',(50.236530533211,9.41149793765,
    10.225464395154));
#3536 = CARTESIAN_POINT('',(50.407659977312,8.220846059653,
    5.094676310685));
#3537 = CARTESIAN_POINT('',(50.577345012322,12.594602086132,
    0.720750057485));
#3538 = CARTESIAN_POINT('',(50.74846536134,17.725501676202,1.91158426022
    ));
#3539 = CARTESIAN_POINT('',(50.918487950591,19.947967240391,
    5.435427495043));
#3540 = CARTESIAN_POINT('',(51.089144792392,19.285571935308,8.8202441207
    ));
#3541 = CARTESIAN_POINT('',(51.259537543718,17.142008518846,
    10.499998165689));
#3542 = CARTESIAN_POINT('',(51.429999999996,15.,10.499999999999));
#3543 = CARTESIAN_POINT('',(51.600469628881,12.857992189602,
    10.500003226834));
#3544 = CARTESIAN_POINT('',(51.770850618381,10.714429410524,
    8.820222542882));
#3545 = CARTESIAN_POINT('',(51.941522542268,10.052021035771,
    5.435481500135));
#3546 = CARTESIAN_POINT('',(52.111530533206,12.274535604837,
    1.911497937637));
#3547 = CARTESIAN_POINT('',(52.282659977312,17.40532368933,
    0.720846059668));
#3548 = CARTESIAN_POINT('',(52.452345012326,21.779249942499,
    5.094602086121));
#3549 = CARTESIAN_POINT('',(52.623465361334,20.588415739793,
    10.225501676208));
#3550 = CARTESIAN_POINT('',(52.793487950597,17.06457250495,
    12.447967240389));
#3551 = CARTESIAN_POINT('',(52.964144792387,13.679755879303,
    11.785571935307));
#3552 = CARTESIAN_POINT('',(53.134537543721,12.00000183431,
    9.642008518848));
#3553 = CARTESIAN_POINT('',(53.304999999994,12.000000000001,
    7.499999999999));
#3554 = CARTESIAN_POINT('',(53.475469628888,11.999996773165,
    5.357992189602));
#3555 = CARTESIAN_POINT('',(53.645850618367,13.679777457123,
    3.214429410523));
#3556 = CARTESIAN_POINT('',(53.816522542291,17.064518499852,
    2.55202103577));
#3557 = CARTESIAN_POINT('',(53.986530533173,20.588502062388,
    4.774535604843));
#3558 = CARTESIAN_POINT('',(54.157659977353,21.779153940293,
    9.905323689317));
#3559 = CARTESIAN_POINT('',(54.327345012278,17.405397913925,
    14.279249942516));
#3560 = CARTESIAN_POINT('',(54.498465361383,12.274498323752,
    13.088415739777));
#3561 = CARTESIAN_POINT('',(54.668487950555,10.052032759637,
    9.564572504961));
#3562 = CARTESIAN_POINT('',(54.839144792416,10.714428064681,
    6.179755879297));
#3563 = CARTESIAN_POINT('',(55.009537543706,12.857991481156,
    4.500001834312));
#3564 = CARTESIAN_POINT('',(55.180000000001,15.,4.5));
#3565 = CARTESIAN_POINT('',(55.350469628868,17.142007810398,
    4.49999677317));
#3566 = CARTESIAN_POINT('',(55.520850618405,19.285570589476,
    6.179777457103));
#3567 = CARTESIAN_POINT('',(55.69152254224,19.947978964233,
    9.564518499899));
#3568 = CARTESIAN_POINT('',(55.861530533226,17.725464395155,
    13.088502062304));
#3569 = CARTESIAN_POINT('',(56.032659977307,12.59467631068,
    14.279153940406));
#3570 = CARTESIAN_POINT('',(56.202345012321,8.220750057494,
    9.905397913812));
#3571 = CARTESIAN_POINT('',(56.37346536134,9.411584260208,4.774498323837
    ));
#3572 = CARTESIAN_POINT('',(56.543487950594,12.935427495054,
    2.552032759591));
#3573 = CARTESIAN_POINT('',(56.714144792389,16.320244120694,
    3.214428064697));
#3574 = CARTESIAN_POINT('',(56.884537543719,17.999998165691,
    5.357991481153));
#3575 = CARTESIAN_POINT('',(57.054999999997,17.999999999999,7.5));
#3576 = CARTESIAN_POINT('',(57.225469628879,18.000003226833,
    9.642007810397));
#3577 = CARTESIAN_POINT('',(57.395850618386,16.320222542887,
    11.78557058948));
#3578 = CARTESIAN_POINT('',(57.56652254226,12.935481500123,
    12.447978964222));
#3579 = CARTESIAN_POINT('',(57.736530533214,9.411497937654,
    10.225464395172));
#3580 = CARTESIAN_POINT('',(57.907659977308,8.220846059654,
    5.094676310662));
#3581 = CARTESIAN_POINT('',(58.077345012325,12.594602086125,
    0.720750057506));
#3582 = CARTESIAN_POINT('',(58.248465361341,17.725501676212,
    1.911584260206));
#3583 = CARTESIAN_POINT('',(58.418487950588,19.947967240384,
    5.43542749505));
#3584 = CARTESIAN_POINT('',(58.589144792395,19.28557193531,
    8.820244120698));
#3585 = CARTESIAN_POINT('',(58.759537543717,17.142008518848,
    10.49999816569));
#3586 = CARTESIAN_POINT('',(58.929999999996,14.999999999999,
    10.499999999999));
#3587 = CARTESIAN_POINT('',(59.10046962888,12.857992189603,
    10.500003226833));
#3588 = CARTESIAN_POINT('',(59.270850618384,10.714429410521,
    8.820222542886));
#3589 = CARTESIAN_POINT('',(59.441522542262,10.052021035775,
    5.435481500128));
#3590 = CARTESIAN_POINT('',(59.611530533212,12.274535604835,
    1.911497937644));
#3591 = CARTESIAN_POINT('',(59.782659977312,17.405323689324,
    0.720846059669));
#3592 = CARTESIAN_POINT('',(59.952345012314,21.779249942512,
    5.094602086108));
#3593 = CARTESIAN_POINT('',(60.123465361358,20.588415739777,
    10.225501676225));
#3594 = CARTESIAN_POINT('',(60.293487950569,17.064572504962,
    12.447967240376));
#3595 = CARTESIAN_POINT('',(60.46414479241,13.679755879296,
    11.785571935313));
#3596 = CARTESIAN_POINT('',(60.634537543707,12.000001834313,
    9.642008518846));
#3597 = CARTESIAN_POINT('',(60.805,12.,7.5));
#3598 = CARTESIAN_POINT('',(60.975469851494,11.999996753264,
    5.357992142379));
#3599 = CARTESIAN_POINT('',(61.14584962912,13.67977754556,3.214429620367
    ));
#3600 = CARTESIAN_POINT('',(61.316525218066,17.064518260641,
    2.552020468182));
#3601 = CARTESIAN_POINT('',(61.486525173207,20.588502541568,
    4.774536741793));
#3602 = CARTESIAN_POINT('',(61.657668487695,21.779153179454,
    9.905321884124));
#3603 = CARTESIAN_POINT('',(61.827333961053,17.405398901952,
    14.279252286668));
#3604 = CARTESIAN_POINT('',(61.998477275868,12.274497258512,
    13.088413212516));
#3605 = CARTESIAN_POINT('',(62.168477230586,10.052033718105,
    9.564574778845));
#3606 = CARTESIAN_POINT('',(62.33915281983,10.714427346938,
    6.179754176547));
#3607 = CARTESIAN_POINT('',(62.509532597329,12.857991923424,
    4.500002883524));
#3608 = CARTESIAN_POINT('',(62.680002448852,14.999999781041,
    4.499999480556));
#3609 = CARTESIAN_POINT('',(47.82,15.,4.5));
#3610 = CARTESIAN_POINT('',(47.990469628871,17.142007533935,
    4.50000326664));
#3611 = CARTESIAN_POINT('',(48.1608506184,19.285571604927,6.179754003561
    ));
#3612 = CARTESIAN_POINT('',(48.331522542185,19.947966142983,
    9.564574300228));
#3613 = CARTESIAN_POINT('',(48.501530533459,17.725501541516,
    13.088411565641));
#3614 = CARTESIAN_POINT('',(48.672659976798,12.594603812871,
    14.279252050319));
#3615 = CARTESIAN_POINT('',(48.842345013023,8.220845827674,
    9.905320973754));
#3616 = CARTESIAN_POINT('',(49.01346536068,9.411500752867,4.774538686997
    ));
#3617 = CARTESIAN_POINT('',(49.183487951012,12.935479462699,
    2.552020517198));
#3618 = CARTESIAN_POINT('',(49.354144792218,16.32022361548,
    3.214430983742));
#3619 = CARTESIAN_POINT('',(49.524537543753,18.000001521792,
    5.357991852063));
#3620 = CARTESIAN_POINT('',(49.694999999998,18.000000000001,7.5));
#3621 = CARTESIAN_POINT('',(49.865469628877,17.999996733358,
    9.642007533934));
#3622 = CARTESIAN_POINT('',(50.03585061839,16.320245996444,
    11.785571604929));
#3623 = CARTESIAN_POINT('',(50.206522542198,12.935425699763,
    12.447966142983));
#3624 = CARTESIAN_POINT('',(50.37653053345,9.411588434369,
    10.225501541511));
#3625 = CARTESIAN_POINT('',(50.547659976801,8.220747949674,
    5.094603812882));
#3626 = CARTESIAN_POINT('',(50.717345013024,12.594679026249,
    0.720845827659));
#3627 = CARTESIAN_POINT('',(50.88846536068,17.725461313002,1.91150075288
    ));
#3628 = CARTESIAN_POINT('',(51.058487951012,19.947979482803,
    5.435479462691));
#3629 = CARTESIAN_POINT('',(51.229144792217,19.285569016256,
    8.820223615483));
#3630 = CARTESIAN_POINT('',(51.399537543754,17.142008147939,
    10.500001521791));
#3631 = CARTESIAN_POINT('',(51.569999999996,15.,10.500000000001));
#3632 = CARTESIAN_POINT('',(51.740469628881,12.857992466066,
    10.499996733357));
#3633 = CARTESIAN_POINT('',(51.910850618383,10.714428395071,
    8.820245996446));
#3634 = CARTESIAN_POINT('',(52.081522542205,10.052033857017,
    5.435425699762));
#3635 = CARTESIAN_POINT('',(52.251530533445,12.274498458486,
    1.911588434367));
#3636 = CARTESIAN_POINT('',(52.422659976801,17.405396187126,
    0.720747949679));
#3637 = CARTESIAN_POINT('',(52.592345013028,21.779154172328,
    5.094679026242));
#3638 = CARTESIAN_POINT('',(52.763465360673,20.588499247132,
    10.225461313008));
#3639 = CARTESIAN_POINT('',(52.933487951018,17.064520537301,
    12.447979482801));
#3640 = CARTESIAN_POINT('',(53.104144792212,13.679776384519,
    11.785569016256));
#3641 = CARTESIAN_POINT('',(53.274537543758,11.99999847821,9.64200814794
    ));
#3642 = CARTESIAN_POINT('',(53.444999999994,11.999999999999,
    7.499999999999));
#3643 = CARTESIAN_POINT('',(53.615469628888,12.000003266644,
    5.357992466067));
#3644 = CARTESIAN_POINT('',(53.785850618369,13.679754003552,
    3.214428395071));
#3645 = CARTESIAN_POINT('',(53.956522542228,17.064574300239,
    2.552033857016));
#3646 = CARTESIAN_POINT('',(54.126530533412,20.588411565641,
    4.77449845849));
#3647 = CARTESIAN_POINT('',(54.297659976843,21.779252050298,
    9.905396187121));
#3648 = CARTESIAN_POINT('',(54.467345012979,17.405320973793,
    14.27915417233));
#3649 = CARTESIAN_POINT('',(54.638465360722,12.274538686958,
    13.088499247136));
#3650 = CARTESIAN_POINT('',(54.808487950976,10.052020517223,
    9.564520537295));
#3651 = CARTESIAN_POINT('',(54.979144792241,10.714430983733,
    6.179776384525));
#3652 = CARTESIAN_POINT('',(55.149537543742,12.857991852063,
    4.499998478206));
#3653 = CARTESIAN_POINT('',(55.320000000001,15.,4.5));
#3654 = CARTESIAN_POINT('',(55.490469628868,17.142007533934,
    4.50000326664));
#3655 = CARTESIAN_POINT('',(55.660850618407,19.285571604931,
    6.179754003556));
#3656 = CARTESIAN_POINT('',(55.831522542176,19.947966142976,
    9.564574300244));
#3657 = CARTESIAN_POINT('',(56.001530533466,17.725501541521,
    13.088411565607));
#3658 = CARTESIAN_POINT('',(56.172659976794,12.594603812873,
    14.279252050369));
#3659 = CARTESIAN_POINT('',(56.342345013026,8.220845827665,9.9053209737)
  );
#3660 = CARTESIAN_POINT('',(56.513465360677,9.411500752877,
    4.774538687039));
#3661 = CARTESIAN_POINT('',(56.683487951016,12.935479462693,
    2.552020517174));
#3662 = CARTESIAN_POINT('',(56.854144792214,16.320223615482,
    3.214430983751));
#3663 = CARTESIAN_POINT('',(57.024537543755,18.000001521792,
    5.35799185206));
#3664 = CARTESIAN_POINT('',(57.194999999997,18.000000000001,
    7.500000000001));
#3665 = CARTESIAN_POINT('',(57.365469628879,17.999996733357,
    9.642007533933));
#3666 = CARTESIAN_POINT('',(57.535850618386,16.32024599645,
    11.785571604933));
#3667 = CARTESIAN_POINT('',(57.706522542201,12.935425699751,
    12.447966142973));
#3668 = CARTESIAN_POINT('',(57.876530533446,9.411588434381,
    10.22550154153));
#3669 = CARTESIAN_POINT('',(58.047659976806,8.22074794967,5.094603812854
    ));
#3670 = CARTESIAN_POINT('',(58.217345013018,12.594679026241,
    0.720845827691));
#3671 = CARTESIAN_POINT('',(58.388465360687,17.725461313015,
    1.911500752853));
#3672 = CARTESIAN_POINT('',(58.558487951004,19.947979482794,
    5.435479462708));
#3673 = CARTESIAN_POINT('',(58.729144792222,19.285569016259,
    8.820223615476));
#3674 = CARTESIAN_POINT('',(58.899537543753,17.14200814794,
    10.500001521793));
#3675 = CARTESIAN_POINT('',(59.069999999996,14.999999999999,
    10.500000000001));
#3676 = CARTESIAN_POINT('',(59.240469628881,12.857992466067,
    10.499996733356));
#3677 = CARTESIAN_POINT('',(59.410850618385,10.714428395068,
    8.820245996451));
#3678 = CARTESIAN_POINT('',(59.581522542202,10.052033857024,
    5.435425699753));
#3679 = CARTESIAN_POINT('',(59.751530533446,12.274498458476,
    1.911588434374));
#3680 = CARTESIAN_POINT('',(59.922659976807,17.405396187137,
    0.720747949683));
#3681 = CARTESIAN_POINT('',(60.09234501301,21.779154172319,
    5.094679026225));
#3682 = CARTESIAN_POINT('',(60.263465360701,20.58849924714,
    10.225461313029));
#3683 = CARTESIAN_POINT('',(60.433487950988,17.064520537295,
    12.447979482787));
#3684 = CARTESIAN_POINT('',(60.604144792236,13.679776384524,
    11.785569016262));
#3685 = CARTESIAN_POINT('',(60.774537543744,11.999998478206,
    9.642008147939));
#3686 = CARTESIAN_POINT('',(60.945,12.,7.5));
#3687 = CARTESIAN_POINT('',(61.115469851493,12.000003246736,
    5.35799251329));
#3688 = CARTESIAN_POINT('',(61.285849629124,13.67975409201,
    3.214428185219));
#3689 = CARTESIAN_POINT('',(61.456525217998,17.064574060992,
    2.552034424629));
#3690 = CARTESIAN_POINT('',(61.626525173456,20.588412044866,
    4.774497321489));
#3691 = CARTESIAN_POINT('',(61.79766848717,21.779251289419,
    9.905397992392));
#3692 = CARTESIAN_POINT('',(61.967333961773,17.405321961844,
    14.279151828082));
#3693 = CARTESIAN_POINT('',(62.138477275188,12.27453762171,
    13.088501774495));
#3694 = CARTESIAN_POINT('',(62.308477231024,10.05202147569,
    9.564518263324));
#3695 = CARTESIAN_POINT('',(62.479152819643,10.714430265992,
    6.179778087339));
#3696 = CARTESIAN_POINT('',(62.649532597373,12.857992294331,
    4.499997428956));
#3697 = CARTESIAN_POINT('',(62.820002448848,14.999999781042,
    4.500000519462));
#3698 = ADVANCED_FACE('',(#3699),#3709,.T.);
#3699 = FACE_BOUND('',#3700,.T.);
#3700 = EDGE_LOOP('',(#3701,#3702,#3703,#3708));
#3701 = ORIENTED_EDGE('',*,*,#2656,.T.);
#3702 = ORIENTED_EDGE('',*,*,#3420,.T.);
#3703 = ORIENTED_EDGE('',*,*,#3704,.T.);
#3704 = EDGE_CURVE('',#3421,#2975,#3705,.T.);
#3705 = B_SPLINE_CURVE_WITH_KNOTS('',1,(#3706,#3707),.UNSPECIFIED.,.F.,
  .F.,(2,2),(0.,0.652150289427),.PIECEWISE_BEZIER_KNOTS.);
#3706 = CARTESIAN_POINT('',(47.82,15.,4.5));
#3707 = CARTESIAN_POINT('',(48.35,15.,4.88));
#3708 = ORIENTED_EDGE('',*,*,#3070,.T.);
#3709 = PLANE('',#3710);
#3710 = AXIS2_PLACEMENT_3D('',#3711,#3712,#3713);
#3711 = CARTESIAN_POINT('',(47.75,15.,4.766163807402));
#3712 = DIRECTION('',(2.230131644319E-16,-1.,3.15431239359E-15));
#3713 = DIRECTION('',(-1.110223024625E-16,3.15431239359E-15,1.));
#3714 = ADVANCED_FACE('',(#3715),#3721,.F.);
#3715 = FACE_BOUND('',#3716,.F.);
#3716 = EDGE_LOOP('',(#3717,#3718,#3719,#3720));
#3717 = ORIENTED_EDGE('',*,*,#3427,.F.);
#3718 = ORIENTED_EDGE('',*,*,#3704,.T.);
#3719 = ORIENTED_EDGE('',*,*,#2974,.T.);
#3720 = ORIENTED_EDGE('',*,*,#3386,.T.);
#3721 = B_SPLINE_SURFACE_WITH_KNOTS('',1,11,(
    (#3722,#3723,#3724,#3725,#3726,#3727,#3728,#3729,#3730,#3731,#3732
      ,#3733,#3734,#3735,#3736,#3737,#3738,#3739,#3740,#3741,#3742,#3743
      ,#3744,#3745,#3746,#3747,#3748,#3749,#3750,#3751,#3752,#3753,#3754
      ,#3755,#3756,#3757,#3758,#3759,#3760,#3761,#3762,#3763,#3764,#3765
      ,#3766,#3767,#3768,#3769,#3770,#3771,#3772,#3773,#3774,#3775,#3776
      ,#3777,#3778,#3779,#3780,#3781,#3782,#3783,#3784,#3785,#3786,#3787
      ,#3788,#3789,#3790,#3791,#3792,#3793,#3794,#3795,#3796,#3797,#3798
      ,#3799,#3800,#3801,#3802,#3803,#3804,#3805,#3806,#3807,#3808,#3809
      ,#3810)
    ,(#3811,#3812,#3813,#3814,#3815,#3816,#3817,#3818,#3819,#3820,#3821
      ,#3822,#3823,#3824,#3825,#3826,#3827,#3828,#3829,#3830,#3831,#3832
      ,#3833,#3834,#3835,#3836,#3837,#3838,#3839,#3840,#3841,#3842,#3843
      ,#3844,#3845,#3846,#3847,#3848,#3849,#3850,#3851,#3852,#3853,#3854
      ,#3855,#3856,#3857,#3858,#3859,#3860,#3861,#3862,#3863,#3864,#3865
      ,#3866,#3867,#3868,#3869,#3870,#3871,#3872,#3873,#3874,#3875,#3876
      ,#3877,#3878,#3879,#3880,#3881,#3882,#3883,#3884,#3885,#3886,#3887
      ,#3888,#3889,#3890,#3891,#3892,#3893,#3894,#3895,#3896,#3897,#3898
      ,#3899
    )),.UNSPECIFIED.,.F.,.F.,.F.,(2,2),(12,11,11,11,11,11,11,11,12),(0.,
    0.652150289427),(0.,8.074692099815,16.149384199629,24.224076299444,
    32.298768399258,40.373460499073,48.448152598888,56.522844698702,
    64.597536798517),.PIECEWISE_BEZIER_KNOTS.);
#3722 = CARTESIAN_POINT('',(47.82,15.,4.5));
#3723 = CARTESIAN_POINT('',(47.990469628871,17.142007533935,
    4.50000326664));
#3724 = CARTESIAN_POINT('',(48.1608506184,19.285571604927,6.179754003561
    ));
#3725 = CARTESIAN_POINT('',(48.331522542185,19.947966142983,
    9.564574300229));
#3726 = CARTESIAN_POINT('',(48.501530533459,17.725501541516,
    13.088411565641));
#3727 = CARTESIAN_POINT('',(48.672659976798,12.594603812871,
    14.27925205032));
#3728 = CARTESIAN_POINT('',(48.842345013023,8.220845827674,
    9.905320973753));
#3729 = CARTESIAN_POINT('',(49.01346536068,9.411500752866,4.774538686997
    ));
#3730 = CARTESIAN_POINT('',(49.183487951012,12.935479462699,
    2.552020517198));
#3731 = CARTESIAN_POINT('',(49.354144792218,16.32022361548,
    3.214430983742));
#3732 = CARTESIAN_POINT('',(49.524537543753,18.000001521792,
    5.357991852062));
#3733 = CARTESIAN_POINT('',(49.694999999998,18.000000000001,7.5));
#3734 = CARTESIAN_POINT('',(49.865469628877,17.999996733358,
    9.642007533934));
#3735 = CARTESIAN_POINT('',(50.03585061839,16.320245996445,
    11.785571604929));
#3736 = CARTESIAN_POINT('',(50.206522542198,12.935425699761,
    12.447966142983));
#3737 = CARTESIAN_POINT('',(50.37653053345,9.411588434371,
    10.225501541511));
#3738 = CARTESIAN_POINT('',(50.547659976801,8.220747949671,
    5.094603812883));
#3739 = CARTESIAN_POINT('',(50.717345013024,12.594679026251,
    0.720845827659));
#3740 = CARTESIAN_POINT('',(50.88846536068,17.725461313001,1.91150075288
    ));
#3741 = CARTESIAN_POINT('',(51.058487951012,19.947979482804,
    5.435479462691));
#3742 = CARTESIAN_POINT('',(51.229144792217,19.285569016256,
    8.820223615483));
#3743 = CARTESIAN_POINT('',(51.399537543754,17.142008147939,
    10.500001521791));
#3744 = CARTESIAN_POINT('',(51.569999999996,15.,10.500000000001));
#3745 = CARTESIAN_POINT('',(51.740469628881,12.857992466066,
    10.499996733357));
#3746 = CARTESIAN_POINT('',(51.910850618383,10.714428395072,
    8.820245996446));
#3747 = CARTESIAN_POINT('',(52.081522542205,10.052033857016,
    5.435425699761));
#3748 = CARTESIAN_POINT('',(52.251530533445,12.274498458487,
    1.911588434368));
#3749 = CARTESIAN_POINT('',(52.422659976801,17.405396187124,
    0.720747949678));
#3750 = CARTESIAN_POINT('',(52.592345013028,21.77915417233,
    5.094679026243));
#3751 = CARTESIAN_POINT('',(52.763465360673,20.588499247131,
    10.225461313007));
#3752 = CARTESIAN_POINT('',(52.933487951018,17.064520537302,
    12.447979482802));
#3753 = CARTESIAN_POINT('',(53.104144792212,13.679776384519,
    11.785569016255));
#3754 = CARTESIAN_POINT('',(53.274537543758,11.99999847821,9.64200814794
    ));
#3755 = CARTESIAN_POINT('',(53.444999999994,11.999999999999,
    7.499999999999));
#3756 = CARTESIAN_POINT('',(53.615469628888,12.000003266644,
    5.357992466067));
#3757 = CARTESIAN_POINT('',(53.785850618369,13.679754003552,
    3.214428395071));
#3758 = CARTESIAN_POINT('',(53.956522542228,17.064574300239,
    2.552033857016));
#3759 = CARTESIAN_POINT('',(54.126530533412,20.588411565641,
    4.774498458489));
#3760 = CARTESIAN_POINT('',(54.297659976843,21.779252050298,
    9.905396187122));
#3761 = CARTESIAN_POINT('',(54.467345012979,17.405320973793,
    14.279154172329));
#3762 = CARTESIAN_POINT('',(54.638465360723,12.274538686957,
    13.088499247136));
#3763 = CARTESIAN_POINT('',(54.808487950976,10.052020517223,
    9.564520537294));
#3764 = CARTESIAN_POINT('',(54.979144792241,10.714430983733,
    6.179776384526));
#3765 = CARTESIAN_POINT('',(55.149537543742,12.857991852063,
    4.499998478206));
#3766 = CARTESIAN_POINT('',(55.320000000001,15.,4.5));
#3767 = CARTESIAN_POINT('',(55.490469628868,17.142007533934,
    4.50000326664));
#3768 = CARTESIAN_POINT('',(55.660850618407,19.285571604931,
    6.179754003557));
#3769 = CARTESIAN_POINT('',(55.831522542177,19.947966142977,
    9.564574300244));
#3770 = CARTESIAN_POINT('',(56.001530533464,17.72550154152,
    13.088411565608));
#3771 = CARTESIAN_POINT('',(56.172659976797,12.594603812874,
    14.279252050368));
#3772 = CARTESIAN_POINT('',(56.342345013023,8.220845827664,
    9.905320973701));
#3773 = CARTESIAN_POINT('',(56.513465360679,9.411500752878,
    4.774538687038));
#3774 = CARTESIAN_POINT('',(56.683487951015,12.935479462692,
    2.552020517175));
#3775 = CARTESIAN_POINT('',(56.854144792214,16.320223615482,
    3.214430983751));
#3776 = CARTESIAN_POINT('',(57.024537543755,18.000001521792,
    5.35799185206));
#3777 = CARTESIAN_POINT('',(57.194999999997,18.000000000001,
    7.500000000001));
#3778 = CARTESIAN_POINT('',(57.365469628879,17.999996733357,
    9.642007533933));
#3779 = CARTESIAN_POINT('',(57.535850618386,16.32024599645,
    11.785571604933));
#3780 = CARTESIAN_POINT('',(57.706522542201,12.935425699751,
    12.447966142973));
#3781 = CARTESIAN_POINT('',(57.876530533446,9.411588434381,
    10.225501541531));
#3782 = CARTESIAN_POINT('',(58.047659976806,8.22074794967,5.094603812854
    ));
#3783 = CARTESIAN_POINT('',(58.217345013018,12.59467902624,
    0.720845827691));
#3784 = CARTESIAN_POINT('',(58.388465360687,17.725461313016,
    1.911500752853));
#3785 = CARTESIAN_POINT('',(58.558487951004,19.947979482794,
    5.435479462708));
#3786 = CARTESIAN_POINT('',(58.729144792222,19.285569016259,
    8.820223615476));
#3787 = CARTESIAN_POINT('',(58.899537543753,17.14200814794,
    10.500001521793));
#3788 = CARTESIAN_POINT('',(59.069999999996,14.999999999999,
    10.500000000001));
#3789 = CARTESIAN_POINT('',(59.240469628881,12.857992466067,
    10.499996733356));
#3790 = CARTESIAN_POINT('',(59.410850618385,10.714428395068,
    8.82024599645));
#3791 = CARTESIAN_POINT('',(59.581522542202,10.052033857025,
    5.435425699753));
#3792 = CARTESIAN_POINT('',(59.751530533446,12.274498458475,
    1.911588434373));
#3793 = CARTESIAN_POINT('',(59.922659976807,17.405396187138,
    0.720747949684));
#3794 = CARTESIAN_POINT('',(60.09234501301,21.779154172318,
    5.094679026223));
#3795 = CARTESIAN_POINT('',(60.263465360701,20.588499247141,
    10.22546131303));
#3796 = CARTESIAN_POINT('',(60.433487950988,17.064520537294,
    12.447979482786));
#3797 = CARTESIAN_POINT('',(60.604144792236,13.679776384525,
    11.785569016262));
#3798 = CARTESIAN_POINT('',(60.774537543744,11.999998478206,
    9.642008147939));
#3799 = CARTESIAN_POINT('',(60.945,12.,7.5));
#3800 = CARTESIAN_POINT('',(61.115469851493,12.000003246736,
    5.35799251329));
#3801 = CARTESIAN_POINT('',(61.285849629124,13.67975409201,
    3.214428185219));
#3802 = CARTESIAN_POINT('',(61.456525217998,17.064574060992,
    2.552034424629));
#3803 = CARTESIAN_POINT('',(61.626525173456,20.588412044866,
    4.774497321489));
#3804 = CARTESIAN_POINT('',(61.79766848717,21.779251289418,
    9.905397992391));
#3805 = CARTESIAN_POINT('',(61.967333961773,17.405321961844,
    14.279151828083));
#3806 = CARTESIAN_POINT('',(62.138477275188,12.27453762171,
    13.088501774494));
#3807 = CARTESIAN_POINT('',(62.308477231024,10.052021475691,
    9.564518263325));
#3808 = CARTESIAN_POINT('',(62.479152819643,10.714430265992,
    6.179778087339));
#3809 = CARTESIAN_POINT('',(62.649532597373,12.857992294331,
    4.499997428956));
#3810 = CARTESIAN_POINT('',(62.820002448848,14.999999781042,
    4.500000519462));
#3811 = CARTESIAN_POINT('',(48.35,15.,4.88));
#3812 = CARTESIAN_POINT('',(48.52045226009,16.870672519323,
    4.880027826146));
#3813 = CARTESIAN_POINT('',(48.690917950391,18.742807791927,
    6.346908882347));
#3814 = CARTESIAN_POINT('',(48.861339559446,19.320978380129,
    9.303201022988));
#3815 = CARTESIAN_POINT('',(49.03186176595,17.380756263875,
    12.380402249671));
#3816 = CARTESIAN_POINT('',(49.202214050868,12.898596659732,
    13.420574667249));
#3817 = CARTESIAN_POINT('',(49.372785193932,9.080256105525,
    9.600762966957));
#3818 = CARTESIAN_POINT('',(49.543138854308,10.118852121696,
    5.11957569668));
#3819 = CARTESIAN_POINT('',(49.713658852238,13.19726085818,
    3.178914326568));
#3820 = CARTESIAN_POINT('',(49.884082744216,16.152902783795,
    3.757208976094));
#3821 = CARTESIAN_POINT('',(50.054546653311,17.620014406968,
    5.62932798562));
#3822 = CARTESIAN_POINT('',(50.225,17.620000000004,7.5));
#3823 = CARTESIAN_POINT('',(50.395452260087,17.61997217384,
    9.370672519323));
#3824 = CARTESIAN_POINT('',(50.5659179504,16.153091117686,
    11.242807791921));
#3825 = CARTESIAN_POINT('',(50.736339559423,13.196798976956,
    11.820978380148));
#3826 = CARTESIAN_POINT('',(50.906861765991,10.119597750394,
    9.880756263845));
#3827 = CARTESIAN_POINT('',(51.077214050815,9.079425332702,5.39859665976
    ));
#3828 = CARTESIAN_POINT('',(51.247785193984,12.899237033062,
    1.580256105515));
#3829 = CARTESIAN_POINT('',(51.41813885427,17.380424303321,
    2.618852121689));
#3830 = CARTESIAN_POINT('',(51.588658852258,19.321085673427,
    5.697260858191));
#3831 = CARTESIAN_POINT('',(51.75908274421,18.742791023907,8.65290278379
    ));
#3832 = CARTESIAN_POINT('',(51.929546653312,16.870672014381,
    10.120014406967));
#3833 = CARTESIAN_POINT('',(52.1,14.999999999999,10.120000000006));
#3834 = CARTESIAN_POINT('',(52.270452260086,13.129327480676,
    10.119972173831));
#3835 = CARTESIAN_POINT('',(52.440917950405,11.257192208085,
    8.653091117707));
#3836 = CARTESIAN_POINT('',(52.61133955941,10.679021619838,
    5.696798976925));
#3837 = CARTESIAN_POINT('',(52.781861766012,12.619243736175,
    2.619597750426));
#3838 = CARTESIAN_POINT('',(52.952214050789,17.101403340227,
    1.579425332684));
#3839 = CARTESIAN_POINT('',(53.122785194008,20.919743894485,
    5.399237033062));
#3840 = CARTESIAN_POINT('',(53.293138854253,19.881147878319,
    9.880424303332));
#3841 = CARTESIAN_POINT('',(53.463658852266,16.802739141803,
    11.821085673418));
#3842 = CARTESIAN_POINT('',(53.634082744207,13.84709721621,
    11.24279102391));
#3843 = CARTESIAN_POINT('',(53.804546653312,12.379985593037,
    9.370672014382));
#3844 = CARTESIAN_POINT('',(53.975000000001,12.37999999999,
    7.499999999999));
#3845 = CARTESIAN_POINT('',(54.145452260084,12.380027826182,
    5.629327480677));
#3846 = CARTESIAN_POINT('',(54.315917950413,13.846908882264,
    3.757192208086));
#3847 = CARTESIAN_POINT('',(54.486339559392,16.803201023123,
    3.179021619834));
#3848 = CARTESIAN_POINT('',(54.656861766043,19.880402249521,
    5.119243736174));
#3849 = CARTESIAN_POINT('',(54.827214050751,20.920574667352,
    9.601403340249));
#3850 = CARTESIAN_POINT('',(54.997785194042,17.10076296693,
    13.419743894431));
#3851 = CARTESIAN_POINT('',(55.168138854231,12.619575696658,
    12.381147878395));
#3852 = CARTESIAN_POINT('',(55.338658852277,10.678914326594,
    9.302739141731));
#3853 = CARTESIAN_POINT('',(55.509082744203,11.257208976084,
    6.34709721626));
#3854 = CARTESIAN_POINT('',(55.679546653313,13.12932798562,4.87998559301
    ));
#3855 = CARTESIAN_POINT('',(55.85,15.,4.880000000001));
#3856 = CARTESIAN_POINT('',(56.02045226009,16.870672519322,
    4.880027826141));
#3857 = CARTESIAN_POINT('',(56.190917950387,18.74280779193,
    6.346908882359));
#3858 = CARTESIAN_POINT('',(56.361339559458,19.320978380124,
    9.303201022974));
#3859 = CARTESIAN_POINT('',(56.531861765928,17.380756263875,
    12.380402249674));
#3860 = CARTESIAN_POINT('',(56.702214050897,12.898596659748,
    13.420574667269));
#3861 = CARTESIAN_POINT('',(56.872785193904,9.080256105492,
    9.600762966919));
#3862 = CARTESIAN_POINT('',(57.043138854329,10.118852121734,
    5.11957569672));
#3863 = CARTESIAN_POINT('',(57.213658852227,13.197260858151,
    3.178914326543));
#3864 = CARTESIAN_POINT('',(57.384082744221,16.152902783809,
    3.757208976104));
#3865 = CARTESIAN_POINT('',(57.55454665331,17.620014406964,
    5.629327985619));
#3866 = CARTESIAN_POINT('',(57.725,17.620000000004,7.5));
#3867 = CARTESIAN_POINT('',(57.895452260086,17.619972173833,
    9.370672519324));
#3868 = CARTESIAN_POINT('',(58.065917950408,16.153091117705,
    11.242807791918));
#3869 = CARTESIAN_POINT('',(58.236339559401,13.196798976925,
    11.820978380149));
#3870 = CARTESIAN_POINT('',(58.40686176603,10.119597750421,9.88075626386
    ));
#3871 = CARTESIAN_POINT('',(58.577214050761,9.079425332702,
    5.398596659713));
#3872 = CARTESIAN_POINT('',(58.747785194039,12.899237033033,
    1.580256105592));
#3873 = CARTESIAN_POINT('',(58.918138854227,17.380424303358,
    2.618852121607));
#3874 = CARTESIAN_POINT('',(59.088658852282,19.321085673404,
    5.69726085825));
#3875 = CARTESIAN_POINT('',(59.2590827442,18.742791023914,8.652902783762
    ));
#3876 = CARTESIAN_POINT('',(59.429546653314,16.870672014382,
    10.120014406975));
#3877 = CARTESIAN_POINT('',(59.600000000001,14.999999999999,
    10.120000000007));
#3878 = CARTESIAN_POINT('',(59.770452260083,13.129327480676,
    10.119972173827));
#3879 = CARTESIAN_POINT('',(59.940917950414,11.257192208085,
    8.653091117716));
#3880 = CARTESIAN_POINT('',(60.111339559389,10.679021619844,
    5.69679897691));
#3881 = CARTESIAN_POINT('',(60.281861766048,12.619243736149,
    2.619597750436));
#3882 = CARTESIAN_POINT('',(60.45221405074,17.101403340284,1.57942533269
    ));
#3883 = CARTESIAN_POINT('',(60.622785194059,20.919743894398,
    5.39923703304));
#3884 = CARTESIAN_POINT('',(60.793138854214,19.881147878416,
    9.880424303354));
#3885 = CARTESIAN_POINT('',(60.963658852289,16.802739141722,
    11.821085673407));
#3886 = CARTESIAN_POINT('',(61.134082744197,13.847097216262,
    11.242791023911));
#3887 = CARTESIAN_POINT('',(61.304546653314,12.379985593011,
    9.370672014383));
#3888 = CARTESIAN_POINT('',(61.475000000001,12.38,7.5));
#3889 = CARTESIAN_POINT('',(61.645452226357,12.380027829163,
    5.629327885446));
#3890 = CARTESIAN_POINT('',(61.815918100287,13.846908868943,
    3.757190409388));
#3891 = CARTESIAN_POINT('',(61.986339154006,16.803201059246,
    3.179026484983));
#3892 = CARTESIAN_POINT('',(62.156862578101,19.880402177045,
    5.11923399067));
#3893 = CARTESIAN_POINT('',(62.327212761365,20.920574782555,
    9.601418813666));
#3894 = CARTESIAN_POINT('',(62.49778686844,17.100762817231,
    13.419723801291));
#3895 = CARTESIAN_POINT('',(62.668137048995,12.619575858099,
    12.381169541054));
#3896 = CARTESIAN_POINT('',(62.838660476555,10.678914181332,
    9.302719650923));
#3897 = CARTESIAN_POINT('',(63.009081527884,11.257209084852,
    6.347111811533));
#3898 = CARTESIAN_POINT('',(63.179547402796,13.129327918605,
    4.879976599609));
#3899 = CARTESIAN_POINT('',(63.349999628946,15.000000033177,
    4.880004452454));
#3900 = ( GEOMETRIC_REPRESENTATION_CONTEXT(3) 
GLOBAL_UNCERTAINTY_ASSIGNED_CONTEXT((#3904)) 
GLOBAL_UNIT_ASSIGNED_CONTEXT((#3901,#3902,#3903)) REPRESENTATION_CONTEXT
('Context #1','3D Context with UNIT and UNCERTAINTY') );
#3901 = ( LENGTH_UNIT() NAMED_UNIT(*) SI_UNIT(.MILLI.,.METRE.) );
#3902 = ( NAMED_UNIT(*) PLANE_ANGLE_UNIT() SI_UNIT($,.RADIAN.) );
#3903 = ( NAMED_UNIT(*) SI_UNIT($,.STERADIAN.) SOLID_ANGLE_UNIT() );
#3904 = UNCERTAINTY_MEASURE_WITH_UNIT(LENGTH_MEASURE(2.E-05),#3901,
  'distance_accuracy_value','confusion accuracy');
#3905 = CONTEXT_DEPENDENT_SHAPE_REPRESENTATION(#3906,#3908);
#3906 = ( REPRESENTATION_RELATIONSHIP('','',#1147,#10) 
REPRESENTATION_RELATIONSHIP_WITH_TRANSFORMATION(#3907) 
SHAPE_REPRESENTATION_RELATIONSHIP() );
#3907 = ITEM_DEFINED_TRANSFORMATION('','',#11,#19);
#3908 = PRODUCT_DEFINITION_SHAPE('Placement','Placement of an item',
  #3909);
#3909 = NEXT_ASSEMBLY_USAGE_OCCURRENCE('18','worm_shaft','',#5,#1142,$);
#3910 = PRODUCT_RELATED_PRODUCT_CATEGORY('part',$,(#1144));
#3911 = SHAPE_DEFINITION_REPRESENTATION(#3912,#3918);
#3912 = PRODUCT_DEFINITION_SHAPE('','',#3913);
#3913 = PRODUCT_DEFINITION('design','',#3914,#3917);
#3914 = PRODUCT_DEFINITION_FORMATION('','',#3915);
#3915 = PRODUCT('u_gearbox','u_gearbox','',(#3916));
#3916 = PRODUCT_CONTEXT('',#2,'mechanical');
#3917 = PRODUCT_DEFINITION_CONTEXT('part definition',#2,'design');
#3918 = ADVANCED_BREP_SHAPE_REPRESENTATION('',(#11,#3919),#4739);
#3919 = MANIFOLD_SOLID_BREP('',#3920);
#3920 = CLOSED_SHELL('',(#3921,#3972,#4003,#4034,#4065,#4096,#4121,#4137
    ,#4153,#4195,#4226,#4242,#4273,#4289,#4320,#4363,#4380,#4397,#4428,
    #4453,#4470,#4499,#4516,#4545,#4572,#4606,#4630,#4654,#4671,#4682,
    #4693,#4705,#4716,#4727));
#3921 = ADVANCED_FACE('',(#3922,#3956),#3967,.F.);
#3922 = FACE_BOUND('',#3923,.F.);
#3923 = EDGE_LOOP('',(#3924,#3934,#3942,#3950));
#3924 = ORIENTED_EDGE('',*,*,#3925,.F.);
#3925 = EDGE_CURVE('',#3926,#3928,#3930,.T.);
#3926 = VERTEX_POINT('',#3927);
#3927 = CARTESIAN_POINT('',(45.,0.5,0.5));
#3928 = VERTEX_POINT('',#3929);
#3929 = CARTESIAN_POINT('',(45.,0.5,29.5));
#3930 = LINE('',#3931,#3932);
#3931 = CARTESIAN_POINT('',(45.,0.5,0.));
#3932 = VECTOR('',#3933,1.);
#3933 = DIRECTION('',(0.,0.,1.));
#3934 = ORIENTED_EDGE('',*,*,#3935,.T.);
#3935 = EDGE_CURVE('',#3926,#3936,#3938,.T.);
#3936 = VERTEX_POINT('',#3937);
#3937 = CARTESIAN_POINT('',(45.,29.5,0.5));
#3938 = LINE('',#3939,#3940);
#3939 = CARTESIAN_POINT('',(45.,0.,0.5));
#3940 = VECTOR('',#3941,1.);
#3941 = DIRECTION('',(-0.,1.,0.));
#3942 = ORIENTED_EDGE('',*,*,#3943,.T.);
#3943 = EDGE_CURVE('',#3936,#3944,#3946,.T.);
#3944 = VERTEX_POINT('',#3945);
#3945 = CARTESIAN_POINT('',(45.,29.5,29.5));
#3946 = LINE('',#3947,#3948);
#3947 = CARTESIAN_POINT('',(45.,29.5,0.));
#3948 = VECTOR('',#3949,1.);
#3949 = DIRECTION('',(0.,0.,1.));
#3950 = ORIENTED_EDGE('',*,*,#3951,.F.);
#3951 = EDGE_CURVE('',#3928,#3944,#3952,.T.);
#3952 = LINE('',#3953,#3954);
#3953 = CARTESIAN_POINT('',(45.,0.,29.5));
#3954 = VECTOR('',#3955,1.);
#3955 = DIRECTION('',(-0.,1.,0.));
#3956 = FACE_BOUND('',#3957,.F.);
#3957 = EDGE_LOOP('',(#3958));
#3958 = ORIENTED_EDGE('',*,*,#3959,.F.);
#3959 = EDGE_CURVE('',#3960,#3960,#3962,.T.);
#3960 = VERTEX_POINT('',#3961);
#3961 = CARTESIAN_POINT('',(45.,15.,11.1));
#3962 = CIRCLE('',#3963,3.6);
#3963 = AXIS2_PLACEMENT_3D('',#3964,#3965,#3966);
#3964 = CARTESIAN_POINT('',(45.,15.,7.5));
#3965 = DIRECTION('',(1.,0.,0.));
#3966 = DIRECTION('',(-0.,0.,1.));
#3967 = PLANE('',#3968);
#3968 = AXIS2_PLACEMENT_3D('',#3969,#3970,#3971);
#3969 = CARTESIAN_POINT('',(45.,0.,0.));
#3970 = DIRECTION('',(1.,0.,-0.));
#3971 = DIRECTION('',(0.,0.,1.));
#3972 = ADVANCED_FACE('',(#3973),#3998,.T.);
#3973 = FACE_BOUND('',#3974,.F.);
#3974 = EDGE_LOOP('',(#3975,#3976,#3984,#3992));
#3975 = ORIENTED_EDGE('',*,*,#3925,.T.);
#3976 = ORIENTED_EDGE('',*,*,#3977,.T.);
#3977 = EDGE_CURVE('',#3928,#3978,#3980,.T.);
#3978 = VERTEX_POINT('',#3979);
#3979 = CARTESIAN_POINT('',(45.5,1.881254965827E-16,29.5));
#3980 = LINE('',#3981,#3982);
#3981 = CARTESIAN_POINT('',(45.25,0.25,29.5));
#3982 = VECTOR('',#3983,1.);
#3983 = DIRECTION('',(0.707106781187,-0.707106781187,4.199477475706E-17)
  );
#3984 = ORIENTED_EDGE('',*,*,#3985,.F.);
#3985 = EDGE_CURVE('',#3986,#3978,#3988,.T.);
#3986 = VERTEX_POINT('',#3987);
#3987 = CARTESIAN_POINT('',(45.5,-5.551115123126E-17,0.5));
#3988 = LINE('',#3989,#3990);
#3989 = CARTESIAN_POINT('',(45.5,0.,0.));
#3990 = VECTOR('',#3991,1.);
#3991 = DIRECTION('',(0.,0.,1.));
#3992 = ORIENTED_EDGE('',*,*,#3993,.F.);
#3993 = EDGE_CURVE('',#3926,#3986,#3994,.T.);
#3994 = LINE('',#3995,#3996);
#3995 = CARTESIAN_POINT('',(45.25,0.25,0.5));
#3996 = VECTOR('',#3997,1.);
#3997 = DIRECTION('',(0.707106781187,-0.707106781187,3.082391018568E-17)
  );
#3998 = PLANE('',#3999);
#3999 = AXIS2_PLACEMENT_3D('',#4000,#4001,#4002);
#4000 = CARTESIAN_POINT('',(45.25,0.25,0.));
#4001 = DIRECTION('',(-0.707106781187,-0.707106781187,
    -1.889513820523E-18));
#4002 = DIRECTION('',(1.336088035637E-18,1.336088035637E-18,-1.));
#4003 = ADVANCED_FACE('',(#4004),#4029,.T.);
#4004 = FACE_BOUND('',#4005,.T.);
#4005 = EDGE_LOOP('',(#4006,#4014,#4015,#4023));
#4006 = ORIENTED_EDGE('',*,*,#4007,.T.);
#4007 = EDGE_CURVE('',#4008,#3926,#4010,.T.);
#4008 = VERTEX_POINT('',#4009);
#4009 = CARTESIAN_POINT('',(45.5,0.5,-5.551115123126E-17));
#4010 = LINE('',#4011,#4012);
#4011 = CARTESIAN_POINT('',(45.375,0.5,0.125));
#4012 = VECTOR('',#4013,1.);
#4013 = DIRECTION('',(-0.707106781187,3.082391018568E-17,0.707106781187)
  );
#4014 = ORIENTED_EDGE('',*,*,#3935,.T.);
#4015 = ORIENTED_EDGE('',*,*,#4016,.F.);
#4016 = EDGE_CURVE('',#4017,#3936,#4019,.T.);
#4017 = VERTEX_POINT('',#4018);
#4018 = CARTESIAN_POINT('',(45.5,29.5,-1.074753193928E-15));
#4019 = LINE('',#4020,#4021);
#4020 = CARTESIAN_POINT('',(45.375,29.5,0.125));
#4021 = VECTOR('',#4022,1.);
#4022 = DIRECTION('',(-0.707106781187,4.999250338591E-18,0.707106781187)
  );
#4023 = ORIENTED_EDGE('',*,*,#4024,.F.);
#4024 = EDGE_CURVE('',#4008,#4017,#4025,.T.);
#4025 = LINE('',#4026,#4027);
#4026 = CARTESIAN_POINT('',(45.5,0.,0.));
#4027 = VECTOR('',#4028,1.);
#4028 = DIRECTION('',(-0.,1.,0.));
#4029 = PLANE('',#4030);
#4030 = AXIS2_PLACEMENT_3D('',#4031,#4032,#4033);
#4031 = CARTESIAN_POINT('',(45.25,0.,0.25));
#4032 = DIRECTION('',(-0.707106781187,-1.889513820523E-18,
    -0.707106781187));
#4033 = DIRECTION('',(-1.336088035637E-18,1.,-1.336088035637E-18));
#4034 = ADVANCED_FACE('',(#4035),#4060,.F.);
#4035 = FACE_BOUND('',#4036,.F.);
#4036 = EDGE_LOOP('',(#4037,#4045,#4046,#4054));
#4037 = ORIENTED_EDGE('',*,*,#4038,.T.);
#4038 = EDGE_CURVE('',#4039,#3928,#4041,.T.);
#4039 = VERTEX_POINT('',#4040);
#4040 = CARTESIAN_POINT('',(45.5,0.5,30.));
#4041 = LINE('',#4042,#4043);
#4042 = CARTESIAN_POINT('',(45.375,0.5,29.875));
#4043 = VECTOR('',#4044,1.);
#4044 = DIRECTION('',(-0.707106781187,1.49637537435E-15,-0.707106781187)
  );
#4045 = ORIENTED_EDGE('',*,*,#3951,.T.);
#4046 = ORIENTED_EDGE('',*,*,#4047,.T.);
#4047 = EDGE_CURVE('',#3944,#4048,#4050,.T.);
#4048 = VERTEX_POINT('',#4049);
#4049 = CARTESIAN_POINT('',(45.5,29.5,30.));
#4050 = LINE('',#4051,#4052);
#4051 = CARTESIAN_POINT('',(45.25,29.5,29.75));
#4052 = VECTOR('',#4053,1.);
#4053 = DIRECTION('',(0.707106781187,4.630610309545E-15,0.707106781187)
  );
#4054 = ORIENTED_EDGE('',*,*,#4055,.F.);
#4055 = EDGE_CURVE('',#4039,#4048,#4056,.T.);
#4056 = LINE('',#4057,#4058);
#4057 = CARTESIAN_POINT('',(45.5,0.,30.));
#4058 = VECTOR('',#4059,1.);
#4059 = DIRECTION('',(-0.,1.,0.));
#4060 = PLANE('',#4061);
#4061 = AXIS2_PLACEMENT_3D('',#4062,#4063,#4064);
#4062 = CARTESIAN_POINT('',(45.25,0.,29.75));
#4063 = DIRECTION('',(0.707106781187,1.889513820523E-18,-0.707106781187)
  );
#4064 = DIRECTION('',(-1.336088035637E-18,1.,1.336088035637E-18));
#4065 = ADVANCED_FACE('',(#4066),#4091,.F.);
#4066 = FACE_BOUND('',#4067,.T.);
#4067 = EDGE_LOOP('',(#4068,#4069,#4077,#4085));
#4068 = ORIENTED_EDGE('',*,*,#3943,.T.);
#4069 = ORIENTED_EDGE('',*,*,#4070,.F.);
#4070 = EDGE_CURVE('',#4071,#3944,#4073,.T.);
#4071 = VERTEX_POINT('',#4072);
#4072 = CARTESIAN_POINT('',(45.5,30.,29.5));
#4073 = LINE('',#4074,#4075);
#4074 = CARTESIAN_POINT('',(45.375,29.875,29.5));
#4075 = VECTOR('',#4076,1.);
#4076 = DIRECTION('',(-0.707106781187,-0.707106781187,
    -8.142939870839E-15));
#4077 = ORIENTED_EDGE('',*,*,#4078,.F.);
#4078 = EDGE_CURVE('',#4079,#4071,#4081,.T.);
#4079 = VERTEX_POINT('',#4080);
#4080 = CARTESIAN_POINT('',(45.5,30.,0.5));
#4081 = LINE('',#4082,#4083);
#4082 = CARTESIAN_POINT('',(45.5,30.,0.));
#4083 = VECTOR('',#4084,1.);
#4084 = DIRECTION('',(0.,0.,1.));
#4085 = ORIENTED_EDGE('',*,*,#4086,.F.);
#4086 = EDGE_CURVE('',#3936,#4079,#4087,.T.);
#4087 = LINE('',#4088,#4089);
#4088 = CARTESIAN_POINT('',(45.25,29.75,0.5));
#4089 = VECTOR('',#4090,1.);
#4090 = DIRECTION('',(0.707106781187,0.707106781187,-6.939673023442E-15)
  );
#4091 = PLANE('',#4092);
#4092 = AXIS2_PLACEMENT_3D('',#4093,#4094,#4095);
#4093 = CARTESIAN_POINT('',(45.25,29.75,0.));
#4094 = DIRECTION('',(0.707106781187,-0.707106781187,1.889513820523E-18)
  );
#4095 = DIRECTION('',(1.336088035637E-18,-1.336088035637E-18,-1.));
#4096 = ADVANCED_FACE('',(#4097),#4116,.F.);
#4097 = FACE_BOUND('',#4098,.F.);
#4098 = EDGE_LOOP('',(#4099,#4108,#4114,#4115));
#4099 = ORIENTED_EDGE('',*,*,#4100,.F.);
#4100 = EDGE_CURVE('',#4101,#4101,#4103,.T.);
#4101 = VERTEX_POINT('',#4102);
#4102 = CARTESIAN_POINT('',(46.5,15.,11.1));
#4103 = CIRCLE('',#4104,3.6);
#4104 = AXIS2_PLACEMENT_3D('',#4105,#4106,#4107);
#4105 = CARTESIAN_POINT('',(46.5,15.,7.5));
#4106 = DIRECTION('',(1.,0.,0.));
#4107 = DIRECTION('',(-0.,0.,1.));
#4108 = ORIENTED_EDGE('',*,*,#4109,.F.);
#4109 = EDGE_CURVE('',#3960,#4101,#4110,.T.);
#4110 = LINE('',#4111,#4112);
#4111 = CARTESIAN_POINT('',(44.5,15.,11.1));
#4112 = VECTOR('',#4113,1.);
#4113 = DIRECTION('',(1.,0.,0.));
#4114 = ORIENTED_EDGE('',*,*,#3959,.T.);
#4115 = ORIENTED_EDGE('',*,*,#4109,.T.);
#4116 = CYLINDRICAL_SURFACE('',#4117,3.6);
#4117 = AXIS2_PLACEMENT_3D('',#4118,#4119,#4120);
#4118 = CARTESIAN_POINT('',(44.5,15.,7.5));
#4119 = DIRECTION('',(1.,0.,0.));
#4120 = DIRECTION('',(-0.,0.,1.));
#4121 = ADVANCED_FACE('',(#4122),#4132,.T.);
#4122 = FACE_BOUND('',#4123,.T.);
#4123 = EDGE_LOOP('',(#4124,#4125,#4131));
#4124 = ORIENTED_EDGE('',*,*,#4007,.F.);
#4125 = ORIENTED_EDGE('',*,*,#4126,.T.);
#4126 = EDGE_CURVE('',#4008,#3986,#4127,.T.);
#4127 = LINE('',#4128,#4129);
#4128 = CARTESIAN_POINT('',(45.5,0.375,0.125));
#4129 = VECTOR('',#4130,1.);
#4130 = DIRECTION('',(-3.082391018568E-17,-0.707106781187,0.707106781187
    ));
#4131 = ORIENTED_EDGE('',*,*,#3993,.F.);
#4132 = PLANE('',#4133);
#4133 = AXIS2_PLACEMENT_3D('',#4134,#4135,#4136);
#4134 = CARTESIAN_POINT('',(45.5,0.5,-5.551115123126E-17));
#4135 = DIRECTION('',(-0.57735026919,-0.57735026919,-0.57735026919));
#4136 = DIRECTION('',(0.707106781187,-0.707106781187,-6.803361091336E-18
    ));
#4137 = ADVANCED_FACE('',(#4138),#4148,.F.);
#4138 = FACE_BOUND('',#4139,.F.);
#4139 = EDGE_LOOP('',(#4140,#4141,#4147));
#4140 = ORIENTED_EDGE('',*,*,#4038,.F.);
#4141 = ORIENTED_EDGE('',*,*,#4142,.T.);
#4142 = EDGE_CURVE('',#4039,#3978,#4143,.T.);
#4143 = LINE('',#4144,#4145);
#4144 = CARTESIAN_POINT('',(45.5,0.375,29.875));
#4145 = VECTOR('',#4146,1.);
#4146 = DIRECTION('',(1.537708725819E-15,-0.707106781187,-0.707106781187
    ));
#4147 = ORIENTED_EDGE('',*,*,#3977,.F.);
#4148 = PLANE('',#4149);
#4149 = AXIS2_PLACEMENT_3D('',#4150,#4151,#4152);
#4150 = CARTESIAN_POINT('',(45.5,0.5,30.));
#4151 = DIRECTION('',(0.57735026919,0.57735026919,-0.57735026919));
#4152 = DIRECTION('',(0.707106781187,-0.707106781187,-1.118297072777E-17
    ));
#4153 = ADVANCED_FACE('',(#4154,#4179),#4190,.F.);
#4154 = FACE_BOUND('',#4155,.F.);
#4155 = EDGE_LOOP('',(#4156,#4157,#4165,#4173));
#4156 = ORIENTED_EDGE('',*,*,#3985,.T.);
#4157 = ORIENTED_EDGE('',*,*,#4158,.T.);
#4158 = EDGE_CURVE('',#3978,#4159,#4161,.T.);
#4159 = VERTEX_POINT('',#4160);
#4160 = CARTESIAN_POINT('',(74.5,4.440892098501E-16,29.5));
#4161 = LINE('',#4162,#4163);
#4162 = CARTESIAN_POINT('',(45.,0.,29.5));
#4163 = VECTOR('',#4164,1.);
#4164 = DIRECTION('',(1.,0.,-0.));
#4165 = ORIENTED_EDGE('',*,*,#4166,.F.);
#4166 = EDGE_CURVE('',#4167,#4159,#4169,.T.);
#4167 = VERTEX_POINT('',#4168);
#4168 = CARTESIAN_POINT('',(74.5,1.881254965827E-16,0.5));
#4169 = LINE('',#4170,#4171);
#4170 = CARTESIAN_POINT('',(74.5,0.,0.));
#4171 = VECTOR('',#4172,1.);
#4172 = DIRECTION('',(0.,0.,1.));
#4173 = ORIENTED_EDGE('',*,*,#4174,.F.);
#4174 = EDGE_CURVE('',#3986,#4167,#4175,.T.);
#4175 = LINE('',#4176,#4177);
#4176 = CARTESIAN_POINT('',(45.,0.,0.5));
#4177 = VECTOR('',#4178,1.);
#4178 = DIRECTION('',(1.,0.,-0.));
#4179 = FACE_BOUND('',#4180,.F.);
#4180 = EDGE_LOOP('',(#4181));
#4181 = ORIENTED_EDGE('',*,*,#4182,.F.);
#4182 = EDGE_CURVE('',#4183,#4183,#4185,.T.);
#4183 = VERTEX_POINT('',#4184);
#4184 = CARTESIAN_POINT('',(57.,0.,19.3));
#4185 = CIRCLE('',#4186,2.3);
#4186 = AXIS2_PLACEMENT_3D('',#4187,#4188,#4189);
#4187 = CARTESIAN_POINT('',(57.,0.,17.));
#4188 = DIRECTION('',(0.,1.,0.));
#4189 = DIRECTION('',(0.,-0.,1.));
#4190 = PLANE('',#4191);
#4191 = AXIS2_PLACEMENT_3D('',#4192,#4193,#4194);
#4192 = CARTESIAN_POINT('',(45.,0.,0.));
#4193 = DIRECTION('',(-0.,1.,0.));
#4194 = DIRECTION('',(0.,0.,1.));
#4195 = ADVANCED_FACE('',(#4196),#4221,.F.);
#4196 = FACE_BOUND('',#4197,.F.);
#4197 = EDGE_LOOP('',(#4198,#4199,#4207,#4215));
#4198 = ORIENTED_EDGE('',*,*,#4024,.F.);
#4199 = ORIENTED_EDGE('',*,*,#4200,.T.);
#4200 = EDGE_CURVE('',#4008,#4201,#4203,.T.);
#4201 = VERTEX_POINT('',#4202);
#4202 = CARTESIAN_POINT('',(74.5,0.5,-1.074753193928E-15));
#4203 = LINE('',#4204,#4205);
#4204 = CARTESIAN_POINT('',(45.,0.5,0.));
#4205 = VECTOR('',#4206,1.);
#4206 = DIRECTION('',(1.,0.,-0.));
#4207 = ORIENTED_EDGE('',*,*,#4208,.T.);
#4208 = EDGE_CURVE('',#4201,#4209,#4211,.T.);
#4209 = VERTEX_POINT('',#4210);
#4210 = CARTESIAN_POINT('',(74.5,29.5,-2.093327192608E-15));
#4211 = LINE('',#4212,#4213);
#4212 = CARTESIAN_POINT('',(74.5,0.,0.));
#4213 = VECTOR('',#4214,1.);
#4214 = DIRECTION('',(-0.,1.,0.));
#4215 = ORIENTED_EDGE('',*,*,#4216,.F.);
#4216 = EDGE_CURVE('',#4017,#4209,#4217,.T.);
#4217 = LINE('',#4218,#4219);
#4218 = CARTESIAN_POINT('',(45.,29.5,0.));
#4219 = VECTOR('',#4220,1.);
#4220 = DIRECTION('',(1.,0.,-0.));
#4221 = PLANE('',#4222);
#4222 = AXIS2_PLACEMENT_3D('',#4223,#4224,#4225);
#4223 = CARTESIAN_POINT('',(45.,0.,0.));
#4224 = DIRECTION('',(0.,0.,1.));
#4225 = DIRECTION('',(1.,0.,-0.));
#4226 = ADVANCED_FACE('',(#4227),#4237,.F.);
#4227 = FACE_BOUND('',#4228,.F.);
#4228 = EDGE_LOOP('',(#4229,#4230,#4236));
#4229 = ORIENTED_EDGE('',*,*,#4016,.F.);
#4230 = ORIENTED_EDGE('',*,*,#4231,.T.);
#4231 = EDGE_CURVE('',#4017,#4079,#4232,.T.);
#4232 = LINE('',#4233,#4234);
#4233 = CARTESIAN_POINT('',(45.5,29.625,0.125));
#4234 = VECTOR('',#4235,1.);
#4235 = DIRECTION('',(-6.917666420642E-15,0.707106781187,0.707106781187)
  );
#4236 = ORIENTED_EDGE('',*,*,#4086,.F.);
#4237 = PLANE('',#4238);
#4238 = AXIS2_PLACEMENT_3D('',#4239,#4240,#4241);
#4239 = CARTESIAN_POINT('',(45.5,29.5,-1.074753193928E-15));
#4240 = DIRECTION('',(0.57735026919,-0.57735026919,0.57735026919));
#4241 = DIRECTION('',(0.707106781187,0.707106781187,-4.147166929347E-15)
  );
#4242 = ADVANCED_FACE('',(#4243),#4268,.T.);
#4243 = FACE_BOUND('',#4244,.T.);
#4244 = EDGE_LOOP('',(#4245,#4246,#4254,#4262));
#4245 = ORIENTED_EDGE('',*,*,#4055,.F.);
#4246 = ORIENTED_EDGE('',*,*,#4247,.T.);
#4247 = EDGE_CURVE('',#4039,#4248,#4250,.T.);
#4248 = VERTEX_POINT('',#4249);
#4249 = CARTESIAN_POINT('',(74.5,0.5,30.));
#4250 = LINE('',#4251,#4252);
#4251 = CARTESIAN_POINT('',(45.,0.5,30.));
#4252 = VECTOR('',#4253,1.);
#4253 = DIRECTION('',(1.,0.,-0.));
#4254 = ORIENTED_EDGE('',*,*,#4255,.T.);
#4255 = EDGE_CURVE('',#4248,#4256,#4258,.T.);
#4256 = VERTEX_POINT('',#4257);
#4257 = CARTESIAN_POINT('',(74.5,29.5,30.));
#4258 = LINE('',#4259,#4260);
#4259 = CARTESIAN_POINT('',(74.5,0.,30.));
#4260 = VECTOR('',#4261,1.);
#4261 = DIRECTION('',(-0.,1.,0.));
#4262 = ORIENTED_EDGE('',*,*,#4263,.F.);
#4263 = EDGE_CURVE('',#4048,#4256,#4264,.T.);
#4264 = LINE('',#4265,#4266);
#4265 = CARTESIAN_POINT('',(45.,29.5,30.));
#4266 = VECTOR('',#4267,1.);
#4267 = DIRECTION('',(1.,0.,-0.));
#4268 = PLANE('',#4269);
#4269 = AXIS2_PLACEMENT_3D('',#4270,#4271,#4272);
#4270 = CARTESIAN_POINT('',(45.,0.,30.));
#4271 = DIRECTION('',(0.,0.,1.));
#4272 = DIRECTION('',(1.,0.,-0.));
#4273 = ADVANCED_FACE('',(#4274),#4284,.F.);
#4274 = FACE_BOUND('',#4275,.F.);
#4275 = EDGE_LOOP('',(#4276,#4277,#4283));
#4276 = ORIENTED_EDGE('',*,*,#4070,.F.);
#4277 = ORIENTED_EDGE('',*,*,#4278,.T.);
#4278 = EDGE_CURVE('',#4071,#4048,#4279,.T.);
#4279 = LINE('',#4280,#4281);
#4280 = CARTESIAN_POINT('',(45.5,29.875,29.625));
#4281 = VECTOR('',#4282,1.);
#4282 = DIRECTION('',(3.564975430619E-15,-0.707106781187,0.707106781187)
  );
#4283 = ORIENTED_EDGE('',*,*,#4047,.F.);
#4284 = PLANE('',#4285);
#4285 = AXIS2_PLACEMENT_3D('',#4286,#4287,#4288);
#4286 = CARTESIAN_POINT('',(45.5,30.,29.5));
#4287 = DIRECTION('',(0.57735026919,-0.57735026919,-0.57735026919));
#4288 = DIRECTION('',(0.707106781187,5.033485120814E-15,0.707106781187)
  );
#4289 = ADVANCED_FACE('',(#4290),#4315,.T.);
#4290 = FACE_BOUND('',#4291,.T.);
#4291 = EDGE_LOOP('',(#4292,#4293,#4301,#4309));
#4292 = ORIENTED_EDGE('',*,*,#4078,.T.);
#4293 = ORIENTED_EDGE('',*,*,#4294,.T.);
#4294 = EDGE_CURVE('',#4071,#4295,#4297,.T.);
#4295 = VERTEX_POINT('',#4296);
#4296 = CARTESIAN_POINT('',(74.5,30.,29.5));
#4297 = LINE('',#4298,#4299);
#4298 = CARTESIAN_POINT('',(45.,30.,29.5));
#4299 = VECTOR('',#4300,1.);
#4300 = DIRECTION('',(1.,0.,-0.));
#4301 = ORIENTED_EDGE('',*,*,#4302,.F.);
#4302 = EDGE_CURVE('',#4303,#4295,#4305,.T.);
#4303 = VERTEX_POINT('',#4304);
#4304 = CARTESIAN_POINT('',(74.5,30.,0.5));
#4305 = LINE('',#4306,#4307);
#4306 = CARTESIAN_POINT('',(74.5,30.,0.));
#4307 = VECTOR('',#4308,1.);
#4308 = DIRECTION('',(0.,0.,1.));
#4309 = ORIENTED_EDGE('',*,*,#4310,.F.);
#4310 = EDGE_CURVE('',#4079,#4303,#4311,.T.);
#4311 = LINE('',#4312,#4313);
#4312 = CARTESIAN_POINT('',(45.,30.,0.5));
#4313 = VECTOR('',#4314,1.);
#4314 = DIRECTION('',(1.,0.,-0.));
#4315 = PLANE('',#4316);
#4316 = AXIS2_PLACEMENT_3D('',#4317,#4318,#4319);
#4317 = CARTESIAN_POINT('',(45.,30.,0.));
#4318 = DIRECTION('',(-0.,1.,0.));
#4319 = DIRECTION('',(0.,0.,1.));
#4320 = ADVANCED_FACE('',(#4321,#4355),#4358,.T.);
#4321 = FACE_BOUND('',#4322,.T.);
#4322 = EDGE_LOOP('',(#4323,#4333,#4341,#4349));
#4323 = ORIENTED_EDGE('',*,*,#4324,.F.);
#4324 = EDGE_CURVE('',#4325,#4327,#4329,.T.);
#4325 = VERTEX_POINT('',#4326);
#4326 = CARTESIAN_POINT('',(46.5,1.5,1.5));
#4327 = VERTEX_POINT('',#4328);
#4328 = CARTESIAN_POINT('',(46.5,1.5,28.5));
#4329 = LINE('',#4330,#4331);
#4330 = CARTESIAN_POINT('',(46.5,1.5,1.5));
#4331 = VECTOR('',#4332,1.);
#4332 = DIRECTION('',(0.,0.,1.));
#4333 = ORIENTED_EDGE('',*,*,#4334,.T.);
#4334 = EDGE_CURVE('',#4325,#4335,#4337,.T.);
#4335 = VERTEX_POINT('',#4336);
#4336 = CARTESIAN_POINT('',(46.5,28.5,1.5));
#4337 = LINE('',#4338,#4339);
#4338 = CARTESIAN_POINT('',(46.5,1.5,1.5));
#4339 = VECTOR('',#4340,1.);
#4340 = DIRECTION('',(-0.,1.,0.));
#4341 = ORIENTED_EDGE('',*,*,#4342,.T.);
#4342 = EDGE_CURVE('',#4335,#4343,#4345,.T.);
#4343 = VERTEX_POINT('',#4344);
#4344 = CARTESIAN_POINT('',(46.5,28.5,28.5));
#4345 = LINE('',#4346,#4347);
#4346 = CARTESIAN_POINT('',(46.5,28.5,1.5));
#4347 = VECTOR('',#4348,1.);
#4348 = DIRECTION('',(0.,0.,1.));
#4349 = ORIENTED_EDGE('',*,*,#4350,.F.);
#4350 = EDGE_CURVE('',#4327,#4343,#4351,.T.);
#4351 = LINE('',#4352,#4353);
#4352 = CARTESIAN_POINT('',(46.5,1.5,28.5));
#4353 = VECTOR('',#4354,1.);
#4354 = DIRECTION('',(-0.,1.,0.));
#4355 = FACE_BOUND('',#4356,.T.);
#4356 = EDGE_LOOP('',(#4357));
#4357 = ORIENTED_EDGE('',*,*,#4100,.F.);
#4358 = PLANE('',#4359);
#4359 = AXIS2_PLACEMENT_3D('',#4360,#4361,#4362);
#4360 = CARTESIAN_POINT('',(46.5,1.5,1.5));
#4361 = DIRECTION('',(1.,0.,-0.));
#4362 = DIRECTION('',(0.,0.,1.));
#4363 = ADVANCED_FACE('',(#4364),#4375,.T.);
#4364 = FACE_BOUND('',#4365,.F.);
#4365 = EDGE_LOOP('',(#4366,#4367,#4368,#4374));
#4366 = ORIENTED_EDGE('',*,*,#4126,.T.);
#4367 = ORIENTED_EDGE('',*,*,#4174,.T.);
#4368 = ORIENTED_EDGE('',*,*,#4369,.F.);
#4369 = EDGE_CURVE('',#4201,#4167,#4370,.T.);
#4370 = LINE('',#4371,#4372);
#4371 = CARTESIAN_POINT('',(74.5,0.375,0.125));
#4372 = VECTOR('',#4373,1.);
#4373 = DIRECTION('',(3.2612069797E-15,-0.707106781187,0.707106781187));
#4374 = ORIENTED_EDGE('',*,*,#4200,.F.);
#4375 = PLANE('',#4376);
#4376 = AXIS2_PLACEMENT_3D('',#4377,#4378,#4379);
#4377 = CARTESIAN_POINT('',(45.,0.25,0.25));
#4378 = DIRECTION('',(-1.889513820523E-18,-0.707106781187,
    -0.707106781187));
#4379 = DIRECTION('',(-1.,1.336088035637E-18,1.336088035637E-18));
#4380 = ADVANCED_FACE('',(#4381),#4392,.F.);
#4381 = FACE_BOUND('',#4382,.T.);
#4382 = EDGE_LOOP('',(#4383,#4384,#4385,#4391));
#4383 = ORIENTED_EDGE('',*,*,#4142,.T.);
#4384 = ORIENTED_EDGE('',*,*,#4158,.T.);
#4385 = ORIENTED_EDGE('',*,*,#4386,.F.);
#4386 = EDGE_CURVE('',#4248,#4159,#4387,.T.);
#4387 = LINE('',#4388,#4389);
#4388 = CARTESIAN_POINT('',(74.5,0.375,29.875));
#4389 = VECTOR('',#4390,1.);
#4390 = DIRECTION('',(-1.378405280891E-15,-0.707106781187,
    -0.707106781187));
#4391 = ORIENTED_EDGE('',*,*,#4247,.F.);
#4392 = PLANE('',#4393);
#4393 = AXIS2_PLACEMENT_3D('',#4394,#4395,#4396);
#4394 = CARTESIAN_POINT('',(45.,0.25,29.75));
#4395 = DIRECTION('',(1.889513820523E-18,0.707106781187,-0.707106781187)
  );
#4396 = DIRECTION('',(-1.,1.336088035637E-18,-1.336088035637E-18));
#4397 = ADVANCED_FACE('',(#4398),#4423,.F.);
#4398 = FACE_BOUND('',#4399,.T.);
#4399 = EDGE_LOOP('',(#4400,#4410,#4416,#4417));
#4400 = ORIENTED_EDGE('',*,*,#4401,.T.);
#4401 = EDGE_CURVE('',#4402,#4404,#4406,.T.);
#4402 = VERTEX_POINT('',#4403);
#4403 = CARTESIAN_POINT('',(75.,0.5,0.5));
#4404 = VERTEX_POINT('',#4405);
#4405 = CARTESIAN_POINT('',(75.,0.5,29.5));
#4406 = LINE('',#4407,#4408);
#4407 = CARTESIAN_POINT('',(75.,0.5,0.));
#4408 = VECTOR('',#4409,1.);
#4409 = DIRECTION('',(0.,0.,1.));
#4410 = ORIENTED_EDGE('',*,*,#4411,.T.);
#4411 = EDGE_CURVE('',#4404,#4159,#4412,.T.);
#4412 = LINE('',#4413,#4414);
#4413 = CARTESIAN_POINT('',(74.75,0.25,29.5));
#4414 = VECTOR('',#4415,1.);
#4415 = DIRECTION('',(-0.707106781187,-0.707106781187,
    -1.327408555088E-15));
#4416 = ORIENTED_EDGE('',*,*,#4166,.F.);
#4417 = ORIENTED_EDGE('',*,*,#4418,.F.);
#4418 = EDGE_CURVE('',#4402,#4167,#4419,.T.);
#4419 = LINE('',#4420,#4421);
#4420 = CARTESIAN_POINT('',(74.75,0.25,0.5));
#4421 = VECTOR('',#4422,1.);
#4422 = DIRECTION('',(-0.707106781187,-0.707106781187,5.18983033971E-15)
  );
#4423 = PLANE('',#4424);
#4424 = AXIS2_PLACEMENT_3D('',#4425,#4426,#4427);
#4425 = CARTESIAN_POINT('',(74.75,0.25,0.));
#4426 = DIRECTION('',(-0.707106781187,0.707106781187,1.889513820523E-18)
  );
#4427 = DIRECTION('',(-1.336088035637E-18,1.336088035637E-18,-1.));
#4428 = ADVANCED_FACE('',(#4429),#4448,.F.);
#4429 = FACE_BOUND('',#4430,.F.);
#4430 = EDGE_LOOP('',(#4431,#4440,#4446,#4447));
#4431 = ORIENTED_EDGE('',*,*,#4432,.F.);
#4432 = EDGE_CURVE('',#4433,#4433,#4435,.T.);
#4433 = VERTEX_POINT('',#4434);
#4434 = CARTESIAN_POINT('',(57.,1.5,19.3));
#4435 = CIRCLE('',#4436,2.3);
#4436 = AXIS2_PLACEMENT_3D('',#4437,#4438,#4439);
#4437 = CARTESIAN_POINT('',(57.,1.5,17.));
#4438 = DIRECTION('',(0.,1.,0.));
#4439 = DIRECTION('',(0.,-0.,1.));
#4440 = ORIENTED_EDGE('',*,*,#4441,.F.);
#4441 = EDGE_CURVE('',#4183,#4433,#4442,.T.);
#4442 = LINE('',#4443,#4444);
#4443 = CARTESIAN_POINT('',(57.,-0.5,19.3));
#4444 = VECTOR('',#4445,1.);
#4445 = DIRECTION('',(0.,1.,0.));
#4446 = ORIENTED_EDGE('',*,*,#4182,.T.);
#4447 = ORIENTED_EDGE('',*,*,#4441,.T.);
#4448 = CYLINDRICAL_SURFACE('',#4449,2.3);
#4449 = AXIS2_PLACEMENT_3D('',#4450,#4451,#4452);
#4450 = CARTESIAN_POINT('',(57.,-0.5,17.));
#4451 = DIRECTION('',(0.,1.,0.));
#4452 = DIRECTION('',(0.,-0.,1.));
#4453 = ADVANCED_FACE('',(#4454),#4465,.F.);
#4454 = FACE_BOUND('',#4455,.T.);
#4455 = EDGE_LOOP('',(#4456,#4457,#4458,#4464));
#4456 = ORIENTED_EDGE('',*,*,#4231,.T.);
#4457 = ORIENTED_EDGE('',*,*,#4310,.T.);
#4458 = ORIENTED_EDGE('',*,*,#4459,.F.);
#4459 = EDGE_CURVE('',#4209,#4303,#4460,.T.);
#4460 = LINE('',#4461,#4462);
#4461 = CARTESIAN_POINT('',(74.5,29.625,0.125));
#4462 = VECTOR('',#4463,1.);
#4463 = DIRECTION('',(1.145146717258E-14,0.707106781187,0.707106781187)
  );
#4464 = ORIENTED_EDGE('',*,*,#4216,.F.);
#4465 = PLANE('',#4466);
#4466 = AXIS2_PLACEMENT_3D('',#4467,#4468,#4469);
#4467 = CARTESIAN_POINT('',(45.,29.75,0.25));
#4468 = DIRECTION('',(1.889513820523E-18,-0.707106781187,0.707106781187)
  );
#4469 = DIRECTION('',(-1.,-1.336088035637E-18,1.336088035637E-18));
#4470 = ADVANCED_FACE('',(#4471),#4494,.F.);
#4471 = FACE_BOUND('',#4472,.F.);
#4472 = EDGE_LOOP('',(#4473,#4479,#4487,#4493));
#4473 = ORIENTED_EDGE('',*,*,#4474,.T.);
#4474 = EDGE_CURVE('',#4201,#4402,#4475,.T.);
#4475 = LINE('',#4476,#4477);
#4476 = CARTESIAN_POINT('',(74.625,0.5,0.125));
#4477 = VECTOR('',#4478,1.);
#4478 = DIRECTION('',(0.707106781187,-8.438217311317E-15,0.707106781187)
  );
#4479 = ORIENTED_EDGE('',*,*,#4480,.T.);
#4480 = EDGE_CURVE('',#4402,#4481,#4483,.T.);
#4481 = VERTEX_POINT('',#4482);
#4482 = CARTESIAN_POINT('',(75.,29.5,0.5));
#4483 = LINE('',#4484,#4485);
#4484 = CARTESIAN_POINT('',(75.,0.,0.5));
#4485 = VECTOR('',#4486,1.);
#4486 = DIRECTION('',(-0.,1.,0.));
#4487 = ORIENTED_EDGE('',*,*,#4488,.F.);
#4488 = EDGE_CURVE('',#4209,#4481,#4489,.T.);
#4489 = LINE('',#4490,#4491);
#4490 = CARTESIAN_POINT('',(74.625,29.5,0.125));
#4491 = VECTOR('',#4492,1.);
#4492 = DIRECTION('',(0.707106781187,1.141197643769E-14,0.707106781187)
  );
#4493 = ORIENTED_EDGE('',*,*,#4208,.F.);
#4494 = PLANE('',#4495);
#4495 = AXIS2_PLACEMENT_3D('',#4496,#4497,#4498);
#4496 = CARTESIAN_POINT('',(74.75,0.,0.25));
#4497 = DIRECTION('',(-0.707106781187,1.889513820523E-18,0.707106781187)
  );
#4498 = DIRECTION('',(1.336088035637E-18,1.,-1.336088035637E-18));
#4499 = ADVANCED_FACE('',(#4500),#4511,.T.);
#4500 = FACE_BOUND('',#4501,.F.);
#4501 = EDGE_LOOP('',(#4502,#4503,#4504,#4510));
#4502 = ORIENTED_EDGE('',*,*,#4278,.F.);
#4503 = ORIENTED_EDGE('',*,*,#4294,.T.);
#4504 = ORIENTED_EDGE('',*,*,#4505,.T.);
#4505 = EDGE_CURVE('',#4295,#4256,#4506,.T.);
#4506 = LINE('',#4507,#4508);
#4507 = CARTESIAN_POINT('',(74.5,29.875,29.625));
#4508 = VECTOR('',#4509,1.);
#4509 = DIRECTION('',(-3.082391018568E-17,-0.707106781187,0.707106781187
    ));
#4510 = ORIENTED_EDGE('',*,*,#4263,.F.);
#4511 = PLANE('',#4512);
#4512 = AXIS2_PLACEMENT_3D('',#4513,#4514,#4515);
#4513 = CARTESIAN_POINT('',(45.,29.75,29.75));
#4514 = DIRECTION('',(-1.889513820523E-18,0.707106781187,0.707106781187)
  );
#4515 = DIRECTION('',(-1.,-1.336088035637E-18,-1.336088035637E-18));
#4516 = ADVANCED_FACE('',(#4517),#4540,.T.);
#4517 = FACE_BOUND('',#4518,.T.);
#4518 = EDGE_LOOP('',(#4519,#4525,#4533,#4539));
#4519 = ORIENTED_EDGE('',*,*,#4520,.T.);
#4520 = EDGE_CURVE('',#4248,#4404,#4521,.T.);
#4521 = LINE('',#4522,#4523);
#4522 = CARTESIAN_POINT('',(74.625,0.5,29.875));
#4523 = VECTOR('',#4524,1.);
#4524 = DIRECTION('',(0.707106781187,-3.233140042264E-17,-0.707106781187
    ));
#4525 = ORIENTED_EDGE('',*,*,#4526,.T.);
#4526 = EDGE_CURVE('',#4404,#4527,#4529,.T.);
#4527 = VERTEX_POINT('',#4528);
#4528 = CARTESIAN_POINT('',(75.,29.5,29.5));
#4529 = LINE('',#4530,#4531);
#4530 = CARTESIAN_POINT('',(75.,0.,29.5));
#4531 = VECTOR('',#4532,1.);
#4532 = DIRECTION('',(-0.,1.,0.));
#4533 = ORIENTED_EDGE('',*,*,#4534,.T.);
#4534 = EDGE_CURVE('',#4527,#4256,#4535,.T.);
#4535 = LINE('',#4536,#4537);
#4536 = CARTESIAN_POINT('',(74.75,29.5,29.75));
#4537 = VECTOR('',#4538,1.);
#4538 = DIRECTION('',(-0.707106781187,3.082391018568E-17,0.707106781187)
  );
#4539 = ORIENTED_EDGE('',*,*,#4255,.F.);
#4540 = PLANE('',#4541);
#4541 = AXIS2_PLACEMENT_3D('',#4542,#4543,#4544);
#4542 = CARTESIAN_POINT('',(74.75,0.,29.75));
#4543 = DIRECTION('',(0.707106781187,-1.889513820523E-18,0.707106781187)
  );
#4544 = DIRECTION('',(1.336088035637E-18,1.,1.336088035637E-18));
#4545 = ADVANCED_FACE('',(#4546),#4567,.T.);
#4546 = FACE_BOUND('',#4547,.F.);
#4547 = EDGE_LOOP('',(#4548,#4554,#4560,#4561));
#4548 = ORIENTED_EDGE('',*,*,#4549,.T.);
#4549 = EDGE_CURVE('',#4481,#4527,#4550,.T.);
#4550 = LINE('',#4551,#4552);
#4551 = CARTESIAN_POINT('',(75.,29.5,0.));
#4552 = VECTOR('',#4553,1.);
#4553 = DIRECTION('',(0.,0.,1.));
#4554 = ORIENTED_EDGE('',*,*,#4555,.F.);
#4555 = EDGE_CURVE('',#4295,#4527,#4556,.T.);
#4556 = LINE('',#4557,#4558);
#4557 = CARTESIAN_POINT('',(74.625,29.875,29.5));
#4558 = VECTOR('',#4559,1.);
#4559 = DIRECTION('',(0.707106781187,-0.707106781187,3.082391018568E-17)
  );
#4560 = ORIENTED_EDGE('',*,*,#4302,.F.);
#4561 = ORIENTED_EDGE('',*,*,#4562,.F.);
#4562 = EDGE_CURVE('',#4481,#4303,#4563,.T.);
#4563 = LINE('',#4564,#4565);
#4564 = CARTESIAN_POINT('',(74.75,29.75,0.5));
#4565 = VECTOR('',#4566,1.);
#4566 = DIRECTION('',(-0.707106781187,0.707106781187,2.965154629148E-17)
  );
#4567 = PLANE('',#4568);
#4568 = AXIS2_PLACEMENT_3D('',#4569,#4570,#4571);
#4569 = CARTESIAN_POINT('',(74.75,29.75,0.));
#4570 = DIRECTION('',(0.707106781187,0.707106781187,-1.889513820523E-18)
  );
#4571 = DIRECTION('',(-1.336088035637E-18,-1.336088035637E-18,-1.));
#4572 = ADVANCED_FACE('',(#4573,#4598),#4601,.T.);
#4573 = FACE_BOUND('',#4574,.T.);
#4574 = EDGE_LOOP('',(#4575,#4583,#4584,#4592));
#4575 = ORIENTED_EDGE('',*,*,#4576,.F.);
#4576 = EDGE_CURVE('',#4325,#4577,#4579,.T.);
#4577 = VERTEX_POINT('',#4578);
#4578 = CARTESIAN_POINT('',(73.5,1.5,1.5));
#4579 = LINE('',#4580,#4581);
#4580 = CARTESIAN_POINT('',(46.5,1.5,1.5));
#4581 = VECTOR('',#4582,1.);
#4582 = DIRECTION('',(1.,0.,-0.));
#4583 = ORIENTED_EDGE('',*,*,#4324,.T.);
#4584 = ORIENTED_EDGE('',*,*,#4585,.T.);
#4585 = EDGE_CURVE('',#4327,#4586,#4588,.T.);
#4586 = VERTEX_POINT('',#4587);
#4587 = CARTESIAN_POINT('',(73.5,1.5,28.5));
#4588 = LINE('',#4589,#4590);
#4589 = CARTESIAN_POINT('',(46.5,1.5,28.5));
#4590 = VECTOR('',#4591,1.);
#4591 = DIRECTION('',(1.,0.,-0.));
#4592 = ORIENTED_EDGE('',*,*,#4593,.F.);
#4593 = EDGE_CURVE('',#4577,#4586,#4594,.T.);
#4594 = LINE('',#4595,#4596);
#4595 = CARTESIAN_POINT('',(73.5,1.5,1.5));
#4596 = VECTOR('',#4597,1.);
#4597 = DIRECTION('',(0.,0.,1.));
#4598 = FACE_BOUND('',#4599,.T.);
#4599 = EDGE_LOOP('',(#4600));
#4600 = ORIENTED_EDGE('',*,*,#4432,.F.);
#4601 = PLANE('',#4602);
#4602 = AXIS2_PLACEMENT_3D('',#4603,#4604,#4605);
#4603 = CARTESIAN_POINT('',(46.5,1.5,1.5));
#4604 = DIRECTION('',(-0.,1.,0.));
#4605 = DIRECTION('',(0.,0.,1.));
#4606 = ADVANCED_FACE('',(#4607),#4625,.F.);
#4607 = FACE_BOUND('',#4608,.F.);
#4608 = EDGE_LOOP('',(#4609,#4610,#4611,#4619));
#4609 = ORIENTED_EDGE('',*,*,#4350,.F.);
#4610 = ORIENTED_EDGE('',*,*,#4585,.T.);
#4611 = ORIENTED_EDGE('',*,*,#4612,.T.);
#4612 = EDGE_CURVE('',#4586,#4613,#4615,.T.);
#4613 = VERTEX_POINT('',#4614);
#4614 = CARTESIAN_POINT('',(73.5,28.5,28.5));
#4615 = LINE('',#4616,#4617);
#4616 = CARTESIAN_POINT('',(73.5,1.5,28.5));
#4617 = VECTOR('',#4618,1.);
#4618 = DIRECTION('',(-0.,1.,0.));
#4619 = ORIENTED_EDGE('',*,*,#4620,.F.);
#4620 = EDGE_CURVE('',#4343,#4613,#4621,.T.);
#4621 = LINE('',#4622,#4623);
#4622 = CARTESIAN_POINT('',(46.5,28.5,28.5));
#4623 = VECTOR('',#4624,1.);
#4624 = DIRECTION('',(1.,0.,-0.));
#4625 = PLANE('',#4626);
#4626 = AXIS2_PLACEMENT_3D('',#4627,#4628,#4629);
#4627 = CARTESIAN_POINT('',(46.5,1.5,28.5));
#4628 = DIRECTION('',(0.,0.,1.));
#4629 = DIRECTION('',(1.,0.,-0.));
#4630 = ADVANCED_FACE('',(#4631),#4649,.T.);
#4631 = FACE_BOUND('',#4632,.T.);
#4632 = EDGE_LOOP('',(#4633,#4634,#4635,#4643));
#4633 = ORIENTED_EDGE('',*,*,#4334,.F.);
#4634 = ORIENTED_EDGE('',*,*,#4576,.T.);
#4635 = ORIENTED_EDGE('',*,*,#4636,.T.);
#4636 = EDGE_CURVE('',#4577,#4637,#4639,.T.);
#4637 = VERTEX_POINT('',#4638);
#4638 = CARTESIAN_POINT('',(73.5,28.5,1.5));
#4639 = LINE('',#4640,#4641);
#4640 = CARTESIAN_POINT('',(73.5,1.5,1.5));
#4641 = VECTOR('',#4642,1.);
#4642 = DIRECTION('',(-0.,1.,0.));
#4643 = ORIENTED_EDGE('',*,*,#4644,.F.);
#4644 = EDGE_CURVE('',#4335,#4637,#4645,.T.);
#4645 = LINE('',#4646,#4647);
#4646 = CARTESIAN_POINT('',(46.5,28.5,1.5));
#4647 = VECTOR('',#4648,1.);
#4648 = DIRECTION('',(1.,0.,-0.));
#4649 = PLANE('',#4650);
#4650 = AXIS2_PLACEMENT_3D('',#4651,#4652,#4653);
#4651 = CARTESIAN_POINT('',(46.5,1.5,1.5));
#4652 = DIRECTION('',(0.,0.,1.));
#4653 = DIRECTION('',(1.,0.,-0.));
#4654 = ADVANCED_FACE('',(#4655),#4666,.F.);
#4655 = FACE_BOUND('',#4656,.F.);
#4656 = EDGE_LOOP('',(#4657,#4658,#4659,#4660));
#4657 = ORIENTED_EDGE('',*,*,#4644,.F.);
#4658 = ORIENTED_EDGE('',*,*,#4342,.T.);
#4659 = ORIENTED_EDGE('',*,*,#4620,.T.);
#4660 = ORIENTED_EDGE('',*,*,#4661,.F.);
#4661 = EDGE_CURVE('',#4637,#4613,#4662,.T.);
#4662 = LINE('',#4663,#4664);
#4663 = CARTESIAN_POINT('',(73.5,28.5,1.5));
#4664 = VECTOR('',#4665,1.);
#4665 = DIRECTION('',(0.,0.,1.));
#4666 = PLANE('',#4667);
#4667 = AXIS2_PLACEMENT_3D('',#4668,#4669,#4670);
#4668 = CARTESIAN_POINT('',(46.5,28.5,1.5));
#4669 = DIRECTION('',(-0.,1.,0.));
#4670 = DIRECTION('',(0.,0.,1.));
#4671 = ADVANCED_FACE('',(#4672),#4677,.F.);
#4672 = FACE_BOUND('',#4673,.F.);
#4673 = EDGE_LOOP('',(#4674,#4675,#4676));
#4674 = ORIENTED_EDGE('',*,*,#4474,.F.);
#4675 = ORIENTED_EDGE('',*,*,#4369,.T.);
#4676 = ORIENTED_EDGE('',*,*,#4418,.F.);
#4677 = PLANE('',#4678);
#4678 = AXIS2_PLACEMENT_3D('',#4679,#4680,#4681);
#4679 = CARTESIAN_POINT('',(74.5,0.5,-1.074753193928E-15));
#4680 = DIRECTION('',(-0.57735026919,0.57735026919,0.57735026919));
#4681 = DIRECTION('',(-0.707106781187,-0.707106781187,4.222232287379E-15
    ));
#4682 = ADVANCED_FACE('',(#4683),#4688,.T.);
#4683 = FACE_BOUND('',#4684,.T.);
#4684 = EDGE_LOOP('',(#4685,#4686,#4687));
#4685 = ORIENTED_EDGE('',*,*,#4520,.F.);
#4686 = ORIENTED_EDGE('',*,*,#4386,.T.);
#4687 = ORIENTED_EDGE('',*,*,#4411,.F.);
#4688 = PLANE('',#4689);
#4689 = AXIS2_PLACEMENT_3D('',#4690,#4691,#4692);
#4690 = CARTESIAN_POINT('',(74.5,0.5,30.));
#4691 = DIRECTION('',(0.57735026919,-0.57735026919,0.57735026919));
#4692 = DIRECTION('',(-0.707106781187,-0.707106781187,6.257590319018E-19
    ));
#4693 = ADVANCED_FACE('',(#4694),#4700,.T.);
#4694 = FACE_BOUND('',#4695,.T.);
#4695 = EDGE_LOOP('',(#4696,#4697,#4698,#4699));
#4696 = ORIENTED_EDGE('',*,*,#4401,.F.);
#4697 = ORIENTED_EDGE('',*,*,#4480,.T.);
#4698 = ORIENTED_EDGE('',*,*,#4549,.T.);
#4699 = ORIENTED_EDGE('',*,*,#4526,.F.);
#4700 = PLANE('',#4701);
#4701 = AXIS2_PLACEMENT_3D('',#4702,#4703,#4704);
#4702 = CARTESIAN_POINT('',(75.,0.,0.));
#4703 = DIRECTION('',(1.,0.,-0.));
#4704 = DIRECTION('',(0.,0.,1.));
#4705 = ADVANCED_FACE('',(#4706),#4711,.T.);
#4706 = FACE_BOUND('',#4707,.T.);
#4707 = EDGE_LOOP('',(#4708,#4709,#4710));
#4708 = ORIENTED_EDGE('',*,*,#4488,.F.);
#4709 = ORIENTED_EDGE('',*,*,#4459,.T.);
#4710 = ORIENTED_EDGE('',*,*,#4562,.F.);
#4711 = PLANE('',#4712);
#4712 = AXIS2_PLACEMENT_3D('',#4713,#4714,#4715);
#4713 = CARTESIAN_POINT('',(74.5,29.5,-2.093327192608E-15));
#4714 = DIRECTION('',(0.57735026919,0.57735026919,-0.57735026919));
#4715 = DIRECTION('',(-0.707106781187,0.707106781187,1.250188408922E-18)
  );
#4716 = ADVANCED_FACE('',(#4717),#4722,.T.);
#4717 = FACE_BOUND('',#4718,.T.);
#4718 = EDGE_LOOP('',(#4719,#4720,#4721));
#4719 = ORIENTED_EDGE('',*,*,#4555,.F.);
#4720 = ORIENTED_EDGE('',*,*,#4505,.T.);
#4721 = ORIENTED_EDGE('',*,*,#4534,.F.);
#4722 = PLANE('',#4723);
#4723 = AXIS2_PLACEMENT_3D('',#4724,#4725,#4726);
#4724 = CARTESIAN_POINT('',(74.5,30.,29.5));
#4725 = DIRECTION('',(0.57735026919,0.57735026919,0.57735026919));
#4726 = DIRECTION('',(-0.707106781187,-6.803361091336E-18,0.707106781187
    ));
#4727 = ADVANCED_FACE('',(#4728),#4734,.F.);
#4728 = FACE_BOUND('',#4729,.F.);
#4729 = EDGE_LOOP('',(#4730,#4731,#4732,#4733));
#4730 = ORIENTED_EDGE('',*,*,#4593,.F.);
#4731 = ORIENTED_EDGE('',*,*,#4636,.T.);
#4732 = ORIENTED_EDGE('',*,*,#4661,.T.);
#4733 = ORIENTED_EDGE('',*,*,#4612,.F.);
#4734 = PLANE('',#4735);
#4735 = AXIS2_PLACEMENT_3D('',#4736,#4737,#4738);
#4736 = CARTESIAN_POINT('',(73.5,1.5,1.5));
#4737 = DIRECTION('',(1.,0.,-0.));
#4738 = DIRECTION('',(0.,0.,1.));
#4739 = ( GEOMETRIC_REPRESENTATION_CONTEXT(3) 
GLOBAL_UNCERTAINTY_ASSIGNED_CONTEXT((#4743)) 
GLOBAL_UNIT_ASSIGNED_CONTEXT((#4740,#4741,#4742)) REPRESENTATION_CONTEXT
('Context #1','3D Context with UNIT and UNCERTAINTY') );
#4740 = ( LENGTH_UNIT() NAMED_UNIT(*) SI_UNIT(.MILLI.,.METRE.) );
#4741 = ( NAMED_UNIT(*) PLANE_ANGLE_UNIT() SI_UNIT($,.RADIAN.) );
#4742 = ( NAMED_UNIT(*) SI_UNIT($,.STERADIAN.) SOLID_ANGLE_UNIT() );
#4743 = UNCERTAINTY_MEASURE_WITH_UNIT(LENGTH_MEASURE(1.E-07),#4740,
  'distance_accuracy_value','confusion accuracy');
#4744 = CONTEXT_DEPENDENT_SHAPE_REPRESENTATION(#4745,#4747);
#4745 = ( REPRESENTATION_RELATIONSHIP('','',#3918,#10) 
REPRESENTATION_RELATIONSHIP_WITH_TRANSFORMATION(#4746) 
SHAPE_REPRESENTATION_RELATIONSHIP() );
#4746 = ITEM_DEFINED_TRANSFORMATION('','',#11,#23);
#4747 = PRODUCT_DEFINITION_SHAPE('Placement','Placement of an item',
  #4748);
#4748 = NEXT_ASSEMBLY_USAGE_OCCURRENCE('19','u_gearbox','',#5,#3913,$);
#4749 = PRODUCT_RELATED_PRODUCT_CATEGORY('part',$,(#3915));
#4750 = SHAPE_DEFINITION_REPRESENTATION(#4751,#4757);
#4751 = PRODUCT_DEFINITION_SHAPE('','',#4752);
#4752 = PRODUCT_DEFINITION('design','',#4753,#4756);
#4753 = PRODUCT_DEFINITION_FORMATION('','',#4754);
#4754 = PRODUCT('worm_wheel','worm_wheel','',(#4755));
#4755 = PRODUCT_CONTEXT('',#2,'mechanical');
#4756 = PRODUCT_DEFINITION_CONTEXT('part definition',#2,'design');
#4757 = ADVANCED_BREP_SHAPE_REPRESENTATION('',(#11,#4758),#7456);
#4758 = MANIFOLD_SOLID_BREP('',#4759);
#4759 = CLOSED_SHELL('',(#4760,#4802,#5460,#5484,#6135,#6152,#6169,#6186
    ,#6203,#6220,#6237,#6254,#6271,#6288,#6305,#6322,#6339,#6356,#6373,
    #6390,#6407,#6424,#6441,#6458,#6475,#6492,#6509,#6526,#6543,#6560,
    #6577,#6594,#6611,#6628,#6645,#6662,#6679,#6696,#6713,#6730,#6747,
    #6764,#6781,#6798,#6815,#6832,#6849,#6866,#6883,#6900,#6917,#6934,
    #6951,#6968,#6985,#7002,#7019,#7036,#7053,#7070,#7087,#7104,#7121,
    #7138,#7155,#7172,#7189,#7206,#7223,#7240,#7257,#7274,#7291,#7308,
    #7325,#7342,#7359,#7376,#7393,#7410,#7427,#7444));
#4760 = ADVANCED_FACE('',(#4761),#4797,.T.);
#4761 = FACE_BOUND('',#4762,.T.);
#4762 = EDGE_LOOP('',(#4763,#4774,#4782,#4791));
#4763 = ORIENTED_EDGE('',*,*,#4764,.F.);
#4764 = EDGE_CURVE('',#4765,#4767,#4769,.T.);
#4765 = VERTEX_POINT('',#4766);
#4766 = CARTESIAN_POINT('',(63.974238309665,17.,16.4));
#4767 = VERTEX_POINT('',#4768);
#4768 = CARTESIAN_POINT('',(63.818304987227,17.,15.41547574927));
#4769 = CIRCLE('',#4770,7.);
#4770 = AXIS2_PLACEMENT_3D('',#4771,#4772,#4773);
#4771 = CARTESIAN_POINT('',(57.,17.,17.));
#4772 = DIRECTION('',(-0.,1.,1.110223024625E-16));
#4773 = DIRECTION('',(1.,0.,0.));
#4774 = ORIENTED_EDGE('',*,*,#4775,.F.);
#4775 = EDGE_CURVE('',#4776,#4765,#4778,.T.);
#4776 = VERTEX_POINT('',#4777);
#4777 = CARTESIAN_POINT('',(63.974238309665,13.,16.4));
#4778 = LINE('',#4779,#4780);
#4779 = CARTESIAN_POINT('',(63.974238309665,13.,16.4));
#4780 = VECTOR('',#4781,1.);
#4781 = DIRECTION('',(0.,1.,1.110223024625E-16));
#4782 = ORIENTED_EDGE('',*,*,#4783,.T.);
#4783 = EDGE_CURVE('',#4776,#4784,#4786,.T.);
#4784 = VERTEX_POINT('',#4785);
#4785 = CARTESIAN_POINT('',(63.818304987227,13.,15.41547574927));
#4786 = CIRCLE('',#4787,7.);
#4787 = AXIS2_PLACEMENT_3D('',#4788,#4789,#4790);
#4788 = CARTESIAN_POINT('',(57.,13.,17.));
#4789 = DIRECTION('',(-0.,1.,1.110223024625E-16));
#4790 = DIRECTION('',(1.,0.,0.));
#4791 = ORIENTED_EDGE('',*,*,#4792,.T.);
#4792 = EDGE_CURVE('',#4784,#4767,#4793,.T.);
#4793 = LINE('',#4794,#4795);
#4794 = CARTESIAN_POINT('',(63.818304987227,13.,15.41547574927));
#4795 = VECTOR('',#4796,1.);
#4796 = DIRECTION('',(0.,1.,1.110223024625E-16));
#4797 = CYLINDRICAL_SURFACE('',#4798,7.);
#4798 = AXIS2_PLACEMENT_3D('',#4799,#4800,#4801);
#4799 = CARTESIAN_POINT('',(57.,13.,17.));
#4800 = DIRECTION('',(0.,1.,1.110223024625E-16));
#4801 = DIRECTION('',(1.,0.,0.));
#4802 = ADVANCED_FACE('',(#4803),#5455,.T.);
#4803 = FACE_BOUND('',#4804,.T.);
#4804 = EDGE_LOOP('',(#4805,#4813,#4814,#4822,#4830,#4838,#4847,#4855,
    #4863,#4871,#4880,#4888,#4896,#4904,#4913,#4921,#4929,#4937,#4946,
    #4954,#4962,#4970,#4979,#4987,#4995,#5003,#5012,#5020,#5028,#5036,
    #5045,#5053,#5061,#5069,#5078,#5086,#5094,#5102,#5111,#5119,#5127,
    #5135,#5144,#5152,#5160,#5168,#5177,#5185,#5193,#5201,#5210,#5218,
    #5226,#5234,#5243,#5251,#5259,#5267,#5276,#5284,#5292,#5300,#5309,
    #5317,#5325,#5333,#5342,#5350,#5358,#5366,#5375,#5383,#5391,#5399,
    #5408,#5416,#5424,#5432,#5441,#5449));
#4805 = ORIENTED_EDGE('',*,*,#4806,.F.);
#4806 = EDGE_CURVE('',#4765,#4807,#4809,.T.);
#4807 = VERTEX_POINT('',#4808);
#4808 = CARTESIAN_POINT('',(63.4,17.,16.4));
#4809 = LINE('',#4810,#4811);
#4810 = CARTESIAN_POINT('',(60.2,17.,16.4));
#4811 = VECTOR('',#4812,1.);
#4812 = DIRECTION('',(-1.,0.,0.));
#4813 = ORIENTED_EDGE('',*,*,#4764,.T.);
#4814 = ORIENTED_EDGE('',*,*,#4815,.T.);
#4815 = EDGE_CURVE('',#4767,#4816,#4818,.T.);
#4816 = VERTEX_POINT('',#4817);
#4817 = CARTESIAN_POINT('',(63.272171900914,17.,15.592925145777));
#4818 = LINE('',#4819,#4820);
#4819 = CARTESIAN_POINT('',(60.228791048769,17.,16.581779527777));
#4820 = VECTOR('',#4821,1.);
#4821 = DIRECTION('',(-0.951056516295,-3.430777821555E-17,0.309016994375
    ));
#4822 = ORIENTED_EDGE('',*,*,#4823,.T.);
#4823 = EDGE_CURVE('',#4816,#4824,#4826,.T.);
#4824 = VERTEX_POINT('',#4825);
#4825 = CARTESIAN_POINT('',(62.901351507664,17.,14.451657326223));
#4826 = LINE('',#4827,#4828);
#4827 = CARTESIAN_POINT('',(63.179466802601,17.,15.307608190889));
#4828 = VECTOR('',#4829,1.);
#4829 = DIRECTION('',(-0.309016994375,1.055884842111E-16,-0.951056516295
    ));
#4830 = ORIENTED_EDGE('',*,*,#4831,.F.);
#4831 = EDGE_CURVE('',#4832,#4824,#4834,.T.);
#4832 = VERTEX_POINT('',#4833);
#4833 = CARTESIAN_POINT('',(63.447484593977,17.,14.274207929716));
#4834 = LINE('',#4835,#4836);
#4835 = CARTESIAN_POINT('',(59.85797065552,17.,15.440511708223));
#4836 = VECTOR('',#4837,1.);
#4837 = DIRECTION('',(-0.951056516295,-3.430777821555E-17,0.309016994375
    ));
#4838 = ORIENTED_EDGE('',*,*,#4839,.T.);
#4839 = EDGE_CURVE('',#4832,#4840,#4842,.T.);
#4840 = VERTEX_POINT('',#4841);
#4841 = CARTESIAN_POINT('',(62.994948466715,17.,13.386055772231));
#4842 = CIRCLE('',#4843,7.);
#4843 = AXIS2_PLACEMENT_3D('',#4844,#4845,#4846);
#4844 = CARTESIAN_POINT('',(57.,17.,17.));
#4845 = DIRECTION('',(-0.,1.,1.110223024625E-16));
#4846 = DIRECTION('',(1.,0.,0.));
#4847 = ORIENTED_EDGE('',*,*,#4848,.T.);
#4848 = EDGE_CURVE('',#4840,#4849,#4851,.T.);
#4849 = VERTEX_POINT('',#4850);
#4850 = CARTESIAN_POINT('',(62.530379915375,17.,13.723584581953));
#4851 = LINE('',#4852,#4853);
#4852 = CARTESIAN_POINT('',(59.941525533375,17.,15.604497389289));
#4853 = VECTOR('',#4854,1.);
#4854 = DIRECTION('',(-0.809016994375,-6.525727206302E-17,0.587785252292
    ));
#4855 = ORIENTED_EDGE('',*,*,#4856,.T.);
#4856 = EDGE_CURVE('',#4849,#4857,#4859,.T.);
#4857 = VERTEX_POINT('',#4858);
#4858 = CARTESIAN_POINT('',(61.825037612624,17.,12.752764188703));
#4859 = LINE('',#4860,#4861);
#4860 = CARTESIAN_POINT('',(62.354044339687,17.,13.480879483641));
#4861 = VECTOR('',#4862,1.);
#4862 = DIRECTION('',(-0.587785252292,8.981892944681E-17,-0.809016994375
    ));
#4863 = ORIENTED_EDGE('',*,*,#4864,.F.);
#4864 = EDGE_CURVE('',#4865,#4857,#4867,.T.);
#4865 = VERTEX_POINT('',#4866);
#4866 = CARTESIAN_POINT('',(62.289606163964,17.,12.415235378981));
#4867 = LINE('',#4868,#4869);
#4868 = CARTESIAN_POINT('',(59.236183230624,17.,14.633676996039));
#4869 = VECTOR('',#4870,1.);
#4870 = DIRECTION('',(-0.809016994375,-6.525727206302E-17,0.587785252292
    ));
#4871 = ORIENTED_EDGE('',*,*,#4872,.T.);
#4872 = EDGE_CURVE('',#4865,#4873,#4875,.T.);
#4873 = VERTEX_POINT('',#4874);
#4874 = CARTESIAN_POINT('',(61.584764621019,17.,11.710393836036));
#4875 = CIRCLE('',#4876,7.);
#4876 = AXIS2_PLACEMENT_3D('',#4877,#4878,#4879);
#4877 = CARTESIAN_POINT('',(57.,17.,17.));
#4878 = DIRECTION('',(-0.,1.,1.110223024625E-16));
#4879 = DIRECTION('',(1.,0.,0.));
#4880 = ORIENTED_EDGE('',*,*,#4881,.T.);
#4881 = EDGE_CURVE('',#4873,#4882,#4884,.T.);
#4882 = VERTEX_POINT('',#4883);
#4883 = CARTESIAN_POINT('',(61.247235811297,17.,12.174962387376));
#4884 = LINE('',#4885,#4886);
#4885 = CARTESIAN_POINT('',(59.366323003961,17.,14.763816769376));
#4886 = VECTOR('',#4887,1.);
#4887 = DIRECTION('',(-0.587785252292,-8.981892944681E-17,0.809016994375
    ));
#4888 = ORIENTED_EDGE('',*,*,#4889,.T.);
#4889 = EDGE_CURVE('',#4882,#4890,#4892,.T.);
#4890 = VERTEX_POINT('',#4891);
#4891 = CARTESIAN_POINT('',(60.276415418047,17.,11.469620084625));
#4892 = LINE('',#4893,#4894);
#4893 = CARTESIAN_POINT('',(61.004530712984,17.,11.998626811688));
#4894 = VECTOR('',#4895,1.);
#4895 = DIRECTION('',(-0.809016994375,6.525727206302E-17,-0.587785252292
    ));
#4896 = ORIENTED_EDGE('',*,*,#4897,.F.);
#4897 = EDGE_CURVE('',#4898,#4890,#4900,.T.);
#4898 = VERTEX_POINT('',#4899);
#4899 = CARTESIAN_POINT('',(60.613944227769,17.,11.005051533285));
#4900 = LINE('',#4901,#4902);
#4901 = CARTESIAN_POINT('',(58.395502610711,17.,14.058474466625));
#4902 = VECTOR('',#4903,1.);
#4903 = DIRECTION('',(-0.587785252292,-8.981892944681E-17,0.809016994375
    ));
#4904 = ORIENTED_EDGE('',*,*,#4905,.T.);
#4905 = EDGE_CURVE('',#4898,#4906,#4908,.T.);
#4906 = VERTEX_POINT('',#4907);
#4907 = CARTESIAN_POINT('',(59.725792070284,17.,10.552515406023));
#4908 = CIRCLE('',#4909,7.);
#4909 = AXIS2_PLACEMENT_3D('',#4910,#4911,#4912);
#4910 = CARTESIAN_POINT('',(57.,17.,17.));
#4911 = DIRECTION('',(-0.,1.,1.110223024625E-16));
#4912 = DIRECTION('',(1.,0.,0.));
#4913 = ORIENTED_EDGE('',*,*,#4914,.T.);
#4914 = EDGE_CURVE('',#4906,#4915,#4917,.T.);
#4915 = VERTEX_POINT('',#4916);
#4916 = CARTESIAN_POINT('',(59.548342673777,17.,11.098648492336));
#4917 = LINE('',#4918,#4919);
#4918 = CARTESIAN_POINT('',(58.559488291777,17.,14.14202934448));
#4919 = VECTOR('',#4920,1.);
#4920 = DIRECTION('',(-0.309016994375,-1.055884842111E-16,0.951056516295
    ));
#4921 = ORIENTED_EDGE('',*,*,#4922,.T.);
#4922 = EDGE_CURVE('',#4915,#4923,#4925,.T.);
#4923 = VERTEX_POINT('',#4924);
#4924 = CARTESIAN_POINT('',(58.407074854223,17.,10.727828099086));
#4925 = LINE('',#4926,#4927);
#4926 = CARTESIAN_POINT('',(59.263025718888,17.,11.005943394024));
#4927 = VECTOR('',#4928,1.);
#4928 = DIRECTION('',(-0.951056516295,3.430777821555E-17,-0.309016994375
    ));
#4929 = ORIENTED_EDGE('',*,*,#4930,.F.);
#4930 = EDGE_CURVE('',#4931,#4923,#4933,.T.);
#4931 = VERTEX_POINT('',#4932);
#4932 = CARTESIAN_POINT('',(58.58452425073,17.,10.181695012773));
#4933 = LINE('',#4934,#4935);
#4934 = CARTESIAN_POINT('',(57.418220472223,17.,13.771208951231));
#4935 = VECTOR('',#4936,1.);
#4936 = DIRECTION('',(-0.309016994375,-1.055884842111E-16,0.951056516295
    ));
#4937 = ORIENTED_EDGE('',*,*,#4938,.T.);
#4938 = EDGE_CURVE('',#4931,#4939,#4941,.T.);
#4939 = VERTEX_POINT('',#4940);
#4940 = CARTESIAN_POINT('',(57.6,17.,10.025761690335));
#4941 = CIRCLE('',#4942,7.);
#4942 = AXIS2_PLACEMENT_3D('',#4943,#4944,#4945);
#4943 = CARTESIAN_POINT('',(57.,17.,17.));
#4944 = DIRECTION('',(-0.,1.,1.110223024625E-16));
#4945 = DIRECTION('',(1.,0.,0.));
#4946 = ORIENTED_EDGE('',*,*,#4947,.T.);
#4947 = EDGE_CURVE('',#4939,#4948,#4950,.T.);
#4948 = VERTEX_POINT('',#4949);
#4949 = CARTESIAN_POINT('',(57.6,17.,10.6));
#4950 = LINE('',#4951,#4952);
#4951 = CARTESIAN_POINT('',(57.6,17.,13.8));
#4952 = VECTOR('',#4953,1.);
#4953 = DIRECTION('',(-1.110223024625E-16,-1.110223024625E-16,1.));
#4954 = ORIENTED_EDGE('',*,*,#4955,.T.);
#4955 = EDGE_CURVE('',#4948,#4956,#4958,.T.);
#4956 = VERTEX_POINT('',#4957);
#4957 = CARTESIAN_POINT('',(56.4,17.,10.6));
#4958 = LINE('',#4959,#4960);
#4959 = CARTESIAN_POINT('',(57.3,17.,10.6));
#4960 = VECTOR('',#4961,1.);
#4961 = DIRECTION('',(-1.,1.232595164408E-32,-1.110223024625E-16));
#4962 = ORIENTED_EDGE('',*,*,#4963,.F.);
#4963 = EDGE_CURVE('',#4964,#4956,#4966,.T.);
#4964 = VERTEX_POINT('',#4965);
#4965 = CARTESIAN_POINT('',(56.4,17.,10.025761690335));
#4966 = LINE('',#4967,#4968);
#4967 = CARTESIAN_POINT('',(56.4,17.,13.8));
#4968 = VECTOR('',#4969,1.);
#4969 = DIRECTION('',(-1.110223024625E-16,-1.110223024625E-16,1.));
#4970 = ORIENTED_EDGE('',*,*,#4971,.T.);
#4971 = EDGE_CURVE('',#4964,#4972,#4974,.T.);
#4972 = VERTEX_POINT('',#4973);
#4973 = CARTESIAN_POINT('',(55.41547574927,17.,10.181695012773));
#4974 = CIRCLE('',#4975,7.);
#4975 = AXIS2_PLACEMENT_3D('',#4976,#4977,#4978);
#4976 = CARTESIAN_POINT('',(57.,17.,17.));
#4977 = DIRECTION('',(-0.,1.,1.110223024625E-16));
#4978 = DIRECTION('',(1.,0.,0.));
#4979 = ORIENTED_EDGE('',*,*,#4980,.T.);
#4980 = EDGE_CURVE('',#4972,#4981,#4983,.T.);
#4981 = VERTEX_POINT('',#4982);
#4982 = CARTESIAN_POINT('',(55.592925145777,17.,10.727828099086));
#4983 = LINE('',#4984,#4985);
#4984 = CARTESIAN_POINT('',(56.581779527777,17.,13.771208951231));
#4985 = VECTOR('',#4986,1.);
#4986 = DIRECTION('',(0.309016994375,-1.055884842111E-16,0.951056516295)
  );
#4987 = ORIENTED_EDGE('',*,*,#4988,.T.);
#4988 = EDGE_CURVE('',#4981,#4989,#4991,.T.);
#4989 = VERTEX_POINT('',#4990);
#4990 = CARTESIAN_POINT('',(54.451657326223,17.,11.098648492336));
#4991 = LINE('',#4992,#4993);
#4992 = CARTESIAN_POINT('',(55.307608190889,17.,10.820533197399));
#4993 = VECTOR('',#4994,1.);
#4994 = DIRECTION('',(-0.951056516295,-3.430777821555E-17,0.309016994375
    ));
#4995 = ORIENTED_EDGE('',*,*,#4996,.F.);
#4996 = EDGE_CURVE('',#4997,#4989,#4999,.T.);
#4997 = VERTEX_POINT('',#4998);
#4998 = CARTESIAN_POINT('',(54.274207929716,17.,10.552515406023));
#4999 = LINE('',#5000,#5001);
#5000 = CARTESIAN_POINT('',(55.440511708223,17.,14.14202934448));
#5001 = VECTOR('',#5002,1.);
#5002 = DIRECTION('',(0.309016994375,-1.055884842111E-16,0.951056516295)
  );
#5003 = ORIENTED_EDGE('',*,*,#5004,.T.);
#5004 = EDGE_CURVE('',#4997,#5005,#5007,.T.);
#5005 = VERTEX_POINT('',#5006);
#5006 = CARTESIAN_POINT('',(53.386055772231,17.,11.005051533285));
#5007 = CIRCLE('',#5008,7.);
#5008 = AXIS2_PLACEMENT_3D('',#5009,#5010,#5011);
#5009 = CARTESIAN_POINT('',(57.,17.,17.));
#5010 = DIRECTION('',(-0.,1.,1.110223024625E-16));
#5011 = DIRECTION('',(1.,0.,0.));
#5012 = ORIENTED_EDGE('',*,*,#5013,.T.);
#5013 = EDGE_CURVE('',#5005,#5014,#5016,.T.);
#5014 = VERTEX_POINT('',#5015);
#5015 = CARTESIAN_POINT('',(53.723584581953,17.,11.469620084625));
#5016 = LINE('',#5017,#5018);
#5017 = CARTESIAN_POINT('',(55.604497389289,17.,14.058474466625));
#5018 = VECTOR('',#5019,1.);
#5019 = DIRECTION('',(0.587785252292,-8.981892944681E-17,0.809016994375)
  );
#5020 = ORIENTED_EDGE('',*,*,#5021,.T.);
#5021 = EDGE_CURVE('',#5014,#5022,#5024,.T.);
#5022 = VERTEX_POINT('',#5023);
#5023 = CARTESIAN_POINT('',(52.752764188703,17.,12.174962387376));
#5024 = LINE('',#5025,#5026);
#5025 = CARTESIAN_POINT('',(53.480879483641,17.,11.645955660313));
#5026 = VECTOR('',#5027,1.);
#5027 = DIRECTION('',(-0.809016994375,-6.525727206302E-17,0.587785252292
    ));
#5028 = ORIENTED_EDGE('',*,*,#5029,.F.);
#5029 = EDGE_CURVE('',#5030,#5022,#5032,.T.);
#5030 = VERTEX_POINT('',#5031);
#5031 = CARTESIAN_POINT('',(52.415235378981,17.,11.710393836036));
#5032 = LINE('',#5033,#5034);
#5033 = CARTESIAN_POINT('',(54.633676996039,17.,14.763816769376));
#5034 = VECTOR('',#5035,1.);
#5035 = DIRECTION('',(0.587785252292,-8.981892944681E-17,0.809016994375)
  );
#5036 = ORIENTED_EDGE('',*,*,#5037,.T.);
#5037 = EDGE_CURVE('',#5030,#5038,#5040,.T.);
#5038 = VERTEX_POINT('',#5039);
#5039 = CARTESIAN_POINT('',(51.710393836036,17.,12.415235378981));
#5040 = CIRCLE('',#5041,7.);
#5041 = AXIS2_PLACEMENT_3D('',#5042,#5043,#5044);
#5042 = CARTESIAN_POINT('',(57.,17.,17.));
#5043 = DIRECTION('',(-0.,1.,1.110223024625E-16));
#5044 = DIRECTION('',(1.,0.,0.));
#5045 = ORIENTED_EDGE('',*,*,#5046,.T.);
#5046 = EDGE_CURVE('',#5038,#5047,#5049,.T.);
#5047 = VERTEX_POINT('',#5048);
#5048 = CARTESIAN_POINT('',(52.174962387376,17.,12.752764188703));
#5049 = LINE('',#5050,#5051);
#5050 = CARTESIAN_POINT('',(54.763816769376,17.,14.633676996039));
#5051 = VECTOR('',#5052,1.);
#5052 = DIRECTION('',(0.809016994375,-6.525727206302E-17,0.587785252292)
  );
#5053 = ORIENTED_EDGE('',*,*,#5054,.T.);
#5054 = EDGE_CURVE('',#5047,#5055,#5057,.T.);
#5055 = VERTEX_POINT('',#5056);
#5056 = CARTESIAN_POINT('',(51.469620084625,17.,13.723584581953));
#5057 = LINE('',#5058,#5059);
#5058 = CARTESIAN_POINT('',(51.998626811688,17.,12.995469287016));
#5059 = VECTOR('',#5060,1.);
#5060 = DIRECTION('',(-0.587785252292,-8.981892944681E-17,0.809016994375
    ));
#5061 = ORIENTED_EDGE('',*,*,#5062,.F.);
#5062 = EDGE_CURVE('',#5063,#5055,#5065,.T.);
#5063 = VERTEX_POINT('',#5064);
#5064 = CARTESIAN_POINT('',(51.005051533285,17.,13.386055772231));
#5065 = LINE('',#5066,#5067);
#5066 = CARTESIAN_POINT('',(54.058474466625,17.,15.604497389289));
#5067 = VECTOR('',#5068,1.);
#5068 = DIRECTION('',(0.809016994375,-6.525727206302E-17,0.587785252292)
  );
#5069 = ORIENTED_EDGE('',*,*,#5070,.T.);
#5070 = EDGE_CURVE('',#5063,#5071,#5073,.T.);
#5071 = VERTEX_POINT('',#5072);
#5072 = CARTESIAN_POINT('',(50.552515406023,17.,14.274207929716));
#5073 = CIRCLE('',#5074,7.);
#5074 = AXIS2_PLACEMENT_3D('',#5075,#5076,#5077);
#5075 = CARTESIAN_POINT('',(57.,17.,17.));
#5076 = DIRECTION('',(-0.,1.,1.110223024625E-16));
#5077 = DIRECTION('',(1.,0.,0.));
#5078 = ORIENTED_EDGE('',*,*,#5079,.T.);
#5079 = EDGE_CURVE('',#5071,#5080,#5082,.T.);
#5080 = VERTEX_POINT('',#5081);
#5081 = CARTESIAN_POINT('',(51.098648492336,17.,14.451657326223));
#5082 = LINE('',#5083,#5084);
#5083 = CARTESIAN_POINT('',(54.14202934448,17.,15.440511708223));
#5084 = VECTOR('',#5085,1.);
#5085 = DIRECTION('',(0.951056516295,-3.430777821555E-17,0.309016994375)
  );
#5086 = ORIENTED_EDGE('',*,*,#5087,.T.);
#5087 = EDGE_CURVE('',#5080,#5088,#5090,.T.);
#5088 = VERTEX_POINT('',#5089);
#5089 = CARTESIAN_POINT('',(50.727828099086,17.,15.592925145777));
#5090 = LINE('',#5091,#5092);
#5091 = CARTESIAN_POINT('',(51.005943394024,17.,14.736974281112));
#5092 = VECTOR('',#5093,1.);
#5093 = DIRECTION('',(-0.309016994375,-1.055884842111E-16,0.951056516295
    ));
#5094 = ORIENTED_EDGE('',*,*,#5095,.F.);
#5095 = EDGE_CURVE('',#5096,#5088,#5098,.T.);
#5096 = VERTEX_POINT('',#5097);
#5097 = CARTESIAN_POINT('',(50.181695012773,17.,15.41547574927));
#5098 = LINE('',#5099,#5100);
#5099 = CARTESIAN_POINT('',(53.771208951231,17.,16.581779527777));
#5100 = VECTOR('',#5101,1.);
#5101 = DIRECTION('',(0.951056516295,-3.430777821555E-17,0.309016994375)
  );
#5102 = ORIENTED_EDGE('',*,*,#5103,.T.);
#5103 = EDGE_CURVE('',#5096,#5104,#5106,.T.);
#5104 = VERTEX_POINT('',#5105);
#5105 = CARTESIAN_POINT('',(50.025761690335,17.,16.4));
#5106 = CIRCLE('',#5107,7.);
#5107 = AXIS2_PLACEMENT_3D('',#5108,#5109,#5110);
#5108 = CARTESIAN_POINT('',(57.,17.,17.));
#5109 = DIRECTION('',(-0.,1.,1.110223024625E-16));
#5110 = DIRECTION('',(1.,0.,0.));
#5111 = ORIENTED_EDGE('',*,*,#5112,.T.);
#5112 = EDGE_CURVE('',#5104,#5113,#5115,.T.);
#5113 = VERTEX_POINT('',#5114);
#5114 = CARTESIAN_POINT('',(50.6,17.,16.4));
#5115 = LINE('',#5116,#5117);
#5116 = CARTESIAN_POINT('',(53.8,17.,16.4));
#5117 = VECTOR('',#5118,1.);
#5118 = DIRECTION('',(1.,-1.359631073447E-32,1.224646799147E-16));
#5119 = ORIENTED_EDGE('',*,*,#5120,.T.);
#5120 = EDGE_CURVE('',#5113,#5121,#5123,.T.);
#5121 = VERTEX_POINT('',#5122);
#5122 = CARTESIAN_POINT('',(50.6,17.,17.6));
#5123 = LINE('',#5124,#5125);
#5124 = CARTESIAN_POINT('',(50.6,17.,16.7));
#5125 = VECTOR('',#5126,1.);
#5126 = DIRECTION('',(-1.224646799147E-16,-1.110223024625E-16,1.));
#5127 = ORIENTED_EDGE('',*,*,#5128,.F.);
#5128 = EDGE_CURVE('',#5129,#5121,#5131,.T.);
#5129 = VERTEX_POINT('',#5130);
#5130 = CARTESIAN_POINT('',(50.025761690335,17.,17.6));
#5131 = LINE('',#5132,#5133);
#5132 = CARTESIAN_POINT('',(53.8,17.,17.6));
#5133 = VECTOR('',#5134,1.);
#5134 = DIRECTION('',(1.,-1.359631073447E-32,1.224646799147E-16));
#5135 = ORIENTED_EDGE('',*,*,#5136,.T.);
#5136 = EDGE_CURVE('',#5129,#5137,#5139,.T.);
#5137 = VERTEX_POINT('',#5138);
#5138 = CARTESIAN_POINT('',(50.181695012773,17.,18.58452425073));
#5139 = CIRCLE('',#5140,7.);
#5140 = AXIS2_PLACEMENT_3D('',#5141,#5142,#5143);
#5141 = CARTESIAN_POINT('',(57.,17.,17.));
#5142 = DIRECTION('',(-0.,1.,1.110223024625E-16));
#5143 = DIRECTION('',(1.,0.,0.));
#5144 = ORIENTED_EDGE('',*,*,#5145,.T.);
#5145 = EDGE_CURVE('',#5137,#5146,#5148,.T.);
#5146 = VERTEX_POINT('',#5147);
#5147 = CARTESIAN_POINT('',(50.727828099086,17.,18.407074854223));
#5148 = LINE('',#5149,#5150);
#5149 = CARTESIAN_POINT('',(53.771208951231,17.,17.418220472223));
#5150 = VECTOR('',#5151,1.);
#5151 = DIRECTION('',(0.951056516295,3.430777821555E-17,-0.309016994375)
  );
#5152 = ORIENTED_EDGE('',*,*,#5153,.T.);
#5153 = EDGE_CURVE('',#5146,#5154,#5156,.T.);
#5154 = VERTEX_POINT('',#5155);
#5155 = CARTESIAN_POINT('',(51.098648492336,17.,19.548342673777));
#5156 = LINE('',#5157,#5158);
#5157 = CARTESIAN_POINT('',(50.820533197399,17.,18.692391809111));
#5158 = VECTOR('',#5159,1.);
#5159 = DIRECTION('',(0.309016994375,-1.055884842111E-16,0.951056516295)
  );
#5160 = ORIENTED_EDGE('',*,*,#5161,.F.);
#5161 = EDGE_CURVE('',#5162,#5154,#5164,.T.);
#5162 = VERTEX_POINT('',#5163);
#5163 = CARTESIAN_POINT('',(50.552515406023,17.,19.725792070284));
#5164 = LINE('',#5165,#5166);
#5165 = CARTESIAN_POINT('',(54.14202934448,17.,18.559488291777));
#5166 = VECTOR('',#5167,1.);
#5167 = DIRECTION('',(0.951056516295,3.430777821555E-17,-0.309016994375)
  );
#5168 = ORIENTED_EDGE('',*,*,#5169,.T.);
#5169 = EDGE_CURVE('',#5162,#5170,#5172,.T.);
#5170 = VERTEX_POINT('',#5171);
#5171 = CARTESIAN_POINT('',(51.005051533285,17.,20.613944227769));
#5172 = CIRCLE('',#5173,7.);
#5173 = AXIS2_PLACEMENT_3D('',#5174,#5175,#5176);
#5174 = CARTESIAN_POINT('',(57.,17.,17.));
#5175 = DIRECTION('',(-0.,1.,1.110223024625E-16));
#5176 = DIRECTION('',(1.,0.,0.));
#5177 = ORIENTED_EDGE('',*,*,#5178,.T.);
#5178 = EDGE_CURVE('',#5170,#5179,#5181,.T.);
#5179 = VERTEX_POINT('',#5180);
#5180 = CARTESIAN_POINT('',(51.469620084625,17.,20.276415418047));
#5181 = LINE('',#5182,#5183);
#5182 = CARTESIAN_POINT('',(54.058474466625,17.,18.395502610711));
#5183 = VECTOR('',#5184,1.);
#5184 = DIRECTION('',(0.809016994375,6.525727206302E-17,-0.587785252292)
  );
#5185 = ORIENTED_EDGE('',*,*,#5186,.T.);
#5186 = EDGE_CURVE('',#5179,#5187,#5189,.T.);
#5187 = VERTEX_POINT('',#5188);
#5188 = CARTESIAN_POINT('',(52.174962387376,17.,21.247235811297));
#5189 = LINE('',#5190,#5191);
#5190 = CARTESIAN_POINT('',(51.645955660313,17.,20.519120516359));
#5191 = VECTOR('',#5192,1.);
#5192 = DIRECTION('',(0.587785252292,-8.981892944681E-17,0.809016994375)
  );
#5193 = ORIENTED_EDGE('',*,*,#5194,.F.);
#5194 = EDGE_CURVE('',#5195,#5187,#5197,.T.);
#5195 = VERTEX_POINT('',#5196);
#5196 = CARTESIAN_POINT('',(51.710393836036,17.,21.584764621019));
#5197 = LINE('',#5198,#5199);
#5198 = CARTESIAN_POINT('',(54.763816769376,17.,19.366323003961));
#5199 = VECTOR('',#5200,1.);
#5200 = DIRECTION('',(0.809016994375,6.525727206302E-17,-0.587785252292)
  );
#5201 = ORIENTED_EDGE('',*,*,#5202,.T.);
#5202 = EDGE_CURVE('',#5195,#5203,#5205,.T.);
#5203 = VERTEX_POINT('',#5204);
#5204 = CARTESIAN_POINT('',(52.415235378981,17.,22.289606163964));
#5205 = CIRCLE('',#5206,7.);
#5206 = AXIS2_PLACEMENT_3D('',#5207,#5208,#5209);
#5207 = CARTESIAN_POINT('',(57.,17.,17.));
#5208 = DIRECTION('',(-0.,1.,1.110223024625E-16));
#5209 = DIRECTION('',(1.,0.,0.));
#5210 = ORIENTED_EDGE('',*,*,#5211,.T.);
#5211 = EDGE_CURVE('',#5203,#5212,#5214,.T.);
#5212 = VERTEX_POINT('',#5213);
#5213 = CARTESIAN_POINT('',(52.752764188703,17.,21.825037612624));
#5214 = LINE('',#5215,#5216);
#5215 = CARTESIAN_POINT('',(54.633676996039,17.,19.236183230624));
#5216 = VECTOR('',#5217,1.);
#5217 = DIRECTION('',(0.587785252292,8.981892944681E-17,-0.809016994375)
  );
#5218 = ORIENTED_EDGE('',*,*,#5219,.T.);
#5219 = EDGE_CURVE('',#5212,#5220,#5222,.T.);
#5220 = VERTEX_POINT('',#5221);
#5221 = CARTESIAN_POINT('',(53.723584581953,17.,22.530379915375));
#5222 = LINE('',#5223,#5224);
#5223 = CARTESIAN_POINT('',(52.995469287016,17.,22.001373188312));
#5224 = VECTOR('',#5225,1.);
#5225 = DIRECTION('',(0.809016994375,-6.525727206302E-17,0.587785252292)
  );
#5226 = ORIENTED_EDGE('',*,*,#5227,.F.);
#5227 = EDGE_CURVE('',#5228,#5220,#5230,.T.);
#5228 = VERTEX_POINT('',#5229);
#5229 = CARTESIAN_POINT('',(53.386055772231,17.,22.994948466715));
#5230 = LINE('',#5231,#5232);
#5231 = CARTESIAN_POINT('',(55.604497389289,17.,19.941525533375));
#5232 = VECTOR('',#5233,1.);
#5233 = DIRECTION('',(0.587785252292,8.981892944681E-17,-0.809016994375)
  );
#5234 = ORIENTED_EDGE('',*,*,#5235,.T.);
#5235 = EDGE_CURVE('',#5228,#5236,#5238,.T.);
#5236 = VERTEX_POINT('',#5237);
#5237 = CARTESIAN_POINT('',(54.274207929716,17.,23.447484593977));
#5238 = CIRCLE('',#5239,7.);
#5239 = AXIS2_PLACEMENT_3D('',#5240,#5241,#5242);
#5240 = CARTESIAN_POINT('',(57.,17.,17.));
#5241 = DIRECTION('',(-0.,1.,1.110223024625E-16));
#5242 = DIRECTION('',(1.,0.,0.));
#5243 = ORIENTED_EDGE('',*,*,#5244,.T.);
#5244 = EDGE_CURVE('',#5236,#5245,#5247,.T.);
#5245 = VERTEX_POINT('',#5246);
#5246 = CARTESIAN_POINT('',(54.451657326223,17.,22.901351507664));
#5247 = LINE('',#5248,#5249);
#5248 = CARTESIAN_POINT('',(55.440511708223,17.,19.85797065552));
#5249 = VECTOR('',#5250,1.);
#5250 = DIRECTION('',(0.309016994375,1.055884842111E-16,-0.951056516295)
  );
#5251 = ORIENTED_EDGE('',*,*,#5252,.T.);
#5252 = EDGE_CURVE('',#5245,#5253,#5255,.T.);
#5253 = VERTEX_POINT('',#5254);
#5254 = CARTESIAN_POINT('',(55.592925145777,17.,23.272171900914));
#5255 = LINE('',#5256,#5257);
#5256 = CARTESIAN_POINT('',(54.736974281112,17.,22.994056605976));
#5257 = VECTOR('',#5258,1.);
#5258 = DIRECTION('',(0.951056516295,-3.430777821555E-17,0.309016994375)
  );
#5259 = ORIENTED_EDGE('',*,*,#5260,.F.);
#5260 = EDGE_CURVE('',#5261,#5253,#5263,.T.);
#5261 = VERTEX_POINT('',#5262);
#5262 = CARTESIAN_POINT('',(55.41547574927,17.,23.818304987227));
#5263 = LINE('',#5264,#5265);
#5264 = CARTESIAN_POINT('',(56.581779527777,17.,20.228791048769));
#5265 = VECTOR('',#5266,1.);
#5266 = DIRECTION('',(0.309016994375,1.055884842111E-16,-0.951056516295)
  );
#5267 = ORIENTED_EDGE('',*,*,#5268,.T.);
#5268 = EDGE_CURVE('',#5261,#5269,#5271,.T.);
#5269 = VERTEX_POINT('',#5270);
#5270 = CARTESIAN_POINT('',(56.4,17.,23.974238309665));
#5271 = CIRCLE('',#5272,7.);
#5272 = AXIS2_PLACEMENT_3D('',#5273,#5274,#5275);
#5273 = CARTESIAN_POINT('',(57.,17.,17.));
#5274 = DIRECTION('',(-0.,1.,1.110223024625E-16));
#5275 = DIRECTION('',(1.,0.,0.));
#5276 = ORIENTED_EDGE('',*,*,#5277,.T.);
#5277 = EDGE_CURVE('',#5269,#5278,#5280,.T.);
#5278 = VERTEX_POINT('',#5279);
#5279 = CARTESIAN_POINT('',(56.4,17.,23.4));
#5280 = LINE('',#5281,#5282);
#5281 = CARTESIAN_POINT('',(56.4,17.,20.2));
#5282 = VECTOR('',#5283,1.);
#5283 = DIRECTION('',(2.22044604925E-16,1.110223024625E-16,-1.));
#5284 = ORIENTED_EDGE('',*,*,#5285,.T.);
#5285 = EDGE_CURVE('',#5278,#5286,#5288,.T.);
#5286 = VERTEX_POINT('',#5287);
#5287 = CARTESIAN_POINT('',(57.6,17.,23.4));
#5288 = LINE('',#5289,#5290);
#5289 = CARTESIAN_POINT('',(56.7,17.,23.4));
#5290 = VECTOR('',#5291,1.);
#5291 = DIRECTION('',(1.,-2.465190328816E-32,2.22044604925E-16));
#5292 = ORIENTED_EDGE('',*,*,#5293,.F.);
#5293 = EDGE_CURVE('',#5294,#5286,#5296,.T.);
#5294 = VERTEX_POINT('',#5295);
#5295 = CARTESIAN_POINT('',(57.6,17.,23.974238309665));
#5296 = LINE('',#5297,#5298);
#5297 = CARTESIAN_POINT('',(57.6,17.,20.2));
#5298 = VECTOR('',#5299,1.);
#5299 = DIRECTION('',(2.22044604925E-16,1.110223024625E-16,-1.));
#5300 = ORIENTED_EDGE('',*,*,#5301,.T.);
#5301 = EDGE_CURVE('',#5294,#5302,#5304,.T.);
#5302 = VERTEX_POINT('',#5303);
#5303 = CARTESIAN_POINT('',(58.58452425073,17.,23.818304987227));
#5304 = CIRCLE('',#5305,7.);
#5305 = AXIS2_PLACEMENT_3D('',#5306,#5307,#5308);
#5306 = CARTESIAN_POINT('',(57.,17.,17.));
#5307 = DIRECTION('',(-0.,1.,1.110223024625E-16));
#5308 = DIRECTION('',(1.,0.,0.));
#5309 = ORIENTED_EDGE('',*,*,#5310,.T.);
#5310 = EDGE_CURVE('',#5302,#5311,#5313,.T.);
#5311 = VERTEX_POINT('',#5312);
#5312 = CARTESIAN_POINT('',(58.407074854223,17.,23.272171900914));
#5313 = LINE('',#5314,#5315);
#5314 = CARTESIAN_POINT('',(57.418220472223,17.,20.228791048769));
#5315 = VECTOR('',#5316,1.);
#5316 = DIRECTION('',(-0.309016994375,1.055884842111E-16,-0.951056516295
    ));
#5317 = ORIENTED_EDGE('',*,*,#5318,.T.);
#5318 = EDGE_CURVE('',#5311,#5319,#5321,.T.);
#5319 = VERTEX_POINT('',#5320);
#5320 = CARTESIAN_POINT('',(59.548342673777,17.,22.901351507664));
#5321 = LINE('',#5322,#5323);
#5322 = CARTESIAN_POINT('',(58.692391809111,17.,23.179466802601));
#5323 = VECTOR('',#5324,1.);
#5324 = DIRECTION('',(0.951056516295,3.430777821555E-17,-0.309016994375)
  );
#5325 = ORIENTED_EDGE('',*,*,#5326,.F.);
#5326 = EDGE_CURVE('',#5327,#5319,#5329,.T.);
#5327 = VERTEX_POINT('',#5328);
#5328 = CARTESIAN_POINT('',(59.725792070284,17.,23.447484593977));
#5329 = LINE('',#5330,#5331);
#5330 = CARTESIAN_POINT('',(58.559488291777,17.,19.85797065552));
#5331 = VECTOR('',#5332,1.);
#5332 = DIRECTION('',(-0.309016994375,1.055884842111E-16,-0.951056516295
    ));
#5333 = ORIENTED_EDGE('',*,*,#5334,.T.);
#5334 = EDGE_CURVE('',#5327,#5335,#5337,.T.);
#5335 = VERTEX_POINT('',#5336);
#5336 = CARTESIAN_POINT('',(60.613944227769,17.,22.994948466715));
#5337 = CIRCLE('',#5338,7.);
#5338 = AXIS2_PLACEMENT_3D('',#5339,#5340,#5341);
#5339 = CARTESIAN_POINT('',(57.,17.,17.));
#5340 = DIRECTION('',(-0.,1.,1.110223024625E-16));
#5341 = DIRECTION('',(1.,0.,0.));
#5342 = ORIENTED_EDGE('',*,*,#5343,.T.);
#5343 = EDGE_CURVE('',#5335,#5344,#5346,.T.);
#5344 = VERTEX_POINT('',#5345);
#5345 = CARTESIAN_POINT('',(60.276415418047,17.,22.530379915375));
#5346 = LINE('',#5347,#5348);
#5347 = CARTESIAN_POINT('',(58.395502610711,17.,19.941525533375));
#5348 = VECTOR('',#5349,1.);
#5349 = DIRECTION('',(-0.587785252292,8.981892944681E-17,-0.809016994375
    ));
#5350 = ORIENTED_EDGE('',*,*,#5351,.T.);
#5351 = EDGE_CURVE('',#5344,#5352,#5354,.T.);
#5352 = VERTEX_POINT('',#5353);
#5353 = CARTESIAN_POINT('',(61.247235811297,17.,21.825037612624));
#5354 = LINE('',#5355,#5356);
#5355 = CARTESIAN_POINT('',(60.519120516359,17.,22.354044339687));
#5356 = VECTOR('',#5357,1.);
#5357 = DIRECTION('',(0.809016994375,6.525727206302E-17,-0.587785252292)
  );
#5358 = ORIENTED_EDGE('',*,*,#5359,.F.);
#5359 = EDGE_CURVE('',#5360,#5352,#5362,.T.);
#5360 = VERTEX_POINT('',#5361);
#5361 = CARTESIAN_POINT('',(61.584764621019,17.,22.289606163964));
#5362 = LINE('',#5363,#5364);
#5363 = CARTESIAN_POINT('',(59.366323003961,17.,19.236183230624));
#5364 = VECTOR('',#5365,1.);
#5365 = DIRECTION('',(-0.587785252292,8.981892944681E-17,-0.809016994375
    ));
#5366 = ORIENTED_EDGE('',*,*,#5367,.T.);
#5367 = EDGE_CURVE('',#5360,#5368,#5370,.T.);
#5368 = VERTEX_POINT('',#5369);
#5369 = CARTESIAN_POINT('',(62.289606163964,17.,21.584764621019));
#5370 = CIRCLE('',#5371,7.);
#5371 = AXIS2_PLACEMENT_3D('',#5372,#5373,#5374);
#5372 = CARTESIAN_POINT('',(57.,17.,17.));
#5373 = DIRECTION('',(-0.,1.,1.110223024625E-16));
#5374 = DIRECTION('',(1.,0.,0.));
#5375 = ORIENTED_EDGE('',*,*,#5376,.T.);
#5376 = EDGE_CURVE('',#5368,#5377,#5379,.T.);
#5377 = VERTEX_POINT('',#5378);
#5378 = CARTESIAN_POINT('',(61.825037612624,17.,21.247235811297));
#5379 = LINE('',#5380,#5381);
#5380 = CARTESIAN_POINT('',(59.236183230624,17.,19.366323003961));
#5381 = VECTOR('',#5382,1.);
#5382 = DIRECTION('',(-0.809016994375,6.525727206302E-17,-0.587785252292
    ));
#5383 = ORIENTED_EDGE('',*,*,#5384,.T.);
#5384 = EDGE_CURVE('',#5377,#5385,#5387,.T.);
#5385 = VERTEX_POINT('',#5386);
#5386 = CARTESIAN_POINT('',(62.530379915375,17.,20.276415418047));
#5387 = LINE('',#5388,#5389);
#5388 = CARTESIAN_POINT('',(62.001373188312,17.,21.004530712984));
#5389 = VECTOR('',#5390,1.);
#5390 = DIRECTION('',(0.587785252292,8.981892944681E-17,-0.809016994375)
  );
#5391 = ORIENTED_EDGE('',*,*,#5392,.F.);
#5392 = EDGE_CURVE('',#5393,#5385,#5395,.T.);
#5393 = VERTEX_POINT('',#5394);
#5394 = CARTESIAN_POINT('',(62.994948466715,17.,20.613944227769));
#5395 = LINE('',#5396,#5397);
#5396 = CARTESIAN_POINT('',(59.941525533375,17.,18.395502610711));
#5397 = VECTOR('',#5398,1.);
#5398 = DIRECTION('',(-0.809016994375,6.525727206302E-17,-0.587785252292
    ));
#5399 = ORIENTED_EDGE('',*,*,#5400,.T.);
#5400 = EDGE_CURVE('',#5393,#5401,#5403,.T.);
#5401 = VERTEX_POINT('',#5402);
#5402 = CARTESIAN_POINT('',(63.447484593977,17.,19.725792070284));
#5403 = CIRCLE('',#5404,7.);
#5404 = AXIS2_PLACEMENT_3D('',#5405,#5406,#5407);
#5405 = CARTESIAN_POINT('',(57.,17.,17.));
#5406 = DIRECTION('',(-0.,1.,1.110223024625E-16));
#5407 = DIRECTION('',(1.,0.,0.));
#5408 = ORIENTED_EDGE('',*,*,#5409,.T.);
#5409 = EDGE_CURVE('',#5401,#5410,#5412,.T.);
#5410 = VERTEX_POINT('',#5411);
#5411 = CARTESIAN_POINT('',(62.901351507664,17.,19.548342673777));
#5412 = LINE('',#5413,#5414);
#5413 = CARTESIAN_POINT('',(59.85797065552,17.,18.559488291777));
#5414 = VECTOR('',#5415,1.);
#5415 = DIRECTION('',(-0.951056516295,3.430777821555E-17,-0.309016994375
    ));
#5416 = ORIENTED_EDGE('',*,*,#5417,.T.);
#5417 = EDGE_CURVE('',#5410,#5418,#5420,.T.);
#5418 = VERTEX_POINT('',#5419);
#5419 = CARTESIAN_POINT('',(63.272171900914,17.,18.407074854223));
#5420 = LINE('',#5421,#5422);
#5421 = CARTESIAN_POINT('',(62.994056605976,17.,19.263025718888));
#5422 = VECTOR('',#5423,1.);
#5423 = DIRECTION('',(0.309016994375,1.055884842111E-16,-0.951056516295)
  );
#5424 = ORIENTED_EDGE('',*,*,#5425,.F.);
#5425 = EDGE_CURVE('',#5426,#5418,#5428,.T.);
#5426 = VERTEX_POINT('',#5427);
#5427 = CARTESIAN_POINT('',(63.818304987227,17.,18.58452425073));
#5428 = LINE('',#5429,#5430);
#5429 = CARTESIAN_POINT('',(60.228791048769,17.,17.418220472223));
#5430 = VECTOR('',#5431,1.);
#5431 = DIRECTION('',(-0.951056516295,3.430777821555E-17,-0.309016994375
    ));
#5432 = ORIENTED_EDGE('',*,*,#5433,.T.);
#5433 = EDGE_CURVE('',#5426,#5434,#5436,.T.);
#5434 = VERTEX_POINT('',#5435);
#5435 = CARTESIAN_POINT('',(63.974238309665,17.,17.6));
#5436 = CIRCLE('',#5437,7.);
#5437 = AXIS2_PLACEMENT_3D('',#5438,#5439,#5440);
#5438 = CARTESIAN_POINT('',(57.,17.,17.));
#5439 = DIRECTION('',(-0.,1.,1.110223024625E-16));
#5440 = DIRECTION('',(1.,0.,0.));
#5441 = ORIENTED_EDGE('',*,*,#5442,.T.);
#5442 = EDGE_CURVE('',#5434,#5443,#5445,.T.);
#5443 = VERTEX_POINT('',#5444);
#5444 = CARTESIAN_POINT('',(63.4,17.,17.6));
#5445 = LINE('',#5446,#5447);
#5446 = CARTESIAN_POINT('',(60.2,17.,17.6));
#5447 = VECTOR('',#5448,1.);
#5448 = DIRECTION('',(-1.,0.,0.));
#5449 = ORIENTED_EDGE('',*,*,#5450,.T.);
#5450 = EDGE_CURVE('',#5443,#4807,#5451,.T.);
#5451 = LINE('',#5452,#5453);
#5452 = CARTESIAN_POINT('',(63.4,17.,17.3));
#5453 = VECTOR('',#5454,1.);
#5454 = DIRECTION('',(0.,1.110223024625E-16,-1.));
#5455 = PLANE('',#5456);
#5456 = AXIS2_PLACEMENT_3D('',#5457,#5458,#5459);
#5457 = CARTESIAN_POINT('',(57.,17.,17.));
#5458 = DIRECTION('',(0.,1.,1.110223024625E-16));
#5459 = DIRECTION('',(1.,0.,0.));
#5460 = ADVANCED_FACE('',(#5461),#5479,.T.);
#5461 = FACE_BOUND('',#5462,.T.);
#5462 = EDGE_LOOP('',(#5463,#5471,#5477,#5478));
#5463 = ORIENTED_EDGE('',*,*,#5464,.T.);
#5464 = EDGE_CURVE('',#4784,#5465,#5467,.T.);
#5465 = VERTEX_POINT('',#5466);
#5466 = CARTESIAN_POINT('',(63.272171900914,13.,15.592925145777));
#5467 = LINE('',#5468,#5469);
#5468 = CARTESIAN_POINT('',(60.228791048769,13.,16.581779527777));
#5469 = VECTOR('',#5470,1.);
#5470 = DIRECTION('',(-0.951056516295,-3.430777821555E-17,0.309016994375
    ));
#5471 = ORIENTED_EDGE('',*,*,#5472,.T.);
#5472 = EDGE_CURVE('',#5465,#4816,#5473,.T.);
#5473 = LINE('',#5474,#5475);
#5474 = CARTESIAN_POINT('',(63.272171900914,12.9,15.592925145777));
#5475 = VECTOR('',#5476,1.);
#5476 = DIRECTION('',(0.,1.,1.110223024625E-16));
#5477 = ORIENTED_EDGE('',*,*,#4815,.F.);
#5478 = ORIENTED_EDGE('',*,*,#4792,.F.);
#5479 = PLANE('',#5480);
#5480 = AXIS2_PLACEMENT_3D('',#5481,#5482,#5483);
#5481 = CARTESIAN_POINT('',(63.272171900914,12.9,15.592925145777));
#5482 = DIRECTION('',(-0.309016994375,1.055884842111E-16,-0.951056516295
    ));
#5483 = DIRECTION('',(0.,1.,1.110223024625E-16));
#5484 = ADVANCED_FACE('',(#5485),#6130,.F.);
#5485 = FACE_BOUND('',#5486,.F.);
#5486 = EDGE_LOOP('',(#5487,#5495,#5496,#5497,#5505,#5513,#5522,#5530,
    #5538,#5546,#5555,#5563,#5571,#5579,#5588,#5596,#5604,#5612,#5621,
    #5629,#5637,#5645,#5654,#5662,#5670,#5678,#5687,#5695,#5703,#5711,
    #5720,#5728,#5736,#5744,#5753,#5761,#5769,#5777,#5786,#5794,#5802,
    #5810,#5819,#5827,#5835,#5843,#5852,#5860,#5868,#5876,#5885,#5893,
    #5901,#5909,#5918,#5926,#5934,#5942,#5951,#5959,#5967,#5975,#5984,
    #5992,#6000,#6008,#6017,#6025,#6033,#6041,#6050,#6058,#6066,#6074,
    #6083,#6091,#6099,#6107,#6116,#6124));
#5487 = ORIENTED_EDGE('',*,*,#5488,.F.);
#5488 = EDGE_CURVE('',#4776,#5489,#5491,.T.);
#5489 = VERTEX_POINT('',#5490);
#5490 = CARTESIAN_POINT('',(63.4,13.,16.4));
#5491 = LINE('',#5492,#5493);
#5492 = CARTESIAN_POINT('',(60.2,13.,16.4));
#5493 = VECTOR('',#5494,1.);
#5494 = DIRECTION('',(-1.,0.,0.));
#5495 = ORIENTED_EDGE('',*,*,#4783,.T.);
#5496 = ORIENTED_EDGE('',*,*,#5464,.T.);
#5497 = ORIENTED_EDGE('',*,*,#5498,.T.);
#5498 = EDGE_CURVE('',#5465,#5499,#5501,.T.);
#5499 = VERTEX_POINT('',#5500);
#5500 = CARTESIAN_POINT('',(62.901351507664,13.,14.451657326223));
#5501 = LINE('',#5502,#5503);
#5502 = CARTESIAN_POINT('',(63.179466802601,13.,15.307608190889));
#5503 = VECTOR('',#5504,1.);
#5504 = DIRECTION('',(-0.309016994375,1.055884842111E-16,-0.951056516295
    ));
#5505 = ORIENTED_EDGE('',*,*,#5506,.F.);
#5506 = EDGE_CURVE('',#5507,#5499,#5509,.T.);
#5507 = VERTEX_POINT('',#5508);
#5508 = CARTESIAN_POINT('',(63.447484593977,13.,14.274207929716));
#5509 = LINE('',#5510,#5511);
#5510 = CARTESIAN_POINT('',(59.85797065552,13.,15.440511708223));
#5511 = VECTOR('',#5512,1.);
#5512 = DIRECTION('',(-0.951056516295,-3.430777821555E-17,0.309016994375
    ));
#5513 = ORIENTED_EDGE('',*,*,#5514,.T.);
#5514 = EDGE_CURVE('',#5507,#5515,#5517,.T.);
#5515 = VERTEX_POINT('',#5516);
#5516 = CARTESIAN_POINT('',(62.994948466715,13.,13.386055772231));
#5517 = CIRCLE('',#5518,7.);
#5518 = AXIS2_PLACEMENT_3D('',#5519,#5520,#5521);
#5519 = CARTESIAN_POINT('',(57.,13.,17.));
#5520 = DIRECTION('',(-0.,1.,1.110223024625E-16));
#5521 = DIRECTION('',(1.,0.,0.));
#5522 = ORIENTED_EDGE('',*,*,#5523,.T.);
#5523 = EDGE_CURVE('',#5515,#5524,#5526,.T.);
#5524 = VERTEX_POINT('',#5525);
#5525 = CARTESIAN_POINT('',(62.530379915375,13.,13.723584581953));
#5526 = LINE('',#5527,#5528);
#5527 = CARTESIAN_POINT('',(59.941525533375,13.,15.604497389289));
#5528 = VECTOR('',#5529,1.);
#5529 = DIRECTION('',(-0.809016994375,-6.525727206302E-17,0.587785252292
    ));
#5530 = ORIENTED_EDGE('',*,*,#5531,.T.);
#5531 = EDGE_CURVE('',#5524,#5532,#5534,.T.);
#5532 = VERTEX_POINT('',#5533);
#5533 = CARTESIAN_POINT('',(61.825037612624,13.,12.752764188703));
#5534 = LINE('',#5535,#5536);
#5535 = CARTESIAN_POINT('',(62.354044339687,13.,13.480879483641));
#5536 = VECTOR('',#5537,1.);
#5537 = DIRECTION('',(-0.587785252292,8.981892944681E-17,-0.809016994375
    ));
#5538 = ORIENTED_EDGE('',*,*,#5539,.F.);
#5539 = EDGE_CURVE('',#5540,#5532,#5542,.T.);
#5540 = VERTEX_POINT('',#5541);
#5541 = CARTESIAN_POINT('',(62.289606163964,13.,12.415235378981));
#5542 = LINE('',#5543,#5544);
#5543 = CARTESIAN_POINT('',(59.236183230624,13.,14.633676996039));
#5544 = VECTOR('',#5545,1.);
#5545 = DIRECTION('',(-0.809016994375,-6.525727206302E-17,0.587785252292
    ));
#5546 = ORIENTED_EDGE('',*,*,#5547,.T.);
#5547 = EDGE_CURVE('',#5540,#5548,#5550,.T.);
#5548 = VERTEX_POINT('',#5549);
#5549 = CARTESIAN_POINT('',(61.584764621019,13.,11.710393836036));
#5550 = CIRCLE('',#5551,7.);
#5551 = AXIS2_PLACEMENT_3D('',#5552,#5553,#5554);
#5552 = CARTESIAN_POINT('',(57.,13.,17.));
#5553 = DIRECTION('',(-0.,1.,1.110223024625E-16));
#5554 = DIRECTION('',(1.,0.,0.));
#5555 = ORIENTED_EDGE('',*,*,#5556,.T.);
#5556 = EDGE_CURVE('',#5548,#5557,#5559,.T.);
#5557 = VERTEX_POINT('',#5558);
#5558 = CARTESIAN_POINT('',(61.247235811297,13.,12.174962387376));
#5559 = LINE('',#5560,#5561);
#5560 = CARTESIAN_POINT('',(59.366323003961,13.,14.763816769376));
#5561 = VECTOR('',#5562,1.);
#5562 = DIRECTION('',(-0.587785252292,-8.981892944681E-17,0.809016994375
    ));
#5563 = ORIENTED_EDGE('',*,*,#5564,.T.);
#5564 = EDGE_CURVE('',#5557,#5565,#5567,.T.);
#5565 = VERTEX_POINT('',#5566);
#5566 = CARTESIAN_POINT('',(60.276415418047,13.,11.469620084625));
#5567 = LINE('',#5568,#5569);
#5568 = CARTESIAN_POINT('',(61.004530712984,13.,11.998626811688));
#5569 = VECTOR('',#5570,1.);
#5570 = DIRECTION('',(-0.809016994375,6.525727206302E-17,-0.587785252292
    ));
#5571 = ORIENTED_EDGE('',*,*,#5572,.F.);
#5572 = EDGE_CURVE('',#5573,#5565,#5575,.T.);
#5573 = VERTEX_POINT('',#5574);
#5574 = CARTESIAN_POINT('',(60.613944227769,13.,11.005051533285));
#5575 = LINE('',#5576,#5577);
#5576 = CARTESIAN_POINT('',(58.395502610711,13.,14.058474466625));
#5577 = VECTOR('',#5578,1.);
#5578 = DIRECTION('',(-0.587785252292,-8.981892944681E-17,0.809016994375
    ));
#5579 = ORIENTED_EDGE('',*,*,#5580,.T.);
#5580 = EDGE_CURVE('',#5573,#5581,#5583,.T.);
#5581 = VERTEX_POINT('',#5582);
#5582 = CARTESIAN_POINT('',(59.725792070284,13.,10.552515406023));
#5583 = CIRCLE('',#5584,7.);
#5584 = AXIS2_PLACEMENT_3D('',#5585,#5586,#5587);
#5585 = CARTESIAN_POINT('',(57.,13.,17.));
#5586 = DIRECTION('',(-0.,1.,1.110223024625E-16));
#5587 = DIRECTION('',(1.,0.,0.));
#5588 = ORIENTED_EDGE('',*,*,#5589,.T.);
#5589 = EDGE_CURVE('',#5581,#5590,#5592,.T.);
#5590 = VERTEX_POINT('',#5591);
#5591 = CARTESIAN_POINT('',(59.548342673777,13.,11.098648492336));
#5592 = LINE('',#5593,#5594);
#5593 = CARTESIAN_POINT('',(58.559488291777,13.,14.14202934448));
#5594 = VECTOR('',#5595,1.);
#5595 = DIRECTION('',(-0.309016994375,-1.055884842111E-16,0.951056516295
    ));
#5596 = ORIENTED_EDGE('',*,*,#5597,.T.);
#5597 = EDGE_CURVE('',#5590,#5598,#5600,.T.);
#5598 = VERTEX_POINT('',#5599);
#5599 = CARTESIAN_POINT('',(58.407074854223,13.,10.727828099086));
#5600 = LINE('',#5601,#5602);
#5601 = CARTESIAN_POINT('',(59.263025718888,13.,11.005943394024));
#5602 = VECTOR('',#5603,1.);
#5603 = DIRECTION('',(-0.951056516295,3.430777821555E-17,-0.309016994375
    ));
#5604 = ORIENTED_EDGE('',*,*,#5605,.F.);
#5605 = EDGE_CURVE('',#5606,#5598,#5608,.T.);
#5606 = VERTEX_POINT('',#5607);
#5607 = CARTESIAN_POINT('',(58.58452425073,13.,10.181695012773));
#5608 = LINE('',#5609,#5610);
#5609 = CARTESIAN_POINT('',(57.418220472223,13.,13.771208951231));
#5610 = VECTOR('',#5611,1.);
#5611 = DIRECTION('',(-0.309016994375,-1.055884842111E-16,0.951056516295
    ));
#5612 = ORIENTED_EDGE('',*,*,#5613,.T.);
#5613 = EDGE_CURVE('',#5606,#5614,#5616,.T.);
#5614 = VERTEX_POINT('',#5615);
#5615 = CARTESIAN_POINT('',(57.6,13.,10.025761690335));
#5616 = CIRCLE('',#5617,7.);
#5617 = AXIS2_PLACEMENT_3D('',#5618,#5619,#5620);
#5618 = CARTESIAN_POINT('',(57.,13.,17.));
#5619 = DIRECTION('',(-0.,1.,1.110223024625E-16));
#5620 = DIRECTION('',(1.,0.,0.));
#5621 = ORIENTED_EDGE('',*,*,#5622,.T.);
#5622 = EDGE_CURVE('',#5614,#5623,#5625,.T.);
#5623 = VERTEX_POINT('',#5624);
#5624 = CARTESIAN_POINT('',(57.6,13.,10.6));
#5625 = LINE('',#5626,#5627);
#5626 = CARTESIAN_POINT('',(57.6,13.,13.8));
#5627 = VECTOR('',#5628,1.);
#5628 = DIRECTION('',(-1.110223024625E-16,-1.110223024625E-16,1.));
#5629 = ORIENTED_EDGE('',*,*,#5630,.T.);
#5630 = EDGE_CURVE('',#5623,#5631,#5633,.T.);
#5631 = VERTEX_POINT('',#5632);
#5632 = CARTESIAN_POINT('',(56.4,13.,10.6));
#5633 = LINE('',#5634,#5635);
#5634 = CARTESIAN_POINT('',(57.3,13.,10.6));
#5635 = VECTOR('',#5636,1.);
#5636 = DIRECTION('',(-1.,1.232595164408E-32,-1.110223024625E-16));
#5637 = ORIENTED_EDGE('',*,*,#5638,.F.);
#5638 = EDGE_CURVE('',#5639,#5631,#5641,.T.);
#5639 = VERTEX_POINT('',#5640);
#5640 = CARTESIAN_POINT('',(56.4,13.,10.025761690335));
#5641 = LINE('',#5642,#5643);
#5642 = CARTESIAN_POINT('',(56.4,13.,13.8));
#5643 = VECTOR('',#5644,1.);
#5644 = DIRECTION('',(-1.110223024625E-16,-1.110223024625E-16,1.));
#5645 = ORIENTED_EDGE('',*,*,#5646,.T.);
#5646 = EDGE_CURVE('',#5639,#5647,#5649,.T.);
#5647 = VERTEX_POINT('',#5648);
#5648 = CARTESIAN_POINT('',(55.41547574927,13.,10.181695012773));
#5649 = CIRCLE('',#5650,7.);
#5650 = AXIS2_PLACEMENT_3D('',#5651,#5652,#5653);
#5651 = CARTESIAN_POINT('',(57.,13.,17.));
#5652 = DIRECTION('',(-0.,1.,1.110223024625E-16));
#5653 = DIRECTION('',(1.,0.,0.));
#5654 = ORIENTED_EDGE('',*,*,#5655,.T.);
#5655 = EDGE_CURVE('',#5647,#5656,#5658,.T.);
#5656 = VERTEX_POINT('',#5657);
#5657 = CARTESIAN_POINT('',(55.592925145777,13.,10.727828099086));
#5658 = LINE('',#5659,#5660);
#5659 = CARTESIAN_POINT('',(56.581779527777,13.,13.771208951231));
#5660 = VECTOR('',#5661,1.);
#5661 = DIRECTION('',(0.309016994375,-1.055884842111E-16,0.951056516295)
  );
#5662 = ORIENTED_EDGE('',*,*,#5663,.T.);
#5663 = EDGE_CURVE('',#5656,#5664,#5666,.T.);
#5664 = VERTEX_POINT('',#5665);
#5665 = CARTESIAN_POINT('',(54.451657326223,13.,11.098648492336));
#5666 = LINE('',#5667,#5668);
#5667 = CARTESIAN_POINT('',(55.307608190889,13.,10.820533197399));
#5668 = VECTOR('',#5669,1.);
#5669 = DIRECTION('',(-0.951056516295,-3.430777821555E-17,0.309016994375
    ));
#5670 = ORIENTED_EDGE('',*,*,#5671,.F.);
#5671 = EDGE_CURVE('',#5672,#5664,#5674,.T.);
#5672 = VERTEX_POINT('',#5673);
#5673 = CARTESIAN_POINT('',(54.274207929716,13.,10.552515406023));
#5674 = LINE('',#5675,#5676);
#5675 = CARTESIAN_POINT('',(55.440511708223,13.,14.14202934448));
#5676 = VECTOR('',#5677,1.);
#5677 = DIRECTION('',(0.309016994375,-1.055884842111E-16,0.951056516295)
  );
#5678 = ORIENTED_EDGE('',*,*,#5679,.T.);
#5679 = EDGE_CURVE('',#5672,#5680,#5682,.T.);
#5680 = VERTEX_POINT('',#5681);
#5681 = CARTESIAN_POINT('',(53.386055772231,13.,11.005051533285));
#5682 = CIRCLE('',#5683,7.);
#5683 = AXIS2_PLACEMENT_3D('',#5684,#5685,#5686);
#5684 = CARTESIAN_POINT('',(57.,13.,17.));
#5685 = DIRECTION('',(-0.,1.,1.110223024625E-16));
#5686 = DIRECTION('',(1.,0.,0.));
#5687 = ORIENTED_EDGE('',*,*,#5688,.T.);
#5688 = EDGE_CURVE('',#5680,#5689,#5691,.T.);
#5689 = VERTEX_POINT('',#5690);
#5690 = CARTESIAN_POINT('',(53.723584581953,13.,11.469620084625));
#5691 = LINE('',#5692,#5693);
#5692 = CARTESIAN_POINT('',(55.604497389289,13.,14.058474466625));
#5693 = VECTOR('',#5694,1.);
#5694 = DIRECTION('',(0.587785252292,-8.981892944681E-17,0.809016994375)
  );
#5695 = ORIENTED_EDGE('',*,*,#5696,.T.);
#5696 = EDGE_CURVE('',#5689,#5697,#5699,.T.);
#5697 = VERTEX_POINT('',#5698);
#5698 = CARTESIAN_POINT('',(52.752764188703,13.,12.174962387376));
#5699 = LINE('',#5700,#5701);
#5700 = CARTESIAN_POINT('',(53.480879483641,13.,11.645955660313));
#5701 = VECTOR('',#5702,1.);
#5702 = DIRECTION('',(-0.809016994375,-6.525727206302E-17,0.587785252292
    ));
#5703 = ORIENTED_EDGE('',*,*,#5704,.F.);
#5704 = EDGE_CURVE('',#5705,#5697,#5707,.T.);
#5705 = VERTEX_POINT('',#5706);
#5706 = CARTESIAN_POINT('',(52.415235378981,13.,11.710393836036));
#5707 = LINE('',#5708,#5709);
#5708 = CARTESIAN_POINT('',(54.633676996039,13.,14.763816769376));
#5709 = VECTOR('',#5710,1.);
#5710 = DIRECTION('',(0.587785252292,-8.981892944681E-17,0.809016994375)
  );
#5711 = ORIENTED_EDGE('',*,*,#5712,.T.);
#5712 = EDGE_CURVE('',#5705,#5713,#5715,.T.);
#5713 = VERTEX_POINT('',#5714);
#5714 = CARTESIAN_POINT('',(51.710393836036,13.,12.415235378981));
#5715 = CIRCLE('',#5716,7.);
#5716 = AXIS2_PLACEMENT_3D('',#5717,#5718,#5719);
#5717 = CARTESIAN_POINT('',(57.,13.,17.));
#5718 = DIRECTION('',(-0.,1.,1.110223024625E-16));
#5719 = DIRECTION('',(1.,0.,0.));
#5720 = ORIENTED_EDGE('',*,*,#5721,.T.);
#5721 = EDGE_CURVE('',#5713,#5722,#5724,.T.);
#5722 = VERTEX_POINT('',#5723);
#5723 = CARTESIAN_POINT('',(52.174962387376,13.,12.752764188703));
#5724 = LINE('',#5725,#5726);
#5725 = CARTESIAN_POINT('',(54.763816769376,13.,14.633676996039));
#5726 = VECTOR('',#5727,1.);
#5727 = DIRECTION('',(0.809016994375,-6.525727206302E-17,0.587785252292)
  );
#5728 = ORIENTED_EDGE('',*,*,#5729,.T.);
#5729 = EDGE_CURVE('',#5722,#5730,#5732,.T.);
#5730 = VERTEX_POINT('',#5731);
#5731 = CARTESIAN_POINT('',(51.469620084625,13.,13.723584581953));
#5732 = LINE('',#5733,#5734);
#5733 = CARTESIAN_POINT('',(51.998626811688,13.,12.995469287016));
#5734 = VECTOR('',#5735,1.);
#5735 = DIRECTION('',(-0.587785252292,-8.981892944681E-17,0.809016994375
    ));
#5736 = ORIENTED_EDGE('',*,*,#5737,.F.);
#5737 = EDGE_CURVE('',#5738,#5730,#5740,.T.);
#5738 = VERTEX_POINT('',#5739);
#5739 = CARTESIAN_POINT('',(51.005051533285,13.,13.386055772231));
#5740 = LINE('',#5741,#5742);
#5741 = CARTESIAN_POINT('',(54.058474466625,13.,15.604497389289));
#5742 = VECTOR('',#5743,1.);
#5743 = DIRECTION('',(0.809016994375,-6.525727206302E-17,0.587785252292)
  );
#5744 = ORIENTED_EDGE('',*,*,#5745,.T.);
#5745 = EDGE_CURVE('',#5738,#5746,#5748,.T.);
#5746 = VERTEX_POINT('',#5747);
#5747 = CARTESIAN_POINT('',(50.552515406023,13.,14.274207929716));
#5748 = CIRCLE('',#5749,7.);
#5749 = AXIS2_PLACEMENT_3D('',#5750,#5751,#5752);
#5750 = CARTESIAN_POINT('',(57.,13.,17.));
#5751 = DIRECTION('',(-0.,1.,1.110223024625E-16));
#5752 = DIRECTION('',(1.,0.,0.));
#5753 = ORIENTED_EDGE('',*,*,#5754,.T.);
#5754 = EDGE_CURVE('',#5746,#5755,#5757,.T.);
#5755 = VERTEX_POINT('',#5756);
#5756 = CARTESIAN_POINT('',(51.098648492336,13.,14.451657326223));
#5757 = LINE('',#5758,#5759);
#5758 = CARTESIAN_POINT('',(54.14202934448,13.,15.440511708223));
#5759 = VECTOR('',#5760,1.);
#5760 = DIRECTION('',(0.951056516295,-3.430777821555E-17,0.309016994375)
  );
#5761 = ORIENTED_EDGE('',*,*,#5762,.T.);
#5762 = EDGE_CURVE('',#5755,#5763,#5765,.T.);
#5763 = VERTEX_POINT('',#5764);
#5764 = CARTESIAN_POINT('',(50.727828099086,13.,15.592925145777));
#5765 = LINE('',#5766,#5767);
#5766 = CARTESIAN_POINT('',(51.005943394024,13.,14.736974281112));
#5767 = VECTOR('',#5768,1.);
#5768 = DIRECTION('',(-0.309016994375,-1.055884842111E-16,0.951056516295
    ));
#5769 = ORIENTED_EDGE('',*,*,#5770,.F.);
#5770 = EDGE_CURVE('',#5771,#5763,#5773,.T.);
#5771 = VERTEX_POINT('',#5772);
#5772 = CARTESIAN_POINT('',(50.181695012773,13.,15.41547574927));
#5773 = LINE('',#5774,#5775);
#5774 = CARTESIAN_POINT('',(53.771208951231,13.,16.581779527777));
#5775 = VECTOR('',#5776,1.);
#5776 = DIRECTION('',(0.951056516295,-3.430777821555E-17,0.309016994375)
  );
#5777 = ORIENTED_EDGE('',*,*,#5778,.T.);
#5778 = EDGE_CURVE('',#5771,#5779,#5781,.T.);
#5779 = VERTEX_POINT('',#5780);
#5780 = CARTESIAN_POINT('',(50.025761690335,13.,16.4));
#5781 = CIRCLE('',#5782,7.);
#5782 = AXIS2_PLACEMENT_3D('',#5783,#5784,#5785);
#5783 = CARTESIAN_POINT('',(57.,13.,17.));
#5784 = DIRECTION('',(-0.,1.,1.110223024625E-16));
#5785 = DIRECTION('',(1.,0.,0.));
#5786 = ORIENTED_EDGE('',*,*,#5787,.T.);
#5787 = EDGE_CURVE('',#5779,#5788,#5790,.T.);
#5788 = VERTEX_POINT('',#5789);
#5789 = CARTESIAN_POINT('',(50.6,13.,16.4));
#5790 = LINE('',#5791,#5792);
#5791 = CARTESIAN_POINT('',(53.8,13.,16.4));
#5792 = VECTOR('',#5793,1.);
#5793 = DIRECTION('',(1.,-1.359631073447E-32,1.224646799147E-16));
#5794 = ORIENTED_EDGE('',*,*,#5795,.T.);
#5795 = EDGE_CURVE('',#5788,#5796,#5798,.T.);
#5796 = VERTEX_POINT('',#5797);
#5797 = CARTESIAN_POINT('',(50.6,13.,17.6));
#5798 = LINE('',#5799,#5800);
#5799 = CARTESIAN_POINT('',(50.6,13.,16.7));
#5800 = VECTOR('',#5801,1.);
#5801 = DIRECTION('',(-1.224646799147E-16,-1.110223024625E-16,1.));
#5802 = ORIENTED_EDGE('',*,*,#5803,.F.);
#5803 = EDGE_CURVE('',#5804,#5796,#5806,.T.);
#5804 = VERTEX_POINT('',#5805);
#5805 = CARTESIAN_POINT('',(50.025761690335,13.,17.6));
#5806 = LINE('',#5807,#5808);
#5807 = CARTESIAN_POINT('',(53.8,13.,17.6));
#5808 = VECTOR('',#5809,1.);
#5809 = DIRECTION('',(1.,-1.359631073447E-32,1.224646799147E-16));
#5810 = ORIENTED_EDGE('',*,*,#5811,.T.);
#5811 = EDGE_CURVE('',#5804,#5812,#5814,.T.);
#5812 = VERTEX_POINT('',#5813);
#5813 = CARTESIAN_POINT('',(50.181695012773,13.,18.58452425073));
#5814 = CIRCLE('',#5815,7.);
#5815 = AXIS2_PLACEMENT_3D('',#5816,#5817,#5818);
#5816 = CARTESIAN_POINT('',(57.,13.,17.));
#5817 = DIRECTION('',(-0.,1.,1.110223024625E-16));
#5818 = DIRECTION('',(1.,0.,0.));
#5819 = ORIENTED_EDGE('',*,*,#5820,.T.);
#5820 = EDGE_CURVE('',#5812,#5821,#5823,.T.);
#5821 = VERTEX_POINT('',#5822);
#5822 = CARTESIAN_POINT('',(50.727828099086,13.,18.407074854223));
#5823 = LINE('',#5824,#5825);
#5824 = CARTESIAN_POINT('',(53.771208951231,13.,17.418220472223));
#5825 = VECTOR('',#5826,1.);
#5826 = DIRECTION('',(0.951056516295,3.430777821555E-17,-0.309016994375)
  );
#5827 = ORIENTED_EDGE('',*,*,#5828,.T.);
#5828 = EDGE_CURVE('',#5821,#5829,#5831,.T.);
#5829 = VERTEX_POINT('',#5830);
#5830 = CARTESIAN_POINT('',(51.098648492336,13.,19.548342673777));
#5831 = LINE('',#5832,#5833);
#5832 = CARTESIAN_POINT('',(50.820533197399,13.,18.692391809111));
#5833 = VECTOR('',#5834,1.);
#5834 = DIRECTION('',(0.309016994375,-1.055884842111E-16,0.951056516295)
  );
#5835 = ORIENTED_EDGE('',*,*,#5836,.F.);
#5836 = EDGE_CURVE('',#5837,#5829,#5839,.T.);
#5837 = VERTEX_POINT('',#5838);
#5838 = CARTESIAN_POINT('',(50.552515406023,13.,19.725792070284));
#5839 = LINE('',#5840,#5841);
#5840 = CARTESIAN_POINT('',(54.14202934448,13.,18.559488291777));
#5841 = VECTOR('',#5842,1.);
#5842 = DIRECTION('',(0.951056516295,3.430777821555E-17,-0.309016994375)
  );
#5843 = ORIENTED_EDGE('',*,*,#5844,.T.);
#5844 = EDGE_CURVE('',#5837,#5845,#5847,.T.);
#5845 = VERTEX_POINT('',#5846);
#5846 = CARTESIAN_POINT('',(51.005051533285,13.,20.613944227769));
#5847 = CIRCLE('',#5848,7.);
#5848 = AXIS2_PLACEMENT_3D('',#5849,#5850,#5851);
#5849 = CARTESIAN_POINT('',(57.,13.,17.));
#5850 = DIRECTION('',(-0.,1.,1.110223024625E-16));
#5851 = DIRECTION('',(1.,0.,0.));
#5852 = ORIENTED_EDGE('',*,*,#5853,.T.);
#5853 = EDGE_CURVE('',#5845,#5854,#5856,.T.);
#5854 = VERTEX_POINT('',#5855);
#5855 = CARTESIAN_POINT('',(51.469620084625,13.,20.276415418047));
#5856 = LINE('',#5857,#5858);
#5857 = CARTESIAN_POINT('',(54.058474466625,13.,18.395502610711));
#5858 = VECTOR('',#5859,1.);
#5859 = DIRECTION('',(0.809016994375,6.525727206302E-17,-0.587785252292)
  );
#5860 = ORIENTED_EDGE('',*,*,#5861,.T.);
#5861 = EDGE_CURVE('',#5854,#5862,#5864,.T.);
#5862 = VERTEX_POINT('',#5863);
#5863 = CARTESIAN_POINT('',(52.174962387376,13.,21.247235811297));
#5864 = LINE('',#5865,#5866);
#5865 = CARTESIAN_POINT('',(51.645955660313,13.,20.519120516359));
#5866 = VECTOR('',#5867,1.);
#5867 = DIRECTION('',(0.587785252292,-8.981892944681E-17,0.809016994375)
  );
#5868 = ORIENTED_EDGE('',*,*,#5869,.F.);
#5869 = EDGE_CURVE('',#5870,#5862,#5872,.T.);
#5870 = VERTEX_POINT('',#5871);
#5871 = CARTESIAN_POINT('',(51.710393836036,13.,21.584764621019));
#5872 = LINE('',#5873,#5874);
#5873 = CARTESIAN_POINT('',(54.763816769376,13.,19.366323003961));
#5874 = VECTOR('',#5875,1.);
#5875 = DIRECTION('',(0.809016994375,6.525727206302E-17,-0.587785252292)
  );
#5876 = ORIENTED_EDGE('',*,*,#5877,.T.);
#5877 = EDGE_CURVE('',#5870,#5878,#5880,.T.);
#5878 = VERTEX_POINT('',#5879);
#5879 = CARTESIAN_POINT('',(52.415235378981,13.,22.289606163964));
#5880 = CIRCLE('',#5881,7.);
#5881 = AXIS2_PLACEMENT_3D('',#5882,#5883,#5884);
#5882 = CARTESIAN_POINT('',(57.,13.,17.));
#5883 = DIRECTION('',(-0.,1.,1.110223024625E-16));
#5884 = DIRECTION('',(1.,0.,0.));
#5885 = ORIENTED_EDGE('',*,*,#5886,.T.);
#5886 = EDGE_CURVE('',#5878,#5887,#5889,.T.);
#5887 = VERTEX_POINT('',#5888);
#5888 = CARTESIAN_POINT('',(52.752764188703,13.,21.825037612624));
#5889 = LINE('',#5890,#5891);
#5890 = CARTESIAN_POINT('',(54.633676996039,13.,19.236183230624));
#5891 = VECTOR('',#5892,1.);
#5892 = DIRECTION('',(0.587785252292,8.981892944681E-17,-0.809016994375)
  );
#5893 = ORIENTED_EDGE('',*,*,#5894,.T.);
#5894 = EDGE_CURVE('',#5887,#5895,#5897,.T.);
#5895 = VERTEX_POINT('',#5896);
#5896 = CARTESIAN_POINT('',(53.723584581953,13.,22.530379915375));
#5897 = LINE('',#5898,#5899);
#5898 = CARTESIAN_POINT('',(52.995469287016,13.,22.001373188312));
#5899 = VECTOR('',#5900,1.);
#5900 = DIRECTION('',(0.809016994375,-6.525727206302E-17,0.587785252292)
  );
#5901 = ORIENTED_EDGE('',*,*,#5902,.F.);
#5902 = EDGE_CURVE('',#5903,#5895,#5905,.T.);
#5903 = VERTEX_POINT('',#5904);
#5904 = CARTESIAN_POINT('',(53.386055772231,13.,22.994948466715));
#5905 = LINE('',#5906,#5907);
#5906 = CARTESIAN_POINT('',(55.604497389289,13.,19.941525533375));
#5907 = VECTOR('',#5908,1.);
#5908 = DIRECTION('',(0.587785252292,8.981892944681E-17,-0.809016994375)
  );
#5909 = ORIENTED_EDGE('',*,*,#5910,.T.);
#5910 = EDGE_CURVE('',#5903,#5911,#5913,.T.);
#5911 = VERTEX_POINT('',#5912);
#5912 = CARTESIAN_POINT('',(54.274207929716,13.,23.447484593977));
#5913 = CIRCLE('',#5914,7.);
#5914 = AXIS2_PLACEMENT_3D('',#5915,#5916,#5917);
#5915 = CARTESIAN_POINT('',(57.,13.,17.));
#5916 = DIRECTION('',(-0.,1.,1.110223024625E-16));
#5917 = DIRECTION('',(1.,0.,0.));
#5918 = ORIENTED_EDGE('',*,*,#5919,.T.);
#5919 = EDGE_CURVE('',#5911,#5920,#5922,.T.);
#5920 = VERTEX_POINT('',#5921);
#5921 = CARTESIAN_POINT('',(54.451657326223,13.,22.901351507664));
#5922 = LINE('',#5923,#5924);
#5923 = CARTESIAN_POINT('',(55.440511708223,13.,19.85797065552));
#5924 = VECTOR('',#5925,1.);
#5925 = DIRECTION('',(0.309016994375,1.055884842111E-16,-0.951056516295)
  );
#5926 = ORIENTED_EDGE('',*,*,#5927,.T.);
#5927 = EDGE_CURVE('',#5920,#5928,#5930,.T.);
#5928 = VERTEX_POINT('',#5929);
#5929 = CARTESIAN_POINT('',(55.592925145777,13.,23.272171900914));
#5930 = LINE('',#5931,#5932);
#5931 = CARTESIAN_POINT('',(54.736974281112,13.,22.994056605976));
#5932 = VECTOR('',#5933,1.);
#5933 = DIRECTION('',(0.951056516295,-3.430777821555E-17,0.309016994375)
  );
#5934 = ORIENTED_EDGE('',*,*,#5935,.F.);
#5935 = EDGE_CURVE('',#5936,#5928,#5938,.T.);
#5936 = VERTEX_POINT('',#5937);
#5937 = CARTESIAN_POINT('',(55.41547574927,13.,23.818304987227));
#5938 = LINE('',#5939,#5940);
#5939 = CARTESIAN_POINT('',(56.581779527777,13.,20.228791048769));
#5940 = VECTOR('',#5941,1.);
#5941 = DIRECTION('',(0.309016994375,1.055884842111E-16,-0.951056516295)
  );
#5942 = ORIENTED_EDGE('',*,*,#5943,.T.);
#5943 = EDGE_CURVE('',#5936,#5944,#5946,.T.);
#5944 = VERTEX_POINT('',#5945);
#5945 = CARTESIAN_POINT('',(56.4,13.,23.974238309665));
#5946 = CIRCLE('',#5947,7.);
#5947 = AXIS2_PLACEMENT_3D('',#5948,#5949,#5950);
#5948 = CARTESIAN_POINT('',(57.,13.,17.));
#5949 = DIRECTION('',(-0.,1.,1.110223024625E-16));
#5950 = DIRECTION('',(1.,0.,0.));
#5951 = ORIENTED_EDGE('',*,*,#5952,.T.);
#5952 = EDGE_CURVE('',#5944,#5953,#5955,.T.);
#5953 = VERTEX_POINT('',#5954);
#5954 = CARTESIAN_POINT('',(56.4,13.,23.4));
#5955 = LINE('',#5956,#5957);
#5956 = CARTESIAN_POINT('',(56.4,13.,20.2));
#5957 = VECTOR('',#5958,1.);
#5958 = DIRECTION('',(2.22044604925E-16,1.110223024625E-16,-1.));
#5959 = ORIENTED_EDGE('',*,*,#5960,.T.);
#5960 = EDGE_CURVE('',#5953,#5961,#5963,.T.);
#5961 = VERTEX_POINT('',#5962);
#5962 = CARTESIAN_POINT('',(57.6,13.,23.4));
#5963 = LINE('',#5964,#5965);
#5964 = CARTESIAN_POINT('',(56.7,13.,23.4));
#5965 = VECTOR('',#5966,1.);
#5966 = DIRECTION('',(1.,-2.465190328816E-32,2.22044604925E-16));
#5967 = ORIENTED_EDGE('',*,*,#5968,.F.);
#5968 = EDGE_CURVE('',#5969,#5961,#5971,.T.);
#5969 = VERTEX_POINT('',#5970);
#5970 = CARTESIAN_POINT('',(57.6,13.,23.974238309665));
#5971 = LINE('',#5972,#5973);
#5972 = CARTESIAN_POINT('',(57.6,13.,20.2));
#5973 = VECTOR('',#5974,1.);
#5974 = DIRECTION('',(2.22044604925E-16,1.110223024625E-16,-1.));
#5975 = ORIENTED_EDGE('',*,*,#5976,.T.);
#5976 = EDGE_CURVE('',#5969,#5977,#5979,.T.);
#5977 = VERTEX_POINT('',#5978);
#5978 = CARTESIAN_POINT('',(58.58452425073,13.,23.818304987227));
#5979 = CIRCLE('',#5980,7.);
#5980 = AXIS2_PLACEMENT_3D('',#5981,#5982,#5983);
#5981 = CARTESIAN_POINT('',(57.,13.,17.));
#5982 = DIRECTION('',(-0.,1.,1.110223024625E-16));
#5983 = DIRECTION('',(1.,0.,0.));
#5984 = ORIENTED_EDGE('',*,*,#5985,.T.);
#5985 = EDGE_CURVE('',#5977,#5986,#5988,.T.);
#5986 = VERTEX_POINT('',#5987);
#5987 = CARTESIAN_POINT('',(58.407074854223,13.,23.272171900914));
#5988 = LINE('',#5989,#5990);
#5989 = CARTESIAN_POINT('',(57.418220472223,13.,20.228791048769));
#5990 = VECTOR('',#5991,1.);
#5991 = DIRECTION('',(-0.309016994375,1.055884842111E-16,-0.951056516295
    ));
#5992 = ORIENTED_EDGE('',*,*,#5993,.T.);
#5993 = EDGE_CURVE('',#5986,#5994,#5996,.T.);
#5994 = VERTEX_POINT('',#5995);
#5995 = CARTESIAN_POINT('',(59.548342673777,13.,22.901351507664));
#5996 = LINE('',#5997,#5998);
#5997 = CARTESIAN_POINT('',(58.692391809111,13.,23.179466802601));
#5998 = VECTOR('',#5999,1.);
#5999 = DIRECTION('',(0.951056516295,3.430777821555E-17,-0.309016994375)
  );
#6000 = ORIENTED_EDGE('',*,*,#6001,.F.);
#6001 = EDGE_CURVE('',#6002,#5994,#6004,.T.);
#6002 = VERTEX_POINT('',#6003);
#6003 = CARTESIAN_POINT('',(59.725792070284,13.,23.447484593977));
#6004 = LINE('',#6005,#6006);
#6005 = CARTESIAN_POINT('',(58.559488291777,13.,19.85797065552));
#6006 = VECTOR('',#6007,1.);
#6007 = DIRECTION('',(-0.309016994375,1.055884842111E-16,-0.951056516295
    ));
#6008 = ORIENTED_EDGE('',*,*,#6009,.T.);
#6009 = EDGE_CURVE('',#6002,#6010,#6012,.T.);
#6010 = VERTEX_POINT('',#6011);
#6011 = CARTESIAN_POINT('',(60.613944227769,13.,22.994948466715));
#6012 = CIRCLE('',#6013,7.);
#6013 = AXIS2_PLACEMENT_3D('',#6014,#6015,#6016);
#6014 = CARTESIAN_POINT('',(57.,13.,17.));
#6015 = DIRECTION('',(-0.,1.,1.110223024625E-16));
#6016 = DIRECTION('',(1.,0.,0.));
#6017 = ORIENTED_EDGE('',*,*,#6018,.T.);
#6018 = EDGE_CURVE('',#6010,#6019,#6021,.T.);
#6019 = VERTEX_POINT('',#6020);
#6020 = CARTESIAN_POINT('',(60.276415418047,13.,22.530379915375));
#6021 = LINE('',#6022,#6023);
#6022 = CARTESIAN_POINT('',(58.395502610711,13.,19.941525533375));
#6023 = VECTOR('',#6024,1.);
#6024 = DIRECTION('',(-0.587785252292,8.981892944681E-17,-0.809016994375
    ));
#6025 = ORIENTED_EDGE('',*,*,#6026,.T.);
#6026 = EDGE_CURVE('',#6019,#6027,#6029,.T.);
#6027 = VERTEX_POINT('',#6028);
#6028 = CARTESIAN_POINT('',(61.247235811297,13.,21.825037612624));
#6029 = LINE('',#6030,#6031);
#6030 = CARTESIAN_POINT('',(60.519120516359,13.,22.354044339687));
#6031 = VECTOR('',#6032,1.);
#6032 = DIRECTION('',(0.809016994375,6.525727206302E-17,-0.587785252292)
  );
#6033 = ORIENTED_EDGE('',*,*,#6034,.F.);
#6034 = EDGE_CURVE('',#6035,#6027,#6037,.T.);
#6035 = VERTEX_POINT('',#6036);
#6036 = CARTESIAN_POINT('',(61.584764621019,13.,22.289606163964));
#6037 = LINE('',#6038,#6039);
#6038 = CARTESIAN_POINT('',(59.366323003961,13.,19.236183230624));
#6039 = VECTOR('',#6040,1.);
#6040 = DIRECTION('',(-0.587785252292,8.981892944681E-17,-0.809016994375
    ));
#6041 = ORIENTED_EDGE('',*,*,#6042,.T.);
#6042 = EDGE_CURVE('',#6035,#6043,#6045,.T.);
#6043 = VERTEX_POINT('',#6044);
#6044 = CARTESIAN_POINT('',(62.289606163964,13.,21.584764621019));
#6045 = CIRCLE('',#6046,7.);
#6046 = AXIS2_PLACEMENT_3D('',#6047,#6048,#6049);
#6047 = CARTESIAN_POINT('',(57.,13.,17.));
#6048 = DIRECTION('',(-0.,1.,1.110223024625E-16));
#6049 = DIRECTION('',(1.,0.,0.));
#6050 = ORIENTED_EDGE('',*,*,#6051,.T.);
#6051 = EDGE_CURVE('',#6043,#6052,#6054,.T.);
#6052 = VERTEX_POINT('',#6053);
#6053 = CARTESIAN_POINT('',(61.825037612624,13.,21.247235811297));
#6054 = LINE('',#6055,#6056);
#6055 = CARTESIAN_POINT('',(59.236183230624,13.,19.366323003961));
#6056 = VECTOR('',#6057,1.);
#6057 = DIRECTION('',(-0.809016994375,6.525727206302E-17,-0.587785252292
    ));
#6058 = ORIENTED_EDGE('',*,*,#6059,.T.);
#6059 = EDGE_CURVE('',#6052,#6060,#6062,.T.);
#6060 = VERTEX_POINT('',#6061);
#6061 = CARTESIAN_POINT('',(62.530379915375,13.,20.276415418047));
#6062 = LINE('',#6063,#6064);
#6063 = CARTESIAN_POINT('',(62.001373188312,13.,21.004530712984));
#6064 = VECTOR('',#6065,1.);
#6065 = DIRECTION('',(0.587785252292,8.981892944681E-17,-0.809016994375)
  );
#6066 = ORIENTED_EDGE('',*,*,#6067,.F.);
#6067 = EDGE_CURVE('',#6068,#6060,#6070,.T.);
#6068 = VERTEX_POINT('',#6069);
#6069 = CARTESIAN_POINT('',(62.994948466715,13.,20.613944227769));
#6070 = LINE('',#6071,#6072);
#6071 = CARTESIAN_POINT('',(59.941525533375,13.,18.395502610711));
#6072 = VECTOR('',#6073,1.);
#6073 = DIRECTION('',(-0.809016994375,6.525727206302E-17,-0.587785252292
    ));
#6074 = ORIENTED_EDGE('',*,*,#6075,.T.);
#6075 = EDGE_CURVE('',#6068,#6076,#6078,.T.);
#6076 = VERTEX_POINT('',#6077);
#6077 = CARTESIAN_POINT('',(63.447484593977,13.,19.725792070284));
#6078 = CIRCLE('',#6079,7.);
#6079 = AXIS2_PLACEMENT_3D('',#6080,#6081,#6082);
#6080 = CARTESIAN_POINT('',(57.,13.,17.));
#6081 = DIRECTION('',(-0.,1.,1.110223024625E-16));
#6082 = DIRECTION('',(1.,0.,0.));
#6083 = ORIENTED_EDGE('',*,*,#6084,.T.);
#6084 = EDGE_CURVE('',#6076,#6085,#6087,.T.);
#6085 = VERTEX_POINT('',#6086);
#6086 = CARTESIAN_POINT('',(62.901351507664,13.,19.548342673777));
#6087 = LINE('',#6088,#6089);
#6088 = CARTESIAN_POINT('',(59.85797065552,13.,18.559488291777));
#6089 = VECTOR('',#6090,1.);
#6090 = DIRECTION('',(-0.951056516295,3.430777821555E-17,-0.309016994375
    ));
#6091 = ORIENTED_EDGE('',*,*,#6092,.T.);
#6092 = EDGE_CURVE('',#6085,#6093,#6095,.T.);
#6093 = VERTEX_POINT('',#6094);
#6094 = CARTESIAN_POINT('',(63.272171900914,13.,18.407074854223));
#6095 = LINE('',#6096,#6097);
#6096 = CARTESIAN_POINT('',(62.994056605976,13.,19.263025718888));
#6097 = VECTOR('',#6098,1.);
#6098 = DIRECTION('',(0.309016994375,1.055884842111E-16,-0.951056516295)
  );
#6099 = ORIENTED_EDGE('',*,*,#6100,.F.);
#6100 = EDGE_CURVE('',#6101,#6093,#6103,.T.);
#6101 = VERTEX_POINT('',#6102);
#6102 = CARTESIAN_POINT('',(63.818304987227,13.,18.58452425073));
#6103 = LINE('',#6104,#6105);
#6104 = CARTESIAN_POINT('',(60.228791048769,13.,17.418220472223));
#6105 = VECTOR('',#6106,1.);
#6106 = DIRECTION('',(-0.951056516295,3.430777821555E-17,-0.309016994375
    ));
#6107 = ORIENTED_EDGE('',*,*,#6108,.T.);
#6108 = EDGE_CURVE('',#6101,#6109,#6111,.T.);
#6109 = VERTEX_POINT('',#6110);
#6110 = CARTESIAN_POINT('',(63.974238309665,13.,17.6));
#6111 = CIRCLE('',#6112,7.);
#6112 = AXIS2_PLACEMENT_3D('',#6113,#6114,#6115);
#6113 = CARTESIAN_POINT('',(57.,13.,17.));
#6114 = DIRECTION('',(-0.,1.,1.110223024625E-16));
#6115 = DIRECTION('',(1.,0.,0.));
#6116 = ORIENTED_EDGE('',*,*,#6117,.T.);
#6117 = EDGE_CURVE('',#6109,#6118,#6120,.T.);
#6118 = VERTEX_POINT('',#6119);
#6119 = CARTESIAN_POINT('',(63.4,13.,17.6));
#6120 = LINE('',#6121,#6122);
#6121 = CARTESIAN_POINT('',(60.2,13.,17.6));
#6122 = VECTOR('',#6123,1.);
#6123 = DIRECTION('',(-1.,0.,0.));
#6124 = ORIENTED_EDGE('',*,*,#6125,.T.);
#6125 = EDGE_CURVE('',#6118,#5489,#6126,.T.);
#6126 = LINE('',#6127,#6128);
#6127 = CARTESIAN_POINT('',(63.4,13.,17.3));
#6128 = VECTOR('',#6129,1.);
#6129 = DIRECTION('',(0.,1.110223024625E-16,-1.));
#6130 = PLANE('',#6131);
#6131 = AXIS2_PLACEMENT_3D('',#6132,#6133,#6134);
#6132 = CARTESIAN_POINT('',(57.,13.,17.));
#6133 = DIRECTION('',(0.,1.,1.110223024625E-16));
#6134 = DIRECTION('',(1.,0.,0.));
#6135 = ADVANCED_FACE('',(#6136),#6147,.F.);
#6136 = FACE_BOUND('',#6137,.F.);
#6137 = EDGE_LOOP('',(#6138,#6139,#6145,#6146));
#6138 = ORIENTED_EDGE('',*,*,#5488,.T.);
#6139 = ORIENTED_EDGE('',*,*,#6140,.T.);
#6140 = EDGE_CURVE('',#5489,#4807,#6141,.T.);
#6141 = LINE('',#6142,#6143);
#6142 = CARTESIAN_POINT('',(63.4,12.9,16.4));
#6143 = VECTOR('',#6144,1.);
#6144 = DIRECTION('',(0.,1.,1.110223024625E-16));
#6145 = ORIENTED_EDGE('',*,*,#4806,.F.);
#6146 = ORIENTED_EDGE('',*,*,#4775,.F.);
#6147 = PLANE('',#6148);
#6148 = AXIS2_PLACEMENT_3D('',#6149,#6150,#6151);
#6149 = CARTESIAN_POINT('',(63.4,12.9,16.4));
#6150 = DIRECTION('',(0.,1.110223024625E-16,-1.));
#6151 = DIRECTION('',(0.,1.,1.110223024625E-16));
#6152 = ADVANCED_FACE('',(#6153),#6164,.T.);
#6153 = FACE_BOUND('',#6154,.T.);
#6154 = EDGE_LOOP('',(#6155,#6161,#6162,#6163));
#6155 = ORIENTED_EDGE('',*,*,#6156,.F.);
#6156 = EDGE_CURVE('',#6118,#5443,#6157,.T.);
#6157 = LINE('',#6158,#6159);
#6158 = CARTESIAN_POINT('',(63.4,12.9,17.6));
#6159 = VECTOR('',#6160,1.);
#6160 = DIRECTION('',(0.,1.,1.110223024625E-16));
#6161 = ORIENTED_EDGE('',*,*,#6125,.T.);
#6162 = ORIENTED_EDGE('',*,*,#6140,.T.);
#6163 = ORIENTED_EDGE('',*,*,#5450,.F.);
#6164 = PLANE('',#6165);
#6165 = AXIS2_PLACEMENT_3D('',#6166,#6167,#6168);
#6166 = CARTESIAN_POINT('',(63.4,12.9,17.6));
#6167 = DIRECTION('',(1.,0.,0.));
#6168 = DIRECTION('',(0.,1.,1.110223024625E-16));
#6169 = ADVANCED_FACE('',(#6170),#6181,.T.);
#6170 = FACE_BOUND('',#6171,.T.);
#6171 = EDGE_LOOP('',(#6172,#6173,#6174,#6175));
#6172 = ORIENTED_EDGE('',*,*,#6117,.T.);
#6173 = ORIENTED_EDGE('',*,*,#6156,.T.);
#6174 = ORIENTED_EDGE('',*,*,#5442,.F.);
#6175 = ORIENTED_EDGE('',*,*,#6176,.F.);
#6176 = EDGE_CURVE('',#6109,#5434,#6177,.T.);
#6177 = LINE('',#6178,#6179);
#6178 = CARTESIAN_POINT('',(63.974238309665,13.,17.6));
#6179 = VECTOR('',#6180,1.);
#6180 = DIRECTION('',(0.,1.,1.110223024625E-16));
#6181 = PLANE('',#6182);
#6182 = AXIS2_PLACEMENT_3D('',#6183,#6184,#6185);
#6183 = CARTESIAN_POINT('',(63.4,12.9,17.6));
#6184 = DIRECTION('',(0.,1.110223024625E-16,-1.));
#6185 = DIRECTION('',(0.,1.,1.110223024625E-16));
#6186 = ADVANCED_FACE('',(#6187),#6198,.T.);
#6187 = FACE_BOUND('',#6188,.T.);
#6188 = EDGE_LOOP('',(#6189,#6190,#6196,#6197));
#6189 = ORIENTED_EDGE('',*,*,#5433,.F.);
#6190 = ORIENTED_EDGE('',*,*,#6191,.F.);
#6191 = EDGE_CURVE('',#6101,#5426,#6192,.T.);
#6192 = LINE('',#6193,#6194);
#6193 = CARTESIAN_POINT('',(63.818304987227,13.,18.58452425073));
#6194 = VECTOR('',#6195,1.);
#6195 = DIRECTION('',(0.,1.,1.110223024625E-16));
#6196 = ORIENTED_EDGE('',*,*,#6108,.T.);
#6197 = ORIENTED_EDGE('',*,*,#6176,.T.);
#6198 = CYLINDRICAL_SURFACE('',#6199,7.);
#6199 = AXIS2_PLACEMENT_3D('',#6200,#6201,#6202);
#6200 = CARTESIAN_POINT('',(57.,13.,17.));
#6201 = DIRECTION('',(0.,1.,1.110223024625E-16));
#6202 = DIRECTION('',(1.,0.,0.));
#6203 = ADVANCED_FACE('',(#6204),#6215,.F.);
#6204 = FACE_BOUND('',#6205,.F.);
#6205 = EDGE_LOOP('',(#6206,#6207,#6213,#6214));
#6206 = ORIENTED_EDGE('',*,*,#6100,.T.);
#6207 = ORIENTED_EDGE('',*,*,#6208,.T.);
#6208 = EDGE_CURVE('',#6093,#5418,#6209,.T.);
#6209 = LINE('',#6210,#6211);
#6210 = CARTESIAN_POINT('',(63.272171900914,12.9,18.407074854223));
#6211 = VECTOR('',#6212,1.);
#6212 = DIRECTION('',(0.,1.,1.110223024625E-16));
#6213 = ORIENTED_EDGE('',*,*,#5425,.F.);
#6214 = ORIENTED_EDGE('',*,*,#6191,.F.);
#6215 = PLANE('',#6216);
#6216 = AXIS2_PLACEMENT_3D('',#6217,#6218,#6219);
#6217 = CARTESIAN_POINT('',(63.272171900914,12.9,18.407074854223));
#6218 = DIRECTION('',(0.309016994375,1.055884842111E-16,-0.951056516295)
  );
#6219 = DIRECTION('',(0.,1.,1.110223024625E-16));
#6220 = ADVANCED_FACE('',(#6221),#6232,.T.);
#6221 = FACE_BOUND('',#6222,.T.);
#6222 = EDGE_LOOP('',(#6223,#6229,#6230,#6231));
#6223 = ORIENTED_EDGE('',*,*,#6224,.F.);
#6224 = EDGE_CURVE('',#6085,#5410,#6225,.T.);
#6225 = LINE('',#6226,#6227);
#6226 = CARTESIAN_POINT('',(62.901351507664,12.9,19.548342673777));
#6227 = VECTOR('',#6228,1.);
#6228 = DIRECTION('',(0.,1.,1.110223024625E-16));
#6229 = ORIENTED_EDGE('',*,*,#6092,.T.);
#6230 = ORIENTED_EDGE('',*,*,#6208,.T.);
#6231 = ORIENTED_EDGE('',*,*,#5417,.F.);
#6232 = PLANE('',#6233);
#6233 = AXIS2_PLACEMENT_3D('',#6234,#6235,#6236);
#6234 = CARTESIAN_POINT('',(62.901351507664,12.9,19.548342673777));
#6235 = DIRECTION('',(0.951056516295,-3.430777821555E-17,0.309016994375)
  );
#6236 = DIRECTION('',(0.,1.,1.110223024625E-16));
#6237 = ADVANCED_FACE('',(#6238),#6249,.T.);
#6238 = FACE_BOUND('',#6239,.T.);
#6239 = EDGE_LOOP('',(#6240,#6241,#6242,#6243));
#6240 = ORIENTED_EDGE('',*,*,#6084,.T.);
#6241 = ORIENTED_EDGE('',*,*,#6224,.T.);
#6242 = ORIENTED_EDGE('',*,*,#5409,.F.);
#6243 = ORIENTED_EDGE('',*,*,#6244,.F.);
#6244 = EDGE_CURVE('',#6076,#5401,#6245,.T.);
#6245 = LINE('',#6246,#6247);
#6246 = CARTESIAN_POINT('',(63.447484593977,13.,19.725792070284));
#6247 = VECTOR('',#6248,1.);
#6248 = DIRECTION('',(0.,1.,1.110223024625E-16));
#6249 = PLANE('',#6250);
#6250 = AXIS2_PLACEMENT_3D('',#6251,#6252,#6253);
#6251 = CARTESIAN_POINT('',(62.901351507664,12.9,19.548342673777));
#6252 = DIRECTION('',(0.309016994375,1.055884842111E-16,-0.951056516295)
  );
#6253 = DIRECTION('',(0.,1.,1.110223024625E-16));
#6254 = ADVANCED_FACE('',(#6255),#6266,.T.);
#6255 = FACE_BOUND('',#6256,.T.);
#6256 = EDGE_LOOP('',(#6257,#6258,#6264,#6265));
#6257 = ORIENTED_EDGE('',*,*,#5400,.F.);
#6258 = ORIENTED_EDGE('',*,*,#6259,.F.);
#6259 = EDGE_CURVE('',#6068,#5393,#6260,.T.);
#6260 = LINE('',#6261,#6262);
#6261 = CARTESIAN_POINT('',(62.994948466715,13.,20.613944227769));
#6262 = VECTOR('',#6263,1.);
#6263 = DIRECTION('',(0.,1.,1.110223024625E-16));
#6264 = ORIENTED_EDGE('',*,*,#6075,.T.);
#6265 = ORIENTED_EDGE('',*,*,#6244,.T.);
#6266 = CYLINDRICAL_SURFACE('',#6267,7.);
#6267 = AXIS2_PLACEMENT_3D('',#6268,#6269,#6270);
#6268 = CARTESIAN_POINT('',(57.,13.,17.));
#6269 = DIRECTION('',(0.,1.,1.110223024625E-16));
#6270 = DIRECTION('',(1.,0.,0.));
#6271 = ADVANCED_FACE('',(#6272),#6283,.F.);
#6272 = FACE_BOUND('',#6273,.F.);
#6273 = EDGE_LOOP('',(#6274,#6275,#6281,#6282));
#6274 = ORIENTED_EDGE('',*,*,#6067,.T.);
#6275 = ORIENTED_EDGE('',*,*,#6276,.T.);
#6276 = EDGE_CURVE('',#6060,#5385,#6277,.T.);
#6277 = LINE('',#6278,#6279);
#6278 = CARTESIAN_POINT('',(62.530379915375,12.9,20.276415418047));
#6279 = VECTOR('',#6280,1.);
#6280 = DIRECTION('',(0.,1.,1.110223024625E-16));
#6281 = ORIENTED_EDGE('',*,*,#5392,.F.);
#6282 = ORIENTED_EDGE('',*,*,#6259,.F.);
#6283 = PLANE('',#6284);
#6284 = AXIS2_PLACEMENT_3D('',#6285,#6286,#6287);
#6285 = CARTESIAN_POINT('',(62.530379915375,12.9,20.276415418047));
#6286 = DIRECTION('',(0.587785252292,8.981892944681E-17,-0.809016994375)
  );
#6287 = DIRECTION('',(0.,1.,1.110223024625E-16));
#6288 = ADVANCED_FACE('',(#6289),#6300,.T.);
#6289 = FACE_BOUND('',#6290,.T.);
#6290 = EDGE_LOOP('',(#6291,#6297,#6298,#6299));
#6291 = ORIENTED_EDGE('',*,*,#6292,.F.);
#6292 = EDGE_CURVE('',#6052,#5377,#6293,.T.);
#6293 = LINE('',#6294,#6295);
#6294 = CARTESIAN_POINT('',(61.825037612624,12.9,21.247235811297));
#6295 = VECTOR('',#6296,1.);
#6296 = DIRECTION('',(0.,1.,1.110223024625E-16));
#6297 = ORIENTED_EDGE('',*,*,#6059,.T.);
#6298 = ORIENTED_EDGE('',*,*,#6276,.T.);
#6299 = ORIENTED_EDGE('',*,*,#5384,.F.);
#6300 = PLANE('',#6301);
#6301 = AXIS2_PLACEMENT_3D('',#6302,#6303,#6304);
#6302 = CARTESIAN_POINT('',(61.825037612624,12.9,21.247235811297));
#6303 = DIRECTION('',(0.809016994375,-6.525727206302E-17,0.587785252292)
  );
#6304 = DIRECTION('',(0.,1.,1.110223024625E-16));
#6305 = ADVANCED_FACE('',(#6306),#6317,.T.);
#6306 = FACE_BOUND('',#6307,.T.);
#6307 = EDGE_LOOP('',(#6308,#6309,#6310,#6311));
#6308 = ORIENTED_EDGE('',*,*,#6051,.T.);
#6309 = ORIENTED_EDGE('',*,*,#6292,.T.);
#6310 = ORIENTED_EDGE('',*,*,#5376,.F.);
#6311 = ORIENTED_EDGE('',*,*,#6312,.F.);
#6312 = EDGE_CURVE('',#6043,#5368,#6313,.T.);
#6313 = LINE('',#6314,#6315);
#6314 = CARTESIAN_POINT('',(62.289606163964,13.,21.584764621019));
#6315 = VECTOR('',#6316,1.);
#6316 = DIRECTION('',(0.,1.,1.110223024625E-16));
#6317 = PLANE('',#6318);
#6318 = AXIS2_PLACEMENT_3D('',#6319,#6320,#6321);
#6319 = CARTESIAN_POINT('',(61.825037612624,12.9,21.247235811297));
#6320 = DIRECTION('',(0.587785252292,8.981892944681E-17,-0.809016994375)
  );
#6321 = DIRECTION('',(0.,1.,1.110223024625E-16));
#6322 = ADVANCED_FACE('',(#6323),#6334,.T.);
#6323 = FACE_BOUND('',#6324,.T.);
#6324 = EDGE_LOOP('',(#6325,#6326,#6332,#6333));
#6325 = ORIENTED_EDGE('',*,*,#5367,.F.);
#6326 = ORIENTED_EDGE('',*,*,#6327,.F.);
#6327 = EDGE_CURVE('',#6035,#5360,#6328,.T.);
#6328 = LINE('',#6329,#6330);
#6329 = CARTESIAN_POINT('',(61.584764621019,13.,22.289606163964));
#6330 = VECTOR('',#6331,1.);
#6331 = DIRECTION('',(0.,1.,1.110223024625E-16));
#6332 = ORIENTED_EDGE('',*,*,#6042,.T.);
#6333 = ORIENTED_EDGE('',*,*,#6312,.T.);
#6334 = CYLINDRICAL_SURFACE('',#6335,7.);
#6335 = AXIS2_PLACEMENT_3D('',#6336,#6337,#6338);
#6336 = CARTESIAN_POINT('',(57.,13.,17.));
#6337 = DIRECTION('',(0.,1.,1.110223024625E-16));
#6338 = DIRECTION('',(1.,0.,0.));
#6339 = ADVANCED_FACE('',(#6340),#6351,.F.);
#6340 = FACE_BOUND('',#6341,.F.);
#6341 = EDGE_LOOP('',(#6342,#6343,#6349,#6350));
#6342 = ORIENTED_EDGE('',*,*,#6034,.T.);
#6343 = ORIENTED_EDGE('',*,*,#6344,.T.);
#6344 = EDGE_CURVE('',#6027,#5352,#6345,.T.);
#6345 = LINE('',#6346,#6347);
#6346 = CARTESIAN_POINT('',(61.247235811297,12.9,21.825037612624));
#6347 = VECTOR('',#6348,1.);
#6348 = DIRECTION('',(0.,1.,1.110223024625E-16));
#6349 = ORIENTED_EDGE('',*,*,#5359,.F.);
#6350 = ORIENTED_EDGE('',*,*,#6327,.F.);
#6351 = PLANE('',#6352);
#6352 = AXIS2_PLACEMENT_3D('',#6353,#6354,#6355);
#6353 = CARTESIAN_POINT('',(61.247235811297,12.9,21.825037612624));
#6354 = DIRECTION('',(0.809016994375,6.525727206302E-17,-0.587785252292)
  );
#6355 = DIRECTION('',(0.,1.,1.110223024625E-16));
#6356 = ADVANCED_FACE('',(#6357),#6368,.T.);
#6357 = FACE_BOUND('',#6358,.T.);
#6358 = EDGE_LOOP('',(#6359,#6365,#6366,#6367));
#6359 = ORIENTED_EDGE('',*,*,#6360,.F.);
#6360 = EDGE_CURVE('',#6019,#5344,#6361,.T.);
#6361 = LINE('',#6362,#6363);
#6362 = CARTESIAN_POINT('',(60.276415418047,12.9,22.530379915375));
#6363 = VECTOR('',#6364,1.);
#6364 = DIRECTION('',(0.,1.,1.110223024625E-16));
#6365 = ORIENTED_EDGE('',*,*,#6026,.T.);
#6366 = ORIENTED_EDGE('',*,*,#6344,.T.);
#6367 = ORIENTED_EDGE('',*,*,#5351,.F.);
#6368 = PLANE('',#6369);
#6369 = AXIS2_PLACEMENT_3D('',#6370,#6371,#6372);
#6370 = CARTESIAN_POINT('',(60.276415418047,12.9,22.530379915375));
#6371 = DIRECTION('',(0.587785252292,-8.981892944681E-17,0.809016994375)
  );
#6372 = DIRECTION('',(0.,1.,1.110223024625E-16));
#6373 = ADVANCED_FACE('',(#6374),#6385,.T.);
#6374 = FACE_BOUND('',#6375,.T.);
#6375 = EDGE_LOOP('',(#6376,#6377,#6378,#6379));
#6376 = ORIENTED_EDGE('',*,*,#6018,.T.);
#6377 = ORIENTED_EDGE('',*,*,#6360,.T.);
#6378 = ORIENTED_EDGE('',*,*,#5343,.F.);
#6379 = ORIENTED_EDGE('',*,*,#6380,.F.);
#6380 = EDGE_CURVE('',#6010,#5335,#6381,.T.);
#6381 = LINE('',#6382,#6383);
#6382 = CARTESIAN_POINT('',(60.613944227769,13.,22.994948466715));
#6383 = VECTOR('',#6384,1.);
#6384 = DIRECTION('',(0.,1.,1.110223024625E-16));
#6385 = PLANE('',#6386);
#6386 = AXIS2_PLACEMENT_3D('',#6387,#6388,#6389);
#6387 = CARTESIAN_POINT('',(60.276415418047,12.9,22.530379915375));
#6388 = DIRECTION('',(0.809016994375,6.525727206302E-17,-0.587785252292)
  );
#6389 = DIRECTION('',(0.,1.,1.110223024625E-16));
#6390 = ADVANCED_FACE('',(#6391),#6402,.T.);
#6391 = FACE_BOUND('',#6392,.T.);
#6392 = EDGE_LOOP('',(#6393,#6394,#6400,#6401));
#6393 = ORIENTED_EDGE('',*,*,#5334,.F.);
#6394 = ORIENTED_EDGE('',*,*,#6395,.F.);
#6395 = EDGE_CURVE('',#6002,#5327,#6396,.T.);
#6396 = LINE('',#6397,#6398);
#6397 = CARTESIAN_POINT('',(59.725792070284,13.,23.447484593977));
#6398 = VECTOR('',#6399,1.);
#6399 = DIRECTION('',(0.,1.,1.110223024625E-16));
#6400 = ORIENTED_EDGE('',*,*,#6009,.T.);
#6401 = ORIENTED_EDGE('',*,*,#6380,.T.);
#6402 = CYLINDRICAL_SURFACE('',#6403,7.);
#6403 = AXIS2_PLACEMENT_3D('',#6404,#6405,#6406);
#6404 = CARTESIAN_POINT('',(57.,13.,17.));
#6405 = DIRECTION('',(0.,1.,1.110223024625E-16));
#6406 = DIRECTION('',(1.,0.,0.));
#6407 = ADVANCED_FACE('',(#6408),#6419,.F.);
#6408 = FACE_BOUND('',#6409,.F.);
#6409 = EDGE_LOOP('',(#6410,#6411,#6417,#6418));
#6410 = ORIENTED_EDGE('',*,*,#6001,.T.);
#6411 = ORIENTED_EDGE('',*,*,#6412,.T.);
#6412 = EDGE_CURVE('',#5994,#5319,#6413,.T.);
#6413 = LINE('',#6414,#6415);
#6414 = CARTESIAN_POINT('',(59.548342673777,12.9,22.901351507664));
#6415 = VECTOR('',#6416,1.);
#6416 = DIRECTION('',(0.,1.,1.110223024625E-16));
#6417 = ORIENTED_EDGE('',*,*,#5326,.F.);
#6418 = ORIENTED_EDGE('',*,*,#6395,.F.);
#6419 = PLANE('',#6420);
#6420 = AXIS2_PLACEMENT_3D('',#6421,#6422,#6423);
#6421 = CARTESIAN_POINT('',(59.548342673777,12.9,22.901351507664));
#6422 = DIRECTION('',(0.951056516295,3.430777821555E-17,-0.309016994375)
  );
#6423 = DIRECTION('',(0.,1.,1.110223024625E-16));
#6424 = ADVANCED_FACE('',(#6425),#6436,.T.);
#6425 = FACE_BOUND('',#6426,.T.);
#6426 = EDGE_LOOP('',(#6427,#6433,#6434,#6435));
#6427 = ORIENTED_EDGE('',*,*,#6428,.F.);
#6428 = EDGE_CURVE('',#5986,#5311,#6429,.T.);
#6429 = LINE('',#6430,#6431);
#6430 = CARTESIAN_POINT('',(58.407074854223,12.9,23.272171900914));
#6431 = VECTOR('',#6432,1.);
#6432 = DIRECTION('',(0.,1.,1.110223024625E-16));
#6433 = ORIENTED_EDGE('',*,*,#5993,.T.);
#6434 = ORIENTED_EDGE('',*,*,#6412,.T.);
#6435 = ORIENTED_EDGE('',*,*,#5318,.F.);
#6436 = PLANE('',#6437);
#6437 = AXIS2_PLACEMENT_3D('',#6438,#6439,#6440);
#6438 = CARTESIAN_POINT('',(58.407074854223,12.9,23.272171900914));
#6439 = DIRECTION('',(0.309016994375,-1.055884842111E-16,0.951056516295)
  );
#6440 = DIRECTION('',(0.,1.,1.110223024625E-16));
#6441 = ADVANCED_FACE('',(#6442),#6453,.T.);
#6442 = FACE_BOUND('',#6443,.T.);
#6443 = EDGE_LOOP('',(#6444,#6445,#6446,#6447));
#6444 = ORIENTED_EDGE('',*,*,#5985,.T.);
#6445 = ORIENTED_EDGE('',*,*,#6428,.T.);
#6446 = ORIENTED_EDGE('',*,*,#5310,.F.);
#6447 = ORIENTED_EDGE('',*,*,#6448,.F.);
#6448 = EDGE_CURVE('',#5977,#5302,#6449,.T.);
#6449 = LINE('',#6450,#6451);
#6450 = CARTESIAN_POINT('',(58.58452425073,13.,23.818304987227));
#6451 = VECTOR('',#6452,1.);
#6452 = DIRECTION('',(0.,1.,1.110223024625E-16));
#6453 = PLANE('',#6454);
#6454 = AXIS2_PLACEMENT_3D('',#6455,#6456,#6457);
#6455 = CARTESIAN_POINT('',(58.407074854223,12.9,23.272171900914));
#6456 = DIRECTION('',(0.951056516295,3.430777821555E-17,-0.309016994375)
  );
#6457 = DIRECTION('',(0.,1.,1.110223024625E-16));
#6458 = ADVANCED_FACE('',(#6459),#6470,.T.);
#6459 = FACE_BOUND('',#6460,.T.);
#6460 = EDGE_LOOP('',(#6461,#6462,#6468,#6469));
#6461 = ORIENTED_EDGE('',*,*,#5301,.F.);
#6462 = ORIENTED_EDGE('',*,*,#6463,.F.);
#6463 = EDGE_CURVE('',#5969,#5294,#6464,.T.);
#6464 = LINE('',#6465,#6466);
#6465 = CARTESIAN_POINT('',(57.6,13.,23.974238309665));
#6466 = VECTOR('',#6467,1.);
#6467 = DIRECTION('',(0.,1.,1.110223024625E-16));
#6468 = ORIENTED_EDGE('',*,*,#5976,.T.);
#6469 = ORIENTED_EDGE('',*,*,#6448,.T.);
#6470 = CYLINDRICAL_SURFACE('',#6471,7.);
#6471 = AXIS2_PLACEMENT_3D('',#6472,#6473,#6474);
#6472 = CARTESIAN_POINT('',(57.,13.,17.));
#6473 = DIRECTION('',(0.,1.,1.110223024625E-16));
#6474 = DIRECTION('',(1.,0.,0.));
#6475 = ADVANCED_FACE('',(#6476),#6487,.F.);
#6476 = FACE_BOUND('',#6477,.F.);
#6477 = EDGE_LOOP('',(#6478,#6479,#6485,#6486));
#6478 = ORIENTED_EDGE('',*,*,#5968,.T.);
#6479 = ORIENTED_EDGE('',*,*,#6480,.T.);
#6480 = EDGE_CURVE('',#5961,#5286,#6481,.T.);
#6481 = LINE('',#6482,#6483);
#6482 = CARTESIAN_POINT('',(57.6,12.9,23.4));
#6483 = VECTOR('',#6484,1.);
#6484 = DIRECTION('',(0.,1.,1.110223024625E-16));
#6485 = ORIENTED_EDGE('',*,*,#5293,.F.);
#6486 = ORIENTED_EDGE('',*,*,#6463,.F.);
#6487 = PLANE('',#6488);
#6488 = AXIS2_PLACEMENT_3D('',#6489,#6490,#6491);
#6489 = CARTESIAN_POINT('',(57.6,12.9,23.4));
#6490 = DIRECTION('',(1.,-2.465190328816E-32,2.22044604925E-16));
#6491 = DIRECTION('',(0.,1.,1.110223024625E-16));
#6492 = ADVANCED_FACE('',(#6493),#6504,.T.);
#6493 = FACE_BOUND('',#6494,.T.);
#6494 = EDGE_LOOP('',(#6495,#6501,#6502,#6503));
#6495 = ORIENTED_EDGE('',*,*,#6496,.F.);
#6496 = EDGE_CURVE('',#5953,#5278,#6497,.T.);
#6497 = LINE('',#6498,#6499);
#6498 = CARTESIAN_POINT('',(56.4,12.9,23.4));
#6499 = VECTOR('',#6500,1.);
#6500 = DIRECTION('',(0.,1.,1.110223024625E-16));
#6501 = ORIENTED_EDGE('',*,*,#5960,.T.);
#6502 = ORIENTED_EDGE('',*,*,#6480,.T.);
#6503 = ORIENTED_EDGE('',*,*,#5285,.F.);
#6504 = PLANE('',#6505);
#6505 = AXIS2_PLACEMENT_3D('',#6506,#6507,#6508);
#6506 = CARTESIAN_POINT('',(56.4,12.9,23.4));
#6507 = DIRECTION('',(-2.22044604925E-16,-1.110223024625E-16,1.));
#6508 = DIRECTION('',(0.,1.,1.110223024625E-16));
#6509 = ADVANCED_FACE('',(#6510),#6521,.T.);
#6510 = FACE_BOUND('',#6511,.T.);
#6511 = EDGE_LOOP('',(#6512,#6513,#6514,#6515));
#6512 = ORIENTED_EDGE('',*,*,#5952,.T.);
#6513 = ORIENTED_EDGE('',*,*,#6496,.T.);
#6514 = ORIENTED_EDGE('',*,*,#5277,.F.);
#6515 = ORIENTED_EDGE('',*,*,#6516,.F.);
#6516 = EDGE_CURVE('',#5944,#5269,#6517,.T.);
#6517 = LINE('',#6518,#6519);
#6518 = CARTESIAN_POINT('',(56.4,13.,23.974238309665));
#6519 = VECTOR('',#6520,1.);
#6520 = DIRECTION('',(0.,1.,1.110223024625E-16));
#6521 = PLANE('',#6522);
#6522 = AXIS2_PLACEMENT_3D('',#6523,#6524,#6525);
#6523 = CARTESIAN_POINT('',(56.4,12.9,23.4));
#6524 = DIRECTION('',(1.,-2.465190328816E-32,2.22044604925E-16));
#6525 = DIRECTION('',(0.,1.,1.110223024625E-16));
#6526 = ADVANCED_FACE('',(#6527),#6538,.T.);
#6527 = FACE_BOUND('',#6528,.T.);
#6528 = EDGE_LOOP('',(#6529,#6530,#6536,#6537));
#6529 = ORIENTED_EDGE('',*,*,#5268,.F.);
#6530 = ORIENTED_EDGE('',*,*,#6531,.F.);
#6531 = EDGE_CURVE('',#5936,#5261,#6532,.T.);
#6532 = LINE('',#6533,#6534);
#6533 = CARTESIAN_POINT('',(55.41547574927,13.,23.818304987227));
#6534 = VECTOR('',#6535,1.);
#6535 = DIRECTION('',(0.,1.,1.110223024625E-16));
#6536 = ORIENTED_EDGE('',*,*,#5943,.T.);
#6537 = ORIENTED_EDGE('',*,*,#6516,.T.);
#6538 = CYLINDRICAL_SURFACE('',#6539,7.);
#6539 = AXIS2_PLACEMENT_3D('',#6540,#6541,#6542);
#6540 = CARTESIAN_POINT('',(57.,13.,17.));
#6541 = DIRECTION('',(0.,1.,1.110223024625E-16));
#6542 = DIRECTION('',(1.,0.,0.));
#6543 = ADVANCED_FACE('',(#6544),#6555,.F.);
#6544 = FACE_BOUND('',#6545,.F.);
#6545 = EDGE_LOOP('',(#6546,#6547,#6553,#6554));
#6546 = ORIENTED_EDGE('',*,*,#5935,.T.);
#6547 = ORIENTED_EDGE('',*,*,#6548,.T.);
#6548 = EDGE_CURVE('',#5928,#5253,#6549,.T.);
#6549 = LINE('',#6550,#6551);
#6550 = CARTESIAN_POINT('',(55.592925145777,12.9,23.272171900914));
#6551 = VECTOR('',#6552,1.);
#6552 = DIRECTION('',(0.,1.,1.110223024625E-16));
#6553 = ORIENTED_EDGE('',*,*,#5260,.F.);
#6554 = ORIENTED_EDGE('',*,*,#6531,.F.);
#6555 = PLANE('',#6556);
#6556 = AXIS2_PLACEMENT_3D('',#6557,#6558,#6559);
#6557 = CARTESIAN_POINT('',(55.592925145777,12.9,23.272171900914));
#6558 = DIRECTION('',(0.951056516295,-3.430777821555E-17,0.309016994375)
  );
#6559 = DIRECTION('',(0.,1.,1.110223024625E-16));
#6560 = ADVANCED_FACE('',(#6561),#6572,.T.);
#6561 = FACE_BOUND('',#6562,.T.);
#6562 = EDGE_LOOP('',(#6563,#6569,#6570,#6571));
#6563 = ORIENTED_EDGE('',*,*,#6564,.F.);
#6564 = EDGE_CURVE('',#5920,#5245,#6565,.T.);
#6565 = LINE('',#6566,#6567);
#6566 = CARTESIAN_POINT('',(54.451657326223,12.9,22.901351507664));
#6567 = VECTOR('',#6568,1.);
#6568 = DIRECTION('',(0.,1.,1.110223024625E-16));
#6569 = ORIENTED_EDGE('',*,*,#5927,.T.);
#6570 = ORIENTED_EDGE('',*,*,#6548,.T.);
#6571 = ORIENTED_EDGE('',*,*,#5252,.F.);
#6572 = PLANE('',#6573);
#6573 = AXIS2_PLACEMENT_3D('',#6574,#6575,#6576);
#6574 = CARTESIAN_POINT('',(54.451657326223,12.9,22.901351507664));
#6575 = DIRECTION('',(-0.309016994375,-1.055884842111E-16,0.951056516295
    ));
#6576 = DIRECTION('',(0.,1.,1.110223024625E-16));
#6577 = ADVANCED_FACE('',(#6578),#6589,.T.);
#6578 = FACE_BOUND('',#6579,.T.);
#6579 = EDGE_LOOP('',(#6580,#6581,#6582,#6583));
#6580 = ORIENTED_EDGE('',*,*,#5919,.T.);
#6581 = ORIENTED_EDGE('',*,*,#6564,.T.);
#6582 = ORIENTED_EDGE('',*,*,#5244,.F.);
#6583 = ORIENTED_EDGE('',*,*,#6584,.F.);
#6584 = EDGE_CURVE('',#5911,#5236,#6585,.T.);
#6585 = LINE('',#6586,#6587);
#6586 = CARTESIAN_POINT('',(54.274207929716,13.,23.447484593977));
#6587 = VECTOR('',#6588,1.);
#6588 = DIRECTION('',(0.,1.,1.110223024625E-16));
#6589 = PLANE('',#6590);
#6590 = AXIS2_PLACEMENT_3D('',#6591,#6592,#6593);
#6591 = CARTESIAN_POINT('',(54.451657326223,12.9,22.901351507664));
#6592 = DIRECTION('',(0.951056516295,-3.430777821555E-17,0.309016994375)
  );
#6593 = DIRECTION('',(0.,1.,1.110223024625E-16));
#6594 = ADVANCED_FACE('',(#6595),#6606,.T.);
#6595 = FACE_BOUND('',#6596,.T.);
#6596 = EDGE_LOOP('',(#6597,#6598,#6604,#6605));
#6597 = ORIENTED_EDGE('',*,*,#5235,.F.);
#6598 = ORIENTED_EDGE('',*,*,#6599,.F.);
#6599 = EDGE_CURVE('',#5903,#5228,#6600,.T.);
#6600 = LINE('',#6601,#6602);
#6601 = CARTESIAN_POINT('',(53.386055772231,13.,22.994948466715));
#6602 = VECTOR('',#6603,1.);
#6603 = DIRECTION('',(0.,1.,1.110223024625E-16));
#6604 = ORIENTED_EDGE('',*,*,#5910,.T.);
#6605 = ORIENTED_EDGE('',*,*,#6584,.T.);
#6606 = CYLINDRICAL_SURFACE('',#6607,7.);
#6607 = AXIS2_PLACEMENT_3D('',#6608,#6609,#6610);
#6608 = CARTESIAN_POINT('',(57.,13.,17.));
#6609 = DIRECTION('',(0.,1.,1.110223024625E-16));
#6610 = DIRECTION('',(1.,0.,0.));
#6611 = ADVANCED_FACE('',(#6612),#6623,.F.);
#6612 = FACE_BOUND('',#6613,.F.);
#6613 = EDGE_LOOP('',(#6614,#6615,#6621,#6622));
#6614 = ORIENTED_EDGE('',*,*,#5902,.T.);
#6615 = ORIENTED_EDGE('',*,*,#6616,.T.);
#6616 = EDGE_CURVE('',#5895,#5220,#6617,.T.);
#6617 = LINE('',#6618,#6619);
#6618 = CARTESIAN_POINT('',(53.723584581953,12.9,22.530379915375));
#6619 = VECTOR('',#6620,1.);
#6620 = DIRECTION('',(0.,1.,1.110223024625E-16));
#6621 = ORIENTED_EDGE('',*,*,#5227,.F.);
#6622 = ORIENTED_EDGE('',*,*,#6599,.F.);
#6623 = PLANE('',#6624);
#6624 = AXIS2_PLACEMENT_3D('',#6625,#6626,#6627);
#6625 = CARTESIAN_POINT('',(53.723584581953,12.9,22.530379915375));
#6626 = DIRECTION('',(0.809016994375,-6.525727206302E-17,0.587785252292)
  );
#6627 = DIRECTION('',(0.,1.,1.110223024625E-16));
#6628 = ADVANCED_FACE('',(#6629),#6640,.T.);
#6629 = FACE_BOUND('',#6630,.T.);
#6630 = EDGE_LOOP('',(#6631,#6637,#6638,#6639));
#6631 = ORIENTED_EDGE('',*,*,#6632,.F.);
#6632 = EDGE_CURVE('',#5887,#5212,#6633,.T.);
#6633 = LINE('',#6634,#6635);
#6634 = CARTESIAN_POINT('',(52.752764188703,12.9,21.825037612624));
#6635 = VECTOR('',#6636,1.);
#6636 = DIRECTION('',(0.,1.,1.110223024625E-16));
#6637 = ORIENTED_EDGE('',*,*,#5894,.T.);
#6638 = ORIENTED_EDGE('',*,*,#6616,.T.);
#6639 = ORIENTED_EDGE('',*,*,#5219,.F.);
#6640 = PLANE('',#6641);
#6641 = AXIS2_PLACEMENT_3D('',#6642,#6643,#6644);
#6642 = CARTESIAN_POINT('',(52.752764188703,12.9,21.825037612624));
#6643 = DIRECTION('',(-0.587785252292,-8.981892944681E-17,0.809016994375
    ));
#6644 = DIRECTION('',(0.,1.,1.110223024625E-16));
#6645 = ADVANCED_FACE('',(#6646),#6657,.T.);
#6646 = FACE_BOUND('',#6647,.T.);
#6647 = EDGE_LOOP('',(#6648,#6649,#6650,#6651));
#6648 = ORIENTED_EDGE('',*,*,#5886,.T.);
#6649 = ORIENTED_EDGE('',*,*,#6632,.T.);
#6650 = ORIENTED_EDGE('',*,*,#5211,.F.);
#6651 = ORIENTED_EDGE('',*,*,#6652,.F.);
#6652 = EDGE_CURVE('',#5878,#5203,#6653,.T.);
#6653 = LINE('',#6654,#6655);
#6654 = CARTESIAN_POINT('',(52.415235378981,13.,22.289606163964));
#6655 = VECTOR('',#6656,1.);
#6656 = DIRECTION('',(0.,1.,1.110223024625E-16));
#6657 = PLANE('',#6658);
#6658 = AXIS2_PLACEMENT_3D('',#6659,#6660,#6661);
#6659 = CARTESIAN_POINT('',(52.752764188703,12.9,21.825037612624));
#6660 = DIRECTION('',(0.809016994375,-6.525727206302E-17,0.587785252292)
  );
#6661 = DIRECTION('',(0.,1.,1.110223024625E-16));
#6662 = ADVANCED_FACE('',(#6663),#6674,.T.);
#6663 = FACE_BOUND('',#6664,.T.);
#6664 = EDGE_LOOP('',(#6665,#6666,#6672,#6673));
#6665 = ORIENTED_EDGE('',*,*,#5202,.F.);
#6666 = ORIENTED_EDGE('',*,*,#6667,.F.);
#6667 = EDGE_CURVE('',#5870,#5195,#6668,.T.);
#6668 = LINE('',#6669,#6670);
#6669 = CARTESIAN_POINT('',(51.710393836036,13.,21.584764621019));
#6670 = VECTOR('',#6671,1.);
#6671 = DIRECTION('',(0.,1.,1.110223024625E-16));
#6672 = ORIENTED_EDGE('',*,*,#5877,.T.);
#6673 = ORIENTED_EDGE('',*,*,#6652,.T.);
#6674 = CYLINDRICAL_SURFACE('',#6675,7.);
#6675 = AXIS2_PLACEMENT_3D('',#6676,#6677,#6678);
#6676 = CARTESIAN_POINT('',(57.,13.,17.));
#6677 = DIRECTION('',(0.,1.,1.110223024625E-16));
#6678 = DIRECTION('',(1.,0.,0.));
#6679 = ADVANCED_FACE('',(#6680),#6691,.F.);
#6680 = FACE_BOUND('',#6681,.F.);
#6681 = EDGE_LOOP('',(#6682,#6683,#6689,#6690));
#6682 = ORIENTED_EDGE('',*,*,#5869,.T.);
#6683 = ORIENTED_EDGE('',*,*,#6684,.T.);
#6684 = EDGE_CURVE('',#5862,#5187,#6685,.T.);
#6685 = LINE('',#6686,#6687);
#6686 = CARTESIAN_POINT('',(52.174962387376,12.9,21.247235811297));
#6687 = VECTOR('',#6688,1.);
#6688 = DIRECTION('',(0.,1.,1.110223024625E-16));
#6689 = ORIENTED_EDGE('',*,*,#5194,.F.);
#6690 = ORIENTED_EDGE('',*,*,#6667,.F.);
#6691 = PLANE('',#6692);
#6692 = AXIS2_PLACEMENT_3D('',#6693,#6694,#6695);
#6693 = CARTESIAN_POINT('',(52.174962387376,12.9,21.247235811297));
#6694 = DIRECTION('',(0.587785252292,-8.981892944681E-17,0.809016994375)
  );
#6695 = DIRECTION('',(0.,1.,1.110223024625E-16));
#6696 = ADVANCED_FACE('',(#6697),#6708,.T.);
#6697 = FACE_BOUND('',#6698,.T.);
#6698 = EDGE_LOOP('',(#6699,#6705,#6706,#6707));
#6699 = ORIENTED_EDGE('',*,*,#6700,.F.);
#6700 = EDGE_CURVE('',#5854,#5179,#6701,.T.);
#6701 = LINE('',#6702,#6703);
#6702 = CARTESIAN_POINT('',(51.469620084625,12.9,20.276415418047));
#6703 = VECTOR('',#6704,1.);
#6704 = DIRECTION('',(0.,1.,1.110223024625E-16));
#6705 = ORIENTED_EDGE('',*,*,#5861,.T.);
#6706 = ORIENTED_EDGE('',*,*,#6684,.T.);
#6707 = ORIENTED_EDGE('',*,*,#5186,.F.);
#6708 = PLANE('',#6709);
#6709 = AXIS2_PLACEMENT_3D('',#6710,#6711,#6712);
#6710 = CARTESIAN_POINT('',(51.469620084625,12.9,20.276415418047));
#6711 = DIRECTION('',(-0.809016994375,-6.525727206302E-17,0.587785252292
    ));
#6712 = DIRECTION('',(0.,1.,1.110223024625E-16));
#6713 = ADVANCED_FACE('',(#6714),#6725,.T.);
#6714 = FACE_BOUND('',#6715,.T.);
#6715 = EDGE_LOOP('',(#6716,#6717,#6718,#6719));
#6716 = ORIENTED_EDGE('',*,*,#5853,.T.);
#6717 = ORIENTED_EDGE('',*,*,#6700,.T.);
#6718 = ORIENTED_EDGE('',*,*,#5178,.F.);
#6719 = ORIENTED_EDGE('',*,*,#6720,.F.);
#6720 = EDGE_CURVE('',#5845,#5170,#6721,.T.);
#6721 = LINE('',#6722,#6723);
#6722 = CARTESIAN_POINT('',(51.005051533285,13.,20.613944227769));
#6723 = VECTOR('',#6724,1.);
#6724 = DIRECTION('',(0.,1.,1.110223024625E-16));
#6725 = PLANE('',#6726);
#6726 = AXIS2_PLACEMENT_3D('',#6727,#6728,#6729);
#6727 = CARTESIAN_POINT('',(51.469620084625,12.9,20.276415418047));
#6728 = DIRECTION('',(0.587785252292,-8.981892944681E-17,0.809016994375)
  );
#6729 = DIRECTION('',(0.,1.,1.110223024625E-16));
#6730 = ADVANCED_FACE('',(#6731),#6742,.T.);
#6731 = FACE_BOUND('',#6732,.T.);
#6732 = EDGE_LOOP('',(#6733,#6734,#6740,#6741));
#6733 = ORIENTED_EDGE('',*,*,#5169,.F.);
#6734 = ORIENTED_EDGE('',*,*,#6735,.F.);
#6735 = EDGE_CURVE('',#5837,#5162,#6736,.T.);
#6736 = LINE('',#6737,#6738);
#6737 = CARTESIAN_POINT('',(50.552515406023,13.,19.725792070284));
#6738 = VECTOR('',#6739,1.);
#6739 = DIRECTION('',(0.,1.,1.110223024625E-16));
#6740 = ORIENTED_EDGE('',*,*,#5844,.T.);
#6741 = ORIENTED_EDGE('',*,*,#6720,.T.);
#6742 = CYLINDRICAL_SURFACE('',#6743,7.);
#6743 = AXIS2_PLACEMENT_3D('',#6744,#6745,#6746);
#6744 = CARTESIAN_POINT('',(57.,13.,17.));
#6745 = DIRECTION('',(0.,1.,1.110223024625E-16));
#6746 = DIRECTION('',(1.,0.,0.));
#6747 = ADVANCED_FACE('',(#6748),#6759,.F.);
#6748 = FACE_BOUND('',#6749,.F.);
#6749 = EDGE_LOOP('',(#6750,#6751,#6757,#6758));
#6750 = ORIENTED_EDGE('',*,*,#5836,.T.);
#6751 = ORIENTED_EDGE('',*,*,#6752,.T.);
#6752 = EDGE_CURVE('',#5829,#5154,#6753,.T.);
#6753 = LINE('',#6754,#6755);
#6754 = CARTESIAN_POINT('',(51.098648492336,12.9,19.548342673777));
#6755 = VECTOR('',#6756,1.);
#6756 = DIRECTION('',(0.,1.,1.110223024625E-16));
#6757 = ORIENTED_EDGE('',*,*,#5161,.F.);
#6758 = ORIENTED_EDGE('',*,*,#6735,.F.);
#6759 = PLANE('',#6760);
#6760 = AXIS2_PLACEMENT_3D('',#6761,#6762,#6763);
#6761 = CARTESIAN_POINT('',(51.098648492336,12.9,19.548342673777));
#6762 = DIRECTION('',(0.309016994375,-1.055884842111E-16,0.951056516295)
  );
#6763 = DIRECTION('',(0.,1.,1.110223024625E-16));
#6764 = ADVANCED_FACE('',(#6765),#6776,.T.);
#6765 = FACE_BOUND('',#6766,.T.);
#6766 = EDGE_LOOP('',(#6767,#6773,#6774,#6775));
#6767 = ORIENTED_EDGE('',*,*,#6768,.F.);
#6768 = EDGE_CURVE('',#5821,#5146,#6769,.T.);
#6769 = LINE('',#6770,#6771);
#6770 = CARTESIAN_POINT('',(50.727828099086,12.9,18.407074854223));
#6771 = VECTOR('',#6772,1.);
#6772 = DIRECTION('',(0.,1.,1.110223024625E-16));
#6773 = ORIENTED_EDGE('',*,*,#5828,.T.);
#6774 = ORIENTED_EDGE('',*,*,#6752,.T.);
#6775 = ORIENTED_EDGE('',*,*,#5153,.F.);
#6776 = PLANE('',#6777);
#6777 = AXIS2_PLACEMENT_3D('',#6778,#6779,#6780);
#6778 = CARTESIAN_POINT('',(50.727828099086,12.9,18.407074854223));
#6779 = DIRECTION('',(-0.951056516295,-3.430777821555E-17,0.309016994375
    ));
#6780 = DIRECTION('',(0.,1.,1.110223024625E-16));
#6781 = ADVANCED_FACE('',(#6782),#6793,.T.);
#6782 = FACE_BOUND('',#6783,.T.);
#6783 = EDGE_LOOP('',(#6784,#6785,#6786,#6787));
#6784 = ORIENTED_EDGE('',*,*,#5820,.T.);
#6785 = ORIENTED_EDGE('',*,*,#6768,.T.);
#6786 = ORIENTED_EDGE('',*,*,#5145,.F.);
#6787 = ORIENTED_EDGE('',*,*,#6788,.F.);
#6788 = EDGE_CURVE('',#5812,#5137,#6789,.T.);
#6789 = LINE('',#6790,#6791);
#6790 = CARTESIAN_POINT('',(50.181695012773,13.,18.58452425073));
#6791 = VECTOR('',#6792,1.);
#6792 = DIRECTION('',(0.,1.,1.110223024625E-16));
#6793 = PLANE('',#6794);
#6794 = AXIS2_PLACEMENT_3D('',#6795,#6796,#6797);
#6795 = CARTESIAN_POINT('',(50.727828099086,12.9,18.407074854223));
#6796 = DIRECTION('',(0.309016994375,-1.055884842111E-16,0.951056516295)
  );
#6797 = DIRECTION('',(0.,1.,1.110223024625E-16));
#6798 = ADVANCED_FACE('',(#6799),#6810,.T.);
#6799 = FACE_BOUND('',#6800,.T.);
#6800 = EDGE_LOOP('',(#6801,#6802,#6808,#6809));
#6801 = ORIENTED_EDGE('',*,*,#5136,.F.);
#6802 = ORIENTED_EDGE('',*,*,#6803,.F.);
#6803 = EDGE_CURVE('',#5804,#5129,#6804,.T.);
#6804 = LINE('',#6805,#6806);
#6805 = CARTESIAN_POINT('',(50.025761690335,13.,17.6));
#6806 = VECTOR('',#6807,1.);
#6807 = DIRECTION('',(0.,1.,1.110223024625E-16));
#6808 = ORIENTED_EDGE('',*,*,#5811,.T.);
#6809 = ORIENTED_EDGE('',*,*,#6788,.T.);
#6810 = CYLINDRICAL_SURFACE('',#6811,7.);
#6811 = AXIS2_PLACEMENT_3D('',#6812,#6813,#6814);
#6812 = CARTESIAN_POINT('',(57.,13.,17.));
#6813 = DIRECTION('',(0.,1.,1.110223024625E-16));
#6814 = DIRECTION('',(1.,0.,0.));
#6815 = ADVANCED_FACE('',(#6816),#6827,.F.);
#6816 = FACE_BOUND('',#6817,.F.);
#6817 = EDGE_LOOP('',(#6818,#6819,#6825,#6826));
#6818 = ORIENTED_EDGE('',*,*,#5803,.T.);
#6819 = ORIENTED_EDGE('',*,*,#6820,.T.);
#6820 = EDGE_CURVE('',#5796,#5121,#6821,.T.);
#6821 = LINE('',#6822,#6823);
#6822 = CARTESIAN_POINT('',(50.6,12.9,17.6));
#6823 = VECTOR('',#6824,1.);
#6824 = DIRECTION('',(0.,1.,1.110223024625E-16));
#6825 = ORIENTED_EDGE('',*,*,#5128,.F.);
#6826 = ORIENTED_EDGE('',*,*,#6803,.F.);
#6827 = PLANE('',#6828);
#6828 = AXIS2_PLACEMENT_3D('',#6829,#6830,#6831);
#6829 = CARTESIAN_POINT('',(50.6,12.9,17.6));
#6830 = DIRECTION('',(-1.224646799147E-16,-1.110223024625E-16,1.));
#6831 = DIRECTION('',(0.,1.,1.110223024625E-16));
#6832 = ADVANCED_FACE('',(#6833),#6844,.T.);
#6833 = FACE_BOUND('',#6834,.T.);
#6834 = EDGE_LOOP('',(#6835,#6841,#6842,#6843));
#6835 = ORIENTED_EDGE('',*,*,#6836,.F.);
#6836 = EDGE_CURVE('',#5788,#5113,#6837,.T.);
#6837 = LINE('',#6838,#6839);
#6838 = CARTESIAN_POINT('',(50.6,12.9,16.4));
#6839 = VECTOR('',#6840,1.);
#6840 = DIRECTION('',(0.,1.,1.110223024625E-16));
#6841 = ORIENTED_EDGE('',*,*,#5795,.T.);
#6842 = ORIENTED_EDGE('',*,*,#6820,.T.);
#6843 = ORIENTED_EDGE('',*,*,#5120,.F.);
#6844 = PLANE('',#6845);
#6845 = AXIS2_PLACEMENT_3D('',#6846,#6847,#6848);
#6846 = CARTESIAN_POINT('',(50.6,12.9,16.4));
#6847 = DIRECTION('',(-1.,1.359631073447E-32,-1.224646799147E-16));
#6848 = DIRECTION('',(0.,1.,1.110223024625E-16));
#6849 = ADVANCED_FACE('',(#6850),#6861,.T.);
#6850 = FACE_BOUND('',#6851,.T.);
#6851 = EDGE_LOOP('',(#6852,#6853,#6854,#6855));
#6852 = ORIENTED_EDGE('',*,*,#5787,.T.);
#6853 = ORIENTED_EDGE('',*,*,#6836,.T.);
#6854 = ORIENTED_EDGE('',*,*,#5112,.F.);
#6855 = ORIENTED_EDGE('',*,*,#6856,.F.);
#6856 = EDGE_CURVE('',#5779,#5104,#6857,.T.);
#6857 = LINE('',#6858,#6859);
#6858 = CARTESIAN_POINT('',(50.025761690335,13.,16.4));
#6859 = VECTOR('',#6860,1.);
#6860 = DIRECTION('',(0.,1.,1.110223024625E-16));
#6861 = PLANE('',#6862);
#6862 = AXIS2_PLACEMENT_3D('',#6863,#6864,#6865);
#6863 = CARTESIAN_POINT('',(50.6,12.9,16.4));
#6864 = DIRECTION('',(-1.224646799147E-16,-1.110223024625E-16,1.));
#6865 = DIRECTION('',(0.,1.,1.110223024625E-16));
#6866 = ADVANCED_FACE('',(#6867),#6878,.T.);
#6867 = FACE_BOUND('',#6868,.T.);
#6868 = EDGE_LOOP('',(#6869,#6870,#6876,#6877));
#6869 = ORIENTED_EDGE('',*,*,#5103,.F.);
#6870 = ORIENTED_EDGE('',*,*,#6871,.F.);
#6871 = EDGE_CURVE('',#5771,#5096,#6872,.T.);
#6872 = LINE('',#6873,#6874);
#6873 = CARTESIAN_POINT('',(50.181695012773,13.,15.41547574927));
#6874 = VECTOR('',#6875,1.);
#6875 = DIRECTION('',(0.,1.,1.110223024625E-16));
#6876 = ORIENTED_EDGE('',*,*,#5778,.T.);
#6877 = ORIENTED_EDGE('',*,*,#6856,.T.);
#6878 = CYLINDRICAL_SURFACE('',#6879,7.);
#6879 = AXIS2_PLACEMENT_3D('',#6880,#6881,#6882);
#6880 = CARTESIAN_POINT('',(57.,13.,17.));
#6881 = DIRECTION('',(0.,1.,1.110223024625E-16));
#6882 = DIRECTION('',(1.,0.,0.));
#6883 = ADVANCED_FACE('',(#6884),#6895,.F.);
#6884 = FACE_BOUND('',#6885,.F.);
#6885 = EDGE_LOOP('',(#6886,#6887,#6893,#6894));
#6886 = ORIENTED_EDGE('',*,*,#5770,.T.);
#6887 = ORIENTED_EDGE('',*,*,#6888,.T.);
#6888 = EDGE_CURVE('',#5763,#5088,#6889,.T.);
#6889 = LINE('',#6890,#6891);
#6890 = CARTESIAN_POINT('',(50.727828099086,12.9,15.592925145777));
#6891 = VECTOR('',#6892,1.);
#6892 = DIRECTION('',(0.,1.,1.110223024625E-16));
#6893 = ORIENTED_EDGE('',*,*,#5095,.F.);
#6894 = ORIENTED_EDGE('',*,*,#6871,.F.);
#6895 = PLANE('',#6896);
#6896 = AXIS2_PLACEMENT_3D('',#6897,#6898,#6899);
#6897 = CARTESIAN_POINT('',(50.727828099086,12.9,15.592925145777));
#6898 = DIRECTION('',(-0.309016994375,-1.055884842111E-16,0.951056516295
    ));
#6899 = DIRECTION('',(0.,1.,1.110223024625E-16));
#6900 = ADVANCED_FACE('',(#6901),#6912,.T.);
#6901 = FACE_BOUND('',#6902,.T.);
#6902 = EDGE_LOOP('',(#6903,#6909,#6910,#6911));
#6903 = ORIENTED_EDGE('',*,*,#6904,.F.);
#6904 = EDGE_CURVE('',#5755,#5080,#6905,.T.);
#6905 = LINE('',#6906,#6907);
#6906 = CARTESIAN_POINT('',(51.098648492336,12.9,14.451657326223));
#6907 = VECTOR('',#6908,1.);
#6908 = DIRECTION('',(0.,1.,1.110223024625E-16));
#6909 = ORIENTED_EDGE('',*,*,#5762,.T.);
#6910 = ORIENTED_EDGE('',*,*,#6888,.T.);
#6911 = ORIENTED_EDGE('',*,*,#5087,.F.);
#6912 = PLANE('',#6913);
#6913 = AXIS2_PLACEMENT_3D('',#6914,#6915,#6916);
#6914 = CARTESIAN_POINT('',(51.098648492336,12.9,14.451657326223));
#6915 = DIRECTION('',(-0.951056516295,3.430777821555E-17,-0.309016994375
    ));
#6916 = DIRECTION('',(0.,1.,1.110223024625E-16));
#6917 = ADVANCED_FACE('',(#6918),#6929,.T.);
#6918 = FACE_BOUND('',#6919,.T.);
#6919 = EDGE_LOOP('',(#6920,#6921,#6922,#6923));
#6920 = ORIENTED_EDGE('',*,*,#5754,.T.);
#6921 = ORIENTED_EDGE('',*,*,#6904,.T.);
#6922 = ORIENTED_EDGE('',*,*,#5079,.F.);
#6923 = ORIENTED_EDGE('',*,*,#6924,.F.);
#6924 = EDGE_CURVE('',#5746,#5071,#6925,.T.);
#6925 = LINE('',#6926,#6927);
#6926 = CARTESIAN_POINT('',(50.552515406023,13.,14.274207929716));
#6927 = VECTOR('',#6928,1.);
#6928 = DIRECTION('',(0.,1.,1.110223024625E-16));
#6929 = PLANE('',#6930);
#6930 = AXIS2_PLACEMENT_3D('',#6931,#6932,#6933);
#6931 = CARTESIAN_POINT('',(51.098648492336,12.9,14.451657326223));
#6932 = DIRECTION('',(-0.309016994375,-1.055884842111E-16,0.951056516295
    ));
#6933 = DIRECTION('',(0.,1.,1.110223024625E-16));
#6934 = ADVANCED_FACE('',(#6935),#6946,.T.);
#6935 = FACE_BOUND('',#6936,.T.);
#6936 = EDGE_LOOP('',(#6937,#6938,#6944,#6945));
#6937 = ORIENTED_EDGE('',*,*,#5070,.F.);
#6938 = ORIENTED_EDGE('',*,*,#6939,.F.);
#6939 = EDGE_CURVE('',#5738,#5063,#6940,.T.);
#6940 = LINE('',#6941,#6942);
#6941 = CARTESIAN_POINT('',(51.005051533285,13.,13.386055772231));
#6942 = VECTOR('',#6943,1.);
#6943 = DIRECTION('',(0.,1.,1.110223024625E-16));
#6944 = ORIENTED_EDGE('',*,*,#5745,.T.);
#6945 = ORIENTED_EDGE('',*,*,#6924,.T.);
#6946 = CYLINDRICAL_SURFACE('',#6947,7.);
#6947 = AXIS2_PLACEMENT_3D('',#6948,#6949,#6950);
#6948 = CARTESIAN_POINT('',(57.,13.,17.));
#6949 = DIRECTION('',(0.,1.,1.110223024625E-16));
#6950 = DIRECTION('',(1.,0.,0.));
#6951 = ADVANCED_FACE('',(#6952),#6963,.F.);
#6952 = FACE_BOUND('',#6953,.F.);
#6953 = EDGE_LOOP('',(#6954,#6955,#6961,#6962));
#6954 = ORIENTED_EDGE('',*,*,#5737,.T.);
#6955 = ORIENTED_EDGE('',*,*,#6956,.T.);
#6956 = EDGE_CURVE('',#5730,#5055,#6957,.T.);
#6957 = LINE('',#6958,#6959);
#6958 = CARTESIAN_POINT('',(51.469620084625,12.9,13.723584581953));
#6959 = VECTOR('',#6960,1.);
#6960 = DIRECTION('',(0.,1.,1.110223024625E-16));
#6961 = ORIENTED_EDGE('',*,*,#5062,.F.);
#6962 = ORIENTED_EDGE('',*,*,#6939,.F.);
#6963 = PLANE('',#6964);
#6964 = AXIS2_PLACEMENT_3D('',#6965,#6966,#6967);
#6965 = CARTESIAN_POINT('',(51.469620084625,12.9,13.723584581953));
#6966 = DIRECTION('',(-0.587785252292,-8.981892944681E-17,0.809016994375
    ));
#6967 = DIRECTION('',(0.,1.,1.110223024625E-16));
#6968 = ADVANCED_FACE('',(#6969),#6980,.T.);
#6969 = FACE_BOUND('',#6970,.T.);
#6970 = EDGE_LOOP('',(#6971,#6977,#6978,#6979));
#6971 = ORIENTED_EDGE('',*,*,#6972,.F.);
#6972 = EDGE_CURVE('',#5722,#5047,#6973,.T.);
#6973 = LINE('',#6974,#6975);
#6974 = CARTESIAN_POINT('',(52.174962387376,12.9,12.752764188703));
#6975 = VECTOR('',#6976,1.);
#6976 = DIRECTION('',(0.,1.,1.110223024625E-16));
#6977 = ORIENTED_EDGE('',*,*,#5729,.T.);
#6978 = ORIENTED_EDGE('',*,*,#6956,.T.);
#6979 = ORIENTED_EDGE('',*,*,#5054,.F.);
#6980 = PLANE('',#6981);
#6981 = AXIS2_PLACEMENT_3D('',#6982,#6983,#6984);
#6982 = CARTESIAN_POINT('',(52.174962387376,12.9,12.752764188703));
#6983 = DIRECTION('',(-0.809016994375,6.525727206302E-17,-0.587785252292
    ));
#6984 = DIRECTION('',(0.,1.,1.110223024625E-16));
#6985 = ADVANCED_FACE('',(#6986),#6997,.T.);
#6986 = FACE_BOUND('',#6987,.T.);
#6987 = EDGE_LOOP('',(#6988,#6989,#6990,#6991));
#6988 = ORIENTED_EDGE('',*,*,#5721,.T.);
#6989 = ORIENTED_EDGE('',*,*,#6972,.T.);
#6990 = ORIENTED_EDGE('',*,*,#5046,.F.);
#6991 = ORIENTED_EDGE('',*,*,#6992,.F.);
#6992 = EDGE_CURVE('',#5713,#5038,#6993,.T.);
#6993 = LINE('',#6994,#6995);
#6994 = CARTESIAN_POINT('',(51.710393836036,13.,12.415235378981));
#6995 = VECTOR('',#6996,1.);
#6996 = DIRECTION('',(0.,1.,1.110223024625E-16));
#6997 = PLANE('',#6998);
#6998 = AXIS2_PLACEMENT_3D('',#6999,#7000,#7001);
#6999 = CARTESIAN_POINT('',(52.174962387376,12.9,12.752764188703));
#7000 = DIRECTION('',(-0.587785252292,-8.981892944681E-17,0.809016994375
    ));
#7001 = DIRECTION('',(0.,1.,1.110223024625E-16));
#7002 = ADVANCED_FACE('',(#7003),#7014,.T.);
#7003 = FACE_BOUND('',#7004,.T.);
#7004 = EDGE_LOOP('',(#7005,#7006,#7012,#7013));
#7005 = ORIENTED_EDGE('',*,*,#5037,.F.);
#7006 = ORIENTED_EDGE('',*,*,#7007,.F.);
#7007 = EDGE_CURVE('',#5705,#5030,#7008,.T.);
#7008 = LINE('',#7009,#7010);
#7009 = CARTESIAN_POINT('',(52.415235378981,13.,11.710393836036));
#7010 = VECTOR('',#7011,1.);
#7011 = DIRECTION('',(0.,1.,1.110223024625E-16));
#7012 = ORIENTED_EDGE('',*,*,#5712,.T.);
#7013 = ORIENTED_EDGE('',*,*,#6992,.T.);
#7014 = CYLINDRICAL_SURFACE('',#7015,7.);
#7015 = AXIS2_PLACEMENT_3D('',#7016,#7017,#7018);
#7016 = CARTESIAN_POINT('',(57.,13.,17.));
#7017 = DIRECTION('',(0.,1.,1.110223024625E-16));
#7018 = DIRECTION('',(1.,0.,0.));
#7019 = ADVANCED_FACE('',(#7020),#7031,.F.);
#7020 = FACE_BOUND('',#7021,.F.);
#7021 = EDGE_LOOP('',(#7022,#7023,#7029,#7030));
#7022 = ORIENTED_EDGE('',*,*,#5704,.T.);
#7023 = ORIENTED_EDGE('',*,*,#7024,.T.);
#7024 = EDGE_CURVE('',#5697,#5022,#7025,.T.);
#7025 = LINE('',#7026,#7027);
#7026 = CARTESIAN_POINT('',(52.752764188703,12.9,12.174962387376));
#7027 = VECTOR('',#7028,1.);
#7028 = DIRECTION('',(0.,1.,1.110223024625E-16));
#7029 = ORIENTED_EDGE('',*,*,#5029,.F.);
#7030 = ORIENTED_EDGE('',*,*,#7007,.F.);
#7031 = PLANE('',#7032);
#7032 = AXIS2_PLACEMENT_3D('',#7033,#7034,#7035);
#7033 = CARTESIAN_POINT('',(52.752764188703,12.9,12.174962387376));
#7034 = DIRECTION('',(-0.809016994375,-6.525727206302E-17,0.587785252292
    ));
#7035 = DIRECTION('',(0.,1.,1.110223024625E-16));
#7036 = ADVANCED_FACE('',(#7037),#7048,.T.);
#7037 = FACE_BOUND('',#7038,.T.);
#7038 = EDGE_LOOP('',(#7039,#7045,#7046,#7047));
#7039 = ORIENTED_EDGE('',*,*,#7040,.F.);
#7040 = EDGE_CURVE('',#5689,#5014,#7041,.T.);
#7041 = LINE('',#7042,#7043);
#7042 = CARTESIAN_POINT('',(53.723584581953,12.9,11.469620084625));
#7043 = VECTOR('',#7044,1.);
#7044 = DIRECTION('',(0.,1.,1.110223024625E-16));
#7045 = ORIENTED_EDGE('',*,*,#5696,.T.);
#7046 = ORIENTED_EDGE('',*,*,#7024,.T.);
#7047 = ORIENTED_EDGE('',*,*,#5021,.F.);
#7048 = PLANE('',#7049);
#7049 = AXIS2_PLACEMENT_3D('',#7050,#7051,#7052);
#7050 = CARTESIAN_POINT('',(53.723584581953,12.9,11.469620084625));
#7051 = DIRECTION('',(-0.587785252292,8.981892944681E-17,-0.809016994375
    ));
#7052 = DIRECTION('',(0.,1.,1.110223024625E-16));
#7053 = ADVANCED_FACE('',(#7054),#7065,.T.);
#7054 = FACE_BOUND('',#7055,.T.);
#7055 = EDGE_LOOP('',(#7056,#7057,#7058,#7059));
#7056 = ORIENTED_EDGE('',*,*,#5688,.T.);
#7057 = ORIENTED_EDGE('',*,*,#7040,.T.);
#7058 = ORIENTED_EDGE('',*,*,#5013,.F.);
#7059 = ORIENTED_EDGE('',*,*,#7060,.F.);
#7060 = EDGE_CURVE('',#5680,#5005,#7061,.T.);
#7061 = LINE('',#7062,#7063);
#7062 = CARTESIAN_POINT('',(53.386055772231,13.,11.005051533285));
#7063 = VECTOR('',#7064,1.);
#7064 = DIRECTION('',(0.,1.,1.110223024625E-16));
#7065 = PLANE('',#7066);
#7066 = AXIS2_PLACEMENT_3D('',#7067,#7068,#7069);
#7067 = CARTESIAN_POINT('',(53.723584581953,12.9,11.469620084625));
#7068 = DIRECTION('',(-0.809016994375,-6.525727206302E-17,0.587785252292
    ));
#7069 = DIRECTION('',(0.,1.,1.110223024625E-16));
#7070 = ADVANCED_FACE('',(#7071),#7082,.T.);
#7071 = FACE_BOUND('',#7072,.T.);
#7072 = EDGE_LOOP('',(#7073,#7074,#7080,#7081));
#7073 = ORIENTED_EDGE('',*,*,#5004,.F.);
#7074 = ORIENTED_EDGE('',*,*,#7075,.F.);
#7075 = EDGE_CURVE('',#5672,#4997,#7076,.T.);
#7076 = LINE('',#7077,#7078);
#7077 = CARTESIAN_POINT('',(54.274207929716,13.,10.552515406023));
#7078 = VECTOR('',#7079,1.);
#7079 = DIRECTION('',(0.,1.,1.110223024625E-16));
#7080 = ORIENTED_EDGE('',*,*,#5679,.T.);
#7081 = ORIENTED_EDGE('',*,*,#7060,.T.);
#7082 = CYLINDRICAL_SURFACE('',#7083,7.);
#7083 = AXIS2_PLACEMENT_3D('',#7084,#7085,#7086);
#7084 = CARTESIAN_POINT('',(57.,13.,17.));
#7085 = DIRECTION('',(0.,1.,1.110223024625E-16));
#7086 = DIRECTION('',(1.,0.,0.));
#7087 = ADVANCED_FACE('',(#7088),#7099,.F.);
#7088 = FACE_BOUND('',#7089,.F.);
#7089 = EDGE_LOOP('',(#7090,#7091,#7097,#7098));
#7090 = ORIENTED_EDGE('',*,*,#5671,.T.);
#7091 = ORIENTED_EDGE('',*,*,#7092,.T.);
#7092 = EDGE_CURVE('',#5664,#4989,#7093,.T.);
#7093 = LINE('',#7094,#7095);
#7094 = CARTESIAN_POINT('',(54.451657326223,12.9,11.098648492336));
#7095 = VECTOR('',#7096,1.);
#7096 = DIRECTION('',(0.,1.,1.110223024625E-16));
#7097 = ORIENTED_EDGE('',*,*,#4996,.F.);
#7098 = ORIENTED_EDGE('',*,*,#7075,.F.);
#7099 = PLANE('',#7100);
#7100 = AXIS2_PLACEMENT_3D('',#7101,#7102,#7103);
#7101 = CARTESIAN_POINT('',(54.451657326223,12.9,11.098648492336));
#7102 = DIRECTION('',(-0.951056516295,-3.430777821555E-17,0.309016994375
    ));
#7103 = DIRECTION('',(0.,1.,1.110223024625E-16));
#7104 = ADVANCED_FACE('',(#7105),#7116,.T.);
#7105 = FACE_BOUND('',#7106,.T.);
#7106 = EDGE_LOOP('',(#7107,#7113,#7114,#7115));
#7107 = ORIENTED_EDGE('',*,*,#7108,.F.);
#7108 = EDGE_CURVE('',#5656,#4981,#7109,.T.);
#7109 = LINE('',#7110,#7111);
#7110 = CARTESIAN_POINT('',(55.592925145777,12.9,10.727828099086));
#7111 = VECTOR('',#7112,1.);
#7112 = DIRECTION('',(0.,1.,1.110223024625E-16));
#7113 = ORIENTED_EDGE('',*,*,#5663,.T.);
#7114 = ORIENTED_EDGE('',*,*,#7092,.T.);
#7115 = ORIENTED_EDGE('',*,*,#4988,.F.);
#7116 = PLANE('',#7117);
#7117 = AXIS2_PLACEMENT_3D('',#7118,#7119,#7120);
#7118 = CARTESIAN_POINT('',(55.592925145777,12.9,10.727828099086));
#7119 = DIRECTION('',(-0.309016994375,1.055884842111E-16,-0.951056516295
    ));
#7120 = DIRECTION('',(0.,1.,1.110223024625E-16));
#7121 = ADVANCED_FACE('',(#7122),#7133,.T.);
#7122 = FACE_BOUND('',#7123,.T.);
#7123 = EDGE_LOOP('',(#7124,#7125,#7126,#7127));
#7124 = ORIENTED_EDGE('',*,*,#5655,.T.);
#7125 = ORIENTED_EDGE('',*,*,#7108,.T.);
#7126 = ORIENTED_EDGE('',*,*,#4980,.F.);
#7127 = ORIENTED_EDGE('',*,*,#7128,.F.);
#7128 = EDGE_CURVE('',#5647,#4972,#7129,.T.);
#7129 = LINE('',#7130,#7131);
#7130 = CARTESIAN_POINT('',(55.41547574927,13.,10.181695012773));
#7131 = VECTOR('',#7132,1.);
#7132 = DIRECTION('',(0.,1.,1.110223024625E-16));
#7133 = PLANE('',#7134);
#7134 = AXIS2_PLACEMENT_3D('',#7135,#7136,#7137);
#7135 = CARTESIAN_POINT('',(55.592925145777,12.9,10.727828099086));
#7136 = DIRECTION('',(-0.951056516295,-3.430777821555E-17,0.309016994375
    ));
#7137 = DIRECTION('',(0.,1.,1.110223024625E-16));
#7138 = ADVANCED_FACE('',(#7139),#7150,.T.);
#7139 = FACE_BOUND('',#7140,.T.);
#7140 = EDGE_LOOP('',(#7141,#7142,#7148,#7149));
#7141 = ORIENTED_EDGE('',*,*,#4971,.F.);
#7142 = ORIENTED_EDGE('',*,*,#7143,.F.);
#7143 = EDGE_CURVE('',#5639,#4964,#7144,.T.);
#7144 = LINE('',#7145,#7146);
#7145 = CARTESIAN_POINT('',(56.4,13.,10.025761690335));
#7146 = VECTOR('',#7147,1.);
#7147 = DIRECTION('',(0.,1.,1.110223024625E-16));
#7148 = ORIENTED_EDGE('',*,*,#5646,.T.);
#7149 = ORIENTED_EDGE('',*,*,#7128,.T.);
#7150 = CYLINDRICAL_SURFACE('',#7151,7.);
#7151 = AXIS2_PLACEMENT_3D('',#7152,#7153,#7154);
#7152 = CARTESIAN_POINT('',(57.,13.,17.));
#7153 = DIRECTION('',(0.,1.,1.110223024625E-16));
#7154 = DIRECTION('',(1.,0.,0.));
#7155 = ADVANCED_FACE('',(#7156),#7167,.F.);
#7156 = FACE_BOUND('',#7157,.F.);
#7157 = EDGE_LOOP('',(#7158,#7159,#7165,#7166));
#7158 = ORIENTED_EDGE('',*,*,#5638,.T.);
#7159 = ORIENTED_EDGE('',*,*,#7160,.T.);
#7160 = EDGE_CURVE('',#5631,#4956,#7161,.T.);
#7161 = LINE('',#7162,#7163);
#7162 = CARTESIAN_POINT('',(56.4,12.9,10.6));
#7163 = VECTOR('',#7164,1.);
#7164 = DIRECTION('',(0.,1.,1.110223024625E-16));
#7165 = ORIENTED_EDGE('',*,*,#4963,.F.);
#7166 = ORIENTED_EDGE('',*,*,#7143,.F.);
#7167 = PLANE('',#7168);
#7168 = AXIS2_PLACEMENT_3D('',#7169,#7170,#7171);
#7169 = CARTESIAN_POINT('',(56.4,12.9,10.6));
#7170 = DIRECTION('',(-1.,1.232595164408E-32,-1.110223024625E-16));
#7171 = DIRECTION('',(0.,1.,1.110223024625E-16));
#7172 = ADVANCED_FACE('',(#7173),#7184,.T.);
#7173 = FACE_BOUND('',#7174,.T.);
#7174 = EDGE_LOOP('',(#7175,#7181,#7182,#7183));
#7175 = ORIENTED_EDGE('',*,*,#7176,.F.);
#7176 = EDGE_CURVE('',#5623,#4948,#7177,.T.);
#7177 = LINE('',#7178,#7179);
#7178 = CARTESIAN_POINT('',(57.6,12.9,10.6));
#7179 = VECTOR('',#7180,1.);
#7180 = DIRECTION('',(0.,1.,1.110223024625E-16));
#7181 = ORIENTED_EDGE('',*,*,#5630,.T.);
#7182 = ORIENTED_EDGE('',*,*,#7160,.T.);
#7183 = ORIENTED_EDGE('',*,*,#4955,.F.);
#7184 = PLANE('',#7185);
#7185 = AXIS2_PLACEMENT_3D('',#7186,#7187,#7188);
#7186 = CARTESIAN_POINT('',(57.6,12.9,10.6));
#7187 = DIRECTION('',(1.110223024625E-16,1.110223024625E-16,-1.));
#7188 = DIRECTION('',(0.,1.,1.110223024625E-16));
#7189 = ADVANCED_FACE('',(#7190),#7201,.T.);
#7190 = FACE_BOUND('',#7191,.T.);
#7191 = EDGE_LOOP('',(#7192,#7193,#7194,#7195));
#7192 = ORIENTED_EDGE('',*,*,#5622,.T.);
#7193 = ORIENTED_EDGE('',*,*,#7176,.T.);
#7194 = ORIENTED_EDGE('',*,*,#4947,.F.);
#7195 = ORIENTED_EDGE('',*,*,#7196,.F.);
#7196 = EDGE_CURVE('',#5614,#4939,#7197,.T.);
#7197 = LINE('',#7198,#7199);
#7198 = CARTESIAN_POINT('',(57.6,13.,10.025761690335));
#7199 = VECTOR('',#7200,1.);
#7200 = DIRECTION('',(0.,1.,1.110223024625E-16));
#7201 = PLANE('',#7202);
#7202 = AXIS2_PLACEMENT_3D('',#7203,#7204,#7205);
#7203 = CARTESIAN_POINT('',(57.6,12.9,10.6));
#7204 = DIRECTION('',(-1.,1.232595164408E-32,-1.110223024625E-16));
#7205 = DIRECTION('',(0.,1.,1.110223024625E-16));
#7206 = ADVANCED_FACE('',(#7207),#7218,.T.);
#7207 = FACE_BOUND('',#7208,.T.);
#7208 = EDGE_LOOP('',(#7209,#7210,#7216,#7217));
#7209 = ORIENTED_EDGE('',*,*,#4938,.F.);
#7210 = ORIENTED_EDGE('',*,*,#7211,.F.);
#7211 = EDGE_CURVE('',#5606,#4931,#7212,.T.);
#7212 = LINE('',#7213,#7214);
#7213 = CARTESIAN_POINT('',(58.58452425073,13.,10.181695012773));
#7214 = VECTOR('',#7215,1.);
#7215 = DIRECTION('',(0.,1.,1.110223024625E-16));
#7216 = ORIENTED_EDGE('',*,*,#5613,.T.);
#7217 = ORIENTED_EDGE('',*,*,#7196,.T.);
#7218 = CYLINDRICAL_SURFACE('',#7219,7.);
#7219 = AXIS2_PLACEMENT_3D('',#7220,#7221,#7222);
#7220 = CARTESIAN_POINT('',(57.,13.,17.));
#7221 = DIRECTION('',(0.,1.,1.110223024625E-16));
#7222 = DIRECTION('',(1.,0.,0.));
#7223 = ADVANCED_FACE('',(#7224),#7235,.F.);
#7224 = FACE_BOUND('',#7225,.F.);
#7225 = EDGE_LOOP('',(#7226,#7227,#7233,#7234));
#7226 = ORIENTED_EDGE('',*,*,#5605,.T.);
#7227 = ORIENTED_EDGE('',*,*,#7228,.T.);
#7228 = EDGE_CURVE('',#5598,#4923,#7229,.T.);
#7229 = LINE('',#7230,#7231);
#7230 = CARTESIAN_POINT('',(58.407074854223,12.9,10.727828099086));
#7231 = VECTOR('',#7232,1.);
#7232 = DIRECTION('',(0.,1.,1.110223024625E-16));
#7233 = ORIENTED_EDGE('',*,*,#4930,.F.);
#7234 = ORIENTED_EDGE('',*,*,#7211,.F.);
#7235 = PLANE('',#7236);
#7236 = AXIS2_PLACEMENT_3D('',#7237,#7238,#7239);
#7237 = CARTESIAN_POINT('',(58.407074854223,12.9,10.727828099086));
#7238 = DIRECTION('',(-0.951056516295,3.430777821555E-17,-0.309016994375
    ));
#7239 = DIRECTION('',(0.,1.,1.110223024625E-16));
#7240 = ADVANCED_FACE('',(#7241),#7252,.T.);
#7241 = FACE_BOUND('',#7242,.T.);
#7242 = EDGE_LOOP('',(#7243,#7249,#7250,#7251));
#7243 = ORIENTED_EDGE('',*,*,#7244,.F.);
#7244 = EDGE_CURVE('',#5590,#4915,#7245,.T.);
#7245 = LINE('',#7246,#7247);
#7246 = CARTESIAN_POINT('',(59.548342673777,12.9,11.098648492336));
#7247 = VECTOR('',#7248,1.);
#7248 = DIRECTION('',(0.,1.,1.110223024625E-16));
#7249 = ORIENTED_EDGE('',*,*,#5597,.T.);
#7250 = ORIENTED_EDGE('',*,*,#7228,.T.);
#7251 = ORIENTED_EDGE('',*,*,#4922,.F.);
#7252 = PLANE('',#7253);
#7253 = AXIS2_PLACEMENT_3D('',#7254,#7255,#7256);
#7254 = CARTESIAN_POINT('',(59.548342673777,12.9,11.098648492336));
#7255 = DIRECTION('',(0.309016994375,1.055884842111E-16,-0.951056516295)
  );
#7256 = DIRECTION('',(0.,1.,1.110223024625E-16));
#7257 = ADVANCED_FACE('',(#7258),#7269,.T.);
#7258 = FACE_BOUND('',#7259,.T.);
#7259 = EDGE_LOOP('',(#7260,#7261,#7262,#7263));
#7260 = ORIENTED_EDGE('',*,*,#5589,.T.);
#7261 = ORIENTED_EDGE('',*,*,#7244,.T.);
#7262 = ORIENTED_EDGE('',*,*,#4914,.F.);
#7263 = ORIENTED_EDGE('',*,*,#7264,.F.);
#7264 = EDGE_CURVE('',#5581,#4906,#7265,.T.);
#7265 = LINE('',#7266,#7267);
#7266 = CARTESIAN_POINT('',(59.725792070284,13.,10.552515406023));
#7267 = VECTOR('',#7268,1.);
#7268 = DIRECTION('',(0.,1.,1.110223024625E-16));
#7269 = PLANE('',#7270);
#7270 = AXIS2_PLACEMENT_3D('',#7271,#7272,#7273);
#7271 = CARTESIAN_POINT('',(59.548342673777,12.9,11.098648492336));
#7272 = DIRECTION('',(-0.951056516295,3.430777821555E-17,-0.309016994375
    ));
#7273 = DIRECTION('',(0.,1.,1.110223024625E-16));
#7274 = ADVANCED_FACE('',(#7275),#7286,.T.);
#7275 = FACE_BOUND('',#7276,.T.);
#7276 = EDGE_LOOP('',(#7277,#7278,#7284,#7285));
#7277 = ORIENTED_EDGE('',*,*,#4905,.F.);
#7278 = ORIENTED_EDGE('',*,*,#7279,.F.);
#7279 = EDGE_CURVE('',#5573,#4898,#7280,.T.);
#7280 = LINE('',#7281,#7282);
#7281 = CARTESIAN_POINT('',(60.613944227769,13.,11.005051533285));
#7282 = VECTOR('',#7283,1.);
#7283 = DIRECTION('',(0.,1.,1.110223024625E-16));
#7284 = ORIENTED_EDGE('',*,*,#5580,.T.);
#7285 = ORIENTED_EDGE('',*,*,#7264,.T.);
#7286 = CYLINDRICAL_SURFACE('',#7287,7.);
#7287 = AXIS2_PLACEMENT_3D('',#7288,#7289,#7290);
#7288 = CARTESIAN_POINT('',(57.,13.,17.));
#7289 = DIRECTION('',(0.,1.,1.110223024625E-16));
#7290 = DIRECTION('',(1.,0.,0.));
#7291 = ADVANCED_FACE('',(#7292),#7303,.F.);
#7292 = FACE_BOUND('',#7293,.F.);
#7293 = EDGE_LOOP('',(#7294,#7295,#7301,#7302));
#7294 = ORIENTED_EDGE('',*,*,#5572,.T.);
#7295 = ORIENTED_EDGE('',*,*,#7296,.T.);
#7296 = EDGE_CURVE('',#5565,#4890,#7297,.T.);
#7297 = LINE('',#7298,#7299);
#7298 = CARTESIAN_POINT('',(60.276415418047,12.9,11.469620084625));
#7299 = VECTOR('',#7300,1.);
#7300 = DIRECTION('',(0.,1.,1.110223024625E-16));
#7301 = ORIENTED_EDGE('',*,*,#4897,.F.);
#7302 = ORIENTED_EDGE('',*,*,#7279,.F.);
#7303 = PLANE('',#7304);
#7304 = AXIS2_PLACEMENT_3D('',#7305,#7306,#7307);
#7305 = CARTESIAN_POINT('',(60.276415418047,12.9,11.469620084625));
#7306 = DIRECTION('',(-0.809016994375,6.525727206302E-17,-0.587785252292
    ));
#7307 = DIRECTION('',(0.,1.,1.110223024625E-16));
#7308 = ADVANCED_FACE('',(#7309),#7320,.T.);
#7309 = FACE_BOUND('',#7310,.T.);
#7310 = EDGE_LOOP('',(#7311,#7317,#7318,#7319));
#7311 = ORIENTED_EDGE('',*,*,#7312,.F.);
#7312 = EDGE_CURVE('',#5557,#4882,#7313,.T.);
#7313 = LINE('',#7314,#7315);
#7314 = CARTESIAN_POINT('',(61.247235811297,12.9,12.174962387376));
#7315 = VECTOR('',#7316,1.);
#7316 = DIRECTION('',(0.,1.,1.110223024625E-16));
#7317 = ORIENTED_EDGE('',*,*,#5564,.T.);
#7318 = ORIENTED_EDGE('',*,*,#7296,.T.);
#7319 = ORIENTED_EDGE('',*,*,#4889,.F.);
#7320 = PLANE('',#7321);
#7321 = AXIS2_PLACEMENT_3D('',#7322,#7323,#7324);
#7322 = CARTESIAN_POINT('',(61.247235811297,12.9,12.174962387376));
#7323 = DIRECTION('',(0.587785252292,8.981892944681E-17,-0.809016994375)
  );
#7324 = DIRECTION('',(0.,1.,1.110223024625E-16));
#7325 = ADVANCED_FACE('',(#7326),#7337,.T.);
#7326 = FACE_BOUND('',#7327,.T.);
#7327 = EDGE_LOOP('',(#7328,#7329,#7330,#7331));
#7328 = ORIENTED_EDGE('',*,*,#5556,.T.);
#7329 = ORIENTED_EDGE('',*,*,#7312,.T.);
#7330 = ORIENTED_EDGE('',*,*,#4881,.F.);
#7331 = ORIENTED_EDGE('',*,*,#7332,.F.);
#7332 = EDGE_CURVE('',#5548,#4873,#7333,.T.);
#7333 = LINE('',#7334,#7335);
#7334 = CARTESIAN_POINT('',(61.584764621019,13.,11.710393836036));
#7335 = VECTOR('',#7336,1.);
#7336 = DIRECTION('',(0.,1.,1.110223024625E-16));
#7337 = PLANE('',#7338);
#7338 = AXIS2_PLACEMENT_3D('',#7339,#7340,#7341);
#7339 = CARTESIAN_POINT('',(61.247235811297,12.9,12.174962387376));
#7340 = DIRECTION('',(-0.809016994375,6.525727206302E-17,-0.587785252292
    ));
#7341 = DIRECTION('',(0.,1.,1.110223024625E-16));
#7342 = ADVANCED_FACE('',(#7343),#7354,.T.);
#7343 = FACE_BOUND('',#7344,.T.);
#7344 = EDGE_LOOP('',(#7345,#7346,#7352,#7353));
#7345 = ORIENTED_EDGE('',*,*,#4872,.F.);
#7346 = ORIENTED_EDGE('',*,*,#7347,.F.);
#7347 = EDGE_CURVE('',#5540,#4865,#7348,.T.);
#7348 = LINE('',#7349,#7350);
#7349 = CARTESIAN_POINT('',(62.289606163964,13.,12.415235378981));
#7350 = VECTOR('',#7351,1.);
#7351 = DIRECTION('',(0.,1.,1.110223024625E-16));
#7352 = ORIENTED_EDGE('',*,*,#5547,.T.);
#7353 = ORIENTED_EDGE('',*,*,#7332,.T.);
#7354 = CYLINDRICAL_SURFACE('',#7355,7.);
#7355 = AXIS2_PLACEMENT_3D('',#7356,#7357,#7358);
#7356 = CARTESIAN_POINT('',(57.,13.,17.));
#7357 = DIRECTION('',(0.,1.,1.110223024625E-16));
#7358 = DIRECTION('',(1.,0.,0.));
#7359 = ADVANCED_FACE('',(#7360),#7371,.F.);
#7360 = FACE_BOUND('',#7361,.F.);
#7361 = EDGE_LOOP('',(#7362,#7363,#7369,#7370));
#7362 = ORIENTED_EDGE('',*,*,#5539,.T.);
#7363 = ORIENTED_EDGE('',*,*,#7364,.T.);
#7364 = EDGE_CURVE('',#5532,#4857,#7365,.T.);
#7365 = LINE('',#7366,#7367);
#7366 = CARTESIAN_POINT('',(61.825037612624,12.9,12.752764188703));
#7367 = VECTOR('',#7368,1.);
#7368 = DIRECTION('',(0.,1.,1.110223024625E-16));
#7369 = ORIENTED_EDGE('',*,*,#4864,.F.);
#7370 = ORIENTED_EDGE('',*,*,#7347,.F.);
#7371 = PLANE('',#7372);
#7372 = AXIS2_PLACEMENT_3D('',#7373,#7374,#7375);
#7373 = CARTESIAN_POINT('',(61.825037612624,12.9,12.752764188703));
#7374 = DIRECTION('',(-0.587785252292,8.981892944681E-17,-0.809016994375
    ));
#7375 = DIRECTION('',(0.,1.,1.110223024625E-16));
#7376 = ADVANCED_FACE('',(#7377),#7388,.T.);
#7377 = FACE_BOUND('',#7378,.T.);
#7378 = EDGE_LOOP('',(#7379,#7385,#7386,#7387));
#7379 = ORIENTED_EDGE('',*,*,#7380,.F.);
#7380 = EDGE_CURVE('',#5524,#4849,#7381,.T.);
#7381 = LINE('',#7382,#7383);
#7382 = CARTESIAN_POINT('',(62.530379915375,12.9,13.723584581953));
#7383 = VECTOR('',#7384,1.);
#7384 = DIRECTION('',(0.,1.,1.110223024625E-16));
#7385 = ORIENTED_EDGE('',*,*,#5531,.T.);
#7386 = ORIENTED_EDGE('',*,*,#7364,.T.);
#7387 = ORIENTED_EDGE('',*,*,#4856,.F.);
#7388 = PLANE('',#7389);
#7389 = AXIS2_PLACEMENT_3D('',#7390,#7391,#7392);
#7390 = CARTESIAN_POINT('',(62.530379915375,12.9,13.723584581953));
#7391 = DIRECTION('',(0.809016994375,6.525727206302E-17,-0.587785252292)
  );
#7392 = DIRECTION('',(0.,1.,1.110223024625E-16));
#7393 = ADVANCED_FACE('',(#7394),#7405,.T.);
#7394 = FACE_BOUND('',#7395,.T.);
#7395 = EDGE_LOOP('',(#7396,#7397,#7398,#7399));
#7396 = ORIENTED_EDGE('',*,*,#5523,.T.);
#7397 = ORIENTED_EDGE('',*,*,#7380,.T.);
#7398 = ORIENTED_EDGE('',*,*,#4848,.F.);
#7399 = ORIENTED_EDGE('',*,*,#7400,.F.);
#7400 = EDGE_CURVE('',#5515,#4840,#7401,.T.);
#7401 = LINE('',#7402,#7403);
#7402 = CARTESIAN_POINT('',(62.994948466715,13.,13.386055772231));
#7403 = VECTOR('',#7404,1.);
#7404 = DIRECTION('',(0.,1.,1.110223024625E-16));
#7405 = PLANE('',#7406);
#7406 = AXIS2_PLACEMENT_3D('',#7407,#7408,#7409);
#7407 = CARTESIAN_POINT('',(62.530379915375,12.9,13.723584581953));
#7408 = DIRECTION('',(-0.587785252292,8.981892944681E-17,-0.809016994375
    ));
#7409 = DIRECTION('',(0.,1.,1.110223024625E-16));
#7410 = ADVANCED_FACE('',(#7411),#7422,.T.);
#7411 = FACE_BOUND('',#7412,.T.);
#7412 = EDGE_LOOP('',(#7413,#7414,#7420,#7421));
#7413 = ORIENTED_EDGE('',*,*,#4839,.F.);
#7414 = ORIENTED_EDGE('',*,*,#7415,.F.);
#7415 = EDGE_CURVE('',#5507,#4832,#7416,.T.);
#7416 = LINE('',#7417,#7418);
#7417 = CARTESIAN_POINT('',(63.447484593977,13.,14.274207929716));
#7418 = VECTOR('',#7419,1.);
#7419 = DIRECTION('',(0.,1.,1.110223024625E-16));
#7420 = ORIENTED_EDGE('',*,*,#5514,.T.);
#7421 = ORIENTED_EDGE('',*,*,#7400,.T.);
#7422 = CYLINDRICAL_SURFACE('',#7423,7.);
#7423 = AXIS2_PLACEMENT_3D('',#7424,#7425,#7426);
#7424 = CARTESIAN_POINT('',(57.,13.,17.));
#7425 = DIRECTION('',(0.,1.,1.110223024625E-16));
#7426 = DIRECTION('',(1.,0.,0.));
#7427 = ADVANCED_FACE('',(#7428),#7439,.F.);
#7428 = FACE_BOUND('',#7429,.F.);
#7429 = EDGE_LOOP('',(#7430,#7431,#7437,#7438));
#7430 = ORIENTED_EDGE('',*,*,#5506,.T.);
#7431 = ORIENTED_EDGE('',*,*,#7432,.T.);
#7432 = EDGE_CURVE('',#5499,#4824,#7433,.T.);
#7433 = LINE('',#7434,#7435);
#7434 = CARTESIAN_POINT('',(62.901351507664,12.9,14.451657326223));
#7435 = VECTOR('',#7436,1.);
#7436 = DIRECTION('',(0.,1.,1.110223024625E-16));
#7437 = ORIENTED_EDGE('',*,*,#4831,.F.);
#7438 = ORIENTED_EDGE('',*,*,#7415,.F.);
#7439 = PLANE('',#7440);
#7440 = AXIS2_PLACEMENT_3D('',#7441,#7442,#7443);
#7441 = CARTESIAN_POINT('',(62.901351507664,12.9,14.451657326223));
#7442 = DIRECTION('',(-0.309016994375,1.055884842111E-16,-0.951056516295
    ));
#7443 = DIRECTION('',(0.,1.,1.110223024625E-16));
#7444 = ADVANCED_FACE('',(#7445),#7451,.T.);
#7445 = FACE_BOUND('',#7446,.T.);
#7446 = EDGE_LOOP('',(#7447,#7448,#7449,#7450));
#7447 = ORIENTED_EDGE('',*,*,#5472,.F.);
#7448 = ORIENTED_EDGE('',*,*,#5498,.T.);
#7449 = ORIENTED_EDGE('',*,*,#7432,.T.);
#7450 = ORIENTED_EDGE('',*,*,#4823,.F.);
#7451 = PLANE('',#7452);
#7452 = AXIS2_PLACEMENT_3D('',#7453,#7454,#7455);
#7453 = CARTESIAN_POINT('',(63.272171900914,12.9,15.592925145777));
#7454 = DIRECTION('',(0.951056516295,3.430777821555E-17,-0.309016994375)
  );
#7455 = DIRECTION('',(0.,1.,1.110223024625E-16));
#7456 = ( GEOMETRIC_REPRESENTATION_CONTEXT(3) 
GLOBAL_UNCERTAINTY_ASSIGNED_CONTEXT((#7460)) 
GLOBAL_UNIT_ASSIGNED_CONTEXT((#7457,#7458,#7459)) REPRESENTATION_CONTEXT
('Context #1','3D Context with UNIT and UNCERTAINTY') );
#7457 = ( LENGTH_UNIT() NAMED_UNIT(*) SI_UNIT(.MILLI.,.METRE.) );
#7458 = ( NAMED_UNIT(*) PLANE_ANGLE_UNIT() SI_UNIT($,.RADIAN.) );
#7459 = ( NAMED_UNIT(*) SI_UNIT($,.STERADIAN.) SOLID_ANGLE_UNIT() );
#7460 = UNCERTAINTY_MEASURE_WITH_UNIT(LENGTH_MEASURE(2.E-07),#7457,
  'distance_accuracy_value','confusion accuracy');
#7461 = CONTEXT_DEPENDENT_SHAPE_REPRESENTATION(#7462,#7464);
#7462 = ( REPRESENTATION_RELATIONSHIP('','',#4757,#10) 
REPRESENTATION_RELATIONSHIP_WITH_TRANSFORMATION(#7463) 
SHAPE_REPRESENTATION_RELATIONSHIP() );
#7463 = ITEM_DEFINED_TRANSFORMATION('','',#11,#27);
#7464 = PRODUCT_DEFINITION_SHAPE('Placement','Placement of an item',
  #7465);
#7465 = NEXT_ASSEMBLY_USAGE_OCCURRENCE('20','worm_wheel','',#5,#4752,$);
#7466 = PRODUCT_RELATED_PRODUCT_CATEGORY('part',$,(#4754));
#7467 = SHAPE_DEFINITION_REPRESENTATION(#7468,#7474);
#7468 = PRODUCT_DEFINITION_SHAPE('','',#7469);
#7469 = PRODUCT_DEFINITION('design','',#7470,#7473);
#7470 = PRODUCT_DEFINITION_FORMATION('','',#7471);
#7471 = PRODUCT('output_axle','output_axle','',(#7472));
#7472 = PRODUCT_CONTEXT('',#2,'mechanical');
#7473 = PRODUCT_DEFINITION_CONTEXT('part definition',#2,'design');
#7474 = ADVANCED_BREP_SHAPE_REPRESENTATION('',(#11,#7475),#7528);
#7475 = MANIFOLD_SOLID_BREP('',#7476);
#7476 = CLOSED_SHELL('',(#7477,#7510,#7519));
#7477 = ADVANCED_FACE('',(#7478),#7505,.T.);
#7478 = FACE_BOUND('',#7479,.T.);
#7479 = EDGE_LOOP('',(#7480,#7489,#7497,#7504));
#7480 = ORIENTED_EDGE('',*,*,#7481,.F.);
#7481 = EDGE_CURVE('',#7482,#7482,#7484,.T.);
#7482 = VERTEX_POINT('',#7483);
#7483 = CARTESIAN_POINT('',(57.,-10.,15.));
#7484 = CIRCLE('',#7485,2.);
#7485 = AXIS2_PLACEMENT_3D('',#7486,#7487,#7488);
#7486 = CARTESIAN_POINT('',(57.,-10.,17.));
#7487 = DIRECTION('',(0.,-1.,0.));
#7488 = DIRECTION('',(0.,-0.,-1.));
#7489 = ORIENTED_EDGE('',*,*,#7490,.F.);
#7490 = EDGE_CURVE('',#7491,#7482,#7493,.T.);
#7491 = VERTEX_POINT('',#7492);
#7492 = CARTESIAN_POINT('',(57.,13.,15.));
#7493 = LINE('',#7494,#7495);
#7494 = CARTESIAN_POINT('',(57.,13.,15.));
#7495 = VECTOR('',#7496,1.);
#7496 = DIRECTION('',(0.,-1.,0.));
#7497 = ORIENTED_EDGE('',*,*,#7498,.T.);
#7498 = EDGE_CURVE('',#7491,#7491,#7499,.T.);
#7499 = CIRCLE('',#7500,2.);
#7500 = AXIS2_PLACEMENT_3D('',#7501,#7502,#7503);
#7501 = CARTESIAN_POINT('',(57.,13.,17.));
#7502 = DIRECTION('',(0.,-1.,0.));
#7503 = DIRECTION('',(0.,-0.,-1.));
#7504 = ORIENTED_EDGE('',*,*,#7490,.T.);
#7505 = CYLINDRICAL_SURFACE('',#7506,2.);
#7506 = AXIS2_PLACEMENT_3D('',#7507,#7508,#7509);
#7507 = CARTESIAN_POINT('',(57.,13.,17.));
#7508 = DIRECTION('',(0.,-1.,0.));
#7509 = DIRECTION('',(0.,-0.,-1.));
#7510 = ADVANCED_FACE('',(#7511),#7514,.T.);
#7511 = FACE_BOUND('',#7512,.T.);
#7512 = EDGE_LOOP('',(#7513));
#7513 = ORIENTED_EDGE('',*,*,#7481,.T.);
#7514 = PLANE('',#7515);
#7515 = AXIS2_PLACEMENT_3D('',#7516,#7517,#7518);
#7516 = CARTESIAN_POINT('',(57.,-10.,17.));
#7517 = DIRECTION('',(0.,-1.,0.));
#7518 = DIRECTION('',(0.,-0.,-1.));
#7519 = ADVANCED_FACE('',(#7520),#7523,.F.);
#7520 = FACE_BOUND('',#7521,.T.);
#7521 = EDGE_LOOP('',(#7522));
#7522 = ORIENTED_EDGE('',*,*,#7498,.F.);
#7523 = PLANE('',#7524);
#7524 = AXIS2_PLACEMENT_3D('',#7525,#7526,#7527);
#7525 = CARTESIAN_POINT('',(57.,13.,17.));
#7526 = DIRECTION('',(0.,-1.,0.));
#7527 = DIRECTION('',(0.,-0.,-1.));
#7528 = ( GEOMETRIC_REPRESENTATION_CONTEXT(3) 
GLOBAL_UNCERTAINTY_ASSIGNED_CONTEXT((#7532)) 
GLOBAL_UNIT_ASSIGNED_CONTEXT((#7529,#7530,#7531)) REPRESENTATION_CONTEXT
('Context #1','3D Context with UNIT and UNCERTAINTY') );
#7529 = ( LENGTH_UNIT() NAMED_UNIT(*) SI_UNIT(.MILLI.,.METRE.) );
#7530 = ( NAMED_UNIT(*) PLANE_ANGLE_UNIT() SI_UNIT($,.RADIAN.) );
#7531 = ( NAMED_UNIT(*) SI_UNIT($,.STERADIAN.) SOLID_ANGLE_UNIT() );
#7532 = UNCERTAINTY_MEASURE_WITH_UNIT(LENGTH_MEASURE(1.E-07),#7529,
  'distance_accuracy_value','confusion accuracy');
#7533 = CONTEXT_DEPENDENT_SHAPE_REPRESENTATION(#7534,#7536);
#7534 = ( REPRESENTATION_RELATIONSHIP('','',#7474,#10) 
REPRESENTATION_RELATIONSHIP_WITH_TRANSFORMATION(#7535) 
SHAPE_REPRESENTATION_RELATIONSHIP() );
#7535 = ITEM_DEFINED_TRANSFORMATION('','',#11,#31);
#7536 = PRODUCT_DEFINITION_SHAPE('Placement','Placement of an item',
  #7537);
#7537 = NEXT_ASSEMBLY_USAGE_OCCURRENCE('21','output_axle','',#5,#7469,$
  );
#7538 = PRODUCT_RELATED_PRODUCT_CATEGORY('part',$,(#7471));
ENDSEC;
END-ISO-10303-21;
