time,temp_c,a4_chocolate_mv,a4_strawberry_mv,a4_vanilla_mv,i_hbw_a,air_duty
2026-09-01T06:00,18.88,269.0,878.7,1582.2,0.885,0.1748
2026-09-01T06:12,18.76,251.9,877.0,1588.7,0.882,0.1751
2026-09-01T06:25,18.66,259.2,871.4,1590.4,0.874,0.1753
2026-09-01T06:38,18.56,258.7,877.7,1584.6,0.879,0.1755
2026-09-01T06:51,18.47,268.3,869.5,1580.7,0.893,0.1758
2026-09-01T07:04,18.38,254.0,862.5,1579.7,0.877,0.176
2026-09-01T07:17,18.3,270.2,882.9,1586.4,0.886,0.1763
2026-09-01T07:30,18.24,256.3,867.7,1582.2,0.884,0.1765
2026-09-01T07:43,18.18,266.9,871.3,1593.6,0.881,0.1768
2026-09-01T07:55,18.13,263.3,873.5,1590.0,0.88,0.177
2026-09-01T08:08,18.09,262.9,881.0,1580.7,0.89,0.1773
2026-09-01T08:21,18.06,252.0,878.7,1583.0,0.879,0.1776
2026-09-01T08:34,18.04,263.9,877.1,1575.8,0.887,0.1779
2026-09-01T08:47,18.02,267.2,877.6,1586.8,0.861,0.1782
2026-09-01T09:00,18.02,264.5,876.5,1588.9,0.894,0.1785
2026-09-01T09:13,18.03,258.2,874.1,1590.7,0.881,0.1788
2026-09-01T09:25,18.04,266.6,879.4,1581.9,0.879,0.1791
2026-09-01T09:38,18.07,264.0,869.2,1592.9,0.883,0.1794
2026-09-01T09:51,18.1,256.2,869.6,1579.2,0.878,0.1798
2026-09-01T10:04,18.14,267.8,869.3,1584.0,0.884,0.1801
2026-09-01T10:17,18.2,273.3,873.3,1591.5,0.878,0.1805
2026-09-01T10:30,18.26,256.5,876.5,1573.4,0.875,0.1808
2026-09-01T10:43,18.33,261.2,867.5,1581.8,0.888,0.1812
2026-09-01T10:56,18.41,260.5,883.0,1583.0,0.885,0.1815
2026-09-01T11:08,18.5,260.3,873.1,1570.1,0.885,0.1819
2026-09-01T11:21,18.59,258.5,879.1,1582.4,0.873,0.1823
2026-09-01T11:34,18.69,266.5,871.0,1581.3,0.883,0.1827
2026-09-01T11:47,18.8,275.8,874.7,1595.6,0.883,0.1831
2026-09-01T12:00,18.92,262.0,873.2,1581.4,0.886,0.1835
2026-09-01T12:13,19.04,254.9,869.7,1580.8,0.877,0.1839
2026-09-01T12:25,19.17,258.6,872.2,1585.2,0.89,0.1843
2026-09-01T12:38,19.31,271.3,862.6,1583.5,0.884,0.1847
2026-09-01T12:51,19.45,256.2,868.8,1576.8,0.898,0.1851
2026-09-01T13:04,19.6,262.8,869.4,1581.9,0.87,0.1855
2026-09-01T13:17,19.75,268.0,870.7,1583.6,0.889,0.186
2026-09-01T13:30,19.91,264.8,876.0,1578.1,0.888,0.1864
2026-09-01T13:43,20.07,258.8,873.8,1576.2,0.881,0.1868
2026-09-01T14:00,20.28,256.4,873.8,1594.5,0.881,0.1873
2026-09-01T14:12,20.44,260.3,873.5,1586.4,0.886,0.1877
2026-09-01T14:25,20.61,258.2,863.9,1580.1,0.884,0.1882
2026-09-01T14:38,20.78,259.0,878.7,1583.1,0.876,0.1886
2026-09-01T14:51,20.95,265.5,863.0,1581.1,0.896,0.1891
2026-09-01T15:04,21.12,268.5,877.8,1572.1,0.887,0.1895
2026-09-01T15:17,21.29,265.1,860.8,1586.8,0.87,0.19
2026-09-01T15:30,21.46,262.9,876.4,1583.8,0.89,0.1904
2026-09-01T15:42,21.62,262.7,871.5,1586.0,0.884,0.1909
2026-09-01T15:55,21.79,262.9,875.2,1584.0,0.887,0.1913
2026-09-01T16:08,21.95,263.3,869.0,1583.1,0.887,0.1918
2026-09-01T16:21,22.12,271.0,873.0,1579.8,0.885,0.1922
2026-09-01T16:34,22.28,260.3,869.7,1576.3,0.885,0.1927
2026-09-01T16:47,22.43,260.9,873.4,1581.4,0.876,0.1931
2026-09-01T17:00,22.58,256.1,873.1,1565.2,0.895,0.1935
2026-09-01T17:13,22.73,247.1,868.6,1582.8,0.873,0.194
2026-09-01T17:26,22.87,257.7,873.0,1578.6,0.876,0.1944
2026-09-01T17:39,23.0,261.2,881.0,1572.3,0.881,0.1948
2026-09-01T17:52,23.13,261.3,870.2,1581.7,0.893,0.1953
2026-09-01T18:05,23.25,260.8,865.0,1573.7,0.883,0.1957
2026-09-01T18:18,23.36,261.9,873.6,1579.7,0.886,0.1961
2026-09-01T18:31,23.47,260.8,873.6,1586.9,0.873,0.1965
2026-09-01T18:44,23.57,261.7,865.0,1576.7,0.894,0.1969
2026-09-01T18:57,23.66,265.7,881.4,1581.3,0.901,0.1973
2026-09-01T19:10,23.75,269.2,871.0,1573.2,0.879,0.1977
2026-09-01T19:22,23.82,254.6,864.6,1578.5,0.862,0.1981
2026-09-01T19:35,23.89,260.6,872.5,1576.6,0.892,0.1985
2026-09-01T19:48,23.95,257.7,870.7,1582.0,0.879,0.1989
2026-09-01T20:01,23.99,258.3,872.5,1575.9,0.908,0.1992
2026-09-01T20:14,24.03,254.5,879.0,1587.8,0.902,0.1996
2026-09-01T20:27,24.06,251.1,863.6,1576.6,0.897,0.2
2026-09-01T20:40,24.09,260.7,865.9,1571.8,0.884,0.2003
2026-09-01T20:53,24.1,263.0,863.2,1589.4,0.893,0.2006
2026-09-01T21:06,24.1,259.9,865.3,1577.1,0.9,0.201
2026-09-01T21:19,24.09,254.3,869.3,1589.8,0.875,0.2013
2026-09-01T21:32,24.07,262.9,860.9,1576.5,0.887,0.2016
2026-09-01T21:45,24.04,256.5,868.5,1579.8,0.871,0.2019
2026-09-02T06:00,19.04,255.3,870.8,1582.2,0.89,0.1983
2026-09-02T06:12,18.92,252.4,875.3,1576.6,0.879,0.1985
2026-09-02T06:25,18.81,251.7,873.1,1575.0,0.9,0.1987
2026-09-02T06:38,18.71,257.8,876.9,1578.9,0.884,0.199
2026-09-02T06:51,18.62,250.8,871.1,1578.7,0.894,0.1993
2026-09-02T07:04,18.54,256.2,863.7,1583.1,0.88,0.1995
2026-09-02T07:17,18.46,265.0,878.5,1581.9,0.881,0.1998
2026-09-02T07:30,18.39,261.0,879.1,1577.1,0.88,0.2001
2026-09-02T07:43,18.34,252.8,865.9,1583.5,0.886,0.2003
2026-09-02T07:55,18.29,261.0,869.4,1569.8,0.885,0.2006
2026-09-02T08:08,18.25,255.2,861.0,1576.6,0.893,0.2009
2026-09-02T08:21,18.21,257.3,866.7,1569.3,0.879,0.2012
2026-09-02T08:34,18.19,266.7,874.0,1577.0,0.891,0.2015
2026-09-02T08:47,18.18,257.1,873.1,1572.7,0.888,0.2019
2026-09-02T09:00,18.18,264.0,867.9,1581.4,0.881,0.2022
2026-09-02T09:13,18.18,257.5,860.5,1574.8,0.874,0.2025
2026-09-02T09:26,18.2,255.4,864.1,1574.6,0.897,0.2029
2026-09-02T09:39,18.23,258.1,868.2,1578.7,0.879,0.2032
2026-09-02T09:52,18.26,261.0,871.9,1574.6,0.889,0.2036
2026-09-02T10:05,18.3,262.1,862.4,1573.8,0.889,0.204
2026-09-02T10:18,18.36,264.9,862.0,1587.9,0.886,0.2043
2026-09-02T10:31,18.42,263.2,865.8,1578.9,0.889,0.2047
2026-09-02T10:43,18.49,262.8,865.8,1580.9,0.87,0.2051
2026-09-02T10:56,18.57,261.1,873.4,1571.5,0.886,0.2055
2026-09-02T11:09,18.66,253.6,872.6,1580.2,0.867,0.2059
2026-09-02T11:22,18.76,257.9,866.5,1586.6,0.871,0.2063
2026-09-02T11:35,18.86,255.9,867.7,1572.3,0.886,0.2068
2026-09-02T11:48,18.97,249.3,863.0,1582.1,0.877,0.2072
2026-09-02T12:01,19.09,255.6,864.4,1579.1,0.89,0.2076
2026-09-02T12:14,19.21,246.3,865.5,1584.7,0.876,0.2081
2026-09-02T12:27,19.34,255.7,872.3,1571.0,0.898,0.2085
2026-09-02T12:40,19.48,255.4,868.5,1574.5,0.888,0.209
2026-09-02T12:52,19.62,264.9,866.9,1579.9,0.873,0.2094
2026-09-02T13:05,19.77,252.3,868.1,1573.6,0.897,0.2099
2026-09-02T13:18,19.92,254.4,862.5,1584.1,0.894,0.2104
2026-09-02T13:31,20.08,261.5,867.3,1574.0,0.874,0.2108
2026-09-02T13:44,20.24,251.5,867.8,1580.3,0.871,0.2113
2026-09-02T14:00,20.43,246.2,869.5,1577.4,0.889,0.2118
2026-09-02T14:12,20.6,259.5,867.3,1573.0,0.886,0.2123
2026-09-02T14:25,20.77,259.4,864.0,1574.3,0.901,0.2128
2026-09-02T14:38,20.93,258.4,864.4,1580.1,0.89,0.2133
2026-09-02T14:51,21.11,257.2,865.7,1575.0,0.881,0.2138
2026-09-02T15:04,21.28,250.9,868.1,1575.2,0.885,0.2143
2026-09-02T15:17,21.45,255.3,870.7,1575.9,0.878,0.2148
2026-09-02T15:30,21.62,251.1,870.5,1571.2,0.877,0.2153
2026-09-02T15:43,21.79,251.9,867.2,1566.9,0.893,0.2157
2026-09-02T15:56,21.95,269.6,870.6,1566.6,0.887,0.2162
2026-09-02T16:09,22.11,253.8,868.1,1577.2,0.885,0.2167
2026-09-02T16:21,22.27,257.0,863.6,1571.2,0.885,0.2172
2026-09-02T16:34,22.43,248.4,866.3,1568.2,0.889,0.2177
2026-09-02T16:47,22.59,256.5,861.0,1581.1,0.9,0.2182
2026-09-02T17:00,22.74,262.1,866.8,1581.1,0.891,0.2187
2026-09-02T17:13,22.88,259.5,866.2,1572.9,0.894,0.2191
2026-09-02T17:26,23.02,258.6,857.0,1584.3,0.884,0.2196
2026-09-02T17:39,23.16,247.9,857.9,1566.3,0.892,0.2201
2026-09-02T17:52,23.29,264.7,867.4,1572.6,0.896,0.2205
2026-09-02T18:05,23.41,255.9,869.6,1563.7,0.883,0.221
2026-09-02T18:18,23.52,259.5,873.3,1577.6,0.886,0.2215
2026-09-02T18:31,23.63,254.4,874.3,1580.7,0.907,0.2219
2026-09-02T18:44,23.73,249.6,862.1,1575.8,0.881,0.2223
2026-09-02T19:02,23.85,257.1,862.5,1578.4,0.892,0.2228
2026-09-02T19:15,23.94,258.7,868.1,1579.4,0.896,0.2232
2026-09-02T19:28,24.01,258.1,859.2,1577.9,0.899,0.2237
2026-09-02T19:41,24.07,251.7,856.7,1576.2,0.881,0.2241
2026-09-02T19:54,24.13,257.6,867.6,1578.6,0.883,0.2245
2026-09-02T20:07,24.17,254.0,857.8,1575.6,0.877,0.2249
2026-09-02T20:20,24.2,256.5,864.6,1578.5,0.88,0.2253
2026-09-02T20:33,24.23,254.8,863.6,1578.6,0.884,0.2256
2026-09-02T20:46,24.25,254.8,869.7,1571.4,0.893,0.226
2026-09-02T20:58,24.25,248.3,862.1,1574.6,0.886,0.2264
2026-09-02T21:11,24.25,246.5,856.1,1561.8,0.893,0.2267
2026-09-02T21:24,24.24,255.5,866.0,1566.0,0.891,0.2271
2026-09-02T21:37,24.22,242.7,854.2,1558.5,0.893,0.2274
2026-09-03T06:00,19.19,257.8,872.3,1565.0,0.888,0.2233
2026-09-03T06:12,19.08,254.1,863.4,1573.6,0.885,0.2235
2026-09-03T06:25,18.97,248.0,854.8,1567.7,0.885,0.2238
2026-09-03T06:38,18.87,260.7,865.5,1575.5,0.865,0.224
2026-09-03T06:51,18.78,253.7,868.1,1564.5,0.878,0.2243
2026-09-03T07:04,18.69,252.8,860.3,1569.2,0.891,0.2246
2026-09-03T07:17,18.62,262.4,862.3,1564.8,0.908,0.2249
2026-09-03T07:30,18.55,248.8,859.8,1577.3,0.877,0.2252
2026-09-03T07:43,18.49,257.9,864.0,1568.9,0.882,0.2255
2026-09-03T07:56,18.44,258.3,859.6,1581.0,0.896,0.2258
2026-09-03T08:08,18.4,255.5,867.2,1570.8,0.903,0.2261
2026-09-03T08:21,18.37,248.0,862.0,1579.0,0.901,0.2264
2026-09-03T08:34,18.35,255.1,867.4,1568.7,0.878,0.2267
2026-09-03T08:47,18.33,247.1,865.9,1568.9,0.889,0.2271
2026-09-03T09:00,18.33,258.2,859.0,1566.7,0.882,0.2274
2026-09-03T09:13,18.34,243.2,863.9,1575.8,0.888,0.2278
2026-09-03T09:26,18.35,250.9,854.2,1572.9,0.884,0.2282
2026-09-03T09:39,18.38,259.6,860.4,1577.4,0.89,0.2286
2026-09-03T09:52,18.41,249.0,859.2,1579.1,0.888,0.2289
2026-09-03T10:05,18.46,250.0,869.6,1583.5,0.885,0.2293
2026-09-03T10:18,18.51,249.6,863.2,1577.8,0.883,0.2297
2026-09-03T10:30,18.57,254.8,859.9,1573.5,0.876,0.2302
2026-09-03T10:43,18.64,253.8,869.3,1576.3,0.889,0.2306
2026-09-03T10:56,18.72,254.0,855.4,1567.2,0.893,0.231
2026-09-03T11:09,18.81,248.4,854.7,1577.7,0.9,0.2315
2026-09-03T11:22,18.91,251.4,867.6,1567.7,0.886,0.2319
2026-09-03T11:35,19.01,265.2,857.9,1564.7,0.89,0.2324
2026-09-03T11:48,19.13,249.9,865.3,1573.9,0.892,0.2328
2026-09-03T12:01,19.24,254.6,849.7,1567.4,0.9,0.2333
2026-09-03T12:14,19.37,250.3,861.8,1571.5,0.899,0.2338
2026-09-03T12:27,19.5,255.4,860.9,1571.9,0.895,0.2343
2026-09-03T12:40,19.64,246.0,865.9,1584.7,0.882,0.2348
2026-09-03T12:53,19.78,249.0,865.3,1573.0,0.888,0.2353
2026-09-03T13:06,19.93,247.4,864.5,1564.8,0.871,0.2358
2026-09-03T13:19,20.08,253.7,859.9,1574.0,0.879,0.2363
2026-09-03T13:32,20.24,252.5,869.6,1571.3,0.902,0.2368
2026-09-03T13:45,20.4,253.2,861.9,1578.6,0.896,0.2373
2026-09-03T14:00,20.59,261.4,863.1,1571.4,0.891,0.2379
2026-09-03T14:12,20.75,250.6,867.9,1566.2,0.87,0.2384
2026-09-03T14:25,20.92,260.5,859.3,1569.2,0.882,0.2389
2026-09-03T14:38,21.09,251.4,861.1,1565.6,0.883,0.2394
2026-09-03T14:51,21.26,245.5,868.4,1572.3,0.873,0.24
2026-09-03T15:04,21.43,248.7,862.8,1566.8,0.882,0.2405
2026-09-03T15:17,21.6,254.4,862.3,1572.6,0.867,0.241
2026-09-03T15:30,21.77,244.0,866.2,1575.1,0.892,0.2416
2026-09-03T15:43,21.94,246.3,859.4,1579.0,0.892,0.2421
2026-09-03T15:56,22.11,255.4,868.6,1573.7,0.883,0.2426
2026-09-03T16:09,22.27,247.2,863.3,1576.7,0.883,0.2432
2026-09-03T16:22,22.43,251.2,851.7,1573.3,0.896,0.2437
2026-09-03T16:35,22.59,248.1,858.5,1572.9,0.89,0.2442
2026-09-03T16:48,22.75,248.7,860.9,1571.0,0.883,0.2447
2026-09-03T17:01,22.9,247.0,860.1,1573.7,0.892,0.2453
2026-09-03T17:14,23.04,257.7,852.5,1566.2,0.887,0.2458
2026-09-03T17:27,23.18,246.4,849.6,1574.1,0.882,0.2463
2026-09-03T17:40,23.32,251.4,862.4,1564.3,0.884,0.2468
2026-09-03T17:53,23.45,247.7,859.7,1574.0,0.89,0.2473
2026-09-03T18:06,23.57,253.3,858.6,1575.5,0.888,0.2478
2026-09-03T18:19,23.68,248.6,869.3,1562.7,0.879,0.2483
2026-09-03T18:32,23.79,243.9,848.2,1573.4,0.876,0.2488
2026-09-03T18:45,23.89,249.6,855.3,1567.0,0.891,0.2493
2026-09-03T18:58,23.98,250.4,860.5,1570.0,0.886,0.2497
2026-09-03T19:11,24.06,246.3,861.0,1575.5,0.899,0.2502
2026-09-03T19:24,24.14,250.5,852.0,1565.2,0.898,0.2506
2026-09-03T19:37,24.2,247.8,858.2,1576.2,0.893,0.2511
2026-09-03T19:50,24.26,244.3,856.0,1564.2,0.88,0.2515
2026-09-03T20:03,24.31,253.8,858.9,1567.8,0.897,0.2519
2026-09-03T20:16,24.35,243.1,862.5,1576.0,0.902,0.2524
2026-09-03T20:29,24.38,243.6,866.5,1563.0,0.893,0.2528
2026-09-03T20:42,24.4,255.4,860.3,1564.6,0.904,0.2532
2026-09-03T20:55,24.41,250.5,865.9,1558.7,0.885,0.2536
2026-09-03T21:08,24.41,235.6,861.8,1563.7,0.893,0.2539
2026-09-03T21:21,24.4,248.1,857.8,1559.6,0.886,0.2543
2026-09-03T21:34,24.38,237.7,859.7,1562.3,0.904,0.2547
2026-09-04T06:00,19.34,248.5,859.1,1573.5,0.867,0.25
2026-09-04T06:13,19.23,245.5,857.6,1569.1,0.887,0.2503
2026-09-04T06:26,19.12,252.5,859.2,1564.6,0.883,0.2505
2026-09-04T06:39,19.02,246.3,860.3,1569.1,0.894,0.2508
2026-09-04T06:52,18.92,244.2,856.8,1562.5,0.89,0.2511
2026-09-04T07:05,18.84,244.2,850.1,1571.9,0.896,0.2514
2026-09-04T07:18,18.76,241.5,855.4,1569.2,0.886,0.2517
2026-09-04T07:31,18.7,248.2,851.9,1567.7,0.9,0.252
2026-09-04T07:44,18.64,245.6,855.5,1569.2,0.877,0.2523
2026-09-04T07:56,18.59,242.8,860.7,1574.8,0.898,0.2526
2026-09-04T08:09,18.55,250.3,868.5,1569.0,0.893,0.253
2026-09-04T08:22,18.52,246.5,856.7,1571.4,0.883,0.2533
2026-09-04T08:35,18.5,244.4,869.2,1565.3,0.885,0.2537
2026-09-04T08:48,18.48,256.8,857.3,1564.4,0.881,0.254
2026-09-04T09:01,18.48,254.6,854.4,1563.6,0.895,0.2544
2026-09-04T09:14,18.49,248.0,857.5,1562.6,0.899,0.2548
2026-09-04T09:27,18.51,249.7,862.5,1571.0,0.897,0.2552
2026-09-04T09:40,18.53,250.8,862.8,1574.1,0.883,0.2556
2026-09-04T09:53,18.57,239.9,849.0,1565.5,0.891,0.256
2026-09-04T10:06,18.62,248.3,861.7,1569.8,0.906,0.2564
2026-09-04T10:19,18.67,244.2,865.5,1573.8,0.897,0.2569
2026-09-04T10:32,18.73,249.8,858.2,1573.5,0.898,0.2573
2026-09-04T10:45,18.81,248.2,870.0,1569.4,0.893,0.2578
2026-09-04T10:58,18.89,249.4,850.7,1568.6,0.886,0.2582
2026-09-04T11:11,18.97,248.8,854.7,1569.8,0.896,0.2587
2026-09-04T11:24,19.07,256.5,856.2,1561.5,0.892,0.2592
2026-09-04T11:37,19.18,246.2,863.3,1561.0,0.903,0.2597
2026-09-04T11:50,19.29,247.8,848.4,1558.8,0.881,0.2602
2026-09-04T12:03,19.41,253.2,857.4,1562.9,0.903,0.2607
2026-09-04T12:16,19.54,244.4,854.2,1565.8,0.887,0.2612
2026-09-04T12:29,19.67,250.9,849.9,1568.6,0.887,0.2617
2026-09-04T12:41,19.81,243.2,856.7,1563.5,0.894,0.2623
2026-09-04T12:54,19.95,246.0,856.9,1568.5,0.888,0.2628
2026-09-04T13:07,20.1,240.6,862.7,1571.3,0.899,0.2634
2026-09-04T13:20,20.25,239.8,861.2,1561.0,0.892,0.2639
2026-09-04T13:33,20.41,245.3,850.4,1576.2,0.897,0.2645
2026-09-04T14:00,20.74,245.3,858.3,1572.5,0.896,0.2652
2026-09-04T14:13,20.9,253.2,855.4,1566.1,0.905,0.2658
2026-09-04T14:26,21.07,242.8,855.8,1564.9,0.895,0.2663
2026-09-04T14:39,21.24,250.2,847.7,1563.4,0.908,0.2669
2026-09-04T14:52,21.41,251.3,851.3,1564.3,0.885,0.2675
2026-09-04T15:04,21.58,237.2,864.2,1567.2,0.877,0.2681
2026-09-04T15:17,21.75,243.9,852.7,1570.0,0.907,0.2686
2026-09-04T15:30,21.92,248.3,856.8,1563.2,0.888,0.2692
2026-09-04T15:43,22.09,249.9,852.4,1562.0,0.897,0.2698
2026-09-04T15:56,22.26,253.0,856.0,1572.3,0.885,0.2703
2026-09-04T16:09,22.42,252.3,858.1,1567.9,0.896,0.2709
2026-09-04T16:22,22.58,249.4,858.3,1571.2,0.895,0.2715
2026-09-04T16:35,22.74,250.6,844.6,1562.9,0.89,0.272
2026-09-04T16:48,22.89,255.4,851.0,1564.3,0.874,0.2726
2026-09-04T17:01,23.04,245.3,850.8,1568.8,0.897,0.2732
2026-09-04T17:13,23.19,243.6,853.8,1574.7,0.899,0.2737
2026-09-04T17:26,23.33,245.4,859.7,1565.5,0.892,0.2743
2026-09-04T17:39,23.46,243.4,854.8,1561.0,0.898,0.2748
2026-09-04T17:52,23.59,242.1,859.4,1562.9,0.889,0.2754
2026-09-04T18:05,23.71,252.0,860.2,1568.0,0.892,0.2759
2026-09-04T18:19,23.83,243.9,856.4,1567.0,0.883,0.2764
2026-09-04T18:31,23.94,246.1,854.2,1577.5,0.897,0.2769
2026-09-04T18:44,24.04,247.5,853.6,1559.3,0.882,0.2774
2026-09-04T18:58,24.13,245.7,849.3,1571.3,0.887,0.2779
2026-09-04T19:11,24.21,251.5,854.6,1566.5,0.895,0.2784
2026-09-04T19:24,24.29,242.4,854.1,1559.5,0.882,0.2789
2026-09-04T19:37,24.35,251.8,856.9,1568.5,0.899,0.2794
2026-09-04T19:50,24.41,246.7,850.8,1564.4,0.883,0.2799
2026-09-04T20:03,24.46,245.7,853.2,1562.8,0.9,0.2803
2026-09-04T20:16,24.5,245.8,853.0,1562.7,0.881,0.2808
2026-09-04T20:29,24.53,236.5,856.4,1564.1,0.898,0.2812
2026-09-04T20:42,24.54,241.8,855.3,1555.6,0.876,0.2816
2026-09-04T20:55,24.55,246.7,856.3,1563.1,0.897,0.282
2026-09-04T21:08,24.55,244.9,851.6,1570.6,0.894,0.2824
2026-09-04T21:21,24.54,245.5,854.1,1559.5,0.878,0.2828
2026-09-04T21:34,24.53,236.1,847.0,1561.1,0.905,0.2832
2026-09-05T06:00,19.49,246.6,851.5,1563.0,0.907,0.278
2026-09-05T06:13,19.37,242.1,857.4,1564.4,0.888,0.2782
2026-09-05T06:26,19.26,246.6,862.6,1554.7,0.906,0.2785
2026-09-05T06:39,19.16,248.6,847.2,1558.0,0.897,0.2788
2026-09-05T06:52,19.07,241.5,864.0,1567.8,0.886,0.2791
2026-09-05T07:05,18.98,240.8,856.7,1566.9,0.904,0.2794
2026-09-05T07:18,18.91,249.6,853.2,1562.7,0.903,0.2797
2026-09-05T07:31,18.84,233.9,853.0,1559.9,0.89,0.28
2026-09-05T07:44,18.78,241.2,848.7,1562.5,0.902,0.2804
2026-09-05T07:57,18.73,246.6,844.1,1556.8,0.881,0.2807
2026-09-05T08:10,18.69,244.3,850.4,1558.8,0.891,0.2811
2026-09-05T08:23,18.66,237.3,850.4,1570.9,0.892,0.2814
2026-09-05T08:36,18.64,241.8,846.7,1560.5,0.911,0.2818
2026-09-05T08:49,18.63,243.5,850.0,1565.1,0.892,0.2822
2026-09-05T09:02,18.63,242.8,849.9,1563.6,0.891,0.2826
2026-09-05T09:14,18.64,247.3,843.7,1561.7,0.895,0.283
2026-09-05T09:28,18.65,249.0,851.1,1556.4,0.911,0.2834
2026-09-05T09:40,18.68,245.8,850.8,1561.5,0.888,0.2838
2026-09-05T09:53,18.72,239.4,854.9,1563.0,0.894,0.2843
2026-09-05T10:06,18.76,257.8,857.5,1561.4,0.898,0.2847
2026-09-05T10:19,18.82,240.9,852.7,1556.7,0.893,0.2852
2026-09-05T10:32,18.88,232.0,851.5,1566.9,0.902,0.2857
2026-09-05T10:45,18.95,245.2,853.1,1561.1,0.891,0.2862
2026-09-05T10:58,19.03,248.5,859.1,1552.6,0.904,0.2867
2026-09-05T11:11,19.12,241.7,856.9,1568.0,0.897,0.2872
2026-09-05T11:24,19.22,248.8,846.9,1565.1,0.892,0.2877
2026-09-05T11:37,19.32,240.6,855.7,1562.9,0.898,0.2882
2026-09-05T11:50,19.44,234.5,858.5,1554.3,0.876,0.2887
2026-09-05T12:03,19.56,248.9,847.5,1561.6,0.893,0.2893
2026-09-05T12:16,19.68,248.0,847.2,1554.8,0.888,0.2898
2026-09-05T12:29,19.81,239.7,854.4,1558.4,0.886,0.2904
2026-09-05T12:42,19.95,239.8,853.8,1550.3,0.894,0.291
2026-09-05T12:55,20.1,235.9,859.6,1566.8,0.901,0.2915
2026-09-05T13:08,20.25,231.0,853.1,1556.1,0.887,0.2921
2026-09-05T13:24,20.45,244.2,848.4,1572.1,0.884,0.2928
2026-09-05T13:37,20.6,235.0,851.7,1554.8,0.891,0.2934
2026-09-05T14:00,20.88,246.0,858.5,1557.2,0.9,0.2941
2026-09-05T14:13,21.05,242.9,847.3,1556.1,0.889,0.2947
2026-09-05T14:26,21.22,245.0,849.0,1563.3,0.896,0.2953
2026-09-05T14:39,21.39,246.9,845.4,1561.7,0.927,0.2959
2026-09-05T14:52,21.56,249.3,847.7,1560.8,0.876,0.2965
2026-09-05T15:05,21.73,243.6,854.0,1564.7,0.9,0.2972
2026-09-05T15:18,21.9,230.4,847.7,1558.6,0.909,0.2978
2026-09-05T15:31,22.07,247.0,843.0,1554.6,0.909,0.2984
2026-09-05T15:44,22.24,239.6,848.0,1567.0,0.9,0.299
2026-09-05T15:57,22.41,243.2,843.8,1558.8,0.892,0.2996
2026-09-05T16:10,22.58,239.6,852.2,1567.8,0.909,0.3002
2026-09-05T16:23,22.74,240.6,868.3,1563.7,0.895,0.3008
2026-09-05T16:36,22.9,232.8,852.8,1559.7,0.904,0.3014
2026-09-05T16:49,23.05,239.3,842.9,1560.8,0.889,0.302
2026-09-05T17:02,23.21,232.9,852.2,1558.1,0.913,0.3026
2026-09-05T17:15,23.35,241.1,853.7,1554.6,0.905,0.3032
2026-09-05T17:28,23.49,241.9,849.8,1556.1,0.884,0.3038
2026-09-05T17:41,23.63,249.0,850.1,1562.5,0.903,0.3044
2026-09-05T17:55,23.76,244.0,852.8,1556.2,0.89,0.305
2026-09-05T18:08,23.88,243.5,842.5,1564.6,0.906,0.3056
2026-09-05T18:21,23.99,240.8,855.6,1558.8,0.896,0.3061
2026-09-05T18:34,24.1,243.6,850.6,1570.2,0.905,0.3067
2026-09-05T18:47,24.2,240.9,856.4,1564.5,0.912,0.3072
2026-09-05T19:00,24.29,238.9,852.0,1557.6,0.906,0.3077
2026-09-05T19:13,24.37,234.2,843.6,1554.5,0.923,0.3083
2026-09-05T19:26,24.44,244.9,856.7,1557.6,0.909,0.3088
2026-09-05T19:39,24.51,251.0,855.3,1560.9,0.892,0.3093
2026-09-05T19:52,24.56,228.5,855.4,1559.6,0.907,0.3098
2026-09-05T20:05,24.61,240.2,845.5,1559.4,0.901,0.3102
2026-09-05T20:19,24.65,235.1,853.2,1556.5,0.903,0.3107
2026-09-05T20:32,24.67,232.2,849.8,1559.8,0.903,0.3112
2026-09-05T20:45,24.69,232.8,844.7,1557.6,0.891,0.3116
2026-09-05T20:58,24.7,237.9,843.0,1560.1,0.909,0.312
2026-09-05T21:11,24.7,241.1,846.7,1554.8,0.887,0.3125
2026-09-05T21:24,24.68,241.4,846.6,1549.2,0.908,0.3129
2026-09-05T21:37,24.66,234.6,849.0,1546.2,0.905,0.3133
2026-09-06T06:00,19.63,232.4,850.2,1560.6,0.894,0.3075
2026-09-06T06:12,19.51,233.6,841.7,1553.1,0.897,0.3077
2026-09-06T06:25,19.41,245.5,849.3,1552.5,0.904,0.308
2026-09-06T06:38,19.3,243.7,848.1,1560.3,0.886,0.3083
2026-09-06T06:52,19.21,235.7,841.5,1555.9,0.909,0.3086
2026-09-06T07:04,19.13,236.3,847.7,1562.4,0.892,0.3089
2026-09-06T07:17,19.05,241.3,856.4,1564.2,0.903,0.3093
2026-09-06T07:30,18.98,230.5,852.4,1551.3,0.89,0.3096
2026-09-06T07:43,18.92,231.3,862.3,1558.9,0.894,0.3099
2026-09-06T07:56,18.87,239.3,846.0,1565.5,0.897,0.3103
2026-09-06T08:09,18.83,238.9,854.7,1556.4,0.911,0.3107
2026-09-06T08:22,18.8,246.3,839.6,1561.4,0.898,0.311
2026-09-06T08:35,18.78,252.6,852.7,1556.2,0.901,0.3114
2026-09-06T08:48,18.77,242.5,848.5,1558.2,0.905,0.3118
2026-09-06T09:01,18.77,235.2,847.8,1560.4,0.902,0.3123
2026-09-06T09:14,18.77,235.2,851.9,1556.5,0.884,0.3127
2026-09-06T09:27,18.79,245.8,845.2,1546.9,0.902,0.3131
2026-09-06T09:40,18.82,239.8,836.0,1562.4,0.901,0.3136
2026-09-06T09:53,18.85,242.0,850.9,1556.3,0.917,0.314
2026-09-06T10:06,18.9,231.8,852.5,1556.9,0.899,0.3145
2026-09-06T10:19,18.95,242.0,839.1,1554.2,0.911,0.315
2026-09-06T10:32,19.02,239.9,836.1,1558.5,0.911,0.3155
2026-09-06T10:45,19.09,235.6,853.3,1556.5,0.905,0.316
2026-09-06T10:58,19.17,241.5,839.2,1559.7,0.892,0.3166
2026-09-06T11:11,19.26,234.4,845.6,1552.7,0.887,0.3171
2026-09-06T11:24,19.36,233.1,851.0,1565.2,0.915,0.3176
2026-09-06T11:37,19.46,240.4,847.3,1556.2,0.907,0.3182
2026-09-06T11:50,19.58,241.2,847.1,1552.3,0.907,0.3188
2026-09-06T12:03,19.7,241.9,853.2,1553.2,0.912,0.3194
2026-09-06T12:17,19.83,240.1,842.9,1548.0,0.903,0.3199
2026-09-06T12:30,19.96,226.9,840.1,1561.6,0.904,0.3205
2026-09-06T12:43,20.1,241.1,844.6,1549.0,0.906,0.3212
2026-09-06T12:56,20.25,228.4,847.3,1548.7,0.917,0.3218
2026-09-06T13:09,20.4,234.4,848.2,1555.7,0.899,0.3224
2026-09-06T13:22,20.55,237.8,846.2,1551.5,0.908,0.323
2026-09-06T13:35,20.71,242.8,856.6,1562.0,0.901,0.3236
2026-09-06T14:00,21.02,231.8,842.9,1561.1,0.888,0.3245
2026-09-06T14:12,21.18,236.7,839.0,1553.4,0.905,0.3251
2026-09-06T14:25,21.35,231.8,850.1,1562.8,0.894,0.3258
2026-09-06T14:38,21.52,234.8,850.9,1547.6,0.909,0.3264
2026-09-06T14:51,21.69,230.1,847.5,1552.0,0.927,0.3271
2026-09-06T15:04,21.86,240.8,838.1,1552.2,0.892,0.3277
2026-09-06T15:17,22.04,234.5,848.5,1552.3,0.892,0.3284
2026-09-06T15:30,22.21,242.5,847.5,1555.7,0.899,0.3291
2026-09-06T15:43,22.38,233.5,846.5,1551.1,0.906,0.3297
2026-09-06T15:57,22.54,237.4,844.7,1558.3,0.913,0.3304
2026-09-06T16:10,22.71,231.5,843.8,1555.9,0.909,0.331
2026-09-06T16:23,22.87,239.4,847.8,1555.3,0.903,0.3317
2026-09-06T16:36,23.03,231.1,843.0,1560.5,0.92,0.3323
2026-09-06T16:49,23.19,231.6,842.5,1557.6,0.908,0.3329
2026-09-06T17:02,23.34,240.2,851.7,1556.0,0.905,0.3336
2026-09-06T17:15,23.48,243.5,842.8,1552.0,0.911,0.3342
2026-09-06T17:28,23.62,234.1,841.6,1556.2,0.904,0.3348
2026-09-06T17:41,23.76,232.6,841.9,1553.6,0.929,0.3355
2026-09-06T17:54,23.89,232.6,847.8,1552.0,0.912,0.3361
2026-09-06T18:07,24.01,234.0,846.8,1542.3,0.919,0.3367
2026-09-06T18:20,24.12,229.8,848.5,1551.9,0.907,0.3373
2026-09-06T18:33,24.23,233.3,846.0,1562.8,0.908,0.3378
2026-09-06T18:46,24.33,229.3,842.6,1556.8,0.918,0.3384
2026-09-06T19:00,24.42,231.2,855.1,1555.7,0.913,0.339
2026-09-06T19:13,24.5,231.2,839.2,1545.9,0.916,0.3395
2026-09-06T19:26,24.58,238.6,844.1,1552.4,0.912,0.3401
2026-09-06T19:39,24.64,232.5,850.0,1550.2,0.909,0.3406
2026-09-06T19:52,24.7,236.8,837.3,1554.4,0.917,0.3411
2026-09-06T20:05,24.74,239.0,846.5,1549.5,0.915,0.3416
2026-09-06T20:18,24.78,234.2,861.2,1550.7,0.914,0.3421
2026-09-06T20:31,24.81,234.4,840.1,1546.0,0.915,0.3426
2026-09-06T20:44,24.83,231.3,833.8,1555.4,0.923,0.3431
2026-09-06T20:57,24.83,227.1,839.8,1546.5,0.925,0.3435
2026-09-06T21:11,24.83,226.7,845.0,1551.0,0.92,0.344
2026-09-06T21:24,24.82,230.2,837.5,1555.7,0.924,0.3444
2026-09-06T21:37,24.8,228.6,849.1,1553.4,0.921,0.3448
2026-09-07T06:00,19.76,231.2,845.6,1545.6,0.916,0.3384
2026-09-07T06:12,19.65,231.1,846.8,1558.6,0.923,0.3387
2026-09-07T06:25,19.54,231.9,838.4,1564.4,0.915,0.339
2026-09-07T06:38,19.44,233.5,847.6,1550.8,0.936,0.3393
2026-09-07T06:51,19.34,228.4,832.7,1548.3,0.915,0.3396
2026-09-07T07:04,19.26,233.8,844.0,1556.8,0.923,0.3399
2026-09-07T07:21,19.16,242.8,844.4,1557.3,0.911,0.3402
2026-09-07T07:34,19.1,224.2,842.8,1544.3,0.925,0.3406
2026-09-07T07:47,19.04,230.4,846.6,1548.5,0.92,0.3409
2026-09-07T08:00,18.99,231.3,844.1,1555.3,0.912,0.3413
2026-09-07T08:13,18.95,237.2,842.2,1561.3,0.934,0.3417
2026-09-07T08:26,18.93,245.4,845.5,1545.3,0.913,0.3421
2026-09-07T08:39,18.91,230.4,835.2,1554.1,0.924,0.3425
2026-09-07T08:52,18.9,235.4,848.9,1546.3,0.935,0.3429
2026-09-07T09:05,18.9,236.0,847.7,1549.5,0.917,0.3434
2026-09-07T09:18,18.91,233.9,831.7,1557.0,0.937,0.3438
2026-09-07T09:31,18.93,234.0,833.7,1548.2,0.945,0.3443
2026-09-07T09:44,18.96,229.6,850.1,1545.3,0.934,0.3448
2026-09-07T09:58,19.0,227.6,836.2,1552.1,0.91,0.3452
2026-09-07T10:11,19.05,233.4,845.5,1553.6,0.933,0.3458
2026-09-07T10:24,19.11,234.8,841.8,1550.6,0.929,0.3463
2026-09-07T10:37,19.17,219.8,842.4,1556.5,0.92,0.3468
2026-09-07T10:50,19.25,232.8,840.9,1552.9,0.922,0.3474
2026-09-07T11:03,19.33,235.0,849.7,1558.7,0.936,0.3479
2026-09-07T11:16,19.43,231.8,838.7,1555.4,0.913,0.3485
2026-09-07T11:29,19.53,234.4,845.5,1551.4,0.922,0.3491
2026-09-07T11:42,19.64,223.7,839.1,1551.8,0.927,0.3497
2026-09-07T11:55,19.75,234.6,840.7,1556.6,0.934,0.3503
2026-09-07T12:08,19.87,235.3,839.0,1557.9,0.936,0.3509
2026-09-07T12:21,20.01,235.4,840.1,1562.9,0.923,0.3515
2026-09-07T12:35,20.14,232.8,830.6,1555.5,0.944,0.3522
2026-09-07T12:48,20.29,238.3,829.5,1550.5,0.925,0.3528
2026-09-07T13:01,20.43,232.2,855.9,1545.0,0.928,0.3535
2026-09-07T13:14,20.59,236.5,843.1,1558.4,0.923,0.3541
2026-09-07T13:27,20.75,233.9,848.6,1549.1,0.93,0.3548
2026-09-07T13:40,20.91,231.9,836.6,1549.0,0.929,0.3555
2026-09-07T14:00,21.15,235.9,836.1,1557.4,0.936,0.3563
2026-09-07T14:13,21.32,233.7,842.0,1554.2,0.945,0.357
2026-09-07T14:26,21.49,231.1,845.3,1550.4,0.923,0.3577
2026-09-07T14:39,21.66,225.2,836.7,1547.8,0.924,0.3584
2026-09-07T14:52,21.83,227.7,836.9,1546.2,0.923,0.359
2026-09-07T15:05,22.0,236.1,851.3,1551.7,0.922,0.3597
2026-09-07T15:18,22.18,227.2,840.0,1553.3,0.931,0.3604
2026-09-07T15:32,22.35,237.1,832.7,1558.4,0.926,0.3611
2026-09-07T15:45,22.52,218.1,844.4,1554.0,0.919,0.3618
2026-09-07T15:58,22.69,230.4,841.0,1563.1,0.937,0.3625
2026-09-07T16:11,22.86,224.7,832.9,1554.0,0.934,0.3632
2026-09-07T16:24,23.02,224.0,839.9,1554.3,0.941,0.3639
2026-09-07T16:37,23.18,233.8,842.0,1545.3,0.932,0.3646
2026-09-07T16:51,23.34,227.8,841.5,1552.7,0.95,0.3653
2026-09-07T17:04,23.49,239.7,833.7,1541.3,0.922,0.366
2026-09-07T17:17,23.63,235.8,836.3,1551.8,0.931,0.3666
2026-09-07T17:32,23.79,232.8,848.4,1542.9,0.94,0.3673
2026-09-07T17:45,23.93,227.5,841.1,1549.7,0.935,0.368
2026-09-07T17:58,24.05,225.7,840.3,1551.8,0.916,0.3686
2026-09-07T18:11,24.17,228.1,837.7,1543.7,0.932,0.3693
2026-09-07T18:24,24.28,233.4,844.0,1543.8,0.933,0.3699
2026-09-07T18:37,24.39,233.7,839.2,1547.8,0.954,0.3705
2026-09-07T18:50,24.48,225.1,839.0,1552.2,0.953,0.3711
2026-09-07T19:04,24.57,237.2,851.3,1550.8,0.937,0.3717
2026-09-07T19:17,24.65,231.8,841.2,1533.0,0.927,0.3723
2026-09-07T19:30,24.73,231.3,841.3,1552.1,0.944,0.3728
2026-09-07T19:43,24.79,235.3,838.8,1550.3,0.942,0.3734
2026-09-07T19:56,24.84,222.7,839.0,1555.4,0.943,0.3739
2026-09-07T20:09,24.88,228.2,840.9,1546.1,0.94,0.3744
2026-09-07T20:22,24.92,227.4,841.0,1547.9,0.939,0.375
2026-09-07T20:36,24.94,236.7,844.4,1549.3,0.941,0.3755
2026-09-07T20:49,24.96,230.1,836.7,1542.0,0.932,0.3759
2026-09-07T21:02,24.96,235.6,848.7,1556.3,0.949,0.3764
2026-09-07T21:15,24.95,228.3,833.6,1543.7,0.947,0.3769
2026-09-07T21:28,24.94,230.0,844.0,1557.7,0.957,0.3773
2026-09-07T21:42,24.91,230.3,834.5,1550.8,0.934,0.3777
2026-09-08T06:00,19.88,226.6,838.9,1549.1,0.949,0.3707
2026-09-08T06:13,19.77,228.5,837.5,1561.0,0.944,0.371
2026-09-08T06:26,19.66,232.2,832.3,1559.8,0.935,0.3713
2026-09-08T06:39,19.55,225.1,845.5,1547.0,0.945,0.3716
2026-09-08T06:57,19.43,234.2,845.9,1544.6,0.941,0.3719
2026-09-08T07:10,19.35,225.2,842.7,1548.4,0.956,0.3722
2026-09-08T07:23,19.27,222.8,837.8,1539.7,0.938,0.3725
2026-09-08T07:36,19.21,214.8,839.3,1557.3,0.934,0.3729
2026-09-08T07:49,19.15,216.4,841.9,1551.9,0.933,0.3733
2026-09-08T08:02,19.11,227.6,840.2,1557.1,0.943,0.3737
2026-09-08T08:15,19.07,223.5,840.1,1547.0,0.946,0.3741
2026-09-08T08:28,19.04,223.4,830.4,1548.6,0.942,0.3745
2026-09-08T08:41,19.03,220.6,833.8,1554.1,0.958,0.3749
2026-09-08T08:54,19.02,232.8,830.8,1550.4,0.952,0.3753
2026-09-08T09:07,19.02,221.9,843.0,1540.1,0.943,0.3758
2026-09-08T09:20,19.03,237.3,838.2,1548.8,0.968,0.3763
2026-09-08T09:33,19.05,224.7,829.8,1547.1,0.95,0.3768
2026-09-08T09:47,19.08,222.0,840.3,1547.3,0.952,0.3773
2026-09-08T10:00,19.13,229.6,828.3,1553.4,0.949,0.3778
2026-09-08T10:13,19.18,225.9,838.1,1548.9,0.954,0.3783
2026-09-08T10:26,19.24,223.3,833.3,1554.6,0.942,0.3789
2026-09-08T10:39,19.3,231.1,843.5,1542.6,0.926,0.3794
2026-09-08T10:52,19.38,221.5,841.9,1539.8,0.967,0.38
2026-09-08T11:05,19.47,226.2,835.2,1549.5,0.958,0.3806
2026-09-08T11:19,19.57,225.6,833.8,1548.6,0.955,0.3812
2026-09-08T11:32,19.67,220.5,835.9,1540.8,0.946,0.3818
2026-09-08T11:45,19.78,227.0,847.6,1539.5,0.951,0.3825
2026-09-08T11:58,19.9,228.7,834.9,1544.6,0.962,0.3831
2026-09-08T12:12,20.03,221.6,843.0,1549.1,0.96,0.3838
2026-09-08T12:25,20.16,227.7,837.1,1557.7,0.952,0.3844
2026-09-08T12:38,20.3,231.6,839.1,1545.4,0.941,0.3851
2026-09-08T12:51,20.44,225.3,837.3,1545.9,0.947,0.3858
2026-09-08T13:04,20.59,223.4,836.1,1539.4,0.96,0.3865
2026-09-08T13:17,20.74,226.6,839.8,1550.1,0.957,0.3872
2026-09-08T13:30,20.9,233.2,832.3,1542.3,0.954,0.3879
2026-09-08T13:44,21.06,216.9,832.0,1544.5,0.944,0.3886
2026-09-08T14:00,21.27,228.3,836.3,1547.3,0.947,0.3894
2026-09-08T14:13,21.44,227.5,829.4,1540.6,0.958,0.3902
2026-09-08T14:26,21.61,230.4,833.3,1554.7,0.948,0.3909
2026-09-08T14:39,21.78,227.2,835.0,1555.3,0.967,0.3916
2026-09-08T14:52,21.95,214.8,837.6,1550.3,0.947,0.3924
2026-09-08T15:05,22.13,212.5,840.8,1538.6,0.968,0.3931
2026-09-08T15:19,22.3,228.3,848.6,1543.3,0.972,0.3938
2026-09-08T15:32,22.47,226.9,839.3,1543.4,0.969,0.3946
2026-09-08T15:45,22.64,225.7,835.9,1547.1,0.972,0.3953
2026-09-08T15:58,22.81,223.5,837.0,1549.0,0.947,0.3961
2026-09-08T16:12,22.98,224.0,835.0,1550.1,0.955,0.3968
2026-09-08T16:25,23.15,220.4,833.7,1549.1,0.948,0.3975
2026-09-08T16:38,23.31,224.7,839.2,1541.8,0.964,0.3983
2026-09-08T16:51,23.46,220.7,835.4,1543.0,0.957,0.399
2026-09-08T17:05,23.61,225.2,837.8,1547.2,0.956,0.3997
2026-09-08T17:18,23.76,229.3,840.3,1552.1,0.968,0.4004
2026-09-08T17:31,23.9,218.4,837.1,1540.9,0.955,0.4011
2026-09-08T17:44,24.04,225.0,836.5,1551.9,0.965,0.4018
2026-09-08T17:58,24.16,227.6,834.9,1537.1,0.969,0.4025
2026-09-08T18:11,24.29,220.7,831.6,1549.5,0.958,0.4031
2026-09-08T18:24,24.4,220.2,833.3,1544.5,0.963,0.4038
2026-09-08T18:37,24.5,239.5,837.8,1551.4,0.957,0.4044
2026-09-08T18:51,24.6,238.1,832.2,1545.8,0.987,0.4051
2026-09-08T19:04,24.69,226.3,834.5,1551.3,0.942,0.4057
2026-09-08T19:17,24.77,229.4,837.9,1554.2,0.968,0.4063
2026-09-08T19:30,24.84,228.5,827.7,1551.4,0.976,0.4069
2026-09-08T19:43,24.9,222.8,835.7,1545.0,0.976,0.4075
2026-09-08T19:57,24.96,225.1,835.5,1552.8,0.991,0.4081
2026-09-08T20:10,25.0,226.0,837.1,1551.6,0.982,0.4086
2026-09-08T20:23,25.03,225.1,833.7,1542.1,0.96,0.4091
2026-09-08T20:36,25.06,228.6,835.0,1543.3,0.945,0.4097
2026-09-08T20:50,25.07,221.7,833.0,1540.8,0.978,0.4102
2026-09-08T21:03,25.07,231.8,842.9,1543.8,0.944,0.4106
2026-09-08T21:16,25.07,229.1,835.5,1552.6,0.965,0.4111
2026-09-08T21:30,25.05,235.3,837.0,1542.7,0.969,0.4116
2026-09-08T21:43,25.02,227.0,833.4,1543.6,0.964,0.412
2026-09-09T06:00,19.99,228.9,836.8,1545.1,0.959,0.4043
2026-09-09T06:13,19.88,227.8,832.6,1549.6,0.955,0.4046
2026-09-09T06:26,19.76,219.1,834.4,1536.5,0.96,0.4049
2026-09-09T06:39,19.66,227.6,828.4,1532.3,0.963,0.4052
2026-09-09T06:53,19.57,226.2,837.3,1549.9,0.965,0.4055
2026-09-09T07:06,19.48,217.1,829.8,1541.4,0.958,0.4059
2026-09-09T07:19,19.4,225.7,832.3,1546.7,0.984,0.4062
2026-09-09T07:33,19.33,222.7,834.0,1549.9,0.971,0.4066
2026-09-09T07:46,19.28,224.4,830.9,1545.6,0.982,0.4069
2026-09-09T08:00,19.23,223.1,825.4,1546.5,0.972,0.4073
2026-09-09T08:13,19.19,212.5,829.6,1537.2,0.955,0.4077
2026-09-09T08:26,19.16,218.9,830.9,1545.8,0.979,0.4082
2026-09-09T08:39,19.14,221.7,828.4,1539.4,0.973,0.4086
2026-09-09T08:53,19.13,222.0,837.0,1551.3,0.98,0.4091
2026-09-09T09:06,19.13,225.3,827.1,1546.0,0.959,0.4095
2026-09-09T09:19,19.14,216.1,843.3,1550.5,0.975,0.41
2026-09-09T09:32,19.16,230.4,833.4,1548.3,0.976,0.4106
2026-09-09T09:45,19.19,208.9,831.4,1540.6,0.98,0.4111
2026-09-09T09:59,19.23,221.5,833.5,1543.2,0.971,0.4116
2026-09-09T10:12,19.28,224.6,830.8,1546.9,0.977,0.4122
2026-09-09T10:25,19.34,221.5,828.8,1535.7,0.98,0.4128
2026-09-09T10:38,19.41,217.8,829.4,1530.3,0.972,0.4133
2026-09-09T10:52,19.49,224.8,832.7,1538.2,0.974,0.414
2026-09-09T11:05,19.58,224.9,833.9,1535.9,0.979,0.4146
2026-09-09T11:18,19.67,228.8,837.6,1539.1,0.979,0.4152
2026-09-09T11:32,19.78,224.7,829.9,1538.8,0.985,0.4159
2026-09-09T11:45,19.89,219.3,833.3,1544.3,0.992,0.4165
2026-09-09T11:58,20.01,224.8,835.5,1538.4,0.982,0.4172
2026-09-09T12:11,20.13,213.7,823.5,1537.6,0.983,0.4179
2026-09-09T12:25,20.27,220.4,825.5,1536.4,0.983,0.4186
2026-09-09T12:38,20.41,225.5,834.0,1539.8,0.975,0.4193
2026-09-09T12:51,20.55,217.2,829.7,1537.4,1.004,0.4201
2026-09-09T13:04,20.7,231.8,826.2,1548.0,0.992,0.4208
2026-09-09T13:18,20.85,226.7,838.7,1539.8,0.99,0.4215
2026-09-09T13:31,21.02,217.1,831.8,1532.9,0.971,0.4223
2026-09-09T13:44,21.18,214.7,827.3,1548.8,0.984,0.4231
2026-09-09T14:00,21.37,219.7,838.4,1533.7,0.992,0.4239
2026-09-09T14:13,21.54,228.4,834.7,1545.6,1.0,0.4246
2026-09-09T14:26,21.71,224.4,835.7,1538.8,1.006,0.4254
2026-09-09T14:39,21.89,225.0,835.1,1543.8,0.977,0.4262
2026-09-09T14:52,22.06,228.1,832.3,1541.9,0.987,0.427
2026-09-09T15:06,22.24,225.7,826.0,1542.7,0.996,0.4278
2026-09-09T15:19,22.41,218.8,837.9,1540.4,0.97,0.4285
2026-09-09T15:32,22.59,220.8,839.3,1537.2,0.977,0.4293
2026-09-09T15:46,22.76,220.7,836.1,1535.4,1.003,0.4301
2026-09-09T15:59,22.93,223.4,833.5,1534.4,0.994,0.4309
2026-09-09T16:12,23.09,217.4,821.6,1546.2,0.972,0.4317
2026-09-09T16:25,23.26,218.6,829.2,1537.4,1.007,0.4324
2026-09-09T16:38,23.42,221.5,828.6,1542.5,0.983,0.4332
2026-09-09T16:52,23.57,220.6,835.1,1544.2,0.987,0.434
2026-09-09T17:05,23.72,223.5,833.3,1545.5,0.996,0.4347
2026-09-09T17:18,23.87,216.2,839.2,1545.9,0.988,0.4355
2026-09-09T17:31,24.01,225.0,834.1,1538.0,0.986,0.4362
2026-09-09T17:45,24.14,220.2,828.5,1538.7,0.975,0.4369
2026-09-09T17:58,24.27,215.4,828.2,1532.6,0.995,0.4376
2026-09-09T18:11,24.39,226.2,829.9,1538.3,0.994,0.4383
2026-09-09T18:25,24.51,217.9,838.8,1537.4,0.985,0.439
2026-09-09T18:38,24.61,220.8,825.8,1537.4,0.988,0.4397
2026-09-09T18:51,24.71,223.4,823.8,1540.1,0.991,0.4404
2026-09-09T19:04,24.8,221.8,825.7,1544.0,0.979,0.441
2026-09-09T19:18,24.88,223.8,831.0,1538.9,0.988,0.4417
2026-09-09T19:31,24.95,230.4,827.9,1542.1,0.984,0.4423
2026-09-09T19:44,25.01,224.6,831.7,1541.0,0.989,0.4429
2026-09-09T19:58,25.07,227.0,825.4,1553.5,0.994,0.4435
2026-09-09T20:11,25.11,219.4,836.4,1547.4,1.002,0.444
2026-09-09T20:24,25.14,224.5,833.5,1544.4,0.998,0.4446
2026-09-09T20:37,25.16,222.6,823.9,1543.6,1.012,0.4451
2026-09-09T20:51,25.18,219.8,829.6,1541.3,1.021,0.4457
2026-09-09T21:04,25.18,220.6,822.5,1542.9,0.995,0.4462
2026-09-09T21:17,25.17,217.2,827.9,1540.7,0.992,0.4467
2026-09-09T21:31,25.15,212.5,828.9,1537.8,1.002,0.4471
2026-09-09T21:44,25.13,215.5,827.5,1539.8,0.989,0.4476
2026-09-10T06:00,20.09,215.3,822.9,1545.2,0.993,0.4392
2026-09-10T06:13,19.98,221.6,824.2,1532.8,0.998,0.4395
2026-09-10T06:26,19.86,225.7,832.6,1537.7,0.995,0.4398
2026-09-10T06:39,19.76,214.6,828.6,1533.2,0.992,0.4401
2026-09-10T06:52,19.67,215.2,820.3,1540.2,0.991,0.4404
2026-09-10T07:06,19.58,208.5,821.3,1538.8,0.991,0.4408
2026-09-10T07:19,19.5,212.6,833.2,1536.0,0.994,0.4411
2026-09-10T07:32,19.43,226.3,828.3,1532.0,0.996,0.4415
2026-09-10T07:46,19.37,213.9,828.6,1529.3,0.999,0.4419
2026-09-10T07:59,19.33,223.6,823.2,1541.3,1.015,0.4423
2026-09-10T08:12,19.29,219.0,821.2,1542.2,1.003,0.4427
2026-09-10T08:25,19.26,217.2,815.7,1530.0,0.988,0.4431
2026-09-10T08:39,19.24,220.7,820.3,1539.3,0.993,0.4436
2026-09-10T08:52,19.23,221.3,832.7,1540.3,1.022,0.444
2026-09-10T09:05,19.23,213.2,839.7,1532.4,1.003,0.4445
2026-09-10T09:19,19.24,223.4,827.0,1543.6,1.011,0.4451
2026-09-10T09:32,19.26,221.1,822.6,1537.1,0.988,0.4456
2026-09-10T09:45,19.29,217.1,830.9,1536.3,1.006,0.4461
2026-09-10T09:58,19.33,217.7,822.4,1535.7,0.995,0.4467
2026-09-10T10:12,19.38,218.0,831.3,1542.0,1.005,0.4473
2026-09-10T10:25,19.44,212.6,824.0,1539.2,1.013,0.4479
2026-09-10T10:39,19.51,218.6,833.0,1538.2,1.001,0.4485
2026-09-10T10:52,19.59,210.4,830.2,1540.5,1.016,0.4491
2026-09-10T11:06,19.68,216.1,833.9,1541.7,0.994,0.4498
2026-09-10T11:19,19.77,205.7,827.3,1537.3,1.011,0.4505
2026-09-10T11:32,19.88,209.7,823.8,1535.8,1.007,0.4511
2026-09-10T11:45,19.99,216.2,825.1,1542.2,1.01,0.4518
2026-09-10T11:59,20.11,218.5,838.7,1525.7,1.008,0.4526
2026-09-10T12:12,20.24,214.1,825.9,1537.8,0.998,0.4533
2026-09-10T12:25,20.37,220.3,833.8,1539.5,1.016,0.454
2026-09-10T12:39,20.51,219.1,826.6,1536.1,1.017,0.4548
2026-09-10T12:52,20.65,225.1,832.8,1540.5,1.016,0.4555
2026-09-10T13:05,20.8,227.3,816.5,1528.2,1.015,0.4563
2026-09-10T13:19,20.96,214.7,826.8,1543.7,1.01,0.4571
2026-09-10T13:32,21.12,221.4,820.3,1537.0,1.003,0.4579
2026-09-10T13:45,21.29,213.3,821.4,1539.5,1.029,0.4587
2026-09-10T14:00,21.47,216.6,820.2,1534.7,1.02,0.4595
2026-09-10T14:13,21.64,227.8,828.5,1537.2,1.014,0.4604
2026-09-10T14:26,21.81,217.8,823.1,1531.2,1.021,0.4612
2026-09-10T14:40,21.99,216.3,826.8,1531.8,1.004,0.462
2026-09-10T14:53,22.16,216.6,827.1,1541.9,1.021,0.4628
2026-09-10T15:06,22.34,219.8,820.9,1539.1,1.025,0.4637
2026-09-10T15:20,22.51,214.0,829.5,1542.4,1.011,0.4645
2026-09-10T15:33,22.69,216.7,821.7,1540.2,1.025,0.4653
2026-09-10T15:46,22.86,218.3,834.9,1531.9,1.02,0.4661
2026-09-10T16:00,23.03,209.1,827.6,1534.9,1.017,0.467
2026-09-10T16:13,23.2,209.5,820.1,1543.9,1.016,0.4678
2026-09-10T16:26,23.36,216.3,822.6,1533.5,1.011,0.4686
2026-09-10T16:40,23.53,215.8,828.2,1535.5,1.029,0.4694
2026-09-10T16:53,23.69,222.0,828.3,1537.9,1.009,0.4702
2026-09-10T17:07,23.84,222.9,823.2,1540.0,1.024,0.471
2026-09-10T17:20,23.99,205.8,821.5,1544.0,1.006,0.4718
2026-09-10T17:34,24.13,215.9,826.0,1532.4,1.042,0.4726
2026-09-10T17:47,24.26,212.5,822.5,1530.8,1.009,0.4733
2026-09-10T18:01,24.39,213.4,820.6,1535.1,1.02,0.4741
2026-09-10T18:14,24.51,211.7,828.9,1533.9,1.024,0.4748
2026-09-10T18:28,24.63,213.7,826.3,1537.0,1.007,0.4755
2026-09-10T18:41,24.73,223.8,835.5,1537.0,1.013,0.4762
2026-09-10T18:55,24.83,213.5,838.5,1531.3,1.028,0.4769
2026-09-10T19:08,24.91,211.5,829.7,1530.3,1.026,0.4776
2026-09-10T19:21,24.99,219.9,824.9,1531.8,1.011,0.4783
2026-09-10T19:35,25.06,215.8,829.5,1536.9,1.025,0.4789
2026-09-10T19:48,25.12,221.6,825.2,1538.9,1.011,0.4796
2026-09-10T20:01,25.17,210.0,825.3,1535.6,1.018,0.4802
2026-09-10T20:15,25.21,218.2,822.5,1535.3,1.025,0.4808
2026-09-10T20:28,25.24,219.5,822.0,1532.8,1.027,0.4813
2026-09-10T20:42,25.26,218.0,833.4,1536.3,1.015,0.4819
2026-09-10T20:55,25.27,218.0,814.3,1525.6,1.032,0.4824
2026-09-10T21:08,25.27,218.5,822.2,1541.6,1.026,0.4829
2026-09-10T21:22,25.26,214.2,824.2,1539.7,1.025,0.4834
2026-09-10T21:35,25.23,209.0,828.9,1535.2,1.03,0.4839
2026-09-11T06:00,20.18,213.2,825.3,1525.7,0.803,0.4748
2026-09-11T06:12,20.06,212.3,821.2,1529.6,0.799,0.4751
2026-09-11T06:25,19.95,204.8,821.8,1544.9,0.795,0.4754
2026-09-11T06:38,19.85,209.8,830.5,1544.9,0.79,0.4757
2026-09-11T06:51,19.76,212.1,819.8,1522.6,0.8,0.476
2026-09-11T07:04,19.68,218.8,827.2,1534.4,0.8,0.4764
2026-09-11T07:17,19.6,205.6,818.0,1538.0,0.795,0.4767
2026-09-11T07:30,19.53,209.8,822.1,1534.5,0.801,0.4771
2026-09-11T07:43,19.47,212.3,819.9,1532.0,0.795,0.4775
2026-09-11T07:56,19.42,209.9,825.5,1529.9,0.8,0.4779
2026-09-11T08:09,19.38,215.2,821.8,1529.8,0.804,0.4783
2026-09-11T08:22,19.35,214.2,814.7,1531.4,0.811,0.4788
2026-09-11T08:35,19.33,212.3,820.6,1538.9,0.798,0.4792
2026-09-11T08:47,19.31,218.9,822.8,1543.1,0.801,0.4797
2026-09-11T09:00,19.31,222.1,824.4,1532.8,0.8,0.4802
2026-09-11T09:13,19.31,215.0,817.1,1532.0,0.786,0.4807
2026-09-11T09:29,19.34,214.3,834.7,1522.8,0.786,0.4813
2026-09-11T09:42,19.36,213.0,823.3,1533.6,0.807,0.4819
2026-09-11T09:55,19.4,218.4,837.4,1525.9,0.8,0.4824
2026-09-11T10:08,19.44,217.2,828.1,1529.5,0.801,0.483
2026-09-11T10:21,19.5,216.0,822.1,1531.3,0.794,0.4836
2026-09-11T10:34,19.56,213.2,821.3,1524.7,0.807,0.4843
2026-09-11T10:47,19.64,211.4,810.6,1530.5,0.787,0.4849
2026-09-11T11:00,19.72,214.2,830.8,1532.6,0.798,0.4856
2026-09-11T11:13,19.81,208.2,822.7,1533.4,0.803,0.4863
2026-09-11T11:26,19.91,210.0,822.2,1537.2,0.804,0.487
2026-09-11T11:38,20.01,209.1,825.9,1531.9,0.783,0.4877
2026-09-11T11:51,20.12,217.5,825.1,1533.7,0.793,0.4884
2026-09-11T12:05,20.24,211.8,816.0,1533.0,0.797,0.4892
2026-09-11T12:18,20.37,209.4,822.8,1533.5,0.791,0.49
2026-09-11T12:30,20.5,215.5,834.0,1529.9,0.815,0.4907
2026-09-11T12:44,20.64,212.6,824.0,1521.8,0.807,0.4915
2026-09-11T12:57,20.79,221.4,815.1,1538.0,0.794,0.4923
2026-09-11T13:10,20.94,222.9,826.9,1541.2,0.79,0.4931
2026-09-11T13:23,21.09,203.8,822.1,1532.0,0.805,0.494
2026-09-11T13:36,21.25,212.9,827.9,1536.0,0.787,0.4948
2026-09-11T14:00,21.55,217.4,825.0,1529.5,0.797,0.4959
2026-09-11T14:12,21.71,211.6,815.8,1526.9,0.786,0.4967
2026-09-11T14:25,21.88,209.9,813.5,1530.0,0.801,0.4976
2026-09-11T14:38,22.05,208.9,813.1,1542.6,0.805,0.4984
2026-09-11T14:52,22.22,211.9,813.3,1533.3,0.803,0.4993
2026-09-11T15:05,22.4,212.7,820.4,1538.5,0.813,0.5002
2026-09-11T15:18,22.57,210.9,821.3,1526.8,0.795,0.501
2026-09-11T15:31,22.74,209.3,823.5,1529.8,0.797,0.5019
2026-09-11T15:44,22.9,209.6,822.9,1532.3,0.807,0.5028
2026-09-11T15:57,23.07,210.1,818.3,1540.8,0.797,0.5036
2026-09-11T16:09,23.23,212.6,809.6,1538.5,0.805,0.5045
2026-09-11T16:25,23.42,208.4,812.1,1521.4,0.807,0.5054
2026-09-11T16:38,23.58,216.5,822.4,1540.9,0.791,0.5062
2026-09-11T16:51,23.74,211.2,812.7,1537.1,0.804,0.507
2026-09-11T17:04,23.88,211.1,823.8,1535.0,0.808,0.5079
2026-09-11T17:17,24.03,199.3,827.1,1523.5,0.806,0.5087
2026-09-11T17:30,24.17,206.4,813.8,1522.5,0.811,0.5095
2026-09-11T17:43,24.3,211.2,825.8,1528.7,0.821,0.5103
2026-09-11T17:57,24.43,217.4,826.7,1526.1,0.803,0.5111
2026-09-11T18:10,24.55,206.5,821.4,1532.9,0.814,0.5118
2026-09-11T18:23,24.66,215.2,821.8,1528.5,0.785,0.5126
2026-09-11T18:36,24.77,210.6,817.8,1535.2,0.791,0.5133
2026-09-11T18:49,24.86,208.8,817.8,1537.2,0.797,0.5141
2026-09-11T19:02,24.95,212.4,813.5,1524.5,0.79,0.5148
2026-09-11T19:15,25.03,217.8,817.0,1528.6,0.794,0.5155
2026-09-11T19:28,25.1,211.5,823.4,1526.4,0.78,0.5161
2026-09-11T19:41,25.17,210.1,815.0,1525.7,0.805,0.5168
2026-09-11T19:54,25.22,207.4,819.4,1529.0,0.81,0.5174
2026-09-11T20:07,25.26,210.5,819.2,1535.9,0.806,0.5181
2026-09-11T20:20,25.3,209.8,824.3,1528.2,0.802,0.5187
2026-09-11T20:33,25.32,209.4,822.4,1524.4,0.79,0.5192
2026-09-11T20:46,25.34,202.9,816.5,1519.7,0.797,0.5198
2026-09-11T20:59,25.35,207.7,831.4,1530.7,0.792,0.5204
2026-09-11T21:12,25.34,208.8,815.3,1526.1,0.796,0.5209
2026-09-11T21:25,25.33,215.2,815.4,1522.6,0.808,0.5214
2026-09-11T21:38,25.31,214.0,825.6,1533.7,0.807,0.5219
2026-09-12T06:00,20.25,208.2,825.4,1529.4,0.805,0.512
2026-09-12T06:12,20.13,215.3,822.6,1534.4,0.808,0.5123
2026-09-12T06:26,20.02,207.8,826.9,1531.3,0.797,0.5126
2026-09-12T06:39,19.92,216.1,832.7,1530.1,0.815,0.5129
2026-09-12T06:51,19.83,217.3,814.9,1521.7,0.796,0.5132
2026-09-12T07:04,19.74,209.7,825.5,1523.1,0.794,0.5136
2026-09-12T07:18,19.67,206.9,824.2,1535.7,0.808,0.514
2026-09-12T07:31,19.6,217.7,820.6,1532.0,0.798,0.5143
2026-09-12T07:43,19.54,202.7,821.4,1523.5,0.807,0.5147
2026-09-12T07:56,19.49,213.5,818.9,1522.7,0.809,0.5152
2026-09-12T08:09,19.45,209.0,818.0,1522.6,0.793,0.5156
2026-09-12T08:22,19.42,215.7,816.8,1528.5,0.793,0.5161
2026-09-12T08:35,19.39,211.5,816.4,1526.3,0.814,0.5165
2026-09-12T08:48,19.38,206.2,822.2,1534.4,0.799,0.517
2026-09-12T09:01,19.38,214.8,815.5,1528.3,0.813,0.5176
2026-09-12T09:14,19.38,203.9,805.3,1542.0,0.781,0.5181
2026-09-12T09:27,19.4,207.8,828.1,1523.8,0.802,0.5186
2026-09-12T09:40,19.43,208.2,819.1,1533.5,0.804,0.5192
2026-09-12T09:53,19.46,202.0,815.7,1534.3,0.797,0.5198
2026-09-12T10:06,19.51,212.1,820.1,1525.0,0.806,0.5204
2026-09-12T10:19,19.56,217.4,821.1,1523.9,0.804,0.5211
2026-09-12T10:32,19.62,210.5,812.4,1531.0,0.808,0.5217
2026-09-12T10:45,19.69,199.9,815.0,1525.9,0.798,0.5224
2026-09-12T10:58,19.77,208.1,811.9,1529.8,0.804,0.5231
2026-09-12T11:11,19.86,214.6,816.8,1527.5,0.804,0.5238
2026-09-12T11:23,19.96,214.7,817.0,1528.0,0.801,0.5246
2026-09-12T11:37,20.06,210.2,817.1,1533.3,0.809,0.5253
2026-09-12T11:49,20.17,204.2,817.4,1528.5,0.798,0.5261
2026-09-12T12:02,20.29,207.5,815.8,1518.4,0.811,0.5268
2026-09-12T12:15,20.42,201.6,808.5,1524.9,0.805,0.5276
2026-09-12T12:28,20.55,202.0,824.2,1536.9,0.802,0.5285
2026-09-12T12:41,20.69,206.6,813.3,1527.0,0.806,0.5293
2026-09-12T12:54,20.83,199.6,822.3,1526.4,0.795,0.5301
2026-09-12T13:07,20.98,192.1,811.9,1523.8,0.798,0.531
2026-09-12T13:20,21.13,204.0,808.8,1528.7,0.808,0.5318
2026-09-12T13:33,21.29,206.1,824.0,1527.7,0.796,0.5327
2026-09-12T14:00,21.61,203.1,816.5,1524.1,0.806,0.5339
2026-09-12T14:13,21.78,207.9,811.3,1535.7,0.793,0.5348
2026-09-12T14:26,21.95,207.2,809.9,1534.9,0.806,0.5357
2026-09-12T14:39,22.12,206.2,812.5,1523.6,0.804,0.5366
2026-09-12T14:52,22.29,198.6,815.1,1524.7,0.802,0.5375
2026-09-12T15:05,22.46,217.5,818.0,1526.7,0.819,0.5384
2026-09-12T15:18,22.64,210.3,821.5,1524.9,0.8,0.5393
2026-09-12T15:31,22.81,207.9,818.9,1524.7,0.787,0.5402
2026-09-12T15:44,22.97,203.8,819.3,1524.0,0.798,0.5411
2026-09-12T15:57,23.14,194.3,813.0,1523.2,0.804,0.542
2026-09-12T16:10,23.3,204.7,822.6,1532.0,0.8,0.5429
2026-09-12T16:23,23.46,207.5,817.9,1533.1,0.804,0.5438
2026-09-12T16:36,23.62,199.9,815.6,1513.2,0.799,0.5447
2026-09-12T16:49,23.77,205.3,807.3,1529.6,0.804,0.5455
2026-09-12T17:02,23.93,203.4,812.4,1531.2,0.808,0.5464
2026-09-12T17:15,24.07,211.9,818.5,1525.2,0.803,0.5473
2026-09-12T17:28,24.21,198.3,815.9,1517.2,0.796,0.5481
2026-09-12T17:41,24.34,197.1,819.2,1527.9,0.784,0.5489
2026-09-12T17:54,24.47,204.7,824.8,1518.8,0.817,0.5497
2026-09-12T18:07,24.59,206.1,807.1,1532.8,0.789,0.5506
2026-09-12T18:20,24.71,203.7,806.8,1527.7,0.817,0.5513
2026-09-12T18:33,24.81,205.0,823.1,1524.9,0.783,0.5521
2026-09-12T18:47,24.91,203.0,810.6,1522.7,0.811,0.5529
2026-09-12T19:00,25.0,205.9,821.6,1523.0,0.805,0.5536
2026-09-12T19:13,25.08,207.5,816.2,1528.4,0.807,0.5543
2026-09-12T19:25,25.15,206.4,811.6,1528.9,0.804,0.5551
2026-09-12T19:38,25.22,211.8,813.6,1511.6,0.804,0.5557
2026-09-12T19:52,25.27,200.0,808.1,1519.7,0.804,0.5564
2026-09-12T20:05,25.32,200.5,814.3,1518.8,0.801,0.5571
2026-09-12T20:18,25.36,209.5,811.5,1531.7,0.802,0.5577
2026-09-12T20:31,25.38,207.6,817.2,1531.6,0.803,0.5583
2026-09-12T20:43,25.4,209.0,826.0,1529.0,0.801,0.5589
2026-09-12T20:56,25.41,207.6,817.8,1524.1,0.809,0.5594
2026-09-12T21:09,25.4,203.0,814.4,1518.1,0.795,0.56
2026-09-12T21:22,25.39,204.2,812.6,1514.2,0.802,0.5605
2026-09-12T21:35,25.37,199.7,819.1,1530.4,0.797,0.561
2026-09-13T06:00,20.31,205.8,806.4,1522.1,0.802,0.5508
2026-09-13T06:13,20.19,205.6,810.6,1532.9,0.804,0.5515
2026-09-13T06:25,20.08,206.6,816.7,1520.8,0.792,0.5523
2026-09-13T06:38,19.98,209.1,821.0,1531.2,0.797,0.553
2026-09-13T06:51,19.89,207.2,813.9,1532.2,0.804,0.5538
2026-09-13T07:04,19.8,206.0,815.3,1527.1,0.809,0.5545
2026-09-13T07:17,19.72,202.4,815.1,1527.3,0.812,0.5553
2026-09-13T07:30,19.65,206.4,808.7,1531.5,0.797,0.5562
2026-09-13T07:43,19.59,202.4,815.7,1526.4,0.805,0.557
2026-09-13T07:56,19.54,206.7,820.9,1530.3,0.805,0.5579
2026-09-13T08:10,19.5,198.8,813.4,1520.2,0.802,0.5587
2026-09-13T08:23,19.47,203.9,812.6,1524.3,0.798,0.5596
2026-09-13T08:36,19.45,205.6,823.7,1528.8,0.803,0.5606
2026-09-13T08:49,19.44,193.2,822.3,1526.0,0.8,0.5615
2026-09-13T09:02,19.43,203.6,820.8,1526.5,0.81,0.5625
2026-09-13T09:15,19.44,206.4,809.7,1518.2,0.795,0.5635
2026-09-13T09:28,19.46,205.8,810.9,1518.5,0.8,0.5645
2026-09-13T09:41,19.48,201.0,807.1,1521.9,0.811,0.5655
2026-09-13T09:54,19.52,197.6,809.3,1520.4,0.802,0.5666
2026-09-13T10:07,19.56,195.1,814.4,1526.4,0.802,0.5677
2026-09-13T10:20,19.62,202.1,815.6,1523.4,0.797,0.5688
2026-09-13T10:33,19.68,198.5,803.0,1524.3,0.785,0.5699
2026-09-13T10:46,19.75,198.5,813.1,1525.7,0.8,0.5711
2026-09-13T10:59,19.83,208.9,806.3,1521.7,0.81,0.5722
2026-09-13T11:12,19.92,203.9,809.4,1526.9,0.815,0.5734
2026-09-13T11:25,20.02,203.7,816.6,1530.4,0.8,0.5746
2026-09-13T11:38,20.12,207.7,813.5,1522.1,0.811,0.5758
2026-09-13T11:51,20.24,204.2,818.3,1521.6,0.808,0.5771
2026-09-13T12:04,20.35,194.0,808.4,1525.6,0.803,0.5784
2026-09-13T12:17,20.48,210.6,802.2,1529.9,0.797,0.5796
2026-09-13T12:30,20.61,198.1,815.1,1525.1,0.797,0.5809
2026-09-13T12:43,20.75,213.7,810.9,1514.9,0.793,0.5823
2026-09-13T12:56,20.9,198.7,816.0,1517.8,0.798,0.5836
2026-09-13T13:09,21.05,199.4,810.7,1530.3,0.816,0.5849
2026-09-13T13:22,21.2,194.8,807.8,1527.9,0.805,0.5863
2026-09-13T13:35,21.36,206.0,809.4,1521.5,0.797,0.5877
2026-09-13T14:00,21.67,202.7,809.6,1520.4,0.807,0.5894
2026-09-13T14:13,21.83,204.4,811.1,1515.8,0.803,0.5908
2026-09-13T14:26,22.0,199.9,810.5,1518.1,0.797,0.5922
2026-09-13T14:39,22.17,195.9,808.3,1526.5,0.8,0.5936
2026-09-13T14:52,22.34,193.8,814.6,1522.8,0.798,0.595
2026-09-13T15:05,22.51,192.1,810.6,1519.6,0.804,0.5964
2026-09-13T15:18,22.68,200.9,801.2,1524.9,0.807,0.5978
2026-09-13T15:31,22.85,204.0,811.7,1529.9,0.797,0.5992
2026-09-13T15:44,23.02,199.5,817.7,1515.4,0.806,0.6006
2026-09-13T15:57,23.19,200.1,816.3,1522.0,0.819,0.602
2026-09-13T16:10,23.35,200.4,815.8,1510.3,0.808,0.6034
2026-09-13T16:23,23.51,202.8,811.7,1517.0,0.803,0.6048
2026-09-13T16:36,23.67,189.9,810.5,1520.6,0.799,0.6062
2026-09-13T16:49,23.83,205.0,812.4,1525.8,0.791,0.6076
2026-09-13T17:02,23.98,193.2,821.8,1523.7,0.787,0.609
2026-09-13T17:15,24.12,202.5,807.4,1529.4,0.797,0.6104
2026-09-13T17:28,24.26,196.8,800.7,1527.5,0.798,0.6117
2026-09-13T17:41,24.39,198.2,810.9,1516.0,0.817,0.6131
2026-09-13T17:54,24.52,188.2,810.2,1520.3,0.814,0.6144
2026-09-13T18:07,24.64,197.0,804.3,1520.8,0.8,0.6157
2026-09-13T18:20,24.76,198.3,812.4,1518.5,0.809,0.617
2026-09-13T18:34,24.86,201.1,816.7,1521.6,0.79,0.6183
2026-09-13T18:47,24.96,206.4,821.9,1522.7,0.799,0.6196
2026-09-13T19:00,25.05,200.7,808.8,1522.9,0.821,0.6208
2026-09-13T19:13,25.13,190.6,813.9,1522.7,0.794,0.6221
2026-09-13T19:26,25.2,194.9,799.8,1520.8,0.801,0.6233
2026-09-13T19:39,25.27,199.6,802.6,1515.9,0.805,0.6245
2026-09-13T19:52,25.32,208.3,819.0,1517.8,0.803,0.6256
2026-09-13T20:05,25.37,202.9,817.0,1511.6,0.806,0.6268
2026-09-13T20:18,25.4,205.4,802.9,1524.2,0.813,0.6279
2026-09-13T20:31,25.43,205.6,809.4,1524.7,0.804,0.629
2026-09-13T20:44,25.45,192.3,815.2,1513.5,0.8,0.6301
2026-09-13T20:57,25.45,206.0,808.0,1518.4,0.795,0.6311
2026-09-13T21:12,25.45,192.8,801.2,1515.9,0.803,0.6322
2026-09-13T21:26,25.44,203.9,807.5,1524.1,0.797,0.6332
2026-09-13T21:39,25.41,205.5,804.7,1516.4,0.791,0.6341
2026-09-14T06:00,20.35,201.8,802.1,1520.6,0.804,0.0975
2026-09-14T06:13,20.23,188.3,806.7,1517.9,0.787,0.0976
2026-09-14T06:25,20.12,201.4,806.5,1519.5,0.794,0.0976
2026-09-14T06:39,20.02,198.9,814.7,1510.9,0.813,0.0977
2026-09-14T06:52,19.92,198.3,804.5,1521.9,0.794,0.0977
2026-09-14T07:05,19.84,203.4,799.7,1514.0,0.798,0.0978
2026-09-14T07:18,19.76,206.2,806.0,1519.4,0.807,0.0979
2026-09-14T07:31,19.69,198.9,805.1,1525.3,0.806,0.098
2026-09-14T07:44,19.63,197.9,815.5,1521.7,0.815,0.098
2026-09-14T07:57,19.58,197.1,814.3,1517.4,0.813,0.0981
2026-09-14T08:10,19.54,188.4,814.4,1517.1,0.795,0.0982
2026-09-14T08:23,19.51,206.8,800.8,1520.7,0.813,0.0983
2026-09-14T08:40,19.48,194.8,807.9,1518.4,0.794,0.0984
2026-09-14T08:53,19.47,190.3,821.3,1524.9,0.807,0.0985
2026-09-14T09:06,19.47,198.8,812.9,1524.6,0.799,0.0986
2026-09-14T09:19,19.48,198.5,802.5,1517.9,0.815,0.0987
2026-09-14T09:32,19.5,206.3,811.0,1517.8,0.787,0.0989
2026-09-14T09:45,19.53,196.8,802.6,1515.2,0.802,0.099
2026-09-14T09:58,19.57,195.4,809.9,1514.6,0.795,0.0991
2026-09-14T10:12,19.62,194.9,808.0,1521.7,0.806,0.0993
2026-09-14T10:25,19.68,195.9,795.0,1524.3,0.788,0.0994
2026-09-14T10:38,19.74,198.8,805.5,1514.7,0.791,0.0995
2026-09-14T10:51,19.82,206.4,806.3,1517.8,0.79,0.0997
2026-09-14T11:04,19.9,203.8,819.8,1516.8,0.792,0.0998
2026-09-14T11:17,20.0,202.4,802.5,1513.9,0.783,0.1
2026-09-14T11:30,20.1,202.6,807.3,1517.2,0.81,0.1002
2026-09-14T11:43,20.21,199.7,807.1,1520.5,0.798,0.1003
2026-09-14T11:56,20.32,195.8,801.7,1510.9,0.797,0.1005
2026-09-14T12:09,20.44,190.0,799.2,1516.5,0.795,0.1007
2026-09-14T12:22,20.57,203.1,810.7,1520.0,0.805,0.1009
2026-09-14T12:35,20.71,202.2,805.2,1523.0,0.808,0.101
2026-09-14T12:49,20.85,212.4,802.6,1513.2,0.805,0.1012
2026-09-14T13:01,21.0,194.0,806.7,1520.7,0.815,0.1014
2026-09-14T13:15,21.15,201.5,812.3,1513.4,0.803,0.1016
2026-09-14T13:28,21.31,200.8,807.4,1517.8,0.79,0.1018
2026-09-14T13:41,21.47,207.9,811.0,1528.1,0.806,0.102
2026-09-14T14:00,21.7,200.0,808.1,1511.6,0.801,0.1022
2026-09-14T14:13,21.87,195.8,805.0,1505.9,0.808,0.1024
2026-09-14T14:25,22.03,195.8,796.9,1511.4,0.814,0.1026
2026-09-14T14:38,22.2,199.4,806.3,1519.6,0.806,0.1028
2026-09-14T14:52,22.37,192.8,799.0,1508.4,0.798,0.103
2026-09-14T15:05,22.55,194.7,810.0,1514.2,0.792,0.1033
2026-09-14T15:18,22.72,203.8,812.2,1519.4,0.801,0.1035
2026-09-14T15:31,22.89,199.9,799.4,1512.4,0.804,0.1037
2026-09-14T15:44,23.06,194.5,810.0,1521.9,0.799,0.1039
2026-09-14T15:57,23.23,195.3,807.9,1520.0,0.784,0.1041
2026-09-14T16:10,23.39,198.8,800.6,1514.9,0.796,0.1043
2026-09-14T16:23,23.55,202.4,807.8,1515.8,0.802,0.1045
2026-09-14T16:36,23.71,197.1,803.6,1521.4,0.804,0.1047
2026-09-14T16:49,23.86,198.9,802.9,1509.7,0.8,0.1049
2026-09-14T17:02,24.01,196.9,806.1,1519.4,0.814,0.1051
2026-09-14T17:16,24.16,191.4,799.7,1524.5,0.793,0.1053
2026-09-14T17:29,24.3,184.7,803.9,1520.0,0.803,0.1056
2026-09-14T17:42,24.43,194.4,814.5,1509.3,0.788,0.1058
2026-09-14T17:55,24.56,202.4,802.6,1513.3,0.792,0.106
2026-09-14T18:08,24.68,204.0,809.2,1509.2,0.8,0.1062
2026-09-14T18:21,24.79,199.5,805.4,1517.7,0.793,0.1064
2026-09-14T18:34,24.9,204.6,808.3,1511.2,0.804,0.1066
2026-09-14T18:47,25.0,196.1,804.4,1516.4,0.811,0.1067
2026-09-14T19:00,25.09,191.4,808.0,1515.3,0.797,0.1069
2026-09-14T19:13,25.17,196.7,809.3,1520.2,0.801,0.1071
2026-09-14T19:26,25.24,194.1,807.3,1515.5,0.808,0.1073
2026-09-14T19:40,25.3,197.4,812.4,1504.9,0.797,0.1075
2026-09-14T19:53,25.36,201.1,805.7,1513.4,0.798,0.1077
2026-09-14T20:06,25.4,191.1,799.4,1519.0,0.815,0.1079
2026-09-14T20:19,25.44,200.9,804.6,1519.4,0.812,0.108
2026-09-14T20:32,25.46,193.7,793.6,1525.2,0.805,0.1082
2026-09-14T20:45,25.48,189.3,805.6,1521.0,0.815,0.1084
2026-09-14T20:58,25.48,189.9,808.2,1513.6,0.793,0.1085
2026-09-14T21:12,25.48,199.4,803.5,1512.8,0.797,0.1087
2026-09-14T21:25,25.47,195.0,800.5,1515.4,0.809,0.1088
2026-09-14T21:38,25.44,197.7,801.4,1512.5,0.802,0.109
2026-09-15T06:00,20.37,187.4,799.3,1517.2,0.801,0.107
2026-09-15T06:13,20.25,191.0,805.1,1515.2,0.801,0.1071
2026-09-15T06:26,20.14,192.4,802.2,1518.7,0.815,0.1072
2026-09-15T06:39,20.04,193.7,805.9,1512.3,0.786,0.1073
2026-09-15T06:52,19.95,191.6,805.0,1514.7,0.804,0.1075
2026-09-15T07:05,19.86,206.5,801.8,1516.8,0.799,0.1076
2026-09-15T07:18,19.78,205.4,803.8,1517.5,0.809,0.1077
2026-09-15T07:31,19.71,197.8,800.2,1517.6,0.797,0.1078
2026-09-15T07:44,19.65,191.2,804.6,1508.3,0.798,0.108
2026-09-15T07:57,19.6,192.6,799.5,1508.3,0.802,0.1081
2026-09-15T08:10,19.56,197.8,795.8,1511.6,0.8,0.1083
2026-09-15T08:23,19.53,184.6,802.4,1509.7,0.797,0.1084
2026-09-15T08:36,19.51,198.0,798.9,1507.4,0.795,0.1086
2026-09-15T08:49,19.5,200.5,802.3,1517.0,0.799,0.1088
2026-09-15T09:02,19.49,186.2,804.6,1511.9,0.798,0.1089
2026-09-15T09:15,19.5,192.2,804.6,1511.9,0.809,0.1091
2026-09-15T09:29,19.52,198.1,789.9,1508.2,0.794,0.1093
2026-09-15T09:42,19.54,202.9,791.8,1515.3,0.801,0.1095
2026-09-15T09:55,19.58,195.3,803.1,1514.1,0.807,0.1096
2026-09-15T10:08,19.63,193.3,802.9,1513.6,0.817,0.1098
2026-09-15T10:21,19.68,188.5,801.3,1510.9,0.814,0.11
2026-09-15T10:34,19.75,189.4,808.1,1519.0,0.81,0.1102
2026-09-15T10:47,19.82,196.1,794.2,1509.2,0.803,0.1104
2026-09-15T11:00,19.9,189.7,802.3,1518.9,0.803,0.1107
2026-09-15T11:13,19.99,193.6,810.0,1516.8,0.793,0.1109
2026-09-15T11:26,20.09,186.8,808.5,1513.2,0.794,0.1111
2026-09-15T11:39,20.19,195.2,806.8,1507.3,0.804,0.1113
2026-09-15T11:52,20.31,198.8,805.4,1505.0,0.799,0.1116
2026-09-15T12:05,20.43,193.2,802.9,1526.0,0.801,0.1118
2026-09-15T12:19,20.56,192.2,805.5,1512.5,0.806,0.112
2026-09-15T12:32,20.69,188.9,801.4,1509.8,0.799,0.1123
2026-09-15T12:45,20.83,183.5,800.4,1512.5,0.79,0.1125
2026-09-15T12:58,20.98,189.2,797.4,1510.9,0.789,0.1128
2026-09-15T13:11,21.13,192.0,803.1,1507.1,0.798,0.113
2026-09-15T13:24,21.28,194.3,806.4,1515.7,0.805,0.1133
2026-09-15T13:37,21.44,194.4,800.7,1512.7,0.806,0.1135
2026-09-15T14:00,21.72,190.9,801.0,1514.7,0.815,0.1138
2026-09-15T14:13,21.89,189.4,803.0,1514.6,0.809,0.1141
2026-09-15T14:26,22.06,192.4,807.6,1509.6,0.81,0.1144
2026-09-15T14:39,22.23,188.8,803.1,1516.2,0.803,0.1146
2026-09-15T14:52,22.4,191.6,791.7,1517.3,0.794,0.1149
2026-09-15T15:05,22.57,193.9,800.2,1515.1,0.78,0.1152
2026-09-15T15:18,22.74,199.4,800.2,1515.3,0.808,0.1154
2026-09-15T15:32,22.92,199.1,791.6,1510.4,0.801,0.1157
2026-09-15T15:45,23.09,197.9,793.3,1514.9,0.807,0.116
2026-09-15T15:58,23.25,190.2,797.0,1502.5,0.798,0.1162
2026-09-15T16:11,23.41,193.7,800.9,1511.2,0.802,0.1165
2026-09-15T16:24,23.58,185.3,807.3,1508.7,0.803,0.1168
2026-09-15T16:37,23.74,191.3,797.9,1512.7,0.788,0.117
2026-09-15T16:50,23.89,195.8,807.2,1503.8,0.813,0.1173
2026-09-15T17:03,24.04,184.5,796.6,1516.8,0.797,0.1176
2026-09-15T17:17,24.19,185.0,792.8,1511.8,0.796,0.1178
2026-09-15T17:30,24.33,193.5,791.5,1509.8,0.82,0.1181
2026-09-15T17:43,24.46,187.4,805.3,1502.1,0.802,0.1184
2026-09-15T17:56,24.59,188.7,791.2,1511.7,0.819,0.1186
2026-09-15T18:10,24.71,191.8,803.8,1512.1,0.806,0.1189
2026-09-15T18:23,24.82,189.7,803.6,1515.8,0.801,0.1191
2026-09-15T18:36,24.93,194.9,791.5,1507.9,0.808,0.1194
2026-09-15T18:49,25.02,195.4,811.6,1506.1,0.793,0.1196
2026-09-15T19:02,25.11,176.2,807.2,1504.4,0.806,0.1199
2026-09-15T19:15,25.19,191.9,804.2,1495.2,0.791,0.1201
2026-09-15T19:28,25.26,190.6,802.0,1510.3,0.807,0.1203
2026-09-15T19:41,25.33,185.1,801.3,1520.3,0.815,0.1206
2026-09-15T19:55,25.38,196.0,804.9,1510.3,0.822,0.1208
2026-09-15T20:08,25.42,181.4,800.8,1518.2,0.79,0.121
2026-09-15T20:21,25.46,193.1,793.4,1505.8,0.806,0.1213
2026-09-15T20:34,25.48,194.6,795.7,1513.5,0.792,0.1215
2026-09-15T20:47,25.49,187.3,801.1,1508.6,0.8,0.1217
2026-09-15T21:00,25.5,185.2,794.5,1511.2,0.786,0.1219
2026-09-15T21:13,25.49,184.2,799.9,1502.2,0.808,0.1221
2026-09-15T21:26,25.48,191.0,804.3,1510.2,0.796,0.1223
2026-09-15T21:40,25.45,185.4,802.2,1509.3,0.8,0.1225
2026-09-16T06:00,20.38,179.8,799.1,1503.7,0.798,0.1203
2026-09-16T06:12,20.26,184.7,806.7,1516.3,0.799,0.1204
2026-09-16T06:25,20.16,184.4,797.0,1508.2,0.794,0.1206
2026-09-16T06:38,20.06,187.5,803.2,1506.0,0.792,0.1207
2026-09-16T06:50,19.96,191.0,798.8,1500.6,0.789,0.1209
2026-09-16T07:03,19.88,196.5,790.9,1510.2,0.8,0.1211
2026-09-16T07:16,19.8,191.1,799.7,1506.6,0.789,0.1212
2026-09-16T07:29,19.73,186.4,801.7,1506.1,0.792,0.1214
2026-09-16T07:41,19.67,187.1,797.6,1501.0,0.798,0.1216
2026-09-16T07:54,19.62,190.2,801.3,1504.4,0.798,0.1218
2026-09-16T08:07,19.58,190.5,790.1,1505.6,0.801,0.122
2026-09-16T08:19,19.55,187.2,795.1,1511.1,0.815,0.1222
2026-09-16T08:32,19.52,182.8,802.1,1509.9,0.816,0.1223
2026-09-16T08:45,19.51,181.9,804.0,1507.1,0.794,0.1226
2026-09-16T08:58,19.5,188.3,794.9,1506.8,0.799,0.1228
2026-09-16T09:11,19.5,188.2,794.8,1501.6,0.794,0.123
2026-09-16T09:23,19.52,192.6,789.3,1511.5,0.801,0.1232
2026-09-16T09:36,19.54,186.5,798.8,1506.8,0.81,0.1234
2026-09-16T09:49,19.57,185.3,794.7,1509.0,0.809,0.1237
2026-09-16T10:02,19.61,189.7,795.0,1504.3,0.81,0.1239
2026-09-16T10:15,19.66,183.9,788.0,1506.4,0.798,0.1241
2026-09-16T10:27,19.72,190.3,795.7,1508.6,0.805,0.1244
2026-09-16T10:40,19.78,183.9,796.2,1506.2,0.798,0.1246
2026-09-16T10:53,19.86,188.2,794.8,1508.5,0.805,0.1249
2026-09-16T11:06,19.94,190.9,803.2,1507.2,0.8,0.1251
2026-09-16T11:18,20.03,199.2,801.5,1515.3,0.807,0.1254
2026-09-16T11:31,20.13,183.4,793.2,1512.5,0.788,0.1257
2026-09-16T11:44,20.24,185.3,798.6,1508.7,0.8,0.1259
2026-09-16T11:57,20.35,183.9,792.2,1507.5,0.82,0.1262
2026-09-16T12:10,20.47,186.2,797.2,1513.5,0.808,0.1265
2026-09-16T12:23,20.6,181.1,791.0,1508.2,0.783,0.1268
2026-09-16T12:35,20.73,185.6,797.7,1511.7,0.797,0.1271
2026-09-16T12:48,20.87,188.5,793.1,1513.1,0.799,0.1274
2026-09-16T13:01,21.01,183.3,795.2,1502.8,0.813,0.1277
2026-09-16T13:13,21.16,182.1,796.2,1507.2,0.814,0.128
2026-09-16T13:26,21.31,185.4,801.3,1503.7,0.81,0.1283
2026-09-16T13:39,21.47,190.2,789.2,1501.6,0.791,0.1286
2026-09-16T14:00,21.72,189.5,796.9,1521.8,0.81,0.1289
2026-09-16T14:12,21.89,195.0,790.1,1502.6,0.814,0.1293
2026-09-16T14:25,22.05,192.0,786.4,1507.0,0.8,0.1296
2026-09-16T14:38,22.22,185.1,797.2,1509.2,0.799,0.1299
2026-09-16T14:51,22.39,194.8,793.2,1508.2,0.804,0.1302
2026-09-16T15:04,22.55,191.4,795.8,1504.6,0.806,0.1305
2026-09-16T15:17,22.72,190.4,796.2,1506.2,0.802,0.1308
2026-09-16T15:29,22.89,190.1,799.0,1503.1,0.796,0.1311
2026-09-16T15:42,23.05,182.8,801.7,1498.2,0.807,0.1315
2026-09-16T15:55,23.21,181.6,793.5,1502.3,0.786,0.1318
2026-09-16T16:07,23.37,188.0,797.9,1499.4,0.789,0.1321
2026-09-16T16:20,23.53,184.7,791.7,1500.2,0.786,0.1324
2026-09-16T16:33,23.69,193.2,796.8,1505.7,0.809,0.1327
2026-09-16T16:46,23.84,179.0,794.7,1514.5,0.794,0.133
2026-09-16T16:58,23.99,195.2,793.5,1503.8,0.815,0.1334
2026-09-16T17:11,24.13,181.2,794.1,1502.0,0.818,0.1337
2026-09-16T17:24,24.27,195.8,797.2,1510.5,0.8,0.134
2026-09-16T17:37,24.4,187.7,798.3,1499.7,0.806,0.1343
2026-09-16T17:49,24.52,180.9,793.2,1498.2,0.805,0.1346
2026-09-16T18:02,24.64,190.0,802.0,1505.2,0.814,0.1349
2026-09-16T18:15,24.76,182.2,802.5,1508.4,0.8,0.1352
2026-09-16T18:28,24.86,183.6,800.7,1502.9,0.808,0.1355
2026-09-16T18:41,24.96,185.5,791.3,1510.4,0.791,0.1358
2026-09-16T18:54,25.06,186.5,794.6,1496.9,0.79,0.1361
2026-09-16T19:06,25.14,179.3,797.8,1500.0,0.794,0.1364
2026-09-16T19:19,25.22,181.6,797.6,1499.1,0.786,0.1366
2026-09-16T19:32,25.28,183.4,790.3,1500.7,0.805,0.1369
2026-09-16T19:45,25.34,186.1,798.9,1513.5,0.814,0.1372
2026-09-16T19:58,25.39,187.4,791.2,1507.9,0.801,0.1375
2026-09-16T20:11,25.43,180.0,799.1,1505.2,0.803,0.1377
2026-09-16T20:24,25.46,183.8,795.2,1501.4,0.805,0.138
2026-09-16T20:36,25.48,186.2,798.0,1496.0,0.784,0.1383
2026-09-16T20:49,25.49,176.4,791.0,1508.2,0.797,0.1385
2026-09-16T21:02,25.5,175.4,797.7,1512.4,0.815,0.1388
2026-09-16T21:15,25.49,189.4,789.8,1498.2,0.796,0.139
2026-09-16T21:28,25.47,181.9,788.0,1497.7,0.791,0.1392
2026-09-16T21:41,25.45,185.3,807.8,1498.4,0.801,0.1395
2026-09-17T06:00,20.37,330.5,945.2,1654.8,0.803,0.1369
2026-09-17T06:12,20.25,331.4,939.8,1656.3,0.805,0.1371
2026-09-17T06:25,20.14,333.0,937.0,1660.8,0.803,0.1373
2026-09-17T06:38,20.04,326.4,936.7,1646.2,0.81,0.1375
2026-09-17T06:51,19.95,334.7,944.1,1656.9,0.809,0.1377
2026-09-17T07:04,19.87,324.3,941.6,1659.5,0.794,0.1379
2026-09-17T07:17,19.79,324.7,951.7,1652.7,0.806,0.1381
2026-09-17T07:29,19.72,334.6,940.0,1656.6,0.796,0.1383
2026-09-17T07:42,19.66,328.2,943.1,1655.6,0.804,0.1385
2026-09-17T07:55,19.61,335.7,932.9,1650.4,0.819,0.1387
2026-09-17T08:08,19.57,338.9,938.4,1651.2,0.791,0.1389
2026-09-17T08:21,19.53,326.1,943.5,1647.4,0.808,0.1392
2026-09-17T08:33,19.51,339.0,938.8,1650.2,0.794,0.1394
2026-09-17T08:46,19.49,337.4,943.5,1651.2,0.808,0.1396
2026-09-17T08:59,19.49,334.4,945.1,1656.3,0.795,0.1399
2026-09-17T09:12,19.49,332.0,946.3,1643.7,0.805,0.1401
2026-09-17T09:25,19.51,327.4,944.6,1648.5,0.801,0.1404
2026-09-17T09:37,19.53,329.8,946.4,1647.9,0.802,0.1407
2026-09-17T09:50,19.56,341.4,944.8,1653.1,0.811,0.1409
2026-09-17T10:03,19.6,328.1,930.2,1652.4,0.814,0.1412
2026-09-17T10:16,19.65,325.7,939.5,1655.5,0.803,0.1415
2026-09-17T10:29,19.71,341.4,951.1,1657.8,0.789,0.1418
2026-09-17T10:42,19.78,333.4,943.6,1655.9,0.801,0.1421
2026-09-17T10:54,19.86,326.9,938.9,1647.2,0.815,0.1424
2026-09-17T11:07,19.94,338.5,935.3,1650.8,0.805,0.1427
2026-09-17T11:20,20.03,338.6,936.0,1646.3,0.802,0.143
2026-09-17T11:33,20.13,321.3,942.0,1655.8,0.804,0.1433
2026-09-17T11:46,20.24,340.4,943.5,1649.3,0.8,0.1436
2026-09-17T11:59,20.36,329.6,936.7,1650.0,0.805,0.1439
2026-09-17T12:11,20.48,336.1,944.7,1646.4,0.796,0.1442
2026-09-17T12:24,20.61,331.7,936.5,1648.3,0.807,0.1446
2026-09-17T12:37,20.74,324.6,939.1,1653.1,0.801,0.1449
2026-09-17T12:50,20.88,334.8,957.5,1660.5,0.812,0.1453
2026-09-17T13:03,21.02,327.2,948.3,1658.0,0.791,0.1456
2026-09-17T13:15,21.17,342.2,937.2,1656.1,0.804,0.1459
2026-09-17T13:28,21.32,328.5,949.2,1650.4,0.814,0.1463
2026-09-17T13:41,21.48,317.5,943.3,1651.9,0.791,0.1466
2026-09-17T14:00,21.71,325.2,936.7,1645.5,0.803,0.147
2026-09-17T14:12,21.87,339.1,940.4,1651.7,0.796,0.1474
2026-09-17T14:25,22.04,325.0,941.2,1657.1,0.8,0.1478
2026-09-17T14:38,22.2,332.0,944.7,1648.6,0.818,0.1481
2026-09-17T14:51,22.37,332.5,934.4,1650.4,0.797,0.1485
2026-09-17T15:04,22.54,332.9,944.7,1650.0,0.809,0.1488
2026-09-17T15:17,22.71,328.5,932.2,1650.0,0.811,0.1492
2026-09-17T15:29,22.87,328.3,944.3,1641.3,0.798,0.1496
2026-09-17T15:42,23.04,320.2,931.9,1653.4,0.81,0.1499
2026-09-17T15:55,23.2,327.9,934.2,1656.1,0.797,0.1503
2026-09-17T16:08,23.36,337.5,933.0,1660.6,0.798,0.1507
2026-09-17T16:21,23.52,331.1,944.7,1650.8,0.8,0.151
2026-09-17T16:33,23.68,330.7,947.4,1651.1,0.808,0.1514
2026-09-17T16:46,23.83,334.5,940.1,1646.6,0.802,0.1518
2026-09-17T16:59,23.97,334.9,944.4,1653.3,0.786,0.1521
2026-09-17T17:12,24.12,331.2,940.3,1651.5,0.802,0.1525
2026-09-17T17:24,24.25,328.5,941.0,1655.4,0.804,0.1528
2026-09-17T17:37,24.39,328.0,931.5,1651.0,0.804,0.1532
2026-09-17T17:50,24.51,333.8,937.4,1648.2,0.815,0.1535
2026-09-17T18:03,24.63,328.8,942.6,1650.3,0.801,0.1539
2026-09-17T18:16,24.75,328.5,938.3,1651.0,0.809,0.1542
2026-09-17T18:28,24.85,330.0,936.2,1652.1,0.807,0.1546
2026-09-17T18:41,24.95,322.4,943.0,1656.5,0.806,0.1549
2026-09-17T18:54,25.04,335.0,933.1,1649.1,0.797,0.1552
2026-09-17T19:07,25.13,326.1,949.7,1646.9,0.8,0.1555
2026-09-17T19:20,25.2,334.5,941.5,1648.6,0.805,0.1559
2026-09-17T19:33,25.27,331.3,942.1,1652.7,0.786,0.1562
2026-09-17T19:45,25.32,332.2,934.8,1647.5,0.793,0.1565
2026-09-17T19:58,25.37,332.6,947.1,1652.9,0.809,0.1568
2026-09-17T20:14,25.42,331.1,940.5,1650.2,0.803,0.1571
2026-09-17T20:27,25.45,329.2,935.7,1650.0,0.8,0.1574
2026-09-17T20:40,25.47,322.1,928.6,1647.7,0.803,0.1577
2026-09-17T20:53,25.48,328.1,937.2,1650.1,0.814,0.158
2026-09-17T21:06,25.48,321.2,944.3,1636.2,0.793,0.1583
2026-09-17T21:18,25.47,330.5,945.3,1653.1,0.797,0.1585
2026-09-17T21:31,25.45,324.9,942.5,1654.9,0.799,0.1588
2026-09-17T21:44,25.42,330.4,937.1,1655.5,0.802,0.1591
2026-09-18T06:00,20.35,329.9,936.4,1643.4,0.801,0.1562
2026-09-18T06:12,20.23,336.5,934.8,1657.4,0.785,0.1564
2026-09-18T06:25,20.12,328.2,944.5,1645.8,0.811,0.1566
2026-09-18T06:38,20.02,335.9,937.9,1647.5,0.795,0.1568
2026-09-18T06:51,19.93,322.5,946.1,1645.6,0.798,0.157
2026-09-18T07:04,19.84,334.3,941.5,1650.5,0.81,0.1572
2026-09-18T07:17,19.76,331.5,934.1,1645.4,0.789,0.1575
2026-09-18T07:29,19.69,330.8,940.5,1646.8,0.801,0.1577
2026-09-18T07:42,19.63,332.1,939.4,1646.1,0.806,0.1579
2026-09-18T07:55,19.58,322.1,936.4,1646.6,0.81,0.1582
2026-09-18T08:08,19.54,330.0,925.1,1641.9,0.793,0.1584
2026-09-18T08:21,19.51,329.9,934.4,1652.2,0.789,0.1587
2026-09-18T08:34,19.48,329.5,933.8,1645.4,0.805,0.159
2026-09-18T08:47,19.47,337.2,944.9,1646.8,0.788,0.1592
2026-09-18T08:59,19.46,319.4,935.5,1647.5,0.808,0.1595
2026-09-18T09:12,19.47,327.8,931.7,1654.9,0.799,0.1598
2026-09-18T09:25,19.48,317.9,933.9,1641.9,0.807,0.1601
2026-09-18T09:38,19.5,316.1,938.9,1641.4,0.814,0.1604
2026-09-18T09:51,19.54,323.8,933.0,1653.5,0.799,0.1607
2026-09-18T10:04,19.58,333.1,943.3,1645.0,0.786,0.161
2026-09-18T10:17,19.63,332.5,939.5,1642.9,0.798,0.1613
2026-09-18T10:29,19.69,329.6,936.8,1645.0,0.812,0.1616
2026-09-18T10:42,19.76,332.9,934.2,1641.6,0.827,0.162
2026-09-18T10:55,19.83,336.1,942.9,1651.7,0.806,0.1623
2026-09-18T11:08,19.92,322.6,943.0,1646.0,0.808,0.1626
2026-09-18T11:20,20.01,336.5,931.7,1644.2,0.804,0.163
2026-09-18T11:33,20.11,334.6,937.0,1665.3,0.801,0.1633
2026-09-18T11:46,20.22,331.9,943.3,1651.1,0.806,0.1637
2026-09-18T11:59,20.33,326.7,936.9,1645.7,0.811,0.1641
2026-09-18T12:12,20.45,329.2,937.2,1641.2,0.8,0.1644
2026-09-18T12:24,20.58,338.8,941.1,1643.6,0.8,0.1648
2026-09-18T12:37,20.71,329.1,933.5,1646.3,0.801,0.1652
2026-09-18T12:50,20.85,329.5,933.6,1644.5,0.79,0.1656
2026-09-18T13:03,20.99,326.8,927.2,1647.1,0.786,0.1659
2026-09-18T13:16,21.14,325.9,931.2,1640.4,0.814,0.1663
2026-09-18T13:28,21.29,321.1,938.8,1642.1,0.809,0.1667
2026-09-18T13:41,21.45,332.3,929.8,1647.8,0.795,0.1671
2026-09-18T14:00,21.68,327.4,935.4,1646.2,0.779,0.1676
2026-09-18T14:12,21.84,324.3,931.2,1644.8,0.808,0.168
2026-09-18T14:25,22.01,333.1,933.8,1652.6,0.809,0.1684
2026-09-18T14:38,22.18,325.3,938.0,1646.8,0.809,0.1688
2026-09-18T14:51,22.34,327.1,940.9,1643.1,0.81,0.1692
2026-09-18T15:04,22.51,321.8,935.1,1643.7,0.805,0.1696
2026-09-18T15:17,22.68,319.9,939.2,1645.4,0.817,0.17
2026-09-18T15:30,22.85,326.6,944.3,1636.4,0.815,0.1704
2026-09-18T15:43,23.01,322.4,934.2,1650.5,0.807,0.1708
2026-09-18T15:56,23.18,319.9,936.6,1643.0,0.811,0.1712
2026-09-18T16:08,23.34,324.9,932.0,1647.8,0.794,0.1716
2026-09-18T16:21,23.5,327.5,935.3,1648.3,0.793,0.172
2026-09-18T16:34,23.65,326.8,928.8,1645.6,0.795,0.1725
2026-09-18T16:47,23.8,337.6,939.0,1637.7,0.799,0.1729
2026-09-18T17:00,23.95,332.9,941.3,1647.8,0.804,0.1733
2026-09-18T17:13,24.1,324.8,934.8,1645.8,0.809,0.1737
2026-09-18T17:26,24.23,326.2,938.5,1648.6,0.81,0.1741
2026-09-18T17:38,24.37,331.5,936.9,1652.7,0.804,0.1744
2026-09-18T17:51,24.49,322.0,934.6,1642.8,0.791,0.1748
2026-09-18T18:04,24.61,318.7,940.4,1648.7,0.807,0.1752
2026-09-18T18:17,24.72,323.0,934.5,1645.9,0.814,0.1756
2026-09-18T18:30,24.83,324.4,939.1,1639.4,0.804,0.176
2026-09-18T18:43,24.93,323.2,932.5,1644.4,0.797,0.1764
2026-09-18T18:56,25.02,325.6,926.0,1648.0,0.807,0.1767
2026-09-18T19:09,25.1,326.6,938.2,1639.4,0.81,0.1771
2026-09-18T19:22,25.18,317.4,930.4,1647.0,0.813,0.1774
2026-09-18T19:34,25.24,330.1,935.2,1641.2,0.815,0.1778
2026-09-18T19:48,25.3,329.9,933.8,1638.5,0.796,0.1781
2026-09-18T20:01,25.35,314.8,930.9,1641.9,0.802,0.1785
2026-09-18T20:14,25.39,331.7,934.8,1649.0,0.801,0.1788
2026-09-18T20:26,25.41,321.5,934.4,1650.7,0.796,0.1791
2026-09-18T20:39,25.43,321.8,931.6,1640.6,0.798,0.1795
2026-09-18T20:52,25.44,320.1,934.1,1647.9,0.804,0.1798
2026-09-18T21:05,25.44,316.2,937.2,1646.8,0.807,0.1801
2026-09-18T21:18,25.43,328.9,928.6,1640.7,0.811,0.1804
2026-09-18T21:31,25.41,320.1,932.1,1643.7,0.806,0.1807
2026-09-18T21:44,25.39,316.9,942.1,1647.4,0.793,0.181
2026-09-19T06:00,20.31,316.0,934.5,1634.4,0.801,0.1777
2026-09-19T06:12,20.19,326.3,929.4,1641.9,0.814,0.1779
2026-09-19T06:25,20.08,315.6,922.3,1645.8,0.8,0.1781
2026-09-19T06:38,19.98,336.8,934.5,1646.7,0.797,0.1784
2026-09-19T06:51,19.88,321.3,929.0,1639.8,0.795,0.1786
2026-09-19T07:04,19.8,327.3,939.0,1638.6,0.806,0.1788
2026-09-19T07:17,19.72,315.7,933.4,1640.0,0.8,0.1791
2026-09-19T07:29,19.65,327.4,935.1,1642.9,0.798,0.1794
2026-09-19T07:42,19.59,330.4,931.6,1647.7,0.784,0.1796
2026-09-19T07:55,19.54,319.4,932.3,1645.6,0.802,0.1799
2026-09-19T08:08,19.5,324.4,934.9,1641.1,0.814,0.1802
2026-09-19T08:21,19.46,322.1,935.4,1640.6,0.827,0.1804
2026-09-19T08:33,19.44,320.8,934.6,1635.3,0.811,0.1807
2026-09-19T08:46,19.43,322.1,934.0,1646.3,0.804,0.181
2026-09-19T08:59,19.42,323.2,922.9,1638.7,0.796,0.1813
2026-09-19T09:12,19.42,318.1,923.5,1639.2,0.805,0.1817
2026-09-19T09:25,19.44,322.4,926.7,1639.9,0.789,0.182
2026-09-19T09:38,19.46,315.3,932.1,1649.0,0.82,0.1823
2026-09-19T09:51,19.49,321.6,939.8,1646.8,0.818,0.1826
2026-09-19T10:04,19.53,322.4,931.0,1641.9,0.806,0.183
2026-09-19T10:16,19.58,319.3,944.7,1638.5,0.808,0.1833
2026-09-19T10:29,19.64,324.0,935.1,1653.6,0.808,0.1837
2026-09-19T10:42,19.71,318.1,928.5,1641.2,0.805,0.184
2026-09-19T10:55,19.79,322.5,927.6,1642.9,0.804,0.1844
2026-09-19T11:08,19.87,323.7,936.7,1641.3,0.802,0.1848
2026-09-19T11:21,19.97,321.7,933.7,1638.4,0.801,0.1852
2026-09-19T11:34,20.07,320.6,927.8,1645.9,0.792,0.1856
2026-09-19T11:47,20.18,327.2,936.4,1645.6,0.802,0.186
2026-09-19T12:00,20.29,324.8,927.9,1641.2,0.8,0.1864
2026-09-19T12:12,20.41,311.5,931.8,1641.5,0.82,0.1868
2026-09-19T12:25,20.55,312.2,926.8,1638.5,0.791,0.1872
2026-09-19T12:38,20.68,311.7,929.5,1643.9,0.816,0.1876
2026-09-19T12:51,20.82,320.3,933.4,1642.4,0.817,0.188
2026-09-19T13:04,20.96,326.2,930.1,1644.2,0.804,0.1885
2026-09-19T13:17,21.11,321.8,941.0,1633.8,0.81,0.1889
2026-09-19T13:30,21.26,323.4,933.7,1632.0,0.814,0.1893
2026-09-19T13:42,21.42,324.3,935.1,1639.7,0.819,0.1898
2026-09-19T14:00,21.63,319.1,938.6,1639.6,0.793,0.1902
2026-09-19T14:12,21.8,318.0,933.5,1642.3,0.798,0.1907
2026-09-19T14:25,21.96,320.3,937.2,1634.1,0.804,0.1911
2026-09-19T14:38,22.13,324.3,933.0,1646.3,0.784,0.1916
2026-09-19T14:51,22.3,322.8,939.6,1639.4,0.804,0.192
2026-09-19T15:04,22.47,326.2,924.2,1640.1,0.814,0.1925
2026-09-19T15:17,22.63,322.8,932.3,1641.1,0.808,0.1929
2026-09-19T15:30,22.8,318.3,931.4,1636.8,0.799,0.1934
2026-09-19T15:43,22.97,319.8,928.8,1640.0,0.802,0.1938
2026-09-19T15:56,23.13,321.5,931.2,1649.6,0.805,0.1943
2026-09-19T16:09,23.29,315.5,930.8,1640.7,0.806,0.1947
2026-09-19T16:21,23.45,325.7,938.5,1645.1,0.815,0.1952
2026-09-19T16:34,23.61,323.7,937.5,1640.9,0.802,0.1956
2026-09-19T16:47,23.76,315.3,932.3,1647.4,0.798,0.1961
2026-09-19T17:00,23.91,325.9,925.1,1641.3,0.808,0.1965
2026-09-19T17:13,24.05,320.2,931.3,1640.6,0.8,0.197
2026-09-19T17:28,24.22,322.2,931.6,1639.3,0.804,0.1974
2026-09-19T17:41,24.35,324.5,940.2,1639.8,0.806,0.1979
2026-09-19T17:54,24.47,317.1,928.3,1642.5,0.805,0.1983
2026-09-19T18:07,24.59,315.2,932.5,1639.3,0.815,0.1987
2026-09-19T18:20,24.71,307.7,925.6,1638.3,0.797,0.1991
2026-09-19T18:33,24.81,318.5,924.8,1645.9,0.794,0.1995
2026-09-19T18:46,24.91,324.8,927.7,1641.9,0.808,0.2
2026-09-19T18:59,25.0,326.0,929.2,1639.0,0.799,0.2004
2026-09-19T19:12,25.08,325.4,923.8,1640.6,0.802,0.2008
2026-09-19T19:25,25.15,322.8,923.5,1645.3,0.803,0.2011
2026-09-19T19:38,25.21,318.0,931.7,1633.2,0.809,0.2015
2026-09-19T19:51,25.26,312.6,934.8,1639.4,0.793,0.2019
2026-09-19T20:04,25.31,323.7,926.4,1644.2,0.795,0.2023
2026-09-19T20:17,25.34,325.0,933.8,1638.3,0.817,0.2026
2026-09-19T20:30,25.37,314.8,934.3,1643.4,0.799,0.203
2026-09-19T20:43,25.39,315.2,922.9,1635.9,0.803,0.2033
2026-09-19T20:56,25.39,319.0,933.1,1638.7,0.816,0.2037
2026-09-19T21:09,25.39,323.1,930.2,1634.5,0.789,0.204
2026-09-19T21:22,25.38,321.6,922.3,1647.2,0.81,0.2043
2026-09-19T21:35,25.36,318.0,928.4,1633.6,0.801,0.2047
2026-09-20T06:00,20.25,316.4,929.9,1644.7,0.799,0.2009
2026-09-20T06:12,20.13,306.9,919.5,1636.6,0.801,0.2011
2026-09-20T06:25,20.02,310.2,941.5,1629.7,0.794,0.2014
2026-09-20T06:38,19.92,326.2,930.9,1637.9,0.792,0.2016
2026-09-20T06:51,19.83,318.3,925.1,1641.6,0.825,0.2019
2026-09-20T07:04,19.74,318.5,925.0,1628.5,0.806,0.2021
2026-09-20T07:17,19.66,312.8,939.6,1643.4,0.795,0.2024
2026-09-20T07:30,19.59,314.0,925.1,1632.3,0.794,0.2027
2026-09-20T07:43,19.53,321.4,919.5,1641.5,0.8,0.203
2026-09-20T07:56,19.48,318.2,925.8,1641.2,0.806,0.2033
2026-09-20T08:09,19.44,320.0,926.3,1631.8,0.803,0.2036
2026-09-20T08:22,19.4,316.7,922.1,1638.7,0.81,0.2039
2026-09-20T08:35,19.38,318.6,930.0,1637.0,0.806,0.2042
2026-09-20T08:48,19.37,322.8,929.4,1637.4,0.795,0.2045
2026-09-20T09:01,19.36,324.8,931.6,1633.4,0.795,0.2048
2026-09-20T09:14,19.37,314.4,921.0,1631.9,0.803,0.2052
2026-09-20T09:27,19.38,317.3,928.5,1632.4,0.796,0.2055
2026-09-20T09:39,19.41,318.4,925.9,1630.5,0.808,0.2059
2026-09-20T09:52,19.44,315.6,933.1,1637.2,0.794,0.2062
2026-09-20T10:08,19.49,314.4,931.1,1632.9,0.792,0.2066
2026-09-20T10:21,19.55,313.4,925.0,1640.4,0.788,0.207
2026-09-20T10:34,19.61,314.1,923.4,1642.3,0.808,0.2074
2026-09-20T10:47,19.68,321.5,920.1,1641.1,0.793,0.2078
2026-09-20T11:00,19.76,322.8,930.8,1639.8,0.797,0.2082
2026-09-20T11:13,19.85,312.9,924.8,1646.2,0.798,0.2086
2026-09-20T11:26,19.95,308.4,936.0,1638.9,0.814,0.209
2026-09-20T11:39,20.05,319.5,925.0,1643.5,0.812,0.2095
2026-09-20T11:52,20.17,311.3,927.6,1635.2,0.807,0.2099
2026-09-20T12:05,20.28,314.9,921.9,1646.8,0.8,0.2103
2026-09-20T12:18,20.41,319.8,923.1,1639.9,0.809,0.2108
2026-09-20T12:31,20.54,313.9,926.2,1632.7,0.803,0.2112
2026-09-20T12:44,20.68,308.2,929.2,1632.9,0.798,0.2117
2026-09-20T13:01,20.86,320.6,925.3,1637.9,0.814,0.2122
2026-09-20T13:14,21.01,316.1,923.1,1628.4,0.805,0.2127
2026-09-20T13:26,21.16,315.7,932.0,1641.4,0.805,0.2131
2026-09-20T13:39,21.32,315.3,928.9,1634.6,0.793,0.2136
2026-09-20T14:00,21.57,315.0,923.4,1634.9,0.81,0.2142
2026-09-20T14:12,21.73,316.4,925.9,1632.9,0.798,0.2147
2026-09-20T14:25,21.9,312.8,922.2,1641.3,0.791,0.2152
2026-09-20T14:38,22.07,325.5,924.9,1637.5,0.809,0.2156
2026-09-20T14:51,22.24,329.4,924.4,1635.1,0.809,0.2161
2026-09-20T15:04,22.41,317.0,923.8,1640.0,0.816,0.2166
2026-09-20T15:17,22.58,310.6,919.8,1637.5,0.808,0.2171
2026-09-20T15:30,22.75,307.7,924.0,1643.3,0.808,0.2176
2026-09-20T15:43,22.91,316.8,933.7,1628.2,0.801,0.2181
2026-09-20T15:56,23.08,307.1,924.3,1628.9,0.808,0.2186
2026-09-20T16:09,23.24,307.2,927.0,1633.8,0.8,0.2191
2026-09-20T16:22,23.4,309.9,928.3,1638.0,0.801,0.2196
2026-09-20T16:35,23.55,318.6,924.1,1643.7,0.808,0.2201
2026-09-20T16:48,23.7,316.4,934.2,1635.0,0.796,0.2206
2026-09-20T17:01,23.85,307.7,932.0,1630.3,0.8,0.221
2026-09-20T17:14,24.0,314.2,918.8,1629.4,0.807,0.2215
2026-09-20T17:27,24.14,313.3,917.4,1634.2,0.81,0.222
2026-09-20T17:40,24.27,315.0,929.6,1630.0,0.808,0.2225
2026-09-20T17:53,24.4,314.7,927.6,1632.7,0.803,0.2229
2026-09-20T18:06,24.52,316.4,915.6,1632.6,0.803,0.2234
2026-09-20T18:19,24.63,310.9,923.4,1634.7,0.805,0.2239
2026-09-20T18:32,24.74,307.2,921.2,1634.4,0.795,0.2243
2026-09-20T18:45,24.83,318.1,927.6,1633.9,0.816,0.2247
2026-09-20T18:58,24.92,316.9,919.8,1636.9,0.801,0.2252
2026-09-20T19:11,25.0,323.5,923.4,1629.8,0.814,0.2256
2026-09-20T19:24,25.08,314.0,927.3,1630.0,0.812,0.226
2026-09-20T19:37,25.14,312.6,935.5,1627.3,0.796,0.2265
2026-09-20T19:50,25.2,320.3,928.2,1630.9,0.8,0.2269
2026-09-20T20:04,25.24,322.4,917.9,1634.9,0.813,0.2273
2026-09-20T20:17,25.28,320.5,924.6,1625.8,0.802,0.2277
2026-09-20T20:30,25.3,309.1,925.2,1635.6,0.802,0.228
2026-09-20T20:43,25.32,316.5,922.2,1626.0,0.809,0.2284
2026-09-20T20:56,25.33,319.7,916.6,1628.0,0.795,0.2288
2026-09-20T21:09,25.32,310.3,923.3,1633.6,0.796,0.2291
2026-09-20T21:22,25.31,312.1,921.9,1636.3,0.802,0.2295
2026-09-20T21:35,25.29,311.5,929.3,1626.6,0.807,0.2298
2026-09-21T06:00,20.18,316.4,918.8,1633.2,0.813,0.2256
2026-09-21T06:13,20.06,319.9,924.4,1638.3,0.8,0.2258
2026-09-21T06:26,19.95,309.7,924.7,1635.3,0.805,0.2261
2026-09-21T06:39,19.85,317.0,919.1,1638.1,0.804,0.2263
2026-09-21T06:52,19.75,321.3,926.2,1640.1,0.807,0.2266
2026-09-21T07:08,19.64,313.6,927.5,1632.0,0.802,0.2269
2026-09-21T07:21,19.57,315.1,931.9,1635.9,0.813,0.2271
2026-09-21T07:34,19.5,307.0,925.4,1632.6,0.807,0.2274
2026-09-21T07:47,19.44,310.2,916.2,1642.6,0.814,0.2277
2026-09-21T08:00,19.39,318.3,931.2,1631.5,0.819,0.2281
2026-09-21T08:13,19.35,302.0,919.8,1623.5,0.794,0.2284
2026-09-21T08:26,19.32,314.7,925.1,1633.1,0.793,0.2287
2026-09-21T08:39,19.3,308.2,920.6,1635.9,0.799,0.229
2026-09-21T08:52,19.29,312.2,927.9,1641.1,0.795,0.2294
2026-09-21T09:05,19.29,311.5,929.4,1625.9,0.802,0.2298
2026-09-21T09:18,19.3,318.0,920.1,1635.9,0.794,0.2301
2026-09-21T09:31,19.32,310.0,924.1,1634.0,0.804,0.2305
2026-09-21T09:44,19.34,312.6,920.9,1634.4,0.807,0.2309
2026-09-21T09:57,19.38,313.0,914.2,1630.2,0.813,0.2313
2026-09-21T10:10,19.43,323.3,923.8,1635.6,0.79,0.2317
2026-09-21T10:24,19.48,320.1,921.5,1631.7,0.801,0.2321
2026-09-21T10:37,19.55,322.9,921.6,1634.3,0.803,0.2325
2026-09-21T10:50,19.62,319.9,923.2,1626.4,0.814,0.2329
2026-09-21T11:02,19.7,314.7,922.7,1625.8,0.806,0.2334
2026-09-21T11:16,19.79,310.7,919.7,1623.0,0.798,0.2338
2026-09-21T11:28,19.89,309.0,920.0,1627.1,0.807,0.2343
2026-09-21T11:41,20.0,312.8,921.0,1633.3,0.813,0.2347
2026-09-21T11:54,20.11,307.5,914.2,1632.0,0.786,0.2352
2026-09-21T12:07,20.23,311.2,916.7,1625.9,0.821,0.2357
2026-09-21T12:20,20.36,317.4,929.0,1633.1,0.803,0.2362
2026-09-21T12:33,20.49,312.4,925.4,1637.6,0.795,0.2367
2026-09-21T12:47,20.63,304.8,924.6,1621.7,0.798,0.2372
2026-09-21T13:00,20.78,309.1,927.5,1623.8,0.813,0.2377
2026-09-21T13:13,20.93,314.0,923.2,1632.6,0.81,0.2382
2026-09-21T13:26,21.08,320.9,923.9,1635.3,0.818,0.2387
2026-09-21T13:39,21.24,312.1,921.2,1632.3,0.8,0.2392
2026-09-21T14:00,21.5,313.2,920.5,1634.4,0.79,0.2398
2026-09-21T14:12,21.66,315.7,919.9,1626.3,0.805,0.2404
2026-09-21T14:25,21.82,306.0,924.6,1632.7,0.801,0.2409
2026-09-21T14:38,21.99,319.2,926.4,1628.0,0.796,0.2414
2026-09-21T14:51,22.16,308.4,909.7,1639.8,0.788,0.2419
2026-09-21T15:05,22.34,314.8,917.3,1633.7,0.815,0.2425
2026-09-21T15:18,22.51,306.0,918.7,1633.2,0.793,0.243
2026-09-21T15:31,22.68,311.2,922.0,1633.4,0.804,0.2436
2026-09-21T15:44,22.84,309.8,923.4,1631.9,0.821,0.2441
2026-09-21T15:57,23.01,309.8,911.4,1625.6,0.796,0.2446
2026-09-21T16:10,23.17,308.8,917.0,1630.4,0.805,0.2452
2026-09-21T16:23,23.33,309.8,921.0,1625.9,0.805,0.2457
2026-09-21T16:36,23.49,303.7,924.0,1629.7,0.804,0.2462
2026-09-21T16:49,23.65,308.4,923.8,1627.9,0.796,0.2467
2026-09-21T17:02,23.79,304.3,920.7,1626.4,0.793,0.2473
2026-09-21T17:15,23.94,308.0,923.7,1628.1,0.799,0.2478
2026-09-21T17:29,24.08,310.1,928.6,1633.7,0.803,0.2483
2026-09-21T17:42,24.21,314.5,916.8,1634.0,0.808,0.2488
2026-09-21T17:55,24.34,312.2,926.1,1626.7,0.79,0.2493
2026-09-21T18:08,24.45,315.6,919.3,1632.2,0.802,0.2498
2026-09-21T18:21,24.57,322.5,915.7,1632.7,0.813,0.2503
2026-09-21T18:34,24.67,316.4,916.7,1628.1,0.818,0.2508
2026-09-21T18:47,24.77,319.5,920.7,1622.6,0.811,0.2513
2026-09-21T19:00,24.86,312.5,917.5,1630.0,0.82,0.2517
2026-09-21T19:14,24.94,306.9,911.7,1628.1,0.802,0.2522
2026-09-21T19:27,25.01,300.0,926.9,1618.7,0.799,0.2526
2026-09-21T19:40,25.07,313.0,917.0,1630.6,0.811,0.2531
2026-09-21T19:53,25.13,309.4,919.5,1628.3,0.8,0.2535
2026-09-21T20:06,25.17,299.1,918.9,1631.7,0.826,0.2539
2026-09-21T20:19,25.2,309.3,918.8,1628.9,0.823,0.2544
2026-09-21T20:33,25.23,310.5,908.4,1630.3,0.808,0.2548
2026-09-21T20:46,25.24,302.2,913.0,1630.7,0.795,0.2552
2026-09-21T20:59,25.25,311.1,915.6,1635.6,0.801,0.2556
2026-09-21T21:12,25.24,317.8,918.1,1626.2,0.809,0.2559
2026-09-21T21:25,25.23,310.9,904.4,1618.2,0.811,0.2563
2026-09-21T21:38,25.2,311.3,913.3,1624.1,0.812,0.2567
2026-09-22T06:00,20.09,305.9,918.7,1638.6,0.807,0.2519
2026-09-22T06:12,19.98,310.6,910.3,1631.7,0.802,0.2521
2026-09-22T06:25,19.87,299.3,910.9,1624.8,0.806,0.2524
2026-09-22T06:38,19.77,303.4,924.1,1623.2,0.8,0.2527
2026-09-22T06:51,19.67,309.3,910.8,1625.7,0.806,0.253
2026-09-22T07:03,19.59,308.8,910.2,1623.8,0.824,0.2533
2026-09-22T07:16,19.51,314.0,920.7,1632.8,0.808,0.2536
2026-09-22T07:29,19.44,316.8,915.9,1633.2,0.807,0.2539
2026-09-22T07:42,19.38,302.1,920.4,1625.9,0.8,0.2542
2026-09-22T07:54,19.33,306.8,920.4,1627.8,0.811,0.2545
2026-09-22T08:07,19.28,311.9,922.3,1627.4,0.813,0.2548
2026-09-22T08:19,19.25,308.6,909.9,1633.4,0.81,0.2552
2026-09-22T08:32,19.23,321.2,920.1,1626.0,0.807,0.2555
2026-09-22T08:45,19.21,298.5,914.4,1626.0,0.811,0.2559
2026-09-22T08:57,19.2,307.9,920.2,1636.8,0.814,0.2563
2026-09-22T09:10,19.2,311.5,921.2,1626.5,0.797,0.2567
2026-09-22T09:23,19.22,304.8,913.1,1631.1,0.83,0.2571
2026-09-22T09:35,19.24,311.4,916.4,1628.7,0.823,0.2575
2026-09-22T09:48,19.27,309.5,918.2,1628.2,0.808,0.2579
2026-09-22T10:01,19.3,305.0,916.7,1611.2,0.809,0.2583
2026-09-22T10:13,19.35,309.1,908.9,1631.4,0.8,0.2587
2026-09-22T10:26,19.41,299.6,916.3,1627.9,0.813,0.2592
2026-09-22T10:39,19.47,296.6,924.9,1625.1,0.824,0.2596
2026-09-22T10:52,19.55,305.0,921.9,1626.9,0.803,0.2601
2026-09-22T11:04,19.63,300.1,919.5,1627.4,0.804,0.2606
2026-09-22T11:17,19.72,300.8,904.4,1621.0,0.801,0.261
2026-09-22T11:30,19.82,300.7,920.4,1642.0,0.8,0.2615
2026-09-22T11:43,19.92,305.0,922.6,1631.5,0.809,0.262
2026-09-22T11:55,20.03,311.3,919.0,1624.5,0.793,0.2625
2026-09-22T12:08,20.15,296.1,916.4,1625.7,0.809,0.263
2026-09-22T12:21,20.27,310.2,912.9,1632.4,0.806,0.2635
2026-09-22T12:33,20.4,303.9,913.7,1625.2,0.814,0.2641
2026-09-22T12:46,20.54,297.5,922.0,1625.3,0.796,0.2646
2026-09-22T12:59,20.68,312.2,914.5,1628.3,0.803,0.2651
2026-09-22T13:12,20.82,308.3,917.1,1622.7,0.804,0.2657
2026-09-22T13:24,20.97,305.0,912.1,1631.2,0.805,0.2662
2026-09-22T13:37,21.13,307.3,919.2,1624.7,0.814,0.2668
2026-09-22T14:00,21.41,306.5,916.8,1621.6,0.804,0.2675
2026-09-22T14:12,21.57,309.4,907.6,1624.0,0.804,0.268
2026-09-22T14:25,21.73,309.0,919.2,1626.0,0.81,0.2686
2026-09-22T14:38,21.89,299.9,909.6,1627.2,0.802,0.2692
2026-09-22T14:50,22.06,313.9,910.4,1623.3,0.793,0.2697
2026-09-22T15:03,22.22,308.3,917.2,1623.5,0.808,0.2703
2026-09-22T15:17,22.41,311.3,917.6,1634.9,0.815,0.2709
2026-09-22T15:30,22.58,308.7,915.4,1619.5,0.813,0.2715
2026-09-22T15:43,22.74,301.4,910.5,1618.1,0.813,0.272
2026-09-22T15:56,22.9,302.4,924.9,1625.1,0.805,0.2726
2026-09-22T16:08,23.06,302.5,908.1,1620.2,0.825,0.2732
2026-09-22T16:21,23.22,302.3,913.9,1634.3,0.81,0.2738
2026-09-22T16:34,23.37,303.0,904.5,1637.7,0.803,0.2743
2026-09-22T16:47,23.53,311.6,917.4,1629.1,0.807,0.2749
2026-09-22T17:00,23.67,305.6,914.4,1626.9,0.803,0.2754
2026-09-22T17:12,23.81,300.5,917.9,1624.2,0.814,0.276
2026-09-22T17:25,23.95,305.1,916.1,1619.7,0.824,0.2765
2026-09-22T17:38,24.08,305.0,921.0,1623.3,0.809,0.2771
2026-09-22T17:50,24.2,312.9,921.2,1628.6,0.801,0.2776
2026-09-22T18:03,24.32,304.0,913.1,1629.8,0.803,0.2781
2026-09-22T18:16,24.43,295.5,918.8,1623.9,0.803,0.2787
2026-09-22T18:34,24.58,302.3,918.8,1626.1,0.806,0.2792
2026-09-22T18:47,24.68,312.1,916.6,1627.6,0.797,0.2797
2026-09-22T19:00,24.76,304.4,919.5,1624.7,0.801,0.2802
2026-09-22T19:13,24.84,307.8,912.8,1621.1,0.818,0.2807
2026-09-22T19:26,24.91,309.8,924.4,1622.2,0.807,0.2812
2026-09-22T19:38,24.97,298.2,911.4,1618.4,0.808,0.2817
2026-09-22T19:51,25.03,293.2,920.2,1624.6,0.799,0.2821
2026-09-22T20:04,25.07,300.5,925.7,1623.7,0.811,0.2826
2026-09-22T20:17,25.1,297.5,916.1,1625.9,0.805,0.283
2026-09-22T20:33,25.14,304.3,912.8,1626.0,0.8,0.2835
2026-09-22T20:50,25.15,298.0,917.2,1631.6,0.799,0.2839
2026-09-22T21:03,25.15,306.2,911.2,1625.9,0.809,0.2843
2026-09-22T21:16,25.14,311.3,909.1,1624.9,0.81,0.2847
2026-09-22T21:28,25.13,307.3,909.6,1625.6,0.8,0.2851
2026-09-22T21:41,25.1,301.8,910.9,1619.8,0.802,0.2855
2026-09-23T06:00,19.99,295.4,919.7,1626.3,0.811,0.2801
2026-09-23T06:12,19.88,308.1,912.2,1622.6,0.806,0.2804
2026-09-23T06:25,19.77,296.6,916.5,1618.1,0.808,0.2807
2026-09-23T06:38,19.67,302.8,912.8,1627.5,0.807,0.281
2026-09-23T06:51,19.57,313.0,916.7,1639.0,0.812,0.2813
2026-09-23T07:03,19.49,304.2,915.7,1624.2,0.805,0.2816
2026-09-23T07:16,19.41,310.2,908.1,1619.0,0.785,0.2819
2026-09-23T07:29,19.34,299.3,909.2,1629.6,0.81,0.2822
2026-09-23T07:41,19.28,305.2,916.2,1620.4,0.805,0.2825
2026-09-23T07:54,19.23,290.2,920.2,1621.8,0.801,0.2829
2026-09-23T08:07,19.18,306.2,915.9,1622.4,0.786,0.2832
2026-09-23T08:19,19.15,300.5,917.0,1624.9,0.806,0.2836
2026-09-23T08:32,19.12,309.7,914.1,1622.8,0.796,0.284
2026-09-23T08:45,19.11,298.4,899.5,1618.6,0.803,0.2843
2026-09-23T08:58,19.1,299.1,915.3,1620.6,0.804,0.2847
2026-09-23T09:11,19.1,306.5,914.5,1636.5,0.801,0.2851
2026-09-23T09:23,19.12,305.9,915.1,1634.3,0.815,0.2855
2026-09-23T09:36,19.14,300.5,913.4,1624.8,0.808,0.286
2026-09-23T09:49,19.17,300.1,902.0,1631.1,0.819,0.2864
2026-09-23T10:02,19.21,294.4,912.7,1619.2,0.81,0.2869
2026-09-23T10:15,19.26,300.0,904.0,1623.6,0.805,0.2873
2026-09-23T10:27,19.31,301.6,915.5,1622.8,0.787,0.2878
2026-09-23T10:40,19.38,312.9,910.2,1625.3,0.824,0.2883
2026-09-23T10:53,19.45,304.5,916.1,1619.7,0.8,0.2888
2026-09-23T11:05,19.53,297.2,914.8,1619.8,0.802,0.2893
2026-09-23T11:18,19.62,301.2,907.4,1621.8,0.793,0.2898
2026-09-23T11:31,19.72,302.8,911.7,1622.9,0.806,0.2903
2026-09-23T11:43,19.82,305.4,917.5,1620.6,0.803,0.2908
2026-09-23T12:00,19.98,298.2,912.8,1630.1,0.792,0.2914
2026-09-23T12:13,20.1,300.3,910.2,1615.0,0.813,0.292
2026-09-23T12:26,20.22,293.3,915.1,1624.7,0.792,0.2925
2026-09-23T12:39,20.35,301.2,919.5,1613.6,0.807,0.2931
2026-09-23T12:52,20.49,307.1,908.2,1623.6,0.805,0.2936
2026-09-23T13:04,20.64,306.5,920.4,1615.2,0.817,0.2942
2026-09-23T13:17,20.78,298.1,919.4,1619.6,0.798,0.2948
2026-09-23T13:32,20.97,299.2,916.9,1616.0,0.808,0.2954
2026-09-23T13:45,21.12,296.1,908.1,1619.6,0.813,0.296
2026-09-23T14:00,21.3,305.8,909.4,1613.7,0.793,0.2966
2026-09-23T14:12,21.46,304.3,920.7,1622.0,0.811,0.2973
2026-09-23T14:25,21.63,300.8,909.5,1618.3,0.799,0.2979
2026-09-23T14:38,21.79,309.0,915.1,1629.2,0.809,0.2985
2026-09-23T14:51,21.96,296.8,919.1,1624.1,0.8,0.2991
2026-09-23T15:04,22.13,304.0,909.2,1621.9,0.807,0.2997
2026-09-23T15:16,22.29,289.1,910.8,1625.4,0.803,0.3003
2026-09-23T15:29,22.46,298.4,913.5,1621.1,0.811,0.3009
2026-09-23T15:42,22.62,307.0,912.2,1616.3,0.799,0.3015
2026-09-23T15:55,22.79,304.8,916.9,1614.5,0.804,0.3021
2026-09-23T16:07,22.95,305.7,910.2,1619.3,0.8,0.3028
2026-09-23T16:23,23.13,304.1,914.8,1609.1,0.817,0.3034
2026-09-23T16:36,23.29,300.0,916.7,1613.7,0.809,0.304
2026-09-23T16:48,23.44,299.6,906.4,1626.7,0.806,0.3046
2026-09-23T17:03,23.61,301.6,907.3,1619.6,0.803,0.3052
2026-09-23T17:19,23.78,299.3,917.6,1616.4,0.798,0.3059
2026-09-23T17:32,23.91,302.4,914.0,1617.5,0.811,0.3064
2026-09-23T17:45,24.04,295.9,918.0,1616.7,0.807,0.307
2026-09-23T17:58,24.16,297.2,910.2,1628.8,0.806,0.3076
2026-09-23T18:10,24.28,295.5,917.4,1618.4,0.807,0.3081
2026-09-23T18:23,24.39,301.5,915.8,1615.9,0.812,0.3087
2026-09-23T18:36,24.49,297.4,907.2,1614.7,0.807,0.3092
2026-09-23T18:49,24.58,290.1,910.2,1618.1,0.803,0.3098
2026-09-23T19:02,24.67,296.5,908.3,1620.5,0.823,0.3103
2026-09-23T19:15,24.75,292.7,907.0,1623.8,0.795,0.3108
2026-09-23T19:27,24.81,308.2,912.6,1625.0,0.815,0.3113
2026-09-23T19:40,24.87,305.9,910.1,1625.2,0.806,0.3118
2026-09-23T19:53,24.93,300.1,909.1,1614.9,0.82,0.3123
2026-09-23T20:06,24.97,295.4,908.2,1614.6,0.814,0.3128
2026-09-23T20:18,25.0,298.5,913.1,1611.3,0.806,0.3133
2026-09-23T20:34,25.03,300.1,914.9,1614.2,0.793,0.3137
2026-09-23T20:47,25.04,298.8,911.5,1625.0,0.801,0.3142
2026-09-23T21:03,25.05,298.6,903.6,1617.4,0.793,0.3146
2026-09-23T21:16,25.04,303.6,903.3,1612.2,0.812,0.315
2026-09-23T21:29,25.02,298.0,900.8,1618.8,0.806,0.3154
2026-09-23T21:41,24.99,298.6,916.1,1614.1,0.801,0.3158
2026-09-24T06:00,19.88,297.7,893.2,1620.2,0.796,0.3099
2026-09-24T06:12,19.77,303.0,915.8,1622.8,0.809,0.3102
2026-09-24T06:25,19.66,312.5,908.9,1609.2,0.81,0.3104
2026-09-24T06:38,19.56,302.4,907.4,1620.8,0.818,0.3107
2026-09-24T06:50,19.46,305.4,902.6,1627.2,0.81,0.311
2026-09-24T07:03,19.38,309.9,907.0,1624.4,0.814,0.3113
2026-09-24T07:20,19.28,297.3,906.4,1616.9,0.809,0.3116
2026-09-24T07:33,19.21,305.6,906.0,1624.9,0.807,0.312
2026-09-24T07:45,19.15,290.2,898.8,1611.9,0.822,0.3123
2026-09-24T07:58,19.1,312.1,900.7,1612.3,0.809,0.3127
2026-09-24T08:11,19.06,295.5,903.5,1606.0,0.812,0.313
2026-09-24T08:24,19.03,302.5,901.8,1610.1,0.816,0.3134
2026-09-24T08:39,19.0,298.2,902.6,1614.5,0.793,0.3138
2026-09-24T08:51,18.99,297.0,905.9,1618.5,0.806,0.3142
2026-09-24T09:04,18.99,290.9,902.6,1609.0,0.802,0.3146
2026-09-24T09:17,19.0,290.5,912.7,1616.6,0.798,0.3151
2026-09-24T09:30,19.01,302.1,912.5,1611.8,0.801,0.3155
2026-09-24T09:42,19.04,300.1,912.3,1613.8,0.802,0.316
2026-09-24T09:55,19.07,301.2,903.6,1615.1,0.795,0.3164
2026-09-24T10:08,19.12,304.6,909.3,1607.7,0.811,0.3169
2026-09-24T10:21,19.17,293.2,904.6,1611.2,0.817,0.3174
2026-09-24T10:33,19.23,295.9,905.7,1617.8,0.806,0.3179
2026-09-24T10:46,19.3,299.0,910.4,1614.6,0.797,0.3184
2026-09-24T10:59,19.38,304.8,908.8,1612.8,0.815,0.3189
2026-09-24T11:12,19.46,293.6,898.6,1613.1,0.805,0.3195
2026-09-24T11:25,19.56,304.4,901.1,1620.5,0.811,0.32
2026-09-24T11:37,19.66,302.8,915.6,1621.1,0.808,0.3206
2026-09-24T11:50,19.77,294.1,906.6,1614.9,0.801,0.3211
2026-09-24T12:03,19.88,291.3,912.5,1622.7,0.796,0.3217
2026-09-24T12:16,20.01,297.0,906.8,1614.8,0.795,0.3223
2026-09-24T12:28,20.13,303.0,910.3,1618.2,0.816,0.3229
2026-09-24T12:41,20.27,291.5,909.6,1613.4,0.815,0.3235
2026-09-24T12:54,20.41,298.4,909.9,1616.3,0.808,0.3241
2026-09-24T13:07,20.55,303.7,914.1,1623.0,0.792,0.3247
2026-09-24T13:19,20.7,297.0,897.0,1617.6,0.806,0.3254
2026-09-24T13:32,20.85,307.7,906.4,1613.9,0.808,0.326
2026-09-24T13:45,21.01,290.4,906.4,1624.2,0.811,0.3266
2026-09-24T14:00,21.19,292.6,913.1,1608.8,0.804,0.3273
2026-09-24T14:12,21.35,293.3,907.5,1613.6,0.797,0.3279
2026-09-24T14:25,21.51,289.7,901.8,1622.0,0.806,0.3286
2026-09-24T14:40,21.71,292.4,900.6,1619.4,0.802,0.3293
2026-09-24T14:53,21.87,295.7,897.0,1615.8,0.81,0.3299
2026-09-24T15:06,22.04,297.7,907.5,1616.0,0.814,0.3306
2026-09-24T15:18,22.2,306.0,908.5,1623.4,0.807,0.3312
2026-09-24T15:33,22.4,295.4,902.5,1623.3,0.815,0.3319
2026-09-24T15:46,22.56,288.0,912.2,1621.0,0.806,0.3326
2026-09-24T15:59,22.72,287.6,907.3,1620.8,0.819,0.3332
2026-09-24T16:12,22.88,292.5,901.7,1608.3,0.805,0.3339
2026-09-24T16:24,23.04,298.3,909.3,1622.7,0.819,0.3345
2026-09-24T16:37,23.19,308.1,904.8,1612.1,0.827,0.3351
2026-09-24T16:50,23.34,291.9,905.9,1609.1,0.826,0.3358
2026-09-24T17:03,23.48,298.2,897.0,1617.8,0.8,0.3364
2026-09-24T17:15,23.62,290.5,909.7,1614.3,0.817,0.337
2026-09-24T17:28,23.76,299.7,901.0,1605.8,0.797,0.3377
2026-09-24T17:41,23.89,303.6,901.1,1618.7,0.813,0.3383
2026-09-24T17:54,24.01,295.5,908.0,1615.0,0.8,0.3389
2026-09-24T18:07,24.13,306.7,905.1,1614.3,0.817,0.3395
2026-09-24T18:19,24.24,291.9,902.5,1614.0,0.801,0.3401
2026-09-24T18:32,24.34,291.6,911.1,1621.1,0.816,0.3406
2026-09-24T18:45,24.44,298.8,914.3,1614.6,0.811,0.3412
2026-09-24T18:58,24.53,298.0,916.3,1621.1,0.812,0.3418
2026-09-24T19:11,24.61,295.7,902.0,1616.1,0.804,0.3423
2026-09-24T19:23,24.68,304.3,899.3,1611.2,0.809,0.3429
2026-09-24T19:40,24.76,300.0,910.8,1619.4,0.816,0.3434
2026-09-24T19:53,24.81,298.1,906.9,1617.7,0.801,0.3439
2026-09-24T20:06,24.85,288.8,903.8,1617.3,0.806,0.3444
2026-09-24T20:19,24.88,297.0,896.3,1612.8,0.827,0.3449
2026-09-24T20:31,24.91,293.9,891.6,1618.2,0.8,0.3454
2026-09-24T20:44,24.92,282.0,904.2,1619.2,0.815,0.3459
2026-09-24T21:00,24.93,293.9,901.0,1611.2,0.813,0.3463
2026-09-24T21:13,24.92,293.7,903.3,1624.2,0.803,0.3468
2026-09-24T21:25,24.91,284.0,913.4,1607.1,0.805,0.3472
2026-09-24T21:38,24.88,295.8,894.1,1612.9,0.805,0.3476
2026-09-25T06:00,19.76,302.1,905.0,1612.9,0.81,0.341
2026-09-25T06:12,19.64,290.2,903.4,1610.2,0.804,0.3413
2026-09-25T06:30,19.49,296.4,905.5,1619.6,0.817,0.3415
2026-09-25T06:43,19.4,296.6,904.7,1608.5,0.806,0.3418
2026-09-25T06:55,19.31,288.5,895.8,1620.6,0.802,0.3422
2026-09-25T07:08,19.22,289.5,899.7,1608.9,0.813,0.3425
2026-09-25T07:21,19.15,291.6,896.5,1615.0,0.816,0.3428
2026-09-25T07:34,19.08,296.6,909.0,1613.2,0.805,0.3432
2026-09-25T07:46,19.02,294.3,907.6,1618.2,0.802,0.3435
2026-09-25T07:59,18.97,298.8,895.4,1614.4,0.797,0.3439
2026-09-25T08:12,18.93,289.6,903.1,1610.3,0.809,0.3443
2026-09-25T08:25,18.9,290.6,896.2,1608.9,0.809,0.3447
2026-09-25T08:37,18.88,295.9,900.2,1607.5,0.812,0.3451
2026-09-25T08:55,18.87,294.4,901.9,1613.6,0.807,0.3455
2026-09-25T09:08,18.87,289.0,905.0,1622.3,0.798,0.3459
2026-09-25T09:23,18.88,292.2,905.3,1616.0,0.805,0.3464
2026-09-25T09:36,18.9,296.7,905.5,1607.7,0.808,0.3469
2026-09-25T09:49,18.93,291.2,903.0,1608.2,0.808,0.3474
2026-09-25T10:01,18.97,290.0,902.1,1621.7,0.795,0.3479
2026-09-25T10:14,19.02,297.3,902.8,1616.7,0.808,0.3484
2026-09-25T10:29,19.09,293.7,905.1,1605.4,0.809,0.3489
2026-09-25T10:42,19.15,295.5,909.9,1616.9,0.804,0.3494
2026-09-25T10:55,19.23,292.5,896.9,1615.8,0.809,0.35
2026-09-25T11:08,19.31,296.8,901.0,1608.2,0.809,0.3505
2026-09-25T11:20,19.4,303.2,897.8,1619.5,0.809,0.3511
2026-09-25T11:36,19.53,294.2,907.5,1617.1,0.805,0.3517
2026-09-25T11:49,19.64,288.3,905.0,1620.1,0.802,0.3523
2026-09-25T12:02,19.75,290.1,899.1,1607.1,0.817,0.353
2026-09-25T12:15,19.87,290.0,899.2,1616.0,0.801,0.3536
2026-09-25T12:28,20.0,291.2,900.8,1617.4,0.811,0.3542
2026-09-25T12:41,20.14,299.4,909.3,1612.0,0.816,0.3548
2026-09-25T12:54,20.28,293.9,893.5,1605.6,0.804,0.3555
2026-09-25T13:06,20.42,288.2,897.0,1616.6,0.807,0.3561
2026-09-25T13:19,20.57,288.6,904.5,1621.1,0.812,0.3568
2026-09-25T13:32,20.72,290.8,909.4,1612.2,0.808,0.3575
2026-09-25T13:45,20.88,289.5,900.5,1610.9,0.809,0.3581
2026-09-25T14:00,21.06,291.4,894.8,1609.6,0.813,0.3588
2026-09-25T14:12,21.23,290.8,908.1,1609.8,0.812,0.3595
2026-09-25T14:25,21.39,288.0,902.6,1599.2,0.81,0.3602
2026-09-25T14:38,21.55,300.2,892.5,1596.9,0.821,0.3609
2026-09-25T14:51,21.72,298.0,897.3,1611.1,0.799,0.3616
2026-09-25T15:04,21.89,286.3,899.2,1609.8,0.816,0.3623
2026-09-25T15:16,22.05,298.1,901.8,1611.3,0.805,0.363
2026-09-25T15:29,22.22,297.3,904.8,1623.2,0.809,0.3637
2026-09-25T15:42,22.38,289.8,908.0,1612.0,0.8,0.3644
2026-09-25T15:55,22.54,285.7,905.3,1611.9,0.791,0.3651
2026-09-25T16:08,22.7,286.6,901.4,1610.6,0.81,0.3657
2026-09-25T16:20,22.86,291.2,901.2,1608.8,0.808,0.3664
2026-09-25T16:36,23.05,296.5,895.5,1601.1,0.803,0.3672
2026-09-25T16:49,23.2,288.2,890.7,1617.2,0.81,0.3678
2026-09-25T17:01,23.34,282.5,898.8,1610.2,0.803,0.3685
2026-09-25T17:14,23.49,288.6,912.1,1618.1,0.801,0.3692
2026-09-25T17:31,23.66,284.3,906.9,1598.3,0.818,0.3699
2026-09-25T17:47,23.82,292.2,903.4,1613.0,0.807,0.3706
2026-09-25T18:03,23.97,294.3,892.1,1611.9,0.811,0.3713
2026-09-25T18:16,24.08,288.8,903.4,1607.6,0.808,0.3719
2026-09-25T18:29,24.19,290.0,893.2,1611.3,0.814,0.3725
2026-09-25T18:41,24.28,291.4,893.4,1610.5,0.802,0.3731
2026-09-25T18:54,24.37,289.7,905.0,1611.8,0.814,0.3737
2026-09-25T19:07,24.46,295.9,902.4,1614.3,0.805,0.3743
2026-09-25T19:20,24.53,281.5,897.0,1611.7,0.811,0.3749
2026-09-25T19:33,24.6,292.1,903.0,1600.7,0.807,0.3754
2026-09-25T19:45,24.65,281.4,906.4,1603.9,0.832,0.376
2026-09-25T19:58,24.7,278.4,898.9,1608.7,0.823,0.3765
2026-09-25T20:11,24.74,286.8,896.1,1608.8,0.815,0.377
2026-09-25T20:24,24.77,290.0,907.2,1614.3,0.82,0.3775
2026-09-25T20:40,24.79,292.4,892.1,1606.7,0.811,0.378
2026-09-25T20:53,24.8,279.4,900.3,1621.2,0.812,0.3785
2026-09-25T21:06,24.8,289.1,899.5,1595.1,0.813,0.379
2026-09-25T21:19,24.79,276.2,896.3,1603.9,0.802,0.3794
2026-09-25T21:31,24.77,291.6,907.0,1601.9,0.818,0.3798
2026-09-25T21:44,24.74,284.8,901.7,1600.2,0.809,0.3803
2026-09-26T06:00,19.63,289.2,895.9,1613.4,0.799,0.3731
2026-09-26T06:12,19.51,288.9,896.7,1606.1,0.818,0.3733
2026-09-26T06:25,19.4,284.8,905.1,1611.1,0.796,0.3736
2026-09-26T06:37,19.3,292.9,894.2,1613.5,0.8,0.3739
2026-09-26T06:50,19.21,282.8,889.1,1606.7,0.814,0.3743
2026-09-26T07:03,19.12,287.3,894.2,1608.2,0.823,0.3746
2026-09-26T07:16,19.05,285.7,897.7,1607.8,0.822,0.3749
2026-09-26T07:28,18.98,285.2,910.2,1610.7,0.808,0.3753
2026-09-26T07:41,18.91,295.9,891.8,1602.6,0.805,0.3756
2026-09-26T07:54,18.86,290.0,900.6,1608.8,0.822,0.376
2026-09-26T08:07,18.82,285.9,898.1,1606.6,0.797,0.3764
2026-09-26T08:19,18.78,280.3,898.6,1615.2,0.789,0.3768
2026-09-26T08:32,18.76,292.0,904.4,1592.4,0.804,0.3772
2026-09-26T08:45,18.74,283.6,895.7,1613.1,0.824,0.3777
2026-09-26T08:57,18.73,281.1,905.1,1619.0,0.788,0.3781
2026-09-26T09:10,18.74,280.5,889.1,1605.0,0.808,0.3786
2026-09-26T09:23,18.75,288.4,902.5,1605.1,0.811,0.379
2026-09-26T09:35,18.77,285.5,898.0,1604.6,0.821,0.3795
2026-09-26T09:48,18.8,289.4,898.4,1612.8,0.804,0.38
2026-09-26T10:01,18.83,289.5,888.9,1608.3,0.811,0.3806
2026-09-26T10:13,18.88,278.6,901.2,1603.6,0.816,0.3811
2026-09-26T10:26,18.94,291.4,892.9,1608.0,0.807,0.3816
2026-09-26T10:39,19.0,287.6,895.6,1595.8,0.816,0.3822
2026-09-26T10:52,19.07,287.5,897.0,1603.6,0.801,0.3828
2026-09-26T11:04,19.15,288.9,904.7,1608.5,0.795,0.3834
2026-09-26T11:17,19.24,282.3,897.2,1612.3,0.805,0.384
2026-09-26T11:30,19.34,292.1,897.2,1609.0,0.809,0.3846
2026-09-26T11:42,19.44,290.4,901.1,1612.7,0.818,0.3852
2026-09-26T11:55,19.55,283.7,901.5,1609.9,0.805,0.3858
2026-09-26T12:08,19.67,296.3,896.6,1611.0,0.792,0.3865
2026-09-26T12:20,19.79,283.9,895.9,1596.9,0.816,0.3871
2026-09-26T12:33,19.92,288.6,899.9,1598.7,0.819,0.3878
2026-09-26T12:46,20.06,290.8,903.2,1604.3,0.812,0.3885
2026-09-26T12:59,20.2,284.3,899.9,1600.9,0.805,0.3892
2026-09-26T13:11,20.35,288.9,899.0,1599.0,0.806,0.3898
2026-09-26T13:24,20.49,291.8,898.6,1607.6,0.813,0.3905
2026-09-26T13:37,20.64,281.2,893.5,1606.1,0.808,0.3913
2026-09-26T14:00,20.93,278.7,894.8,1606.0,0.806,0.3922
2026-09-26T14:12,21.09,284.2,897.0,1605.1,0.797,0.3929
2026-09-26T14:25,21.25,283.7,888.8,1602.4,0.827,0.3936
2026-09-26T14:38,21.42,286.6,899.8,1611.6,0.811,0.3943
2026-09-26T14:50,21.58,284.0,898.8,1603.2,0.802,0.3951
2026-09-26T15:03,21.74,287.7,899.2,1598.6,0.829,0.3958
2026-09-26T15:16,21.91,289.4,894.4,1604.5,0.808,0.3965
2026-09-26T15:29,22.07,297.3,900.4,1603.3,0.792,0.3973
2026-09-26T15:41,22.24,281.5,898.0,1603.7,0.81,0.398
2026-09-26T15:54,22.4,282.4,895.1,1602.7,0.808,0.3987
2026-09-26T16:07,22.56,279.4,895.5,1606.2,0.808,0.3994
2026-09-26T16:19,22.72,283.0,900.8,1599.8,0.818,0.4002
2026-09-26T16:32,22.87,281.1,896.4,1611.4,0.81,0.4009
2026-09-26T16:45,23.02,295.6,898.3,1607.1,0.801,0.4016
2026-09-26T16:57,23.16,286.8,897.0,1593.6,0.806,0.4023
2026-09-26T17:10,23.31,282.1,900.6,1618.9,0.824,0.403
2026-09-26T17:23,23.44,282.3,894.5,1598.1,0.803,0.4037
2026-09-26T17:36,23.57,286.7,895.3,1609.0,0.818,0.4044
2026-09-26T17:49,23.7,296.1,899.2,1601.0,0.81,0.4051
2026-09-26T18:01,23.82,283.8,892.7,1603.5,0.805,0.4057
2026-09-26T18:14,23.93,282.7,889.6,1602.8,0.811,0.4064
2026-09-26T18:27,24.04,287.1,899.5,1604.1,0.81,0.407
2026-09-26T18:39,24.13,288.4,906.2,1606.6,0.817,0.4077
2026-09-26T18:52,24.22,286.0,900.2,1603.3,0.805,0.4083
2026-09-26T19:05,24.31,282.0,902.8,1600.7,0.816,0.4089
2026-09-26T19:18,24.38,283.0,906.5,1600.2,0.812,0.4095
2026-09-26T19:30,24.45,279.4,901.3,1601.5,0.804,0.4101
2026-09-26T19:43,24.51,275.5,897.8,1604.7,0.816,0.4107
2026-09-26T19:56,24.55,276.3,885.5,1603.4,0.806,0.4112
2026-09-26T20:09,24.59,281.6,892.3,1598.3,0.806,0.4118
2026-09-26T20:21,24.63,287.0,897.0,1609.2,0.824,0.4123
2026-09-26T20:34,24.65,289.4,895.1,1602.9,0.819,0.4128
2026-09-26T20:47,24.66,289.4,905.7,1597.8,0.814,0.4133
2026-09-26T21:00,24.66,284.7,902.7,1605.6,0.817,0.4138
2026-09-26T21:12,24.66,281.9,884.6,1597.6,0.823,0.4143
2026-09-26T21:25,24.64,281.9,894.6,1598.7,0.803,0.4148
2026-09-26T21:38,24.62,279.3,902.5,1603.7,0.803,0.4152
2026-09-27T06:00,19.49,276.8,883.5,1605.2,0.813,0.4073
2026-09-27T06:12,19.37,281.3,897.8,1606.2,0.812,0.4076
2026-09-27T06:25,19.26,287.7,900.6,1607.7,0.827,0.4079
2026-09-27T06:38,19.16,290.3,888.7,1604.0,0.81,0.4082
2026-09-27T06:51,19.07,286.0,892.3,1603.6,0.816,0.4085
2026-09-27T07:03,18.98,287.9,907.1,1605.3,0.805,0.4088
2026-09-27T07:16,18.9,286.2,884.6,1601.1,0.806,0.4092
2026-09-27T07:29,18.83,278.8,894.7,1610.6,0.808,0.4095
2026-09-27T07:41,18.77,285.4,899.0,1604.8,0.799,0.4099
2026-09-27T07:54,18.72,282.3,892.3,1602.9,0.809,0.4103
2026-09-27T08:07,18.68,287.3,901.1,1608.1,0.813,0.4107
2026-09-27T08:20,18.64,283.1,897.6,1605.5,0.798,0.4111
2026-09-27T08:32,18.62,281.3,896.7,1600.9,0.809,0.4116
2026-09-27T08:45,18.6,283.8,895.0,1595.5,0.831,0.412
2026-09-27T08:58,18.59,280.5,898.5,1606.3,0.798,0.4125
2026-09-27T09:10,18.59,274.8,888.3,1603.7,0.807,0.4129
2026-09-27T09:23,18.61,280.4,897.0,1602.5,0.798,0.4134
2026-09-27T09:36,18.63,277.4,891.4,1598.8,0.815,0.4139
2026-09-27T09:49,18.66,285.0,893.9,1593.3,0.809,0.4145
2026-09-27T10:01,18.69,280.8,897.9,1608.9,0.813,0.415
2026-09-27T10:14,18.74,278.4,890.5,1598.3,0.796,0.4156
2026-09-27T10:27,18.8,286.5,893.4,1604.5,0.804,0.4161
2026-09-27T10:40,18.86,282.4,888.1,1606.3,0.794,0.4167
2026-09-27T10:52,18.94,279.6,889.5,1592.8,0.812,0.4173
2026-09-27T11:05,19.02,277.3,886.7,1609.7,0.801,0.418
2026-09-27T11:18,19.11,283.3,892.9,1611.7,0.815,0.4186
2026-09-27T11:30,19.2,278.9,887.5,1594.8,0.81,0.4192
2026-09-27T11:43,19.31,283.5,883.7,1601.0,0.81,0.4199
2026-09-27T11:56,19.42,283.7,896.6,1596.5,0.814,0.4206
2026-09-27T12:09,19.54,278.7,888.6,1605.9,0.802,0.4212
2026-09-27T12:21,19.66,283.4,891.5,1603.8,0.793,0.4219
2026-09-27T12:34,19.79,282.8,889.5,1604.3,0.803,0.4226
2026-09-27T12:47,19.93,278.1,896.3,1604.8,0.814,0.4233
2026-09-27T12:59,20.07,281.9,901.2,1596.7,0.812,0.4241
2026-09-27T13:12,20.21,269.7,898.7,1599.3,0.813,0.4248
2026-09-27T13:25,20.36,278.4,890.3,1588.1,0.806,0.4255
2026-09-27T13:37,20.51,283.4,899.3,1604.4,0.8,0.4263
2026-09-27T14:00,20.79,292.4,890.8,1596.3,0.812,0.4272
2026-09-27T14:12,20.95,290.6,895.8,1598.2,0.809,0.428
2026-09-27T14:25,21.11,279.3,893.9,1597.2,0.806,0.4288
2026-09-27T14:38,21.27,285.3,893.4,1601.7,0.803,0.4295
2026-09-27T14:50,21.44,280.8,892.4,1606.2,0.802,0.4303
2026-09-27T15:03,21.6,285.0,894.8,1609.3,0.798,0.4311
2026-09-27T15:16,21.77,274.3,890.6,1594.2,0.808,0.4318
2026-09-27T15:28,21.93,284.6,896.0,1583.4,0.807,0.4326
2026-09-27T15:41,22.09,284.0,895.2,1598.9,0.809,0.4334
2026-09-27T15:54,22.26,278.9,889.9,1603.3,0.818,0.4341
2026-09-27T16:07,22.41,276.1,890.6,1609.8,0.813,0.4349
2026-09-27T16:19,22.57,281.8,891.3,1604.6,0.798,0.4357
2026-09-27T16:32,22.72,284.8,891.9,1601.0,0.821,0.4364
2026-09-27T16:45,22.87,287.0,888.3,1602.7,0.795,0.4372
2026-09-27T16:57,23.02,284.6,882.4,1600.9,0.805,0.4379
2026-09-27T17:10,23.16,290.0,888.1,1611.0,0.813,0.4387
2026-09-27T17:23,23.3,284.8,876.8,1594.2,0.819,0.4394
2026-09-27T17:36,23.43,284.7,890.1,1596.7,0.816,0.4401
2026-09-27T17:48,23.56,285.6,885.4,1596.2,0.803,0.4408
2026-09-27T18:01,23.67,286.5,872.7,1597.3,0.806,0.4415
2026-09-27T18:14,23.79,284.1,892.3,1602.8,0.806,0.4422
2026-09-27T18:27,23.89,274.8,894.9,1602.2,0.825,0.4429
2026-09-27T18:39,23.99,272.4,890.2,1590.9,0.803,0.4436
2026-09-27T18:52,24.08,275.7,890.1,1608.7,0.821,0.4442
2026-09-27T19:05,24.16,275.0,887.1,1597.8,0.8,0.4449
2026-09-27T19:18,24.24,285.5,891.2,1602.1,0.803,0.4455
2026-09-27T19:31,24.31,276.9,888.4,1595.5,0.807,0.4461
2026-09-27T19:43,24.36,276.2,889.0,1600.9,0.813,0.4467
2026-09-27T19:56,24.41,282.8,893.5,1595.8,0.81,0.4473
2026-09-27T20:09,24.45,281.2,881.5,1598.7,0.81,0.4479
2026-09-27T20:21,24.48,276.4,901.4,1594.5,0.818,0.4484
2026-09-27T20:34,24.5,275.5,897.1,1609.8,0.813,0.449
2026-09-27T20:47,24.52,277.0,884.4,1603.3,0.814,0.4495
2026-09-27T21:00,24.52,282.5,889.2,1603.6,0.82,0.45
2026-09-27T21:13,24.51,278.9,889.1,1596.5,0.804,0.4505
2026-09-27T21:25,24.5,283.9,893.0,1603.3,0.824,0.451
2026-09-27T21:38,24.47,284.6,887.5,1596.1,0.808,0.4514
2026-09-28T06:00,19.34,272.0,888.2,1594.4,0.813,0.4428
2026-09-28T06:12,19.23,272.5,894.0,1600.3,0.807,0.4431
2026-09-28T06:25,19.12,269.6,887.9,1601.9,0.829,0.4434
2026-09-28T06:38,19.02,280.0,880.6,1594.1,0.805,0.4437
2026-09-28T06:50,18.92,276.8,893.0,1589.3,0.813,0.444
2026-09-28T07:03,18.84,280.3,881.8,1597.5,0.806,0.4443
2026-09-28T07:16,18.76,281.5,886.6,1594.3,0.803,0.4447
2026-09-28T07:28,18.69,271.4,887.5,1592.0,0.817,0.4451
2026-09-28T07:41,18.63,279.1,886.1,1592.5,0.815,0.4454
2026-09-28T07:54,18.57,276.4,884.3,1585.2,0.81,0.4458
2026-09-28T08:07,18.53,275.9,879.8,1609.3,0.806,0.4462
2026-09-28T08:19,18.49,283.3,888.0,1603.3,0.813,0.4467
2026-09-28T08:32,18.47,279.6,891.9,1613.4,0.816,0.4471
2026-09-28T08:45,18.45,279.7,891.3,1600.8,0.827,0.4476
2026-09-28T08:58,18.45,275.1,880.2,1592.9,0.808,0.4481
2026-09-28T09:10,18.45,278.1,898.1,1588.2,0.796,0.4486
2026-09-28T09:23,18.46,288.2,891.8,1595.8,0.805,0.4491
2026-09-28T09:35,18.48,267.0,888.8,1603.8,0.803,0.4496
2026-09-28T09:48,18.51,276.7,890.2,1601.1,0.818,0.4501
2026-09-28T10:01,18.55,280.2,880.6,1592.7,0.8,0.4507
2026-09-28T10:14,18.59,272.6,877.0,1593.1,0.805,0.4513
2026-09-28T10:26,18.65,285.5,890.2,1596.5,0.803,0.4519
2026-09-28T10:39,18.71,284.4,883.0,1590.4,0.813,0.4525
2026-09-28T10:52,18.79,270.9,881.5,1596.8,0.818,0.4531
2026-09-28T11:05,18.87,269.5,890.5,1596.1,0.809,0.4538
2026-09-28T11:17,18.96,280.5,888.3,1595.5,0.807,0.4544
2026-09-28T11:30,19.05,279.6,889.1,1597.4,0.814,0.4551
2026-09-28T11:43,19.16,281.9,887.5,1597.1,0.833,0.4558
2026-09-28T11:56,19.27,266.3,884.3,1599.2,0.816,0.4565
2026-09-28T12:08,19.39,273.1,884.7,1603.8,0.819,0.4572
2026-09-28T12:21,19.51,273.9,884.5,1595.1,0.801,0.4579
2026-09-28T12:34,19.64,277.6,883.2,1603.7,0.805,0.4587
2026-09-28T12:46,19.78,285.7,891.0,1602.9,0.808,0.4594
2026-09-28T12:59,19.92,276.6,880.7,1603.9,0.819,0.4602
2026-09-28T13:12,20.06,276.0,885.9,1591.5,0.816,0.461
2026-09-28T13:25,20.21,274.1,892.1,1595.3,0.81,0.4617
2026-09-28T13:38,20.37,284.6,891.7,1593.8,0.818,0.4625
2026-09-28T14:00,20.64,279.6,883.5,1591.8,0.805,0.4635
2026-09-28T14:12,20.8,267.4,885.4,1583.0,0.819,0.4643
2026-09-28T14:25,20.96,277.8,891.7,1589.9,0.816,0.4651
2026-09-28T14:38,21.13,277.2,888.6,1600.9,0.816,0.466
2026-09-28T14:51,21.29,272.5,888.8,1595.4,0.802,0.4668
2026-09-28T15:04,21.46,270.3,888.9,1596.4,0.818,0.4676
2026-09-28T15:16,21.63,275.5,888.3,1598.6,0.819,0.4684
2026-09-28T15:29,21.79,281.6,889.9,1604.6,0.819,0.4692
2026-09-28T15:42,21.95,277.7,878.1,1595.3,0.81,0.47
2026-09-28T15:55,22.12,274.7,898.4,1601.0,0.822,0.4708
2026-09-28T16:07,22.28,267.4,885.5,1587.4,0.819,0.4716
2026-09-28T16:20,22.43,272.8,888.1,1586.1,0.795,0.4724
2026-09-28T16:33,22.59,277.3,881.5,1591.6,0.818,0.4732
2026-09-28T16:46,22.74,270.9,879.1,1594.8,0.815,0.474
2026-09-28T16:58,22.88,275.5,877.4,1594.4,0.804,0.4748
2026-09-28T17:11,23.02,268.6,881.9,1596.5,0.803,0.4756
2026-09-28T17:24,23.16,270.2,880.3,1593.8,0.797,0.4764
2026-09-28T17:37,23.29,282.0,881.5,1598.7,0.809,0.4771
2026-09-28T17:50,23.42,273.6,886.2,1610.1,0.804,0.4779
2026-09-28T18:02,23.54,276.5,890.1,1594.6,0.81,0.4786
2026-09-28T18:15,23.65,278.2,887.7,1586.0,0.812,0.4793
2026-09-28T18:32,23.78,276.7,881.7,1597.9,0.811,0.4801
2026-09-28T18:45,23.88,275.0,892.4,1597.8,0.807,0.4808
2026-09-28T18:57,23.97,270.8,888.7,1595.1,0.82,0.4815
2026-09-28T19:10,24.05,269.4,877.0,1606.5,0.811,0.4822
2026-09-28T19:23,24.12,275.1,889.2,1591.5,0.822,0.4828
2026-09-28T19:36,24.18,277.3,884.4,1598.8,0.815,0.4834
2026-09-28T19:48,24.23,271.8,892.1,1592.9,0.826,0.4841
2026-09-28T20:01,24.28,272.6,874.5,1597.1,0.811,0.4847
2026-09-28T20:14,24.31,264.9,885.0,1596.3,0.802,0.4852
2026-09-28T20:27,24.34,271.7,884.3,1600.6,0.812,0.4858
2026-09-28T20:40,24.36,269.5,891.4,1601.5,0.816,0.4864
2026-09-28T20:52,24.37,273.9,879.2,1593.2,0.804,0.4869
2026-09-28T21:05,24.37,267.4,881.3,1593.0,0.804,0.4874
2026-09-28T21:18,24.36,265.2,883.4,1594.2,0.817,0.4879
2026-09-28T21:31,24.34,266.2,890.7,1592.4,0.813,0.4884
2026-09-28T21:43,24.31,270.9,873.7,1595.6,0.809,0.4889
2026-09-29T06:00,19.19,274.3,881.8,1591.5,0.815,0.4795
2026-09-29T06:12,19.07,277.1,880.2,1590.7,0.814,0.4798
2026-09-29T06:25,18.96,275.7,875.4,1597.5,0.819,0.4801
2026-09-29T06:38,18.86,275.6,884.9,1594.4,0.809,0.4804
2026-09-29T06:50,18.77,262.1,877.5,1598.2,0.797,0.4807
2026-09-29T07:03,18.68,279.0,881.5,1594.6,0.825,0.481
2026-09-29T07:16,18.61,278.5,875.7,1594.9,0.816,0.4814
2026-09-29T07:29,18.54,267.1,888.3,1598.2,0.813,0.4818
2026-09-29T07:41,18.47,269.6,888.1,1593.7,0.799,0.4822
2026-09-29T07:54,18.42,263.3,878.4,1591.6,0.807,0.4826
2026-09-29T08:07,18.38,269.7,879.0,1587.4,0.803,0.483
2026-09-29T08:19,18.34,271.6,890.7,1590.3,0.822,0.4834
2026-09-29T08:32,18.32,272.7,884.9,1596.2,0.802,0.4839
2026-09-29T08:45,18.3,278.2,873.9,1594.1,0.818,0.4844
2026-09-29T08:58,18.29,272.5,882.5,1603.1,0.802,0.4849
2026-09-29T09:11,18.29,277.7,888.2,1597.9,0.811,0.4854
2026-09-29T09:23,18.31,284.6,883.6,1599.7,0.831,0.4859
2026-09-29T09:36,18.33,265.4,882.6,1596.0,0.828,0.4865
2026-09-29T09:48,18.36,270.0,887.8,1591.6,0.828,0.487
2026-09-29T10:01,18.39,266.6,877.5,1598.8,0.819,0.4876
2026-09-29T10:14,18.44,270.4,891.6,1598.4,0.821,0.4882
2026-09-29T10:26,18.5,259.6,880.5,1591.4,0.812,0.4888
2026-09-29T10:39,18.56,267.3,889.2,1592.4,0.818,0.4895
2026-09-29T10:52,18.63,272.2,877.0,1587.9,0.81,0.4901
2026-09-29T11:05,18.72,272.6,882.8,1591.9,0.818,0.4908
2026-09-29T11:18,18.81,275.4,890.4,1594.4,0.825,0.4915
2026-09-29T11:30,18.9,275.3,885.9,1591.3,0.808,0.4922
2026-09-29T11:43,19.01,265.8,882.8,1584.9,0.823,0.4929
2026-09-29T11:56,19.12,274.0,878.7,1583.5,0.814,0.4937
2026-09-29T12:08,19.24,267.6,877.2,1600.0,0.806,0.4944
2026-09-29T12:21,19.36,276.4,884.0,1585.7,0.817,0.4952
2026-09-29T12:34,19.49,278.9,880.1,1592.2,0.815,0.4959
2026-09-29T12:47,19.63,273.4,883.8,1592.3,0.812,0.4967
2026-09-29T12:59,19.76,266.1,888.1,1590.5,0.829,0.4975
2026-09-29T13:12,19.91,271.9,879.7,1587.3,0.816,0.4983
2026-09-29T13:25,20.06,275.8,880.9,1583.7,0.804,0.4991
2026-09-29T13:38,20.21,275.3,884.9,1586.4,0.806,0.5
2026-09-29T14:00,20.48,275.7,880.8,1586.5,0.819,0.501
2026-09-29T14:12,20.65,271.6,871.0,1584.0,0.805,0.5019
2026-09-29T14:25,20.81,275.9,877.4,1596.1,0.8,0.5027
2026-09-29T14:38,20.97,268.4,888.4,1581.3,0.82,0.5036
2026-09-29T14:51,21.14,282.4,879.5,1599.9,0.809,0.5044
2026-09-29T15:03,21.3,266.3,880.0,1589.9,0.813,0.5053
2026-09-29T15:16,21.47,269.7,886.6,1595.6,0.811,0.5061
2026-09-29T15:29,21.64,278.1,877.3,1589.7,0.811,0.507
2026-09-29T15:42,21.8,263.8,882.2,1589.1,0.832,0.5079
2026-09-29T15:55,21.96,256.5,878.1,1595.3,0.825,0.5087
2026-09-29T16:07,22.12,277.8,883.1,1584.4,0.817,0.5096
2026-09-29T16:20,22.28,264.6,876.1,1593.0,0.81,0.5104
2026-09-29T16:33,22.43,270.8,892.8,1593.8,0.811,0.5112
2026-09-29T16:46,22.58,265.0,882.6,1584.1,0.812,0.5121
2026-09-29T16:58,22.73,262.0,876.4,1587.2,0.814,0.5129
2026-09-29T17:11,22.87,267.6,874.9,1586.1,0.809,0.5137
2026-09-29T17:24,23.0,271.0,876.8,1588.1,0.803,0.5145
2026-09-29T17:37,23.14,276.5,877.1,1588.9,0.818,0.5153
2026-09-29T17:49,23.26,263.9,875.7,1589.5,0.82,0.5161
2026-09-29T18:02,23.38,278.1,890.7,1588.9,0.808,0.5169
2026-09-29T18:15,23.49,271.9,882.3,1590.5,0.818,0.5176
2026-09-29T18:27,23.6,272.4,876.6,1588.5,0.812,0.5184
2026-09-29T18:40,23.69,267.4,869.7,1589.4,0.805,0.5191
2026-09-29T18:53,23.78,261.9,888.7,1591.5,0.81,0.5198
2026-09-29T19:06,23.86,272.3,877.3,1580.5,0.819,0.5205
2026-09-29T19:18,23.94,269.8,878.0,1585.7,0.82,0.5212
2026-09-29T19:34,24.02,273.5,881.0,1594.9,0.811,0.5219
2026-09-29T19:47,24.07,268.6,876.4,1589.0,0.817,0.5225
2026-09-29T20:00,24.12,271.5,882.5,1591.8,0.814,0.5232
2026-09-29T20:13,24.16,267.0,877.3,1581.3,0.816,0.5238
2026-09-29T20:25,24.19,267.2,879.6,1593.7,0.818,0.5244
2026-09-29T20:38,24.2,272.2,874.2,1586.5,0.813,0.5249
2026-09-29T20:51,24.21,276.4,874.5,1581.0,0.807,0.5255
2026-09-29T21:04,24.21,265.6,880.6,1589.6,0.816,0.526
2026-09-29T21:17,24.2,260.7,881.5,1581.0,0.812,0.5265
2026-09-29T21:29,24.19,263.9,872.0,1586.8,0.819,0.527
2026-09-29T21:42,24.16,262.2,879.2,1589.4,0.819,0.5275
2026-09-30T06:00,19.04,268.3,876.5,1584.6,0.819,0.5174
2026-09-30T06:12,18.92,269.7,886.9,1588.2,0.818,0.5176
2026-09-30T06:25,18.81,269.2,877.2,1591.4,0.817,0.5179
2026-09-30T06:37,18.71,270.2,873.1,1588.1,0.809,0.5183
2026-09-30T06:50,18.62,273.5,878.0,1590.1,0.812,0.5186
2026-09-30T07:03,18.53,276.4,869.4,1584.3,0.807,0.5189
2026-09-30T07:16,18.45,270.8,871.6,1578.8,0.817,0.5193
2026-09-30T07:28,18.38,267.1,876.5,1585.4,0.817,0.5197
2026-09-30T07:41,18.32,264.8,879.9,1586.6,0.826,0.5201
2026-09-30T07:54,18.27,262.9,882.5,1592.3,0.809,0.5205
2026-09-30T08:07,18.22,264.4,876.6,1598.1,0.802,0.5209
2026-09-30T08:19,18.19,272.1,881.7,1583.3,0.808,0.5213
2026-09-30T08:32,18.16,271.4,875.4,1590.7,0.813,0.5218
2026-09-30T08:45,18.15,267.4,872.1,1582.4,0.811,0.5223
2026-09-30T08:57,18.14,266.2,874.7,1590.7,0.826,0.5228
2026-09-30T09:10,18.14,268.0,875.4,1582.7,0.803,0.5233
2026-09-30T09:22,18.15,267.0,879.9,1592.2,0.81,0.5239
2026-09-30T09:35,18.17,261.7,877.9,1582.9,0.818,0.5245
2026-09-30T09:48,18.2,270.4,884.8,1586.7,0.802,0.525
2026-09-30T10:01,18.24,265.5,871.9,1586.4,0.817,0.5257
2026-09-30T10:13,18.28,263.9,876.8,1580.6,0.813,0.5263
2026-09-30T10:26,18.34,267.5,877.2,1584.3,0.816,0.5269
2026-09-30T10:39,18.4,263.4,878.5,1584.4,0.82,0.5276
2026-09-30T10:52,18.48,268.8,869.4,1591.7,0.825,0.5283
2026-09-30T11:04,18.56,267.1,869.1,1585.8,0.807,0.529
2026-09-30T11:17,18.65,267.6,876.1,1580.5,0.822,0.5297
2026-09-30T11:30,18.74,272.3,881.2,1583.3,0.816,0.5304
2026-09-30T11:43,18.85,279.6,881.1,1582.1,0.815,0.5312
2026-09-30T11:56,18.96,270.3,875.3,1597.6,0.812,0.532
2026-09-30T12:08,19.08,262.2,872.7,1585.8,0.807,0.5327
2026-09-30T12:21,19.2,267.3,882.0,1587.6,0.806,0.5335
2026-09-30T12:34,19.33,264.3,872.3,1588.2,0.824,0.5343
2026-09-30T12:47,19.47,269.9,875.3,1579.7,0.813,0.5352
2026-09-30T13:00,19.61,261.5,870.9,1591.3,0.806,0.536
2026-09-30T13:12,19.76,275.1,870.3,1578.5,0.826,0.5369
2026-09-30T13:25,19.91,261.5,873.6,1592.3,0.81,0.5377
2026-09-30T13:38,20.06,269.7,879.2,1581.0,0.815,0.5386
2026-09-30T14:00,20.33,274.8,872.8,1590.2,0.813,0.5397
2026-09-30T14:12,20.49,265.8,879.1,1592.2,0.818,0.5406
2026-09-30T14:25,20.65,267.5,865.2,1588.1,0.799,0.5415
2026-09-30T14:38,20.82,266.8,870.0,1589.3,0.824,0.5424
2026-09-30T14:51,20.98,266.4,874.2,1587.2,0.817,0.5433
2026-09-30T15:03,21.15,273.4,872.0,1599.2,0.824,0.5442
2026-09-30T15:16,21.32,266.4,872.3,1579.9,0.821,0.5451
2026-09-30T15:29,21.48,277.3,877.1,1587.3,0.81,0.546
2026-09-30T15:42,21.64,262.1,876.4,1581.3,0.809,0.5468
2026-09-30T15:55,21.81,269.5,877.2,1585.8,0.819,0.5477
2026-09-30T16:08,21.97,273.7,876.7,1582.3,0.814,0.5486
2026-09-30T16:20,22.13,266.6,869.2,1579.6,0.808,0.5495
2026-09-30T16:33,22.28,268.4,883.2,1581.3,0.81,0.5504
2026-09-30T16:46,22.43,259.5,871.9,1584.3,0.808,0.5513
2026-09-30T16:59,22.57,267.0,874.6,1578.4,0.805,0.5521
2026-09-30T17:11,22.72,263.4,863.7,1583.2,0.809,0.553
2026-09-30T17:24,22.85,268.3,869.8,1586.5,0.824,0.5538
2026-09-30T17:37,22.98,266.7,870.0,1588.9,0.814,0.5547
2026-09-30T17:50,23.11,258.8,870.8,1582.0,0.807,0.5555
2026-09-30T18:03,23.23,265.2,876.2,1581.5,0.83,0.5563
2026-09-30T18:15,23.34,269.3,881.0,1582.8,0.819,0.5571
2026-09-30T18:28,23.44,259.5,872.2,1574.8,0.825,0.5579
2026-09-30T18:41,23.54,259.0,877.4,1588.1,0.811,0.5586
2026-09-30T18:54,23.63,251.5,878.7,1584.6,0.823,0.5594
2026-09-30T19:07,23.72,266.0,874.1,1580.4,0.815,0.5601
2026-09-30T19:20,23.79,266.4,875.6,1586.3,0.81,0.5608
2026-09-30T19:32,23.85,269.3,871.7,1589.4,0.806,0.5615
2026-09-30T19:45,23.91,260.6,871.6,1581.0,0.81,0.5622
2026-09-30T19:58,23.96,268.2,870.8,1585.2,0.811,0.5628
2026-09-30T20:11,24.0,264.1,866.9,1589.3,0.818,0.5635
2026-09-30T20:24,24.03,263.3,876.7,1586.2,0.82,0.5641
2026-09-30T20:36,24.05,265.6,870.5,1586.1,0.811,0.5647
2026-09-30T20:49,24.06,268.2,869.5,1581.4,0.816,0.5652
2026-09-30T21:02,24.06,265.0,873.2,1584.8,0.812,0.5658
2026-09-30T21:15,24.05,262.3,871.6,1579.4,0.814,0.5663
2026-09-30T21:27,24.03,251.9,877.7,1582.8,0.827,0.5668
2026-09-30T21:40,24.01,264.2,874.4,1585.3,0.822,0.5673
