t_h,load_w,pv_w,grid_w,battery_w,soc,price_eur_kwh,co2_g_kwh,dr_event,irradiance_w_m2
0.0,69.7,0.0,69.7,0.0,0.6,0.2098,300.0,0,0.0
0.25,69.7,0.0,69.7,0.0,0.6,0.2107,300.0,0,0.0
0.5,69.7,0.0,69.7,0.0,0.6,0.2116,300.0,0,0.0
0.75,69.7,0.0,69.7,0.0,0.6,0.2126,300.0,0,0.0
1.0,69.7,0.0,69.7,0.0,0.6,0.2136,300.0,0,0.0
1.25,66.5,0.0,66.5,0.0,0.6,0.2146,300.0,0,0.0
1.5,69.1,0.0,69.1,0.0,0.6,0.2157,300.0,0,0.0
1.75,69.7,0.0,31.7,-38.0,0.59,0.2168,300.0,0,0.0
2.0,69.7,0.0,31.7,-38.0,0.58,0.2179,300.0,0,0.0
2.25,69.8,0.0,31.8,-38.0,0.57,0.2191,300.0,0,0.0
2.5,69.8,0.0,31.8,-38.0,0.56,0.2202,300.0,0,0.0
2.75,66.0,0.0,28.0,-38.0,0.55,0.2214,300.0,0,0.0
3.0,69.7,0.0,31.7,-38.0,0.54,0.2225,300.0,0,0.0
3.25,69.8,0.0,31.8,-38.0,0.53,0.2237,300.0,0,0.0
3.5,69.8,0.0,31.8,-38.0,0.52,0.2248,300.0,0,0.0
3.75,69.8,0.0,31.8,-38.0,0.51,0.226,300.0,0,0.0
4.0,69.8,0.0,31.8,-38.0,0.5,0.2271,300.0,0,0.0
4.25,66.6,0.0,28.6,-38.0,0.49,0.2282,300.0,0,0.0
4.5,69.3,0.0,31.3,-38.0,0.48,0.2293,300.0,0,0.0
4.75,69.9,0.0,31.9,-38.0,0.47,0.2303,300.0,0,0.0
5.0,69.9,0.0,31.9,-38.0,0.46,0.2313,300.0,0,0.0
5.25,69.9,0.0,31.9,-38.0,0.45,0.2323,300.0,0,0.0
5.5,69.9,0.0,31.9,-38.0,0.44,0.2332,300.0,0,0.0
5.75,66.5,0.0,28.5,-38.0,0.43,0.2341,300.0,0,0.0
6.0,69.5,0.0,0.0,-69.5,0.412,0.3203,300.0,0,0.0
6.25,70.0,0.0,0.0,-70.0,0.393,0.3214,300.0,0,0.0
6.5,70.0,0.0,0.0,-70.0,0.375,0.3223,300.0,0,0.0
6.75,70.0,0.0,0.0,-70.0,0.356,0.3232,300.0,0,0.0
7.0,70.0,7.9,0.0,-62.1,0.34,0.324,297.1,0,23.4
7.25,66.9,18.8,10.2,-38.0,0.33,0.3247,291.2,0,55.4
7.5,69.3,30.7,0.6,-38.0,0.32,0.3253,285.3,0,90.5
7.75,62.6,44.2,18.4,0.0,0.32,0.3258,279.6,0,130.4
8.0,70.1,57.6,12.4,0.0,0.32,0.3262,273.9,0,170.0
8.25,70.1,68.6,0.0,-1.5,0.32,0.3265,268.3,0,202.3
8.5,70.1,88.8,-18.7,0.0,0.32,0.3268,262.9,0,261.9
8.75,70.2,102.4,-32.2,0.0,0.32,0.3269,257.6,0,301.9
9.0,70.2,113.0,-0.7,42.1,0.33,0.3269,252.5,0,333.2
9.25,66.6,129.1,-62.4,0.0,0.33,0.3268,247.6,0,380.6
9.5,69.8,144.4,-32.5,42.1,0.34,0.3265,242.9,0,425.8
9.75,70.2,155.6,-43.3,42.1,0.35,0.3262,238.5,0,458.8
10.0,70.2,166.8,-96.6,0.0,0.35,0.3258,234.3,0,491.8
10.25,70.3,174.4,-62.0,42.1,0.36,0.3253,230.4,0,514.1
10.5,70.3,178.5,-108.2,0.0,0.36,0.3247,226.8,0,526.3
10.75,67.8,205.0,-137.2,0.0,0.36,0.324,223.6,0,604.4
11.0,68.9,206.1,-137.3,0.0,0.36,0.3232,220.6,0,607.8
11.25,70.3,221.1,-108.6,42.1,0.37,0.3223,218.0,0,651.8
11.5,70.3,224.1,-153.7,0.0,0.37,0.3214,215.8,0,660.7
11.75,70.4,234.7,-164.3,0.0,0.37,0.3203,213.9,0,692.0
12.0,70.4,235.2,-164.9,0.0,0.37,0.3192,212.4,0,693.6
12.25,68.6,243.6,-175.0,0.0,0.37,0.318,211.2,0,718.2
12.5,68.3,246.2,-177.9,0.0,0.37,0.3168,210.4,0,726.0
12.75,70.4,232.8,-162.4,0.0,0.37,0.3154,210.0,0,686.6
13.0,70.5,250.6,-96.0,84.2,0.39,0.3141,210.0,0,739.0
13.25,70.5,252.0,-181.5,0.0,0.39,0.3127,210.4,0,743.0
13.5,70.5,253.4,-140.8,42.1,0.4,0.3112,211.2,0,747.2
13.75,69.7,246.9,-177.2,0.0,0.4,0.3097,212.4,0,727.9
14.0,67.3,244.7,-177.4,0.0,0.4,0.3082,213.9,0,721.6
14.25,70.5,248.8,-178.3,0.0,0.4,0.3066,215.8,0,733.6
14.5,70.5,239.2,-168.7,0.0,0.4,0.305,218.0,0,705.3
14.75,70.5,245.7,-175.1,0.0,0.4,0.3035,220.6,0,724.4
15.0,70.6,218.1,-147.5,0.0,0.4,0.3019,223.6,0,643.1
15.25,70.6,213.7,-143.1,0.0,0.4,0.3003,226.8,0,630.0
15.5,66.9,195.6,-128.7,0.0,0.4,0.2987,230.4,0,576.8
15.75,66.7,193.2,-126.5,0.0,0.4,0.2972,234.3,0,569.7
16.0,44.7,171.4,-126.8,0.0,0.4,0.2956,238.5,0,505.5
16.25,44.7,168.9,-124.2,0.0,0.4,0.2941,242.9,0,497.9
16.5,44.7,150.5,-105.8,0.0,0.4,0.2927,247.6,0,443.7
16.75,44.7,142.7,-56.0,42.1,0.41,0.2912,252.5,0,420.8
17.0,44.7,125.8,-81.1,0.0,0.41,0.4058,367.6,0,370.8
17.25,44.7,115.1,13.8,84.2,0.43,0.404,372.9,0,339.4
17.5,44.7,103.3,-58.6,0.0,0.43,0.4022,378.3,0,304.5
17.75,44.7,85.2,-40.6,0.0,0.43,0.4005,383.9,0,251.3
18.0,44.7,74.7,-30.0,0.0,0.43,0.399,389.6,0,220.2
18.25,44.7,57.4,-12.7,0.0,0.43,0.3975,395.3,0,169.1
18.5,44.7,47.6,-2.9,0.0,0.43,0.3962,401.2,0,140.3
18.75,44.7,30.8,0.0,-13.9,0.426,0.3949,407.1,0,90.7
19.0,44.7,19.1,0.0,-25.6,0.419,0.3938,410.0,0,56.2
19.25,44.7,8.3,0.0,-36.3,0.41,0.3928,410.0,0,24.5
19.5,44.7,0.0,6.7,-38.0,0.4,0.392,410.0,0,0.0
19.75,44.7,0.0,6.7,-38.0,0.39,0.3913,410.0,0,0.0
20.0,44.7,0.0,6.7,-38.0,0.38,0.3907,410.0,0,0.0
20.25,44.7,0.0,6.7,-38.0,0.37,0.3903,410.0,0,0.0
20.5,44.7,0.0,6.7,-38.0,0.36,0.39,410.0,0,0.0
20.75,44.7,0.0,6.7,-38.0,0.35,0.3898,410.0,0,0.0
21.0,44.7,0.0,6.7,-38.0,0.34,0.2785,300.0,0,0.0
21.25,44.7,0.0,6.7,-38.0,0.33,0.2786,300.0,0,0.0
21.5,44.7,0.0,6.7,-38.0,0.32,0.2788,300.0,0,0.0
21.75,44.7,0.0,6.7,-38.0,0.31,0.2791,300.0,0,0.0
22.0,44.7,0.0,44.7,0.0,0.31,0.205,300.0,0,0.0
22.25,44.7,0.0,44.7,0.0,0.31,0.2053,300.0,0,0.0
22.5,44.7,0.0,44.7,0.0,0.31,0.2058,300.0,0,0.0
22.75,44.7,0.0,44.7,0.0,0.31,0.2063,300.0,0,0.0
23.0,44.7,0.0,44.7,0.0,0.31,0.2069,300.0,0,0.0
23.25,44.7,0.0,44.7,0.0,0.31,0.2075,300.0,0,0.0
23.5,44.7,0.0,44.7,0.0,0.31,0.2082,300.0,0,0.0
23.75,44.7,0.0,7.6,-37.1,0.3,0.209,300.0,0,0.0
24.0,70.5,0.0,70.5,-0.0,0.3,0.2075,300.0,0,0.0
24.25,70.5,0.0,70.5,-0.0,0.3,0.2084,300.0,0,0.0
24.5,70.5,0.0,70.5,-0.0,0.3,0.2093,300.0,0,0.0
24.75,70.5,0.0,70.5,-0.0,0.3,0.2102,300.0,0,0.0
25.0,70.5,0.0,70.5,-0.0,0.3,0.2112,300.0,0,0.0
25.25,66.9,0.0,66.9,0.0,0.3,0.2123,300.0,0,0.0
25.5,70.2,0.0,70.2,-0.0,0.3,0.2133,300.0,0,0.0
25.75,70.5,0.0,70.5,-0.0,0.3,0.2144,300.0,0,0.0
26.0,70.6,0.0,70.6,-0.0,0.3,0.2155,300.0,0,0.0
26.25,70.6,0.0,70.6,-0.0,0.3,0.2167,300.0,0,0.0
26.5,70.6,0.0,70.6,-0.0,0.3,0.2178,300.0,0,0.0
26.75,67.9,0.0,67.9,0.0,0.3,0.2189,300.0,0,0.0
27.0,69.4,0.0,69.4,0.0,0.3,0.2201,300.0,0,0.0
27.25,70.6,0.0,70.6,-0.0,0.3,0.2212,300.0,0,0.0
27.5,70.6,0.0,70.6,-0.0,0.3,0.2224,300.0,0,0.0
27.75,70.7,0.0,70.7,-0.0,0.3,0.2235,300.0,0,0.0
28.0,70.7,0.0,70.7,-0.0,0.3,0.2246,300.0,0,0.0
28.25,68.9,0.0,68.9,0.0,0.3,0.2257,300.0,0,0.0
28.5,68.5,0.0,68.5,0.0,0.3,0.2268,300.0,0,0.0
28.75,70.7,0.0,70.7,-0.0,0.3,0.2278,300.0,0,0.0
29.0,70.7,0.0,70.7,-0.0,0.3,0.2288,300.0,0,0.0
29.25,70.7,0.0,70.7,-0.0,0.3,0.2297,300.0,0,0.0
29.5,70.8,0.0,70.8,-0.0,0.3,0.2307,300.0,0,0.0
29.75,70.0,0.0,70.0,0.0,0.3,0.2315,300.0,0,0.0
30.0,67.6,0.0,67.6,0.0,0.3,0.3168,300.0,0,0.0
30.25,70.8,0.0,70.8,-0.0,0.3,0.3178,300.0,0,0.0
30.5,70.8,0.0,70.8,-0.0,0.3,0.3188,300.0,0,0.0
30.75,70.9,0.0,70.9,-0.0,0.3,0.3197,300.0,0,0.0
31.0,70.9,6.5,64.4,0.0,0.3,0.3205,297.1,0,19.1
31.25,70.0,18.1,52.0,0.0,0.3,0.3211,291.2,0,53.4
31.5,67.7,29.1,38.6,0.0,0.3,0.3217,285.3,0,86.1
31.75,65.4,43.4,22.0,0.0,0.3,0.3222,279.6,0,128.3
32.0,70.9,57.7,13.3,0.0,0.3,0.3227,273.9,0,170.4
32.25,71.0,70.1,0.8,0.0,0.3,0.323,268.3,0,207.3
32.5,71.0,85.2,-14.3,0.0,0.3,0.3232,262.9,0,252.0
32.75,71.0,99.5,-28.5,0.0,0.3,0.3233,257.6,0,294.0
33.0,71.0,110.0,-38.9,0.0,0.3,0.3233,252.5,0,325.0
33.25,68.1,128.5,-60.4,0.0,0.3,0.3232,247.6,0,379.8
33.5,70.0,143.2,-73.3,0.0,0.3,0.323,242.9,0,423.3
33.75,71.1,151.0,-37.8,42.1,0.31,0.3227,238.5,0,446.2
34.0,71.1,167.1,-96.0,0.0,0.31,0.3222,234.3,0,493.9
34.25,71.1,180.6,-67.4,42.1,0.32,0.3217,230.4,0,533.8
34.5,71.1,190.3,-119.2,0.0,0.32,0.3211,226.8,0,562.6
34.75,68.6,188.8,-120.2,0.0,0.32,0.3205,223.6,0,558.1
35.0,69.6,209.5,-139.8,0.0,0.32,0.3197,220.6,0,619.2
35.25,71.2,226.7,-155.4,0.0,0.32,0.3188,218.0,0,670.0
35.5,71.2,220.8,-149.6,0.0,0.32,0.3178,215.8,0,652.6
35.75,71.2,234.2,-163.0,0.0,0.32,0.3168,213.9,0,692.3
36.0,71.3,245.0,-173.8,0.0,0.32,0.3157,212.4,0,724.3
36.25,70.2,238.0,-167.8,0.0,0.32,0.3145,211.2,0,703.4
36.5,68.3,242.7,-174.4,0.0,0.32,0.3133,210.4,0,717.4
36.75,66.0,260.1,-194.0,0.0,0.32,0.312,210.0,0,768.7
37.0,67.2,250.9,-183.7,0.0,0.32,0.3106,210.0,0,741.6
37.25,70.6,237.8,-167.2,0.0,0.32,0.3092,210.4,0,703.0
37.5,71.4,250.8,-179.5,0.0,0.32,0.3078,211.2,0,741.5
37.75,71.4,245.1,-173.7,0.0,0.32,0.3063,212.4,0,724.5
38.0,71.4,240.6,-169.2,0.0,0.32,0.3048,213.9,0,711.1
38.25,71.4,241.0,-169.6,0.0,0.32,0.3032,215.8,0,712.5
38.5,69.6,225.6,-156.1,0.0,0.32,0.3017,218.0,0,667.0
38.75,69.2,231.3,-162.1,0.0,0.32,0.3001,220.6,0,683.6
39.0,71.5,230.9,-159.4,0.0,0.32,0.2985,223.6,0,682.4
39.25,71.5,208.9,-53.2,84.2,0.34,0.297,226.8,0,617.5
39.5,71.5,192.0,-36.3,84.2,0.36,0.2954,230.4,0,567.6
39.75,52.4,187.2,-92.7,42.1,0.37,0.2939,234.3,0,553.5
40.0,44.7,179.5,-134.8,0.0,0.37,0.2924,238.5,0,530.6
40.25,44.7,157.2,-70.4,42.1,0.38,0.2909,242.9,0,464.7
40.5,44.7,154.0,-25.1,84.2,0.4,0.2895,247.6,0,455.3
40.75,44.7,140.9,-54.2,42.1,0.41,0.288,252.5,0,416.6
41.0,44.7,128.0,-83.3,0.0,0.41,0.4014,367.6,0,378.3
41.25,44.7,108.2,-63.6,0.0,0.41,0.3995,372.9,0,320.0
41.5,44.7,98.0,-11.2,42.1,0.42,0.3978,378.3,0,289.5
41.75,44.7,82.3,-37.6,0.0,0.42,0.3961,383.9,0,243.2
42.0,44.7,74.6,-29.9,0.0,0.42,0.3946,389.6,0,220.6
42.25,44.7,56.4,-11.7,0.0,0.42,0.3932,395.3,0,166.7
42.5,44.7,42.6,2.1,0.0,0.42,0.3918,401.2,0,125.8
42.75,44.7,29.5,15.2,0.0,0.42,0.3906,407.1,0,87.1
43.0,44.7,17.2,0.0,-27.5,0.413,0.3895,410.0,0,50.7
43.25,44.7,6.6,0.0,-38.0,0.403,0.3885,410.0,0,19.6
43.5,44.7,0.0,6.7,-38.0,0.393,0.3877,410.0,0,0.0
43.75,44.7,0.0,6.7,-38.0,0.383,0.387,410.0,0,0.0
44.0,44.7,0.0,6.7,-38.0,0.373,0.3864,410.0,0,0.0
44.25,44.7,0.0,6.7,-38.0,0.363,0.386,410.0,0,0.0
44.5,44.7,0.0,6.7,-38.0,0.353,0.3857,410.0,0,0.0
44.75,44.7,0.0,6.7,-38.0,0.343,0.3856,410.0,0,0.0
45.0,44.7,0.0,6.7,-38.0,0.333,0.2754,300.0,0,0.0
45.25,44.7,0.0,6.7,-38.0,0.323,0.2755,300.0,0,0.0
45.5,44.7,0.0,6.7,-38.0,0.313,0.2757,300.0,0,0.0
45.75,44.7,0.0,6.7,-38.0,0.303,0.276,300.0,0,0.0
46.0,44.7,0.0,44.7,0.0,0.303,0.2027,300.0,0,0.0
46.25,44.7,0.0,44.7,0.0,0.303,0.2031,300.0,0,0.0
46.5,44.7,0.0,44.7,0.0,0.303,0.2035,300.0,0,0.0
46.75,44.7,0.0,44.7,0.0,0.303,0.204,300.0,0,0.0
47.0,44.7,0.0,44.7,0.0,0.303,0.2046,300.0,0,0.0
47.25,44.7,0.0,44.7,0.0,0.303,0.2052,300.0,0,0.0
47.5,44.7,0.0,44.7,0.0,0.303,0.2059,300.0,0,0.0
47.75,44.7,0.0,44.7,0.0,0.303,0.2067,300.0,0,0.0
48.0,71.3,0.0,70.0,-1.3,0.302,0.2085,300.0,0,0.0
48.25,71.4,0.0,70.0,-1.4,0.302,0.2093,300.0,0,0.0
48.5,71.4,0.0,70.0,-1.4,0.302,0.2103,300.0,0,0.0
48.75,71.4,0.0,70.0,-1.4,0.301,0.2112,300.0,0,0.0
49.0,71.4,0.0,70.0,-1.4,0.301,0.2122,300.0,0,0.0
49.25,67.9,0.0,67.9,0.0,0.301,0.2133,300.0,0,0.0
49.5,70.8,0.0,70.0,-0.8,0.301,0.2143,300.0,0,0.0
49.75,71.4,0.0,70.0,-1.4,0.3,0.2154,300.0,0,0.0
50.0,71.4,0.0,70.0,-1.4,0.3,0.2165,300.0,0,0.0
50.25,71.4,0.0,71.4,-0.0,0.3,0.2177,300.0,0,0.0
50.5,71.5,0.0,71.5,-0.0,0.3,0.2188,300.0,0,0.0
50.75,68.8,0.0,68.8,0.0,0.3,0.22,300.0,0,0.0
51.0,70.0,0.0,70.0,-0.0,0.3,0.2211,300.0,0,0.0
51.25,71.5,0.0,71.5,-0.0,0.3,0.2223,300.0,0,0.0
51.5,71.5,0.0,71.5,-0.0,0.3,0.2234,300.0,0,0.0
51.75,71.5,0.0,71.5,-0.0,0.3,0.2245,300.0,0,0.0
52.0,71.6,0.0,71.6,-0.0,0.3,0.2257,300.0,0,0.0
52.25,69.3,0.0,69.3,0.0,0.3,0.2268,300.0,0,0.0
52.5,69.7,0.0,69.7,0.0,0.3,0.2278,300.0,0,0.0
52.75,71.6,0.0,71.6,-0.0,0.3,0.2289,300.0,0,0.0
53.0,71.6,0.0,71.6,-0.0,0.3,0.2299,300.0,0,0.0
53.25,71.6,0.0,71.6,-0.0,0.3,0.2308,300.0,0,0.0
53.5,71.7,0.0,71.7,-0.0,0.3,0.2317,300.0,0,0.0
53.75,70.9,0.0,70.9,-0.0,0.3,0.2326,300.0,0,0.0
54.0,68.3,0.0,68.3,0.0,0.3,0.3183,300.0,0,0.0
54.25,71.7,0.0,71.7,-0.0,0.3,0.3193,300.0,0,0.0
54.5,71.7,0.0,71.7,-0.0,0.3,0.3203,300.0,0,0.0
54.75,71.8,0.0,71.8,-0.0,0.3,0.3212,300.0,0,0.0
55.0,71.8,4.1,67.7,0.0,0.3,0.3219,297.1,0,12.1
55.25,71.8,10.3,61.5,0.0,0.3,0.3226,291.2,0,30.4
55.5,67.7,15.5,52.3,0.0,0.3,0.3232,285.3,0,45.8
55.75,67.6,31.2,36.4,0.0,0.3,0.3238,279.6,0,92.5
56.0,71.9,42.2,29.7,0.0,0.3,0.3242,273.9,0,125.0
56.25,71.9,44.2,27.6,0.0,0.3,0.3245,268.3,0,131.1
56.5,71.9,55.0,16.9,0.0,0.3,0.3247,262.9,0,162.8
56.75,71.9,59.8,12.1,0.0,0.3,0.3248,257.6,0,177.2
57.0,71.9,84.4,-12.5,0.0,0.3,0.3248,252.5,0,250.2
57.25,68.7,77.4,-8.7,0.0,0.3,0.3247,247.6,0,229.5
57.5,71.0,99.7,-28.7,0.0,0.3,0.3245,242.9,0,295.5
57.75,72.0,95.6,-23.6,0.0,0.3,0.3242,238.5,0,283.3
58.0,72.0,108.5,-36.5,0.0,0.3,0.3238,234.3,0,321.5
58.25,72.0,111.7,-39.6,0.0,0.3,0.3232,230.4,0,330.9
58.5,72.1,99.8,-27.8,0.0,0.3,0.3226,226.8,0,295.9
58.75,70.6,152.9,-82.3,0.0,0.3,0.3219,223.6,0,453.1
59.0,69.4,108.4,-39.0,0.0,0.3,0.3212,220.6,0,321.3
59.25,72.1,138.4,-66.3,0.0,0.3,0.3203,218.0,0,410.1
59.5,72.2,136.0,-63.9,0.0,0.3,0.3193,215.8,0,403.1
59.75,72.2,171.5,-99.3,0.0,0.3,0.3183,213.9,0,508.1
60.0,72.2,139.1,-67.0,0.0,0.3,0.3172,212.4,0,412.3
60.25,72.2,163.2,-91.0,0.0,0.3,0.316,211.2,0,483.7
60.5,68.3,148.0,-37.6,42.1,0.31,0.3147,210.4,0,438.6
60.75,71.9,158.5,-86.6,0.0,0.31,0.3134,210.0,0,469.7
61.0,72.3,169.0,-96.7,0.0,0.31,0.3121,210.0,0,500.7
61.25,72.3,152.3,4.2,84.2,0.33,0.3107,210.4,0,451.2
61.5,72.3,175.0,-60.6,42.1,0.34,0.3092,211.2,0,518.5
61.75,72.3,152.7,-80.4,0.0,0.34,0.3077,212.4,0,452.5
62.0,70.9,148.7,-77.8,0.0,0.34,0.3062,213.9,0,440.7
62.25,69.5,174.5,-62.9,42.1,0.35,0.3046,215.8,0,517.0
62.5,72.4,132.3,-59.9,0.0,0.35,0.3031,218.0,0,392.0
62.75,72.4,142.1,14.5,84.2,0.37,0.3015,220.6,0,421.1
63.0,72.4,140.3,-67.9,0.0,0.37,0.2999,223.6,0,415.9
63.25,72.4,134.6,-62.2,0.0,0.37,0.2984,226.8,0,398.9
63.5,72.4,149.6,-35.0,42.1,0.38,0.2968,230.4,0,443.3
63.75,45.7,129.1,0.8,84.2,0.4,0.2953,234.3,0,382.6
64.0,44.7,117.0,-30.2,42.1,0.41,0.2937,238.5,0,346.8
64.25,44.7,114.3,-69.6,0.0,0.41,0.2923,242.9,0,338.6
64.5,44.7,131.0,-2.1,84.2,0.43,0.2908,247.6,0,388.1
64.75,44.7,91.3,-46.6,0.0,0.43,0.2894,252.5,0,270.5
65.0,44.7,93.5,-48.9,0.0,0.43,0.4032,367.6,0,277.1
65.25,44.7,78.4,8.4,42.1,0.44,0.4014,372.9,0,232.3
65.5,44.7,76.9,-32.2,0.0,0.44,0.3997,378.3,0,227.9
65.75,44.7,64.6,-19.9,0.0,0.44,0.398,383.9,0,191.4
66.0,44.7,47.7,-3.0,0.0,0.44,0.3964,389.6,0,141.3
66.25,44.7,36.4,8.3,0.0,0.44,0.395,395.3,0,107.9
66.5,44.7,28.2,0.0,-16.5,0.436,0.3936,401.2,0,83.4
66.75,44.7,16.6,0.0,-28.1,0.428,0.3924,407.1,0,49.2
67.0,44.7,8.9,0.0,-35.7,0.419,0.3913,410.0,0,26.4
67.25,44.7,2.0,4.7,-38.0,0.409,0.3903,410.0,0,5.8
67.5,44.7,0.0,6.7,-38.0,0.399,0.3895,410.0,0,0.0
67.75,44.7,0.0,6.7,-38.0,0.389,0.3888,410.0,0,0.0
68.0,44.7,0.0,6.7,-38.0,0.379,0.3882,410.0,0,0.0
68.25,44.7,0.0,6.7,-38.0,0.369,0.3878,410.0,0,0.0
68.5,44.7,0.0,6.7,-38.0,0.359,0.3875,410.0,0,0.0
68.75,44.7,0.0,6.7,-38.0,0.349,0.3874,410.0,0,0.0
69.0,44.7,0.0,6.7,-38.0,0.339,0.2767,300.0,0,0.0
69.25,44.7,0.0,6.7,-38.0,0.329,0.2768,300.0,0,0.0
69.5,44.7,0.0,6.7,-38.0,0.319,0.277,300.0,0,0.0
69.75,44.7,0.0,6.7,-38.0,0.309,0.2773,300.0,0,0.0
70.0,44.7,0.0,44.7,0.0,0.309,0.2037,300.0,0,0.0
70.25,44.7,0.0,44.7,0.0,0.309,0.204,300.0,0,0.0
70.5,44.7,0.0,44.7,0.0,0.309,0.2045,300.0,0,0.0
70.75,44.7,0.0,44.7,0.0,0.309,0.205,300.0,0,0.0
71.0,44.7,0.0,44.7,0.0,0.309,0.2056,300.0,0,0.0
71.25,44.7,0.0,44.7,0.0,0.309,0.2062,300.0,0,0.0
71.5,44.7,0.0,44.7,0.0,0.309,0.2069,300.0,0,0.0
71.75,44.7,0.0,11.0,-33.7,0.3,0.2077,300.0,0,0.0
72.0,72.3,0.0,72.3,-0.0,0.3,0.2072,300.0,0,0.0
72.25,72.3,0.0,72.3,-0.0,0.3,0.208,300.0,0,0.0
72.5,72.3,0.0,72.3,-0.0,0.3,0.2089,300.0,0,0.0
72.75,72.3,0.0,72.3,-0.0,0.3,0.2099,300.0,0,0.0
73.0,72.3,0.0,72.3,-0.0,0.3,0.2109,300.0,0,0.0
73.25,70.6,0.0,70.6,-0.0,0.3,0.2119,300.0,0,0.0
73.5,69.8,0.0,69.8,0.0,0.3,0.213,300.0,0,0.0
73.75,72.4,0.0,72.4,-0.0,0.3,0.2141,300.0,0,0.0
74.0,72.4,0.0,72.4,-0.0,0.3,0.2152,300.0,0,0.0
74.25,72.4,0.0,72.4,-0.0,0.3,0.2163,300.0,0,0.0
74.5,72.4,0.0,72.4,-0.0,0.3,0.2174,300.0,0,0.0
74.75,72.3,0.0,72.3,-0.0,0.3,0.2186,300.0,0,0.0
75.0,68.3,0.0,68.3,0.0,0.3,0.2197,300.0,0,0.0
75.25,72.4,0.0,72.4,-0.0,0.3,0.2209,300.0,0,0.0
75.5,72.5,0.0,72.5,-0.0,0.3,0.222,300.0,0,0.0
75.75,72.5,0.0,72.5,-0.0,0.3,0.2231,300.0,0,0.0
76.0,72.5,0.0,72.5,-0.0,0.3,0.2242,300.0,0,0.0
76.25,72.5,0.0,72.5,-0.0,0.3,0.2253,300.0,0,0.0
76.5,69.4,0.0,69.4,0.0,0.3,0.2264,300.0,0,0.0
76.75,71.4,0.0,71.4,-0.0,0.3,0.2274,300.0,0,0.0
77.0,72.6,0.0,72.6,-0.0,0.3,0.2284,300.0,0,0.0
77.25,72.6,0.0,72.6,-0.0,0.3,0.2294,300.0,0,0.0
77.5,72.6,0.0,72.6,-0.0,0.3,0.2303,300.0,0,0.0
77.75,72.6,0.0,72.6,-0.0,0.3,0.2311,300.0,0,0.0
78.0,70.9,0.0,70.9,-0.0,0.3,0.3163,300.0,0,0.0
78.25,70.1,0.0,70.1,-0.0,0.3,0.3173,300.0,0,0.0
78.5,72.7,0.0,72.7,-0.0,0.3,0.3183,300.0,0,0.0
78.75,72.7,0.0,72.7,-0.0,0.3,0.3192,300.0,0,0.0
79.0,72.7,1.9,70.9,-0.0,0.3,0.3199,297.1,0,5.5
79.25,72.7,11.2,61.6,0.0,0.3,0.3206,291.2,0,33.2
79.5,72.4,11.8,60.7,0.0,0.3,0.3212,285.3,0,35.0
79.75,44.7,24.8,19.8,0.0,0.3,0.3217,279.6,0,73.8
80.0,72.8,37.3,35.5,0.0,0.3,0.3221,273.9,0,110.9
80.25,72.8,48.9,23.9,0.0,0.3,0.3224,268.3,0,145.4
80.5,72.8,61.3,11.5,0.0,0.3,0.3226,262.9,0,182.2
80.75,72.9,58.2,14.7,0.0,0.3,0.3227,257.6,0,172.9
81.0,72.9,80.2,-7.3,0.0,0.3,0.3227,252.5,0,238.2
81.25,70.3,84.0,-13.7,0.0,0.3,0.3226,247.6,0,249.5
81.5,71.2,83.4,-12.1,0.0,0.3,0.3224,242.9,0,247.7
81.75,73.0,107.7,-34.7,0.0,0.3,0.3221,238.5,0,320.0
82.0,73.0,108.7,-35.8,0.0,0.3,0.3217,234.3,0,323.0
82.25,73.0,128.4,-55.4,0.0,0.3,0.3212,230.4,0,381.4
82.5,73.0,117.7,-44.7,0.0,0.3,0.3206,226.8,0,349.7
82.75,71.1,141.4,-28.2,42.1,0.31,0.3199,223.6,0,420.1
83.0,70.6,143.6,-73.0,0.0,0.31,0.3192,220.6,0,426.8
83.25,73.1,146.9,-73.8,0.0,0.31,0.3183,218.0,0,436.5
83.5,73.1,152.7,-37.5,42.1,0.32,0.3173,215.8,0,453.7
83.75,73.1,180.5,-107.4,0.0,0.32,0.3163,213.9,0,536.3
84.0,73.2,206.1,-132.9,0.0,0.32,0.3152,212.4,0,612.2
84.25,73.1,151.2,-78.2,0.0,0.32,0.314,211.2,0,449.3
84.5,68.9,151.4,-82.5,0.0,0.32,0.3128,210.4,0,449.9
84.75,73.2,153.7,-80.5,0.0,0.32,0.3115,210.0,0,456.7
85.0,73.2,139.8,-66.6,0.0,0.32,0.3101,210.0,0,415.3
85.25,73.3,183.3,-67.9,42.1,0.33,0.3087,210.4,0,544.5
85.5,73.3,155.7,-40.3,42.1,0.34,0.3073,211.2,0,462.6
85.75,73.3,137.2,-63.9,0.0,0.34,0.3058,212.4,0,407.6
86.0,71.3,158.9,-87.6,0.0,0.34,0.3043,213.9,0,472.2
86.25,70.9,172.5,-59.5,42.1,0.35,0.3027,215.8,0,512.5
86.5,73.4,129.2,-55.9,0.0,0.35,0.3012,218.0,0,384.0
86.75,73.4,166.1,-8.5,84.2,0.37,0.2996,220.6,0,493.4
87.0,73.4,148.9,8.7,84.2,0.39,0.2981,223.6,0,442.4
87.25,73.4,123.5,-50.1,0.0,0.39,0.2965,226.8,0,366.8
87.5,73.4,127.4,-54.0,0.0,0.39,0.295,230.4,0,378.5
87.75,45.3,131.9,-44.5,42.1,0.4,0.2934,234.3,0,391.9
88.0,44.7,106.8,-62.2,0.0,0.4,0.2919,238.5,0,317.4
88.25,44.7,108.8,20.0,84.2,0.42,0.2904,242.9,0,323.4
88.5,44.7,89.6,-2.8,42.1,0.43,0.289,247.6,0,266.2
88.75,44.7,90.3,-3.6,42.1,0.44,0.2876,252.5,0,268.4
89.0,44.7,68.9,-24.2,0.0,0.44,0.4007,367.6,0,204.7
89.25,44.7,69.1,-24.4,0.0,0.44,0.3989,372.9,0,205.3
89.5,44.7,57.5,-12.8,0.0,0.44,0.3972,378.3,0,170.7
89.75,44.7,57.4,-12.7,0.0,0.44,0.3955,383.9,0,170.5
90.0,44.7,35.4,9.3,0.0,0.44,0.394,389.6,0,105.1
90.25,44.7,39.5,5.2,0.0,0.44,0.3925,395.3,0,117.2
90.5,44.7,24.5,0.0,-20.2,0.435,0.3912,401.2,0,72.8
90.75,44.7,15.1,0.0,-29.5,0.427,0.39,407.1,0,44.9
91.0,44.7,7.4,0.0,-37.3,0.417,0.3889,410.0,0,22.0
91.25,44.7,2.0,4.7,-38.0,0.407,0.3879,410.0,0,6.0
91.5,44.7,0.0,6.7,-38.0,0.397,0.3871,410.0,0,0.0
91.75,44.7,0.0,6.7,-38.0,0.387,0.3864,410.0,0,0.0
92.0,44.7,0.0,6.7,-38.0,0.377,0.3858,410.0,0,0.0
92.25,44.7,0.0,6.7,-38.0,0.367,0.3854,410.0,0,0.0
92.5,44.7,0.0,6.7,-38.0,0.357,0.3851,410.0,0,0.0
92.75,44.7,0.0,6.7,-38.0,0.347,0.3849,410.0,0,0.0
93.0,44.7,0.0,6.7,-38.0,0.337,0.275,300.0,0,0.0
93.25,44.7,0.0,6.7,-38.0,0.327,0.2751,300.0,0,0.0
93.5,44.7,0.0,6.7,-38.0,0.317,0.2753,300.0,0,0.0
93.75,44.7,0.0,6.7,-38.0,0.307,0.2756,300.0,0,0.0
94.0,44.7,0.0,44.7,0.0,0.307,0.2024,300.0,0,0.0
94.25,44.7,0.0,44.7,0.0,0.307,0.2027,300.0,0,0.0
94.5,44.7,0.0,44.7,0.0,0.307,0.2032,300.0,0,0.0
94.75,44.7,0.0,44.7,0.0,0.307,0.2037,300.0,0,0.0
95.0,44.7,0.0,44.7,0.0,0.307,0.2043,300.0,0,0.0
95.25,44.7,0.0,44.7,0.0,0.307,0.2049,300.0,0,0.0
95.5,44.7,0.0,44.7,0.0,0.307,0.2056,300.0,0,0.0
95.75,44.7,0.0,17.6,-27.0,0.3,0.2064,300.0,0,0.0
96.0,73.2,0.0,73.2,-0.0,0.3,0.243,300.0,0,0.0
96.25,73.3,0.0,73.3,-0.0,0.3,0.244,300.0,0,0.0
96.5,73.3,0.0,73.3,-0.0,0.3,0.245,300.0,0,0.0
96.75,73.3,0.0,73.3,-0.0,0.3,0.2462,300.0,0,0.0
97.0,73.3,0.0,73.3,-0.0,0.3,0.2473,300.0,0,0.0
97.25,71.9,0.0,71.9,-0.0,0.3,0.2485,300.0,0,0.0
97.5,70.3,0.0,70.3,-0.0,0.3,0.2498,300.0,0,0.0
97.75,73.3,0.0,73.3,-0.0,0.3,0.251,300.0,0,0.0
98.0,73.3,0.0,73.3,-0.0,0.3,0.2523,300.0,0,0.0
98.25,73.4,0.0,73.4,-0.0,0.3,0.2537,300.0,0,0.0
98.5,73.4,0.0,73.4,-0.0,0.3,0.255,300.0,0,0.0
98.75,73.4,0.0,73.4,-0.0,0.3,0.2563,300.0,0,0.0
99.0,69.0,0.0,69.0,0.0,0.3,0.2577,300.0,0,0.0
99.25,73.4,0.0,73.4,-0.0,0.3,0.259,300.0,0,0.0
99.5,73.4,0.0,73.4,-0.0,0.3,0.2604,300.0,0,0.0
99.75,73.4,0.0,73.4,-0.0,0.3,0.2617,300.0,0,0.0
100.0,73.5,0.0,73.5,-0.0,0.3,0.263,300.0,0,0.0
100.25,73.5,0.0,73.5,-0.0,0.3,0.2643,300.0,0,0.0
100.5,70.8,0.0,70.8,-0.0,0.3,0.2655,300.0,0,0.0
100.75,71.8,0.0,71.8,-0.0,0.3,0.2667,300.0,0,0.0
101.0,73.5,0.0,73.5,-0.0,0.3,0.2679,300.0,0,0.0
101.25,73.6,0.0,73.6,-0.0,0.3,0.269,300.0,0,0.0
101.5,73.6,0.0,73.6,-0.0,0.3,0.2701,300.0,0,0.0
101.75,73.6,0.0,73.6,-0.0,0.3,0.2711,300.0,0,0.0
102.0,72.1,0.0,72.1,-0.0,0.3,0.3709,300.0,0,0.0
102.25,70.7,0.0,70.7,-0.0,0.3,0.3721,300.0,0,0.0
102.5,73.7,0.0,73.7,-0.0,0.3,0.3733,300.0,0,0.0
102.75,73.7,0.0,73.7,-0.0,0.3,0.3743,300.0,0,0.0
103.0,73.7,1.3,72.4,-0.0,0.3,0.3752,297.1,0,4.0
103.25,65.4,9.2,56.2,0.0,0.3,0.376,291.2,0,27.4
103.5,73.8,14.0,59.8,0.0,0.3,0.3767,285.3,0,41.7
103.75,53.7,25.8,27.9,0.0,0.3,0.3773,279.6,0,76.9
104.0,73.8,31.9,41.9,0.0,0.3,0.3778,273.9,0,95.0
104.25,73.8,39.4,34.4,0.0,0.3,0.3781,268.3,0,117.5
104.5,73.8,42.9,30.9,0.0,0.3,0.3784,262.9,0,127.9
104.75,73.9,62.9,10.9,0.0,0.3,0.3785,257.6,0,187.5
105.0,73.9,77.1,-3.1,0.0,0.3,0.3785,252.5,0,229.5
105.25,72.1,89.1,-17.1,0.0,0.3,0.3784,247.6,0,265.5
105.5,71.3,85.2,-13.9,0.0,0.3,0.3781,242.9,0,253.7
105.75,74.0,99.6,-25.7,0.0,0.3,0.3778,238.5,0,296.8
106.0,74.0,125.9,-9.8,42.1,0.31,0.3773,234.3,0,375.0
106.25,74.0,110.2,6.0,42.1,0.32,0.3767,230.4,0,328.1
106.5,74.0,127.1,-53.1,0.0,0.32,0.376,226.8,0,378.6
106.75,74.1,123.9,-49.9,0.0,0.32,0.3752,223.6,0,369.1
107.0,71.4,159.0,-87.5,0.0,0.32,0.3743,220.6,0,473.5
107.25,72.2,136.9,19.5,84.2,0.34,0.3733,218.0,0,407.8
107.5,74.1,141.0,-66.9,0.0,0.34,0.3721,215.8,0,420.0
107.75,74.2,128.0,-53.8,0.0,0.34,0.3709,213.9,0,381.3
108.0,74.2,152.3,-36.0,42.1,0.35,0.3696,212.4,0,453.6
108.25,74.2,155.4,3.0,84.2,0.37,0.3683,211.2,0,462.9
108.5,74.2,167.6,32.9,126.3,0.4,0.3668,210.4,0,499.2
108.75,70.5,163.5,-93.0,0.0,0.4,0.3653,210.0,0,486.9
109.0,73.5,158.7,-43.1,42.1,0.41,0.3637,210.0,0,472.7
109.25,74.3,193.6,-77.2,42.1,0.42,0.362,210.4,0,576.7
109.5,74.3,140.2,-23.7,42.1,0.43,0.3603,211.2,0,417.4
109.75,74.3,189.8,-73.4,42.1,0.44,0.3586,212.4,0,565.3
110.0,74.4,157.0,-40.6,42.1,0.45,0.3568,213.9,0,467.7
110.25,74.4,117.1,-42.8,0.0,0.45,0.355,215.8,0,348.9
110.5,70.0,127.1,-57.0,0.0,0.45,0.3532,218.0,0,378.4
110.75,74.2,145.2,-28.9,42.1,0.46,0.3514,220.6,0,432.5
111.0,74.4,134.4,24.2,84.2,0.48,0.3496,223.6,0,400.4
111.25,74.4,129.5,-55.0,0.0,0.48,0.3477,226.8,0,385.6
111.5,74.5,108.6,-34.2,0.0,0.48,0.3459,230.4,0,323.5
111.75,51.7,142.7,-48.8,42.1,0.49,0.3441,234.3,0,425.0
112.0,44.7,71.2,15.5,42.1,0.5,0.3423,238.5,0,212.1
112.25,44.7,111.4,-24.6,42.1,0.51,0.3406,242.9,0,331.7
112.5,44.7,91.6,-4.9,42.1,0.52,0.3389,247.6,0,272.9
112.75,44.7,104.0,-59.3,0.0,0.52,0.3373,252.5,0,309.8
113.0,44.7,95.2,-8.5,42.1,0.53,0.4699,367.6,0,283.6
113.25,44.7,62.2,-17.6,0.0,0.53,0.4678,372.9,0,185.3
113.5,44.7,60.2,-15.5,-0.0,0.53,0.4658,378.3,0,179.2
113.75,44.7,52.1,-7.4,0.0,0.53,0.4638,383.9,0,155.1
114.0,44.7,38.1,0.0,-6.6,0.528,0.462,389.6,0,113.5
114.25,44.7,38.5,6.2,0.0,0.528,0.4603,395.3,0,114.6
114.5,44.7,29.1,0.0,-15.5,0.524,0.4588,401.2,0,86.8
114.75,44.7,15.9,0.0,-28.8,0.517,0.4573,407.1,0,47.2
115.0,44.7,9.3,0.0,-35.4,0.507,0.456,410.0,0,27.7
115.25,44.7,1.3,5.4,-38.0,0.497,0.4549,410.0,0,3.9
115.5,44.7,0.0,0.0,-44.7,0.486,0.4539,410.0,0,0.0
115.75,44.7,0.0,0.0,-44.7,0.474,0.4531,410.0,0,0.0
116.0,44.7,0.0,0.0,-44.7,0.462,0.4524,410.0,0,0.0
116.25,44.7,0.0,0.0,-44.7,0.45,0.4519,410.0,0,0.0
116.5,44.7,0.0,0.0,-44.7,0.439,0.4516,410.0,0,0.0
116.75,44.7,0.0,0.0,-44.7,0.427,0.4514,410.0,0,0.0
117.0,44.7,0.0,6.7,-38.0,0.417,0.3224,300.0,0,0.0
117.25,44.7,0.0,6.7,-38.0,0.407,0.3226,300.0,0,0.0
117.5,44.7,0.0,6.7,-38.0,0.397,0.3228,300.0,0,0.0
117.75,44.7,0.0,0.0,-44.7,0.385,0.3232,300.0,0,0.0
118.0,44.7,0.0,6.7,-38.0,0.375,0.2373,300.0,0,0.0
118.25,44.7,0.0,6.7,-38.0,0.365,0.2378,300.0,0,0.0
118.5,44.7,0.0,6.7,-38.0,0.355,0.2383,300.0,0,0.0
118.75,44.7,0.0,6.7,-38.0,0.345,0.2389,300.0,0,0.0
119.0,44.7,0.0,6.7,-38.0,0.335,0.2396,300.0,0,0.0
119.25,44.7,0.0,6.7,-38.0,0.325,0.2403,300.0,0,0.0
119.5,44.7,0.0,6.7,-38.0,0.315,0.2411,300.0,0,0.0
119.75,44.7,0.0,0.0,-44.7,0.303,0.242,300.0,0,0.0
120.0,74.3,0.0,70.0,-4.3,0.302,0.1972,300.0,0,0.0
120.25,74.3,0.0,70.0,-4.3,0.301,0.198,300.0,0,0.0
120.5,74.3,0.0,70.4,-3.9,0.3,0.1989,300.0,0,0.0
120.75,74.3,0.0,74.3,-0.0,0.3,0.1998,300.0,0,0.0
121.0,74.3,0.0,74.3,-0.0,0.3,0.2007,300.0,0,0.0
121.25,72.0,0.0,72.0,-0.0,0.3,0.2017,300.0,0,0.0
121.5,72.1,0.0,72.1,-0.0,0.3,0.2027,300.0,0,0.0
121.75,74.4,0.0,74.4,-0.0,0.3,0.2038,300.0,0,0.0
122.0,74.4,0.0,74.4,-0.0,0.3,0.2048,300.0,0,0.0
122.25,74.4,0.0,74.4,-0.0,0.3,0.2059,300.0,0,0.0
122.5,74.4,0.0,74.4,-0.0,0.3,0.207,300.0,0,0.0
122.75,73.8,0.0,73.8,-0.0,0.3,0.2081,300.0,0,0.0
123.0,70.5,0.0,70.5,-0.0,0.3,0.2092,300.0,0,0.0
123.25,74.5,0.0,74.5,-0.0,0.3,0.2102,300.0,0,0.0
123.5,74.5,0.0,74.5,-0.0,0.3,0.2113,300.0,0,0.0
123.75,74.5,0.0,74.5,-0.0,0.3,0.2124,300.0,0,0.0
124.0,74.5,0.0,74.5,-0.0,0.3,0.2135,300.0,0,0.0
124.25,74.5,0.0,74.5,-0.0,0.3,0.2145,300.0,0,0.0
124.5,71.8,0.0,71.8,-0.0,0.3,0.2155,300.0,0,0.0
124.75,72.7,0.0,72.7,-0.0,0.3,0.2165,300.0,0,0.0
125.0,74.6,0.0,74.6,-0.0,0.3,0.2174,300.0,0,0.0
125.25,74.6,0.0,74.6,-0.0,0.3,0.2183,300.0,0,0.0
125.5,74.6,0.0,74.6,-0.0,0.3,0.2192,300.0,0,0.0
125.75,74.7,0.0,74.7,-0.0,0.3,0.22,300.0,0,0.0
126.0,74.7,0.0,74.7,-0.0,0.3,0.3011,300.0,0,0.0
126.25,70.2,0.0,70.2,-0.0,0.3,0.3021,300.0,0,0.0
126.5,74.6,0.0,74.6,-0.0,0.3,0.303,300.0,0,0.0
126.75,74.7,0.0,74.7,-0.0,0.3,0.3038,300.0,0,0.0
127.0,74.8,0.9,73.8,-0.0,0.3,0.3045,297.1,0,2.8
127.25,74.8,6.9,67.9,0.0,0.3,0.3052,291.2,0,20.7
127.5,74.8,17.4,57.4,0.0,0.3,0.3058,285.3,0,51.9
127.75,47.7,27.1,20.7,0.0,0.3,0.3062,279.6,0,80.8
128.0,74.9,33.5,41.3,0.0,0.3,0.3066,273.9,0,100.1
128.25,74.9,45.1,29.8,0.0,0.3,0.3069,268.3,0,134.7
128.5,74.9,56.6,18.3,0.0,0.3,0.3071,262.9,0,169.1
128.75,74.9,52.8,22.2,0.0,0.3,0.3072,257.6,0,157.5
129.0,75.0,64.8,10.2,0.0,0.3,0.3072,252.5,0,193.5
129.25,72.5,61.1,11.4,0.0,0.3,0.3071,247.6,0,182.3
129.5,72.8,83.6,-10.8,0.0,0.3,0.3069,242.9,0,249.7
129.75,75.0,86.0,-10.9,0.0,0.3,0.3066,238.5,0,256.7
130.0,75.1,111.2,-36.1,0.0,0.3,0.3062,234.3,0,332.1
130.25,75.1,115.0,-39.9,0.0,0.3,0.3058,230.4,0,343.3
130.5,75.1,112.9,-37.8,0.0,0.3,0.3052,226.8,0,337.3
130.75,75.1,119.7,-44.6,0.0,0.3,0.3045,223.6,0,357.4
131.0,70.7,168.1,-97.4,0.0,0.3,0.3038,220.6,0,502.1
131.25,74.9,131.3,-14.2,42.1,0.31,0.303,218.0,0,392.0
131.5,75.2,149.0,-73.8,0.0,0.31,0.3021,215.8,0,444.9
131.75,75.2,174.6,-57.2,42.1,0.32,0.3011,213.9,0,521.3
132.0,75.3,167.5,-8.0,84.2,0.34,0.3,212.4,0,500.1
132.25,75.3,122.1,-46.8,0.0,0.34,0.2989,211.2,0,364.6
132.5,75.3,169.4,-52.1,42.1,0.35,0.2977,210.4,0,505.9
132.75,70.8,144.9,-32.0,42.1,0.36,0.2965,210.0,0,432.7
133.0,75.2,195.8,-120.6,0.0,0.36,0.2952,210.0,0,584.6
133.25,75.4,163.5,-88.1,0.0,0.36,0.2939,210.4,0,488.2
133.5,75.4,137.6,-62.2,0.0,0.36,0.2925,211.2,0,410.9
133.75,75.4,209.4,-134.0,0.0,0.36,0.2911,212.4,0,625.4
134.0,75.4,143.5,-68.0,0.0,0.36,0.2896,213.9,0,428.4
134.25,75.0,104.9,-29.9,0.0,0.36,0.2882,215.8,0,313.1
134.5,71.2,142.7,-29.4,42.1,0.37,0.2867,218.0,0,426.2
134.75,75.5,138.0,-20.4,42.1,0.38,0.2852,220.6,0,412.1
135.0,75.5,167.0,-49.3,42.1,0.39,0.2837,223.6,0,498.6
135.25,75.5,128.1,-10.5,42.1,0.4,0.2822,226.8,0,382.5
135.5,75.6,152.9,-77.4,0.0,0.4,0.2808,230.4,0,456.6
135.75,53.1,120.6,-25.4,42.1,0.41,0.2793,234.3,0,360.1
136.0,44.7,99.5,-12.7,42.1,0.42,0.2779,238.5,0,297.2
136.25,44.7,119.5,9.3,84.2,0.44,0.2765,242.9,0,356.9
136.5,44.7,90.8,-46.1,0.0,0.44,0.2751,247.6,0,271.1
136.75,44.7,75.1,-30.5,0.0,0.44,0.2737,252.5,0,224.3
137.0,44.7,78.6,-33.9,0.0,0.44,0.3814,367.6,0,234.7
137.25,44.7,60.2,-15.5,0.0,0.44,0.3797,372.9,0,179.6
137.5,44.7,56.6,-12.0,0.0,0.44,0.378,378.3,0,169.1
137.75,44.7,38.5,6.2,0.0,0.44,0.3765,383.9,0,115.0
138.0,44.7,47.2,-2.6,0.0,0.44,0.375,389.6,0,141.0
138.25,44.7,29.6,15.0,0.0,0.44,0.3736,395.3,0,88.5
138.5,44.7,24.4,0.0,-20.2,0.435,0.3724,401.2,0,73.0
138.75,44.7,13.2,0.0,-31.4,0.426,0.3712,407.1,0,39.5
139.0,44.7,5.3,1.4,-38.0,0.416,0.3702,410.0,0,15.8
139.25,44.7,0.4,6.2,-38.0,0.406,0.3692,410.0,0,1.3
139.5,44.7,0.0,6.7,-38.0,0.396,0.3684,410.0,0,0.0
139.75,44.7,0.0,6.7,-38.0,0.386,0.3678,410.0,0,0.0
140.0,44.7,0.0,6.7,-38.0,0.376,0.3672,410.0,0,0.0
140.25,44.7,0.0,6.7,-38.0,0.366,0.3668,410.0,0,0.0
140.5,44.7,0.0,6.7,-38.0,0.356,0.3665,410.0,0,0.0
140.75,44.7,0.0,6.7,-38.0,0.346,0.3664,410.0,0,0.0
141.0,44.7,0.0,6.7,-38.0,0.336,0.2617,300.0,0,0.0
141.25,44.7,0.0,6.7,-38.0,0.326,0.2618,300.0,0,0.0
141.5,44.7,0.0,6.7,-38.0,0.316,0.262,300.0,0,0.0
141.75,44.7,0.0,6.7,-38.0,0.306,0.2623,300.0,0,0.0
142.0,44.7,0.0,44.7,0.0,0.306,0.1926,300.0,0,0.0
142.25,44.7,0.0,44.7,0.0,0.306,0.193,300.0,0,0.0
142.5,44.7,0.0,44.7,0.0,0.306,0.1934,300.0,0,0.0
142.75,44.7,0.0,44.7,0.0,0.306,0.1939,300.0,0,0.0
143.0,44.7,0.0,44.7,0.0,0.306,0.1944,300.0,0,0.0
143.25,44.7,0.0,44.7,0.0,0.306,0.195,300.0,0,0.0
143.5,44.7,0.0,44.7,0.0,0.306,0.1957,300.0,0,0.0
143.75,44.7,0.0,20.3,-24.3,0.3,0.1964,300.0,0,0.0
144.0,75.3,0.0,75.3,-0.0,0.3,0.2123,300.0,0,0.0
144.25,75.4,0.0,75.4,-0.0,0.3,0.2132,300.0,0,0.0
144.5,75.4,0.0,75.4,-0.0,0.3,0.2141,300.0,0,0.0
144.75,75.4,0.0,75.4,-0.0,0.3,0.2151,300.0,0,0.0
145.0,75.4,0.0,75.4,-0.0,0.3,0.2161,300.0,0,0.0
145.25,67.6,0.0,67.6,0.0,0.3,0.2172,300.0,0,0.0
145.5,75.4,0.0,75.4,-0.0,0.3,0.2183,300.0,0,0.0
145.75,71.9,0.0,71.9,-0.0,0.3,0.2194,300.0,0,0.0
146.0,74.3,0.0,74.3,-0.0,0.3,0.2205,300.0,0,0.0
146.25,75.5,0.0,75.5,-0.0,0.3,0.2217,300.0,0,0.0
146.5,75.5,0.0,75.5,-0.0,0.3,0.2228,300.0,0,0.0
146.75,75.5,0.0,75.5,-0.0,0.3,0.224,300.0,0,0.0
147.0,75.5,0.0,75.5,-0.0,0.3,0.2252,300.0,0,0.0
147.25,75.3,0.0,75.3,-0.0,0.3,0.2264,300.0,0,0.0
147.5,71.0,0.0,71.0,-0.0,0.3,0.2275,300.0,0,0.0
147.75,75.6,0.0,75.6,-0.0,0.3,0.2287,300.0,0,0.0
148.0,75.6,0.0,75.6,-0.0,0.3,0.2298,300.0,0,0.0
148.25,75.6,0.0,75.6,-0.0,0.3,0.2309,300.0,0,0.0
148.5,75.6,0.0,75.6,-0.0,0.3,0.232,300.0,0,0.0
148.75,75.6,0.0,75.6,-0.0,0.3,0.2331,300.0,0,0.0
149.0,74.4,0.0,74.4,-0.0,0.3,0.2341,300.0,0,0.0
149.25,72.1,0.0,72.1,-0.0,0.3,0.2351,300.0,0,0.0
149.5,75.7,0.0,75.7,-0.0,0.3,0.236,300.0,0,0.0
149.75,75.7,0.0,75.7,-0.0,0.3,0.2369,300.0,0,0.0
150.0,75.8,0.0,75.8,-0.0,0.3,0.3242,300.0,0,0.0
150.25,75.8,0.0,75.8,-0.0,0.3,0.3252,300.0,0,0.0
150.5,75.8,0.0,75.8,-0.0,0.3,0.3262,300.0,0,0.0
150.75,74.2,0.0,74.2,-0.0,0.3,0.3271,300.0,0,0.0
151.0,72.7,0.2,72.5,-0.0,0.3,0.3279,297.1,0,0.6
151.25,75.9,7.4,68.5,0.0,0.3,0.3286,291.2,0,22.2
151.5,75.9,11.8,64.1,0.0,0.3,0.3292,285.3,0,35.3
151.75,61.2,24.0,37.2,0.0,0.3,0.3297,279.6,0,71.9
152.0,76.0,27.4,48.6,0.0,0.3,0.3302,273.9,0,82.0
152.25,76.0,40.6,35.4,0.0,0.3,0.3305,268.3,0,121.6
152.5,76.0,56.8,19.2,0.0,0.3,0.3307,262.9,0,170.0
152.75,76.0,64.2,11.9,0.0,0.3,0.3308,257.6,0,192.1
153.0,76.1,73.8,2.2,0.0,0.3,0.3308,252.5,0,221.1
153.25,76.1,88.1,-12.0,0.0,0.3,0.3307,247.6,0,263.7
153.5,71.8,92.5,-20.6,0.0,0.3,0.3305,242.9,0,276.8
153.75,75.6,91.5,-15.9,0.0,0.3,0.3302,238.5,0,273.9
154.0,76.2,125.3,-49.1,0.0,0.3,0.3297,234.3,0,375.1
154.25,76.2,88.2,-12.0,0.0,0.3,0.3292,230.4,0,264.0
154.5,76.2,134.7,-58.5,0.0,0.3,0.3286,226.8,0,403.4
154.75,76.3,132.6,-56.3,0.0,0.3,0.3279,223.6,0,397.0
155.0,76.3,133.0,-56.7,0.0,0.3,0.3271,220.6,0,398.1
155.25,72.7,153.9,-81.2,0.0,0.3,0.3262,218.0,0,460.9
155.5,72.2,151.0,-78.8,0.0,0.3,0.3252,215.8,0,452.1
155.75,74.4,162.2,-45.7,42.1,0.31,0.3242,213.9,0,485.6
156.0,76.4,150.4,-74.0,0.0,0.31,0.323,212.4,0,450.2
156.25,76.4,180.4,-104.0,0.0,0.31,0.3218,211.2,0,540.0
156.5,76.4,181.9,-63.4,42.1,0.32,0.3206,210.4,0,544.6
156.75,76.5,131.5,-12.9,42.1,0.33,0.3192,210.0,0,393.6
157.0,76.5,155.0,5.7,84.2,0.35,0.3178,210.0,0,464.0
157.25,72.6,168.9,-96.3,0.0,0.35,0.3164,210.4,0,505.6
157.5,75.5,167.7,-92.2,0.0,0.35,0.3149,211.2,0,502.1
157.75,76.6,165.1,-88.6,0.0,0.35,0.3134,212.4,0,494.3
158.0,76.6,153.9,-77.3,0.0,0.35,0.3119,213.9,0,460.8
158.25,76.6,153.8,-35.2,42.1,0.36,0.3103,215.8,0,460.6
158.5,76.6,164.4,-45.7,42.1,0.37,0.3087,218.0,0,492.3
158.75,76.6,152.5,-33.7,42.1,0.38,0.3071,220.6,0,456.4
159.0,73.6,127.7,-54.1,0.0,0.38,0.3055,223.6,0,382.3
159.25,74.8,161.5,-86.7,0.0,0.38,0.3039,226.8,0,483.3
159.5,76.7,132.1,28.8,84.2,0.4,0.3023,230.4,0,395.5
159.75,64.9,117.1,-10.1,42.1,0.41,0.3007,234.3,0,350.7
160.0,44.7,119.3,-32.5,42.1,0.42,0.2992,238.5,0,357.0
160.25,44.7,105.4,-18.6,42.1,0.43,0.2977,242.9,0,315.4
160.5,44.7,91.2,-46.5,0.0,0.43,0.2962,247.6,0,273.0
160.75,44.7,76.9,-32.3,0.0,0.43,0.2947,252.5,0,230.3
161.0,44.7,87.5,-0.7,42.1,0.44,0.4107,367.6,0,261.8
161.25,44.7,54.5,-9.8,0.0,0.44,0.4088,372.9,0,163.1
161.5,44.7,65.7,-21.1,0.0,0.44,0.407,378.3,0,196.8
161.75,44.7,43.2,1.5,0.0,0.44,0.4054,383.9,0,129.4
162.0,44.7,36.3,8.3,0.0,0.44,0.4038,389.6,0,108.8
162.25,44.7,35.1,9.6,0.0,0.44,0.4023,395.3,0,105.0
162.5,44.7,18.8,0.0,-25.9,0.433,0.4009,401.2,0,56.2
162.75,44.7,11.6,0.0,-33.1,0.424,0.3997,407.1,0,34.6
163.0,44.7,4.0,2.7,-38.0,0.414,0.3985,410.0,0,12.0
163.25,44.7,0.0,6.7,-38.0,0.404,0.3976,410.0,0,0.0
163.5,44.7,0.0,6.7,-38.0,0.394,0.3967,410.0,0,0.0
163.75,44.7,0.0,6.7,-38.0,0.384,0.396,410.0,0,0.0
164.0,44.7,0.0,6.7,-38.0,0.374,0.3954,410.0,0,0.0
164.25,44.7,0.0,6.7,-38.0,0.364,0.395,410.0,0,0.0
164.5,44.7,0.0,6.7,-38.0,0.354,0.3947,410.0,0,0.0
164.75,44.7,0.0,6.7,-38.0,0.344,0.3945,410.0,0,0.0
165.0,44.7,0.0,6.7,-38.0,0.334,0.2818,300.0,0,0.0
165.25,44.7,0.0,6.7,-38.0,0.324,0.2819,300.0,0,0.0
165.5,44.7,0.0,6.7,-38.0,0.314,0.2821,300.0,0,0.0
165.75,44.7,0.0,6.7,-38.0,0.304,0.2824,300.0,0,0.0
166.0,44.7,0.0,44.7,0.0,0.304,0.2074,300.0,0,0.0
166.25,44.7,0.0,44.7,0.0,0.304,0.2078,300.0,0,0.0
166.5,44.7,0.0,44.7,0.0,0.304,0.2082,300.0,0,0.0
166.75,44.7,0.0,44.7,0.0,0.304,0.2088,300.0,0,0.0
167.0,44.7,0.0,44.7,0.0,0.304,0.2094,300.0,0,0.0
167.25,44.7,0.0,44.7,0.0,0.304,0.21,300.0,0,0.0
167.5,44.7,0.0,44.7,0.0,0.304,0.2107,300.0,0,0.0
167.75,44.7,0.0,44.7,0.0,0.304,0.2115,300.0,0,0.0
168.0,76.5,0.0,70.0,-6.5,0.303,0.2098,300.0,0,0.0
168.25,76.5,0.0,70.0,-6.5,0.301,0.2107,300.0,0,0.0
168.5,76.5,0.0,72.4,-4.1,0.3,0.2116,300.0,0,0.0
168.75,65.2,0.0,65.2,0.0,0.3,0.2126,300.0,0,0.0
169.0,76.5,0.0,76.5,-0.0,0.3,0.2136,300.0,0,0.0
169.25,76.5,0.0,76.5,-0.0,0.3,0.2146,300.0,0,0.0
169.5,76.5,0.0,76.5,-0.0,0.3,0.2157,300.0,0,0.0
169.75,76.5,0.0,76.5,-0.0,0.3,0.2168,300.0,0,0.0
170.0,72.4,0.0,72.4,-0.0,0.3,0.2179,300.0,0,0.0
170.25,75.9,0.0,75.9,-0.0,0.3,0.2191,300.0,0,0.0
170.5,76.6,0.0,76.6,-0.0,0.3,0.2202,300.0,0,0.0
170.75,76.6,0.0,76.6,-0.0,0.3,0.2214,300.0,0,0.0
171.0,76.6,0.0,76.6,-0.0,0.3,0.2225,300.0,0,0.0
171.25,76.6,0.0,76.6,-0.0,0.3,0.2237,300.0,0,0.0
171.5,76.7,0.0,76.7,-0.0,0.3,0.2248,300.0,0,0.0
171.75,72.3,0.0,72.3,-0.0,0.3,0.226,300.0,0,0.0
172.0,76.2,0.0,76.2,-0.0,0.3,0.2271,300.0,0,0.0
172.25,76.7,0.0,76.7,-0.0,0.3,0.2282,300.0,0,0.0
172.5,76.7,0.0,76.7,-0.0,0.3,0.2293,300.0,0,0.0
172.75,76.8,0.0,76.8,-0.0,0.3,0.2303,300.0,0,0.0
173.0,76.8,0.0,76.8,-0.0,0.3,0.2313,300.0,0,0.0
173.25,76.8,0.0,76.8,-0.0,0.3,0.2323,300.0,0,0.0
173.5,73.7,0.0,73.7,-0.0,0.3,0.2332,300.0,0,0.0
173.75,75.1,0.0,75.1,-0.0,0.3,0.2341,300.0,0,0.0
174.0,76.9,0.0,76.9,-0.0,0.3,0.3203,300.0,0,0.0
174.25,76.9,0.0,76.9,-0.0,0.3,0.3214,300.0,0,0.0
174.5,77.0,0.0,77.0,-0.0,0.3,0.3223,300.0,0,0.0
174.75,77.0,0.0,77.0,-0.0,0.3,0.3232,300.0,0,0.0
175.0,77.0,0.0,77.0,-0.0,0.3,0.324,297.1,0,0.0
175.25,74.5,1.5,73.0,-0.0,0.3,0.3247,291.2,0,4.5
175.5,74.6,4.0,70.6,-0.0,0.3,0.3253,285.3,0,11.9
175.75,70.4,5.7,64.7,0.0,0.3,0.3258,279.6,0,16.8
176.0,77.1,9.1,68.0,0.0,0.3,0.3262,273.9,0,27.0
176.25,77.1,9.8,67.3,0.0,0.3,0.3266,268.3,0,29.0
176.5,77.2,16.7,60.4,0.0,0.3,0.3268,262.9,0,49.5
176.75,77.2,16.2,61.0,0.0,0.3,0.3269,257.6,0,48.0
177.0,77.2,22.7,54.6,0.0,0.3,0.3269,252.5,0,67.0
177.25,77.2,23.2,54.1,0.0,0.3,0.3268,247.6,0,68.5
177.5,73.9,25.2,48.8,0.0,0.3,0.3266,242.9,0,74.4
177.75,75.7,23.7,52.0,0.0,0.3,0.3262,238.5,0,69.9
178.0,77.4,34.6,42.8,0.0,0.3,0.3258,234.3,0,102.2
178.25,77.4,33.5,43.8,0.0,0.3,0.3253,230.4,0,99.2
178.5,77.4,32.2,45.2,0.0,0.3,0.3247,226.8,0,95.3
178.75,77.4,39.8,37.7,0.0,0.3,0.324,223.6,0,117.6
179.0,77.4,36.8,40.7,0.0,0.3,0.3232,220.6,0,108.7
179.25,76.4,36.2,40.2,0.0,0.3,0.3223,218.0,0,107.1
179.5,73.5,46.6,27.0,0.0,0.3,0.3214,215.8,0,137.6
179.75,77.5,41.0,36.5,0.0,0.3,0.3203,213.9,0,121.3
180.0,77.6,45.2,70.0,37.6,0.309,0.3192,212.4,0,133.6
180.25,77.6,46.4,31.2,0.0,0.309,0.318,211.2,0,137.1
180.5,77.6,50.6,69.2,42.1,0.319,0.3168,210.4,0,149.5
180.75,77.6,37.3,40.3,0.0,0.319,0.3154,210.0,0,110.2
181.0,77.7,48.3,70.0,40.6,0.329,0.3141,210.0,0,142.8
181.25,74.2,44.4,29.9,0.0,0.329,0.3127,210.4,0,131.2
181.5,76.1,41.2,34.9,0.0,0.329,0.3112,211.2,0,121.7
181.75,77.7,48.7,29.0,0.0,0.329,0.3097,212.4,0,144.0
182.0,77.8,50.7,69.1,42.1,0.339,0.3082,213.9,0,149.9
182.25,77.8,57.3,20.5,0.0,0.339,0.3066,215.8,0,169.3
182.5,77.8,48.0,29.8,0.0,0.339,0.305,218.0,0,141.8
182.75,77.8,43.6,34.2,0.0,0.339,0.3035,220.6,0,128.9
183.0,77.5,44.6,32.9,0.0,0.339,0.3019,223.6,0,132.0
183.25,73.2,37.3,35.9,0.0,0.339,0.3003,226.8,0,110.2
183.5,77.8,43.2,34.6,0.0,0.339,0.2987,230.4,0,127.7
183.75,69.1,30.8,38.3,0.0,0.339,0.2972,234.3,0,91.1
184.0,44.7,27.9,58.9,42.1,0.349,0.2956,238.5,0,82.4
184.25,44.7,31.1,55.7,42.1,0.359,0.2941,242.9,0,92.0
184.5,44.7,27.8,59.0,42.1,0.369,0.2927,247.6,0,82.1
184.75,44.7,19.8,67.0,42.1,0.379,0.2912,252.5,0,58.5
185.0,44.7,20.5,0.0,-24.1,0.372,0.4058,367.6,1,60.7
185.25,44.7,20.3,0.0,-24.3,0.366,0.404,372.9,1,60.2
185.5,44.7,17.3,0.0,-27.4,0.359,0.4022,378.3,1,51.1
185.75,44.7,14.2,0.0,-30.5,0.351,0.4006,383.9,1,41.9
186.0,44.7,9.5,0.0,-35.2,0.341,0.399,389.6,1,28.0
186.25,44.7,8.9,0.0,-35.8,0.332,0.3975,395.3,1,26.4
186.5,44.7,6.1,0.5,-38.0,0.322,0.3962,401.2,1,18.1
186.75,44.7,2.8,3.9,-38.0,0.312,0.3949,407.1,1,8.2
187.0,44.7,1.2,5.4,-38.0,0.302,0.3938,410.0,0,3.7
187.25,44.7,0.0,44.7,0.0,0.302,0.3929,410.0,0,0.0
187.5,44.7,0.0,44.7,0.0,0.302,0.392,410.0,0,0.0
187.75,44.7,0.0,44.7,0.0,0.302,0.3913,410.0,0,0.0
188.0,44.7,0.0,44.7,0.0,0.302,0.3907,410.0,0,0.0
188.25,44.7,0.0,44.7,0.0,0.302,0.3903,410.0,0,0.0
188.5,44.7,0.0,44.7,0.0,0.302,0.39,410.0,0,0.0
188.75,44.7,0.0,44.7,0.0,0.302,0.3898,410.0,0,0.0
189.0,44.7,0.0,44.7,0.0,0.302,0.2785,300.0,0,0.0
189.25,44.7,0.0,44.7,0.0,0.302,0.2786,300.0,0,0.0
189.5,44.7,0.0,44.7,0.0,0.302,0.2788,300.0,0,0.0
189.75,44.7,0.0,44.7,0.0,0.302,0.2791,300.0,0,0.0
190.0,44.7,0.0,44.7,0.0,0.302,0.205,300.0,0,0.0
190.25,44.7,0.0,44.7,0.0,0.302,0.2053,300.0,0,0.0
190.5,44.7,0.0,44.7,0.0,0.302,0.2058,300.0,0,0.0
190.75,44.7,0.0,44.7,0.0,0.302,0.2063,300.0,0,0.0
191.0,44.7,0.0,44.7,0.0,0.302,0.2069,300.0,0,0.0
191.25,44.7,0.0,44.7,0.0,0.302,0.2075,300.0,0,0.0
191.5,44.7,0.0,44.7,0.0,0.302,0.2082,300.0,0,0.0
191.75,44.7,0.0,44.7,0.0,0.302,0.209,300.0,0,0.0
192.0,77.6,0.0,70.3,-7.3,0.3,0.1971,300.0,0,0.0
192.25,77.6,0.0,77.6,-0.0,0.3,0.198,300.0,0,0.0
192.5,77.6,0.0,77.6,-0.0,0.3,0.1988,300.0,0,0.0
192.75,77.7,0.0,77.7,-0.0,0.3,0.1997,300.0,0,0.0
193.0,77.7,0.0,77.7,-0.0,0.3,0.2007,300.0,0,0.0
193.25,77.7,0.0,77.7,-0.0,0.3,0.2017,300.0,0,0.0
193.5,76.6,0.0,76.6,-0.0,0.3,0.2027,300.0,0,0.0
193.75,74.1,0.0,74.1,-0.0,0.3,0.2037,300.0,0,0.0
194.0,77.4,0.0,77.4,-0.0,0.3,0.2048,300.0,0,0.0
194.25,77.7,0.0,77.7,-0.0,0.3,0.2058,300.0,0,0.0
194.5,77.8,0.0,77.8,-0.0,0.3,0.2069,300.0,0,0.0
194.75,77.8,0.0,77.8,-0.0,0.3,0.208,300.0,0,0.0
195.0,77.8,0.0,77.8,-0.0,0.3,0.2091,300.0,0,0.0
195.25,77.8,0.0,77.8,-0.0,0.3,0.2102,300.0,0,0.0
195.5,75.2,0.0,75.2,-0.0,0.3,0.2113,300.0,0,0.0
195.75,75.4,0.0,75.4,-0.0,0.3,0.2123,300.0,0,0.0
196.0,77.9,0.0,77.9,-0.0,0.3,0.2134,300.0,0,0.0
196.25,77.9,0.0,77.9,-0.0,0.3,0.2144,300.0,0,0.0
196.5,77.9,0.0,77.9,-0.0,0.3,0.2154,300.0,0,0.0
196.75,78.0,0.0,78.0,-0.0,0.3,0.2164,300.0,0,0.0
197.0,78.0,0.0,78.0,-0.0,0.3,0.2173,300.0,0,0.0
197.25,78.0,0.0,78.0,-0.0,0.3,0.2183,300.0,0,0.0
197.5,73.9,0.0,73.9,-0.0,0.3,0.2191,300.0,0,0.0
197.75,77.0,0.0,77.0,-0.0,0.3,0.2199,300.0,0,0.0
198.0,78.1,0.0,78.1,-0.0,0.3,0.301,300.0,0,0.0
198.25,78.1,0.0,78.1,-0.0,0.3,0.302,300.0,0,0.0
198.5,78.1,0.0,78.1,-0.0,0.3,0.3029,300.0,0,0.0
198.75,78.1,0.0,78.1,-0.0,0.3,0.3037,300.0,0,0.0
199.0,78.2,0.0,78.2,-0.0,0.3,0.3044,297.1,0,0.0
199.25,76.8,2.4,74.4,-0.0,0.3,0.3051,291.2,0,7.1
199.5,74.5,6.8,67.7,0.0,0.3,0.3057,285.3,0,20.2
199.75,73.6,7.6,66.0,0.0,0.3,0.3061,279.6,0,22.5
200.0,78.3,15.3,63.0,0.0,0.3,0.3065,273.9,0,45.4
200.25,78.3,17.4,60.9,0.0,0.3,0.3068,268.3,0,51.5
200.5,78.4,21.0,57.4,0.0,0.3,0.307,262.9,0,62.2
200.75,78.4,31.5,46.9,0.0,0.3,0.3071,257.6,0,93.4
201.0,78.4,28.1,50.3,0.0,0.3,0.3071,252.5,0,83.3
201.25,78.5,42.3,36.1,0.0,0.3,0.307,247.6,0,125.4
201.5,76.4,35.0,41.4,0.0,0.3,0.3068,242.9,0,103.8
201.75,75.4,49.5,25.9,0.0,0.3,0.3065,238.5,0,146.6
202.0,78.6,50.1,28.5,0.0,0.3,0.3061,234.3,0,148.5
202.25,78.6,57.9,20.7,0.0,0.3,0.3057,230.4,0,171.6
202.5,78.6,62.2,16.4,0.0,0.3,0.3051,226.8,0,184.3
202.75,78.6,74.6,4.0,0.0,0.3,0.3044,223.6,0,221.1
203.0,78.7,59.4,19.2,0.0,0.3,0.3037,220.6,0,176.1
203.25,78.4,66.1,12.3,0.0,0.3,0.3029,218.0,0,196.0
203.5,74.2,79.0,37.3,42.1,0.31,0.302,215.8,0,234.3
203.75,78.3,77.4,0.9,0.0,0.31,0.301,213.9,0,229.4
204.0,78.8,69.0,51.9,42.1,0.32,0.2999,212.4,0,204.6
204.25,78.8,67.3,11.5,0.0,0.32,0.2988,211.2,0,199.6
204.5,78.8,74.5,4.4,0.0,0.32,0.2976,210.4,0,220.7
204.75,78.9,81.1,-2.2,0.0,0.32,0.2964,210.0,0,240.3
205.0,78.9,64.5,14.4,0.0,0.32,0.2951,210.0,0,191.3
205.25,78.1,73.0,5.1,0.0,0.32,0.2938,210.4,0,216.3
205.5,74.5,65.1,9.3,0.0,0.32,0.2924,211.2,0,193.1
205.75,79.0,77.5,1.4,0.0,0.32,0.291,212.4,0,229.8
206.0,79.0,76.7,2.3,0.0,0.32,0.2895,213.9,0,227.3
206.25,79.0,80.7,-1.7,0.0,0.32,0.2881,215.8,0,239.2
206.5,79.0,59.9,19.1,0.0,0.32,0.2866,218.0,0,177.5
206.75,79.1,76.3,2.8,0.0,0.32,0.2851,220.6,0,226.2
207.0,79.1,68.3,10.8,0.0,0.32,0.2836,223.6,0,202.5
207.25,76.5,62.7,13.7,0.0,0.32,0.2821,226.8,0,186.0
207.5,76.4,61.1,15.3,0.0,0.32,0.2807,230.4,0,181.1
207.75,72.7,60.7,12.0,0.0,0.32,0.2792,234.3,0,180.0
208.0,44.7,52.3,-7.7,0.0,0.32,0.2778,238.5,0,155.1
208.25,44.7,50.5,36.3,42.1,0.33,0.2764,242.9,0,149.6
208.5,44.7,36.2,8.5,0.0,0.33,0.275,247.6,0,107.3
208.75,44.7,39.9,4.8,0.0,0.33,0.2736,252.5,0,118.2
209.0,44.7,36.7,7.9,0.0,0.33,0.3813,367.6,0,108.8
209.25,44.7,28.3,16.3,0.0,0.33,0.3796,372.9,0,84.0
209.5,44.7,26.5,18.1,0.0,0.33,0.3779,378.3,0,78.6
209.75,44.7,24.1,20.6,0.0,0.33,0.3763,383.9,0,71.4
210.0,44.7,18.6,26.1,0.0,0.33,0.3749,389.6,0,55.0
210.25,44.7,12.3,32.3,0.0,0.33,0.3735,395.3,0,36.6
210.5,44.7,8.9,35.8,0.0,0.33,0.3722,401.2,0,26.3
210.75,44.7,5.0,1.7,-38.0,0.32,0.3711,407.1,0,14.9
211.0,44.7,1.7,5.0,-38.0,0.31,0.37,410.0,0,4.9
211.25,44.7,0.0,6.7,-38.0,0.3,0.3691,410.0,0,0.0
211.5,44.7,0.0,44.7,0.0,0.3,0.3683,410.0,0,0.0
211.75,44.7,0.0,44.7,0.0,0.3,0.3676,410.0,0,0.0
212.0,44.7,0.0,44.7,0.0,0.3,0.3671,410.0,0,0.0
212.25,44.7,0.0,44.7,0.0,0.3,0.3667,410.0,0,0.0
212.5,44.7,0.0,44.7,0.0,0.3,0.3664,410.0,0,0.0
212.75,44.7,0.0,44.7,0.0,0.3,0.3663,410.0,0,0.0
213.0,44.7,0.0,44.7,0.0,0.3,0.2616,300.0,0,0.0
213.25,44.7,0.0,44.7,0.0,0.3,0.2617,300.0,0,0.0
213.5,44.7,0.0,44.7,0.0,0.3,0.2619,300.0,0,0.0
213.75,44.7,0.0,44.7,0.0,0.3,0.2622,300.0,0,0.0
214.0,44.7,0.0,44.7,0.0,0.3,0.1926,300.0,0,0.0
214.25,44.7,0.0,44.7,0.0,0.3,0.1929,300.0,0,0.0
214.5,44.7,0.0,44.7,0.0,0.3,0.1933,300.0,0,0.0
214.75,44.7,0.0,44.7,0.0,0.3,0.1938,300.0,0,0.0
215.0,44.7,0.0,44.7,0.0,0.3,0.1944,300.0,0,0.0
215.25,44.7,0.0,44.7,0.0,0.3,0.195,300.0,0,0.0
215.5,44.7,0.0,44.7,0.0,0.3,0.1956,300.0,0,0.0
215.75,44.7,0.0,44.7,0.0,0.3,0.1964,300.0,0,0.0
216.0,78.8,0.0,78.8,-0.0,0.3,0.2097,300.0,0,0.0
216.25,78.9,0.0,78.9,-0.0,0.3,0.2106,300.0,0,0.0
216.5,78.9,0.0,78.9,-0.0,0.3,0.2115,300.0,0,0.0
216.75,78.9,0.0,78.9,-0.0,0.3,0.2125,300.0,0,0.0
217.0,78.9,0.0,78.9,-0.0,0.3,0.2135,300.0,0,0.0
217.25,78.9,0.0,78.9,-0.0,0.3,0.2146,300.0,0,0.0
217.5,76.7,0.0,76.7,-0.0,0.3,0.2156,300.0,0,0.0
217.75,75.9,0.0,75.9,-0.0,0.3,0.2167,300.0,0,0.0
218.0,78.9,0.0,78.9,-0.0,0.3,0.2179,300.0,0,0.0
218.25,79.0,0.0,79.0,-0.0,0.3,0.219,300.0,0,0.0
218.5,79.0,0.0,79.0,-0.0,0.3,0.2201,300.0,0,0.0
218.75,79.0,0.0,79.0,-0.0,0.3,0.2213,300.0,0,0.0
219.0,79.0,0.0,79.0,-0.0,0.3,0.2225,300.0,0,0.0
219.25,79.0,0.0,79.0,-0.0,0.3,0.2236,300.0,0,0.0
219.5,76.0,0.0,76.0,-0.0,0.3,0.2248,300.0,0,0.0
219.75,76.8,0.0,76.8,-0.0,0.3,0.2259,300.0,0,0.0
220.0,79.1,0.0,79.1,-0.0,0.3,0.227,300.0,0,0.0
220.25,79.1,0.0,79.1,-0.0,0.3,0.2281,300.0,0,0.0
220.5,79.1,0.0,79.1,-0.0,0.3,0.2292,300.0,0,0.0
220.75,79.2,0.0,79.2,-0.0,0.3,0.2302,300.0,0,0.0
221.0,79.2,0.0,79.2,-0.0,0.3,0.2313,300.0,0,0.0
221.25,79.2,0.0,79.2,-0.0,0.3,0.2322,300.0,0,0.0
221.5,76.5,0.0,76.5,-0.0,0.3,0.2331,300.0,0,0.0
221.75,76.7,0.0,76.7,-0.0,0.3,0.234,300.0,0,0.0
222.0,79.3,0.0,79.3,-0.0,0.3,0.3202,300.0,0,0.0
222.25,79.3,0.0,79.3,-0.0,0.3,0.3213,300.0,0,0.0
222.5,79.4,0.0,79.4,-0.0,0.3,0.3222,300.0,0,0.0
222.75,79.4,0.0,79.4,-0.0,0.3,0.3231,300.0,0,0.0
223.0,79.4,0.0,79.4,-0.0,0.3,0.3239,297.1,0,0.0
223.25,79.4,5.3,74.1,-0.0,0.3,0.3246,291.2,0,15.9
223.5,76.0,17.1,58.9,0.0,0.3,0.3252,285.3,0,50.9
223.75,75.1,30.9,44.2,0.0,0.3,0.3257,279.6,0,91.9
224.0,79.5,44.7,34.8,0.0,0.3,0.3261,273.9,0,133.0
224.25,79.6,54.4,25.2,0.0,0.3,0.3264,268.3,0,161.7
224.5,79.6,77.0,2.6,0.0,0.3,0.3267,262.9,0,229.0
224.75,79.6,95.1,-15.4,0.0,0.3,0.3268,257.6,0,282.5
225.0,79.7,98.9,-19.2,0.0,0.3,0.3268,252.5,0,293.9
225.25,79.7,124.8,-45.1,0.0,0.3,0.3267,247.6,0,370.8
225.5,79.2,125.4,-46.2,0.0,0.3,0.3264,242.9,0,372.6
225.75,75.5,141.6,-66.1,0.0,0.3,0.3261,238.5,0,420.8
226.0,79.1,157.5,-78.3,0.0,0.3,0.3257,234.3,0,468.0
226.25,79.8,175.1,-95.3,0.0,0.3,0.3252,230.4,0,520.4
226.5,79.9,174.6,-94.7,0.0,0.3,0.3246,226.8,0,518.8
226.75,79.9,192.4,-112.5,0.0,0.3,0.3239,223.6,0,571.8
227.0,79.9,200.2,-120.2,0.0,0.3,0.3231,220.6,0,594.8
227.25,79.9,217.1,-137.2,0.0,0.3,0.3222,218.0,0,645.2
227.5,80.0,230.3,-150.3,0.0,0.3,0.3213,215.8,0,684.3
227.75,77.8,224.0,-146.2,0.0,0.3,0.3202,213.9,0,665.5
228.0,76.8,237.2,-160.4,0.0,0.3,0.3191,212.4,0,704.9
228.25,80.1,248.5,-168.5,0.0,0.3,0.3179,211.2,0,738.6
228.5,80.1,245.9,-165.8,0.0,0.3,0.3167,210.4,0,730.7
228.75,80.1,242.4,-162.3,0.0,0.3,0.3153,210.0,0,720.4
229.0,80.1,256.1,-175.9,0.0,0.3,0.314,210.0,0,761.0
229.25,80.2,268.5,-188.3,0.0,0.3,0.3126,210.4,0,797.7
229.5,80.2,256.4,-176.2,0.0,0.3,0.3111,211.2,0,762.0
229.75,80.1,247.5,-167.4,0.0,0.3,0.3096,212.4,0,735.4
230.0,75.7,244.8,-169.1,0.0,0.3,0.3081,213.9,0,727.5
230.25,79.5,231.2,-151.7,0.0,0.3,0.3065,215.8,0,687.0
230.5,80.3,233.5,-153.2,0.0,0.3,0.3049,218.0,0,693.8
230.75,80.3,210.3,-45.7,84.2,0.32,0.3034,220.6,0,624.9
231.0,80.3,215.9,-93.5,42.1,0.33,0.3018,223.6,0,641.5
231.25,80.4,205.2,-40.7,84.2,0.35,0.3002,226.8,0,609.9
231.5,80.4,190.3,-25.8,84.2,0.37,0.2986,230.4,0,565.6
231.75,51.3,181.4,-45.9,84.2,0.39,0.2971,234.3,0,539.1
232.0,44.7,170.0,-83.2,42.1,0.4,0.2955,238.5,0,505.1
232.25,44.7,156.2,-69.4,42.1,0.41,0.294,242.9,0,464.2
232.5,44.7,141.5,-54.8,42.1,0.42,0.2926,247.6,0,420.6
232.75,44.7,134.5,-47.7,42.1,0.43,0.2912,252.5,0,399.5
233.0,44.7,114.8,-28.0,42.1,0.44,0.4057,367.6,0,341.1
233.25,44.7,97.5,-52.8,0.0,0.44,0.4039,372.9,0,289.7
233.5,44.7,84.0,-39.3,0.0,0.44,0.4021,378.3,0,249.6
233.75,44.7,71.3,-26.6,0.0,0.44,0.4004,383.9,0,211.9
234.0,44.7,55.1,-10.4,0.0,0.44,0.3989,389.6,0,163.6
234.25,44.7,41.1,3.5,0.0,0.44,0.3974,395.3,0,122.3
234.5,44.7,25.9,0.0,-18.8,0.435,0.396,401.2,0,76.9
234.75,44.7,15.3,0.0,-29.4,0.427,0.3948,407.1,0,45.3
235.0,44.7,3.7,2.9,-38.0,0.417,0.3937,410.0,0,11.1
235.25,44.7,0.0,6.7,-38.0,0.407,0.3927,410.0,0,0.0
235.5,44.7,0.0,6.7,-38.0,0.397,0.3919,410.0,0,0.0
235.75,44.7,0.0,6.7,-38.0,0.387,0.3912,410.0,0,0.0
236.0,44.7,0.0,6.7,-38.0,0.377,0.3906,410.0,0,0.0
236.25,44.7,0.0,6.7,-38.0,0.367,0.3902,410.0,0,0.0
236.5,44.7,0.0,6.7,-38.0,0.357,0.3899,410.0,0,0.0
236.75,44.7,0.0,6.7,-38.0,0.347,0.3897,410.0,0,0.0
237.0,44.7,0.0,6.7,-38.0,0.337,0.2784,300.0,0,0.0
237.25,44.7,0.0,6.7,-38.0,0.327,0.2785,300.0,0,0.0
237.5,44.7,0.0,6.7,-38.0,0.317,0.2787,300.0,0,0.0
237.75,44.7,0.0,6.7,-38.0,0.307,0.279,300.0,0,0.0
238.0,44.7,0.0,44.7,0.0,0.307,0.2049,300.0,0,0.0
238.25,44.7,0.0,44.7,0.0,0.307,0.2053,300.0,0,0.0
238.5,44.7,0.0,44.7,0.0,0.307,0.2057,300.0,0,0.0
238.75,44.7,0.0,44.7,0.0,0.307,0.2062,300.0,0,0.0
239.0,44.7,0.0,44.7,0.0,0.307,0.2068,300.0,0,0.0
239.25,44.7,0.0,44.7,0.0,0.307,0.2075,300.0,0,0.0
239.5,44.7,0.0,44.7,0.0,0.307,0.2082,300.0,0,0.0
239.75,44.7,0.0,16.9,-27.8,0.3,0.2089,300.0,0,0.0
240.0,80.1,0.0,80.1,-0.0,0.3,0.213,300.0,0,0.0
240.25,80.1,0.0,80.1,-0.0,0.3,0.2139,300.0,0,0.0
240.5,80.1,0.0,80.1,-0.0,0.3,0.2148,300.0,0,0.0
240.75,80.1,0.0,80.1,-0.0,0.3,0.2158,300.0,0,0.0
241.0,80.1,0.0,80.1,-0.0,0.3,0.2168,300.0,0,0.0
241.25,75.4,0.0,75.4,-0.0,0.3,0.2179,300.0,0,0.0
241.5,79.4,0.0,79.4,-0.0,0.3,0.219,300.0,0,0.0
241.75,80.2,0.0,80.2,-0.0,0.3,0.2201,300.0,0,0.0
242.0,80.2,0.0,80.2,-0.0,0.3,0.2212,300.0,0,0.0
242.25,80.2,0.0,80.2,-0.0,0.3,0.2224,300.0,0,0.0
242.5,80.2,0.0,80.2,-0.0,0.3,0.2235,300.0,0,0.0
242.75,77.1,0.0,77.1,-0.0,0.3,0.2247,300.0,0,0.0
243.0,78.0,0.0,78.0,-0.0,0.3,0.2259,300.0,0,0.0
243.25,72.2,0.0,72.2,-0.0,0.3,0.2271,300.0,0,0.0
243.5,80.3,0.0,80.3,-0.0,0.3,0.2282,300.0,0,0.0
243.75,80.3,0.0,80.3,-0.0,0.3,0.2294,300.0,0,0.0
244.0,80.3,0.0,80.3,-0.0,0.3,0.2305,300.0,0,0.0
244.25,80.4,0.0,80.4,-0.0,0.3,0.2316,300.0,0,0.0
244.5,80.4,0.0,80.4,-0.0,0.3,0.2327,300.0,0,0.0
244.75,75.3,0.0,75.3,-0.0,0.3,0.2338,300.0,0,0.0
245.0,80.1,0.0,80.1,-0.0,0.3,0.2348,300.0,0,0.0
245.25,80.5,0.0,80.5,-0.0,0.3,0.2358,300.0,0,0.0
245.5,80.5,0.0,80.5,-0.0,0.3,0.2367,300.0,0,0.0
245.75,80.5,0.0,80.5,-0.0,0.3,0.2376,300.0,0,0.0
246.0,80.6,0.0,80.6,-0.0,0.3,0.3252,300.0,0,0.0
246.25,77.6,0.0,77.6,-0.0,0.3,0.3262,300.0,0,0.0
246.5,78.1,0.0,78.1,-0.0,0.3,0.3272,300.0,0,0.0
246.75,80.6,0.0,80.6,-0.0,0.3,0.3281,300.0,0,0.0
247.0,80.7,0.0,80.7,-0.0,0.3,0.3289,297.1,0,0.0
247.25,80.7,4.0,76.7,-0.0,0.3,0.3296,291.2,0,11.9
247.5,80.7,15.8,65.0,0.0,0.3,0.3302,285.3,0,47.0
247.75,50.9,28.0,23.0,0.0,0.3,0.3307,279.6,0,83.3
248.0,80.8,41.7,39.2,0.0,0.3,0.3312,273.9,0,124.1
248.25,80.8,59.2,21.7,0.0,0.3,0.3315,268.3,0,176.2
248.5,80.9,73.4,7.5,0.0,0.3,0.3317,262.9,0,218.6
248.75,80.9,85.8,-4.9,0.0,0.3,0.3318,257.6,0,255.7
249.0,80.9,101.6,-20.7,0.0,0.3,0.3318,252.5,0,302.7
249.25,78.5,116.2,-37.6,0.0,0.3,0.3317,247.6,0,346.1
249.5,77.9,134.3,-56.4,0.0,0.3,0.3315,242.9,0,400.0
249.75,81.0,153.3,-72.3,0.0,0.3,0.3312,238.5,0,456.8
250.0,81.1,157.0,-75.9,0.0,0.3,0.3307,234.3,0,467.7
250.25,74.0,172.3,-98.3,0.0,0.3,0.3302,230.4,0,513.3
250.5,81.1,176.7,-95.5,0.0,0.3,0.3296,226.8,0,526.3
250.75,81.2,199.5,-118.3,0.0,0.3,0.3289,223.6,0,594.2
251.0,81.2,207.3,-126.1,0.0,0.3,0.3281,220.6,0,617.6
251.25,77.6,211.4,-133.8,0.0,0.3,0.3272,218.0,0,629.7
251.5,79.3,221.6,-142.3,0.0,0.3,0.3262,215.8,0,660.0
251.75,81.3,232.0,-150.7,0.0,0.3,0.3252,213.9,0,691.1
252.0,81.3,230.3,-149.0,0.0,0.3,0.324,212.4,0,686.1
252.25,81.4,238.6,-157.3,0.0,0.3,0.3228,211.2,0,711.0
252.5,81.4,239.5,-158.1,0.0,0.3,0.3215,210.4,0,713.4
252.75,81.4,249.9,-168.5,0.0,0.3,0.3202,210.0,0,744.6
253.0,76.2,252.3,-176.1,0.0,0.3,0.3188,210.0,0,751.6
253.25,81.0,248.6,-167.6,0.0,0.3,0.3174,210.4,0,740.7
253.5,81.5,250.6,-169.1,0.0,0.3,0.3159,211.2,0,746.6
253.75,81.5,241.5,-160.0,0.0,0.3,0.3144,212.4,0,719.5
254.0,81.6,252.4,-170.8,0.0,0.3,0.3128,213.9,0,751.8
254.25,81.6,233.0,-151.4,0.0,0.3,0.3112,215.8,0,694.0
254.5,80.3,224.9,-144.6,0.0,0.3,0.3096,218.0,0,670.0
254.75,77.2,218.3,-99.0,42.1,0.31,0.308,220.6,0,650.4
255.0,81.6,209.7,-86.0,42.1,0.32,0.3064,223.6,0,624.8
255.25,81.7,206.3,1.7,126.3,0.35,0.3048,226.8,0,614.7
255.5,81.7,186.1,-20.2,84.2,0.37,0.3032,230.4,0,554.3
255.75,57.2,182.0,-82.7,42.1,0.38,0.3016,234.3,0,542.2
256.0,44.7,171.5,-126.8,0.0,0.38,0.3001,238.5,0,510.9
256.25,44.7,153.5,-24.6,84.2,0.4,0.2986,242.9,0,457.2
256.5,44.7,137.1,-50.3,42.1,0.41,0.2971,247.6,0,408.3
256.75,44.7,124.7,-37.9,42.1,0.42,0.2956,252.5,0,371.4
257.0,44.7,106.1,-19.3,42.1,0.43,0.4119,367.6,0,316.0
257.25,44.7,101.2,-56.5,0.0,0.43,0.4101,372.9,0,301.5
257.5,44.7,81.2,5.6,42.1,0.44,0.4083,378.3,0,241.9
257.75,44.7,65.2,-20.6,0.0,0.44,0.4066,383.9,0,194.3
258.0,44.7,53.1,-8.4,0.0,0.44,0.405,389.6,0,158.2
258.25,44.7,38.8,5.9,0.0,0.44,0.4035,395.3,0,115.5
258.5,44.7,25.3,0.0,-19.4,0.435,0.4021,401.2,0,75.3
258.75,44.7,12.7,0.0,-32.0,0.426,0.4009,407.1,0,37.8
259.0,44.7,2.2,4.5,-38.0,0.416,0.3998,410.0,0,6.5
259.25,44.7,0.0,6.7,-38.0,0.406,0.3988,410.0,0,0.0
259.5,44.7,0.0,6.7,-38.0,0.396,0.3979,410.0,0,0.0
259.75,44.7,0.0,6.7,-38.0,0.386,0.3972,410.0,0,0.0
260.0,44.7,0.0,6.7,-38.0,0.376,0.3966,410.0,0,0.0
260.25,44.7,0.0,6.7,-38.0,0.366,0.3962,410.0,0,0.0
260.5,44.7,0.0,6.7,-38.0,0.356,0.3959,410.0,0,0.0
260.75,44.7,0.0,6.7,-38.0,0.346,0.3957,410.0,0,0.0
261.0,44.7,0.0,6.7,-38.0,0.336,0.2827,300.0,0,0.0
261.25,44.7,0.0,6.7,-38.0,0.326,0.2828,300.0,0,0.0
261.5,44.7,0.0,6.7,-38.0,0.316,0.283,300.0,0,0.0
261.75,44.7,0.0,6.7,-38.0,0.306,0.2833,300.0,0,0.0
262.0,44.7,0.0,44.7,0.0,0.306,0.2081,300.0,0,0.0
262.25,44.7,0.0,44.7,0.0,0.306,0.2084,300.0,0,0.0
262.5,44.7,0.0,44.7,0.0,0.306,0.2089,300.0,0,0.0
262.75,44.7,0.0,44.7,0.0,0.306,0.2094,300.0,0,0.0
263.0,44.7,0.0,44.7,0.0,0.306,0.21,300.0,0,0.0
263.25,44.7,0.0,44.7,0.0,0.306,0.2106,300.0,0,0.0
263.5,44.7,0.0,44.7,0.0,0.306,0.2114,300.0,0,0.0
263.75,44.7,0.0,20.0,-24.6,0.3,0.2121,300.0,0,0.0
264.0,81.4,0.0,81.4,-0.0,0.3,0.218,300.0,0,0.0
264.25,81.4,0.0,81.4,-0.0,0.3,0.2189,300.0,0,0.0
264.5,81.4,0.0,81.4,-0.0,0.3,0.2199,300.0,0,0.0
264.75,81.4,0.0,81.4,-0.0,0.3,0.2209,300.0,0,0.0
265.0,81.4,0.0,81.4,-0.0,0.3,0.2219,300.0,0,0.0
265.25,78.7,0.0,78.7,-0.0,0.3,0.223,300.0,0,0.0
265.5,78.6,0.0,78.6,-0.0,0.3,0.2241,300.0,0,0.0
265.75,81.4,0.0,81.4,-0.0,0.3,0.2253,300.0,0,0.0
266.0,81.5,0.0,81.5,-0.0,0.3,0.2265,300.0,0,0.0
266.25,81.5,0.0,81.5,-0.0,0.3,0.2276,300.0,0,0.0
266.5,81.5,0.0,81.5,-0.0,0.3,0.2288,300.0,0,0.0
266.75,80.1,0.0,80.1,-0.0,0.3,0.23,300.0,0,0.0
267.0,77.3,0.0,77.3,-0.0,0.3,0.2312,300.0,0,0.0
267.25,81.6,0.0,81.6,-0.0,0.3,0.2325,300.0,0,0.0
267.5,81.6,0.0,81.6,-0.0,0.3,0.2336,300.0,0,0.0
267.75,81.6,0.0,81.6,-0.0,0.3,0.2348,300.0,0,0.0
268.0,81.6,0.0,81.6,-0.0,0.3,0.236,300.0,0,0.0
268.25,81.7,0.0,81.7,-0.0,0.3,0.2371,300.0,0,0.0
268.5,76.2,0.0,76.2,-0.0,0.3,0.2383,300.0,0,0.0
268.75,81.5,0.0,81.5,-0.0,0.3,0.2393,300.0,0,0.0
269.0,81.7,0.0,81.7,-0.0,0.3,0.2404,300.0,0,0.0
269.25,81.8,0.0,81.8,-0.0,0.3,0.2414,300.0,0,0.0
269.5,81.8,0.0,81.8,-0.0,0.3,0.2423,300.0,0,0.0
269.75,81.8,0.0,81.8,-0.0,0.3,0.2433,300.0,0,0.0
270.0,78.7,0.0,78.7,-0.0,0.3,0.3329,300.0,0,0.0
270.25,79.3,0.0,79.3,-0.0,0.3,0.334,300.0,0,0.0
270.5,81.9,0.0,81.9,-0.0,0.3,0.335,300.0,0,0.0
270.75,82.0,0.0,82.0,-0.0,0.3,0.3359,300.0,0,0.0
271.0,82.0,0.0,82.0,-0.0,0.3,0.3367,297.1,0,0.0
271.25,82.0,2.8,79.2,-0.0,0.3,0.3374,291.2,0,8.3
271.5,81.3,14.1,67.2,0.0,0.3,0.3381,285.3,0,42.0
271.75,44.7,27.2,17.5,0.0,0.3,0.3386,279.6,0,81.2
272.0,82.1,40.3,41.8,0.0,0.3,0.339,273.9,0,120.5
272.25,82.1,55.4,26.7,0.0,0.3,0.3393,268.3,0,165.6
272.5,82.2,67.7,14.5,0.0,0.3,0.3396,262.9,0,202.2
272.75,82.2,83.4,-1.2,0.0,0.3,0.3397,257.6,0,249.0
273.0,82.3,102.1,-19.9,0.0,0.3,0.3397,252.5,0,305.0
273.25,80.9,112.6,10.3,42.1,0.31,0.3396,247.6,0,336.4
273.5,78.0,130.8,-52.8,0.0,0.31,0.3393,242.9,0,390.6
273.75,82.4,141.8,-59.4,0.0,0.31,0.339,238.5,0,423.6
274.0,82.4,153.9,-71.5,0.0,0.31,0.3386,234.3,0,459.8
274.25,82.4,167.3,-84.9,0.0,0.31,0.3381,230.4,0,499.7
274.5,82.5,176.8,-94.3,0.0,0.31,0.3374,226.8,0,528.1
274.75,82.5,195.9,-71.2,42.1,0.32,0.3367,223.6,0,585.0
275.0,78.4,205.5,-85.0,42.1,0.33,0.3359,220.6,0,613.6
275.25,80.9,226.2,-103.2,42.1,0.34,0.335,218.0,0,675.5
275.5,82.6,211.3,-128.6,0.0,0.34,0.334,215.8,0,631.0
275.75,82.6,221.8,-97.1,42.1,0.35,0.3329,213.9,0,662.6
276.0,82.7,233.9,-24.9,126.3,0.38,0.3317,212.4,0,698.5
276.25,82.7,231.9,-107.0,42.1,0.39,0.3305,211.2,0,692.5
276.5,82.7,240.8,-158.1,0.0,0.39,0.3292,210.4,0,719.3
276.75,77.2,246.7,-169.5,0.0,0.39,0.3278,210.0,0,736.8
277.0,82.5,247.4,-164.9,0.0,0.39,0.3264,210.0,0,739.0
277.25,82.8,264.6,-181.7,0.0,0.39,0.3249,210.4,0,790.1
277.5,82.9,239.1,-156.2,0.0,0.39,0.3234,211.2,0,714.0
277.75,82.9,231.5,-148.6,0.0,0.39,0.3218,212.4,0,691.5
278.0,82.9,232.8,-149.9,0.0,0.39,0.3202,213.9,0,695.4
278.25,80.1,227.9,-105.7,42.1,0.4,0.3186,215.8,0,680.5
278.5,79.9,214.7,-134.8,0.0,0.4,0.317,218.0,0,641.4
278.75,83.0,217.3,-134.3,0.0,0.4,0.3153,220.6,0,648.9
279.0,83.0,211.8,-86.6,42.1,0.41,0.3137,223.6,0,632.4
279.25,83.0,196.3,13.0,126.3,0.44,0.312,226.8,0,586.4
279.5,83.0,205.7,-80.6,42.1,0.45,0.3104,230.4,0,614.5
279.75,50.2,182.7,-132.5,0.0,0.45,0.3088,234.3,0,545.8
280.0,44.7,157.5,-112.8,0.0,0.45,0.3072,238.5,0,470.4
280.25,44.7,153.2,-66.4,42.1,0.46,0.3056,242.9,0,457.5
280.5,44.7,135.2,-48.4,42.1,0.47,0.3041,247.6,0,403.8
280.75,44.7,125.6,-81.0,0.0,0.47,0.3027,252.5,0,375.2
281.0,44.7,116.7,-30.0,42.1,0.48,0.4217,367.6,0,348.7
281.25,44.7,95.1,-50.5,0.0,0.48,0.4198,372.9,0,284.2
281.5,44.7,80.0,-35.4,0.0,0.48,0.418,378.3,0,239.0
281.75,44.7,65.9,-21.3,0.0,0.48,0.4162,383.9,0,196.9
282.0,44.7,49.5,-4.8,0.0,0.48,0.4146,389.6,0,147.8
282.25,44.7,36.7,8.0,0.0,0.48,0.4131,395.3,0,109.7
282.5,44.7,23.0,0.0,-21.6,0.474,0.4117,401.2,0,68.8
282.75,44.7,10.7,0.0,-33.9,0.465,0.4104,407.1,0,32.1
283.0,44.7,0.9,5.8,-38.0,0.455,0.4093,410.0,0,2.6
283.25,44.7,0.0,6.7,-38.0,0.445,0.4082,410.0,0,0.0
283.5,44.7,0.0,6.7,-38.0,0.435,0.4074,410.0,0,0.0
283.75,44.7,0.0,6.7,-38.0,0.425,0.4066,410.0,0,0.0
284.0,44.7,0.0,6.7,-38.0,0.415,0.406,410.0,0,0.0
284.25,44.7,0.0,6.7,-38.0,0.405,0.4056,410.0,0,0.0
284.5,44.7,0.0,6.7,-38.0,0.395,0.4053,410.0,0,0.0
284.75,44.7,0.0,6.7,-38.0,0.385,0.4051,410.0,0,0.0
285.0,44.7,0.0,6.7,-38.0,0.375,0.2894,300.0,0,0.0
285.25,44.7,0.0,6.7,-38.0,0.365,0.2895,300.0,0,0.0
285.5,44.7,0.0,6.7,-38.0,0.355,0.2897,300.0,0,0.0
285.75,44.7,0.0,6.7,-38.0,0.345,0.29,300.0,0,0.0
286.0,44.7,0.0,44.7,0.0,0.345,0.213,300.0,0,0.0
286.25,44.7,0.0,44.7,0.0,0.345,0.2134,300.0,0,0.0
286.5,44.7,0.0,44.7,0.0,0.345,0.2138,300.0,0,0.0
286.75,44.7,0.0,6.7,-38.0,0.335,0.2144,300.0,0,0.0
287.0,44.7,0.0,6.7,-38.0,0.325,0.215,300.0,0,0.0
287.25,44.7,0.0,6.7,-38.0,0.315,0.2156,300.0,0,0.0
287.5,44.7,0.0,6.7,-38.0,0.305,0.2164,300.0,0,0.0
287.75,44.7,0.0,24.2,-20.4,0.3,0.2172,300.0,0,0.0
288.0,82.7,0.0,82.7,-0.0,0.3,0.2256,300.0,0,0.0
288.25,82.7,0.0,82.7,-0.0,0.3,0.2266,300.0,0,0.0
288.5,82.8,0.0,82.8,-0.0,0.3,0.2276,300.0,0,0.0
288.75,82.8,0.0,82.8,-0.0,0.3,0.2286,300.0,0,0.0
289.0,82.8,0.0,82.8,-0.0,0.3,0.2297,300.0,0,0.0
289.25,79.5,0.0,79.5,-0.0,0.3,0.2308,300.0,0,0.0
289.5,80.3,0.0,80.3,-0.0,0.3,0.232,300.0,0,0.0
289.75,82.9,0.0,82.9,-0.0,0.3,0.2331,300.0,0,0.0
290.0,83.0,0.0,83.0,-0.0,0.3,0.2344,300.0,0,0.0
290.25,83.0,0.0,83.0,-0.0,0.3,0.2356,300.0,0,0.0
290.5,83.0,0.0,83.0,-0.0,0.3,0.2368,300.0,0,0.0
290.75,83.1,0.0,83.1,-0.0,0.3,0.2381,300.0,0,0.0
291.0,78.2,0.0,78.2,-0.0,0.3,0.2393,300.0,0,0.0
291.25,82.2,0.0,82.2,-0.0,0.3,0.2406,300.0,0,0.0
291.5,83.2,0.0,83.2,-0.0,0.3,0.2418,300.0,0,0.0
291.75,83.2,0.0,83.2,-0.0,0.3,0.243,300.0,0,0.0
292.0,83.3,0.0,83.3,-0.0,0.3,0.2442,300.0,0,0.0
292.25,83.3,0.0,83.3,-0.0,0.3,0.2454,300.0,0,0.0
292.5,80.8,0.0,80.8,-0.0,0.3,0.2466,300.0,0,0.0
292.75,80.0,0.0,80.0,-0.0,0.3,0.2477,300.0,0,0.0
293.0,83.4,0.0,83.4,-0.0,0.3,0.2488,300.0,0,0.0
293.25,83.5,0.0,83.5,-0.0,0.3,0.2498,300.0,0,0.0
293.5,83.5,0.0,83.5,-0.0,0.3,0.2508,300.0,0,0.0
293.75,83.6,0.0,83.6,-0.0,0.3,0.2517,300.0,0,0.0
294.0,83.6,0.0,83.6,-0.0,0.3,0.3445,300.0,0,0.0
294.25,77.9,0.0,77.9,-0.0,0.3,0.3456,300.0,0,0.0
294.5,83.6,0.0,83.6,-0.0,0.3,0.3467,300.0,0,0.0
294.75,83.8,0.0,83.8,-0.0,0.3,0.3476,300.0,0,0.0
295.0,83.9,0.0,83.9,-0.0,0.3,0.3485,297.1,0,0.0
295.25,83.9,0.5,83.4,-0.0,0.3,0.3492,291.2,0,1.6
295.5,84.0,3.4,80.5,-0.0,0.3,0.3499,285.3,0,10.4
295.75,48.5,7.3,41.2,0.0,0.3,0.3504,279.6,0,22.1
296.0,84.0,15.8,68.2,0.0,0.3,0.3508,273.9,0,47.6
296.25,84.1,17.1,67.0,0.0,0.3,0.3512,268.3,0,51.4
296.5,84.2,23.4,60.7,0.0,0.3,0.3514,262.9,0,70.5
296.75,84.2,28.0,56.3,0.0,0.3,0.3515,257.6,0,84.2
297.0,84.3,23.4,60.8,0.0,0.3,0.3515,252.5,0,70.5
297.25,82.5,30.3,52.2,0.0,0.3,0.3514,247.6,0,91.1
297.5,80.1,44.3,35.8,0.0,0.3,0.3512,242.9,0,133.5
297.75,84.4,39.9,44.5,0.0,0.3,0.3508,238.5,0,120.1
298.0,84.5,45.9,38.6,0.0,0.3,0.3504,234.3,0,138.3
298.25,84.5,56.2,28.4,0.0,0.3,0.3499,230.4,0,169.2
298.5,84.6,38.7,45.9,0.0,0.3,0.3492,226.8,0,116.4
298.75,84.7,66.3,18.4,0.0,0.3,0.3485,223.6,0,199.6
299.0,80.8,67.1,13.8,0.0,0.3,0.3476,220.6,0,202.0
299.25,82.5,50.5,32.0,0.0,0.3,0.3467,218.0,0,151.9
299.5,84.8,76.9,7.9,0.0,0.3,0.3456,215.8,0,231.7
299.75,84.9,70.0,14.9,0.0,0.3,0.3445,213.9,0,210.7
300.0,84.9,86.4,-1.5,0.0,0.3,0.3433,212.4,0,260.2
300.25,85.0,72.3,12.7,0.0,0.3,0.342,211.2,0,217.8
300.5,85.0,76.6,8.4,0.0,0.3,0.3407,210.4,0,230.7
300.75,78.9,75.2,3.7,0.0,0.3,0.3392,210.0,0,226.4
301.0,85.1,68.0,17.1,0.0,0.3,0.3378,210.0,0,204.8
301.25,85.2,67.8,17.3,0.0,0.3,0.3362,210.4,0,204.3
301.5,85.2,84.7,0.6,0.0,0.3,0.3347,211.2,0,254.9
301.75,85.3,87.7,-2.4,0.0,0.3,0.333,212.4,0,264.0
302.0,85.3,56.1,29.2,0.0,0.3,0.3314,213.9,0,169.0
302.25,82.9,77.0,5.9,0.0,0.3,0.3297,215.8,0,231.7
302.5,81.6,56.4,25.2,0.0,0.3,0.328,218.0,0,169.8
302.75,85.5,67.0,18.5,0.0,0.3,0.3263,220.6,0,201.6
303.0,77.5,55.6,22.0,0.0,0.3,0.3246,223.6,0,167.4
303.25,85.5,58.6,27.0,0.0,0.3,0.3229,226.8,0,176.3
303.5,85.6,56.4,29.2,0.0,0.3,0.3212,230.4,0,169.7
303.75,60.7,59.3,43.5,42.1,0.31,0.3196,234.3,0,178.6
304.0,44.7,47.7,39.0,42.1,0.32,0.3179,238.5,0,143.7
304.25,44.7,43.3,1.3,0.0,0.32,0.3163,242.9,0,130.5
304.5,44.7,38.9,5.8,0.0,0.32,0.3147,247.6,0,117.0
304.75,44.7,31.8,12.9,0.0,0.32,0.3132,252.5,0,95.7
305.0,44.7,30.3,14.3,0.0,0.32,0.4364,367.6,0,91.3
305.25,44.7,23.9,20.8,0.0,0.32,0.4344,372.9,0,72.0
305.5,44.7,19.0,25.7,0.0,0.32,0.4326,378.3,0,57.2
305.75,44.7,22.1,22.6,0.0,0.32,0.4308,383.9,0,66.5
306.0,44.7,15.7,29.0,0.0,0.32,0.4291,389.6,0,47.3
306.25,44.7,10.6,34.1,0.0,0.32,0.4275,395.3,0,31.9
306.5,44.7,7.0,0.0,-37.7,0.31,0.426,401.2,0,21.0
306.75,44.7,2.4,4.3,-38.0,0.3,0.4247,407.1,0,7.1
307.0,44.7,0.0,44.7,0.0,0.3,0.4235,410.0,0,0.0
307.25,44.7,0.0,44.7,0.0,0.3,0.4225,410.0,0,0.0
307.5,44.7,0.0,44.7,0.0,0.3,0.4216,410.0,0,0.0
307.75,44.7,0.0,44.7,0.0,0.3,0.4208,410.0,0,0.0
308.0,44.7,0.0,44.7,0.0,0.3,0.4202,410.0,0,0.0
308.25,44.7,0.0,44.7,0.0,0.3,0.4197,410.0,0,0.0
308.5,44.7,0.0,44.7,0.0,0.3,0.4194,410.0,0,0.0
308.75,44.7,0.0,44.7,0.0,0.3,0.4192,410.0,0,0.0
309.0,44.7,0.0,44.7,0.0,0.3,0.2995,300.0,0,0.0
309.25,44.7,0.0,44.7,0.0,0.3,0.2996,300.0,0,0.0
309.5,44.7,0.0,44.7,0.0,0.3,0.2998,300.0,0,0.0
309.75,44.7,0.0,44.7,0.0,0.3,0.3001,300.0,0,0.0
310.0,44.7,0.0,44.7,0.0,0.3,0.2204,300.0,0,0.0
310.25,44.7,0.0,44.7,0.0,0.3,0.2208,300.0,0,0.0
310.5,44.7,0.0,44.7,0.0,0.3,0.2213,300.0,0,0.0
310.75,44.7,0.0,44.7,0.0,0.3,0.2219,300.0,0,0.0
311.0,44.7,0.0,44.7,0.0,0.3,0.2225,300.0,0,0.0
311.25,44.7,0.0,44.7,0.0,0.3,0.2232,300.0,0,0.0
311.5,44.7,0.0,44.7,0.0,0.3,0.2239,300.0,0,0.0
311.75,44.7,0.0,44.7,0.0,0.3,0.2248,300.0,0,0.0
312.0,67.0,0.0,67.0,0.0,0.3,0.199,300.0,0,0.0
312.25,67.0,0.0,67.0,0.0,0.3,0.1999,300.0,0,0.0
312.5,67.0,0.0,67.0,0.0,0.3,0.2007,300.0,0,0.0
312.75,67.0,0.0,67.0,0.0,0.3,0.2017,300.0,0,0.0
313.0,67.0,0.0,67.0,0.0,0.3,0.2026,300.0,0,0.0
313.25,66.0,0.0,66.0,0.0,0.3,0.2036,300.0,0,0.0
313.5,64.6,0.0,64.6,0.0,0.3,0.2046,300.0,0,0.0
313.75,67.0,0.0,67.0,0.0,0.3,0.2057,300.0,0,0.0
314.0,67.0,0.0,67.0,0.0,0.3,0.2067,300.0,0,0.0
314.25,67.0,0.0,67.0,0.0,0.3,0.2078,300.0,0,0.0
314.5,59.4,0.0,59.4,0.0,0.3,0.2089,300.0,0,0.0
314.75,67.0,0.0,67.0,0.0,0.3,0.21,300.0,0,0.0
315.0,67.0,0.0,67.0,0.0,0.3,0.2111,300.0,0,0.0
315.25,67.0,0.0,67.0,0.0,0.3,0.2122,300.0,0,0.0
315.5,65.0,0.0,65.0,0.0,0.3,0.2133,300.0,0,0.0
315.75,65.6,0.0,65.6,0.0,0.3,0.2144,300.0,0,0.0
316.0,67.0,0.0,67.0,0.0,0.3,0.2154,300.0,0,0.0
316.25,67.0,0.0,67.0,0.0,0.3,0.2165,300.0,0,0.0
316.5,67.0,0.0,67.0,0.0,0.3,0.2175,300.0,0,0.0
316.75,67.1,0.0,67.1,0.0,0.3,0.2185,300.0,0,0.0
317.0,67.1,0.0,67.1,0.0,0.3,0.2194,300.0,0,0.0
317.25,64.1,0.0,64.1,0.0,0.3,0.2204,300.0,0,0.0
317.5,66.6,0.0,66.6,0.0,0.3,0.2212,300.0,0,0.0
317.75,67.1,0.0,67.1,0.0,0.3,0.2221,300.0,0,0.0
318.0,67.1,0.0,67.1,0.0,0.3,0.3039,300.0,0,0.0
318.25,67.1,0.0,67.1,0.0,0.3,0.3049,300.0,0,0.0
318.5,67.1,0.0,67.1,0.0,0.3,0.3058,300.0,0,0.0
318.75,67.0,0.0,67.0,0.0,0.3,0.3066,300.0,0,0.0
319.0,63.9,0.0,63.9,0.0,0.3,0.3074,297.1,0,0.0
319.25,67.0,0.5,66.6,0.0,0.3,0.308,291.2,0,1.4
319.5,67.1,9.9,57.2,0.0,0.3,0.3086,285.3,0,30.1
319.75,57.6,22.6,34.9,0.0,0.3,0.3091,279.6,0,68.7
320.0,67.2,37.4,29.7,0.0,0.3,0.3095,273.9,0,113.6
320.25,67.2,49.5,17.7,0.0,0.3,0.3098,268.3,0,150.2
320.5,67.2,68.3,-1.1,0.0,0.3,0.31,262.9,0,207.3
320.75,67.2,79.8,-12.7,0.0,0.3,0.3101,257.6,0,242.4
321.0,67.2,95.7,-28.5,0.0,0.3,0.3101,252.5,0,290.6
321.25,66.1,110.9,-44.8,0.0,0.3,0.31,247.6,0,336.7
321.5,64.8,123.3,-58.4,0.0,0.3,0.3098,242.9,0,374.2
321.75,67.2,140.6,-73.3,0.0,0.3,0.3095,238.5,0,426.7
322.0,67.2,151.6,-84.4,0.0,0.3,0.3091,234.3,0,460.4
322.25,67.2,166.7,-99.5,0.0,0.3,0.3086,230.4,0,506.0
322.5,67.2,176.2,-24.7,84.2,0.32,0.308,226.8,0,534.9
322.75,67.2,195.6,-86.2,42.1,0.33,0.3074,223.6,0,593.8
323.0,65.7,191.2,-41.3,84.2,0.35,0.3066,220.6,0,580.5
323.25,65.3,200.8,-135.5,0.0,0.35,0.3058,218.0,0,609.8
323.5,67.3,221.5,-112.1,42.1,0.36,0.3049,215.8,0,672.5
323.75,67.3,225.8,-158.5,0.0,0.36,0.3039,213.9,0,685.5
324.0,67.3,239.3,-172.0,0.0,0.36,0.3028,212.4,0,726.4
324.25,67.3,238.2,-170.9,0.0,0.36,0.3017,211.2,0,723.2
324.5,67.3,249.6,-182.3,0.0,0.36,0.3005,210.4,0,757.8
324.75,65.3,250.1,-184.9,0.0,0.36,0.2992,210.0,0,759.5
325.0,65.9,244.8,-178.9,0.0,0.36,0.2979,210.0,0,743.2
325.25,67.3,235.4,-168.1,0.0,0.36,0.2966,210.4,0,714.6
325.5,67.3,240.1,-172.8,0.0,0.36,0.2952,211.2,0,729.0
325.75,67.3,244.2,-176.8,0.0,0.36,0.2938,212.4,0,741.3
326.0,67.3,238.5,-171.2,0.0,0.36,0.2923,213.9,0,724.2
326.25,67.3,242.1,-174.7,0.0,0.36,0.2909,215.8,0,735.0
326.5,65.2,218.1,-152.9,0.0,0.36,0.2894,218.0,0,662.0
326.75,66.0,214.5,-148.4,0.0,0.36,0.2879,220.6,0,651.1
327.0,67.4,209.4,-15.7,126.3,0.39,0.2864,223.6,0,635.7
327.25,67.4,202.5,-135.2,0.0,0.39,0.2849,226.8,0,614.9
327.5,67.4,180.9,-71.4,42.1,0.4,0.2834,230.4,0,549.2
327.75,52.6,179.5,-42.6,84.2,0.42,0.2819,234.3,0,544.9
328.0,44.7,160.8,-74.1,42.1,0.43,0.2804,238.5,0,488.3
328.25,44.7,150.1,-105.4,0.0,0.43,0.279,242.9,0,455.6
328.5,44.7,132.9,-88.3,0.0,0.43,0.2776,247.6,0,403.6
328.75,44.7,124.5,-37.7,42.1,0.44,0.2763,252.5,0,377.9
329.0,44.7,103.1,-58.4,0.0,0.44,0.385,367.6,0,312.9
329.25,44.7,92.3,-47.6,0.0,0.44,0.3832,372.9,0,280.2
329.5,44.7,81.4,-36.7,0.0,0.44,0.3816,378.3,0,247.2
329.75,44.7,62.8,-18.2,0.0,0.44,0.38,383.9,0,190.8
330.0,44.7,46.2,-1.5,0.0,0.44,0.3785,389.6,0,140.2
330.25,44.7,30.7,13.9,0.0,0.44,0.3771,395.3,0,93.3
330.5,44.7,18.0,0.0,-26.6,0.433,0.3758,401.2,0,54.7
330.75,44.7,7.7,0.0,-37.0,0.423,0.3746,407.1,0,23.4
331.0,44.7,0.0,6.7,-38.0,0.413,0.3736,410.0,0,0.0
331.25,44.7,0.0,6.7,-38.0,0.403,0.3727,410.0,0,0.0
331.5,44.7,0.0,6.7,-38.0,0.393,0.3719,410.0,0,0.0
331.75,44.7,0.0,6.7,-38.0,0.383,0.3712,410.0,0,0.0
332.0,44.7,0.0,6.7,-38.0,0.373,0.3706,410.0,0,0.0
332.25,44.7,0.0,6.7,-38.0,0.363,0.3702,410.0,0,0.0
332.5,44.7,0.0,6.7,-38.0,0.353,0.37,410.0,0,0.0
332.75,44.7,0.0,6.7,-38.0,0.343,0.3698,410.0,0,0.0
333.0,44.7,0.0,6.7,-38.0,0.333,0.2642,300.0,0,0.0
333.25,44.7,0.0,6.7,-38.0,0.323,0.2643,300.0,0,0.0
333.5,44.7,0.0,6.7,-38.0,0.313,0.2644,300.0,0,0.0
333.75,44.7,0.0,6.7,-38.0,0.303,0.2647,300.0,0,0.0
334.0,44.7,0.0,44.7,0.0,0.303,0.1944,300.0,0,0.0
334.25,44.7,0.0,44.7,0.0,0.303,0.1948,300.0,0,0.0
334.5,44.7,0.0,44.7,0.0,0.303,0.1952,300.0,0,0.0
334.75,44.7,0.0,44.7,0.0,0.303,0.1957,300.0,0,0.0
335.0,44.7,0.0,44.7,0.0,0.303,0.1962,300.0,0,0.0
335.25,44.7,0.0,44.7,0.0,0.303,0.1969,300.0,0,0.0
335.5,44.7,0.0,44.7,0.0,0.303,0.1975,300.0,0,0.0
335.75,44.7,0.0,44.7,0.0,0.303,0.1983,300.0,0,0.0
336.0,67.3,0.0,67.3,0.0,0.303,0.2145,300.0,0,0.0
336.25,67.3,0.0,67.3,0.0,0.303,0.2154,300.0,0,0.0
336.5,67.3,0.0,67.3,0.0,0.303,0.2163,300.0,0,0.0
336.75,67.3,0.0,67.3,0.0,0.303,0.2173,300.0,0,0.0
337.0,67.3,0.0,67.3,0.0,0.303,0.2183,300.0,0,0.0
337.25,66.5,0.0,66.5,0.0,0.303,0.2194,300.0,0,0.0
337.5,64.7,0.0,64.7,0.0,0.303,0.2205,300.0,0,0.0
337.75,67.3,0.0,67.3,0.0,0.303,0.2216,300.0,0,0.0
338.0,67.4,0.0,67.4,0.0,0.303,0.2228,300.0,0,0.0
338.25,67.4,0.0,67.4,0.0,0.303,0.2239,300.0,0,0.0
338.5,67.4,0.0,67.4,0.0,0.303,0.2251,300.0,0,0.0
338.75,67.4,0.0,67.4,0.0,0.303,0.2263,300.0,0,0.0
339.0,65.5,0.0,65.5,0.0,0.303,0.2275,300.0,0,0.0
339.25,65.8,0.0,65.8,0.0,0.303,0.2287,300.0,0,0.0
339.5,67.4,0.0,67.4,0.0,0.303,0.2298,300.0,0,0.0
339.75,67.4,0.0,67.4,0.0,0.303,0.231,300.0,0,0.0
340.0,67.4,0.0,67.4,0.0,0.303,0.2322,300.0,0,0.0
340.25,67.4,0.0,67.4,0.0,0.303,0.2333,300.0,0,0.0
340.5,67.4,0.0,67.4,0.0,0.303,0.2344,300.0,0,0.0
340.75,64.5,0.0,64.5,0.0,0.303,0.2354,300.0,0,0.0
341.0,66.9,0.0,66.9,0.0,0.303,0.2365,300.0,0,0.0
341.25,67.5,0.0,67.5,0.0,0.303,0.2375,300.0,0,0.0
341.5,67.5,0.0,67.5,0.0,0.303,0.2384,300.0,0,0.0
341.75,67.5,0.0,67.5,0.0,0.303,0.2393,300.0,0,0.0
342.0,67.5,0.0,67.5,0.0,0.303,0.3275,300.0,0,0.0
342.25,67.5,0.0,67.5,0.0,0.303,0.3285,300.0,0,0.0
342.5,64.5,0.0,64.5,0.0,0.303,0.3295,300.0,0,0.0
342.75,67.0,0.0,67.0,0.0,0.303,0.3304,300.0,0,0.0
343.0,67.5,0.0,67.5,0.0,0.303,0.3312,297.1,0,0.0
343.25,67.5,0.0,67.5,0.0,0.303,0.3319,291.2,0,0.0
343.5,67.5,4.8,62.8,0.0,0.303,0.3326,285.3,0,14.6
343.75,51.5,14.1,37.4,0.0,0.303,0.3331,279.6,0,43.3
344.0,67.5,23.3,44.2,0.0,0.303,0.3335,273.9,0,71.5
344.25,67.6,35.4,32.2,0.0,0.303,0.3338,268.3,0,108.2
344.5,67.6,44.3,23.3,0.0,0.303,0.334,262.9,0,135.7
344.75,67.6,48.0,19.6,0.0,0.303,0.3341,257.6,0,146.9
345.0,67.6,54.6,13.0,0.0,0.303,0.3341,252.5,0,167.0
345.25,67.6,83.8,-16.2,0.0,0.303,0.334,247.6,0,256.5
345.5,64.5,79.5,-15.0,0.0,0.303,0.3338,242.9,0,243.5
345.75,67.2,105.7,-38.5,0.0,0.303,0.3335,238.5,0,323.6
346.0,67.6,97.4,-29.7,0.0,0.303,0.3331,234.3,0,298.1
346.25,67.6,110.1,-42.5,0.0,0.303,0.3326,230.4,0,337.2
346.5,67.7,118.3,-50.7,0.0,0.303,0.3319,226.8,0,362.3
346.75,67.7,102.6,-34.9,0.0,0.303,0.3312,223.6,0,314.1
347.0,67.7,139.7,-72.1,0.0,0.303,0.3304,220.6,0,427.8
347.25,64.6,155.3,-90.8,0.0,0.303,0.3295,218.0,0,475.5
347.5,67.3,146.1,-78.8,0.0,0.303,0.3285,215.8,0,447.2
347.75,67.7,158.0,-90.2,0.0,0.303,0.3275,213.9,0,483.5
348.0,67.7,174.3,-22.4,84.2,0.323,0.3263,212.4,0,533.6
348.25,67.7,142.7,9.3,84.2,0.343,0.3251,211.2,0,436.7
348.5,67.7,151.0,-41.2,42.1,0.353,0.3238,210.4,0,462.3
348.75,67.7,139.1,-29.2,42.1,0.363,0.3225,210.0,0,425.7
349.0,65.3,158.4,-93.1,0.0,0.363,0.3211,210.0,0,485.0
349.25,66.7,194.0,-85.2,42.1,0.373,0.3196,210.4,0,593.9
349.5,67.8,181.7,-113.9,0.0,0.373,0.3181,211.2,0,556.2
349.75,67.8,157.7,-5.7,84.2,0.393,0.3166,212.4,0,482.9
350.0,67.8,145.6,48.5,126.3,0.423,0.315,213.9,0,445.8
350.25,67.8,134.9,-67.1,0.0,0.423,0.3134,215.8,0,413.0
350.5,67.8,156.4,-88.6,0.0,0.423,0.3118,218.0,0,478.8
350.75,65.4,182.0,-74.5,42.1,0.433,0.3102,220.6,0,557.1
351.0,66.7,89.3,-22.6,0.0,0.433,0.3086,223.6,0,273.4
351.25,67.8,137.2,14.8,84.2,0.453,0.307,226.8,0,420.1
351.5,67.8,118.4,-50.5,0.0,0.453,0.3054,230.4,0,362.4
351.75,56.0,105.4,-7.3,42.1,0.463,0.3038,234.3,0,322.8
352.0,44.7,131.9,-87.3,0.0,0.463,0.3022,238.5,0,403.9
352.25,44.7,84.5,-39.9,0.0,0.463,0.3007,242.9,0,258.7
352.5,44.7,85.7,-41.1,0.0,0.463,0.2992,247.6,0,262.5
352.75,44.7,66.8,-22.1,0.0,0.463,0.2977,252.5,0,204.5
353.0,44.7,74.6,-29.9,0.0,0.463,0.4149,367.6,1,228.4
353.25,44.7,65.6,-20.9,0.0,0.463,0.413,372.9,1,200.7
353.5,44.7,55.4,-10.7,-0.0,0.463,0.4112,378.3,1,169.6
353.75,44.7,30.1,0.0,-14.5,0.46,0.4095,383.9,1,92.2
354.0,44.7,29.4,15.0,-0.3,0.459,0.4079,389.6,1,89.9
354.25,44.7,20.4,15.0,-9.2,0.457,0.4064,395.3,1,62.5
354.5,44.7,11.5,0.0,-33.1,0.448,0.405,401.2,1,35.3
354.75,44.7,4.0,2.7,-38.0,0.438,0.4037,407.1,1,12.3
355.0,44.7,0.0,6.7,-38.0,0.428,0.4026,410.0,0,0.0
355.25,44.7,0.0,6.7,-38.0,0.418,0.4016,410.0,0,0.0
355.5,44.7,0.0,6.7,-38.0,0.408,0.4007,410.0,0,0.0
355.75,44.7,0.0,6.7,-38.0,0.398,0.4,410.0,0,0.0
356.0,44.7,0.0,6.7,-38.0,0.388,0.3994,410.0,0,0.0
356.25,44.7,0.0,6.7,-38.0,0.378,0.399,410.0,0,0.0
356.5,44.7,0.0,6.7,-38.0,0.368,0.3987,410.0,0,0.0
356.75,44.7,0.0,6.7,-38.0,0.358,0.3985,410.0,0,0.0
357.0,44.7,0.0,6.7,-38.0,0.348,0.2847,300.0,0,0.0
357.25,44.7,0.0,6.7,-38.0,0.338,0.2848,300.0,0,0.0
357.5,44.7,0.0,6.7,-38.0,0.328,0.285,300.0,0,0.0
357.75,44.7,0.0,6.7,-38.0,0.318,0.2853,300.0,0,0.0
358.0,44.7,0.0,44.7,0.0,0.318,0.2095,300.0,0,0.0
358.25,44.7,0.0,44.7,0.0,0.318,0.2099,300.0,0,0.0
358.5,44.7,0.0,44.7,0.0,0.318,0.2104,300.0,0,0.0
358.75,44.7,0.0,44.7,0.0,0.318,0.2109,300.0,0,0.0
359.0,44.7,0.0,44.7,0.0,0.318,0.2115,300.0,0,0.0
359.25,44.7,0.0,44.7,0.0,0.318,0.2121,300.0,0,0.0
359.5,44.7,0.0,6.7,-38.0,0.308,0.2129,300.0,0,0.0
359.75,44.7,0.0,13.2,-31.5,0.3,0.2136,300.0,0,0.0
360.0,67.8,0.0,67.8,0.0,0.3,0.1912,300.0,0,0.0
360.25,67.8,0.0,67.8,0.0,0.3,0.192,300.0,0,0.0
360.5,67.8,0.0,67.8,0.0,0.3,0.1929,300.0,0,0.0
360.75,67.8,0.0,67.8,0.0,0.3,0.1938,300.0,0,0.0
361.0,66.7,0.0,66.7,0.0,0.3,0.1947,300.0,0,0.0
361.25,65.3,0.0,65.3,0.0,0.3,0.1956,300.0,0,0.0
361.5,67.8,0.0,67.8,0.0,0.3,0.1966,300.0,0,0.0
361.75,67.8,0.0,67.8,0.0,0.3,0.1976,300.0,0,0.0
362.0,67.8,0.0,67.8,0.0,0.3,0.1986,300.0,0,0.0
362.25,67.8,0.0,67.8,0.0,0.3,0.1997,300.0,0,0.0
362.5,65.2,0.0,65.2,0.0,0.3,0.2007,300.0,0,0.0
362.75,66.9,0.0,66.9,0.0,0.3,0.2018,300.0,0,0.0
363.0,67.9,0.0,67.9,0.0,0.3,0.2028,300.0,0,0.0
363.25,67.9,0.0,67.9,0.0,0.3,0.2039,300.0,0,0.0
363.5,67.9,0.0,67.9,0.0,0.3,0.2049,300.0,0,0.0
363.75,67.9,0.0,67.9,0.0,0.3,0.206,300.0,0,0.0
364.0,64.5,0.0,64.5,0.0,0.3,0.207,300.0,0,0.0
364.25,67.7,0.0,67.7,0.0,0.3,0.208,300.0,0,0.0
364.5,67.9,0.0,67.9,0.0,0.3,0.209,300.0,0,0.0
364.75,67.9,0.0,67.9,0.0,0.3,0.2099,300.0,0,0.0
365.0,67.9,0.0,67.9,0.0,0.3,0.2109,300.0,0,0.0
365.25,67.5,0.0,67.5,0.0,0.3,0.2117,300.0,0,0.0
365.5,64.8,0.0,64.8,0.0,0.3,0.2126,300.0,0,0.0
365.75,68.0,0.0,68.0,0.0,0.3,0.2134,300.0,0,0.0
366.0,68.0,0.0,68.0,0.0,0.3,0.292,300.0,0,0.0
366.25,68.0,0.0,68.0,0.0,0.3,0.2929,300.0,0,0.0
366.5,68.0,0.0,68.0,0.0,0.3,0.2938,300.0,0,0.0
366.75,66.8,0.0,66.8,0.0,0.3,0.2946,300.0,0,0.0
367.0,65.6,0.0,65.6,0.0,0.3,0.2953,297.1,0,0.0
367.25,68.0,0.0,68.0,0.0,0.3,0.296,291.2,0,0.0
367.5,68.0,1.7,66.3,0.0,0.3,0.2965,285.3,0,5.2
367.75,54.4,3.9,50.4,0.0,0.3,0.297,279.6,0,11.7
368.0,68.1,6.3,61.8,0.0,0.3,0.2974,273.9,0,18.8
368.25,68.1,7.3,60.8,0.0,0.3,0.2976,268.3,0,21.6
368.5,68.1,10.8,57.3,0.0,0.3,0.2978,262.9,0,32.0
368.75,68.1,17.4,50.7,0.0,0.3,0.2979,257.6,0,51.9
369.0,68.1,15.5,52.7,0.0,0.3,0.2979,252.5,0,46.0
369.25,64.5,23.7,40.8,0.0,0.3,0.2978,247.6,0,70.7
369.5,68.2,21.2,47.0,0.0,0.3,0.2976,242.9,0,63.0
369.75,68.2,21.5,46.7,0.0,0.3,0.2974,238.5,0,63.9
370.0,68.2,33.1,35.1,0.0,0.3,0.297,234.3,0,98.6
370.25,68.2,30.4,37.8,0.0,0.3,0.2965,230.4,0,90.5
370.5,66.8,36.8,30.0,0.0,0.3,0.296,226.8,0,109.5
370.75,66.0,41.3,24.7,0.0,0.3,0.2953,223.6,0,122.9
371.0,68.2,44.4,23.8,0.0,0.3,0.2946,220.6,0,132.2
371.25,68.2,40.7,27.6,0.0,0.3,0.2938,218.0,0,121.0
371.5,68.3,40.4,27.9,0.0,0.3,0.2929,215.8,0,120.2
371.75,68.3,35.4,32.9,0.0,0.3,0.292,213.9,0,105.3
372.0,65.8,41.4,24.4,0.0,0.3,0.291,212.4,0,123.4
372.25,67.1,49.3,17.8,0.0,0.3,0.2899,211.2,0,146.6
372.5,68.3,54.2,14.1,0.0,0.3,0.2887,210.4,0,161.4
372.75,68.3,53.3,15.0,0.0,0.3,0.2875,210.0,0,158.8
373.0,68.3,38.2,30.1,0.0,0.3,0.2863,210.0,0,113.7
373.25,68.3,35.2,33.2,0.0,0.3,0.285,210.4,0,104.7
373.5,65.7,51.5,14.2,0.0,0.3,0.2836,211.2,0,153.4
373.75,67.3,49.2,18.2,0.0,0.3,0.2823,212.4,0,146.3
374.0,68.4,39.9,28.5,0.0,0.3,0.2809,213.9,0,118.7
374.25,68.4,49.4,19.0,0.0,0.3,0.2795,215.8,0,147.0
374.5,68.4,49.8,18.6,0.0,0.3,0.278,218.0,0,148.3
374.75,68.4,34.5,33.9,0.0,0.3,0.2766,220.6,0,102.8
375.0,65.0,38.9,26.1,0.0,0.3,0.2751,223.6,0,115.9
375.25,68.2,40.9,27.2,0.0,0.3,0.2737,226.8,0,121.8
375.5,68.4,30.7,37.7,0.0,0.3,0.2723,230.4,0,91.5
375.75,57.1,33.0,24.1,0.0,0.3,0.2709,234.3,0,98.2
376.0,44.7,29.4,15.3,0.0,0.3,0.2695,238.5,0,87.4
376.25,44.7,25.3,19.4,0.0,0.3,0.2681,242.9,0,75.2
376.5,44.7,27.7,17.0,0.0,0.3,0.2668,247.6,0,82.4
376.75,44.7,21.5,23.2,0.0,0.3,0.2655,252.5,0,63.9
377.0,44.7,19.9,24.8,0.0,0.3,0.3699,367.6,0,59.2
377.25,44.7,15.5,29.1,0.0,0.3,0.3682,372.9,0,46.2
377.5,44.7,13.0,31.7,0.0,0.3,0.3666,378.3,0,38.7
377.75,44.7,11.8,32.8,0.0,0.3,0.3651,383.9,0,35.2
378.0,44.7,8.6,36.0,0.0,0.3,0.3637,389.6,0,25.7
378.25,44.7,6.3,38.4,0.0,0.3,0.3623,395.3,0,18.7
378.5,44.7,3.2,41.5,0.0,0.3,0.3611,401.2,0,9.4
378.75,44.7,0.6,44.0,0.0,0.3,0.36,407.1,0,1.9
379.0,44.7,0.0,44.7,0.0,0.3,0.359,410.0,0,0.0
379.25,44.7,0.0,44.7,0.0,0.3,0.3581,410.0,0,0.0
379.5,44.7,0.0,44.7,0.0,0.3,0.3573,410.0,0,0.0
379.75,44.7,0.0,44.7,0.0,0.3,0.3567,410.0,0,0.0
380.0,44.7,0.0,44.7,0.0,0.3,0.3561,410.0,0,0.0
380.25,44.7,0.0,44.7,0.0,0.3,0.3557,410.0,0,0.0
380.5,44.7,0.0,44.7,0.0,0.3,0.3555,410.0,0,0.0
380.75,44.7,0.0,44.7,0.0,0.3,0.3553,410.0,0,0.0
381.0,44.7,0.0,44.7,0.0,0.3,0.2538,300.0,0,0.0
381.25,44.7,0.0,44.7,0.0,0.3,0.2539,300.0,0,0.0
381.5,44.7,0.0,44.7,0.0,0.3,0.2541,300.0,0,0.0
381.75,44.7,0.0,44.7,0.0,0.3,0.2544,300.0,0,0.0
382.0,44.7,0.0,44.7,0.0,0.3,0.1868,300.0,0,0.0
382.25,44.7,0.0,44.7,0.0,0.3,0.1872,300.0,0,0.0
382.5,44.7,0.0,44.7,0.0,0.3,0.1876,300.0,0,0.0
382.75,44.7,0.0,44.7,0.0,0.3,0.188,300.0,0,0.0
383.0,44.7,0.0,44.7,0.0,0.3,0.1886,300.0,0,0.0
383.25,44.7,0.0,44.7,0.0,0.3,0.1891,300.0,0,0.0
383.5,44.7,0.0,44.7,0.0,0.3,0.1898,300.0,0,0.0
383.75,44.7,0.0,44.7,0.0,0.3,0.1905,300.0,0,0.0
384.0,68.3,0.0,68.3,0.0,0.3,0.1963,300.0,0,0.0
384.25,68.4,0.0,68.4,0.0,0.3,0.1971,300.0,0,0.0
384.5,68.4,0.0,68.4,0.0,0.3,0.198,300.0,0,0.0
384.75,68.4,0.0,68.4,0.0,0.3,0.1989,300.0,0,0.0
385.0,68.4,0.0,68.4,0.0,0.3,0.1998,300.0,0,0.0
385.25,64.7,0.0,64.7,0.0,0.3,0.2008,300.0,0,0.0
385.5,68.4,0.0,68.4,0.0,0.3,0.2018,300.0,0,0.0
385.75,68.4,0.0,68.4,0.0,0.3,0.2028,300.0,0,0.0
386.0,68.4,0.0,68.4,0.0,0.3,0.2039,300.0,0,0.0
386.25,68.4,0.0,68.4,0.0,0.3,0.2049,300.0,0,0.0
386.5,67.9,0.0,67.9,0.0,0.3,0.206,300.0,0,0.0
386.75,65.3,0.0,65.3,0.0,0.3,0.2071,300.0,0,0.0
387.0,68.5,0.0,68.5,0.0,0.3,0.2082,300.0,0,0.0
387.25,68.5,0.0,68.5,0.0,0.3,0.2093,300.0,0,0.0
387.5,68.5,0.0,68.5,0.0,0.3,0.2104,300.0,0,0.0
387.75,68.5,0.0,68.5,0.0,0.3,0.2114,300.0,0,0.0
388.0,67.4,0.0,67.4,0.0,0.3,0.2125,300.0,0,0.0
388.25,66.0,0.0,66.0,0.0,0.3,0.2135,300.0,0,0.0
388.5,68.5,0.0,68.5,0.0,0.3,0.2145,300.0,0,0.0
388.75,68.5,0.0,68.5,0.0,0.3,0.2155,300.0,0,0.0
389.0,68.6,0.0,68.6,0.0,0.3,0.2164,300.0,0,0.0
389.25,68.6,0.0,68.6,0.0,0.3,0.2173,300.0,0,0.0
389.5,67.0,0.0,67.0,0.0,0.3,0.2182,300.0,0,0.0
389.75,66.5,0.0,66.5,0.0,0.3,0.219,300.0,0,0.0
390.0,68.6,0.0,68.6,0.0,0.3,0.2997,300.0,0,0.0
390.25,68.6,0.0,68.6,0.0,0.3,0.3007,300.0,0,0.0
390.5,68.6,0.0,68.6,0.0,0.3,0.3016,300.0,0,0.0
390.75,68.6,0.0,68.6,0.0,0.3,0.3024,300.0,0,0.0
391.0,66.5,0.0,66.5,0.0,0.3,0.3031,297.1,0,0.0
391.25,67.1,0.0,67.1,0.0,0.3,0.3038,291.2,0,0.0
391.5,68.7,1.6,67.1,0.0,0.3,0.3044,285.3,0,4.8
391.75,58.0,5.7,52.3,0.0,0.3,0.3048,279.6,0,17.2
392.0,68.7,7.9,60.8,0.0,0.3,0.3052,273.9,0,23.8
392.25,68.7,12.8,55.9,0.0,0.3,0.3055,268.3,0,38.3
392.5,68.7,16.7,52.0,0.0,0.3,0.3057,262.9,0,50.1
392.75,68.7,26.2,42.5,0.0,0.3,0.3058,257.6,0,78.7
393.0,68.8,32.9,35.9,0.0,0.3,0.3058,252.5,0,98.7
393.25,65.1,34.5,30.6,0.0,0.3,0.3057,247.6,0,103.4
393.5,68.8,35.0,33.8,0.0,0.3,0.3055,242.9,0,104.9
393.75,68.8,39.3,29.5,0.0,0.3,0.3052,238.5,0,118.0
394.0,68.8,46.7,22.1,0.0,0.3,0.3048,234.3,0,140.3
394.25,68.8,54.9,13.9,0.0,0.3,0.3044,230.4,0,164.9
394.5,67.9,46.8,21.1,0.0,0.3,0.3038,226.8,0,140.5
394.75,66.1,65.9,0.2,0.0,0.3,0.3031,223.6,0,197.6
395.0,68.9,52.5,16.4,0.0,0.3,0.3024,220.6,0,157.5
395.25,68.9,51.9,16.9,0.0,0.3,0.3016,218.0,0,155.9
395.5,68.9,61.6,7.3,0.0,0.3,0.3007,215.8,0,184.8
395.75,68.9,47.4,21.5,0.0,0.3,0.2997,213.9,0,142.1
396.0,67.1,59.2,7.9,0.0,0.3,0.2986,212.4,0,177.6
396.25,67.1,63.5,3.5,0.0,0.3,0.2975,211.2,0,190.7
396.5,69.0,77.2,-8.3,0.0,0.3,0.2964,210.4,0,231.8
396.75,69.0,82.5,28.6,42.1,0.31,0.2951,210.0,0,247.5
397.0,69.0,52.9,16.1,0.0,0.31,0.2938,210.0,0,158.6
397.25,69.0,75.4,35.7,42.1,0.32,0.2925,210.4,0,226.2
397.5,67.0,71.5,-4.5,0.0,0.32,0.2911,211.2,0,214.6
397.75,67.3,69.4,-2.1,0.0,0.32,0.2897,212.4,0,208.2
398.0,63.4,58.6,4.8,0.0,0.32,0.2883,213.9,0,175.9
398.25,69.0,75.2,35.9,42.1,0.33,0.2868,215.8,0,225.7
398.5,69.1,65.4,3.6,0.0,0.33,0.2854,218.0,0,196.3
398.75,69.1,67.9,1.2,0.0,0.33,0.2839,220.6,0,203.6
399.0,69.1,63.0,6.1,0.0,0.33,0.2824,223.6,0,188.9
399.25,68.5,60.6,7.8,0.0,0.33,0.2809,226.8,0,181.9
399.5,66.0,53.4,12.6,0.0,0.33,0.2795,230.4,0,160.3
399.75,64.6,45.1,19.4,0.0,0.33,0.278,234.3,0,135.4
400.0,44.7,50.7,-6.1,0.0,0.33,0.2766,238.5,0,152.2
400.25,44.7,43.2,1.5,0.0,0.33,0.2752,242.9,0,129.5
400.5,44.7,35.4,9.3,0.0,0.33,0.2738,247.6,0,106.2
400.75,44.7,34.7,9.9,0.0,0.33,0.2725,252.5,0,104.2
401.0,44.7,35.9,8.7,0.0,0.33,0.3797,367.6,0,107.9
401.25,44.7,30.7,13.9,0.0,0.33,0.3779,372.9,0,92.3
401.5,44.7,23.9,20.7,0.0,0.33,0.3763,378.3,0,71.8
401.75,44.7,13.6,31.1,0.0,0.33,0.3747,383.9,0,40.8
402.0,44.7,14.1,30.6,0.0,0.33,0.3733,389.6,0,42.2
402.25,44.7,7.0,37.6,0.0,0.33,0.3719,395.3,0,21.1
402.5,44.7,3.5,3.2,-38.0,0.32,0.3706,401.2,0,10.5
402.75,44.7,0.8,5.9,-38.0,0.31,0.3695,407.1,0,2.3
403.0,44.7,0.0,6.7,-38.0,0.3,0.3685,410.0,0,0.0
403.25,44.7,0.0,44.7,0.0,0.3,0.3675,410.0,0,0.0
403.5,44.7,0.0,44.7,0.0,0.3,0.3667,410.0,0,0.0
403.75,44.7,0.0,44.7,0.0,0.3,0.3661,410.0,0,0.0
404.0,44.7,0.0,44.7,0.0,0.3,0.3655,410.0,0,0.0
404.25,44.7,0.0,44.7,0.0,0.3,0.3651,410.0,0,0.0
404.5,44.7,0.0,44.7,0.0,0.3,0.3649,410.0,0,0.0
404.75,44.7,0.0,44.7,0.0,0.3,0.3647,410.0,0,0.0
405.0,44.7,0.0,44.7,0.0,0.3,0.2605,300.0,0,0.0
405.25,44.7,0.0,44.7,0.0,0.3,0.2606,300.0,0,0.0
405.5,44.7,0.0,44.7,0.0,0.3,0.2608,300.0,0,0.0
405.75,44.7,0.0,44.7,0.0,0.3,0.2611,300.0,0,0.0
406.0,44.7,0.0,44.7,0.0,0.3,0.1918,300.0,0,0.0
406.25,44.7,0.0,44.7,0.0,0.3,0.1921,300.0,0,0.0
406.5,44.7,0.0,44.7,0.0,0.3,0.1925,300.0,0,0.0
406.75,44.7,0.0,44.7,0.0,0.3,0.193,300.0,0,0.0
407.0,44.7,0.0,44.7,0.0,0.3,0.1935,300.0,0,0.0
407.25,44.7,0.0,44.7,0.0,0.3,0.1941,300.0,0,0.0
407.5,44.7,0.0,44.7,0.0,0.3,0.1948,300.0,0,0.0
407.75,44.7,0.0,44.7,0.0,0.3,0.1955,300.0,0,0.0
408.0,69.0,0.0,69.0,0.0,0.3,0.2226,300.0,0,0.0
408.25,69.0,0.0,69.0,0.0,0.3,0.2235,300.0,0,0.0
408.5,69.0,0.0,69.0,0.0,0.3,0.2245,300.0,0,0.0
408.75,69.1,0.0,69.1,0.0,0.3,0.2255,300.0,0,0.0
409.0,69.0,0.0,69.0,0.0,0.3,0.2266,300.0,0,0.0
409.25,65.3,0.0,65.3,0.0,0.3,0.2277,300.0,0,0.0
409.5,69.1,0.0,69.1,0.0,0.3,0.2289,300.0,0,0.0
409.75,69.1,0.0,69.1,0.0,0.3,0.23,300.0,0,0.0
410.0,69.1,0.0,69.1,0.0,0.3,0.2312,300.0,0,0.0
410.25,69.1,0.0,69.1,0.0,0.3,0.2324,300.0,0,0.0
410.5,69.1,0.0,69.1,0.0,0.3,0.2336,300.0,0,0.0
410.75,65.4,0.0,65.4,0.0,0.3,0.2349,300.0,0,0.0
411.0,69.1,0.0,69.1,0.0,0.3,0.2361,300.0,0,0.0
411.25,69.1,0.0,69.1,0.0,0.3,0.2373,300.0,0,0.0
411.5,69.2,0.0,69.2,0.0,0.3,0.2386,300.0,0,0.0
411.75,69.2,0.0,69.2,0.0,0.3,0.2398,300.0,0,0.0
412.0,69.2,0.0,69.2,0.0,0.3,0.241,300.0,0,0.0
412.25,65.4,0.0,65.4,0.0,0.3,0.2421,300.0,0,0.0
412.5,69.2,0.0,69.2,0.0,0.3,0.2433,300.0,0,0.0
412.75,69.2,0.0,69.2,0.0,0.3,0.2444,300.0,0,0.0
413.0,69.2,0.0,69.2,0.0,0.3,0.2454,300.0,0,0.0
413.25,69.2,0.0,69.2,0.0,0.3,0.2465,300.0,0,0.0
413.5,68.2,0.0,68.2,0.0,0.3,0.2474,300.0,0,0.0
413.75,66.5,0.0,66.5,0.0,0.3,0.2484,300.0,0,0.0
414.0,69.3,0.0,69.3,0.0,0.3,0.3399,300.0,0,0.0
414.25,69.3,0.0,69.3,0.0,0.3,0.341,300.0,0,0.0
414.5,69.3,0.0,69.3,0.0,0.3,0.342,300.0,0,0.0
414.75,69.3,0.0,69.3,0.0,0.3,0.3429,300.0,0,0.0
415.0,67.5,0.0,67.5,0.0,0.3,0.3438,297.1,0,0.0
415.25,67.4,0.0,67.4,0.0,0.3,0.3445,291.2,0,0.0
415.5,69.4,2.6,66.8,0.0,0.3,0.3452,285.3,0,7.8
415.75,58.9,11.8,47.1,0.0,0.3,0.3457,279.6,0,35.7
416.0,69.4,18.7,50.7,0.0,0.3,0.3461,273.9,0,56.6
416.25,69.4,27.3,42.1,0.0,0.3,0.3465,268.3,0,82.7
416.5,69.5,42.5,27.0,0.0,0.3,0.3467,262.9,0,128.5
416.75,69.5,53.1,16.3,0.0,0.3,0.3468,257.6,0,160.8
417.0,69.5,59.9,9.5,0.0,0.3,0.3468,252.5,0,181.3
417.25,66.3,65.4,0.8,0.0,0.3,0.3467,247.6,0,197.9
417.5,68.9,70.8,-1.9,0.0,0.3,0.3465,242.9,0,214.2
417.75,69.5,79.0,-9.5,0.0,0.3,0.3461,238.5,0,239.0
418.0,69.5,110.8,-41.3,0.0,0.3,0.3457,234.3,0,335.3
418.25,69.6,108.0,-38.4,0.0,0.3,0.3452,230.4,0,326.7
418.5,69.6,113.5,-43.9,0.0,0.3,0.3445,226.8,0,343.4
418.75,66.3,106.8,-40.5,0.0,0.3,0.3438,223.6,0,323.1
419.0,69.0,145.5,-76.5,0.0,0.3,0.3429,220.6,0,440.2
419.25,69.6,133.6,-63.9,0.0,0.3,0.342,218.0,0,404.1
419.5,69.6,142.8,-31.0,42.1,0.31,0.341,215.8,0,431.9
419.75,69.7,140.1,-28.4,42.1,0.32,0.3399,213.9,0,423.9
420.0,69.7,159.1,-89.4,0.0,0.32,0.3387,212.4,0,481.3
420.25,66.5,142.6,-76.1,0.0,0.32,0.3374,211.2,0,431.3
420.5,69.1,187.9,-34.7,84.2,0.34,0.3361,210.4,0,568.6
420.75,69.7,144.8,9.1,84.2,0.36,0.3347,210.0,0,438.0
421.0,69.7,130.4,-18.6,42.1,0.37,0.3332,210.0,0,394.6
421.25,69.8,165.6,30.5,126.3,0.4,0.3317,210.4,0,500.9
421.5,69.8,143.9,10.1,84.2,0.42,0.3302,211.2,0,435.3
421.75,68.0,143.8,-33.7,42.1,0.43,0.3286,212.4,0,434.9
422.0,67.7,177.1,-25.2,84.2,0.45,0.327,213.9,0,535.8
422.25,69.8,123.5,-11.6,42.1,0.46,0.3253,215.8,0,373.7
422.5,69.8,144.8,-32.9,42.1,0.47,0.3236,218.0,0,438.0
422.75,69.8,165.6,-53.6,42.1,0.48,0.322,220.6,0,500.8
423.0,69.8,137.8,-68.0,0.0,0.48,0.3203,223.6,0,417.0
423.25,68.6,139.7,-71.1,0.0,0.48,0.3186,226.8,0,422.7
423.5,67.2,141.9,-32.6,42.1,0.49,0.3169,230.4,0,429.3
423.75,64.3,133.7,-69.5,0.0,0.49,0.3153,234.3,0,404.6
424.0,44.7,106.7,-19.9,42.1,0.5,0.3137,238.5,0,322.7
424.25,44.7,99.4,-12.6,42.1,0.51,0.3121,242.9,0,300.6
424.5,44.7,101.4,-14.7,42.1,0.52,0.3105,247.6,0,306.9
424.75,44.7,75.5,11.3,42.1,0.53,0.309,252.5,0,228.4
425.0,44.7,75.0,11.7,42.1,0.54,0.4306,367.6,0,227.0
425.25,44.7,58.9,-14.2,0.0,0.54,0.4286,372.9,0,178.0
425.5,44.7,41.4,3.3,0.0,0.54,0.4267,378.3,0,125.3
425.75,44.7,36.5,8.1,0.0,0.54,0.425,383.9,0,110.5
426.0,44.7,26.5,0.0,-18.1,0.535,0.4233,389.6,0,80.3
426.25,44.7,14.6,0.0,-30.1,0.527,0.4218,395.3,0,44.2
426.5,44.7,7.5,0.0,-37.1,0.518,0.4203,401.2,0,22.8
426.75,44.7,0.8,5.9,-38.0,0.508,0.419,407.1,0,2.3
427.0,44.7,0.0,0.0,-44.7,0.496,0.4178,410.0,0,0.0
427.25,44.7,0.0,0.0,-44.7,0.484,0.4168,410.0,0,0.0
427.5,44.7,0.0,6.7,-38.0,0.474,0.4159,410.0,0,0.0
427.75,44.7,0.0,6.7,-38.0,0.464,0.4151,410.0,0,0.0
428.0,44.7,0.0,6.7,-38.0,0.454,0.4145,410.0,0,0.0
428.25,44.7,0.0,6.7,-38.0,0.444,0.4141,410.0,0,0.0
428.5,44.7,0.0,6.7,-38.0,0.434,0.4138,410.0,0,0.0
428.75,44.7,0.0,6.7,-38.0,0.424,0.4136,410.0,0,0.0
429.0,44.7,0.0,6.7,-38.0,0.414,0.2954,300.0,0,0.0
429.25,44.7,0.0,6.7,-38.0,0.404,0.2956,300.0,0,0.0
429.5,44.7,0.0,6.7,-38.0,0.394,0.2958,300.0,0,0.0
429.75,44.7,0.0,6.7,-38.0,0.384,0.2961,300.0,0,0.0
430.0,44.7,0.0,6.7,-38.0,0.374,0.2175,300.0,0,0.0
430.25,44.7,0.0,6.7,-38.0,0.364,0.2179,300.0,0,0.0
430.5,44.7,0.0,6.7,-38.0,0.354,0.2183,300.0,0,0.0
430.75,44.7,0.0,6.7,-38.0,0.344,0.2189,300.0,0,0.0
431.0,44.7,0.0,6.7,-38.0,0.334,0.2195,300.0,0,0.0
431.25,44.7,0.0,6.7,-38.0,0.324,0.2202,300.0,0,0.0
431.5,44.7,0.0,6.7,-38.0,0.314,0.2209,300.0,0,0.0
431.75,44.7,0.0,6.7,-38.0,0.304,0.2217,300.0,0,0.0
432.0,69.8,0.0,69.8,0.0,0.304,0.1944,300.0,0,0.0
432.25,69.8,0.0,69.8,0.0,0.304,0.1952,300.0,0,0.0
432.5,69.8,0.0,69.8,0.0,0.304,0.1961,300.0,0,0.0
432.75,69.8,0.0,69.8,0.0,0.304,0.197,300.0,0,0.0
433.0,69.8,0.0,69.8,0.0,0.304,0.1979,300.0,0,0.0
433.25,65.9,0.0,65.9,0.0,0.304,0.1989,300.0,0,0.0
433.5,69.8,0.0,69.8,0.0,0.304,0.1999,300.0,0,0.0
433.75,69.8,0.0,69.8,0.0,0.304,0.2009,300.0,0,0.0
434.0,69.8,0.0,69.8,0.0,0.304,0.2019,300.0,0,0.0
434.25,69.9,0.0,69.9,0.0,0.304,0.203,300.0,0,0.0
434.5,69.5,0.0,69.5,0.0,0.304,0.2041,300.0,0,0.0
434.75,66.4,0.0,66.4,0.0,0.304,0.2051,300.0,0,0.0
435.0,69.9,0.0,69.9,0.0,0.304,0.2062,300.0,0,0.0
435.25,69.9,0.0,69.9,0.0,0.304,0.2073,300.0,0,0.0
435.5,69.9,0.0,69.9,0.0,0.304,0.2084,300.0,0,0.0
435.75,69.9,0.0,69.9,0.0,0.304,0.2094,300.0,0,0.0
436.0,69.7,0.0,69.7,0.0,0.304,0.2104,300.0,0,0.0
436.25,66.3,0.0,66.3,0.0,0.304,0.2115,300.0,0,0.0
436.5,70.0,0.0,70.0,0.0,0.304,0.2125,300.0,0,0.0
436.75,70.0,0.0,70.0,0.0,0.304,0.2134,300.0,0,0.0
437.0,70.0,0.0,70.0,-0.0,0.304,0.2144,300.0,0,0.0
437.25,70.0,0.0,70.0,-0.0,0.304,0.2153,300.0,0,0.0
437.5,70.0,0.0,70.0,-0.0,0.304,0.2161,300.0,0,0.0
437.75,66.4,0.0,66.4,0.0,0.304,0.2169,300.0,0,0.0
438.0,69.9,0.0,69.9,0.0,0.304,0.2968,300.0,0,0.0
438.25,70.1,0.0,70.0,-0.1,0.304,0.2978,300.0,0,0.0
438.5,70.1,0.0,70.0,-0.1,0.304,0.2987,300.0,0,0.0
438.75,70.1,0.0,70.0,-0.1,0.304,0.2995,300.0,0,0.0
439.0,70.1,0.0,70.0,-0.1,0.304,0.3002,297.1,0,0.0
439.25,66.3,0.0,66.3,0.0,0.304,0.3009,291.2,0,0.0
439.5,70.1,0.9,69.2,0.0,0.304,0.3015,285.3,0,2.6
439.75,62.1,4.3,57.8,0.0,0.304,0.3019,279.6,0,13.3
440.0,70.2,6.4,63.8,0.0,0.304,0.3023,273.9,0,19.6
440.25,70.2,13.8,56.4,0.0,0.304,0.3026,268.3,0,42.1
440.5,70.2,16.1,54.1,0.0,0.304,0.3028,262.9,0,49.1
440.75,70.3,25.4,44.9,0.0,0.304,0.3029,257.6,0,77.4
441.0,70.3,22.4,47.9,0.0,0.304,0.3029,252.5,0,68.3
441.25,66.9,34.3,32.7,0.0,0.304,0.3028,247.6,0,104.5
441.5,69.7,38.9,30.8,0.0,0.304,0.3026,242.9,0,118.8
441.75,70.3,39.9,30.4,0.0,0.304,0.3023,238.5,0,121.8
442.0,70.3,41.0,29.3,0.0,0.304,0.3019,234.3,0,125.2
442.25,70.4,51.2,19.2,0.0,0.304,0.3015,230.4,0,156.1
442.5,70.4,46.3,24.1,0.0,0.304,0.3009,226.8,0,141.1
442.75,67.8,48.9,18.9,0.0,0.304,0.3002,223.6,0,149.2
443.0,69.1,54.2,14.9,0.0,0.304,0.2995,220.6,0,165.4
443.25,65.8,70.8,-5.1,0.0,0.304,0.2987,218.0,0,216.1
443.5,70.5,66.9,3.5,0.0,0.304,0.2978,215.8,0,204.2
443.75,70.5,54.1,16.3,0.0,0.304,0.2968,213.9,0,165.1
444.0,70.5,63.2,7.3,0.0,0.304,0.2958,212.4,0,192.9
444.25,70.5,65.2,5.3,0.0,0.304,0.2947,211.2,0,199.0
444.5,70.2,61.5,8.8,0.0,0.304,0.2935,210.4,0,187.5
444.75,66.8,78.9,-12.1,0.0,0.304,0.2923,210.0,0,240.8
445.0,70.6,85.2,27.5,42.1,0.314,0.291,210.0,0,259.8
445.25,70.6,64.0,6.5,0.0,0.314,0.2897,210.4,0,195.4
445.5,70.6,72.4,-1.8,0.0,0.314,0.2884,211.2,0,220.8
445.75,70.6,66.0,4.6,0.0,0.314,0.287,212.4,0,201.2
446.0,70.6,70.3,0.3,0.0,0.314,0.2856,213.9,0,214.4
446.25,68.2,60.3,7.9,0.0,0.314,0.2841,215.8,0,183.8
446.5,69.1,64.6,4.5,0.0,0.314,0.2827,218.0,0,197.1
446.75,70.7,54.0,16.7,0.0,0.314,0.2812,220.6,0,164.6
447.0,70.7,71.6,41.2,42.1,0.324,0.2797,223.6,0,218.3
447.25,70.7,43.6,27.0,0.0,0.324,0.2783,226.8,0,133.1
447.5,70.7,55.9,14.8,0.0,0.324,0.2768,230.4,0,170.5
447.75,48.1,57.8,32.5,42.1,0.334,0.2754,234.3,0,176.2
448.0,44.7,48.9,-4.2,0.0,0.334,0.2739,238.5,0,149.1
448.25,44.7,43.0,1.7,0.0,0.334,0.2726,242.9,0,131.1
448.5,44.7,40.1,4.6,0.0,0.334,0.2712,247.6,0,122.3
448.75,44.7,32.3,12.3,0.0,0.334,0.2699,252.5,0,98.6
449.0,44.7,32.7,11.9,0.0,0.334,0.3761,367.6,0,99.9
449.25,44.7,22.7,21.9,0.0,0.334,0.3744,372.9,0,69.4
449.5,44.7,18.2,26.5,0.0,0.334,0.3727,378.3,0,55.5
449.75,44.7,15.1,29.6,0.0,0.334,0.3712,383.9,0,46.0
450.0,44.7,9.6,35.0,0.0,0.334,0.3697,389.6,0,29.4
450.25,44.7,7.3,0.0,-37.4,0.324,0.3684,395.3,0,22.2
450.5,44.7,2.8,3.9,-38.0,0.314,0.3671,401.2,0,8.4
450.75,44.7,0.0,6.6,-38.0,0.304,0.366,407.1,0,0.1
451.0,44.7,0.0,44.7,0.0,0.304,0.3649,410.0,0,0.0
451.25,44.7,0.0,44.7,0.0,0.304,0.364,410.0,0,0.0
451.5,44.7,0.0,44.7,0.0,0.304,0.3632,410.0,0,0.0
451.75,44.7,0.0,44.7,0.0,0.304,0.3626,410.0,0,0.0
452.0,44.7,0.0,44.7,0.0,0.304,0.3621,410.0,0,0.0
452.25,44.7,0.0,44.7,0.0,0.304,0.3617,410.0,0,0.0
452.5,44.7,0.0,44.7,0.0,0.304,0.3614,410.0,0,0.0
452.75,44.7,0.0,44.7,0.0,0.304,0.3613,410.0,0,0.0
453.0,44.7,0.0,44.7,0.0,0.304,0.258,300.0,0,0.0
453.25,44.7,0.0,44.7,0.0,0.304,0.2581,300.0,0,0.0
453.5,44.7,0.0,44.7,0.0,0.304,0.2583,300.0,0,0.0
453.75,44.7,0.0,44.7,0.0,0.304,0.2586,300.0,0,0.0
454.0,44.7,0.0,44.7,0.0,0.304,0.1899,300.0,0,0.0
454.25,44.7,0.0,44.7,0.0,0.304,0.1903,300.0,0,0.0
454.5,44.7,0.0,44.7,0.0,0.304,0.1907,300.0,0,0.0
454.75,44.7,0.0,44.7,0.0,0.304,0.1912,300.0,0,0.0
455.0,44.7,0.0,44.7,0.0,0.304,0.1917,300.0,0,0.0
455.25,44.7,0.0,44.7,0.0,0.304,0.1923,300.0,0,0.0
455.5,44.7,0.0,44.7,0.0,0.304,0.193,300.0,0,0.0
455.75,44.7,0.0,44.7,0.0,0.304,0.1937,300.0,0,0.0
456.0,70.6,0.0,70.0,-0.6,0.304,0.209,300.0,0,0.0
456.25,70.6,0.0,70.0,-0.6,0.304,0.2099,300.0,0,0.0
456.5,70.6,0.0,70.0,-0.6,0.304,0.2108,300.0,0,0.0
456.75,70.6,0.0,70.0,-0.6,0.303,0.2117,300.0,0,0.0
457.0,70.6,0.0,70.0,-0.6,0.303,0.2127,300.0,0,0.0
457.25,67.6,0.0,67.6,0.0,0.303,0.2138,300.0,0,0.0
457.5,69.7,0.0,69.7,0.0,0.303,0.2148,300.0,0,0.0
457.75,70.7,0.0,70.0,-0.7,0.303,0.2159,300.0,0,0.0
458.0,70.7,0.0,70.0,-0.7,0.303,0.2171,300.0,0,0.0
458.25,70.7,0.0,70.0,-0.7,0.303,0.2182,300.0,0,0.0
458.5,70.7,0.0,70.0,-0.7,0.303,0.2193,300.0,0,0.0
458.75,69.4,0.0,69.4,0.0,0.303,0.2205,300.0,0,0.0
459.0,68.0,0.0,68.0,0.0,0.303,0.2217,300.0,0,0.0
459.25,70.7,0.0,70.0,-0.7,0.302,0.2228,300.0,0,0.0
459.5,70.7,0.0,70.0,-0.7,0.302,0.224,300.0,0,0.0
459.75,70.7,0.0,70.0,-0.7,0.302,0.2251,300.0,0,0.0
460.0,64.9,0.0,64.9,0.0,0.302,0.2262,300.0,0,0.0
460.25,70.8,0.0,70.0,-0.8,0.302,0.2273,300.0,0,0.0
460.5,70.8,0.0,70.0,-0.8,0.302,0.2284,300.0,0,0.0
460.75,67.9,0.0,67.9,0.0,0.302,0.2294,300.0,0,0.0
461.0,69.7,0.0,69.7,0.0,0.302,0.2304,300.0,0,0.0
461.25,70.8,0.0,70.0,-0.8,0.301,0.2314,300.0,0,0.0
461.5,70.9,0.0,70.0,-0.9,0.301,0.2323,300.0,0,0.0
461.75,70.9,0.0,70.0,-0.9,0.301,0.2332,300.0,0,0.0
462.0,70.9,0.0,70.0,-0.9,0.301,0.3191,300.0,0,0.0
462.25,69.6,0.0,69.6,0.0,0.301,0.3201,300.0,0,0.0
462.5,68.2,0.0,68.2,0.0,0.301,0.3211,300.0,0,0.0
462.75,65.0,0.0,65.0,0.0,0.301,0.3219,300.0,0,0.0
463.0,68.9,0.0,68.9,0.0,0.301,0.3227,297.1,0,0.0
463.25,71.0,0.0,70.0,-1.0,0.3,0.3234,291.2,0,0.0
463.5,71.0,1.8,69.2,0.0,0.3,0.324,285.3,0,5.4
463.75,56.1,12.9,43.3,0.0,0.3,0.3245,279.6,0,39.6
464.0,71.0,26.3,44.7,0.0,0.3,0.3249,273.9,0,81.0
464.25,71.1,41.7,29.3,0.0,0.3,0.3253,268.3,0,128.4
464.5,71.1,53.9,17.2,0.0,0.3,0.3255,262.9,0,165.8
464.75,71.1,70.0,1.1,0.0,0.3,0.3256,257.6,0,215.2
465.0,71.1,88.1,-17.0,0.0,0.3,0.3256,252.5,0,270.9
465.25,68.6,101.2,-32.6,0.0,0.3,0.3255,247.6,0,311.4
465.5,69.6,118.3,-48.7,0.0,0.3,0.3253,242.9,0,363.8
465.75,71.2,128.7,-57.6,0.0,0.3,0.3249,238.5,0,396.0
466.0,71.2,146.0,-74.8,0.0,0.3,0.3245,234.3,0,449.1
466.25,71.2,153.9,-82.7,0.0,0.3,0.324,230.4,0,473.5
466.5,71.2,167.0,-95.8,0.0,0.3,0.3234,226.8,0,513.8
466.75,69.6,181.6,-112.1,0.0,0.3,0.3227,223.6,0,558.7
467.0,68.8,198.9,-130.1,0.0,0.3,0.3219,220.6,0,611.8
467.25,71.3,211.2,-139.9,0.0,0.3,0.3211,218.0,0,649.6
467.5,71.3,216.9,-103.5,42.1,0.31,0.3201,215.8,0,667.2
467.75,71.3,234.3,-162.9,0.0,0.31,0.3191,213.9,0,720.5
468.0,71.3,225.0,-153.7,0.0,0.31,0.3179,212.4,0,692.2
468.25,71.4,222.1,-150.7,0.0,0.31,0.3168,211.2,0,683.0
468.5,68.7,228.4,-159.7,0.0,0.31,0.3155,210.4,0,702.5
468.75,70.0,245.9,-133.8,42.1,0.32,0.3142,210.0,0,756.3
469.0,71.4,238.2,-124.7,42.1,0.33,0.3128,210.0,0,732.7
469.25,71.4,245.2,-173.8,0.0,0.33,0.3114,210.4,0,754.3
469.5,71.4,243.1,-171.6,0.0,0.33,0.31,211.2,0,747.7
469.75,71.5,236.4,-80.7,84.2,0.35,0.3085,212.4,0,727.1
470.0,71.5,239.5,-168.0,0.0,0.35,0.3069,213.9,0,736.5
470.25,67.9,232.1,-122.1,42.1,0.36,0.3054,215.8,0,714.0
470.5,71.0,220.7,-107.6,42.1,0.37,0.3038,218.0,0,678.8
470.75,71.5,215.1,-101.5,42.1,0.38,0.3023,220.6,0,661.7
471.0,71.5,205.2,-49.5,84.2,0.4,0.3007,223.6,0,631.2
471.25,71.6,198.4,-42.6,84.2,0.42,0.2991,226.8,0,610.1
471.5,71.6,192.7,-121.1,0.0,0.42,0.2975,230.4,0,592.6
471.75,47.3,171.0,-123.7,0.0,0.42,0.296,234.3,0,526.1
472.0,44.7,153.2,-108.5,0.0,0.42,0.2945,238.5,0,471.1
472.25,44.7,139.6,-52.8,42.1,0.43,0.293,242.9,0,429.3
472.5,44.7,122.2,6.7,84.2,0.45,0.2915,247.6,0,375.9
472.75,44.7,107.4,-62.8,0.0,0.45,0.2901,252.5,0,330.5
473.0,44.7,97.4,-52.7,0.0,0.45,0.4042,367.6,0,299.6
473.25,44.7,83.7,-39.0,0.0,0.45,0.4024,372.9,0,257.4
473.5,44.7,66.4,-21.7,0.0,0.45,0.4006,378.3,0,204.3
473.75,44.7,47.9,-3.2,0.0,0.45,0.399,383.9,0,147.2
474.0,44.7,35.9,8.8,0.0,0.45,0.3974,389.6,0,110.3
474.25,44.7,22.1,0.0,-22.6,0.444,0.3959,395.3,0,67.8
474.5,44.7,7.9,0.0,-36.7,0.435,0.3946,401.2,0,24.4
474.75,44.7,0.0,6.7,-38.0,0.425,0.3934,407.1,0,0.0
475.0,44.7,0.0,6.7,-38.0,0.415,0.3923,410.0,0,0.0
475.25,44.7,0.0,6.7,-38.0,0.405,0.3913,410.0,0,0.0
475.5,44.7,0.0,6.7,-38.0,0.395,0.3904,410.0,0,0.0
475.75,44.7,0.0,6.7,-38.0,0.385,0.3897,410.0,0,0.0
476.0,44.7,0.0,6.7,-38.0,0.375,0.3892,410.0,0,0.0
476.25,44.7,0.0,6.7,-38.0,0.365,0.3887,410.0,0,0.0
476.5,44.7,0.0,6.7,-38.0,0.355,0.3884,410.0,0,0.0
476.75,44.7,0.0,6.7,-38.0,0.345,0.3883,410.0,0,0.0
477.0,44.7,0.0,6.7,-38.0,0.335,0.2774,300.0,0,0.0
477.25,44.7,0.0,6.7,-38.0,0.325,0.2775,300.0,0,0.0
477.5,44.7,0.0,6.7,-38.0,0.315,0.2777,300.0,0,0.0
477.75,44.7,0.0,6.7,-38.0,0.305,0.278,300.0,0,0.0
478.0,44.7,0.0,44.7,0.0,0.305,0.2041,300.0,0,0.0
478.25,44.7,0.0,44.7,0.0,0.305,0.2045,300.0,0,0.0
478.5,44.7,0.0,44.7,0.0,0.305,0.205,300.0,0,0.0
478.75,44.7,0.0,44.7,0.0,0.305,0.2055,300.0,0,0.0
479.0,44.7,0.0,44.7,0.0,0.305,0.2061,300.0,0,0.0
479.25,44.7,0.0,44.7,0.0,0.305,0.2067,300.0,0,0.0
479.5,44.7,0.0,44.7,0.0,0.305,0.2074,300.0,0,0.0
479.75,44.7,0.0,44.7,0.0,0.305,0.2082,300.0,0,0.0
480.0,71.4,0.0,70.0,-1.4,0.304,0.2139,300.0,0,0.0
480.25,71.4,0.0,70.0,-1.4,0.304,0.2148,300.0,0,0.0
480.5,71.4,0.0,70.0,-1.4,0.304,0.2158,300.0,0,0.0
480.75,71.4,0.0,70.0,-1.4,0.303,0.2167,300.0,0,0.0
481.0,64.3,0.0,64.3,0.0,0.303,0.2178,300.0,0,0.0
481.25,71.5,0.0,70.0,-1.5,0.303,0.2188,300.0,0,0.0
481.5,71.5,0.0,70.0,-1.5,0.303,0.2199,300.0,0,0.0
481.75,68.9,0.0,68.9,0.0,0.303,0.221,300.0,0,0.0
482.0,70.0,0.0,70.0,0.0,0.303,0.2222,300.0,0,0.0
482.25,71.5,0.0,70.0,-1.5,0.302,0.2233,300.0,0,0.0
482.5,71.5,0.0,70.0,-1.5,0.302,0.2245,300.0,0,0.0
482.75,71.5,0.0,70.0,-1.5,0.301,0.2257,300.0,0,0.0
483.0,71.6,0.0,70.0,-1.6,0.301,0.2269,300.0,0,0.0
483.25,70.8,0.0,70.0,-0.8,0.301,0.2281,300.0,0,0.0
483.5,68.2,0.0,68.2,0.0,0.301,0.2292,300.0,0,0.0
483.75,71.6,0.0,70.0,-1.6,0.3,0.2304,300.0,0,0.0
484.0,71.6,0.0,70.6,-1.0,0.3,0.2316,300.0,0,0.0
484.25,71.6,0.0,71.6,-0.0,0.3,0.2327,300.0,0,0.0
484.5,71.7,0.0,71.7,-0.0,0.3,0.2338,300.0,0,0.0
484.75,71.7,0.0,71.7,-0.0,0.3,0.2348,300.0,0,0.0
485.0,69.7,0.0,69.7,0.0,0.3,0.2359,300.0,0,0.0
485.25,69.5,0.0,69.5,0.0,0.3,0.2368,300.0,0,0.0
485.5,71.7,0.0,71.7,-0.0,0.3,0.2378,300.0,0,0.0
485.75,71.7,0.0,71.7,-0.0,0.3,0.2387,300.0,0,0.0
486.0,71.8,0.0,71.8,-0.0,0.3,0.3266,300.0,0,0.0
486.25,71.8,0.0,71.8,-0.0,0.3,0.3277,300.0,0,0.0
486.5,71.8,0.0,71.8,-0.0,0.3,0.3287,300.0,0,0.0
486.75,67.9,0.0,67.9,0.0,0.3,0.3296,300.0,0,0.0
487.0,71.6,0.0,71.6,-0.0,0.3,0.3304,297.1,0,0.0
487.25,71.9,0.0,71.9,-0.0,0.3,0.3311,291.2,0,0.0
487.5,71.9,0.2,71.7,-0.0,0.3,0.3317,285.3,0,0.6
487.75,55.8,3.6,52.2,0.0,0.3,0.3322,279.6,0,11.1
488.0,71.9,7.3,64.6,0.0,0.3,0.3326,273.9,0,22.6
488.25,71.9,14.3,57.6,0.0,0.3,0.3329,268.3,0,44.3
488.5,72.0,10.7,61.3,0.0,0.3,0.3332,262.9,0,33.1
488.75,72.0,22.3,49.7,0.0,0.3,0.3333,257.6,0,69.1
489.0,72.0,21.9,50.1,0.0,0.3,0.3333,252.5,0,68.0
489.25,70.6,30.5,40.1,0.0,0.3,0.3332,247.6,0,94.5
489.5,69.3,35.1,34.2,0.0,0.3,0.3329,242.9,0,108.8
489.75,72.1,45.2,26.8,0.0,0.3,0.3326,238.5,0,140.3
490.0,72.1,37.6,34.5,0.0,0.3,0.3322,234.3,0,116.5
490.25,72.1,43.3,28.8,0.0,0.3,0.3317,230.4,0,134.3
490.5,72.1,47.0,25.1,0.0,0.3,0.3311,226.8,0,145.8
490.75,72.1,53.2,19.0,0.0,0.3,0.3304,223.6,0,164.9
491.0,69.7,53.0,16.7,0.0,0.3,0.3296,220.6,0,164.3
491.25,70.5,64.6,5.9,0.0,0.3,0.3287,218.0,0,200.3
491.5,72.2,59.5,12.7,0.0,0.3,0.3277,215.8,0,184.5
491.75,72.2,71.8,0.4,0.0,0.3,0.3266,213.9,0,222.8
492.0,72.3,72.0,0.2,0.0,0.3,0.3255,212.4,0,223.4
492.25,72.3,68.3,4.0,0.0,0.3,0.3242,211.2,0,211.9
492.5,72.3,64.9,7.4,0.0,0.3,0.323,210.4,0,201.2
492.75,70.0,66.8,3.2,0.0,0.3,0.3216,210.0,0,207.3
493.0,70.4,65.8,46.7,42.1,0.31,0.3202,210.0,0,204.2
493.25,72.4,84.2,-11.8,0.0,0.31,0.3188,210.4,0,261.1
493.5,72.4,66.8,5.6,0.0,0.31,0.3173,211.2,0,207.2
493.75,72.4,71.4,0.9,0.0,0.31,0.3158,212.4,0,221.6
494.0,72.4,73.0,-0.6,0.0,0.31,0.3142,213.9,0,226.4
494.25,72.4,57.0,15.4,0.0,0.31,0.3126,215.8,0,176.7
494.5,70.9,68.3,2.6,0.0,0.31,0.311,218.0,0,211.9
494.75,69.7,54.6,15.1,0.0,0.31,0.3094,220.6,0,169.4
495.0,72.5,44.9,27.6,0.0,0.31,0.3078,223.6,0,139.2
495.25,72.5,53.3,19.2,0.0,0.31,0.3062,226.8,0,165.2
495.5,72.5,47.8,24.7,0.0,0.31,0.3046,230.4,0,148.2
495.75,55.5,57.8,-2.4,0.0,0.31,0.303,234.3,0,179.3
496.0,44.7,47.9,-3.3,0.0,0.31,0.3014,238.5,0,148.6
496.25,44.7,36.4,8.2,0.0,0.31,0.2999,242.9,0,113.0
496.5,44.7,37.2,7.4,0.0,0.31,0.2984,247.6,0,115.5
496.75,44.7,31.6,13.0,0.0,0.31,0.297,252.5,0,98.1
497.0,44.7,26.7,18.0,0.0,0.31,0.4138,367.6,0,82.8
497.25,44.7,20.6,24.1,0.0,0.31,0.4119,372.9,0,63.8
497.5,44.7,18.0,26.6,0.0,0.31,0.4101,378.3,0,55.9
497.75,44.7,15.4,29.3,0.0,0.31,0.4084,383.9,0,47.8
498.0,44.7,10.0,34.7,0.0,0.31,0.4068,389.6,0,30.9
498.25,44.7,6.1,0.5,-38.0,0.3,0.4053,395.3,0,19.0
498.5,44.7,1.9,42.8,0.0,0.3,0.4039,401.2,0,5.8
498.75,44.7,0.0,44.7,0.0,0.3,0.4027,407.1,0,0.0
499.0,44.7,0.0,44.7,0.0,0.3,0.4015,410.0,0,0.0
499.25,44.7,0.0,44.7,0.0,0.3,0.4005,410.0,0,0.0
499.5,44.7,0.0,44.7,0.0,0.3,0.3997,410.0,0,0.0
499.75,44.7,0.0,44.7,0.0,0.3,0.3989,410.0,0,0.0
500.0,44.7,0.0,44.7,0.0,0.3,0.3984,410.0,0,0.0
500.25,44.7,0.0,44.7,0.0,0.3,0.3979,410.0,0,0.0
500.5,44.7,0.0,44.7,0.0,0.3,0.3976,410.0,0,0.0
500.75,44.7,0.0,44.7,0.0,0.3,0.3975,410.0,0,0.0
501.0,44.7,0.0,44.7,0.0,0.3,0.2839,300.0,0,0.0
501.25,44.7,0.0,44.7,0.0,0.3,0.284,300.0,0,0.0
501.5,44.7,0.0,44.7,0.0,0.3,0.2842,300.0,0,0.0
501.75,44.7,0.0,44.7,0.0,0.3,0.2845,300.0,0,0.0
502.0,44.7,0.0,44.7,0.0,0.3,0.209,300.0,0,0.0
502.25,44.7,0.0,44.7,0.0,0.3,0.2094,300.0,0,0.0
502.5,44.7,0.0,44.7,0.0,0.3,0.2098,300.0,0,0.0
502.75,44.7,0.0,44.7,0.0,0.3,0.2103,300.0,0,0.0
503.0,44.7,0.0,44.7,0.0,0.3,0.2109,300.0,0,0.0
503.25,44.7,0.0,44.7,0.0,0.3,0.2116,300.0,0,0.0
503.5,44.7,0.0,44.7,0.0,0.3,0.2123,300.0,0,0.0
503.75,44.7,0.0,44.7,0.0,0.3,0.2131,300.0,0,0.0
504.0,72.3,0.0,72.3,-0.0,0.3,0.2013,300.0,0,0.0
504.25,72.3,0.0,72.3,-0.0,0.3,0.2022,300.0,0,0.0
504.5,72.4,0.0,72.4,-0.0,0.3,0.203,300.0,0,0.0
504.75,72.4,0.0,72.4,-0.0,0.3,0.204,300.0,0,0.0
505.0,71.8,0.0,71.8,-0.0,0.3,0.2049,300.0,0,0.0
505.25,68.7,0.0,68.7,0.0,0.3,0.2059,300.0,0,0.0
505.5,72.4,0.0,72.4,-0.0,0.3,0.207,300.0,0,0.0
505.75,72.4,0.0,72.4,-0.0,0.3,0.208,300.0,0,0.0
506.0,72.4,0.0,72.4,-0.0,0.3,0.2091,300.0,0,0.0
506.25,72.4,0.0,72.4,-0.0,0.3,0.2102,300.0,0,0.0
506.5,68.6,0.0,68.6,0.0,0.3,0.2113,300.0,0,0.0
506.75,72.1,0.0,72.1,-0.0,0.3,0.2124,300.0,0,0.0
507.0,72.5,0.0,72.5,-0.0,0.3,0.2135,300.0,0,0.0
507.25,72.5,0.0,72.5,-0.0,0.3,0.2146,300.0,0,0.0
507.5,72.5,0.0,72.5,-0.0,0.3,0.2157,300.0,0,0.0
507.75,71.0,0.0,71.0,-0.0,0.3,0.2168,300.0,0,0.0
508.0,69.8,0.0,69.8,0.0,0.3,0.2179,300.0,0,0.0
508.25,72.6,0.0,72.6,-0.0,0.3,0.219,300.0,0,0.0
508.5,72.6,0.0,72.6,-0.0,0.3,0.22,300.0,0,0.0
508.75,72.6,0.0,72.6,-0.0,0.3,0.221,300.0,0,0.0
509.0,72.6,0.0,72.6,-0.0,0.3,0.222,300.0,0,0.0
509.25,69.3,0.0,69.3,0.0,0.3,0.2229,300.0,0,0.0
509.5,71.7,0.0,71.7,-0.0,0.3,0.2238,300.0,0,0.0
509.75,72.7,0.0,72.7,-0.0,0.3,0.2246,300.0,0,0.0
510.0,72.7,0.0,72.7,-0.0,0.3,0.3074,300.0,0,0.0
510.25,72.7,0.0,72.7,-0.0,0.3,0.3084,300.0,0,0.0
510.5,71.8,0.0,71.8,-0.0,0.3,0.3093,300.0,0,0.0
510.75,69.4,0.0,69.4,0.0,0.3,0.3101,300.0,0,0.0
511.0,72.8,0.0,72.8,-0.0,0.3,0.3109,297.1,0,0.0
511.25,72.8,0.0,72.8,-0.0,0.3,0.3116,291.2,0,0.0
511.5,72.8,0.0,72.8,-0.0,0.3,0.3122,285.3,0,0.0
511.75,51.7,9.1,42.6,0.0,0.3,0.3126,279.6,0,28.6
512.0,72.9,22.5,50.4,0.0,0.3,0.313,273.9,0,70.4
512.25,72.9,33.4,39.5,0.0,0.3,0.3133,268.3,0,104.4
512.5,72.9,49.6,23.3,0.0,0.3,0.3135,262.9,0,155.1
512.75,73.0,67.7,5.3,0.0,0.3,0.3136,257.6,0,211.7
513.0,71.2,84.2,-12.9,0.0,0.3,0.3136,252.5,0,263.3
513.25,68.5,96.6,-28.1,0.0,0.3,0.3135,247.6,0,302.1
513.5,71.4,110.6,-39.2,0.0,0.3,0.3133,242.9,0,345.9
513.75,73.0,121.1,-48.1,0.0,0.3,0.313,238.5,0,378.9
514.0,73.1,141.0,-67.9,0.0,0.3,0.3126,234.3,0,441.1
514.25,73.1,154.4,-81.3,0.0,0.3,0.3122,230.4,0,483.0
514.5,73.1,161.5,-88.4,0.0,0.3,0.3116,226.8,0,505.4
514.75,68.9,170.8,-101.9,0.0,0.3,0.3109,223.6,0,534.4
515.0,73.0,192.6,-119.6,0.0,0.3,0.3101,220.6,0,602.5
515.25,73.2,216.4,-143.2,0.0,0.3,0.3093,218.0,0,676.9
515.5,73.2,209.6,-136.4,0.0,0.3,0.3084,215.8,0,655.7
515.75,73.2,223.2,-150.0,0.0,0.3,0.3074,213.9,0,698.2
516.0,71.4,238.4,-167.0,0.0,0.3,0.3063,212.4,0,745.9
516.25,68.4,232.6,-164.2,0.0,0.3,0.3052,211.2,0,727.5
516.5,66.9,238.7,-171.9,0.0,0.3,0.3039,210.4,0,746.8
516.75,70.1,237.9,-167.8,0.0,0.3,0.3027,210.0,0,744.2
517.0,72.1,223.2,-151.1,0.0,0.3,0.3014,210.0,0,698.2
517.25,73.3,246.2,-88.6,84.2,0.32,0.3,210.4,0,770.0
517.5,73.4,234.0,-76.4,84.2,0.34,0.2986,211.2,0,731.9
517.75,73.4,237.0,-121.5,42.1,0.35,0.2972,212.4,0,741.4
518.0,73.4,233.3,-33.6,126.3,0.38,0.2957,213.9,0,729.9
518.25,69.2,224.9,-113.5,42.1,0.39,0.2942,215.8,0,703.4
518.5,68.5,210.4,-99.8,42.1,0.4,0.2927,218.0,0,658.3
518.75,65.7,205.8,-140.2,0.0,0.4,0.2912,220.6,0,643.9
519.0,71.3,196.0,-124.7,0.0,0.4,0.2897,223.6,0,613.2
519.25,71.2,174.6,-103.4,0.0,0.4,0.2881,226.8,0,546.2
519.5,73.5,171.3,-55.7,42.1,0.41,0.2866,230.4,0,535.9
519.75,60.7,160.3,-99.6,0.0,0.41,0.2851,234.3,0,501.5
520.0,44.7,138.9,-94.2,0.0,0.41,0.2837,238.5,0,434.5
520.25,44.7,136.5,-49.7,42.1,0.42,0.2822,242.9,0,427.0
520.5,44.7,127.2,-40.4,42.1,0.43,0.2808,247.6,0,397.8
520.75,44.7,99.1,-12.3,42.1,0.44,0.2795,252.5,0,310.0
521.0,44.7,91.3,-4.5,42.1,0.45,0.3894,367.6,0,285.6
521.25,44.7,72.1,-27.4,0.0,0.45,0.3876,372.9,0,225.5
521.5,44.7,60.3,-15.6,0.0,0.45,0.3859,378.3,0,188.6
521.75,44.7,45.1,-0.4,0.0,0.45,0.3843,383.9,0,141.1
522.0,44.7,29.5,15.0,-0.1,0.45,0.3828,389.6,1,92.4
522.25,44.7,17.0,0.0,-27.7,0.443,0.3814,395.3,1,53.1
522.5,44.7,4.6,2.0,-38.0,0.433,0.3801,401.2,1,14.5
522.75,44.7,0.0,6.7,-38.0,0.423,0.379,407.1,1,0.0
523.0,44.7,0.0,6.7,-38.0,0.413,0.3779,410.0,1,0.0
523.25,44.7,0.0,6.7,-38.0,0.403,0.377,410.0,1,0.0
523.5,44.7,0.0,6.7,-38.0,0.393,0.3761,410.0,1,0.0
523.75,44.7,0.0,6.7,-38.0,0.383,0.3755,410.0,1,0.0
524.0,44.7,0.0,6.7,-38.0,0.373,0.3749,410.0,0,0.0
524.25,44.7,0.0,6.7,-38.0,0.363,0.3745,410.0,0,0.0
524.5,44.7,0.0,6.7,-38.0,0.353,0.3742,410.0,0,0.0
524.75,44.7,0.0,6.7,-38.0,0.343,0.3741,410.0,0,0.0
525.0,44.7,0.0,6.7,-38.0,0.333,0.2672,300.0,0,0.0
525.25,44.7,0.0,6.7,-38.0,0.323,0.2673,300.0,0,0.0
525.5,44.7,0.0,6.7,-38.0,0.313,0.2675,300.0,0,0.0
525.75,44.7,0.0,6.7,-38.0,0.303,0.2678,300.0,0,0.0
526.0,44.7,0.0,44.7,0.0,0.303,0.1967,300.0,0,0.0
526.25,44.7,0.0,44.7,0.0,0.303,0.197,300.0,0,0.0
526.5,44.7,0.0,44.7,0.0,0.303,0.1975,300.0,0,0.0
526.75,44.7,0.0,44.7,0.0,0.303,0.1979,300.0,0,0.0
527.0,44.7,0.0,44.7,0.0,0.303,0.1985,300.0,0,0.0
527.25,44.7,0.0,44.7,0.0,0.303,0.1991,300.0,0,0.0
527.5,44.7,0.0,44.7,0.0,0.303,0.1998,300.0,0,0.0
527.75,44.7,0.0,44.7,0.0,0.303,0.2005,300.0,0,0.0
528.0,73.3,0.0,70.0,-3.3,0.302,0.2068,300.0,0,0.0
528.25,73.3,0.0,70.0,-3.3,0.301,0.2076,300.0,0,0.0
528.5,73.3,0.0,70.0,-3.3,0.3,0.2085,300.0,0,0.0
528.75,73.4,0.0,73.2,-0.2,0.3,0.2095,300.0,0,0.0
529.0,72.3,0.0,72.3,-0.0,0.3,0.2105,300.0,0,0.0
529.25,70.0,0.0,70.0,-0.0,0.3,0.2115,300.0,0,0.0
529.5,73.4,0.0,73.4,-0.0,0.3,0.2126,300.0,0,0.0
529.75,73.4,0.0,73.4,-0.0,0.3,0.2136,300.0,0,0.0
530.0,73.4,0.0,73.4,-0.0,0.3,0.2147,300.0,0,0.0
530.25,73.4,0.0,73.4,-0.0,0.3,0.2159,300.0,0,0.0
530.5,69.8,0.0,69.8,0.0,0.3,0.217,300.0,0,0.0
530.75,72.7,0.0,72.7,-0.0,0.3,0.2181,300.0,0,0.0
531.0,73.5,0.0,73.5,-0.0,0.3,0.2193,300.0,0,0.0
531.25,73.5,0.0,73.5,-0.0,0.3,0.2204,300.0,0,0.0
531.5,73.5,0.0,73.5,-0.0,0.3,0.2216,300.0,0,0.0
531.75,73.5,0.0,73.5,-0.0,0.3,0.2227,300.0,0,0.0
532.0,69.4,0.0,69.4,0.0,0.3,0.2238,300.0,0,0.0
532.25,73.3,0.0,73.3,-0.0,0.3,0.2249,300.0,0,0.0
532.5,73.6,0.0,73.6,-0.0,0.3,0.2259,300.0,0,0.0
532.75,73.6,0.0,73.6,-0.0,0.3,0.227,300.0,0,0.0
533.0,73.6,0.0,73.6,-0.0,0.3,0.228,300.0,0,0.0
533.25,71.7,0.0,71.7,-0.0,0.3,0.2289,300.0,0,0.0
533.5,71.1,0.0,71.1,-0.0,0.3,0.2298,300.0,0,0.0
533.75,66.0,0.0,66.0,0.0,0.3,0.2307,300.0,0,0.0
534.0,71.6,0.0,71.6,-0.0,0.3,0.3157,300.0,0,0.0
534.25,73.7,0.0,73.7,-0.0,0.3,0.3167,300.0,0,0.0
534.5,73.7,0.0,73.7,-0.0,0.3,0.3177,300.0,0,0.0
534.75,73.8,0.0,73.8,-0.0,0.3,0.3185,300.0,0,0.0
535.0,73.8,0.0,73.8,-0.0,0.3,0.3193,297.1,0,0.0
535.25,69.6,0.0,69.6,0.0,0.3,0.32,291.2,0,0.0
535.5,68.7,0.0,68.7,0.0,0.3,0.3206,285.3,0,0.0
535.75,68.9,4.7,64.2,0.0,0.3,0.3211,279.6,0,14.7
536.0,73.9,13.7,60.2,0.0,0.3,0.3215,273.9,0,43.3
536.25,73.9,23.6,50.3,0.0,0.3,0.3218,268.3,0,74.4
536.5,73.9,29.6,44.3,0.0,0.3,0.322,262.9,0,93.5
536.75,74.0,38.2,35.8,0.0,0.3,0.3221,257.6,0,120.5
537.0,73.5,48.7,24.8,0.0,0.3,0.3221,252.5,0,153.6
537.25,70.0,71.4,-1.4,0.0,0.3,0.322,247.6,0,225.3
537.5,74.0,88.0,-14.0,0.0,0.3,0.3218,242.9,0,277.6
537.75,74.1,89.9,-15.9,0.0,0.3,0.3215,238.5,0,283.8
538.0,74.1,98.6,-24.5,0.0,0.3,0.3211,234.3,0,311.0
538.25,68.6,88.3,-19.7,0.0,0.3,0.3206,230.4,0,278.6
538.5,74.1,104.8,-30.7,0.0,0.3,0.32,226.8,0,330.7
538.75,73.3,95.6,-22.3,0.0,0.3,0.3193,223.6,0,301.5
539.0,69.3,126.1,-56.8,0.0,0.3,0.3185,220.6,0,397.7
539.25,67.8,136.4,-68.6,0.0,0.3,0.3177,218.0,0,430.4
539.5,70.3,137.7,-25.3,42.1,0.31,0.3167,215.8,0,434.5
539.75,73.6,107.2,8.5,42.1,0.32,0.3157,213.9,0,338.2
540.0,74.3,167.7,-51.3,42.1,0.33,0.3146,212.4,0,528.9
540.25,74.3,130.5,-14.1,42.1,0.34,0.3134,211.2,0,411.6
540.5,74.3,165.9,-49.5,42.1,0.35,0.3122,210.4,0,523.4
540.75,74.3,153.9,4.7,84.2,0.37,0.3109,210.0,0,485.5
541.0,69.8,157.4,-3.4,84.2,0.39,0.3095,210.0,0,496.5
541.25,74.4,133.3,-58.9,0.0,0.39,0.3081,210.4,0,420.6
541.5,74.4,149.3,-32.8,42.1,0.4,0.3067,211.2,0,470.9
541.75,74.4,128.8,-54.3,0.0,0.4,0.3052,212.4,0,406.2
542.0,74.4,128.8,-12.3,42.1,0.41,0.3037,213.9,0,406.5
542.25,74.0,141.2,17.0,84.2,0.43,0.3021,215.8,0,445.5
542.5,69.1,124.3,29.0,84.2,0.45,0.3006,218.0,0,392.1
542.75,69.1,122.3,-11.1,42.1,0.46,0.299,220.6,0,385.8
543.0,69.4,124.6,-55.2,0.0,0.46,0.2975,223.6,0,393.2
543.25,71.1,120.2,-49.1,0.0,0.46,0.2959,226.8,0,379.1
543.5,74.5,124.9,33.8,84.2,0.48,0.2944,230.4,0,394.2
543.75,61.7,106.6,-44.9,0.0,0.48,0.2928,234.3,0,336.4
544.0,44.7,101.6,-56.9,0.0,0.48,0.2913,238.5,0,320.6
544.25,44.7,83.3,-38.6,0.0,0.48,0.2899,242.9,0,262.8
544.5,44.7,74.7,-30.0,0.0,0.48,0.2884,247.6,0,235.7
544.75,44.7,74.5,-29.9,0.0,0.48,0.287,252.5,0,235.1
545.0,44.7,58.4,-13.8,0.0,0.48,0.3999,367.6,0,184.4
545.25,44.7,48.9,-4.3,0.0,0.48,0.3981,372.9,0,154.4
545.5,44.7,35.7,0.0,-9.0,0.478,0.3964,378.3,0,112.5
545.75,44.7,27.4,0.0,-17.3,0.473,0.3947,383.9,0,86.5
546.0,44.7,18.9,0.0,-25.8,0.466,0.3932,389.6,0,59.6
546.25,44.7,7.8,0.0,-36.9,0.457,0.3917,395.3,0,24.7
546.5,44.7,2.1,4.5,-38.0,0.447,0.3904,401.2,0,6.7
546.75,44.7,0.0,6.7,-38.0,0.437,0.3892,407.1,0,0.0
547.0,44.7,0.0,6.7,-38.0,0.427,0.3881,410.0,0,0.0
547.25,44.7,0.0,6.7,-38.0,0.417,0.3871,410.0,0,0.0
547.5,44.7,0.0,6.7,-38.0,0.407,0.3863,410.0,0,0.0
547.75,44.7,0.0,6.7,-38.0,0.397,0.3856,410.0,0,0.0
548.0,44.7,0.0,6.7,-38.0,0.387,0.385,410.0,0,0.0
548.25,44.7,0.0,6.7,-38.0,0.377,0.3846,410.0,0,0.0
548.5,44.7,0.0,6.7,-38.0,0.367,0.3843,410.0,0,0.0
548.75,44.7,0.0,6.7,-38.0,0.357,0.3842,410.0,0,0.0
549.0,44.7,0.0,6.7,-38.0,0.347,0.2744,300.0,0,0.0
549.25,44.7,0.0,6.7,-38.0,0.337,0.2745,300.0,0,0.0
549.5,44.7,0.0,6.7,-38.0,0.327,0.2747,300.0,0,0.0
549.75,44.7,0.0,6.7,-38.0,0.317,0.275,300.0,0,0.0
550.0,44.7,0.0,44.7,0.0,0.317,0.202,300.0,0,0.0
550.25,44.7,0.0,44.7,0.0,0.317,0.2023,300.0,0,0.0
550.5,44.7,0.0,44.7,0.0,0.317,0.2028,300.0,0,0.0
550.75,44.7,0.0,44.7,0.0,0.317,0.2033,300.0,0,0.0
551.0,44.7,0.0,44.7,0.0,0.317,0.2039,300.0,0,0.0
551.25,44.7,0.0,44.7,0.0,0.317,0.2045,300.0,0,0.0
551.5,44.7,0.0,6.7,-38.0,0.307,0.2052,300.0,0,0.0
551.75,44.7,0.0,19.6,-25.1,0.3,0.206,300.0,0,0.0
552.0,74.3,0.0,74.3,-0.0,0.3,0.2128,300.0,0,0.0
552.25,74.4,0.0,74.4,-0.0,0.3,0.2137,300.0,0,0.0
552.5,74.4,0.0,74.4,-0.0,0.3,0.2146,300.0,0,0.0
552.75,74.4,0.0,74.4,-0.0,0.3,0.2156,300.0,0,0.0
553.0,73.0,0.0,73.0,-0.0,0.3,0.2166,300.0,0,0.0
553.25,66.7,0.0,66.7,0.0,0.3,0.2176,300.0,0,0.0
553.5,71.5,0.0,71.5,-0.0,0.3,0.2187,300.0,0,0.0
553.75,72.7,0.0,72.7,-0.0,0.3,0.2199,300.0,0,0.0
554.0,74.5,0.0,74.5,-0.0,0.3,0.221,300.0,0,0.0
554.25,74.5,0.0,74.5,-0.0,0.3,0.2221,300.0,0,0.0
554.5,69.1,0.0,69.1,0.0,0.3,0.2233,300.0,0,0.0
554.75,74.5,0.0,74.5,-0.0,0.3,0.2245,300.0,0,0.0
555.0,74.5,0.0,74.5,-0.0,0.3,0.2257,300.0,0,0.0
555.25,70.6,0.0,70.6,-0.0,0.3,0.2268,300.0,0,0.0
555.5,73.9,0.0,73.9,-0.0,0.3,0.228,300.0,0,0.0
555.75,74.6,0.0,74.6,-0.0,0.3,0.2292,300.0,0,0.0
556.0,74.6,0.0,74.6,-0.0,0.3,0.2303,300.0,0,0.0
556.25,74.6,0.0,74.6,-0.0,0.3,0.2314,300.0,0,0.0
556.5,73.8,0.0,73.8,-0.0,0.3,0.2325,300.0,0,0.0
556.75,70.9,0.0,70.9,-0.0,0.3,0.2336,300.0,0,0.0
557.0,74.7,0.0,74.7,-0.0,0.3,0.2346,300.0,0,0.0
557.25,74.7,0.0,74.7,-0.0,0.3,0.2356,300.0,0,0.0
557.5,74.7,0.0,74.7,-0.0,0.3,0.2365,300.0,0,0.0
557.75,74.7,0.0,74.7,-0.0,0.3,0.2374,300.0,0,0.0
558.0,72.8,0.0,72.8,-0.0,0.3,0.3248,300.0,0,0.0
558.25,72.1,0.0,72.1,-0.0,0.3,0.3259,300.0,0,0.0
558.5,74.8,0.0,74.8,-0.0,0.3,0.3269,300.0,0,0.0
558.75,74.8,0.0,74.8,-0.0,0.3,0.3278,300.0,0,0.0
559.0,74.8,0.0,74.8,-0.0,0.3,0.3286,297.1,0,0.0
559.25,74.9,0.0,74.9,-0.0,0.3,0.3293,291.2,0,0.0
559.5,71.4,0.0,71.4,-0.0,0.3,0.3299,285.3,0,0.0
559.75,69.8,6.7,63.1,0.0,0.3,0.3304,279.6,0,20.0
560.0,75.0,19.4,55.6,0.0,0.3,0.3308,273.9,0,57.4
560.25,75.0,33.4,41.6,0.0,0.3,0.3312,268.3,0,99.1
560.5,69.2,52.1,17.2,0.0,0.3,0.3314,262.9,0,154.4
560.75,75.0,70.9,4.2,0.0,0.3,0.3315,257.6,0,210.1
561.0,75.1,82.5,-7.4,0.0,0.3,0.3315,252.5,0,244.5
561.25,74.2,100.4,-26.2,0.0,0.3,0.3314,247.6,0,297.8
561.5,69.9,109.6,-39.7,0.0,0.3,0.3312,242.9,0,324.9
561.75,71.1,134.1,-20.9,42.1,0.31,0.3308,238.5,0,397.5
562.0,75.2,146.4,-29.1,42.1,0.32,0.3304,234.3,0,434.0
562.25,75.2,162.8,-87.6,0.0,0.32,0.3299,230.4,0,482.7
562.5,75.2,168.5,-9.1,84.2,0.34,0.3293,226.8,0,499.7
562.75,75.2,188.7,-113.5,0.0,0.34,0.3286,223.6,0,559.5
563.0,72.7,191.1,-118.5,0.0,0.34,0.3278,220.6,0,566.7
563.25,73.2,204.1,-88.8,42.1,0.35,0.3269,218.0,0,605.0
563.5,75.3,218.0,-100.6,42.1,0.36,0.3259,215.8,0,646.3
563.75,75.3,219.3,-143.9,0.0,0.36,0.3248,213.9,0,650.1
564.0,75.4,233.9,-158.6,0.0,0.36,0.3237,212.4,0,693.6
564.25,75.4,253.0,-177.6,0.0,0.36,0.3225,211.2,0,750.1
564.5,71.9,253.4,-181.5,0.0,0.36,0.3212,210.4,0,751.3
564.75,74.2,260.0,-185.9,0.0,0.36,0.3199,210.0,0,771.0
565.0,75.5,239.0,-163.5,0.0,0.36,0.3185,210.0,0,708.5
565.25,75.5,244.3,-168.8,0.0,0.36,0.3171,210.4,0,724.2
565.5,65.4,234.9,-169.5,0.0,0.36,0.3156,211.2,0,696.4
565.75,75.5,240.5,-165.0,0.0,0.36,0.3141,212.4,0,713.1
566.0,75.5,240.3,-164.7,0.0,0.36,0.3125,213.9,0,712.4
566.25,75.3,226.9,-151.6,0.0,0.36,0.3109,215.8,0,672.7
566.5,71.1,221.9,-108.7,42.1,0.37,0.3093,218.0,0,658.0
566.75,69.2,216.7,-147.5,0.0,0.37,0.3077,220.6,0,642.5
567.0,75.1,202.2,-84.9,42.1,0.38,0.3061,223.6,0,599.5
567.25,75.6,186.9,-111.3,0.0,0.38,0.3045,226.8,0,554.3
567.5,75.6,179.6,-19.7,84.2,0.4,0.3029,230.4,0,532.4
567.75,55.3,160.2,-104.9,0.0,0.4,0.3013,234.3,0,475.0
568.0,44.7,152.4,-23.6,84.2,0.42,0.2998,238.5,0,452.0
568.25,44.7,139.9,-11.0,84.2,0.44,0.2983,242.9,0,414.8
568.5,44.7,123.4,-36.7,42.1,0.45,0.2968,247.6,0,366.0
568.75,44.7,104.9,-60.2,0.0,0.45,0.2954,252.5,0,311.0
569.0,44.7,95.9,-51.2,0.0,0.45,0.4115,367.6,0,284.2
569.25,44.7,72.9,13.9,42.1,0.46,0.4097,372.9,0,216.1
569.5,44.7,58.2,-13.5,0.0,0.46,0.4079,378.3,0,172.4
569.75,44.7,41.0,3.7,0.0,0.46,0.4062,383.9,0,121.6
570.0,44.7,28.8,0.0,-15.9,0.456,0.4046,389.6,0,85.4
570.25,44.7,13.7,0.0,-30.9,0.448,0.4031,395.3,0,40.7
570.5,44.7,1.7,5.0,-38.0,0.438,0.4018,401.2,0,4.9
570.75,44.7,0.0,6.7,-38.0,0.428,0.4005,407.1,0,0.0
571.0,44.7,0.0,6.7,-38.0,0.418,0.3994,410.0,0,0.0
571.25,44.7,0.0,6.7,-38.0,0.408,0.3984,410.0,0,0.0
571.5,44.7,0.0,6.7,-38.0,0.398,0.3975,410.0,0,0.0
571.75,44.7,0.0,6.7,-38.0,0.388,0.3968,410.0,0,0.0
572.0,44.7,0.0,6.7,-38.0,0.378,0.3962,410.0,0,0.0
572.25,44.7,0.0,6.7,-38.0,0.368,0.3958,410.0,0,0.0
572.5,44.7,0.0,6.7,-38.0,0.358,0.3955,410.0,0,0.0
572.75,44.7,0.0,6.7,-38.0,0.348,0.3953,410.0,0,0.0
573.0,44.7,0.0,6.7,-38.0,0.338,0.2824,300.0,0,0.0
573.25,44.7,0.0,6.7,-38.0,0.328,0.2825,300.0,0,0.0
573.5,44.7,0.0,6.7,-38.0,0.318,0.2827,300.0,0,0.0
573.75,44.7,0.0,6.7,-38.0,0.308,0.283,300.0,0,0.0
574.0,44.7,0.0,44.7,0.0,0.308,0.2078,300.0,0,0.0
574.25,44.7,0.0,44.7,0.0,0.308,0.2082,300.0,0,0.0
574.5,44.7,0.0,44.7,0.0,0.308,0.2087,300.0,0,0.0
574.75,44.7,0.0,44.7,0.0,0.308,0.2092,300.0,0,0.0
575.0,44.7,0.0,44.7,0.0,0.308,0.2098,300.0,0,0.0
575.25,44.7,0.0,44.7,0.0,0.308,0.2104,300.0,0,0.0
575.5,44.7,0.0,44.7,0.0,0.308,0.2112,300.0,0,0.0
575.75,44.7,0.0,15.5,-29.2,0.3,0.2119,300.0,0,0.0
576.0,75.4,0.0,75.4,-0.0,0.3,0.196,300.0,0,0.0
576.25,65.2,0.0,65.2,0.0,0.3,0.1968,300.0,0,0.0
576.5,74.2,0.0,74.2,-0.0,0.3,0.1977,300.0,0,0.0
576.75,75.5,0.0,75.5,-0.0,0.3,0.1986,300.0,0,0.0
577.0,75.5,0.0,75.5,-0.0,0.3,0.1995,300.0,0,0.0
577.25,75.5,0.0,75.5,-0.0,0.3,0.2005,300.0,0,0.0
577.5,75.5,0.0,75.5,-0.0,0.3,0.2015,300.0,0,0.0
577.75,70.8,0.0,70.8,-0.0,0.3,0.2025,300.0,0,0.0
578.0,75.5,0.0,75.5,-0.0,0.3,0.2036,300.0,0,0.0
578.25,75.6,0.0,75.6,-0.0,0.3,0.2046,300.0,0,0.0
578.5,75.6,0.0,75.6,-0.0,0.3,0.2057,300.0,0,0.0
578.75,63.1,0.0,63.1,0.0,0.3,0.2068,300.0,0,0.0
579.0,75.6,0.0,75.6,-0.0,0.3,0.2079,300.0,0,0.0
579.25,70.3,0.0,70.3,-0.0,0.3,0.209,300.0,0,0.0
579.5,75.6,0.0,75.6,-0.0,0.3,0.21,300.0,0,0.0
579.75,75.5,0.0,75.5,-0.0,0.3,0.2111,300.0,0,0.0
580.0,71.0,0.0,71.0,-0.0,0.3,0.2122,300.0,0,0.0
580.25,69.9,0.0,69.9,0.0,0.3,0.2132,300.0,0,0.0
580.5,75.7,0.0,75.7,-0.0,0.3,0.2142,300.0,0,0.0
580.75,75.7,0.0,75.7,-0.0,0.3,0.2152,300.0,0,0.0
581.0,75.7,0.0,75.7,-0.0,0.3,0.2161,300.0,0,0.0
581.25,75.8,0.0,75.8,-0.0,0.3,0.217,300.0,0,0.0
581.5,68.1,0.0,68.1,0.0,0.3,0.2179,300.0,0,0.0
581.75,75.8,0.0,75.8,-0.0,0.3,0.2187,300.0,0,0.0
582.0,72.2,0.0,72.2,-0.0,0.3,0.2992,300.0,0,0.0
582.25,74.7,0.0,74.7,-0.0,0.3,0.3002,300.0,0,0.0
582.5,75.9,0.0,75.9,-0.0,0.3,0.3011,300.0,0,0.0
582.75,75.9,0.0,75.9,-0.0,0.3,0.3019,300.0,0,0.0
583.0,76.0,0.0,76.0,-0.0,0.3,0.3027,297.1,0,0.0
583.25,76.0,0.0,76.0,-0.0,0.3,0.3033,291.2,0,0.0
583.5,72.3,0.0,72.3,-0.0,0.3,0.3039,285.3,0,0.0
583.75,70.6,3.4,67.2,0.0,0.3,0.3044,279.6,0,10.3
584.0,76.0,12.9,63.1,0.0,0.3,0.3048,273.9,0,38.6
584.25,76.1,23.4,52.6,0.0,0.3,0.305,268.3,0,70.0
584.5,76.1,31.8,44.3,0.0,0.3,0.3052,262.9,0,95.1
584.75,76.1,45.4,30.7,0.0,0.3,0.3053,257.6,0,135.8
585.0,75.7,42.9,32.8,0.0,0.3,0.3053,252.5,0,128.3
585.25,71.8,57.5,14.3,0.0,0.3,0.3052,247.6,0,171.9
585.5,76.2,80.1,-3.9,0.0,0.3,0.305,242.9,0,239.5
585.75,76.2,79.9,-3.7,0.0,0.3,0.3048,238.5,0,238.8
586.0,76.3,89.7,-13.4,0.0,0.3,0.3044,234.3,0,268.0
586.25,76.3,94.7,-18.4,0.0,0.3,0.3039,230.4,0,283.0
586.5,70.2,102.1,-31.9,0.0,0.3,0.3033,226.8,0,305.1
586.75,76.1,99.9,-23.8,0.0,0.3,0.3027,223.6,0,298.5
587.0,71.8,115.2,-43.4,0.0,0.3,0.3019,220.6,0,344.2
587.25,70.2,161.1,-6.7,84.2,0.32,0.3011,218.0,0,481.6
587.5,71.2,151.7,-38.5,42.1,0.33,0.3002,215.8,0,453.5
587.75,70.8,146.2,-75.4,0.0,0.33,0.2992,213.9,0,436.8
588.0,71.3,160.6,-47.2,42.1,0.34,0.2982,212.4,0,480.1
588.25,73.6,154.1,-80.5,0.0,0.34,0.2971,211.2,0,460.5
588.5,76.5,192.2,-115.6,0.0,0.34,0.2959,210.4,0,574.3
588.75,76.5,187.9,-27.2,84.2,0.36,0.2947,210.0,0,561.8
589.0,76.6,152.6,8.2,84.2,0.38,0.2934,210.0,0,456.0
589.25,76.6,161.5,-0.6,84.2,0.4,0.2921,210.4,0,482.6
589.5,74.0,128.3,29.9,84.2,0.42,0.2907,211.2,0,383.4
589.75,74.4,160.0,-43.6,42.1,0.43,0.2893,212.4,0,478.4
590.0,76.7,143.4,-24.6,42.1,0.44,0.2879,213.9,0,428.6
590.25,76.7,128.6,-9.8,42.1,0.45,0.2864,215.8,0,384.3
590.5,68.7,136.8,-68.1,0.0,0.45,0.2849,218.0,0,408.8
590.75,76.7,142.8,-66.1,0.0,0.45,0.2835,220.6,0,427.0
591.0,76.7,133.7,-14.8,42.1,0.46,0.282,223.6,0,399.6
591.25,76.3,121.2,-44.9,0.0,0.46,0.2805,226.8,0,362.3
591.5,72.3,94.0,-21.8,0.0,0.46,0.279,230.4,0,281.1
591.75,70.1,118.4,-48.4,0.0,0.46,0.2776,234.3,0,354.0
592.0,44.7,105.1,-18.4,42.1,0.47,0.2762,238.5,0,314.3
592.25,44.7,87.0,-42.3,0.0,0.47,0.2748,242.9,0,259.9
592.5,44.7,79.6,-34.9,0.0,0.47,0.2734,247.6,0,237.8
592.75,44.7,67.5,-22.8,0.0,0.47,0.2721,252.5,0,201.6
593.0,44.7,56.7,-12.0,0.0,0.47,0.3791,367.6,0,169.5
593.25,44.7,49.7,-5.0,0.0,0.47,0.3774,372.9,0,148.4
593.5,44.7,28.1,16.6,0.0,0.47,0.3757,378.3,0,84.0
593.75,44.7,27.7,0.0,-17.0,0.466,0.3742,383.9,0,82.7
594.0,44.7,16.0,0.0,-28.7,0.458,0.3727,389.6,0,47.7
594.25,44.7,8.0,0.0,-36.7,0.448,0.3713,395.3,0,23.8
594.5,44.7,0.2,6.4,-38.0,0.438,0.3701,401.2,0,0.7
594.75,44.7,0.0,6.7,-38.0,0.428,0.3689,407.1,0,0.0
595.0,44.7,0.0,6.7,-38.0,0.418,0.3679,410.0,0,0.0
595.25,44.7,0.0,6.7,-38.0,0.408,0.367,410.0,0,0.0
595.5,44.7,0.0,6.7,-38.0,0.398,0.3662,410.0,0,0.0
595.75,44.7,0.0,6.7,-38.0,0.388,0.3655,410.0,0,0.0
596.0,44.7,0.0,6.7,-38.0,0.378,0.365,410.0,0,0.0
596.25,44.7,0.0,6.7,-38.0,0.368,0.3646,410.0,0,0.0
596.5,44.7,0.0,6.7,-38.0,0.358,0.3643,410.0,0,0.0
596.75,44.7,0.0,6.7,-38.0,0.348,0.3642,410.0,0,0.0
597.0,44.7,0.0,6.7,-38.0,0.338,0.2601,300.0,0,0.0
597.25,44.7,0.0,6.7,-38.0,0.328,0.2602,300.0,0,0.0
597.5,44.7,0.0,6.7,-38.0,0.318,0.2604,300.0,0,0.0
597.75,44.7,0.0,6.7,-38.0,0.308,0.2607,300.0,0,0.0
598.0,44.7,0.0,44.7,0.0,0.308,0.1915,300.0,0,0.0
598.25,44.7,0.0,44.7,0.0,0.308,0.1918,300.0,0,0.0
598.5,44.7,0.0,44.7,0.0,0.308,0.1922,300.0,0,0.0
598.75,44.7,0.0,44.7,0.0,0.308,0.1927,300.0,0,0.0
599.0,44.7,0.0,44.7,0.0,0.308,0.1933,300.0,0,0.0
599.25,44.7,0.0,44.7,0.0,0.308,0.1939,300.0,0,0.0
599.5,44.7,0.0,44.7,0.0,0.308,0.1945,300.0,0,0.0
599.75,44.7,0.0,13.1,-31.6,0.3,0.1952,300.0,0,0.0
600.0,76.5,0.0,76.5,-0.0,0.3,0.2049,300.0,0,0.0
600.25,76.6,0.0,76.6,-0.0,0.3,0.2058,300.0,0,0.0
600.5,76.6,0.0,76.6,-0.0,0.3,0.2067,300.0,0,0.0
600.75,76.6,0.0,76.6,-0.0,0.3,0.2076,300.0,0,0.0
601.0,74.4,0.0,74.4,-0.0,0.3,0.2086,300.0,0,0.0
601.25,73.9,0.0,73.9,-0.0,0.3,0.2096,300.0,0,0.0
601.5,76.6,0.0,76.6,-0.0,0.3,0.2107,300.0,0,0.0
601.75,76.6,0.0,76.6,-0.0,0.3,0.2117,300.0,0,0.0
602.0,76.6,0.0,76.6,-0.0,0.3,0.2128,300.0,0,0.0
602.25,76.7,0.0,76.7,-0.0,0.3,0.2139,300.0,0,0.0
602.5,71.9,0.0,71.9,-0.0,0.3,0.2151,300.0,0,0.0
602.75,76.5,0.0,76.5,-0.0,0.3,0.2162,300.0,0,0.0
603.0,76.7,0.0,76.7,-0.0,0.3,0.2173,300.0,0,0.0
603.25,76.7,0.0,76.7,-0.0,0.3,0.2185,300.0,0,0.0
603.5,76.8,0.0,76.8,-0.0,0.3,0.2196,300.0,0,0.0
603.75,74.9,0.0,74.9,-0.0,0.3,0.2207,300.0,0,0.0
604.0,73.8,0.0,73.8,-0.0,0.3,0.2218,300.0,0,0.0
604.25,76.8,0.0,76.8,-0.0,0.3,0.2229,300.0,0,0.0
604.5,76.8,0.0,76.8,-0.0,0.3,0.2239,300.0,0,0.0
604.75,76.9,0.0,76.9,-0.0,0.3,0.2249,300.0,0,0.0
605.0,76.9,0.0,76.9,-0.0,0.3,0.2259,300.0,0,0.0
605.25,72.1,0.0,72.1,-0.0,0.3,0.2269,300.0,0,0.0
605.5,76.8,0.0,76.8,-0.0,0.3,0.2278,300.0,0,0.0
605.75,77.0,0.0,77.0,-0.0,0.3,0.2286,300.0,0,0.0
606.0,77.0,0.0,77.0,-0.0,0.3,0.3128,300.0,0,0.0
606.25,77.0,0.0,77.0,-0.0,0.3,0.3139,300.0,0,0.0
606.5,75.3,0.0,75.3,-0.0,0.3,0.3148,300.0,0,0.0
606.75,73.8,0.0,73.8,-0.0,0.3,0.3157,300.0,0,0.0
607.0,77.1,0.0,77.1,-0.0,0.3,0.3164,297.1,0,0.0
607.25,77.1,0.0,77.1,-0.0,0.3,0.3171,291.2,0,0.0
607.5,77.2,0.0,77.2,-0.0,0.3,0.3177,285.3,0,0.0
607.75,51.3,0.7,50.6,0.0,0.3,0.3182,279.6,0,2.0
608.0,77.2,2.8,74.4,-0.0,0.3,0.3186,273.9,0,8.3
608.25,77.2,5.0,72.3,-0.0,0.3,0.3189,268.3,0,14.7
608.5,77.3,8.9,68.3,0.0,0.3,0.3191,262.9,0,26.4
608.75,77.3,13.1,64.1,0.0,0.3,0.3192,257.6,0,38.8
609.0,75.2,14.4,60.8,0.0,0.3,0.3192,252.5,0,42.5
609.25,74.5,18.8,55.7,0.0,0.3,0.3191,247.6,0,55.6
609.5,77.4,21.1,56.2,0.0,0.3,0.3189,242.9,0,62.5
609.75,77.4,19.9,57.5,0.0,0.3,0.3186,238.5,0,58.7
610.0,77.4,28.7,48.8,0.0,0.3,0.3182,234.3,0,84.7
610.25,77.5,27.1,50.3,0.0,0.3,0.3177,230.4,0,80.2
610.5,73.2,32.2,41.0,0.0,0.3,0.3171,226.8,0,95.1
610.75,76.8,34.2,42.6,0.0,0.3,0.3164,223.6,0,101.1
611.0,77.6,33.5,44.0,0.0,0.3,0.3157,220.6,0,99.1
611.25,77.6,43.2,34.4,0.0,0.3,0.3148,218.0,0,127.6
611.5,77.6,36.3,41.3,0.0,0.3,0.3139,215.8,0,107.3
611.75,77.0,49.8,27.2,0.0,0.3,0.3128,213.9,0,147.2
612.0,73.2,46.1,27.1,0.0,0.3,0.3117,212.4,0,136.3
612.25,77.7,46.2,31.5,0.0,0.3,0.3106,211.2,0,136.4
612.5,77.7,43.4,34.3,0.0,0.3,0.3094,210.4,0,128.4
612.75,77.7,53.1,24.7,0.0,0.3,0.3081,210.0,0,156.8
613.0,77.8,45.1,32.6,0.0,0.3,0.3067,210.0,0,133.4
613.25,74.6,49.0,25.6,0.0,0.3,0.3053,210.4,0,144.8
613.5,75.9,42.1,33.9,0.0,0.3,0.3039,211.2,0,124.3
613.75,77.8,39.5,38.4,0.0,0.3,0.3024,212.4,0,116.7
614.0,77.9,42.6,35.3,0.0,0.3,0.301,213.9,0,125.8
614.25,77.9,49.4,28.5,0.0,0.3,0.2994,215.8,0,145.9
614.5,77.9,40.3,37.6,0.0,0.3,0.2979,218.0,0,119.2
614.75,73.1,38.7,34.3,0.0,0.3,0.2964,220.6,0,114.5
615.0,77.7,42.0,35.7,0.0,0.3,0.2948,223.6,0,124.0
615.25,78.0,34.7,43.3,0.0,0.3,0.2933,226.8,0,102.6
615.5,78.0,40.9,37.1,0.0,0.3,0.2917,230.4,0,120.9
615.75,55.6,29.0,26.6,0.0,0.3,0.2902,234.3,0,85.7
616.0,44.7,30.4,14.3,0.0,0.3,0.2887,238.5,0,89.8
616.25,44.7,21.5,23.2,0.0,0.3,0.2873,242.9,0,63.6
616.5,44.7,28.8,15.9,0.0,0.3,0.2858,247.6,0,85.0
616.75,44.7,15.8,28.9,0.0,0.3,0.2844,252.5,0,46.7
617.0,44.7,17.0,27.7,0.0,0.3,0.3963,367.6,0,50.2
617.25,44.7,14.9,29.7,0.0,0.3,0.3945,372.9,0,44.1
617.5,44.7,11.4,33.2,0.0,0.3,0.3928,378.3,0,33.8
617.75,44.7,7.1,37.5,0.0,0.3,0.3912,383.9,0,21.1
618.0,44.7,4.0,40.7,0.0,0.3,0.3897,389.6,0,11.8
618.25,44.7,2.0,42.6,0.0,0.3,0.3882,395.3,0,6.1
618.5,44.7,0.0,44.7,0.0,0.3,0.3869,401.2,0,0.0
618.75,44.7,0.0,44.7,0.0,0.3,0.3857,407.1,0,0.0
619.0,44.7,0.0,44.7,0.0,0.3,0.3846,410.0,0,0.0
619.25,44.7,0.0,44.7,0.0,0.3,0.3837,410.0,0,0.0
619.5,44.7,0.0,44.7,0.0,0.3,0.3828,410.0,0,0.0
619.75,44.7,0.0,44.7,0.0,0.3,0.3821,410.0,0,0.0
620.0,44.7,0.0,44.7,0.0,0.3,0.3816,410.0,0,0.0
620.25,44.7,0.0,44.7,0.0,0.3,0.3812,410.0,0,0.0
620.5,44.7,0.0,44.7,0.0,0.3,0.3809,410.0,0,0.0
620.75,44.7,0.0,44.7,0.0,0.3,0.3807,410.0,0,0.0
621.0,44.7,0.0,44.7,0.0,0.3,0.272,300.0,0,0.0
621.25,44.7,0.0,44.7,0.0,0.3,0.2721,300.0,0,0.0
621.5,44.7,0.0,44.7,0.0,0.3,0.2723,300.0,0,0.0
621.75,44.7,0.0,44.7,0.0,0.3,0.2726,300.0,0,0.0
622.0,44.7,0.0,44.7,0.0,0.3,0.2002,300.0,0,0.0
622.25,44.7,0.0,44.7,0.0,0.3,0.2005,300.0,0,0.0
622.5,44.7,0.0,44.7,0.0,0.3,0.201,300.0,0,0.0
622.75,44.7,0.0,44.7,0.0,0.3,0.2015,300.0,0,0.0
623.0,44.7,0.0,44.7,0.0,0.3,0.202,300.0,0,0.0
623.25,44.7,0.0,44.7,0.0,0.3,0.2027,300.0,0,0.0
623.5,44.7,0.0,44.7,0.0,0.3,0.2034,300.0,0,0.0
623.75,44.7,0.0,44.7,0.0,0.3,0.2041,300.0,0,0.0
624.0,77.7,0.0,77.7,-0.0,0.3,0.2091,300.0,0,0.0
624.25,77.7,0.0,77.7,-0.0,0.3,0.2099,300.0,0,0.0
624.5,77.8,0.0,77.8,-0.0,0.3,0.2109,300.0,0,0.0
624.75,77.8,0.0,77.8,-0.0,0.3,0.2118,300.0,0,0.0
625.0,76.3,0.0,76.3,-0.0,0.3,0.2128,300.0,0,0.0
625.25,74.2,0.0,74.2,-0.0,0.3,0.2139,300.0,0,0.0
625.5,77.8,0.0,77.8,-0.0,0.3,0.2149,300.0,0,0.0
625.75,77.8,0.0,77.8,-0.0,0.3,0.216,300.0,0,0.0
626.0,77.8,0.0,77.8,-0.0,0.3,0.2171,300.0,0,0.0
626.25,77.8,0.0,77.8,-0.0,0.3,0.2183,300.0,0,0.0
626.5,74.1,0.0,74.1,-0.0,0.3,0.2194,300.0,0,0.0
626.75,76.6,0.0,76.6,-0.0,0.3,0.2206,300.0,0,0.0
627.0,77.9,0.0,77.9,-0.0,0.3,0.2217,300.0,0,0.0
627.25,77.9,0.0,77.9,-0.0,0.3,0.2229,300.0,0,0.0
627.5,77.9,0.0,77.9,-0.0,0.3,0.224,300.0,0,0.0
627.75,77.4,0.0,77.4,-0.0,0.3,0.2252,300.0,0,0.0
628.0,73.4,0.0,73.4,-0.0,0.3,0.2263,300.0,0,0.0
628.25,78.0,0.0,78.0,-0.0,0.3,0.2274,300.0,0,0.0
628.5,78.0,0.0,78.0,-0.0,0.3,0.2285,300.0,0,0.0
628.75,78.1,0.0,78.1,-0.0,0.3,0.2295,300.0,0,0.0
629.0,78.1,0.0,78.1,-0.0,0.3,0.2305,300.0,0,0.0
629.25,75.4,0.0,75.4,-0.0,0.3,0.2315,300.0,0,0.0
629.5,75.7,0.0,75.7,-0.0,0.3,0.2324,300.0,0,0.0
629.75,78.2,0.0,78.2,-0.0,0.3,0.2333,300.0,0,0.0
630.0,78.2,0.0,78.2,-0.0,0.3,0.3192,300.0,0,0.0
630.25,78.2,0.0,78.2,-0.0,0.3,0.3202,300.0,0,0.0
630.5,78.3,0.0,78.3,-0.0,0.3,0.3212,300.0,0,0.0
630.75,73.1,0.0,73.1,-0.0,0.3,0.3221,300.0,0,0.0
631.0,78.3,0.0,78.3,-0.0,0.3,0.3229,297.1,0,0.0
631.25,78.3,0.0,78.3,-0.0,0.3,0.3236,291.2,0,0.0
631.5,78.4,0.0,78.4,-0.0,0.3,0.3242,285.3,0,0.0
631.75,53.9,2.1,51.9,0.0,0.3,0.3247,279.6,0,6.2
632.0,78.4,14.9,63.5,0.0,0.3,0.3251,273.9,0,44.5
632.25,78.4,28.5,50.0,0.0,0.3,0.3254,268.3,0,84.9
632.5,78.5,42.1,36.4,0.0,0.3,0.3256,262.9,0,125.5
632.75,78.5,59.6,18.9,0.0,0.3,0.3257,257.6,0,177.4
633.0,76.7,75.2,1.6,0.0,0.3,0.3257,252.5,0,223.9
633.25,75.2,87.2,-12.0,0.0,0.3,0.3256,247.6,0,259.8
633.5,78.6,108.9,-30.3,0.0,0.3,0.3254,242.9,0,324.4
633.75,78.6,125.0,-46.3,0.0,0.3,0.3251,238.5,0,372.3
634.0,78.7,147.3,-68.6,0.0,0.3,0.3247,234.3,0,438.7
634.25,78.7,145.8,-67.1,0.0,0.3,0.3242,230.4,0,434.3
634.5,73.8,180.1,-106.3,0.0,0.3,0.3236,226.8,0,536.5
634.75,78.4,186.1,-107.7,0.0,0.3,0.3229,223.6,0,554.4
635.0,78.8,203.0,-124.2,0.0,0.3,0.3221,220.6,0,604.9
635.25,78.8,210.6,-131.8,0.0,0.3,0.3212,218.0,0,627.5
635.5,78.8,207.8,-129.0,0.0,0.3,0.3202,215.8,0,619.1
635.75,78.3,234.3,-156.1,0.0,0.3,0.3192,213.9,0,698.2
636.0,74.3,226.8,-152.5,0.0,0.3,0.3181,212.4,0,675.6
636.25,78.9,249.9,-170.9,0.0,0.3,0.3169,211.2,0,744.5
636.5,79.0,242.5,-163.5,0.0,0.3,0.3156,210.4,0,722.3
636.75,79.0,241.5,-162.5,0.0,0.3,0.3143,210.0,0,719.5
637.0,79.0,252.2,-173.1,0.0,0.3,0.313,210.0,0,751.3
637.25,76.5,251.2,-174.7,0.0,0.3,0.3115,210.4,0,748.5
637.5,76.3,258.2,-181.9,0.0,0.3,0.3101,211.2,0,769.2
637.75,79.1,230.6,-151.5,0.0,0.3,0.3086,212.4,0,686.9
638.0,79.1,240.8,-161.7,0.0,0.3,0.3071,213.9,0,717.4
638.25,79.1,207.2,-86.0,42.1,0.31,0.3055,215.8,0,617.4
638.5,79.2,222.8,-17.3,126.3,0.34,0.3039,218.0,0,663.7
638.75,74.4,215.0,-14.3,126.3,0.37,0.3024,220.6,0,640.7
639.0,78.7,190.1,-27.3,84.2,0.39,0.3008,223.6,0,566.5
639.25,79.2,195.2,-115.9,0.0,0.39,0.2992,226.8,0,581.5
639.5,79.2,175.9,-96.6,0.0,0.39,0.2977,230.4,0,524.0
639.75,56.4,163.0,-64.4,42.1,0.4,0.2961,234.3,0,485.5
640.0,44.7,143.5,-14.6,84.2,0.42,0.2946,238.5,0,427.6
640.25,44.7,134.3,-47.5,42.1,0.43,0.2931,242.9,0,400.1
640.5,44.7,115.0,-28.2,42.1,0.44,0.2916,247.6,0,342.5
640.75,44.7,99.0,-12.2,42.1,0.45,0.2902,252.5,0,295.0
641.0,44.7,79.9,-35.2,0.0,0.45,0.4044,367.6,0,238.1
641.25,44.7,67.6,19.2,42.1,0.46,0.4025,372.9,0,201.3
641.5,44.7,52.0,-7.4,0.0,0.46,0.4008,378.3,0,155.0
641.75,44.7,36.1,8.6,0.0,0.46,0.3991,383.9,0,107.5
642.0,44.7,20.2,0.0,-24.5,0.454,0.3976,389.6,0,60.2
642.25,44.7,7.2,0.0,-37.4,0.444,0.3961,395.3,0,21.5
642.5,44.7,0.0,6.7,-38.0,0.434,0.3948,401.2,0,0.0
642.75,44.7,0.0,6.7,-38.0,0.424,0.3935,407.1,0,0.0
643.0,44.7,0.0,6.7,-38.0,0.414,0.3924,410.0,0,0.0
643.25,44.7,0.0,6.7,-38.0,0.404,0.3915,410.0,0,0.0
643.5,44.7,0.0,6.7,-38.0,0.394,0.3906,410.0,0,0.0
643.75,44.7,0.0,6.7,-38.0,0.384,0.3899,410.0,0,0.0
644.0,44.7,0.0,6.7,-38.0,0.374,0.3893,410.0,0,0.0
644.25,44.7,0.0,6.7,-38.0,0.364,0.3889,410.0,0,0.0
644.5,44.7,0.0,6.7,-38.0,0.354,0.3886,410.0,0,0.0
644.75,44.7,0.0,6.7,-38.0,0.344,0.3885,410.0,0,0.0
645.0,44.7,0.0,6.7,-38.0,0.334,0.2775,300.0,0,0.0
645.25,44.7,0.0,6.7,-38.0,0.324,0.2776,300.0,0,0.0
645.5,44.7,0.0,6.7,-38.0,0.314,0.2778,300.0,0,0.0
645.75,44.7,0.0,6.7,-38.0,0.304,0.2781,300.0,0,0.0
646.0,44.7,0.0,44.7,0.0,0.304,0.2042,300.0,0,0.0
646.25,44.7,0.0,44.7,0.0,0.304,0.2046,300.0,0,0.0
646.5,44.7,0.0,44.7,0.0,0.304,0.205,300.0,0,0.0
646.75,44.7,0.0,44.7,0.0,0.304,0.2056,300.0,0,0.0
647.0,44.7,0.0,44.7,0.0,0.304,0.2061,300.0,0,0.0
647.25,44.7,0.0,44.7,0.0,0.304,0.2068,300.0,0,0.0
647.5,44.7,0.0,44.7,0.0,0.304,0.2075,300.0,0,0.0
647.75,44.7,0.0,44.7,0.0,0.304,0.2082,300.0,0,0.0
648.0,79.0,0.0,70.0,-9.0,0.301,0.2302,300.0,0,0.0
648.25,79.0,0.0,73.8,-5.1,0.3,0.2312,300.0,0,0.0
648.5,79.0,0.0,79.0,-0.0,0.3,0.2322,300.0,0,0.0
648.75,79.0,0.0,79.0,-0.0,0.3,0.2333,300.0,0,0.0
649.0,76.8,0.0,76.8,-0.0,0.3,0.2344,300.0,0,0.0
649.25,75.9,0.0,75.9,-0.0,0.3,0.2355,300.0,0,0.0
649.5,79.0,0.0,79.0,-0.0,0.3,0.2367,300.0,0,0.0
649.75,79.0,0.0,79.0,-0.0,0.3,0.2379,300.0,0,0.0
650.0,79.1,0.0,79.1,-0.0,0.3,0.2391,300.0,0,0.0
650.25,79.1,0.0,79.1,-0.0,0.3,0.2404,300.0,0,0.0
650.5,74.5,0.0,74.5,-0.0,0.3,0.2416,300.0,0,0.0
650.75,78.4,0.0,78.4,-0.0,0.3,0.2429,300.0,0,0.0
651.0,79.2,0.0,79.2,-0.0,0.3,0.2442,300.0,0,0.0
651.25,79.2,0.0,79.2,-0.0,0.3,0.2455,300.0,0,0.0
651.5,79.2,0.0,79.2,-0.0,0.3,0.2467,300.0,0,0.0
651.75,77.7,0.0,77.7,-0.0,0.3,0.248,300.0,0,0.0
652.0,75.5,0.0,75.5,-0.0,0.3,0.2492,300.0,0,0.0
652.25,79.3,0.0,79.3,-0.0,0.3,0.2504,300.0,0,0.0
652.5,79.3,0.0,79.3,-0.0,0.3,0.2516,300.0,0,0.0
652.75,79.3,0.0,79.3,-0.0,0.3,0.2527,300.0,0,0.0
653.0,79.3,0.0,79.3,-0.0,0.3,0.2538,300.0,0,0.0
653.25,75.5,0.0,75.5,-0.0,0.3,0.2549,300.0,0,0.0
653.5,77.9,0.0,77.9,-0.0,0.3,0.2559,300.0,0,0.0
653.75,79.4,0.0,79.4,-0.0,0.3,0.2569,300.0,0,0.0
654.0,79.4,0.0,79.4,-0.0,0.3,0.3515,300.0,0,0.0
654.25,79.5,0.0,79.5,-0.0,0.3,0.3527,300.0,0,0.0
654.5,79.5,0.0,79.5,-0.0,0.3,0.3537,300.0,0,0.0
654.75,74.2,0.0,74.2,-0.0,0.3,0.3547,300.0,0,0.0
655.0,79.6,0.0,79.6,-0.0,0.3,0.3556,297.1,0,0.0
655.25,79.6,0.0,79.6,-0.0,0.3,0.3563,291.2,0,0.0
655.5,79.6,0.0,79.6,-0.0,0.3,0.357,285.3,0,0.0
655.75,55.3,0.8,54.4,0.0,0.3,0.3575,279.6,0,2.5
656.0,79.7,12.5,67.2,0.0,0.3,0.358,273.9,0,37.5
656.25,79.7,27.8,51.9,0.0,0.3,0.3583,268.3,0,83.6
656.5,79.7,42.0,37.7,0.0,0.3,0.3586,262.9,0,126.2
656.75,79.8,57.2,22.6,0.0,0.3,0.3587,257.6,0,171.8
657.0,79.4,74.0,5.4,0.0,0.3,0.3587,252.5,0,222.4
657.25,74.8,96.4,-21.6,0.0,0.3,0.3586,247.6,0,289.6
657.5,79.9,105.5,-25.6,0.0,0.3,0.3583,242.9,0,316.9
657.75,79.9,122.2,-42.3,0.0,0.3,0.358,238.5,0,367.0
658.0,79.9,136.6,-56.7,0.0,0.3,0.3575,234.3,0,410.4
658.25,80.0,158.5,-78.5,0.0,0.3,0.357,230.4,0,476.1
658.5,78.0,168.5,-90.4,0.0,0.3,0.3563,226.8,0,506.0
658.75,76.6,176.4,-99.8,0.0,0.3,0.3556,223.6,0,529.8
659.0,80.1,195.5,-115.5,0.0,0.3,0.3547,220.6,0,587.3
659.25,80.1,202.7,-122.6,0.0,0.3,0.3537,218.0,0,608.9
659.5,80.1,215.9,-135.8,0.0,0.3,0.3527,215.8,0,648.6
659.75,80.2,217.4,-95.1,42.1,0.31,0.3515,213.9,0,653.0
660.0,77.0,242.3,-165.3,0.0,0.31,0.3503,212.4,0,727.7
660.25,74.5,246.9,-172.4,0.0,0.31,0.349,211.2,0,741.7
660.5,74.6,242.9,-126.1,42.1,0.32,0.3476,210.4,0,729.5
660.75,79.7,262.2,-140.3,42.1,0.33,0.3462,210.0,0,787.5
661.0,80.3,253.2,-88.7,84.2,0.35,0.3446,210.0,0,760.5
661.25,80.3,238.7,-32.1,126.3,0.38,0.3431,210.4,0,717.0
661.5,80.3,238.1,-157.8,0.0,0.38,0.3415,211.2,0,715.2
661.75,79.6,248.9,-169.3,0.0,0.38,0.3398,212.4,0,747.6
662.0,75.7,236.3,-76.5,84.2,0.4,0.3382,213.9,0,709.8
662.25,80.4,236.2,12.7,168.4,0.44,0.3365,215.8,0,709.4
662.5,80.5,211.6,-89.1,42.1,0.45,0.3347,218.0,0,635.6
662.75,80.5,201.3,-120.8,0.0,0.45,0.333,220.6,0,604.6
663.0,80.5,197.6,9.2,126.3,0.48,0.3313,223.6,0,593.4
663.25,77.9,194.8,9.4,126.3,0.51,0.3295,226.8,0,585.2
663.5,77.6,182.7,-62.9,42.1,0.52,0.3278,230.4,0,548.7
663.75,70.9,163.4,-50.4,42.1,0.53,0.3261,234.3,0,490.7
664.0,44.7,144.1,-99.4,0.0,0.53,0.3244,238.5,0,432.8
664.25,44.7,133.2,-88.6,0.0,0.53,0.3228,242.9,0,400.2
664.5,44.7,118.1,-31.3,42.1,0.54,0.3212,247.6,0,354.7
664.75,44.7,100.6,-13.8,42.1,0.55,0.3196,252.5,0,302.1
665.0,44.7,85.9,-41.2,0.0,0.55,0.4453,367.6,0,258.0
665.25,44.7,68.2,-23.5,0.0,0.55,0.4433,372.9,0,204.9
665.5,44.7,49.2,-4.6,0.0,0.55,0.4414,378.3,0,147.9
665.75,44.7,33.0,0.0,-11.7,0.547,0.4395,383.9,0,99.1
666.0,44.7,18.8,0.0,-25.9,0.54,0.4378,389.6,0,56.4
666.25,44.7,5.5,1.2,-38.0,0.53,0.4362,395.3,0,16.5
666.5,44.7,0.0,0.0,-44.7,0.518,0.4347,401.2,0,0.0
666.75,44.7,0.0,0.0,-44.7,0.507,0.4334,407.1,0,0.0
667.0,44.7,0.0,0.0,-44.7,0.495,0.4322,410.0,0,0.0
667.25,44.7,0.0,6.7,-38.0,0.485,0.4311,410.0,0,0.0
667.5,44.7,0.0,6.7,-38.0,0.475,0.4302,410.0,0,0.0
667.75,44.7,0.0,6.7,-38.0,0.465,0.4294,410.0,0,0.0
668.0,44.7,0.0,6.7,-38.0,0.455,0.4287,410.0,0,0.0
668.25,44.7,0.0,6.7,-38.0,0.445,0.4283,410.0,0,0.0
668.5,44.7,0.0,6.7,-38.0,0.435,0.428,410.0,0,0.0
668.75,44.7,0.0,6.7,-38.0,0.425,0.4278,410.0,0,0.0
669.0,44.7,0.0,6.7,-38.0,0.415,0.3056,300.0,0,0.0
669.25,44.7,0.0,6.7,-38.0,0.405,0.3057,300.0,0,0.0
669.5,44.7,0.0,6.7,-38.0,0.395,0.3059,300.0,0,0.0
669.75,44.7,0.0,6.7,-38.0,0.385,0.3062,300.0,0,0.0
670.0,44.7,0.0,6.7,-38.0,0.375,0.2249,300.0,0,0.0
670.25,44.7,0.0,6.7,-38.0,0.365,0.2253,300.0,0,0.0
670.5,44.7,0.0,6.7,-38.0,0.355,0.2258,300.0,0,0.0
670.75,44.7,0.0,6.7,-38.0,0.345,0.2264,300.0,0,0.0
671.0,44.7,0.0,6.7,-38.0,0.335,0.227,300.0,0,0.0
671.25,44.7,0.0,6.7,-38.0,0.325,0.2277,300.0,0,0.0
671.5,44.7,0.0,6.7,-38.0,0.315,0.2285,300.0,0,0.0
671.75,44.7,0.0,6.7,-38.0,0.305,0.2293,300.0,0,0.0
672.0,80.2,0.0,70.0,-10.2,0.302,0.2093,300.0,0,0.0
672.25,80.2,0.0,72.0,-8.2,0.3,0.2102,300.0,0,0.0
672.5,80.3,0.0,80.3,-0.0,0.3,0.2111,300.0,0,0.0
672.75,80.3,0.0,80.3,-0.0,0.3,0.212,300.0,0,0.0
673.0,78.2,0.0,78.2,-0.0,0.3,0.213,300.0,0,0.0
673.25,76.9,0.0,76.9,-0.0,0.3,0.2141,300.0,0,0.0
673.5,80.3,0.0,80.3,-0.0,0.3,0.2151,300.0,0,0.0
673.75,80.3,0.0,80.3,-0.0,0.3,0.2162,300.0,0,0.0
674.0,80.3,0.0,80.3,-0.0,0.3,0.2174,300.0,0,0.0
674.25,80.4,0.0,80.4,-0.0,0.3,0.2185,300.0,0,0.0
674.5,76.3,0.0,76.3,-0.0,0.3,0.2197,300.0,0,0.0
674.75,79.0,0.0,79.0,-0.0,0.3,0.2208,300.0,0,0.0
675.0,80.4,0.0,80.4,-0.0,0.3,0.222,300.0,0,0.0
675.25,80.4,0.0,80.4,-0.0,0.3,0.2231,300.0,0,0.0
675.5,80.5,0.0,80.5,-0.0,0.3,0.2243,300.0,0,0.0
675.75,79.3,0.0,79.3,-0.0,0.3,0.2254,300.0,0,0.0
676.0,76.2,0.0,76.2,-0.0,0.3,0.2265,300.0,0,0.0
676.25,80.5,0.0,80.5,-0.0,0.3,0.2276,300.0,0,0.0
676.5,80.6,0.0,80.6,-0.0,0.3,0.2287,300.0,0,0.0
676.75,80.6,0.0,80.6,-0.0,0.3,0.2297,300.0,0,0.0
677.0,80.6,0.0,80.6,-0.0,0.3,0.2307,300.0,0,0.0
677.25,76.9,0.0,76.9,-0.0,0.3,0.2317,300.0,0,0.0
677.5,78.9,0.0,78.9,-0.0,0.3,0.2326,300.0,0,0.0
677.75,80.7,0.0,80.7,-0.0,0.3,0.2335,300.0,0,0.0
678.0,80.7,0.0,80.7,-0.0,0.3,0.3195,300.0,0,0.0
678.25,80.8,0.0,80.8,-0.0,0.3,0.3206,300.0,0,0.0
678.5,80.8,0.0,80.8,-0.0,0.3,0.3215,300.0,0,0.0
678.75,75.3,0.0,75.3,-0.0,0.3,0.3224,300.0,0,0.0
679.0,80.8,0.0,80.8,-0.0,0.3,0.3232,297.1,0,0.0
679.25,80.9,0.0,80.9,-0.0,0.3,0.3239,291.2,0,0.0
679.5,80.9,0.0,80.9,-0.0,0.3,0.3245,285.3,0,0.0
679.75,54.8,0.0,54.8,0.0,0.3,0.325,279.6,0,0.0
680.0,81.0,6.9,74.1,-0.0,0.3,0.3254,273.9,0,20.9
680.25,81.0,16.5,64.5,0.0,0.3,0.3257,268.3,0,50.1
680.5,81.0,24.8,56.3,0.0,0.3,0.3259,262.9,0,75.0
680.75,81.1,34.2,46.9,0.0,0.3,0.326,257.6,0,103.6
681.0,80.1,48.2,31.9,0.0,0.3,0.326,252.5,0,145.9
681.25,76.6,51.2,25.5,0.0,0.3,0.3259,247.6,0,154.9
681.5,81.2,93.1,-11.9,0.0,0.3,0.3257,242.9,0,281.8
681.75,81.2,73.7,7.6,0.0,0.3,0.3254,238.5,0,223.1
682.0,81.3,93.0,-11.8,0.0,0.3,0.325,234.3,0,281.7
682.25,81.3,103.7,-22.4,0.0,0.3,0.3245,230.4,0,313.9
682.5,78.8,120.8,-42.0,0.0,0.3,0.3239,226.8,0,365.7
682.75,78.2,140.2,-62.0,0.0,0.3,0.3232,223.6,0,424.7
683.0,81.4,124.8,-43.4,0.0,0.3,0.3224,220.6,0,377.8
683.25,81.4,134.5,-11.0,42.1,0.31,0.3215,218.0,0,407.3
683.5,81.5,129.7,-48.3,0.0,0.31,0.3206,215.8,0,392.9
683.75,81.5,140.0,-58.5,0.0,0.31,0.3195,213.9,0,423.9
684.0,76.3,141.2,-22.8,42.1,0.32,0.3184,212.4,0,427.7
684.25,81.1,129.5,-6.3,42.1,0.33,0.3172,211.2,0,392.0
684.5,81.6,154.8,-31.1,42.1,0.34,0.316,210.4,0,468.8
684.75,81.6,145.5,-21.8,42.1,0.35,0.3146,210.0,0,440.6
685.0,81.6,140.2,-16.5,42.1,0.36,0.3133,210.0,0,424.7
685.25,80.6,152.9,11.9,84.2,0.38,0.3119,210.4,0,463.0
685.5,73.9,145.5,-71.7,0.0,0.38,0.3104,211.2,0,440.7
685.75,77.2,143.8,17.6,84.2,0.4,0.3089,212.4,0,435.4
686.0,80.6,174.9,-10.1,84.2,0.42,0.3074,213.9,0,529.8
686.25,81.8,136.9,-13.0,42.1,0.43,0.3058,215.8,0,414.5
686.5,81.8,165.9,0.1,84.2,0.45,0.3043,218.0,0,502.4
686.75,81.8,149.7,-67.9,0.0,0.45,0.3027,220.6,0,453.3
687.0,81.8,119.2,-37.3,0.0,0.45,0.3011,223.6,0,360.8
687.25,76.1,133.3,-15.1,42.1,0.46,0.2995,226.8,0,403.7
687.5,81.9,118.8,5.1,42.1,0.47,0.298,230.4,0,359.9
687.75,68.1,114.7,-46.6,0.0,0.47,0.2964,234.3,0,347.3
688.0,44.7,89.8,-45.1,0.0,0.47,0.2949,238.5,0,271.9
688.25,44.7,87.6,-42.9,0.0,0.47,0.2934,242.9,0,265.1
688.5,44.7,80.7,-36.0,0.0,0.47,0.2919,247.6,0,244.4
688.75,44.7,68.7,-24.0,0.0,0.47,0.2905,252.5,0,207.9
689.0,44.7,51.5,-6.9,0.0,0.47,0.4048,367.6,0,156.0
689.25,44.7,39.9,4.8,0.0,0.47,0.403,372.9,0,120.8
689.5,44.7,30.6,14.0,0.0,0.47,0.4012,378.3,0,92.8
689.75,44.7,17.4,0.0,-27.2,0.463,0.3995,383.9,0,52.8
690.0,44.7,10.8,0.0,-33.9,0.454,0.398,389.6,0,32.7
690.25,44.7,2.7,3.9,-38.0,0.444,0.3965,395.3,0,8.3
690.5,44.7,0.0,6.7,-38.0,0.434,0.3952,401.2,0,0.0
690.75,44.7,0.0,6.7,-38.0,0.424,0.3939,407.1,0,0.0
691.0,44.7,0.0,6.7,-38.0,0.414,0.3928,410.0,0,0.0
691.25,44.7,0.0,6.7,-38.0,0.404,0.3919,410.0,0,0.0
691.5,44.7,0.0,6.7,-38.0,0.394,0.391,410.0,0,0.0
691.75,44.7,0.0,6.7,-38.0,0.384,0.3903,410.0,0,0.0
692.0,44.7,0.0,6.7,-38.0,0.374,0.3897,410.0,0,0.0
692.25,44.7,0.0,6.7,-38.0,0.364,0.3893,410.0,0,0.0
692.5,44.7,0.0,6.7,-38.0,0.354,0.389,410.0,0,0.0
692.75,44.7,0.0,6.7,-38.0,0.344,0.3889,410.0,0,0.0
693.0,44.7,0.0,6.7,-38.0,0.334,0.2778,300.0,0,0.0
693.25,44.7,0.0,6.7,-38.0,0.324,0.2779,300.0,0,0.0
693.5,44.7,0.0,6.7,-38.0,0.314,0.2781,300.0,0,0.0
693.75,44.7,0.0,6.7,-38.0,0.304,0.2784,300.0,0,0.0
694.0,44.7,0.0,44.7,0.0,0.304,0.2044,300.0,0,0.0
694.25,44.7,0.0,44.7,0.0,0.304,0.2048,300.0,0,0.0
694.5,44.7,0.0,44.7,0.0,0.304,0.2053,300.0,0,0.0
694.75,44.7,0.0,44.7,0.0,0.304,0.2058,300.0,0,0.0
695.0,44.7,0.0,44.7,0.0,0.304,0.2063,300.0,0,0.0
695.25,44.7,0.0,44.7,0.0,0.304,0.207,300.0,0,0.0
695.5,44.7,0.0,44.7,0.0,0.304,0.2077,300.0,0,0.0
695.75,44.7,0.0,44.7,0.0,0.304,0.2085,300.0,0,0.0
696.0,81.5,0.0,70.0,-11.5,0.301,0.2004,300.0,0,0.0
696.25,81.5,0.0,78.2,-3.4,0.3,0.2012,300.0,0,0.0
696.5,81.6,0.0,81.6,-0.0,0.3,0.2021,300.0,0,0.0
696.75,81.6,0.0,81.6,-0.0,0.3,0.2031,300.0,0,0.0
697.0,79.5,0.0,79.5,-0.0,0.3,0.204,300.0,0,0.0
697.25,78.0,0.0,78.0,-0.0,0.3,0.205,300.0,0,0.0
697.5,81.6,0.0,81.6,-0.0,0.3,0.206,300.0,0,0.0
697.75,81.6,0.0,81.6,-0.0,0.3,0.2071,300.0,0,0.0
698.0,81.6,0.0,81.6,-0.0,0.3,0.2082,300.0,0,0.0
698.25,81.7,0.0,81.7,-0.0,0.3,0.2092,300.0,0,0.0
698.5,76.0,0.0,76.0,-0.0,0.3,0.2103,300.0,0,0.0
698.75,81.7,0.0,81.7,-0.0,0.3,0.2115,300.0,0,0.0
699.0,81.7,0.0,81.7,-0.0,0.3,0.2126,300.0,0,0.0
699.25,81.8,0.0,81.8,-0.0,0.3,0.2137,300.0,0,0.0
699.5,81.8,0.0,81.8,-0.0,0.3,0.2148,300.0,0,0.0
699.75,79.6,0.0,79.6,-0.0,0.3,0.2159,300.0,0,0.0
700.0,78.4,0.0,78.4,-0.0,0.3,0.2169,300.0,0,0.0
700.25,81.9,0.0,81.9,-0.0,0.3,0.218,300.0,0,0.0
700.5,81.9,0.0,81.9,-0.0,0.3,0.219,300.0,0,0.0
700.75,81.9,0.0,81.9,-0.0,0.3,0.22,300.0,0,0.0
701.0,81.9,0.0,81.9,-0.0,0.3,0.221,300.0,0,0.0
701.25,77.2,0.0,77.2,-0.0,0.3,0.2219,300.0,0,0.0
701.5,81.0,0.0,81.0,-0.0,0.3,0.2228,300.0,0,0.0
701.75,82.0,0.0,82.0,-0.0,0.3,0.2236,300.0,0,0.0
702.0,82.0,0.0,82.0,-0.0,0.3,0.306,300.0,0,0.0
702.25,82.1,0.0,82.1,-0.0,0.3,0.307,300.0,0,0.0
702.5,82.1,0.0,82.1,-0.0,0.3,0.3079,300.0,0,0.0
702.75,76.4,0.0,76.4,-0.0,0.3,0.3087,300.0,0,0.0
703.0,82.2,0.0,82.2,-0.0,0.3,0.3095,297.1,0,0.0
703.25,82.2,0.0,82.2,-0.0,0.3,0.3102,291.2,0,0.0
703.5,82.2,0.0,82.2,-0.0,0.3,0.3107,285.3,0,0.0
703.75,55.9,0.0,55.9,0.0,0.3,0.3112,279.6,0,0.0
704.0,82.3,8.7,73.6,-0.0,0.3,0.3116,273.9,0,26.6
704.25,82.3,22.4,60.0,0.0,0.3,0.3119,268.3,0,68.3
704.5,82.4,37.3,45.1,0.0,0.3,0.3121,262.9,0,114.0
704.75,82.4,54.2,28.2,0.0,0.3,0.3122,257.6,0,165.5
705.0,82.1,67.4,14.7,0.0,0.3,0.3122,252.5,0,205.9
705.25,77.0,86.0,-8.9,0.0,0.3,0.3121,247.6,0,262.5
705.5,82.5,99.4,-16.9,0.0,0.3,0.3119,242.9,0,303.6
705.75,82.6,115.0,-32.4,0.0,0.3,0.3116,238.5,0,351.0
706.0,82.6,140.5,-57.9,0.0,0.3,0.3112,234.3,0,429.0
706.25,82.6,148.5,-65.9,0.0,0.3,0.3107,230.4,0,453.5
706.5,80.9,166.9,-86.0,0.0,0.3,0.3102,226.8,0,509.6
706.75,78.7,176.6,-98.0,0.0,0.3,0.3095,223.6,0,539.4
707.0,82.8,197.0,-114.3,0.0,0.3,0.3087,220.6,0,601.6
707.25,82.8,197.1,-114.3,0.0,0.3,0.3079,218.0,0,601.9
707.5,82.8,212.7,-129.9,0.0,0.3,0.307,215.8,0,649.6
707.75,82.9,216.1,-133.2,0.0,0.3,0.306,213.9,0,659.7
708.0,79.7,240.7,-161.0,0.0,0.3,0.3049,212.4,0,735.1
708.25,80.2,225.8,-145.6,0.0,0.3,0.3038,211.2,0,689.5
708.5,82.9,248.5,-165.5,0.0,0.3,0.3026,210.4,0,758.7
708.75,83.0,246.4,-121.3,42.1,0.31,0.3013,210.0,0,752.5
709.0,83.0,243.0,-160.0,0.0,0.31,0.3,210.0,0,742.1
709.25,83.0,237.7,-154.6,0.0,0.31,0.2986,210.4,0,725.7
709.5,79.1,233.7,-154.6,0.0,0.31,0.2973,211.2,0,713.6
709.75,81.2,235.7,-154.5,0.0,0.31,0.2958,212.4,0,719.6
710.0,83.1,217.4,-50.1,84.2,0.33,0.2944,213.9,0,663.8
710.25,83.2,229.4,-62.0,84.2,0.35,0.2929,215.8,0,700.4
710.5,83.2,225.2,-57.8,84.2,0.37,0.2914,218.0,0,687.6
710.75,83.2,198.1,-72.8,42.1,0.38,0.2899,220.6,0,605.0
711.0,77.5,193.7,-116.2,0.0,0.38,0.2883,223.6,0,591.4
711.25,83.0,177.7,-10.5,84.2,0.4,0.2868,226.8,0,542.7
711.5,83.3,166.9,-83.7,0.0,0.4,0.2853,230.4,0,509.8
711.75,63.0,158.3,-53.2,42.1,0.41,0.2839,234.3,0,483.4
712.0,44.7,138.7,-9.8,84.2,0.43,0.2824,238.5,0,423.5
712.25,44.7,130.6,-1.7,84.2,0.45,0.281,242.9,0,398.8
712.5,44.7,111.5,-66.8,0.0,0.45,0.2796,247.6,0,340.4
712.75,44.7,89.9,-3.1,42.1,0.46,0.2782,252.5,0,274.5
713.0,44.7,78.0,-33.4,0.0,0.46,0.3876,367.6,0,238.2
713.25,44.7,58.0,-13.3,0.0,0.46,0.3859,372.9,0,177.1
713.5,44.7,44.6,0.1,0.0,0.46,0.3842,378.3,0,136.1
713.75,44.7,29.6,15.1,0.0,0.46,0.3826,383.9,0,90.3
714.0,44.7,14.8,0.0,-29.9,0.452,0.3811,389.6,0,45.2
714.25,44.7,2.2,4.5,-38.0,0.442,0.3797,395.3,0,6.6
714.5,44.7,0.0,6.7,-38.0,0.432,0.3784,401.2,0,0.0
714.75,44.7,0.0,6.7,-38.0,0.422,0.3772,407.1,0,0.0
715.0,44.7,0.0,6.7,-38.0,0.412,0.3762,410.0,0,0.0
715.25,44.7,0.0,6.7,-38.0,0.402,0.3753,410.0,0,0.0
715.5,44.7,0.0,6.7,-38.0,0.392,0.3744,410.0,0,0.0
715.75,44.7,0.0,6.7,-38.0,0.382,0.3738,410.0,0,0.0
716.0,44.7,0.0,6.7,-38.0,0.372,0.3732,410.0,0,0.0
716.25,44.7,0.0,6.7,-38.0,0.362,0.3728,410.0,0,0.0
716.5,44.7,0.0,6.7,-38.0,0.352,0.3725,410.0,0,0.0
716.75,44.7,0.0,6.7,-38.0,0.342,0.3724,410.0,0,0.0
717.0,44.7,0.0,6.7,-38.0,0.332,0.266,300.0,0,0.0
717.25,44.7,0.0,6.7,-38.0,0.322,0.2661,300.0,0,0.0
717.5,44.7,0.0,6.7,-38.0,0.312,0.2663,300.0,0,0.0
717.75,44.7,0.0,6.7,-38.0,0.302,0.2666,300.0,0,0.0
718.0,44.7,0.0,44.7,0.0,0.302,0.1958,300.0,0,0.0
718.25,44.7,0.0,44.7,0.0,0.302,0.1961,300.0,0,0.0
718.5,44.7,0.0,44.7,0.0,0.302,0.1966,300.0,0,0.0
718.75,44.7,0.0,44.7,0.0,0.302,0.1971,300.0,0,0.0
719.0,44.7,0.0,44.7,0.0,0.302,0.1976,300.0,0,0.0
719.25,44.7,0.0,44.7,0.0,0.302,0.1982,300.0,0,0.0
719.5,44.7,0.0,44.7,0.0,0.302,0.1989,300.0,0,0.0
719.75,44.7,0.0,44.7,0.0,0.302,0.1996,300.0,0,0.0
