ISO-10303-21;
HEADER;
FILE_DESCRIPTION(('FreeCAD Model'),'2;1');
FILE_NAME('Open CASCADE Shape Model','2026-09-07T00:00:14',('FreeCAD'),(
    'FreeCAD'),'Open CASCADE STEP processor 7.8','FreeCAD','Unknown');
FILE_SCHEMA(('AUTOMOTIVE_DESIGN { 1 0 10303 214 1 1 1 1 }'));
ENDSEC;
DATA;
#1 = APPLICATION_PROTOCOL_DEFINITION('international standard',
  'automotive_design',2000,#2);
#2 = APPLICATION_CONTEXT(
  'core data for automotive mechanical design processes');
#3 = SHAPE_DEFINITION_REPRESENTATION(#4,#10);
#4 = PRODUCT_DEFINITION_SHAPE('','',#5);
#5 = PRODUCT_DEFINITION('design','',#6,#9);
#6 = PRODUCT_DEFINITION_FORMATION('','',#7);
#7 = PRODUCT('Open CASCADE STEP translator 7.8 1',
  'Open CASCADE STEP translator 7.8 1','',(#8));
#8 = PRODUCT_CONTEXT('',#2,'mechanical');
#9 = PRODUCT_DEFINITION_CONTEXT('part definition',#2,'design');
#10 = SHAPE_REPRESENTATION('',(#11,#15,#165,#315,#465,#615,#765,#915,
    #1065,#1215,#1365,#1515,#1665,#1815,#1965,#2115,#2265,#2415,#2565,
    #2715,#2865,#3015,#3165,#3315,#3465,#3615,#3765,#3915,#4065,#4215,
    #4365,#4515,#4665,#4815,#4965,#5115,#5265,#5415,#5565,#5618,#5671,
    #5821,#5971,#6121,#6271,#6421,#6571,#6624,#6677,#6827,#6977,#7127,
    #7277,#7427,#7577,#7630,#7683,#7833,#7983,#8133,#8283,#8433,#8583,
    #8636,#8689,#8839,#8989,#9139,#9289,#9439,#9589,#9642,#9695,#9845,
    #9995,#10145,#10295,#10445,#10595,#10648,#10701,#10851,#11001,#11151
    ,#11301,#11451,#11601,#11654,#11707,#11857,#12007,#12157,#12307,
    #12457,#12607,#12660,#12713,#12863,#13013,#13163,#13313,#13463,
    #13613,#13666,#13719,#13869,#14019,#14169,#14319,#14469,#14619,
    #14769,#14919,#15069,#15219,#15369,#15519,#15669,#15819,#15872,
    #15925,#16075,#16225,#16278,#16428,#16578,#16728,#16878,#17028,
    #17178,#17328,#17478,#17628,#17778,#17831,#17884,#17937,#17990,
    #18140,#18290,#18343,#18396,#18449,#18599,#18749,#18899,#19049,
    #19199,#19349,#19499,#19649,#19799,#19949,#20099,#20249,#20399,
    #20549,#20699,#20849,#20999,#21149,#21299,#21449,#21502,#21555,
    #21608,#21661,#21811,#21864,#22014,#22067,#22217,#22367,#22517,
    #22667,#22817,#22967,#23117,#23170,#23320,#23470,#23620,#23770,
    #23920),#24070);
#11 = AXIS2_PLACEMENT_3D('',#12,#13,#14);
#12 = CARTESIAN_POINT('',(0.,0.,0.));
#13 = DIRECTION('',(0.,0.,1.));
#14 = DIRECTION('',(1.,0.,-0.));
#15 = MANIFOLD_SOLID_BREP('',#16);
#16 = CLOSED_SHELL('',(#17,#57,#97,#119,#141,#153));
#17 = ADVANCED_FACE('',(#18),#52,.F.);
#18 = FACE_BOUND('',#19,.F.);
#19 = EDGE_LOOP('',(#20,#30,#38,#46));
#20 = ORIENTED_EDGE('',*,*,#21,.F.);
#21 = EDGE_CURVE('',#22,#24,#26,.T.);
#22 = VERTEX_POINT('',#23);
#23 = CARTESIAN_POINT('',(0.,0.,-10.));
#24 = VERTEX_POINT('',#25);
#25 = CARTESIAN_POINT('',(0.,0.,0.));
#26 = LINE('',#27,#28);
#27 = CARTESIAN_POINT('',(0.,0.,-10.));
#28 = VECTOR('',#29,1.);
#29 = DIRECTION('',(0.,0.,1.));
#30 = ORIENTED_EDGE('',*,*,#31,.T.);
#31 = EDGE_CURVE('',#22,#32,#34,.T.);
#32 = VERTEX_POINT('',#33);
#33 = CARTESIAN_POINT('',(0.,640.,-10.));
#34 = LINE('',#35,#36);
#35 = CARTESIAN_POINT('',(0.,0.,-10.));
#36 = VECTOR('',#37,1.);
#37 = DIRECTION('',(0.,1.,0.));
#38 = ORIENTED_EDGE('',*,*,#39,.T.);
#39 = EDGE_CURVE('',#32,#40,#42,.T.);
#40 = VERTEX_POINT('',#41);
#41 = CARTESIAN_POINT('',(0.,640.,0.));
#42 = LINE('',#43,#44);
#43 = CARTESIAN_POINT('',(0.,640.,-10.));
#44 = VECTOR('',#45,1.);
#45 = DIRECTION('',(0.,0.,1.));
#46 = ORIENTED_EDGE('',*,*,#47,.F.);
#47 = EDGE_CURVE('',#24,#40,#48,.T.);
#48 = LINE('',#49,#50);
#49 = CARTESIAN_POINT('',(0.,0.,0.));
#50 = VECTOR('',#51,1.);
#51 = DIRECTION('',(0.,1.,0.));
#52 = PLANE('',#53);
#53 = AXIS2_PLACEMENT_3D('',#54,#55,#56);
#54 = CARTESIAN_POINT('',(0.,0.,-10.));
#55 = DIRECTION('',(1.,0.,0.));
#56 = DIRECTION('',(0.,0.,1.));
#57 = ADVANCED_FACE('',(#58),#92,.T.);
#58 = FACE_BOUND('',#59,.T.);
#59 = EDGE_LOOP('',(#60,#70,#78,#86));
#60 = ORIENTED_EDGE('',*,*,#61,.F.);
#61 = EDGE_CURVE('',#62,#64,#66,.T.);
#62 = VERTEX_POINT('',#63);
#63 = CARTESIAN_POINT('',(860.,0.,-10.));
#64 = VERTEX_POINT('',#65);
#65 = CARTESIAN_POINT('',(860.,0.,0.));
#66 = LINE('',#67,#68);
#67 = CARTESIAN_POINT('',(860.,0.,-10.));
#68 = VECTOR('',#69,1.);
#69 = DIRECTION('',(0.,0.,1.));
#70 = ORIENTED_EDGE('',*,*,#71,.T.);
#71 = EDGE_CURVE('',#62,#72,#74,.T.);
#72 = VERTEX_POINT('',#73);
#73 = CARTESIAN_POINT('',(860.,640.,-10.));
#74 = LINE('',#75,#76);
#75 = CARTESIAN_POINT('',(860.,0.,-10.));
#76 = VECTOR('',#77,1.);
#77 = DIRECTION('',(0.,1.,0.));
#78 = ORIENTED_EDGE('',*,*,#79,.T.);
#79 = EDGE_CURVE('',#72,#80,#82,.T.);
#80 = VERTEX_POINT('',#81);
#81 = CARTESIAN_POINT('',(860.,640.,0.));
#82 = LINE('',#83,#84);
#83 = CARTESIAN_POINT('',(860.,640.,-10.));
#84 = VECTOR('',#85,1.);
#85 = DIRECTION('',(0.,0.,1.));
#86 = ORIENTED_EDGE('',*,*,#87,.F.);
#87 = EDGE_CURVE('',#64,#80,#88,.T.);
#88 = LINE('',#89,#90);
#89 = CARTESIAN_POINT('',(860.,0.,0.));
#90 = VECTOR('',#91,1.);
#91 = DIRECTION('',(0.,1.,0.));
#92 = PLANE('',#93);
#93 = AXIS2_PLACEMENT_3D('',#94,#95,#96);
#94 = CARTESIAN_POINT('',(860.,0.,-10.));
#95 = DIRECTION('',(1.,0.,0.));
#96 = DIRECTION('',(0.,0.,1.));
#97 = ADVANCED_FACE('',(#98),#114,.F.);
#98 = FACE_BOUND('',#99,.F.);
#99 = EDGE_LOOP('',(#100,#106,#107,#113));
#100 = ORIENTED_EDGE('',*,*,#101,.F.);
#101 = EDGE_CURVE('',#22,#62,#102,.T.);
#102 = LINE('',#103,#104);
#103 = CARTESIAN_POINT('',(0.,0.,-10.));
#104 = VECTOR('',#105,1.);
#105 = DIRECTION('',(1.,0.,0.));
#106 = ORIENTED_EDGE('',*,*,#21,.T.);
#107 = ORIENTED_EDGE('',*,*,#108,.T.);
#108 = EDGE_CURVE('',#24,#64,#109,.T.);
#109 = LINE('',#110,#111);
#110 = CARTESIAN_POINT('',(0.,0.,0.));
#111 = VECTOR('',#112,1.);
#112 = DIRECTION('',(1.,0.,0.));
#113 = ORIENTED_EDGE('',*,*,#61,.F.);
#114 = PLANE('',#115);
#115 = AXIS2_PLACEMENT_3D('',#116,#117,#118);
#116 = CARTESIAN_POINT('',(0.,0.,-10.));
#117 = DIRECTION('',(0.,1.,0.));
#118 = DIRECTION('',(0.,0.,1.));
#119 = ADVANCED_FACE('',(#120),#136,.T.);
#120 = FACE_BOUND('',#121,.T.);
#121 = EDGE_LOOP('',(#122,#128,#129,#135));
#122 = ORIENTED_EDGE('',*,*,#123,.F.);
#123 = EDGE_CURVE('',#32,#72,#124,.T.);
#124 = LINE('',#125,#126);
#125 = CARTESIAN_POINT('',(0.,640.,-10.));
#126 = VECTOR('',#127,1.);
#127 = DIRECTION('',(1.,0.,0.));
#128 = ORIENTED_EDGE('',*,*,#39,.T.);
#129 = ORIENTED_EDGE('',*,*,#130,.T.);
#130 = EDGE_CURVE('',#40,#80,#131,.T.);
#131 = LINE('',#132,#133);
#132 = CARTESIAN_POINT('',(0.,640.,0.));
#133 = VECTOR('',#134,1.);
#134 = DIRECTION('',(1.,0.,0.));
#135 = ORIENTED_EDGE('',*,*,#79,.F.);
#136 = PLANE('',#137);
#137 = AXIS2_PLACEMENT_3D('',#138,#139,#140);
#138 = CARTESIAN_POINT('',(0.,640.,-10.));
#139 = DIRECTION('',(0.,1.,0.));
#140 = DIRECTION('',(0.,0.,1.));
#141 = ADVANCED_FACE('',(#142),#148,.F.);
#142 = FACE_BOUND('',#143,.F.);
#143 = EDGE_LOOP('',(#144,#145,#146,#147));
#144 = ORIENTED_EDGE('',*,*,#31,.F.);
#145 = ORIENTED_EDGE('',*,*,#101,.T.);
#146 = ORIENTED_EDGE('',*,*,#71,.T.);
#147 = ORIENTED_EDGE('',*,*,#123,.F.);
#148 = PLANE('',#149);
#149 = AXIS2_PLACEMENT_3D('',#150,#151,#152);
#150 = CARTESIAN_POINT('',(0.,0.,-10.));
#151 = DIRECTION('',(0.,0.,1.));
#152 = DIRECTION('',(1.,0.,0.));
#153 = ADVANCED_FACE('',(#154),#160,.T.);
#154 = FACE_BOUND('',#155,.T.);
#155 = EDGE_LOOP('',(#156,#157,#158,#159));
#156 = ORIENTED_EDGE('',*,*,#47,.F.);
#157 = ORIENTED_EDGE('',*,*,#108,.T.);
#158 = ORIENTED_EDGE('',*,*,#87,.T.);
#159 = ORIENTED_EDGE('',*,*,#130,.F.);
#160 = PLANE('',#161);
#161 = AXIS2_PLACEMENT_3D('',#162,#163,#164);
#162 = CARTESIAN_POINT('',(0.,0.,0.));
#163 = DIRECTION('',(0.,0.,1.));
#164 = DIRECTION('',(1.,0.,0.));
#165 = MANIFOLD_SOLID_BREP('',#166);
#166 = CLOSED_SHELL('',(#167,#207,#247,#269,#291,#303));
#167 = ADVANCED_FACE('',(#168),#202,.F.);
#168 = FACE_BOUND('',#169,.F.);
#169 = EDGE_LOOP('',(#170,#180,#188,#196));
#170 = ORIENTED_EDGE('',*,*,#171,.F.);
#171 = EDGE_CURVE('',#172,#174,#176,.T.);
#172 = VERTEX_POINT('',#173);
#173 = CARTESIAN_POINT('',(45.,290.,0.));
#174 = VERTEX_POINT('',#175);
#175 = CARTESIAN_POINT('',(45.,290.,420.));
#176 = LINE('',#177,#178);
#177 = CARTESIAN_POINT('',(45.,290.,0.));
#178 = VECTOR('',#179,1.);
#179 = DIRECTION('',(0.,0.,1.));
#180 = ORIENTED_EDGE('',*,*,#181,.T.);
#181 = EDGE_CURVE('',#172,#182,#184,.T.);
#182 = VERTEX_POINT('',#183);
#183 = CARTESIAN_POINT('',(45.,360.,0.));
#184 = LINE('',#185,#186);
#185 = CARTESIAN_POINT('',(45.,290.,0.));
#186 = VECTOR('',#187,1.);
#187 = DIRECTION('',(0.,1.,0.));
#188 = ORIENTED_EDGE('',*,*,#189,.T.);
#189 = EDGE_CURVE('',#182,#190,#192,.T.);
#190 = VERTEX_POINT('',#191);
#191 = CARTESIAN_POINT('',(45.,360.,420.));
#192 = LINE('',#193,#194);
#193 = CARTESIAN_POINT('',(45.,360.,0.));
#194 = VECTOR('',#195,1.);
#195 = DIRECTION('',(0.,0.,1.));
#196 = ORIENTED_EDGE('',*,*,#197,.F.);
#197 = EDGE_CURVE('',#174,#190,#198,.T.);
#198 = LINE('',#199,#200);
#199 = CARTESIAN_POINT('',(45.,290.,420.));
#200 = VECTOR('',#201,1.);
#201 = DIRECTION('',(0.,1.,0.));
#202 = PLANE('',#203);
#203 = AXIS2_PLACEMENT_3D('',#204,#205,#206);
#204 = CARTESIAN_POINT('',(45.,290.,0.));
#205 = DIRECTION('',(1.,0.,0.));
#206 = DIRECTION('',(0.,0.,1.));
#207 = ADVANCED_FACE('',(#208),#242,.T.);
#208 = FACE_BOUND('',#209,.T.);
#209 = EDGE_LOOP('',(#210,#220,#228,#236));
#210 = ORIENTED_EDGE('',*,*,#211,.F.);
#211 = EDGE_CURVE('',#212,#214,#216,.T.);
#212 = VERTEX_POINT('',#213);
#213 = CARTESIAN_POINT('',(75.,290.,0.));
#214 = VERTEX_POINT('',#215);
#215 = CARTESIAN_POINT('',(75.,290.,420.));
#216 = LINE('',#217,#218);
#217 = CARTESIAN_POINT('',(75.,290.,0.));
#218 = VECTOR('',#219,1.);
#219 = DIRECTION('',(0.,0.,1.));
#220 = ORIENTED_EDGE('',*,*,#221,.T.);
#221 = EDGE_CURVE('',#212,#222,#224,.T.);
#222 = VERTEX_POINT('',#223);
#223 = CARTESIAN_POINT('',(75.,360.,0.));
#224 = LINE('',#225,#226);
#225 = CARTESIAN_POINT('',(75.,290.,0.));
#226 = VECTOR('',#227,1.);
#227 = DIRECTION('',(0.,1.,0.));
#228 = ORIENTED_EDGE('',*,*,#229,.T.);
#229 = EDGE_CURVE('',#222,#230,#232,.T.);
#230 = VERTEX_POINT('',#231);
#231 = CARTESIAN_POINT('',(75.,360.,420.));
#232 = LINE('',#233,#234);
#233 = CARTESIAN_POINT('',(75.,360.,0.));
#234 = VECTOR('',#235,1.);
#235 = DIRECTION('',(0.,0.,1.));
#236 = ORIENTED_EDGE('',*,*,#237,.F.);
#237 = EDGE_CURVE('',#214,#230,#238,.T.);
#238 = LINE('',#239,#240);
#239 = CARTESIAN_POINT('',(75.,290.,420.));
#240 = VECTOR('',#241,1.);
#241 = DIRECTION('',(0.,1.,0.));
#242 = PLANE('',#243);
#243 = AXIS2_PLACEMENT_3D('',#244,#245,#246);
#244 = CARTESIAN_POINT('',(75.,290.,0.));
#245 = DIRECTION('',(1.,0.,0.));
#246 = DIRECTION('',(0.,0.,1.));
#247 = ADVANCED_FACE('',(#248),#264,.F.);
#248 = FACE_BOUND('',#249,.F.);
#249 = EDGE_LOOP('',(#250,#256,#257,#263));
#250 = ORIENTED_EDGE('',*,*,#251,.F.);
#251 = EDGE_CURVE('',#172,#212,#252,.T.);
#252 = LINE('',#253,#254);
#253 = CARTESIAN_POINT('',(45.,290.,0.));
#254 = VECTOR('',#255,1.);
#255 = DIRECTION('',(1.,0.,0.));
#256 = ORIENTED_EDGE('',*,*,#171,.T.);
#257 = ORIENTED_EDGE('',*,*,#258,.T.);
#258 = EDGE_CURVE('',#174,#214,#259,.T.);
#259 = LINE('',#260,#261);
#260 = CARTESIAN_POINT('',(45.,290.,420.));
#261 = VECTOR('',#262,1.);
#262 = DIRECTION('',(1.,0.,0.));
#263 = ORIENTED_EDGE('',*,*,#211,.F.);
#264 = PLANE('',#265);
#265 = AXIS2_PLACEMENT_3D('',#266,#267,#268);
#266 = CARTESIAN_POINT('',(45.,290.,0.));
#267 = DIRECTION('',(0.,1.,0.));
#268 = DIRECTION('',(0.,0.,1.));
#269 = ADVANCED_FACE('',(#270),#286,.T.);
#270 = FACE_BOUND('',#271,.T.);
#271 = EDGE_LOOP('',(#272,#278,#279,#285));
#272 = ORIENTED_EDGE('',*,*,#273,.F.);
#273 = EDGE_CURVE('',#182,#222,#274,.T.);
#274 = LINE('',#275,#276);
#275 = CARTESIAN_POINT('',(45.,360.,0.));
#276 = VECTOR('',#277,1.);
#277 = DIRECTION('',(1.,0.,0.));
#278 = ORIENTED_EDGE('',*,*,#189,.T.);
#279 = ORIENTED_EDGE('',*,*,#280,.T.);
#280 = EDGE_CURVE('',#190,#230,#281,.T.);
#281 = LINE('',#282,#283);
#282 = CARTESIAN_POINT('',(45.,360.,420.));
#283 = VECTOR('',#284,1.);
#284 = DIRECTION('',(1.,0.,0.));
#285 = ORIENTED_EDGE('',*,*,#229,.F.);
#286 = PLANE('',#287);
#287 = AXIS2_PLACEMENT_3D('',#288,#289,#290);
#288 = CARTESIAN_POINT('',(45.,360.,0.));
#289 = DIRECTION('',(0.,1.,0.));
#290 = DIRECTION('',(0.,0.,1.));
#291 = ADVANCED_FACE('',(#292),#298,.F.);
#292 = FACE_BOUND('',#293,.F.);
#293 = EDGE_LOOP('',(#294,#295,#296,#297));
#294 = ORIENTED_EDGE('',*,*,#181,.F.);
#295 = ORIENTED_EDGE('',*,*,#251,.T.);
#296 = ORIENTED_EDGE('',*,*,#221,.T.);
#297 = ORIENTED_EDGE('',*,*,#273,.F.);
#298 = PLANE('',#299);
#299 = AXIS2_PLACEMENT_3D('',#300,#301,#302);
#300 = CARTESIAN_POINT('',(45.,290.,0.));
#301 = DIRECTION('',(0.,0.,1.));
#302 = DIRECTION('',(1.,0.,0.));
#303 = ADVANCED_FACE('',(#304),#310,.T.);
#304 = FACE_BOUND('',#305,.T.);
#305 = EDGE_LOOP('',(#306,#307,#308,#309));
#306 = ORIENTED_EDGE('',*,*,#197,.F.);
#307 = ORIENTED_EDGE('',*,*,#258,.T.);
#308 = ORIENTED_EDGE('',*,*,#237,.T.);
#309 = ORIENTED_EDGE('',*,*,#280,.F.);
#310 = PLANE('',#311);
#311 = AXIS2_PLACEMENT_3D('',#312,#313,#314);
#312 = CARTESIAN_POINT('',(45.,290.,420.));
#313 = DIRECTION('',(0.,0.,1.));
#314 = DIRECTION('',(1.,0.,0.));
#315 = MANIFOLD_SOLID_BREP('',#316);
#316 = CLOSED_SHELL('',(#317,#357,#397,#419,#441,#453));
#317 = ADVANCED_FACE('',(#318),#352,.F.);
#318 = FACE_BOUND('',#319,.F.);
#319 = EDGE_LOOP('',(#320,#330,#338,#346));
#320 = ORIENTED_EDGE('',*,*,#321,.F.);
#321 = EDGE_CURVE('',#322,#324,#326,.T.);
#322 = VERTEX_POINT('',#323);
#323 = CARTESIAN_POINT('',(165.,290.,0.));
#324 = VERTEX_POINT('',#325);
#325 = CARTESIAN_POINT('',(165.,290.,420.));
#326 = LINE('',#327,#328);
#327 = CARTESIAN_POINT('',(165.,290.,0.));
#328 = VECTOR('',#329,1.);
#329 = DIRECTION('',(0.,0.,1.));
#330 = ORIENTED_EDGE('',*,*,#331,.T.);
#331 = EDGE_CURVE('',#322,#332,#334,.T.);
#332 = VERTEX_POINT('',#333);
#333 = CARTESIAN_POINT('',(165.,360.,0.));
#334 = LINE('',#335,#336);
#335 = CARTESIAN_POINT('',(165.,290.,0.));
#336 = VECTOR('',#337,1.);
#337 = DIRECTION('',(0.,1.,0.));
#338 = ORIENTED_EDGE('',*,*,#339,.T.);
#339 = EDGE_CURVE('',#332,#340,#342,.T.);
#340 = VERTEX_POINT('',#341);
#341 = CARTESIAN_POINT('',(165.,360.,420.));
#342 = LINE('',#343,#344);
#343 = CARTESIAN_POINT('',(165.,360.,0.));
#344 = VECTOR('',#345,1.);
#345 = DIRECTION('',(0.,0.,1.));
#346 = ORIENTED_EDGE('',*,*,#347,.F.);
#347 = EDGE_CURVE('',#324,#340,#348,.T.);
#348 = LINE('',#349,#350);
#349 = CARTESIAN_POINT('',(165.,290.,420.));
#350 = VECTOR('',#351,1.);
#351 = DIRECTION('',(0.,1.,0.));
#352 = PLANE('',#353);
#353 = AXIS2_PLACEMENT_3D('',#354,#355,#356);
#354 = CARTESIAN_POINT('',(165.,290.,0.));
#355 = DIRECTION('',(1.,0.,0.));
#356 = DIRECTION('',(0.,0.,1.));
#357 = ADVANCED_FACE('',(#358),#392,.T.);
#358 = FACE_BOUND('',#359,.T.);
#359 = EDGE_LOOP('',(#360,#370,#378,#386));
#360 = ORIENTED_EDGE('',*,*,#361,.F.);
#361 = EDGE_CURVE('',#362,#364,#366,.T.);
#362 = VERTEX_POINT('',#363);
#363 = CARTESIAN_POINT('',(195.,290.,0.));
#364 = VERTEX_POINT('',#365);
#365 = CARTESIAN_POINT('',(195.,290.,420.));
#366 = LINE('',#367,#368);
#367 = CARTESIAN_POINT('',(195.,290.,0.));
#368 = VECTOR('',#369,1.);
#369 = DIRECTION('',(0.,0.,1.));
#370 = ORIENTED_EDGE('',*,*,#371,.T.);
#371 = EDGE_CURVE('',#362,#372,#374,.T.);
#372 = VERTEX_POINT('',#373);
#373 = CARTESIAN_POINT('',(195.,360.,0.));
#374 = LINE('',#375,#376);
#375 = CARTESIAN_POINT('',(195.,290.,0.));
#376 = VECTOR('',#377,1.);
#377 = DIRECTION('',(0.,1.,0.));
#378 = ORIENTED_EDGE('',*,*,#379,.T.);
#379 = EDGE_CURVE('',#372,#380,#382,.T.);
#380 = VERTEX_POINT('',#381);
#381 = CARTESIAN_POINT('',(195.,360.,420.));
#382 = LINE('',#383,#384);
#383 = CARTESIAN_POINT('',(195.,360.,0.));
#384 = VECTOR('',#385,1.);
#385 = DIRECTION('',(0.,0.,1.));
#386 = ORIENTED_EDGE('',*,*,#387,.F.);
#387 = EDGE_CURVE('',#364,#380,#388,.T.);
#388 = LINE('',#389,#390);
#389 = CARTESIAN_POINT('',(195.,290.,420.));
#390 = VECTOR('',#391,1.);
#391 = DIRECTION('',(0.,1.,0.));
#392 = PLANE('',#393);
#393 = AXIS2_PLACEMENT_3D('',#394,#395,#396);
#394 = CARTESIAN_POINT('',(195.,290.,0.));
#395 = DIRECTION('',(1.,0.,0.));
#396 = DIRECTION('',(0.,0.,1.));
#397 = ADVANCED_FACE('',(#398),#414,.F.);
#398 = FACE_BOUND('',#399,.F.);
#399 = EDGE_LOOP('',(#400,#406,#407,#413));
#400 = ORIENTED_EDGE('',*,*,#401,.F.);
#401 = EDGE_CURVE('',#322,#362,#402,.T.);
#402 = LINE('',#403,#404);
#403 = CARTESIAN_POINT('',(165.,290.,0.));
#404 = VECTOR('',#405,1.);
#405 = DIRECTION('',(1.,0.,0.));
#406 = ORIENTED_EDGE('',*,*,#321,.T.);
#407 = ORIENTED_EDGE('',*,*,#408,.T.);
#408 = EDGE_CURVE('',#324,#364,#409,.T.);
#409 = LINE('',#410,#411);
#410 = CARTESIAN_POINT('',(165.,290.,420.));
#411 = VECTOR('',#412,1.);
#412 = DIRECTION('',(1.,0.,0.));
#413 = ORIENTED_EDGE('',*,*,#361,.F.);
#414 = PLANE('',#415);
#415 = AXIS2_PLACEMENT_3D('',#416,#417,#418);
#416 = CARTESIAN_POINT('',(165.,290.,0.));
#417 = DIRECTION('',(0.,1.,0.));
#418 = DIRECTION('',(0.,0.,1.));
#419 = ADVANCED_FACE('',(#420),#436,.T.);
#420 = FACE_BOUND('',#421,.T.);
#421 = EDGE_LOOP('',(#422,#428,#429,#435));
#422 = ORIENTED_EDGE('',*,*,#423,.F.);
#423 = EDGE_CURVE('',#332,#372,#424,.T.);
#424 = LINE('',#425,#426);
#425 = CARTESIAN_POINT('',(165.,360.,0.));
#426 = VECTOR('',#427,1.);
#427 = DIRECTION('',(1.,0.,0.));
#428 = ORIENTED_EDGE('',*,*,#339,.T.);
#429 = ORIENTED_EDGE('',*,*,#430,.T.);
#430 = EDGE_CURVE('',#340,#380,#431,.T.);
#431 = LINE('',#432,#433);
#432 = CARTESIAN_POINT('',(165.,360.,420.));
#433 = VECTOR('',#434,1.);
#434 = DIRECTION('',(1.,0.,0.));
#435 = ORIENTED_EDGE('',*,*,#379,.F.);
#436 = PLANE('',#437);
#437 = AXIS2_PLACEMENT_3D('',#438,#439,#440);
#438 = CARTESIAN_POINT('',(165.,360.,0.));
#439 = DIRECTION('',(0.,1.,0.));
#440 = DIRECTION('',(0.,0.,1.));
#441 = ADVANCED_FACE('',(#442),#448,.F.);
#442 = FACE_BOUND('',#443,.F.);
#443 = EDGE_LOOP('',(#444,#445,#446,#447));
#444 = ORIENTED_EDGE('',*,*,#331,.F.);
#445 = ORIENTED_EDGE('',*,*,#401,.T.);
#446 = ORIENTED_EDGE('',*,*,#371,.T.);
#447 = ORIENTED_EDGE('',*,*,#423,.F.);
#448 = PLANE('',#449);
#449 = AXIS2_PLACEMENT_3D('',#450,#451,#452);
#450 = CARTESIAN_POINT('',(165.,290.,0.));
#451 = DIRECTION('',(0.,0.,1.));
#452 = DIRECTION('',(1.,0.,0.));
#453 = ADVANCED_FACE('',(#454),#460,.T.);
#454 = FACE_BOUND('',#455,.T.);
#455 = EDGE_LOOP('',(#456,#457,#458,#459));
#456 = ORIENTED_EDGE('',*,*,#347,.F.);
#457 = ORIENTED_EDGE('',*,*,#408,.T.);
#458 = ORIENTED_EDGE('',*,*,#387,.T.);
#459 = ORIENTED_EDGE('',*,*,#430,.F.);
#460 = PLANE('',#461);
#461 = AXIS2_PLACEMENT_3D('',#462,#463,#464);
#462 = CARTESIAN_POINT('',(165.,290.,420.));
#463 = DIRECTION('',(0.,0.,1.));
#464 = DIRECTION('',(1.,0.,0.));
#465 = MANIFOLD_SOLID_BREP('',#466);
#466 = CLOSED_SHELL('',(#467,#507,#547,#569,#591,#603));
#467 = ADVANCED_FACE('',(#468),#502,.F.);
#468 = FACE_BOUND('',#469,.F.);
#469 = EDGE_LOOP('',(#470,#480,#488,#496));
#470 = ORIENTED_EDGE('',*,*,#471,.F.);
#471 = EDGE_CURVE('',#472,#474,#476,.T.);
#472 = VERTEX_POINT('',#473);
#473 = CARTESIAN_POINT('',(285.,290.,0.));
#474 = VERTEX_POINT('',#475);
#475 = CARTESIAN_POINT('',(285.,290.,420.));
#476 = LINE('',#477,#478);
#477 = CARTESIAN_POINT('',(285.,290.,0.));
#478 = VECTOR('',#479,1.);
#479 = DIRECTION('',(0.,0.,1.));
#480 = ORIENTED_EDGE('',*,*,#481,.T.);
#481 = EDGE_CURVE('',#472,#482,#484,.T.);
#482 = VERTEX_POINT('',#483);
#483 = CARTESIAN_POINT('',(285.,360.,0.));
#484 = LINE('',#485,#486);
#485 = CARTESIAN_POINT('',(285.,290.,0.));
#486 = VECTOR('',#487,1.);
#487 = DIRECTION('',(0.,1.,0.));
#488 = ORIENTED_EDGE('',*,*,#489,.T.);
#489 = EDGE_CURVE('',#482,#490,#492,.T.);
#490 = VERTEX_POINT('',#491);
#491 = CARTESIAN_POINT('',(285.,360.,420.));
#492 = LINE('',#493,#494);
#493 = CARTESIAN_POINT('',(285.,360.,0.));
#494 = VECTOR('',#495,1.);
#495 = DIRECTION('',(0.,0.,1.));
#496 = ORIENTED_EDGE('',*,*,#497,.F.);
#497 = EDGE_CURVE('',#474,#490,#498,.T.);
#498 = LINE('',#499,#500);
#499 = CARTESIAN_POINT('',(285.,290.,420.));
#500 = VECTOR('',#501,1.);
#501 = DIRECTION('',(0.,1.,0.));
#502 = PLANE('',#503);
#503 = AXIS2_PLACEMENT_3D('',#504,#505,#506);
#504 = CARTESIAN_POINT('',(285.,290.,0.));
#505 = DIRECTION('',(1.,0.,0.));
#506 = DIRECTION('',(0.,0.,1.));
#507 = ADVANCED_FACE('',(#508),#542,.T.);
#508 = FACE_BOUND('',#509,.T.);
#509 = EDGE_LOOP('',(#510,#520,#528,#536));
#510 = ORIENTED_EDGE('',*,*,#511,.F.);
#511 = EDGE_CURVE('',#512,#514,#516,.T.);
#512 = VERTEX_POINT('',#513);
#513 = CARTESIAN_POINT('',(315.,290.,0.));
#514 = VERTEX_POINT('',#515);
#515 = CARTESIAN_POINT('',(315.,290.,420.));
#516 = LINE('',#517,#518);
#517 = CARTESIAN_POINT('',(315.,290.,0.));
#518 = VECTOR('',#519,1.);
#519 = DIRECTION('',(0.,0.,1.));
#520 = ORIENTED_EDGE('',*,*,#521,.T.);
#521 = EDGE_CURVE('',#512,#522,#524,.T.);
#522 = VERTEX_POINT('',#523);
#523 = CARTESIAN_POINT('',(315.,360.,0.));
#524 = LINE('',#525,#526);
#525 = CARTESIAN_POINT('',(315.,290.,0.));
#526 = VECTOR('',#527,1.);
#527 = DIRECTION('',(0.,1.,0.));
#528 = ORIENTED_EDGE('',*,*,#529,.T.);
#529 = EDGE_CURVE('',#522,#530,#532,.T.);
#530 = VERTEX_POINT('',#531);
#531 = CARTESIAN_POINT('',(315.,360.,420.));
#532 = LINE('',#533,#534);
#533 = CARTESIAN_POINT('',(315.,360.,0.));
#534 = VECTOR('',#535,1.);
#535 = DIRECTION('',(0.,0.,1.));
#536 = ORIENTED_EDGE('',*,*,#537,.F.);
#537 = EDGE_CURVE('',#514,#530,#538,.T.);
#538 = LINE('',#539,#540);
#539 = CARTESIAN_POINT('',(315.,290.,420.));
#540 = VECTOR('',#541,1.);
#541 = DIRECTION('',(0.,1.,0.));
#542 = PLANE('',#543);
#543 = AXIS2_PLACEMENT_3D('',#544,#545,#546);
#544 = CARTESIAN_POINT('',(315.,290.,0.));
#545 = DIRECTION('',(1.,0.,0.));
#546 = DIRECTION('',(0.,0.,1.));
#547 = ADVANCED_FACE('',(#548),#564,.F.);
#548 = FACE_BOUND('',#549,.F.);
#549 = EDGE_LOOP('',(#550,#556,#557,#563));
#550 = ORIENTED_EDGE('',*,*,#551,.F.);
#551 = EDGE_CURVE('',#472,#512,#552,.T.);
#552 = LINE('',#553,#554);
#553 = CARTESIAN_POINT('',(285.,290.,0.));
#554 = VECTOR('',#555,1.);
#555 = DIRECTION('',(1.,0.,0.));
#556 = ORIENTED_EDGE('',*,*,#471,.T.);
#557 = ORIENTED_EDGE('',*,*,#558,.T.);
#558 = EDGE_CURVE('',#474,#514,#559,.T.);
#559 = LINE('',#560,#561);
#560 = CARTESIAN_POINT('',(285.,290.,420.));
#561 = VECTOR('',#562,1.);
#562 = DIRECTION('',(1.,0.,0.));
#563 = ORIENTED_EDGE('',*,*,#511,.F.);
#564 = PLANE('',#565);
#565 = AXIS2_PLACEMENT_3D('',#566,#567,#568);
#566 = CARTESIAN_POINT('',(285.,290.,0.));
#567 = DIRECTION('',(0.,1.,0.));
#568 = DIRECTION('',(0.,0.,1.));
#569 = ADVANCED_FACE('',(#570),#586,.T.);
#570 = FACE_BOUND('',#571,.T.);
#571 = EDGE_LOOP('',(#572,#578,#579,#585));
#572 = ORIENTED_EDGE('',*,*,#573,.F.);
#573 = EDGE_CURVE('',#482,#522,#574,.T.);
#574 = LINE('',#575,#576);
#575 = CARTESIAN_POINT('',(285.,360.,0.));
#576 = VECTOR('',#577,1.);
#577 = DIRECTION('',(1.,0.,0.));
#578 = ORIENTED_EDGE('',*,*,#489,.T.);
#579 = ORIENTED_EDGE('',*,*,#580,.T.);
#580 = EDGE_CURVE('',#490,#530,#581,.T.);
#581 = LINE('',#582,#583);
#582 = CARTESIAN_POINT('',(285.,360.,420.));
#583 = VECTOR('',#584,1.);
#584 = DIRECTION('',(1.,0.,0.));
#585 = ORIENTED_EDGE('',*,*,#529,.F.);
#586 = PLANE('',#587);
#587 = AXIS2_PLACEMENT_3D('',#588,#589,#590);
#588 = CARTESIAN_POINT('',(285.,360.,0.));
#589 = DIRECTION('',(0.,1.,0.));
#590 = DIRECTION('',(0.,0.,1.));
#591 = ADVANCED_FACE('',(#592),#598,.F.);
#592 = FACE_BOUND('',#593,.F.);
#593 = EDGE_LOOP('',(#594,#595,#596,#597));
#594 = ORIENTED_EDGE('',*,*,#481,.F.);
#595 = ORIENTED_EDGE('',*,*,#551,.T.);
#596 = ORIENTED_EDGE('',*,*,#521,.T.);
#597 = ORIENTED_EDGE('',*,*,#573,.F.);
#598 = PLANE('',#599);
#599 = AXIS2_PLACEMENT_3D('',#600,#601,#602);
#600 = CARTESIAN_POINT('',(285.,290.,0.));
#601 = DIRECTION('',(0.,0.,1.));
#602 = DIRECTION('',(1.,0.,0.));
#603 = ADVANCED_FACE('',(#604),#610,.T.);
#604 = FACE_BOUND('',#605,.T.);
#605 = EDGE_LOOP('',(#606,#607,#608,#609));
#606 = ORIENTED_EDGE('',*,*,#497,.F.);
#607 = ORIENTED_EDGE('',*,*,#558,.T.);
#608 = ORIENTED_EDGE('',*,*,#537,.T.);
#609 = ORIENTED_EDGE('',*,*,#580,.F.);
#610 = PLANE('',#611);
#611 = AXIS2_PLACEMENT_3D('',#612,#613,#614);
#612 = CARTESIAN_POINT('',(285.,290.,420.));
#613 = DIRECTION('',(0.,0.,1.));
#614 = DIRECTION('',(1.,0.,0.));
#615 = MANIFOLD_SOLID_BREP('',#616);
#616 = CLOSED_SHELL('',(#617,#657,#697,#719,#741,#753));
#617 = ADVANCED_FACE('',(#618),#652,.F.);
#618 = FACE_BOUND('',#619,.F.);
#619 = EDGE_LOOP('',(#620,#630,#638,#646));
#620 = ORIENTED_EDGE('',*,*,#621,.F.);
#621 = EDGE_CURVE('',#622,#624,#626,.T.);
#622 = VERTEX_POINT('',#623);
#623 = CARTESIAN_POINT('',(405.,290.,0.));
#624 = VERTEX_POINT('',#625);
#625 = CARTESIAN_POINT('',(405.,290.,420.));
#626 = LINE('',#627,#628);
#627 = CARTESIAN_POINT('',(405.,290.,0.));
#628 = VECTOR('',#629,1.);
#629 = DIRECTION('',(0.,0.,1.));
#630 = ORIENTED_EDGE('',*,*,#631,.T.);
#631 = EDGE_CURVE('',#622,#632,#634,.T.);
#632 = VERTEX_POINT('',#633);
#633 = CARTESIAN_POINT('',(405.,360.,0.));
#634 = LINE('',#635,#636);
#635 = CARTESIAN_POINT('',(405.,290.,0.));
#636 = VECTOR('',#637,1.);
#637 = DIRECTION('',(0.,1.,0.));
#638 = ORIENTED_EDGE('',*,*,#639,.T.);
#639 = EDGE_CURVE('',#632,#640,#642,.T.);
#640 = VERTEX_POINT('',#641);
#641 = CARTESIAN_POINT('',(405.,360.,420.));
#642 = LINE('',#643,#644);
#643 = CARTESIAN_POINT('',(405.,360.,0.));
#644 = VECTOR('',#645,1.);
#645 = DIRECTION('',(0.,0.,1.));
#646 = ORIENTED_EDGE('',*,*,#647,.F.);
#647 = EDGE_CURVE('',#624,#640,#648,.T.);
#648 = LINE('',#649,#650);
#649 = CARTESIAN_POINT('',(405.,290.,420.));
#650 = VECTOR('',#651,1.);
#651 = DIRECTION('',(0.,1.,0.));
#652 = PLANE('',#653);
#653 = AXIS2_PLACEMENT_3D('',#654,#655,#656);
#654 = CARTESIAN_POINT('',(405.,290.,0.));
#655 = DIRECTION('',(1.,0.,0.));
#656 = DIRECTION('',(0.,0.,1.));
#657 = ADVANCED_FACE('',(#658),#692,.T.);
#658 = FACE_BOUND('',#659,.T.);
#659 = EDGE_LOOP('',(#660,#670,#678,#686));
#660 = ORIENTED_EDGE('',*,*,#661,.F.);
#661 = EDGE_CURVE('',#662,#664,#666,.T.);
#662 = VERTEX_POINT('',#663);
#663 = CARTESIAN_POINT('',(435.,290.,0.));
#664 = VERTEX_POINT('',#665);
#665 = CARTESIAN_POINT('',(435.,290.,420.));
#666 = LINE('',#667,#668);
#667 = CARTESIAN_POINT('',(435.,290.,0.));
#668 = VECTOR('',#669,1.);
#669 = DIRECTION('',(0.,0.,1.));
#670 = ORIENTED_EDGE('',*,*,#671,.T.);
#671 = EDGE_CURVE('',#662,#672,#674,.T.);
#672 = VERTEX_POINT('',#673);
#673 = CARTESIAN_POINT('',(435.,360.,0.));
#674 = LINE('',#675,#676);
#675 = CARTESIAN_POINT('',(435.,290.,0.));
#676 = VECTOR('',#677,1.);
#677 = DIRECTION('',(0.,1.,0.));
#678 = ORIENTED_EDGE('',*,*,#679,.T.);
#679 = EDGE_CURVE('',#672,#680,#682,.T.);
#680 = VERTEX_POINT('',#681);
#681 = CARTESIAN_POINT('',(435.,360.,420.));
#682 = LINE('',#683,#684);
#683 = CARTESIAN_POINT('',(435.,360.,0.));
#684 = VECTOR('',#685,1.);
#685 = DIRECTION('',(0.,0.,1.));
#686 = ORIENTED_EDGE('',*,*,#687,.F.);
#687 = EDGE_CURVE('',#664,#680,#688,.T.);
#688 = LINE('',#689,#690);
#689 = CARTESIAN_POINT('',(435.,290.,420.));
#690 = VECTOR('',#691,1.);
#691 = DIRECTION('',(0.,1.,0.));
#692 = PLANE('',#693);
#693 = AXIS2_PLACEMENT_3D('',#694,#695,#696);
#694 = CARTESIAN_POINT('',(435.,290.,0.));
#695 = DIRECTION('',(1.,0.,0.));
#696 = DIRECTION('',(0.,0.,1.));
#697 = ADVANCED_FACE('',(#698),#714,.F.);
#698 = FACE_BOUND('',#699,.F.);
#699 = EDGE_LOOP('',(#700,#706,#707,#713));
#700 = ORIENTED_EDGE('',*,*,#701,.F.);
#701 = EDGE_CURVE('',#622,#662,#702,.T.);
#702 = LINE('',#703,#704);
#703 = CARTESIAN_POINT('',(405.,290.,0.));
#704 = VECTOR('',#705,1.);
#705 = DIRECTION('',(1.,0.,0.));
#706 = ORIENTED_EDGE('',*,*,#621,.T.);
#707 = ORIENTED_EDGE('',*,*,#708,.T.);
#708 = EDGE_CURVE('',#624,#664,#709,.T.);
#709 = LINE('',#710,#711);
#710 = CARTESIAN_POINT('',(405.,290.,420.));
#711 = VECTOR('',#712,1.);
#712 = DIRECTION('',(1.,0.,0.));
#713 = ORIENTED_EDGE('',*,*,#661,.F.);
#714 = PLANE('',#715);
#715 = AXIS2_PLACEMENT_3D('',#716,#717,#718);
#716 = CARTESIAN_POINT('',(405.,290.,0.));
#717 = DIRECTION('',(0.,1.,0.));
#718 = DIRECTION('',(0.,0.,1.));
#719 = ADVANCED_FACE('',(#720),#736,.T.);
#720 = FACE_BOUND('',#721,.T.);
#721 = EDGE_LOOP('',(#722,#728,#729,#735));
#722 = ORIENTED_EDGE('',*,*,#723,.F.);
#723 = EDGE_CURVE('',#632,#672,#724,.T.);
#724 = LINE('',#725,#726);
#725 = CARTESIAN_POINT('',(405.,360.,0.));
#726 = VECTOR('',#727,1.);
#727 = DIRECTION('',(1.,0.,0.));
#728 = ORIENTED_EDGE('',*,*,#639,.T.);
#729 = ORIENTED_EDGE('',*,*,#730,.T.);
#730 = EDGE_CURVE('',#640,#680,#731,.T.);
#731 = LINE('',#732,#733);
#732 = CARTESIAN_POINT('',(405.,360.,420.));
#733 = VECTOR('',#734,1.);
#734 = DIRECTION('',(1.,0.,0.));
#735 = ORIENTED_EDGE('',*,*,#679,.F.);
#736 = PLANE('',#737);
#737 = AXIS2_PLACEMENT_3D('',#738,#739,#740);
#738 = CARTESIAN_POINT('',(405.,360.,0.));
#739 = DIRECTION('',(0.,1.,0.));
#740 = DIRECTION('',(0.,0.,1.));
#741 = ADVANCED_FACE('',(#742),#748,.F.);
#742 = FACE_BOUND('',#743,.F.);
#743 = EDGE_LOOP('',(#744,#745,#746,#747));
#744 = ORIENTED_EDGE('',*,*,#631,.F.);
#745 = ORIENTED_EDGE('',*,*,#701,.T.);
#746 = ORIENTED_EDGE('',*,*,#671,.T.);
#747 = ORIENTED_EDGE('',*,*,#723,.F.);
#748 = PLANE('',#749);
#749 = AXIS2_PLACEMENT_3D('',#750,#751,#752);
#750 = CARTESIAN_POINT('',(405.,290.,0.));
#751 = DIRECTION('',(0.,0.,1.));
#752 = DIRECTION('',(1.,0.,0.));
#753 = ADVANCED_FACE('',(#754),#760,.T.);
#754 = FACE_BOUND('',#755,.T.);
#755 = EDGE_LOOP('',(#756,#757,#758,#759));
#756 = ORIENTED_EDGE('',*,*,#647,.F.);
#757 = ORIENTED_EDGE('',*,*,#708,.T.);
#758 = ORIENTED_EDGE('',*,*,#687,.T.);
#759 = ORIENTED_EDGE('',*,*,#730,.F.);
#760 = PLANE('',#761);
#761 = AXIS2_PLACEMENT_3D('',#762,#763,#764);
#762 = CARTESIAN_POINT('',(405.,290.,420.));
#763 = DIRECTION('',(0.,0.,1.));
#764 = DIRECTION('',(1.,0.,0.));
#765 = MANIFOLD_SOLID_BREP('',#766);
#766 = CLOSED_SHELL('',(#767,#807,#847,#869,#891,#903));
#767 = ADVANCED_FACE('',(#768),#802,.F.);
#768 = FACE_BOUND('',#769,.F.);
#769 = EDGE_LOOP('',(#770,#780,#788,#796));
#770 = ORIENTED_EDGE('',*,*,#771,.F.);
#771 = EDGE_CURVE('',#772,#774,#776,.T.);
#772 = VERTEX_POINT('',#773);
#773 = CARTESIAN_POINT('',(525.,290.,0.));
#774 = VERTEX_POINT('',#775);
#775 = CARTESIAN_POINT('',(525.,290.,420.));
#776 = LINE('',#777,#778);
#777 = CARTESIAN_POINT('',(525.,290.,0.));
#778 = VECTOR('',#779,1.);
#779 = DIRECTION('',(0.,0.,1.));
#780 = ORIENTED_EDGE('',*,*,#781,.T.);
#781 = EDGE_CURVE('',#772,#782,#784,.T.);
#782 = VERTEX_POINT('',#783);
#783 = CARTESIAN_POINT('',(525.,360.,0.));
#784 = LINE('',#785,#786);
#785 = CARTESIAN_POINT('',(525.,290.,0.));
#786 = VECTOR('',#787,1.);
#787 = DIRECTION('',(0.,1.,0.));
#788 = ORIENTED_EDGE('',*,*,#789,.T.);
#789 = EDGE_CURVE('',#782,#790,#792,.T.);
#790 = VERTEX_POINT('',#791);
#791 = CARTESIAN_POINT('',(525.,360.,420.));
#792 = LINE('',#793,#794);
#793 = CARTESIAN_POINT('',(525.,360.,0.));
#794 = VECTOR('',#795,1.);
#795 = DIRECTION('',(0.,0.,1.));
#796 = ORIENTED_EDGE('',*,*,#797,.F.);
#797 = EDGE_CURVE('',#774,#790,#798,.T.);
#798 = LINE('',#799,#800);
#799 = CARTESIAN_POINT('',(525.,290.,420.));
#800 = VECTOR('',#801,1.);
#801 = DIRECTION('',(0.,1.,0.));
#802 = PLANE('',#803);
#803 = AXIS2_PLACEMENT_3D('',#804,#805,#806);
#804 = CARTESIAN_POINT('',(525.,290.,0.));
#805 = DIRECTION('',(1.,0.,0.));
#806 = DIRECTION('',(0.,0.,1.));
#807 = ADVANCED_FACE('',(#808),#842,.T.);
#808 = FACE_BOUND('',#809,.T.);
#809 = EDGE_LOOP('',(#810,#820,#828,#836));
#810 = ORIENTED_EDGE('',*,*,#811,.F.);
#811 = EDGE_CURVE('',#812,#814,#816,.T.);
#812 = VERTEX_POINT('',#813);
#813 = CARTESIAN_POINT('',(555.,290.,0.));
#814 = VERTEX_POINT('',#815);
#815 = CARTESIAN_POINT('',(555.,290.,420.));
#816 = LINE('',#817,#818);
#817 = CARTESIAN_POINT('',(555.,290.,0.));
#818 = VECTOR('',#819,1.);
#819 = DIRECTION('',(0.,0.,1.));
#820 = ORIENTED_EDGE('',*,*,#821,.T.);
#821 = EDGE_CURVE('',#812,#822,#824,.T.);
#822 = VERTEX_POINT('',#823);
#823 = CARTESIAN_POINT('',(555.,360.,0.));
#824 = LINE('',#825,#826);
#825 = CARTESIAN_POINT('',(555.,290.,0.));
#826 = VECTOR('',#827,1.);
#827 = DIRECTION('',(0.,1.,0.));
#828 = ORIENTED_EDGE('',*,*,#829,.T.);
#829 = EDGE_CURVE('',#822,#830,#832,.T.);
#830 = VERTEX_POINT('',#831);
#831 = CARTESIAN_POINT('',(555.,360.,420.));
#832 = LINE('',#833,#834);
#833 = CARTESIAN_POINT('',(555.,360.,0.));
#834 = VECTOR('',#835,1.);
#835 = DIRECTION('',(0.,0.,1.));
#836 = ORIENTED_EDGE('',*,*,#837,.F.);
#837 = EDGE_CURVE('',#814,#830,#838,.T.);
#838 = LINE('',#839,#840);
#839 = CARTESIAN_POINT('',(555.,290.,420.));
#840 = VECTOR('',#841,1.);
#841 = DIRECTION('',(0.,1.,0.));
#842 = PLANE('',#843);
#843 = AXIS2_PLACEMENT_3D('',#844,#845,#846);
#844 = CARTESIAN_POINT('',(555.,290.,0.));
#845 = DIRECTION('',(1.,0.,0.));
#846 = DIRECTION('',(0.,0.,1.));
#847 = ADVANCED_FACE('',(#848),#864,.F.);
#848 = FACE_BOUND('',#849,.F.);
#849 = EDGE_LOOP('',(#850,#856,#857,#863));
#850 = ORIENTED_EDGE('',*,*,#851,.F.);
#851 = EDGE_CURVE('',#772,#812,#852,.T.);
#852 = LINE('',#853,#854);
#853 = CARTESIAN_POINT('',(525.,290.,0.));
#854 = VECTOR('',#855,1.);
#855 = DIRECTION('',(1.,0.,0.));
#856 = ORIENTED_EDGE('',*,*,#771,.T.);
#857 = ORIENTED_EDGE('',*,*,#858,.T.);
#858 = EDGE_CURVE('',#774,#814,#859,.T.);
#859 = LINE('',#860,#861);
#860 = CARTESIAN_POINT('',(525.,290.,420.));
#861 = VECTOR('',#862,1.);
#862 = DIRECTION('',(1.,0.,0.));
#863 = ORIENTED_EDGE('',*,*,#811,.F.);
#864 = PLANE('',#865);
#865 = AXIS2_PLACEMENT_3D('',#866,#867,#868);
#866 = CARTESIAN_POINT('',(525.,290.,0.));
#867 = DIRECTION('',(0.,1.,0.));
#868 = DIRECTION('',(0.,0.,1.));
#869 = ADVANCED_FACE('',(#870),#886,.T.);
#870 = FACE_BOUND('',#871,.T.);
#871 = EDGE_LOOP('',(#872,#878,#879,#885));
#872 = ORIENTED_EDGE('',*,*,#873,.F.);
#873 = EDGE_CURVE('',#782,#822,#874,.T.);
#874 = LINE('',#875,#876);
#875 = CARTESIAN_POINT('',(525.,360.,0.));
#876 = VECTOR('',#877,1.);
#877 = DIRECTION('',(1.,0.,0.));
#878 = ORIENTED_EDGE('',*,*,#789,.T.);
#879 = ORIENTED_EDGE('',*,*,#880,.T.);
#880 = EDGE_CURVE('',#790,#830,#881,.T.);
#881 = LINE('',#882,#883);
#882 = CARTESIAN_POINT('',(525.,360.,420.));
#883 = VECTOR('',#884,1.);
#884 = DIRECTION('',(1.,0.,0.));
#885 = ORIENTED_EDGE('',*,*,#829,.F.);
#886 = PLANE('',#887);
#887 = AXIS2_PLACEMENT_3D('',#888,#889,#890);
#888 = CARTESIAN_POINT('',(525.,360.,0.));
#889 = DIRECTION('',(0.,1.,0.));
#890 = DIRECTION('',(0.,0.,1.));
#891 = ADVANCED_FACE('',(#892),#898,.F.);
#892 = FACE_BOUND('',#893,.F.);
#893 = EDGE_LOOP('',(#894,#895,#896,#897));
#894 = ORIENTED_EDGE('',*,*,#781,.F.);
#895 = ORIENTED_EDGE('',*,*,#851,.T.);
#896 = ORIENTED_EDGE('',*,*,#821,.T.);
#897 = ORIENTED_EDGE('',*,*,#873,.F.);
#898 = PLANE('',#899);
#899 = AXIS2_PLACEMENT_3D('',#900,#901,#902);
#900 = CARTESIAN_POINT('',(525.,290.,0.));
#901 = DIRECTION('',(0.,0.,1.));
#902 = DIRECTION('',(1.,0.,0.));
#903 = ADVANCED_FACE('',(#904),#910,.T.);
#904 = FACE_BOUND('',#905,.T.);
#905 = EDGE_LOOP('',(#906,#907,#908,#909));
#906 = ORIENTED_EDGE('',*,*,#797,.F.);
#907 = ORIENTED_EDGE('',*,*,#858,.T.);
#908 = ORIENTED_EDGE('',*,*,#837,.T.);
#909 = ORIENTED_EDGE('',*,*,#880,.F.);
#910 = PLANE('',#911);
#911 = AXIS2_PLACEMENT_3D('',#912,#913,#914);
#912 = CARTESIAN_POINT('',(525.,290.,420.));
#913 = DIRECTION('',(0.,0.,1.));
#914 = DIRECTION('',(1.,0.,0.));
#915 = MANIFOLD_SOLID_BREP('',#916);
#916 = CLOSED_SHELL('',(#917,#957,#997,#1019,#1041,#1053));
#917 = ADVANCED_FACE('',(#918),#952,.F.);
#918 = FACE_BOUND('',#919,.F.);
#919 = EDGE_LOOP('',(#920,#930,#938,#946));
#920 = ORIENTED_EDGE('',*,*,#921,.F.);
#921 = EDGE_CURVE('',#922,#924,#926,.T.);
#922 = VERTEX_POINT('',#923);
#923 = CARTESIAN_POINT('',(45.,290.,420.));
#924 = VERTEX_POINT('',#925);
#925 = CARTESIAN_POINT('',(45.,290.,435.));
#926 = LINE('',#927,#928);
#927 = CARTESIAN_POINT('',(45.,290.,420.));
#928 = VECTOR('',#929,1.);
#929 = DIRECTION('',(0.,0.,1.));
#930 = ORIENTED_EDGE('',*,*,#931,.T.);
#931 = EDGE_CURVE('',#922,#932,#934,.T.);
#932 = VERTEX_POINT('',#933);
#933 = CARTESIAN_POINT('',(45.,360.,420.));
#934 = LINE('',#935,#936);
#935 = CARTESIAN_POINT('',(45.,290.,420.));
#936 = VECTOR('',#937,1.);
#937 = DIRECTION('',(0.,1.,0.));
#938 = ORIENTED_EDGE('',*,*,#939,.T.);
#939 = EDGE_CURVE('',#932,#940,#942,.T.);
#940 = VERTEX_POINT('',#941);
#941 = CARTESIAN_POINT('',(45.,360.,435.));
#942 = LINE('',#943,#944);
#943 = CARTESIAN_POINT('',(45.,360.,420.));
#944 = VECTOR('',#945,1.);
#945 = DIRECTION('',(0.,0.,1.));
#946 = ORIENTED_EDGE('',*,*,#947,.F.);
#947 = EDGE_CURVE('',#924,#940,#948,.T.);
#948 = LINE('',#949,#950);
#949 = CARTESIAN_POINT('',(45.,290.,435.));
#950 = VECTOR('',#951,1.);
#951 = DIRECTION('',(0.,1.,0.));
#952 = PLANE('',#953);
#953 = AXIS2_PLACEMENT_3D('',#954,#955,#956);
#954 = CARTESIAN_POINT('',(45.,290.,420.));
#955 = DIRECTION('',(1.,0.,0.));
#956 = DIRECTION('',(0.,0.,1.));
#957 = ADVANCED_FACE('',(#958),#992,.T.);
#958 = FACE_BOUND('',#959,.T.);
#959 = EDGE_LOOP('',(#960,#970,#978,#986));
#960 = ORIENTED_EDGE('',*,*,#961,.F.);
#961 = EDGE_CURVE('',#962,#964,#966,.T.);
#962 = VERTEX_POINT('',#963);
#963 = CARTESIAN_POINT('',(555.,290.,420.));
#964 = VERTEX_POINT('',#965);
#965 = CARTESIAN_POINT('',(555.,290.,435.));
#966 = LINE('',#967,#968);
#967 = CARTESIAN_POINT('',(555.,290.,420.));
#968 = VECTOR('',#969,1.);
#969 = DIRECTION('',(0.,0.,1.));
#970 = ORIENTED_EDGE('',*,*,#971,.T.);
#971 = EDGE_CURVE('',#962,#972,#974,.T.);
#972 = VERTEX_POINT('',#973);
#973 = CARTESIAN_POINT('',(555.,360.,420.));
#974 = LINE('',#975,#976);
#975 = CARTESIAN_POINT('',(555.,290.,420.));
#976 = VECTOR('',#977,1.);
#977 = DIRECTION('',(0.,1.,0.));
#978 = ORIENTED_EDGE('',*,*,#979,.T.);
#979 = EDGE_CURVE('',#972,#980,#982,.T.);
#980 = VERTEX_POINT('',#981);
#981 = CARTESIAN_POINT('',(555.,360.,435.));
#982 = LINE('',#983,#984);
#983 = CARTESIAN_POINT('',(555.,360.,420.));
#984 = VECTOR('',#985,1.);
#985 = DIRECTION('',(0.,0.,1.));
#986 = ORIENTED_EDGE('',*,*,#987,.F.);
#987 = EDGE_CURVE('',#964,#980,#988,.T.);
#988 = LINE('',#989,#990);
#989 = CARTESIAN_POINT('',(555.,290.,435.));
#990 = VECTOR('',#991,1.);
#991 = DIRECTION('',(0.,1.,0.));
#992 = PLANE('',#993);
#993 = AXIS2_PLACEMENT_3D('',#994,#995,#996);
#994 = CARTESIAN_POINT('',(555.,290.,420.));
#995 = DIRECTION('',(1.,0.,0.));
#996 = DIRECTION('',(0.,0.,1.));
#997 = ADVANCED_FACE('',(#998),#1014,.F.);
#998 = FACE_BOUND('',#999,.F.);
#999 = EDGE_LOOP('',(#1000,#1006,#1007,#1013));
#1000 = ORIENTED_EDGE('',*,*,#1001,.F.);
#1001 = EDGE_CURVE('',#922,#962,#1002,.T.);
#1002 = LINE('',#1003,#1004);
#1003 = CARTESIAN_POINT('',(45.,290.,420.));
#1004 = VECTOR('',#1005,1.);
#1005 = DIRECTION('',(1.,0.,0.));
#1006 = ORIENTED_EDGE('',*,*,#921,.T.);
#1007 = ORIENTED_EDGE('',*,*,#1008,.T.);
#1008 = EDGE_CURVE('',#924,#964,#1009,.T.);
#1009 = LINE('',#1010,#1011);
#1010 = CARTESIAN_POINT('',(45.,290.,435.));
#1011 = VECTOR('',#1012,1.);
#1012 = DIRECTION('',(1.,0.,0.));
#1013 = ORIENTED_EDGE('',*,*,#961,.F.);
#1014 = PLANE('',#1015);
#1015 = AXIS2_PLACEMENT_3D('',#1016,#1017,#1018);
#1016 = CARTESIAN_POINT('',(45.,290.,420.));
#1017 = DIRECTION('',(0.,1.,0.));
#1018 = DIRECTION('',(0.,0.,1.));
#1019 = ADVANCED_FACE('',(#1020),#1036,.T.);
#1020 = FACE_BOUND('',#1021,.T.);
#1021 = EDGE_LOOP('',(#1022,#1028,#1029,#1035));
#1022 = ORIENTED_EDGE('',*,*,#1023,.F.);
#1023 = EDGE_CURVE('',#932,#972,#1024,.T.);
#1024 = LINE('',#1025,#1026);
#1025 = CARTESIAN_POINT('',(45.,360.,420.));
#1026 = VECTOR('',#1027,1.);
#1027 = DIRECTION('',(1.,0.,0.));
#1028 = ORIENTED_EDGE('',*,*,#939,.T.);
#1029 = ORIENTED_EDGE('',*,*,#1030,.T.);
#1030 = EDGE_CURVE('',#940,#980,#1031,.T.);
#1031 = LINE('',#1032,#1033);
#1032 = CARTESIAN_POINT('',(45.,360.,435.));
#1033 = VECTOR('',#1034,1.);
#1034 = DIRECTION('',(1.,0.,0.));
#1035 = ORIENTED_EDGE('',*,*,#979,.F.);
#1036 = PLANE('',#1037);
#1037 = AXIS2_PLACEMENT_3D('',#1038,#1039,#1040);
#1038 = CARTESIAN_POINT('',(45.,360.,420.));
#1039 = DIRECTION('',(0.,1.,0.));
#1040 = DIRECTION('',(0.,0.,1.));
#1041 = ADVANCED_FACE('',(#1042),#1048,.F.);
#1042 = FACE_BOUND('',#1043,.F.);
#1043 = EDGE_LOOP('',(#1044,#1045,#1046,#1047));
#1044 = ORIENTED_EDGE('',*,*,#931,.F.);
#1045 = ORIENTED_EDGE('',*,*,#1001,.T.);
#1046 = ORIENTED_EDGE('',*,*,#971,.T.);
#1047 = ORIENTED_EDGE('',*,*,#1023,.F.);
#1048 = PLANE('',#1049);
#1049 = AXIS2_PLACEMENT_3D('',#1050,#1051,#1052);
#1050 = CARTESIAN_POINT('',(45.,290.,420.));
#1051 = DIRECTION('',(0.,0.,1.));
#1052 = DIRECTION('',(1.,0.,0.));
#1053 = ADVANCED_FACE('',(#1054),#1060,.T.);
#1054 = FACE_BOUND('',#1055,.T.);
#1055 = EDGE_LOOP('',(#1056,#1057,#1058,#1059));
#1056 = ORIENTED_EDGE('',*,*,#947,.F.);
#1057 = ORIENTED_EDGE('',*,*,#1008,.T.);
#1058 = ORIENTED_EDGE('',*,*,#987,.T.);
#1059 = ORIENTED_EDGE('',*,*,#1030,.F.);
#1060 = PLANE('',#1061);
#1061 = AXIS2_PLACEMENT_3D('',#1062,#1063,#1064);
#1062 = CARTESIAN_POINT('',(45.,290.,435.));
#1063 = DIRECTION('',(0.,0.,1.));
#1064 = DIRECTION('',(1.,0.,0.));
#1065 = MANIFOLD_SOLID_BREP('',#1066);
#1066 = CLOSED_SHELL('',(#1067,#1107,#1147,#1169,#1191,#1203));
#1067 = ADVANCED_FACE('',(#1068),#1102,.F.);
#1068 = FACE_BOUND('',#1069,.F.);
#1069 = EDGE_LOOP('',(#1070,#1080,#1088,#1096));
#1070 = ORIENTED_EDGE('',*,*,#1071,.F.);
#1071 = EDGE_CURVE('',#1072,#1074,#1076,.T.);
#1072 = VERTEX_POINT('',#1073);
#1073 = CARTESIAN_POINT('',(70.,290.,105.));
#1074 = VERTEX_POINT('',#1075);
#1075 = CARTESIAN_POINT('',(70.,290.,120.));
#1076 = LINE('',#1077,#1078);
#1077 = CARTESIAN_POINT('',(70.,290.,105.));
#1078 = VECTOR('',#1079,1.);
#1079 = DIRECTION('',(0.,0.,1.));
#1080 = ORIENTED_EDGE('',*,*,#1081,.T.);
#1081 = EDGE_CURVE('',#1072,#1082,#1084,.T.);
#1082 = VERTEX_POINT('',#1083);
#1083 = CARTESIAN_POINT('',(70.,360.,105.));
#1084 = LINE('',#1085,#1086);
#1085 = CARTESIAN_POINT('',(70.,290.,105.));
#1086 = VECTOR('',#1087,1.);
#1087 = DIRECTION('',(0.,1.,0.));
#1088 = ORIENTED_EDGE('',*,*,#1089,.T.);
#1089 = EDGE_CURVE('',#1082,#1090,#1092,.T.);
#1090 = VERTEX_POINT('',#1091);
#1091 = CARTESIAN_POINT('',(70.,360.,120.));
#1092 = LINE('',#1093,#1094);
#1093 = CARTESIAN_POINT('',(70.,360.,105.));
#1094 = VECTOR('',#1095,1.);
#1095 = DIRECTION('',(0.,0.,1.));
#1096 = ORIENTED_EDGE('',*,*,#1097,.F.);
#1097 = EDGE_CURVE('',#1074,#1090,#1098,.T.);
#1098 = LINE('',#1099,#1100);
#1099 = CARTESIAN_POINT('',(70.,290.,120.));
#1100 = VECTOR('',#1101,1.);
#1101 = DIRECTION('',(0.,1.,0.));
#1102 = PLANE('',#1103);
#1103 = AXIS2_PLACEMENT_3D('',#1104,#1105,#1106);
#1104 = CARTESIAN_POINT('',(70.,290.,105.));
#1105 = DIRECTION('',(1.,0.,0.));
#1106 = DIRECTION('',(0.,0.,1.));
#1107 = ADVANCED_FACE('',(#1108),#1142,.T.);
#1108 = FACE_BOUND('',#1109,.T.);
#1109 = EDGE_LOOP('',(#1110,#1120,#1128,#1136));
#1110 = ORIENTED_EDGE('',*,*,#1111,.F.);
#1111 = EDGE_CURVE('',#1112,#1114,#1116,.T.);
#1112 = VERTEX_POINT('',#1113);
#1113 = CARTESIAN_POINT('',(100.,290.,105.));
#1114 = VERTEX_POINT('',#1115);
#1115 = CARTESIAN_POINT('',(100.,290.,120.));
#1116 = LINE('',#1117,#1118);
#1117 = CARTESIAN_POINT('',(100.,290.,105.));
#1118 = VECTOR('',#1119,1.);
#1119 = DIRECTION('',(0.,0.,1.));
#1120 = ORIENTED_EDGE('',*,*,#1121,.T.);
#1121 = EDGE_CURVE('',#1112,#1122,#1124,.T.);
#1122 = VERTEX_POINT('',#1123);
#1123 = CARTESIAN_POINT('',(100.,360.,105.));
#1124 = LINE('',#1125,#1126);
#1125 = CARTESIAN_POINT('',(100.,290.,105.));
#1126 = VECTOR('',#1127,1.);
#1127 = DIRECTION('',(0.,1.,0.));
#1128 = ORIENTED_EDGE('',*,*,#1129,.T.);
#1129 = EDGE_CURVE('',#1122,#1130,#1132,.T.);
#1130 = VERTEX_POINT('',#1131);
#1131 = CARTESIAN_POINT('',(100.,360.,120.));
#1132 = LINE('',#1133,#1134);
#1133 = CARTESIAN_POINT('',(100.,360.,105.));
#1134 = VECTOR('',#1135,1.);
#1135 = DIRECTION('',(0.,0.,1.));
#1136 = ORIENTED_EDGE('',*,*,#1137,.F.);
#1137 = EDGE_CURVE('',#1114,#1130,#1138,.T.);
#1138 = LINE('',#1139,#1140);
#1139 = CARTESIAN_POINT('',(100.,290.,120.));
#1140 = VECTOR('',#1141,1.);
#1141 = DIRECTION('',(0.,1.,0.));
#1142 = PLANE('',#1143);
#1143 = AXIS2_PLACEMENT_3D('',#1144,#1145,#1146);
#1144 = CARTESIAN_POINT('',(100.,290.,105.));
#1145 = DIRECTION('',(1.,0.,0.));
#1146 = DIRECTION('',(0.,0.,1.));
#1147 = ADVANCED_FACE('',(#1148),#1164,.F.);
#1148 = FACE_BOUND('',#1149,.F.);
#1149 = EDGE_LOOP('',(#1150,#1156,#1157,#1163));
#1150 = ORIENTED_EDGE('',*,*,#1151,.F.);
#1151 = EDGE_CURVE('',#1072,#1112,#1152,.T.);
#1152 = LINE('',#1153,#1154);
#1153 = CARTESIAN_POINT('',(70.,290.,105.));
#1154 = VECTOR('',#1155,1.);
#1155 = DIRECTION('',(1.,0.,0.));
#1156 = ORIENTED_EDGE('',*,*,#1071,.T.);
#1157 = ORIENTED_EDGE('',*,*,#1158,.T.);
#1158 = EDGE_CURVE('',#1074,#1114,#1159,.T.);
#1159 = LINE('',#1160,#1161);
#1160 = CARTESIAN_POINT('',(70.,290.,120.));
#1161 = VECTOR('',#1162,1.);
#1162 = DIRECTION('',(1.,0.,0.));
#1163 = ORIENTED_EDGE('',*,*,#1111,.F.);
#1164 = PLANE('',#1165);
#1165 = AXIS2_PLACEMENT_3D('',#1166,#1167,#1168);
#1166 = CARTESIAN_POINT('',(70.,290.,105.));
#1167 = DIRECTION('',(0.,1.,0.));
#1168 = DIRECTION('',(0.,0.,1.));
#1169 = ADVANCED_FACE('',(#1170),#1186,.T.);
#1170 = FACE_BOUND('',#1171,.T.);
#1171 = EDGE_LOOP('',(#1172,#1178,#1179,#1185));
#1172 = ORIENTED_EDGE('',*,*,#1173,.F.);
#1173 = EDGE_CURVE('',#1082,#1122,#1174,.T.);
#1174 = LINE('',#1175,#1176);
#1175 = CARTESIAN_POINT('',(70.,360.,105.));
#1176 = VECTOR('',#1177,1.);
#1177 = DIRECTION('',(1.,0.,0.));
#1178 = ORIENTED_EDGE('',*,*,#1089,.T.);
#1179 = ORIENTED_EDGE('',*,*,#1180,.T.);
#1180 = EDGE_CURVE('',#1090,#1130,#1181,.T.);
#1181 = LINE('',#1182,#1183);
#1182 = CARTESIAN_POINT('',(70.,360.,120.));
#1183 = VECTOR('',#1184,1.);
#1184 = DIRECTION('',(1.,0.,0.));
#1185 = ORIENTED_EDGE('',*,*,#1129,.F.);
#1186 = PLANE('',#1187);
#1187 = AXIS2_PLACEMENT_3D('',#1188,#1189,#1190);
#1188 = CARTESIAN_POINT('',(70.,360.,105.));
#1189 = DIRECTION('',(0.,1.,0.));
#1190 = DIRECTION('',(0.,0.,1.));
#1191 = ADVANCED_FACE('',(#1192),#1198,.F.);
#1192 = FACE_BOUND('',#1193,.F.);
#1193 = EDGE_LOOP('',(#1194,#1195,#1196,#1197));
#1194 = ORIENTED_EDGE('',*,*,#1081,.F.);
#1195 = ORIENTED_EDGE('',*,*,#1151,.T.);
#1196 = ORIENTED_EDGE('',*,*,#1121,.T.);
#1197 = ORIENTED_EDGE('',*,*,#1173,.F.);
#1198 = PLANE('',#1199);
#1199 = AXIS2_PLACEMENT_3D('',#1200,#1201,#1202);
#1200 = CARTESIAN_POINT('',(70.,290.,105.));
#1201 = DIRECTION('',(0.,0.,1.));
#1202 = DIRECTION('',(1.,0.,0.));
#1203 = ADVANCED_FACE('',(#1204),#1210,.T.);
#1204 = FACE_BOUND('',#1205,.T.);
#1205 = EDGE_LOOP('',(#1206,#1207,#1208,#1209));
#1206 = ORIENTED_EDGE('',*,*,#1097,.F.);
#1207 = ORIENTED_EDGE('',*,*,#1158,.T.);
#1208 = ORIENTED_EDGE('',*,*,#1137,.T.);
#1209 = ORIENTED_EDGE('',*,*,#1180,.F.);
#1210 = PLANE('',#1211);
#1211 = AXIS2_PLACEMENT_3D('',#1212,#1213,#1214);
#1212 = CARTESIAN_POINT('',(70.,290.,120.));
#1213 = DIRECTION('',(0.,0.,1.));
#1214 = DIRECTION('',(1.,0.,0.));
#1215 = MANIFOLD_SOLID_BREP('',#1216);
#1216 = CLOSED_SHELL('',(#1217,#1257,#1297,#1319,#1341,#1353));
#1217 = ADVANCED_FACE('',(#1218),#1252,.F.);
#1218 = FACE_BOUND('',#1219,.F.);
#1219 = EDGE_LOOP('',(#1220,#1230,#1238,#1246));
#1220 = ORIENTED_EDGE('',*,*,#1221,.F.);
#1221 = EDGE_CURVE('',#1222,#1224,#1226,.T.);
#1222 = VERTEX_POINT('',#1223);
#1223 = CARTESIAN_POINT('',(140.,290.,105.));
#1224 = VERTEX_POINT('',#1225);
#1225 = CARTESIAN_POINT('',(140.,290.,120.));
#1226 = LINE('',#1227,#1228);
#1227 = CARTESIAN_POINT('',(140.,290.,105.));
#1228 = VECTOR('',#1229,1.);
#1229 = DIRECTION('',(0.,0.,1.));
#1230 = ORIENTED_EDGE('',*,*,#1231,.T.);
#1231 = EDGE_CURVE('',#1222,#1232,#1234,.T.);
#1232 = VERTEX_POINT('',#1233);
#1233 = CARTESIAN_POINT('',(140.,360.,105.));
#1234 = LINE('',#1235,#1236);
#1235 = CARTESIAN_POINT('',(140.,290.,105.));
#1236 = VECTOR('',#1237,1.);
#1237 = DIRECTION('',(0.,1.,0.));
#1238 = ORIENTED_EDGE('',*,*,#1239,.T.);
#1239 = EDGE_CURVE('',#1232,#1240,#1242,.T.);
#1240 = VERTEX_POINT('',#1241);
#1241 = CARTESIAN_POINT('',(140.,360.,120.));
#1242 = LINE('',#1243,#1244);
#1243 = CARTESIAN_POINT('',(140.,360.,105.));
#1244 = VECTOR('',#1245,1.);
#1245 = DIRECTION('',(0.,0.,1.));
#1246 = ORIENTED_EDGE('',*,*,#1247,.F.);
#1247 = EDGE_CURVE('',#1224,#1240,#1248,.T.);
#1248 = LINE('',#1249,#1250);
#1249 = CARTESIAN_POINT('',(140.,290.,120.));
#1250 = VECTOR('',#1251,1.);
#1251 = DIRECTION('',(0.,1.,0.));
#1252 = PLANE('',#1253);
#1253 = AXIS2_PLACEMENT_3D('',#1254,#1255,#1256);
#1254 = CARTESIAN_POINT('',(140.,290.,105.));
#1255 = DIRECTION('',(1.,0.,0.));
#1256 = DIRECTION('',(0.,0.,1.));
#1257 = ADVANCED_FACE('',(#1258),#1292,.T.);
#1258 = FACE_BOUND('',#1259,.T.);
#1259 = EDGE_LOOP('',(#1260,#1270,#1278,#1286));
#1260 = ORIENTED_EDGE('',*,*,#1261,.F.);
#1261 = EDGE_CURVE('',#1262,#1264,#1266,.T.);
#1262 = VERTEX_POINT('',#1263);
#1263 = CARTESIAN_POINT('',(170.,290.,105.));
#1264 = VERTEX_POINT('',#1265);
#1265 = CARTESIAN_POINT('',(170.,290.,120.));
#1266 = LINE('',#1267,#1268);
#1267 = CARTESIAN_POINT('',(170.,290.,105.));
#1268 = VECTOR('',#1269,1.);
#1269 = DIRECTION('',(0.,0.,1.));
#1270 = ORIENTED_EDGE('',*,*,#1271,.T.);
#1271 = EDGE_CURVE('',#1262,#1272,#1274,.T.);
#1272 = VERTEX_POINT('',#1273);
#1273 = CARTESIAN_POINT('',(170.,360.,105.));
#1274 = LINE('',#1275,#1276);
#1275 = CARTESIAN_POINT('',(170.,290.,105.));
#1276 = VECTOR('',#1277,1.);
#1277 = DIRECTION('',(0.,1.,0.));
#1278 = ORIENTED_EDGE('',*,*,#1279,.T.);
#1279 = EDGE_CURVE('',#1272,#1280,#1282,.T.);
#1280 = VERTEX_POINT('',#1281);
#1281 = CARTESIAN_POINT('',(170.,360.,120.));
#1282 = LINE('',#1283,#1284);
#1283 = CARTESIAN_POINT('',(170.,360.,105.));
#1284 = VECTOR('',#1285,1.);
#1285 = DIRECTION('',(0.,0.,1.));
#1286 = ORIENTED_EDGE('',*,*,#1287,.F.);
#1287 = EDGE_CURVE('',#1264,#1280,#1288,.T.);
#1288 = LINE('',#1289,#1290);
#1289 = CARTESIAN_POINT('',(170.,290.,120.));
#1290 = VECTOR('',#1291,1.);
#1291 = DIRECTION('',(0.,1.,0.));
#1292 = PLANE('',#1293);
#1293 = AXIS2_PLACEMENT_3D('',#1294,#1295,#1296);
#1294 = CARTESIAN_POINT('',(170.,290.,105.));
#1295 = DIRECTION('',(1.,0.,0.));
#1296 = DIRECTION('',(0.,0.,1.));
#1297 = ADVANCED_FACE('',(#1298),#1314,.F.);
#1298 = FACE_BOUND('',#1299,.F.);
#1299 = EDGE_LOOP('',(#1300,#1306,#1307,#1313));
#1300 = ORIENTED_EDGE('',*,*,#1301,.F.);
#1301 = EDGE_CURVE('',#1222,#1262,#1302,.T.);
#1302 = LINE('',#1303,#1304);
#1303 = CARTESIAN_POINT('',(140.,290.,105.));
#1304 = VECTOR('',#1305,1.);
#1305 = DIRECTION('',(1.,0.,0.));
#1306 = ORIENTED_EDGE('',*,*,#1221,.T.);
#1307 = ORIENTED_EDGE('',*,*,#1308,.T.);
#1308 = EDGE_CURVE('',#1224,#1264,#1309,.T.);
#1309 = LINE('',#1310,#1311);
#1310 = CARTESIAN_POINT('',(140.,290.,120.));
#1311 = VECTOR('',#1312,1.);
#1312 = DIRECTION('',(1.,0.,0.));
#1313 = ORIENTED_EDGE('',*,*,#1261,.F.);
#1314 = PLANE('',#1315);
#1315 = AXIS2_PLACEMENT_3D('',#1316,#1317,#1318);
#1316 = CARTESIAN_POINT('',(140.,290.,105.));
#1317 = DIRECTION('',(0.,1.,0.));
#1318 = DIRECTION('',(0.,0.,1.));
#1319 = ADVANCED_FACE('',(#1320),#1336,.T.);
#1320 = FACE_BOUND('',#1321,.T.);
#1321 = EDGE_LOOP('',(#1322,#1328,#1329,#1335));
#1322 = ORIENTED_EDGE('',*,*,#1323,.F.);
#1323 = EDGE_CURVE('',#1232,#1272,#1324,.T.);
#1324 = LINE('',#1325,#1326);
#1325 = CARTESIAN_POINT('',(140.,360.,105.));
#1326 = VECTOR('',#1327,1.);
#1327 = DIRECTION('',(1.,0.,0.));
#1328 = ORIENTED_EDGE('',*,*,#1239,.T.);
#1329 = ORIENTED_EDGE('',*,*,#1330,.T.);
#1330 = EDGE_CURVE('',#1240,#1280,#1331,.T.);
#1331 = LINE('',#1332,#1333);
#1332 = CARTESIAN_POINT('',(140.,360.,120.));
#1333 = VECTOR('',#1334,1.);
#1334 = DIRECTION('',(1.,0.,0.));
#1335 = ORIENTED_EDGE('',*,*,#1279,.F.);
#1336 = PLANE('',#1337);
#1337 = AXIS2_PLACEMENT_3D('',#1338,#1339,#1340);
#1338 = CARTESIAN_POINT('',(140.,360.,105.));
#1339 = DIRECTION('',(0.,1.,0.));
#1340 = DIRECTION('',(0.,0.,1.));
#1341 = ADVANCED_FACE('',(#1342),#1348,.F.);
#1342 = FACE_BOUND('',#1343,.F.);
#1343 = EDGE_LOOP('',(#1344,#1345,#1346,#1347));
#1344 = ORIENTED_EDGE('',*,*,#1231,.F.);
#1345 = ORIENTED_EDGE('',*,*,#1301,.T.);
#1346 = ORIENTED_EDGE('',*,*,#1271,.T.);
#1347 = ORIENTED_EDGE('',*,*,#1323,.F.);
#1348 = PLANE('',#1349);
#1349 = AXIS2_PLACEMENT_3D('',#1350,#1351,#1352);
#1350 = CARTESIAN_POINT('',(140.,290.,105.));
#1351 = DIRECTION('',(0.,0.,1.));
#1352 = DIRECTION('',(1.,0.,0.));
#1353 = ADVANCED_FACE('',(#1354),#1360,.T.);
#1354 = FACE_BOUND('',#1355,.T.);
#1355 = EDGE_LOOP('',(#1356,#1357,#1358,#1359));
#1356 = ORIENTED_EDGE('',*,*,#1247,.F.);
#1357 = ORIENTED_EDGE('',*,*,#1308,.T.);
#1358 = ORIENTED_EDGE('',*,*,#1287,.T.);
#1359 = ORIENTED_EDGE('',*,*,#1330,.F.);
#1360 = PLANE('',#1361);
#1361 = AXIS2_PLACEMENT_3D('',#1362,#1363,#1364);
#1362 = CARTESIAN_POINT('',(140.,290.,120.));
#1363 = DIRECTION('',(0.,0.,1.));
#1364 = DIRECTION('',(1.,0.,0.));
#1365 = MANIFOLD_SOLID_BREP('',#1366);
#1366 = CLOSED_SHELL('',(#1367,#1407,#1447,#1469,#1491,#1503));
#1367 = ADVANCED_FACE('',(#1368),#1402,.F.);
#1368 = FACE_BOUND('',#1369,.F.);
#1369 = EDGE_LOOP('',(#1370,#1380,#1388,#1396));
#1370 = ORIENTED_EDGE('',*,*,#1371,.F.);
#1371 = EDGE_CURVE('',#1372,#1374,#1376,.T.);
#1372 = VERTEX_POINT('',#1373);
#1373 = CARTESIAN_POINT('',(70.,290.,225.));
#1374 = VERTEX_POINT('',#1375);
#1375 = CARTESIAN_POINT('',(70.,290.,240.));
#1376 = LINE('',#1377,#1378);
#1377 = CARTESIAN_POINT('',(70.,290.,225.));
#1378 = VECTOR('',#1379,1.);
#1379 = DIRECTION('',(0.,0.,1.));
#1380 = ORIENTED_EDGE('',*,*,#1381,.T.);
#1381 = EDGE_CURVE('',#1372,#1382,#1384,.T.);
#1382 = VERTEX_POINT('',#1383);
#1383 = CARTESIAN_POINT('',(70.,360.,225.));
#1384 = LINE('',#1385,#1386);
#1385 = CARTESIAN_POINT('',(70.,290.,225.));
#1386 = VECTOR('',#1387,1.);
#1387 = DIRECTION('',(0.,1.,0.));
#1388 = ORIENTED_EDGE('',*,*,#1389,.T.);
#1389 = EDGE_CURVE('',#1382,#1390,#1392,.T.);
#1390 = VERTEX_POINT('',#1391);
#1391 = CARTESIAN_POINT('',(70.,360.,240.));
#1392 = LINE('',#1393,#1394);
#1393 = CARTESIAN_POINT('',(70.,360.,225.));
#1394 = VECTOR('',#1395,1.);
#1395 = DIRECTION('',(0.,0.,1.));
#1396 = ORIENTED_EDGE('',*,*,#1397,.F.);
#1397 = EDGE_CURVE('',#1374,#1390,#1398,.T.);
#1398 = LINE('',#1399,#1400);
#1399 = CARTESIAN_POINT('',(70.,290.,240.));
#1400 = VECTOR('',#1401,1.);
#1401 = DIRECTION('',(0.,1.,0.));
#1402 = PLANE('',#1403);
#1403 = AXIS2_PLACEMENT_3D('',#1404,#1405,#1406);
#1404 = CARTESIAN_POINT('',(70.,290.,225.));
#1405 = DIRECTION('',(1.,0.,0.));
#1406 = DIRECTION('',(0.,0.,1.));
#1407 = ADVANCED_FACE('',(#1408),#1442,.T.);
#1408 = FACE_BOUND('',#1409,.T.);
#1409 = EDGE_LOOP('',(#1410,#1420,#1428,#1436));
#1410 = ORIENTED_EDGE('',*,*,#1411,.F.);
#1411 = EDGE_CURVE('',#1412,#1414,#1416,.T.);
#1412 = VERTEX_POINT('',#1413);
#1413 = CARTESIAN_POINT('',(100.,290.,225.));
#1414 = VERTEX_POINT('',#1415);
#1415 = CARTESIAN_POINT('',(100.,290.,240.));
#1416 = LINE('',#1417,#1418);
#1417 = CARTESIAN_POINT('',(100.,290.,225.));
#1418 = VECTOR('',#1419,1.);
#1419 = DIRECTION('',(0.,0.,1.));
#1420 = ORIENTED_EDGE('',*,*,#1421,.T.);
#1421 = EDGE_CURVE('',#1412,#1422,#1424,.T.);
#1422 = VERTEX_POINT('',#1423);
#1423 = CARTESIAN_POINT('',(100.,360.,225.));
#1424 = LINE('',#1425,#1426);
#1425 = CARTESIAN_POINT('',(100.,290.,225.));
#1426 = VECTOR('',#1427,1.);
#1427 = DIRECTION('',(0.,1.,0.));
#1428 = ORIENTED_EDGE('',*,*,#1429,.T.);
#1429 = EDGE_CURVE('',#1422,#1430,#1432,.T.);
#1430 = VERTEX_POINT('',#1431);
#1431 = CARTESIAN_POINT('',(100.,360.,240.));
#1432 = LINE('',#1433,#1434);
#1433 = CARTESIAN_POINT('',(100.,360.,225.));
#1434 = VECTOR('',#1435,1.);
#1435 = DIRECTION('',(0.,0.,1.));
#1436 = ORIENTED_EDGE('',*,*,#1437,.F.);
#1437 = EDGE_CURVE('',#1414,#1430,#1438,.T.);
#1438 = LINE('',#1439,#1440);
#1439 = CARTESIAN_POINT('',(100.,290.,240.));
#1440 = VECTOR('',#1441,1.);
#1441 = DIRECTION('',(0.,1.,0.));
#1442 = PLANE('',#1443);
#1443 = AXIS2_PLACEMENT_3D('',#1444,#1445,#1446);
#1444 = CARTESIAN_POINT('',(100.,290.,225.));
#1445 = DIRECTION('',(1.,0.,0.));
#1446 = DIRECTION('',(0.,0.,1.));
#1447 = ADVANCED_FACE('',(#1448),#1464,.F.);
#1448 = FACE_BOUND('',#1449,.F.);
#1449 = EDGE_LOOP('',(#1450,#1456,#1457,#1463));
#1450 = ORIENTED_EDGE('',*,*,#1451,.F.);
#1451 = EDGE_CURVE('',#1372,#1412,#1452,.T.);
#1452 = LINE('',#1453,#1454);
#1453 = CARTESIAN_POINT('',(70.,290.,225.));
#1454 = VECTOR('',#1455,1.);
#1455 = DIRECTION('',(1.,0.,0.));
#1456 = ORIENTED_EDGE('',*,*,#1371,.T.);
#1457 = ORIENTED_EDGE('',*,*,#1458,.T.);
#1458 = EDGE_CURVE('',#1374,#1414,#1459,.T.);
#1459 = LINE('',#1460,#1461);
#1460 = CARTESIAN_POINT('',(70.,290.,240.));
#1461 = VECTOR('',#1462,1.);
#1462 = DIRECTION('',(1.,0.,0.));
#1463 = ORIENTED_EDGE('',*,*,#1411,.F.);
#1464 = PLANE('',#1465);
#1465 = AXIS2_PLACEMENT_3D('',#1466,#1467,#1468);
#1466 = CARTESIAN_POINT('',(70.,290.,225.));
#1467 = DIRECTION('',(0.,1.,0.));
#1468 = DIRECTION('',(0.,0.,1.));
#1469 = ADVANCED_FACE('',(#1470),#1486,.T.);
#1470 = FACE_BOUND('',#1471,.T.);
#1471 = EDGE_LOOP('',(#1472,#1478,#1479,#1485));
#1472 = ORIENTED_EDGE('',*,*,#1473,.F.);
#1473 = EDGE_CURVE('',#1382,#1422,#1474,.T.);
#1474 = LINE('',#1475,#1476);
#1475 = CARTESIAN_POINT('',(70.,360.,225.));
#1476 = VECTOR('',#1477,1.);
#1477 = DIRECTION('',(1.,0.,0.));
#1478 = ORIENTED_EDGE('',*,*,#1389,.T.);
#1479 = ORIENTED_EDGE('',*,*,#1480,.T.);
#1480 = EDGE_CURVE('',#1390,#1430,#1481,.T.);
#1481 = LINE('',#1482,#1483);
#1482 = CARTESIAN_POINT('',(70.,360.,240.));
#1483 = VECTOR('',#1484,1.);
#1484 = DIRECTION('',(1.,0.,0.));
#1485 = ORIENTED_EDGE('',*,*,#1429,.F.);
#1486 = PLANE('',#1487);
#1487 = AXIS2_PLACEMENT_3D('',#1488,#1489,#1490);
#1488 = CARTESIAN_POINT('',(70.,360.,225.));
#1489 = DIRECTION('',(0.,1.,0.));
#1490 = DIRECTION('',(0.,0.,1.));
#1491 = ADVANCED_FACE('',(#1492),#1498,.F.);
#1492 = FACE_BOUND('',#1493,.F.);
#1493 = EDGE_LOOP('',(#1494,#1495,#1496,#1497));
#1494 = ORIENTED_EDGE('',*,*,#1381,.F.);
#1495 = ORIENTED_EDGE('',*,*,#1451,.T.);
#1496 = ORIENTED_EDGE('',*,*,#1421,.T.);
#1497 = ORIENTED_EDGE('',*,*,#1473,.F.);
#1498 = PLANE('',#1499);
#1499 = AXIS2_PLACEMENT_3D('',#1500,#1501,#1502);
#1500 = CARTESIAN_POINT('',(70.,290.,225.));
#1501 = DIRECTION('',(0.,0.,1.));
#1502 = DIRECTION('',(1.,0.,0.));
#1503 = ADVANCED_FACE('',(#1504),#1510,.T.);
#1504 = FACE_BOUND('',#1505,.T.);
#1505 = EDGE_LOOP('',(#1506,#1507,#1508,#1509));
#1506 = ORIENTED_EDGE('',*,*,#1397,.F.);
#1507 = ORIENTED_EDGE('',*,*,#1458,.T.);
#1508 = ORIENTED_EDGE('',*,*,#1437,.T.);
#1509 = ORIENTED_EDGE('',*,*,#1480,.F.);
#1510 = PLANE('',#1511);
#1511 = AXIS2_PLACEMENT_3D('',#1512,#1513,#1514);
#1512 = CARTESIAN_POINT('',(70.,290.,240.));
#1513 = DIRECTION('',(0.,0.,1.));
#1514 = DIRECTION('',(1.,0.,0.));
#1515 = MANIFOLD_SOLID_BREP('',#1516);
#1516 = CLOSED_SHELL('',(#1517,#1557,#1597,#1619,#1641,#1653));
#1517 = ADVANCED_FACE('',(#1518),#1552,.F.);
#1518 = FACE_BOUND('',#1519,.F.);
#1519 = EDGE_LOOP('',(#1520,#1530,#1538,#1546));
#1520 = ORIENTED_EDGE('',*,*,#1521,.F.);
#1521 = EDGE_CURVE('',#1522,#1524,#1526,.T.);
#1522 = VERTEX_POINT('',#1523);
#1523 = CARTESIAN_POINT('',(140.,290.,225.));
#1524 = VERTEX_POINT('',#1525);
#1525 = CARTESIAN_POINT('',(140.,290.,240.));
#1526 = LINE('',#1527,#1528);
#1527 = CARTESIAN_POINT('',(140.,290.,225.));
#1528 = VECTOR('',#1529,1.);
#1529 = DIRECTION('',(0.,0.,1.));
#1530 = ORIENTED_EDGE('',*,*,#1531,.T.);
#1531 = EDGE_CURVE('',#1522,#1532,#1534,.T.);
#1532 = VERTEX_POINT('',#1533);
#1533 = CARTESIAN_POINT('',(140.,360.,225.));
#1534 = LINE('',#1535,#1536);
#1535 = CARTESIAN_POINT('',(140.,290.,225.));
#1536 = VECTOR('',#1537,1.);
#1537 = DIRECTION('',(0.,1.,0.));
#1538 = ORIENTED_EDGE('',*,*,#1539,.T.);
#1539 = EDGE_CURVE('',#1532,#1540,#1542,.T.);
#1540 = VERTEX_POINT('',#1541);
#1541 = CARTESIAN_POINT('',(140.,360.,240.));
#1542 = LINE('',#1543,#1544);
#1543 = CARTESIAN_POINT('',(140.,360.,225.));
#1544 = VECTOR('',#1545,1.);
#1545 = DIRECTION('',(0.,0.,1.));
#1546 = ORIENTED_EDGE('',*,*,#1547,.F.);
#1547 = EDGE_CURVE('',#1524,#1540,#1548,.T.);
#1548 = LINE('',#1549,#1550);
#1549 = CARTESIAN_POINT('',(140.,290.,240.));
#1550 = VECTOR('',#1551,1.);
#1551 = DIRECTION('',(0.,1.,0.));
#1552 = PLANE('',#1553);
#1553 = AXIS2_PLACEMENT_3D('',#1554,#1555,#1556);
#1554 = CARTESIAN_POINT('',(140.,290.,225.));
#1555 = DIRECTION('',(1.,0.,0.));
#1556 = DIRECTION('',(0.,0.,1.));
#1557 = ADVANCED_FACE('',(#1558),#1592,.T.);
#1558 = FACE_BOUND('',#1559,.T.);
#1559 = EDGE_LOOP('',(#1560,#1570,#1578,#1586));
#1560 = ORIENTED_EDGE('',*,*,#1561,.F.);
#1561 = EDGE_CURVE('',#1562,#1564,#1566,.T.);
#1562 = VERTEX_POINT('',#1563);
#1563 = CARTESIAN_POINT('',(170.,290.,225.));
#1564 = VERTEX_POINT('',#1565);
#1565 = CARTESIAN_POINT('',(170.,290.,240.));
#1566 = LINE('',#1567,#1568);
#1567 = CARTESIAN_POINT('',(170.,290.,225.));
#1568 = VECTOR('',#1569,1.);
#1569 = DIRECTION('',(0.,0.,1.));
#1570 = ORIENTED_EDGE('',*,*,#1571,.T.);
#1571 = EDGE_CURVE('',#1562,#1572,#1574,.T.);
#1572 = VERTEX_POINT('',#1573);
#1573 = CARTESIAN_POINT('',(170.,360.,225.));
#1574 = LINE('',#1575,#1576);
#1575 = CARTESIAN_POINT('',(170.,290.,225.));
#1576 = VECTOR('',#1577,1.);
#1577 = DIRECTION('',(0.,1.,0.));
#1578 = ORIENTED_EDGE('',*,*,#1579,.T.);
#1579 = EDGE_CURVE('',#1572,#1580,#1582,.T.);
#1580 = VERTEX_POINT('',#1581);
#1581 = CARTESIAN_POINT('',(170.,360.,240.));
#1582 = LINE('',#1583,#1584);
#1583 = CARTESIAN_POINT('',(170.,360.,225.));
#1584 = VECTOR('',#1585,1.);
#1585 = DIRECTION('',(0.,0.,1.));
#1586 = ORIENTED_EDGE('',*,*,#1587,.F.);
#1587 = EDGE_CURVE('',#1564,#1580,#1588,.T.);
#1588 = LINE('',#1589,#1590);
#1589 = CARTESIAN_POINT('',(170.,290.,240.));
#1590 = VECTOR('',#1591,1.);
#1591 = DIRECTION('',(0.,1.,0.));
#1592 = PLANE('',#1593);
#1593 = AXIS2_PLACEMENT_3D('',#1594,#1595,#1596);
#1594 = CARTESIAN_POINT('',(170.,290.,225.));
#1595 = DIRECTION('',(1.,0.,0.));
#1596 = DIRECTION('',(0.,0.,1.));
#1597 = ADVANCED_FACE('',(#1598),#1614,.F.);
#1598 = FACE_BOUND('',#1599,.F.);
#1599 = EDGE_LOOP('',(#1600,#1606,#1607,#1613));
#1600 = ORIENTED_EDGE('',*,*,#1601,.F.);
#1601 = EDGE_CURVE('',#1522,#1562,#1602,.T.);
#1602 = LINE('',#1603,#1604);
#1603 = CARTESIAN_POINT('',(140.,290.,225.));
#1604 = VECTOR('',#1605,1.);
#1605 = DIRECTION('',(1.,0.,0.));
#1606 = ORIENTED_EDGE('',*,*,#1521,.T.);
#1607 = ORIENTED_EDGE('',*,*,#1608,.T.);
#1608 = EDGE_CURVE('',#1524,#1564,#1609,.T.);
#1609 = LINE('',#1610,#1611);
#1610 = CARTESIAN_POINT('',(140.,290.,240.));
#1611 = VECTOR('',#1612,1.);
#1612 = DIRECTION('',(1.,0.,0.));
#1613 = ORIENTED_EDGE('',*,*,#1561,.F.);
#1614 = PLANE('',#1615);
#1615 = AXIS2_PLACEMENT_3D('',#1616,#1617,#1618);
#1616 = CARTESIAN_POINT('',(140.,290.,225.));
#1617 = DIRECTION('',(0.,1.,0.));
#1618 = DIRECTION('',(0.,0.,1.));
#1619 = ADVANCED_FACE('',(#1620),#1636,.T.);
#1620 = FACE_BOUND('',#1621,.T.);
#1621 = EDGE_LOOP('',(#1622,#1628,#1629,#1635));
#1622 = ORIENTED_EDGE('',*,*,#1623,.F.);
#1623 = EDGE_CURVE('',#1532,#1572,#1624,.T.);
#1624 = LINE('',#1625,#1626);
#1625 = CARTESIAN_POINT('',(140.,360.,225.));
#1626 = VECTOR('',#1627,1.);
#1627 = DIRECTION('',(1.,0.,0.));
#1628 = ORIENTED_EDGE('',*,*,#1539,.T.);
#1629 = ORIENTED_EDGE('',*,*,#1630,.T.);
#1630 = EDGE_CURVE('',#1540,#1580,#1631,.T.);
#1631 = LINE('',#1632,#1633);
#1632 = CARTESIAN_POINT('',(140.,360.,240.));
#1633 = VECTOR('',#1634,1.);
#1634 = DIRECTION('',(1.,0.,0.));
#1635 = ORIENTED_EDGE('',*,*,#1579,.F.);
#1636 = PLANE('',#1637);
#1637 = AXIS2_PLACEMENT_3D('',#1638,#1639,#1640);
#1638 = CARTESIAN_POINT('',(140.,360.,225.));
#1639 = DIRECTION('',(0.,1.,0.));
#1640 = DIRECTION('',(0.,0.,1.));
#1641 = ADVANCED_FACE('',(#1642),#1648,.F.);
#1642 = FACE_BOUND('',#1643,.F.);
#1643 = EDGE_LOOP('',(#1644,#1645,#1646,#1647));
#1644 = ORIENTED_EDGE('',*,*,#1531,.F.);
#1645 = ORIENTED_EDGE('',*,*,#1601,.T.);
#1646 = ORIENTED_EDGE('',*,*,#1571,.T.);
#1647 = ORIENTED_EDGE('',*,*,#1623,.F.);
#1648 = PLANE('',#1649);
#1649 = AXIS2_PLACEMENT_3D('',#1650,#1651,#1652);
#1650 = CARTESIAN_POINT('',(140.,290.,225.));
#1651 = DIRECTION('',(0.,0.,1.));
#1652 = DIRECTION('',(1.,0.,0.));
#1653 = ADVANCED_FACE('',(#1654),#1660,.T.);
#1654 = FACE_BOUND('',#1655,.T.);
#1655 = EDGE_LOOP('',(#1656,#1657,#1658,#1659));
#1656 = ORIENTED_EDGE('',*,*,#1547,.F.);
#1657 = ORIENTED_EDGE('',*,*,#1608,.T.);
#1658 = ORIENTED_EDGE('',*,*,#1587,.T.);
#1659 = ORIENTED_EDGE('',*,*,#1630,.F.);
#1660 = PLANE('',#1661);
#1661 = AXIS2_PLACEMENT_3D('',#1662,#1663,#1664);
#1662 = CARTESIAN_POINT('',(140.,290.,240.));
#1663 = DIRECTION('',(0.,0.,1.));
#1664 = DIRECTION('',(1.,0.,0.));
#1665 = MANIFOLD_SOLID_BREP('',#1666);
#1666 = CLOSED_SHELL('',(#1667,#1707,#1747,#1769,#1791,#1803));
#1667 = ADVANCED_FACE('',(#1668),#1702,.F.);
#1668 = FACE_BOUND('',#1669,.F.);
#1669 = EDGE_LOOP('',(#1670,#1680,#1688,#1696));
#1670 = ORIENTED_EDGE('',*,*,#1671,.F.);
#1671 = EDGE_CURVE('',#1672,#1674,#1676,.T.);
#1672 = VERTEX_POINT('',#1673);
#1673 = CARTESIAN_POINT('',(70.,290.,345.));
#1674 = VERTEX_POINT('',#1675);
#1675 = CARTESIAN_POINT('',(70.,290.,360.));
#1676 = LINE('',#1677,#1678);
#1677 = CARTESIAN_POINT('',(70.,290.,345.));
#1678 = VECTOR('',#1679,1.);
#1679 = DIRECTION('',(0.,0.,1.));
#1680 = ORIENTED_EDGE('',*,*,#1681,.T.);
#1681 = EDGE_CURVE('',#1672,#1682,#1684,.T.);
#1682 = VERTEX_POINT('',#1683);
#1683 = CARTESIAN_POINT('',(70.,360.,345.));
#1684 = LINE('',#1685,#1686);
#1685 = CARTESIAN_POINT('',(70.,290.,345.));
#1686 = VECTOR('',#1687,1.);
#1687 = DIRECTION('',(0.,1.,0.));
#1688 = ORIENTED_EDGE('',*,*,#1689,.T.);
#1689 = EDGE_CURVE('',#1682,#1690,#1692,.T.);
#1690 = VERTEX_POINT('',#1691);
#1691 = CARTESIAN_POINT('',(70.,360.,360.));
#1692 = LINE('',#1693,#1694);
#1693 = CARTESIAN_POINT('',(70.,360.,345.));
#1694 = VECTOR('',#1695,1.);
#1695 = DIRECTION('',(0.,0.,1.));
#1696 = ORIENTED_EDGE('',*,*,#1697,.F.);
#1697 = EDGE_CURVE('',#1674,#1690,#1698,.T.);
#1698 = LINE('',#1699,#1700);
#1699 = CARTESIAN_POINT('',(70.,290.,360.));
#1700 = VECTOR('',#1701,1.);
#1701 = DIRECTION('',(0.,1.,0.));
#1702 = PLANE('',#1703);
#1703 = AXIS2_PLACEMENT_3D('',#1704,#1705,#1706);
#1704 = CARTESIAN_POINT('',(70.,290.,345.));
#1705 = DIRECTION('',(1.,0.,0.));
#1706 = DIRECTION('',(0.,0.,1.));
#1707 = ADVANCED_FACE('',(#1708),#1742,.T.);
#1708 = FACE_BOUND('',#1709,.T.);
#1709 = EDGE_LOOP('',(#1710,#1720,#1728,#1736));
#1710 = ORIENTED_EDGE('',*,*,#1711,.F.);
#1711 = EDGE_CURVE('',#1712,#1714,#1716,.T.);
#1712 = VERTEX_POINT('',#1713);
#1713 = CARTESIAN_POINT('',(100.,290.,345.));
#1714 = VERTEX_POINT('',#1715);
#1715 = CARTESIAN_POINT('',(100.,290.,360.));
#1716 = LINE('',#1717,#1718);
#1717 = CARTESIAN_POINT('',(100.,290.,345.));
#1718 = VECTOR('',#1719,1.);
#1719 = DIRECTION('',(0.,0.,1.));
#1720 = ORIENTED_EDGE('',*,*,#1721,.T.);
#1721 = EDGE_CURVE('',#1712,#1722,#1724,.T.);
#1722 = VERTEX_POINT('',#1723);
#1723 = CARTESIAN_POINT('',(100.,360.,345.));
#1724 = LINE('',#1725,#1726);
#1725 = CARTESIAN_POINT('',(100.,290.,345.));
#1726 = VECTOR('',#1727,1.);
#1727 = DIRECTION('',(0.,1.,0.));
#1728 = ORIENTED_EDGE('',*,*,#1729,.T.);
#1729 = EDGE_CURVE('',#1722,#1730,#1732,.T.);
#1730 = VERTEX_POINT('',#1731);
#1731 = CARTESIAN_POINT('',(100.,360.,360.));
#1732 = LINE('',#1733,#1734);
#1733 = CARTESIAN_POINT('',(100.,360.,345.));
#1734 = VECTOR('',#1735,1.);
#1735 = DIRECTION('',(0.,0.,1.));
#1736 = ORIENTED_EDGE('',*,*,#1737,.F.);
#1737 = EDGE_CURVE('',#1714,#1730,#1738,.T.);
#1738 = LINE('',#1739,#1740);
#1739 = CARTESIAN_POINT('',(100.,290.,360.));
#1740 = VECTOR('',#1741,1.);
#1741 = DIRECTION('',(0.,1.,0.));
#1742 = PLANE('',#1743);
#1743 = AXIS2_PLACEMENT_3D('',#1744,#1745,#1746);
#1744 = CARTESIAN_POINT('',(100.,290.,345.));
#1745 = DIRECTION('',(1.,0.,0.));
#1746 = DIRECTION('',(0.,0.,1.));
#1747 = ADVANCED_FACE('',(#1748),#1764,.F.);
#1748 = FACE_BOUND('',#1749,.F.);
#1749 = EDGE_LOOP('',(#1750,#1756,#1757,#1763));
#1750 = ORIENTED_EDGE('',*,*,#1751,.F.);
#1751 = EDGE_CURVE('',#1672,#1712,#1752,.T.);
#1752 = LINE('',#1753,#1754);
#1753 = CARTESIAN_POINT('',(70.,290.,345.));
#1754 = VECTOR('',#1755,1.);
#1755 = DIRECTION('',(1.,0.,0.));
#1756 = ORIENTED_EDGE('',*,*,#1671,.T.);
#1757 = ORIENTED_EDGE('',*,*,#1758,.T.);
#1758 = EDGE_CURVE('',#1674,#1714,#1759,.T.);
#1759 = LINE('',#1760,#1761);
#1760 = CARTESIAN_POINT('',(70.,290.,360.));
#1761 = VECTOR('',#1762,1.);
#1762 = DIRECTION('',(1.,0.,0.));
#1763 = ORIENTED_EDGE('',*,*,#1711,.F.);
#1764 = PLANE('',#1765);
#1765 = AXIS2_PLACEMENT_3D('',#1766,#1767,#1768);
#1766 = CARTESIAN_POINT('',(70.,290.,345.));
#1767 = DIRECTION('',(0.,1.,0.));
#1768 = DIRECTION('',(0.,0.,1.));
#1769 = ADVANCED_FACE('',(#1770),#1786,.T.);
#1770 = FACE_BOUND('',#1771,.T.);
#1771 = EDGE_LOOP('',(#1772,#1778,#1779,#1785));
#1772 = ORIENTED_EDGE('',*,*,#1773,.F.);
#1773 = EDGE_CURVE('',#1682,#1722,#1774,.T.);
#1774 = LINE('',#1775,#1776);
#1775 = CARTESIAN_POINT('',(70.,360.,345.));
#1776 = VECTOR('',#1777,1.);
#1777 = DIRECTION('',(1.,0.,0.));
#1778 = ORIENTED_EDGE('',*,*,#1689,.T.);
#1779 = ORIENTED_EDGE('',*,*,#1780,.T.);
#1780 = EDGE_CURVE('',#1690,#1730,#1781,.T.);
#1781 = LINE('',#1782,#1783);
#1782 = CARTESIAN_POINT('',(70.,360.,360.));
#1783 = VECTOR('',#1784,1.);
#1784 = DIRECTION('',(1.,0.,0.));
#1785 = ORIENTED_EDGE('',*,*,#1729,.F.);
#1786 = PLANE('',#1787);
#1787 = AXIS2_PLACEMENT_3D('',#1788,#1789,#1790);
#1788 = CARTESIAN_POINT('',(70.,360.,345.));
#1789 = DIRECTION('',(0.,1.,0.));
#1790 = DIRECTION('',(0.,0.,1.));
#1791 = ADVANCED_FACE('',(#1792),#1798,.F.);
#1792 = FACE_BOUND('',#1793,.F.);
#1793 = EDGE_LOOP('',(#1794,#1795,#1796,#1797));
#1794 = ORIENTED_EDGE('',*,*,#1681,.F.);
#1795 = ORIENTED_EDGE('',*,*,#1751,.T.);
#1796 = ORIENTED_EDGE('',*,*,#1721,.T.);
#1797 = ORIENTED_EDGE('',*,*,#1773,.F.);
#1798 = PLANE('',#1799);
#1799 = AXIS2_PLACEMENT_3D('',#1800,#1801,#1802);
#1800 = CARTESIAN_POINT('',(70.,290.,345.));
#1801 = DIRECTION('',(0.,0.,1.));
#1802 = DIRECTION('',(1.,0.,0.));
#1803 = ADVANCED_FACE('',(#1804),#1810,.T.);
#1804 = FACE_BOUND('',#1805,.T.);
#1805 = EDGE_LOOP('',(#1806,#1807,#1808,#1809));
#1806 = ORIENTED_EDGE('',*,*,#1697,.F.);
#1807 = ORIENTED_EDGE('',*,*,#1758,.T.);
#1808 = ORIENTED_EDGE('',*,*,#1737,.T.);
#1809 = ORIENTED_EDGE('',*,*,#1780,.F.);
#1810 = PLANE('',#1811);
#1811 = AXIS2_PLACEMENT_3D('',#1812,#1813,#1814);
#1812 = CARTESIAN_POINT('',(70.,290.,360.));
#1813 = DIRECTION('',(0.,0.,1.));
#1814 = DIRECTION('',(1.,0.,0.));
#1815 = MANIFOLD_SOLID_BREP('',#1816);
#1816 = CLOSED_SHELL('',(#1817,#1857,#1897,#1919,#1941,#1953));
#1817 = ADVANCED_FACE('',(#1818),#1852,.F.);
#1818 = FACE_BOUND('',#1819,.F.);
#1819 = EDGE_LOOP('',(#1820,#1830,#1838,#1846));
#1820 = ORIENTED_EDGE('',*,*,#1821,.F.);
#1821 = EDGE_CURVE('',#1822,#1824,#1826,.T.);
#1822 = VERTEX_POINT('',#1823);
#1823 = CARTESIAN_POINT('',(140.,290.,345.));
#1824 = VERTEX_POINT('',#1825);
#1825 = CARTESIAN_POINT('',(140.,290.,360.));
#1826 = LINE('',#1827,#1828);
#1827 = CARTESIAN_POINT('',(140.,290.,345.));
#1828 = VECTOR('',#1829,1.);
#1829 = DIRECTION('',(0.,0.,1.));
#1830 = ORIENTED_EDGE('',*,*,#1831,.T.);
#1831 = EDGE_CURVE('',#1822,#1832,#1834,.T.);
#1832 = VERTEX_POINT('',#1833);
#1833 = CARTESIAN_POINT('',(140.,360.,345.));
#1834 = LINE('',#1835,#1836);
#1835 = CARTESIAN_POINT('',(140.,290.,345.));
#1836 = VECTOR('',#1837,1.);
#1837 = DIRECTION('',(0.,1.,0.));
#1838 = ORIENTED_EDGE('',*,*,#1839,.T.);
#1839 = EDGE_CURVE('',#1832,#1840,#1842,.T.);
#1840 = VERTEX_POINT('',#1841);
#1841 = CARTESIAN_POINT('',(140.,360.,360.));
#1842 = LINE('',#1843,#1844);
#1843 = CARTESIAN_POINT('',(140.,360.,345.));
#1844 = VECTOR('',#1845,1.);
#1845 = DIRECTION('',(0.,0.,1.));
#1846 = ORIENTED_EDGE('',*,*,#1847,.F.);
#1847 = EDGE_CURVE('',#1824,#1840,#1848,.T.);
#1848 = LINE('',#1849,#1850);
#1849 = CARTESIAN_POINT('',(140.,290.,360.));
#1850 = VECTOR('',#1851,1.);
#1851 = DIRECTION('',(0.,1.,0.));
#1852 = PLANE('',#1853);
#1853 = AXIS2_PLACEMENT_3D('',#1854,#1855,#1856);
#1854 = CARTESIAN_POINT('',(140.,290.,345.));
#1855 = DIRECTION('',(1.,0.,0.));
#1856 = DIRECTION('',(0.,0.,1.));
#1857 = ADVANCED_FACE('',(#1858),#1892,.T.);
#1858 = FACE_BOUND('',#1859,.T.);
#1859 = EDGE_LOOP('',(#1860,#1870,#1878,#1886));
#1860 = ORIENTED_EDGE('',*,*,#1861,.F.);
#1861 = EDGE_CURVE('',#1862,#1864,#1866,.T.);
#1862 = VERTEX_POINT('',#1863);
#1863 = CARTESIAN_POINT('',(170.,290.,345.));
#1864 = VERTEX_POINT('',#1865);
#1865 = CARTESIAN_POINT('',(170.,290.,360.));
#1866 = LINE('',#1867,#1868);
#1867 = CARTESIAN_POINT('',(170.,290.,345.));
#1868 = VECTOR('',#1869,1.);
#1869 = DIRECTION('',(0.,0.,1.));
#1870 = ORIENTED_EDGE('',*,*,#1871,.T.);
#1871 = EDGE_CURVE('',#1862,#1872,#1874,.T.);
#1872 = VERTEX_POINT('',#1873);
#1873 = CARTESIAN_POINT('',(170.,360.,345.));
#1874 = LINE('',#1875,#1876);
#1875 = CARTESIAN_POINT('',(170.,290.,345.));
#1876 = VECTOR('',#1877,1.);
#1877 = DIRECTION('',(0.,1.,0.));
#1878 = ORIENTED_EDGE('',*,*,#1879,.T.);
#1879 = EDGE_CURVE('',#1872,#1880,#1882,.T.);
#1880 = VERTEX_POINT('',#1881);
#1881 = CARTESIAN_POINT('',(170.,360.,360.));
#1882 = LINE('',#1883,#1884);
#1883 = CARTESIAN_POINT('',(170.,360.,345.));
#1884 = VECTOR('',#1885,1.);
#1885 = DIRECTION('',(0.,0.,1.));
#1886 = ORIENTED_EDGE('',*,*,#1887,.F.);
#1887 = EDGE_CURVE('',#1864,#1880,#1888,.T.);
#1888 = LINE('',#1889,#1890);
#1889 = CARTESIAN_POINT('',(170.,290.,360.));
#1890 = VECTOR('',#1891,1.);
#1891 = DIRECTION('',(0.,1.,0.));
#1892 = PLANE('',#1893);
#1893 = AXIS2_PLACEMENT_3D('',#1894,#1895,#1896);
#1894 = CARTESIAN_POINT('',(170.,290.,345.));
#1895 = DIRECTION('',(1.,0.,0.));
#1896 = DIRECTION('',(0.,0.,1.));
#1897 = ADVANCED_FACE('',(#1898),#1914,.F.);
#1898 = FACE_BOUND('',#1899,.F.);
#1899 = EDGE_LOOP('',(#1900,#1906,#1907,#1913));
#1900 = ORIENTED_EDGE('',*,*,#1901,.F.);
#1901 = EDGE_CURVE('',#1822,#1862,#1902,.T.);
#1902 = LINE('',#1903,#1904);
#1903 = CARTESIAN_POINT('',(140.,290.,345.));
#1904 = VECTOR('',#1905,1.);
#1905 = DIRECTION('',(1.,0.,0.));
#1906 = ORIENTED_EDGE('',*,*,#1821,.T.);
#1907 = ORIENTED_EDGE('',*,*,#1908,.T.);
#1908 = EDGE_CURVE('',#1824,#1864,#1909,.T.);
#1909 = LINE('',#1910,#1911);
#1910 = CARTESIAN_POINT('',(140.,290.,360.));
#1911 = VECTOR('',#1912,1.);
#1912 = DIRECTION('',(1.,0.,0.));
#1913 = ORIENTED_EDGE('',*,*,#1861,.F.);
#1914 = PLANE('',#1915);
#1915 = AXIS2_PLACEMENT_3D('',#1916,#1917,#1918);
#1916 = CARTESIAN_POINT('',(140.,290.,345.));
#1917 = DIRECTION('',(0.,1.,0.));
#1918 = DIRECTION('',(0.,0.,1.));
#1919 = ADVANCED_FACE('',(#1920),#1936,.T.);
#1920 = FACE_BOUND('',#1921,.T.);
#1921 = EDGE_LOOP('',(#1922,#1928,#1929,#1935));
#1922 = ORIENTED_EDGE('',*,*,#1923,.F.);
#1923 = EDGE_CURVE('',#1832,#1872,#1924,.T.);
#1924 = LINE('',#1925,#1926);
#1925 = CARTESIAN_POINT('',(140.,360.,345.));
#1926 = VECTOR('',#1927,1.);
#1927 = DIRECTION('',(1.,0.,0.));
#1928 = ORIENTED_EDGE('',*,*,#1839,.T.);
#1929 = ORIENTED_EDGE('',*,*,#1930,.T.);
#1930 = EDGE_CURVE('',#1840,#1880,#1931,.T.);
#1931 = LINE('',#1932,#1933);
#1932 = CARTESIAN_POINT('',(140.,360.,360.));
#1933 = VECTOR('',#1934,1.);
#1934 = DIRECTION('',(1.,0.,0.));
#1935 = ORIENTED_EDGE('',*,*,#1879,.F.);
#1936 = PLANE('',#1937);
#1937 = AXIS2_PLACEMENT_3D('',#1938,#1939,#1940);
#1938 = CARTESIAN_POINT('',(140.,360.,345.));
#1939 = DIRECTION('',(0.,1.,0.));
#1940 = DIRECTION('',(0.,0.,1.));
#1941 = ADVANCED_FACE('',(#1942),#1948,.F.);
#1942 = FACE_BOUND('',#1943,.F.);
#1943 = EDGE_LOOP('',(#1944,#1945,#1946,#1947));
#1944 = ORIENTED_EDGE('',*,*,#1831,.F.);
#1945 = ORIENTED_EDGE('',*,*,#1901,.T.);
#1946 = ORIENTED_EDGE('',*,*,#1871,.T.);
#1947 = ORIENTED_EDGE('',*,*,#1923,.F.);
#1948 = PLANE('',#1949);
#1949 = AXIS2_PLACEMENT_3D('',#1950,#1951,#1952);
#1950 = CARTESIAN_POINT('',(140.,290.,345.));
#1951 = DIRECTION('',(0.,0.,1.));
#1952 = DIRECTION('',(1.,0.,0.));
#1953 = ADVANCED_FACE('',(#1954),#1960,.T.);
#1954 = FACE_BOUND('',#1955,.T.);
#1955 = EDGE_LOOP('',(#1956,#1957,#1958,#1959));
#1956 = ORIENTED_EDGE('',*,*,#1847,.F.);
#1957 = ORIENTED_EDGE('',*,*,#1908,.T.);
#1958 = ORIENTED_EDGE('',*,*,#1887,.T.);
#1959 = ORIENTED_EDGE('',*,*,#1930,.F.);
#1960 = PLANE('',#1961);
#1961 = AXIS2_PLACEMENT_3D('',#1962,#1963,#1964);
#1962 = CARTESIAN_POINT('',(140.,290.,360.));
#1963 = DIRECTION('',(0.,0.,1.));
#1964 = DIRECTION('',(1.,0.,0.));
#1965 = MANIFOLD_SOLID_BREP('',#1966);
#1966 = CLOSED_SHELL('',(#1967,#2007,#2047,#2069,#2091,#2103));
#1967 = ADVANCED_FACE('',(#1968),#2002,.F.);
#1968 = FACE_BOUND('',#1969,.F.);
#1969 = EDGE_LOOP('',(#1970,#1980,#1988,#1996));
#1970 = ORIENTED_EDGE('',*,*,#1971,.F.);
#1971 = EDGE_CURVE('',#1972,#1974,#1976,.T.);
#1972 = VERTEX_POINT('',#1973);
#1973 = CARTESIAN_POINT('',(190.,290.,105.));
#1974 = VERTEX_POINT('',#1975);
#1975 = CARTESIAN_POINT('',(190.,290.,120.));
#1976 = LINE('',#1977,#1978);
#1977 = CARTESIAN_POINT('',(190.,290.,105.));
#1978 = VECTOR('',#1979,1.);
#1979 = DIRECTION('',(0.,0.,1.));
#1980 = ORIENTED_EDGE('',*,*,#1981,.T.);
#1981 = EDGE_CURVE('',#1972,#1982,#1984,.T.);
#1982 = VERTEX_POINT('',#1983);
#1983 = CARTESIAN_POINT('',(190.,360.,105.));
#1984 = LINE('',#1985,#1986);
#1985 = CARTESIAN_POINT('',(190.,290.,105.));
#1986 = VECTOR('',#1987,1.);
#1987 = DIRECTION('',(0.,1.,0.));
#1988 = ORIENTED_EDGE('',*,*,#1989,.T.);
#1989 = EDGE_CURVE('',#1982,#1990,#1992,.T.);
#1990 = VERTEX_POINT('',#1991);
#1991 = CARTESIAN_POINT('',(190.,360.,120.));
#1992 = LINE('',#1993,#1994);
#1993 = CARTESIAN_POINT('',(190.,360.,105.));
#1994 = VECTOR('',#1995,1.);
#1995 = DIRECTION('',(0.,0.,1.));
#1996 = ORIENTED_EDGE('',*,*,#1997,.F.);
#1997 = EDGE_CURVE('',#1974,#1990,#1998,.T.);
#1998 = LINE('',#1999,#2000);
#1999 = CARTESIAN_POINT('',(190.,290.,120.));
#2000 = VECTOR('',#2001,1.);
#2001 = DIRECTION('',(0.,1.,0.));
#2002 = PLANE('',#2003);
#2003 = AXIS2_PLACEMENT_3D('',#2004,#2005,#2006);
#2004 = CARTESIAN_POINT('',(190.,290.,105.));
#2005 = DIRECTION('',(1.,0.,0.));
#2006 = DIRECTION('',(0.,0.,1.));
#2007 = ADVANCED_FACE('',(#2008),#2042,.T.);
#2008 = FACE_BOUND('',#2009,.T.);
#2009 = EDGE_LOOP('',(#2010,#2020,#2028,#2036));
#2010 = ORIENTED_EDGE('',*,*,#2011,.F.);
#2011 = EDGE_CURVE('',#2012,#2014,#2016,.T.);
#2012 = VERTEX_POINT('',#2013);
#2013 = CARTESIAN_POINT('',(220.,290.,105.));
#2014 = VERTEX_POINT('',#2015);
#2015 = CARTESIAN_POINT('',(220.,290.,120.));
#2016 = LINE('',#2017,#2018);
#2017 = CARTESIAN_POINT('',(220.,290.,105.));
#2018 = VECTOR('',#2019,1.);
#2019 = DIRECTION('',(0.,0.,1.));
#2020 = ORIENTED_EDGE('',*,*,#2021,.T.);
#2021 = EDGE_CURVE('',#2012,#2022,#2024,.T.);
#2022 = VERTEX_POINT('',#2023);
#2023 = CARTESIAN_POINT('',(220.,360.,105.));
#2024 = LINE('',#2025,#2026);
#2025 = CARTESIAN_POINT('',(220.,290.,105.));
#2026 = VECTOR('',#2027,1.);
#2027 = DIRECTION('',(0.,1.,0.));
#2028 = ORIENTED_EDGE('',*,*,#2029,.T.);
#2029 = EDGE_CURVE('',#2022,#2030,#2032,.T.);
#2030 = VERTEX_POINT('',#2031);
#2031 = CARTESIAN_POINT('',(220.,360.,120.));
#2032 = LINE('',#2033,#2034);
#2033 = CARTESIAN_POINT('',(220.,360.,105.));
#2034 = VECTOR('',#2035,1.);
#2035 = DIRECTION('',(0.,0.,1.));
#2036 = ORIENTED_EDGE('',*,*,#2037,.F.);
#2037 = EDGE_CURVE('',#2014,#2030,#2038,.T.);
#2038 = LINE('',#2039,#2040);
#2039 = CARTESIAN_POINT('',(220.,290.,120.));
#2040 = VECTOR('',#2041,1.);
#2041 = DIRECTION('',(0.,1.,0.));
#2042 = PLANE('',#2043);
#2043 = AXIS2_PLACEMENT_3D('',#2044,#2045,#2046);
#2044 = CARTESIAN_POINT('',(220.,290.,105.));
#2045 = DIRECTION('',(1.,0.,0.));
#2046 = DIRECTION('',(0.,0.,1.));
#2047 = ADVANCED_FACE('',(#2048),#2064,.F.);
#2048 = FACE_BOUND('',#2049,.F.);
#2049 = EDGE_LOOP('',(#2050,#2056,#2057,#2063));
#2050 = ORIENTED_EDGE('',*,*,#2051,.F.);
#2051 = EDGE_CURVE('',#1972,#2012,#2052,.T.);
#2052 = LINE('',#2053,#2054);
#2053 = CARTESIAN_POINT('',(190.,290.,105.));
#2054 = VECTOR('',#2055,1.);
#2055 = DIRECTION('',(1.,0.,0.));
#2056 = ORIENTED_EDGE('',*,*,#1971,.T.);
#2057 = ORIENTED_EDGE('',*,*,#2058,.T.);
#2058 = EDGE_CURVE('',#1974,#2014,#2059,.T.);
#2059 = LINE('',#2060,#2061);
#2060 = CARTESIAN_POINT('',(190.,290.,120.));
#2061 = VECTOR('',#2062,1.);
#2062 = DIRECTION('',(1.,0.,0.));
#2063 = ORIENTED_EDGE('',*,*,#2011,.F.);
#2064 = PLANE('',#2065);
#2065 = AXIS2_PLACEMENT_3D('',#2066,#2067,#2068);
#2066 = CARTESIAN_POINT('',(190.,290.,105.));
#2067 = DIRECTION('',(0.,1.,0.));
#2068 = DIRECTION('',(0.,0.,1.));
#2069 = ADVANCED_FACE('',(#2070),#2086,.T.);
#2070 = FACE_BOUND('',#2071,.T.);
#2071 = EDGE_LOOP('',(#2072,#2078,#2079,#2085));
#2072 = ORIENTED_EDGE('',*,*,#2073,.F.);
#2073 = EDGE_CURVE('',#1982,#2022,#2074,.T.);
#2074 = LINE('',#2075,#2076);
#2075 = CARTESIAN_POINT('',(190.,360.,105.));
#2076 = VECTOR('',#2077,1.);
#2077 = DIRECTION('',(1.,0.,0.));
#2078 = ORIENTED_EDGE('',*,*,#1989,.T.);
#2079 = ORIENTED_EDGE('',*,*,#2080,.T.);
#2080 = EDGE_CURVE('',#1990,#2030,#2081,.T.);
#2081 = LINE('',#2082,#2083);
#2082 = CARTESIAN_POINT('',(190.,360.,120.));
#2083 = VECTOR('',#2084,1.);
#2084 = DIRECTION('',(1.,0.,0.));
#2085 = ORIENTED_EDGE('',*,*,#2029,.F.);
#2086 = PLANE('',#2087);
#2087 = AXIS2_PLACEMENT_3D('',#2088,#2089,#2090);
#2088 = CARTESIAN_POINT('',(190.,360.,105.));
#2089 = DIRECTION('',(0.,1.,0.));
#2090 = DIRECTION('',(0.,0.,1.));
#2091 = ADVANCED_FACE('',(#2092),#2098,.F.);
#2092 = FACE_BOUND('',#2093,.F.);
#2093 = EDGE_LOOP('',(#2094,#2095,#2096,#2097));
#2094 = ORIENTED_EDGE('',*,*,#1981,.F.);
#2095 = ORIENTED_EDGE('',*,*,#2051,.T.);
#2096 = ORIENTED_EDGE('',*,*,#2021,.T.);
#2097 = ORIENTED_EDGE('',*,*,#2073,.F.);
#2098 = PLANE('',#2099);
#2099 = AXIS2_PLACEMENT_3D('',#2100,#2101,#2102);
#2100 = CARTESIAN_POINT('',(190.,290.,105.));
#2101 = DIRECTION('',(0.,0.,1.));
#2102 = DIRECTION('',(1.,0.,0.));
#2103 = ADVANCED_FACE('',(#2104),#2110,.T.);
#2104 = FACE_BOUND('',#2105,.T.);
#2105 = EDGE_LOOP('',(#2106,#2107,#2108,#2109));
#2106 = ORIENTED_EDGE('',*,*,#1997,.F.);
#2107 = ORIENTED_EDGE('',*,*,#2058,.T.);
#2108 = ORIENTED_EDGE('',*,*,#2037,.T.);
#2109 = ORIENTED_EDGE('',*,*,#2080,.F.);
#2110 = PLANE('',#2111);
#2111 = AXIS2_PLACEMENT_3D('',#2112,#2113,#2114);
#2112 = CARTESIAN_POINT('',(190.,290.,120.));
#2113 = DIRECTION('',(0.,0.,1.));
#2114 = DIRECTION('',(1.,0.,0.));
#2115 = MANIFOLD_SOLID_BREP('',#2116);
#2116 = CLOSED_SHELL('',(#2117,#2157,#2197,#2219,#2241,#2253));
#2117 = ADVANCED_FACE('',(#2118),#2152,.F.);
#2118 = FACE_BOUND('',#2119,.F.);
#2119 = EDGE_LOOP('',(#2120,#2130,#2138,#2146));
#2120 = ORIENTED_EDGE('',*,*,#2121,.F.);
#2121 = EDGE_CURVE('',#2122,#2124,#2126,.T.);
#2122 = VERTEX_POINT('',#2123);
#2123 = CARTESIAN_POINT('',(260.,290.,105.));
#2124 = VERTEX_POINT('',#2125);
#2125 = CARTESIAN_POINT('',(260.,290.,120.));
#2126 = LINE('',#2127,#2128);
#2127 = CARTESIAN_POINT('',(260.,290.,105.));
#2128 = VECTOR('',#2129,1.);
#2129 = DIRECTION('',(0.,0.,1.));
#2130 = ORIENTED_EDGE('',*,*,#2131,.T.);
#2131 = EDGE_CURVE('',#2122,#2132,#2134,.T.);
#2132 = VERTEX_POINT('',#2133);
#2133 = CARTESIAN_POINT('',(260.,360.,105.));
#2134 = LINE('',#2135,#2136);
#2135 = CARTESIAN_POINT('',(260.,290.,105.));
#2136 = VECTOR('',#2137,1.);
#2137 = DIRECTION('',(0.,1.,0.));
#2138 = ORIENTED_EDGE('',*,*,#2139,.T.);
#2139 = EDGE_CURVE('',#2132,#2140,#2142,.T.);
#2140 = VERTEX_POINT('',#2141);
#2141 = CARTESIAN_POINT('',(260.,360.,120.));
#2142 = LINE('',#2143,#2144);
#2143 = CARTESIAN_POINT('',(260.,360.,105.));
#2144 = VECTOR('',#2145,1.);
#2145 = DIRECTION('',(0.,0.,1.));
#2146 = ORIENTED_EDGE('',*,*,#2147,.F.);
#2147 = EDGE_CURVE('',#2124,#2140,#2148,.T.);
#2148 = LINE('',#2149,#2150);
#2149 = CARTESIAN_POINT('',(260.,290.,120.));
#2150 = VECTOR('',#2151,1.);
#2151 = DIRECTION('',(0.,1.,0.));
#2152 = PLANE('',#2153);
#2153 = AXIS2_PLACEMENT_3D('',#2154,#2155,#2156);
#2154 = CARTESIAN_POINT('',(260.,290.,105.));
#2155 = DIRECTION('',(1.,0.,0.));
#2156 = DIRECTION('',(0.,0.,1.));
#2157 = ADVANCED_FACE('',(#2158),#2192,.T.);
#2158 = FACE_BOUND('',#2159,.T.);
#2159 = EDGE_LOOP('',(#2160,#2170,#2178,#2186));
#2160 = ORIENTED_EDGE('',*,*,#2161,.F.);
#2161 = EDGE_CURVE('',#2162,#2164,#2166,.T.);
#2162 = VERTEX_POINT('',#2163);
#2163 = CARTESIAN_POINT('',(290.,290.,105.));
#2164 = VERTEX_POINT('',#2165);
#2165 = CARTESIAN_POINT('',(290.,290.,120.));
#2166 = LINE('',#2167,#2168);
#2167 = CARTESIAN_POINT('',(290.,290.,105.));
#2168 = VECTOR('',#2169,1.);
#2169 = DIRECTION('',(0.,0.,1.));
#2170 = ORIENTED_EDGE('',*,*,#2171,.T.);
#2171 = EDGE_CURVE('',#2162,#2172,#2174,.T.);
#2172 = VERTEX_POINT('',#2173);
#2173 = CARTESIAN_POINT('',(290.,360.,105.));
#2174 = LINE('',#2175,#2176);
#2175 = CARTESIAN_POINT('',(290.,290.,105.));
#2176 = VECTOR('',#2177,1.);
#2177 = DIRECTION('',(0.,1.,0.));
#2178 = ORIENTED_EDGE('',*,*,#2179,.T.);
#2179 = EDGE_CURVE('',#2172,#2180,#2182,.T.);
#2180 = VERTEX_POINT('',#2181);
#2181 = CARTESIAN_POINT('',(290.,360.,120.));
#2182 = LINE('',#2183,#2184);
#2183 = CARTESIAN_POINT('',(290.,360.,105.));
#2184 = VECTOR('',#2185,1.);
#2185 = DIRECTION('',(0.,0.,1.));
#2186 = ORIENTED_EDGE('',*,*,#2187,.F.);
#2187 = EDGE_CURVE('',#2164,#2180,#2188,.T.);
#2188 = LINE('',#2189,#2190);
#2189 = CARTESIAN_POINT('',(290.,290.,120.));
#2190 = VECTOR('',#2191,1.);
#2191 = DIRECTION('',(0.,1.,0.));
#2192 = PLANE('',#2193);
#2193 = AXIS2_PLACEMENT_3D('',#2194,#2195,#2196);
#2194 = CARTESIAN_POINT('',(290.,290.,105.));
#2195 = DIRECTION('',(1.,0.,0.));
#2196 = DIRECTION('',(0.,0.,1.));
#2197 = ADVANCED_FACE('',(#2198),#2214,.F.);
#2198 = FACE_BOUND('',#2199,.F.);
#2199 = EDGE_LOOP('',(#2200,#2206,#2207,#2213));
#2200 = ORIENTED_EDGE('',*,*,#2201,.F.);
#2201 = EDGE_CURVE('',#2122,#2162,#2202,.T.);
#2202 = LINE('',#2203,#2204);
#2203 = CARTESIAN_POINT('',(260.,290.,105.));
#2204 = VECTOR('',#2205,1.);
#2205 = DIRECTION('',(1.,0.,0.));
#2206 = ORIENTED_EDGE('',*,*,#2121,.T.);
#2207 = ORIENTED_EDGE('',*,*,#2208,.T.);
#2208 = EDGE_CURVE('',#2124,#2164,#2209,.T.);
#2209 = LINE('',#2210,#2211);
#2210 = CARTESIAN_POINT('',(260.,290.,120.));
#2211 = VECTOR('',#2212,1.);
#2212 = DIRECTION('',(1.,0.,0.));
#2213 = ORIENTED_EDGE('',*,*,#2161,.F.);
#2214 = PLANE('',#2215);
#2215 = AXIS2_PLACEMENT_3D('',#2216,#2217,#2218);
#2216 = CARTESIAN_POINT('',(260.,290.,105.));
#2217 = DIRECTION('',(0.,1.,0.));
#2218 = DIRECTION('',(0.,0.,1.));
#2219 = ADVANCED_FACE('',(#2220),#2236,.T.);
#2220 = FACE_BOUND('',#2221,.T.);
#2221 = EDGE_LOOP('',(#2222,#2228,#2229,#2235));
#2222 = ORIENTED_EDGE('',*,*,#2223,.F.);
#2223 = EDGE_CURVE('',#2132,#2172,#2224,.T.);
#2224 = LINE('',#2225,#2226);
#2225 = CARTESIAN_POINT('',(260.,360.,105.));
#2226 = VECTOR('',#2227,1.);
#2227 = DIRECTION('',(1.,0.,0.));
#2228 = ORIENTED_EDGE('',*,*,#2139,.T.);
#2229 = ORIENTED_EDGE('',*,*,#2230,.T.);
#2230 = EDGE_CURVE('',#2140,#2180,#2231,.T.);
#2231 = LINE('',#2232,#2233);
#2232 = CARTESIAN_POINT('',(260.,360.,120.));
#2233 = VECTOR('',#2234,1.);
#2234 = DIRECTION('',(1.,0.,0.));
#2235 = ORIENTED_EDGE('',*,*,#2179,.F.);
#2236 = PLANE('',#2237);
#2237 = AXIS2_PLACEMENT_3D('',#2238,#2239,#2240);
#2238 = CARTESIAN_POINT('',(260.,360.,105.));
#2239 = DIRECTION('',(0.,1.,0.));
#2240 = DIRECTION('',(0.,0.,1.));
#2241 = ADVANCED_FACE('',(#2242),#2248,.F.);
#2242 = FACE_BOUND('',#2243,.F.);
#2243 = EDGE_LOOP('',(#2244,#2245,#2246,#2247));
#2244 = ORIENTED_EDGE('',*,*,#2131,.F.);
#2245 = ORIENTED_EDGE('',*,*,#2201,.T.);
#2246 = ORIENTED_EDGE('',*,*,#2171,.T.);
#2247 = ORIENTED_EDGE('',*,*,#2223,.F.);
#2248 = PLANE('',#2249);
#2249 = AXIS2_PLACEMENT_3D('',#2250,#2251,#2252);
#2250 = CARTESIAN_POINT('',(260.,290.,105.));
#2251 = DIRECTION('',(0.,0.,1.));
#2252 = DIRECTION('',(1.,0.,0.));
#2253 = ADVANCED_FACE('',(#2254),#2260,.T.);
#2254 = FACE_BOUND('',#2255,.T.);
#2255 = EDGE_LOOP('',(#2256,#2257,#2258,#2259));
#2256 = ORIENTED_EDGE('',*,*,#2147,.F.);
#2257 = ORIENTED_EDGE('',*,*,#2208,.T.);
#2258 = ORIENTED_EDGE('',*,*,#2187,.T.);
#2259 = ORIENTED_EDGE('',*,*,#2230,.F.);
#2260 = PLANE('',#2261);
#2261 = AXIS2_PLACEMENT_3D('',#2262,#2263,#2264);
#2262 = CARTESIAN_POINT('',(260.,290.,120.));
#2263 = DIRECTION('',(0.,0.,1.));
#2264 = DIRECTION('',(1.,0.,0.));
#2265 = MANIFOLD_SOLID_BREP('',#2266);
#2266 = CLOSED_SHELL('',(#2267,#2307,#2347,#2369,#2391,#2403));
#2267 = ADVANCED_FACE('',(#2268),#2302,.F.);
#2268 = FACE_BOUND('',#2269,.F.);
#2269 = EDGE_LOOP('',(#2270,#2280,#2288,#2296));
#2270 = ORIENTED_EDGE('',*,*,#2271,.F.);
#2271 = EDGE_CURVE('',#2272,#2274,#2276,.T.);
#2272 = VERTEX_POINT('',#2273);
#2273 = CARTESIAN_POINT('',(190.,290.,225.));
#2274 = VERTEX_POINT('',#2275);
#2275 = CARTESIAN_POINT('',(190.,290.,240.));
#2276 = LINE('',#2277,#2278);
#2277 = CARTESIAN_POINT('',(190.,290.,225.));
#2278 = VECTOR('',#2279,1.);
#2279 = DIRECTION('',(0.,0.,1.));
#2280 = ORIENTED_EDGE('',*,*,#2281,.T.);
#2281 = EDGE_CURVE('',#2272,#2282,#2284,.T.);
#2282 = VERTEX_POINT('',#2283);
#2283 = CARTESIAN_POINT('',(190.,360.,225.));
#2284 = LINE('',#2285,#2286);
#2285 = CARTESIAN_POINT('',(190.,290.,225.));
#2286 = VECTOR('',#2287,1.);
#2287 = DIRECTION('',(0.,1.,0.));
#2288 = ORIENTED_EDGE('',*,*,#2289,.T.);
#2289 = EDGE_CURVE('',#2282,#2290,#2292,.T.);
#2290 = VERTEX_POINT('',#2291);
#2291 = CARTESIAN_POINT('',(190.,360.,240.));
#2292 = LINE('',#2293,#2294);
#2293 = CARTESIAN_POINT('',(190.,360.,225.));
#2294 = VECTOR('',#2295,1.);
#2295 = DIRECTION('',(0.,0.,1.));
#2296 = ORIENTED_EDGE('',*,*,#2297,.F.);
#2297 = EDGE_CURVE('',#2274,#2290,#2298,.T.);
#2298 = LINE('',#2299,#2300);
#2299 = CARTESIAN_POINT('',(190.,290.,240.));
#2300 = VECTOR('',#2301,1.);
#2301 = DIRECTION('',(0.,1.,0.));
#2302 = PLANE('',#2303);
#2303 = AXIS2_PLACEMENT_3D('',#2304,#2305,#2306);
#2304 = CARTESIAN_POINT('',(190.,290.,225.));
#2305 = DIRECTION('',(1.,0.,0.));
#2306 = DIRECTION('',(0.,0.,1.));
#2307 = ADVANCED_FACE('',(#2308),#2342,.T.);
#2308 = FACE_BOUND('',#2309,.T.);
#2309 = EDGE_LOOP('',(#2310,#2320,#2328,#2336));
#2310 = ORIENTED_EDGE('',*,*,#2311,.F.);
#2311 = EDGE_CURVE('',#2312,#2314,#2316,.T.);
#2312 = VERTEX_POINT('',#2313);
#2313 = CARTESIAN_POINT('',(220.,290.,225.));
#2314 = VERTEX_POINT('',#2315);
#2315 = CARTESIAN_POINT('',(220.,290.,240.));
#2316 = LINE('',#2317,#2318);
#2317 = CARTESIAN_POINT('',(220.,290.,225.));
#2318 = VECTOR('',#2319,1.);
#2319 = DIRECTION('',(0.,0.,1.));
#2320 = ORIENTED_EDGE('',*,*,#2321,.T.);
#2321 = EDGE_CURVE('',#2312,#2322,#2324,.T.);
#2322 = VERTEX_POINT('',#2323);
#2323 = CARTESIAN_POINT('',(220.,360.,225.));
#2324 = LINE('',#2325,#2326);
#2325 = CARTESIAN_POINT('',(220.,290.,225.));
#2326 = VECTOR('',#2327,1.);
#2327 = DIRECTION('',(0.,1.,0.));
#2328 = ORIENTED_EDGE('',*,*,#2329,.T.);
#2329 = EDGE_CURVE('',#2322,#2330,#2332,.T.);
#2330 = VERTEX_POINT('',#2331);
#2331 = CARTESIAN_POINT('',(220.,360.,240.));
#2332 = LINE('',#2333,#2334);
#2333 = CARTESIAN_POINT('',(220.,360.,225.));
#2334 = VECTOR('',#2335,1.);
#2335 = DIRECTION('',(0.,0.,1.));
#2336 = ORIENTED_EDGE('',*,*,#2337,.F.);
#2337 = EDGE_CURVE('',#2314,#2330,#2338,.T.);
#2338 = LINE('',#2339,#2340);
#2339 = CARTESIAN_POINT('',(220.,290.,240.));
#2340 = VECTOR('',#2341,1.);
#2341 = DIRECTION('',(0.,1.,0.));
#2342 = PLANE('',#2343);
#2343 = AXIS2_PLACEMENT_3D('',#2344,#2345,#2346);
#2344 = CARTESIAN_POINT('',(220.,290.,225.));
#2345 = DIRECTION('',(1.,0.,0.));
#2346 = DIRECTION('',(0.,0.,1.));
#2347 = ADVANCED_FACE('',(#2348),#2364,.F.);
#2348 = FACE_BOUND('',#2349,.F.);
#2349 = EDGE_LOOP('',(#2350,#2356,#2357,#2363));
#2350 = ORIENTED_EDGE('',*,*,#2351,.F.);
#2351 = EDGE_CURVE('',#2272,#2312,#2352,.T.);
#2352 = LINE('',#2353,#2354);
#2353 = CARTESIAN_POINT('',(190.,290.,225.));
#2354 = VECTOR('',#2355,1.);
#2355 = DIRECTION('',(1.,0.,0.));
#2356 = ORIENTED_EDGE('',*,*,#2271,.T.);
#2357 = ORIENTED_EDGE('',*,*,#2358,.T.);
#2358 = EDGE_CURVE('',#2274,#2314,#2359,.T.);
#2359 = LINE('',#2360,#2361);
#2360 = CARTESIAN_POINT('',(190.,290.,240.));
#2361 = VECTOR('',#2362,1.);
#2362 = DIRECTION('',(1.,0.,0.));
#2363 = ORIENTED_EDGE('',*,*,#2311,.F.);
#2364 = PLANE('',#2365);
#2365 = AXIS2_PLACEMENT_3D('',#2366,#2367,#2368);
#2366 = CARTESIAN_POINT('',(190.,290.,225.));
#2367 = DIRECTION('',(0.,1.,0.));
#2368 = DIRECTION('',(0.,0.,1.));
#2369 = ADVANCED_FACE('',(#2370),#2386,.T.);
#2370 = FACE_BOUND('',#2371,.T.);
#2371 = EDGE_LOOP('',(#2372,#2378,#2379,#2385));
#2372 = ORIENTED_EDGE('',*,*,#2373,.F.);
#2373 = EDGE_CURVE('',#2282,#2322,#2374,.T.);
#2374 = LINE('',#2375,#2376);
#2375 = CARTESIAN_POINT('',(190.,360.,225.));
#2376 = VECTOR('',#2377,1.);
#2377 = DIRECTION('',(1.,0.,0.));
#2378 = ORIENTED_EDGE('',*,*,#2289,.T.);
#2379 = ORIENTED_EDGE('',*,*,#2380,.T.);
#2380 = EDGE_CURVE('',#2290,#2330,#2381,.T.);
#2381 = LINE('',#2382,#2383);
#2382 = CARTESIAN_POINT('',(190.,360.,240.));
#2383 = VECTOR('',#2384,1.);
#2384 = DIRECTION('',(1.,0.,0.));
#2385 = ORIENTED_EDGE('',*,*,#2329,.F.);
#2386 = PLANE('',#2387);
#2387 = AXIS2_PLACEMENT_3D('',#2388,#2389,#2390);
#2388 = CARTESIAN_POINT('',(190.,360.,225.));
#2389 = DIRECTION('',(0.,1.,0.));
#2390 = DIRECTION('',(0.,0.,1.));
#2391 = ADVANCED_FACE('',(#2392),#2398,.F.);
#2392 = FACE_BOUND('',#2393,.F.);
#2393 = EDGE_LOOP('',(#2394,#2395,#2396,#2397));
#2394 = ORIENTED_EDGE('',*,*,#2281,.F.);
#2395 = ORIENTED_EDGE('',*,*,#2351,.T.);
#2396 = ORIENTED_EDGE('',*,*,#2321,.T.);
#2397 = ORIENTED_EDGE('',*,*,#2373,.F.);
#2398 = PLANE('',#2399);
#2399 = AXIS2_PLACEMENT_3D('',#2400,#2401,#2402);
#2400 = CARTESIAN_POINT('',(190.,290.,225.));
#2401 = DIRECTION('',(0.,0.,1.));
#2402 = DIRECTION('',(1.,0.,0.));
#2403 = ADVANCED_FACE('',(#2404),#2410,.T.);
#2404 = FACE_BOUND('',#2405,.T.);
#2405 = EDGE_LOOP('',(#2406,#2407,#2408,#2409));
#2406 = ORIENTED_EDGE('',*,*,#2297,.F.);
#2407 = ORIENTED_EDGE('',*,*,#2358,.T.);
#2408 = ORIENTED_EDGE('',*,*,#2337,.T.);
#2409 = ORIENTED_EDGE('',*,*,#2380,.F.);
#2410 = PLANE('',#2411);
#2411 = AXIS2_PLACEMENT_3D('',#2412,#2413,#2414);
#2412 = CARTESIAN_POINT('',(190.,290.,240.));
#2413 = DIRECTION('',(0.,0.,1.));
#2414 = DIRECTION('',(1.,0.,0.));
#2415 = MANIFOLD_SOLID_BREP('',#2416);
#2416 = CLOSED_SHELL('',(#2417,#2457,#2497,#2519,#2541,#2553));
#2417 = ADVANCED_FACE('',(#2418),#2452,.F.);
#2418 = FACE_BOUND('',#2419,.F.);
#2419 = EDGE_LOOP('',(#2420,#2430,#2438,#2446));
#2420 = ORIENTED_EDGE('',*,*,#2421,.F.);
#2421 = EDGE_CURVE('',#2422,#2424,#2426,.T.);
#2422 = VERTEX_POINT('',#2423);
#2423 = CARTESIAN_POINT('',(260.,290.,225.));
#2424 = VERTEX_POINT('',#2425);
#2425 = CARTESIAN_POINT('',(260.,290.,240.));
#2426 = LINE('',#2427,#2428);
#2427 = CARTESIAN_POINT('',(260.,290.,225.));
#2428 = VECTOR('',#2429,1.);
#2429 = DIRECTION('',(0.,0.,1.));
#2430 = ORIENTED_EDGE('',*,*,#2431,.T.);
#2431 = EDGE_CURVE('',#2422,#2432,#2434,.T.);
#2432 = VERTEX_POINT('',#2433);
#2433 = CARTESIAN_POINT('',(260.,360.,225.));
#2434 = LINE('',#2435,#2436);
#2435 = CARTESIAN_POINT('',(260.,290.,225.));
#2436 = VECTOR('',#2437,1.);
#2437 = DIRECTION('',(0.,1.,0.));
#2438 = ORIENTED_EDGE('',*,*,#2439,.T.);
#2439 = EDGE_CURVE('',#2432,#2440,#2442,.T.);
#2440 = VERTEX_POINT('',#2441);
#2441 = CARTESIAN_POINT('',(260.,360.,240.));
#2442 = LINE('',#2443,#2444);
#2443 = CARTESIAN_POINT('',(260.,360.,225.));
#2444 = VECTOR('',#2445,1.);
#2445 = DIRECTION('',(0.,0.,1.));
#2446 = ORIENTED_EDGE('',*,*,#2447,.F.);
#2447 = EDGE_CURVE('',#2424,#2440,#2448,.T.);
#2448 = LINE('',#2449,#2450);
#2449 = CARTESIAN_POINT('',(260.,290.,240.));
#2450 = VECTOR('',#2451,1.);
#2451 = DIRECTION('',(0.,1.,0.));
#2452 = PLANE('',#2453);
#2453 = AXIS2_PLACEMENT_3D('',#2454,#2455,#2456);
#2454 = CARTESIAN_POINT('',(260.,290.,225.));
#2455 = DIRECTION('',(1.,0.,0.));
#2456 = DIRECTION('',(0.,0.,1.));
#2457 = ADVANCED_FACE('',(#2458),#2492,.T.);
#2458 = FACE_BOUND('',#2459,.T.);
#2459 = EDGE_LOOP('',(#2460,#2470,#2478,#2486));
#2460 = ORIENTED_EDGE('',*,*,#2461,.F.);
#2461 = EDGE_CURVE('',#2462,#2464,#2466,.T.);
#2462 = VERTEX_POINT('',#2463);
#2463 = CARTESIAN_POINT('',(290.,290.,225.));
#2464 = VERTEX_POINT('',#2465);
#2465 = CARTESIAN_POINT('',(290.,290.,240.));
#2466 = LINE('',#2467,#2468);
#2467 = CARTESIAN_POINT('',(290.,290.,225.));
#2468 = VECTOR('',#2469,1.);
#2469 = DIRECTION('',(0.,0.,1.));
#2470 = ORIENTED_EDGE('',*,*,#2471,.T.);
#2471 = EDGE_CURVE('',#2462,#2472,#2474,.T.);
#2472 = VERTEX_POINT('',#2473);
#2473 = CARTESIAN_POINT('',(290.,360.,225.));
#2474 = LINE('',#2475,#2476);
#2475 = CARTESIAN_POINT('',(290.,290.,225.));
#2476 = VECTOR('',#2477,1.);
#2477 = DIRECTION('',(0.,1.,0.));
#2478 = ORIENTED_EDGE('',*,*,#2479,.T.);
#2479 = EDGE_CURVE('',#2472,#2480,#2482,.T.);
#2480 = VERTEX_POINT('',#2481);
#2481 = CARTESIAN_POINT('',(290.,360.,240.));
#2482 = LINE('',#2483,#2484);
#2483 = CARTESIAN_POINT('',(290.,360.,225.));
#2484 = VECTOR('',#2485,1.);
#2485 = DIRECTION('',(0.,0.,1.));
#2486 = ORIENTED_EDGE('',*,*,#2487,.F.);
#2487 = EDGE_CURVE('',#2464,#2480,#2488,.T.);
#2488 = LINE('',#2489,#2490);
#2489 = CARTESIAN_POINT('',(290.,290.,240.));
#2490 = VECTOR('',#2491,1.);
#2491 = DIRECTION('',(0.,1.,0.));
#2492 = PLANE('',#2493);
#2493 = AXIS2_PLACEMENT_3D('',#2494,#2495,#2496);
#2494 = CARTESIAN_POINT('',(290.,290.,225.));
#2495 = DIRECTION('',(1.,0.,0.));
#2496 = DIRECTION('',(0.,0.,1.));
#2497 = ADVANCED_FACE('',(#2498),#2514,.F.);
#2498 = FACE_BOUND('',#2499,.F.);
#2499 = EDGE_LOOP('',(#2500,#2506,#2507,#2513));
#2500 = ORIENTED_EDGE('',*,*,#2501,.F.);
#2501 = EDGE_CURVE('',#2422,#2462,#2502,.T.);
#2502 = LINE('',#2503,#2504);
#2503 = CARTESIAN_POINT('',(260.,290.,225.));
#2504 = VECTOR('',#2505,1.);
#2505 = DIRECTION('',(1.,0.,0.));
#2506 = ORIENTED_EDGE('',*,*,#2421,.T.);
#2507 = ORIENTED_EDGE('',*,*,#2508,.T.);
#2508 = EDGE_CURVE('',#2424,#2464,#2509,.T.);
#2509 = LINE('',#2510,#2511);
#2510 = CARTESIAN_POINT('',(260.,290.,240.));
#2511 = VECTOR('',#2512,1.);
#2512 = DIRECTION('',(1.,0.,0.));
#2513 = ORIENTED_EDGE('',*,*,#2461,.F.);
#2514 = PLANE('',#2515);
#2515 = AXIS2_PLACEMENT_3D('',#2516,#2517,#2518);
#2516 = CARTESIAN_POINT('',(260.,290.,225.));
#2517 = DIRECTION('',(0.,1.,0.));
#2518 = DIRECTION('',(0.,0.,1.));
#2519 = ADVANCED_FACE('',(#2520),#2536,.T.);
#2520 = FACE_BOUND('',#2521,.T.);
#2521 = EDGE_LOOP('',(#2522,#2528,#2529,#2535));
#2522 = ORIENTED_EDGE('',*,*,#2523,.F.);
#2523 = EDGE_CURVE('',#2432,#2472,#2524,.T.);
#2524 = LINE('',#2525,#2526);
#2525 = CARTESIAN_POINT('',(260.,360.,225.));
#2526 = VECTOR('',#2527,1.);
#2527 = DIRECTION('',(1.,0.,0.));
#2528 = ORIENTED_EDGE('',*,*,#2439,.T.);
#2529 = ORIENTED_EDGE('',*,*,#2530,.T.);
#2530 = EDGE_CURVE('',#2440,#2480,#2531,.T.);
#2531 = LINE('',#2532,#2533);
#2532 = CARTESIAN_POINT('',(260.,360.,240.));
#2533 = VECTOR('',#2534,1.);
#2534 = DIRECTION('',(1.,0.,0.));
#2535 = ORIENTED_EDGE('',*,*,#2479,.F.);
#2536 = PLANE('',#2537);
#2537 = AXIS2_PLACEMENT_3D('',#2538,#2539,#2540);
#2538 = CARTESIAN_POINT('',(260.,360.,225.));
#2539 = DIRECTION('',(0.,1.,0.));
#2540 = DIRECTION('',(0.,0.,1.));
#2541 = ADVANCED_FACE('',(#2542),#2548,.F.);
#2542 = FACE_BOUND('',#2543,.F.);
#2543 = EDGE_LOOP('',(#2544,#2545,#2546,#2547));
#2544 = ORIENTED_EDGE('',*,*,#2431,.F.);
#2545 = ORIENTED_EDGE('',*,*,#2501,.T.);
#2546 = ORIENTED_EDGE('',*,*,#2471,.T.);
#2547 = ORIENTED_EDGE('',*,*,#2523,.F.);
#2548 = PLANE('',#2549);
#2549 = AXIS2_PLACEMENT_3D('',#2550,#2551,#2552);
#2550 = CARTESIAN_POINT('',(260.,290.,225.));
#2551 = DIRECTION('',(0.,0.,1.));
#2552 = DIRECTION('',(1.,0.,0.));
#2553 = ADVANCED_FACE('',(#2554),#2560,.T.);
#2554 = FACE_BOUND('',#2555,.T.);
#2555 = EDGE_LOOP('',(#2556,#2557,#2558,#2559));
#2556 = ORIENTED_EDGE('',*,*,#2447,.F.);
#2557 = ORIENTED_EDGE('',*,*,#2508,.T.);
#2558 = ORIENTED_EDGE('',*,*,#2487,.T.);
#2559 = ORIENTED_EDGE('',*,*,#2530,.F.);
#2560 = PLANE('',#2561);
#2561 = AXIS2_PLACEMENT_3D('',#2562,#2563,#2564);
#2562 = CARTESIAN_POINT('',(260.,290.,240.));
#2563 = DIRECTION('',(0.,0.,1.));
#2564 = DIRECTION('',(1.,0.,0.));
#2565 = MANIFOLD_SOLID_BREP('',#2566);
#2566 = CLOSED_SHELL('',(#2567,#2607,#2647,#2669,#2691,#2703));
#2567 = ADVANCED_FACE('',(#2568),#2602,.F.);
#2568 = FACE_BOUND('',#2569,.F.);
#2569 = EDGE_LOOP('',(#2570,#2580,#2588,#2596));
#2570 = ORIENTED_EDGE('',*,*,#2571,.F.);
#2571 = EDGE_CURVE('',#2572,#2574,#2576,.T.);
#2572 = VERTEX_POINT('',#2573);
#2573 = CARTESIAN_POINT('',(190.,290.,345.));
#2574 = VERTEX_POINT('',#2575);
#2575 = CARTESIAN_POINT('',(190.,290.,360.));
#2576 = LINE('',#2577,#2578);
#2577 = CARTESIAN_POINT('',(190.,290.,345.));
#2578 = VECTOR('',#2579,1.);
#2579 = DIRECTION('',(0.,0.,1.));
#2580 = ORIENTED_EDGE('',*,*,#2581,.T.);
#2581 = EDGE_CURVE('',#2572,#2582,#2584,.T.);
#2582 = VERTEX_POINT('',#2583);
#2583 = CARTESIAN_POINT('',(190.,360.,345.));
#2584 = LINE('',#2585,#2586);
#2585 = CARTESIAN_POINT('',(190.,290.,345.));
#2586 = VECTOR('',#2587,1.);
#2587 = DIRECTION('',(0.,1.,0.));
#2588 = ORIENTED_EDGE('',*,*,#2589,.T.);
#2589 = EDGE_CURVE('',#2582,#2590,#2592,.T.);
#2590 = VERTEX_POINT('',#2591);
#2591 = CARTESIAN_POINT('',(190.,360.,360.));
#2592 = LINE('',#2593,#2594);
#2593 = CARTESIAN_POINT('',(190.,360.,345.));
#2594 = VECTOR('',#2595,1.);
#2595 = DIRECTION('',(0.,0.,1.));
#2596 = ORIENTED_EDGE('',*,*,#2597,.F.);
#2597 = EDGE_CURVE('',#2574,#2590,#2598,.T.);
#2598 = LINE('',#2599,#2600);
#2599 = CARTESIAN_POINT('',(190.,290.,360.));
#2600 = VECTOR('',#2601,1.);
#2601 = DIRECTION('',(0.,1.,0.));
#2602 = PLANE('',#2603);
#2603 = AXIS2_PLACEMENT_3D('',#2604,#2605,#2606);
#2604 = CARTESIAN_POINT('',(190.,290.,345.));
#2605 = DIRECTION('',(1.,0.,0.));
#2606 = DIRECTION('',(0.,0.,1.));
#2607 = ADVANCED_FACE('',(#2608),#2642,.T.);
#2608 = FACE_BOUND('',#2609,.T.);
#2609 = EDGE_LOOP('',(#2610,#2620,#2628,#2636));
#2610 = ORIENTED_EDGE('',*,*,#2611,.F.);
#2611 = EDGE_CURVE('',#2612,#2614,#2616,.T.);
#2612 = VERTEX_POINT('',#2613);
#2613 = CARTESIAN_POINT('',(220.,290.,345.));
#2614 = VERTEX_POINT('',#2615);
#2615 = CARTESIAN_POINT('',(220.,290.,360.));
#2616 = LINE('',#2617,#2618);
#2617 = CARTESIAN_POINT('',(220.,290.,345.));
#2618 = VECTOR('',#2619,1.);
#2619 = DIRECTION('',(0.,0.,1.));
#2620 = ORIENTED_EDGE('',*,*,#2621,.T.);
#2621 = EDGE_CURVE('',#2612,#2622,#2624,.T.);
#2622 = VERTEX_POINT('',#2623);
#2623 = CARTESIAN_POINT('',(220.,360.,345.));
#2624 = LINE('',#2625,#2626);
#2625 = CARTESIAN_POINT('',(220.,290.,345.));
#2626 = VECTOR('',#2627,1.);
#2627 = DIRECTION('',(0.,1.,0.));
#2628 = ORIENTED_EDGE('',*,*,#2629,.T.);
#2629 = EDGE_CURVE('',#2622,#2630,#2632,.T.);
#2630 = VERTEX_POINT('',#2631);
#2631 = CARTESIAN_POINT('',(220.,360.,360.));
#2632 = LINE('',#2633,#2634);
#2633 = CARTESIAN_POINT('',(220.,360.,345.));
#2634 = VECTOR('',#2635,1.);
#2635 = DIRECTION('',(0.,0.,1.));
#2636 = ORIENTED_EDGE('',*,*,#2637,.F.);
#2637 = EDGE_CURVE('',#2614,#2630,#2638,.T.);
#2638 = LINE('',#2639,#2640);
#2639 = CARTESIAN_POINT('',(220.,290.,360.));
#2640 = VECTOR('',#2641,1.);
#2641 = DIRECTION('',(0.,1.,0.));
#2642 = PLANE('',#2643);
#2643 = AXIS2_PLACEMENT_3D('',#2644,#2645,#2646);
#2644 = CARTESIAN_POINT('',(220.,290.,345.));
#2645 = DIRECTION('',(1.,0.,0.));
#2646 = DIRECTION('',(0.,0.,1.));
#2647 = ADVANCED_FACE('',(#2648),#2664,.F.);
#2648 = FACE_BOUND('',#2649,.F.);
#2649 = EDGE_LOOP('',(#2650,#2656,#2657,#2663));
#2650 = ORIENTED_EDGE('',*,*,#2651,.F.);
#2651 = EDGE_CURVE('',#2572,#2612,#2652,.T.);
#2652 = LINE('',#2653,#2654);
#2653 = CARTESIAN_POINT('',(190.,290.,345.));
#2654 = VECTOR('',#2655,1.);
#2655 = DIRECTION('',(1.,0.,0.));
#2656 = ORIENTED_EDGE('',*,*,#2571,.T.);
#2657 = ORIENTED_EDGE('',*,*,#2658,.T.);
#2658 = EDGE_CURVE('',#2574,#2614,#2659,.T.);
#2659 = LINE('',#2660,#2661);
#2660 = CARTESIAN_POINT('',(190.,290.,360.));
#2661 = VECTOR('',#2662,1.);
#2662 = DIRECTION('',(1.,0.,0.));
#2663 = ORIENTED_EDGE('',*,*,#2611,.F.);
#2664 = PLANE('',#2665);
#2665 = AXIS2_PLACEMENT_3D('',#2666,#2667,#2668);
#2666 = CARTESIAN_POINT('',(190.,290.,345.));
#2667 = DIRECTION('',(0.,1.,0.));
#2668 = DIRECTION('',(0.,0.,1.));
#2669 = ADVANCED_FACE('',(#2670),#2686,.T.);
#2670 = FACE_BOUND('',#2671,.T.);
#2671 = EDGE_LOOP('',(#2672,#2678,#2679,#2685));
#2672 = ORIENTED_EDGE('',*,*,#2673,.F.);
#2673 = EDGE_CURVE('',#2582,#2622,#2674,.T.);
#2674 = LINE('',#2675,#2676);
#2675 = CARTESIAN_POINT('',(190.,360.,345.));
#2676 = VECTOR('',#2677,1.);
#2677 = DIRECTION('',(1.,0.,0.));
#2678 = ORIENTED_EDGE('',*,*,#2589,.T.);
#2679 = ORIENTED_EDGE('',*,*,#2680,.T.);
#2680 = EDGE_CURVE('',#2590,#2630,#2681,.T.);
#2681 = LINE('',#2682,#2683);
#2682 = CARTESIAN_POINT('',(190.,360.,360.));
#2683 = VECTOR('',#2684,1.);
#2684 = DIRECTION('',(1.,0.,0.));
#2685 = ORIENTED_EDGE('',*,*,#2629,.F.);
#2686 = PLANE('',#2687);
#2687 = AXIS2_PLACEMENT_3D('',#2688,#2689,#2690);
#2688 = CARTESIAN_POINT('',(190.,360.,345.));
#2689 = DIRECTION('',(0.,1.,0.));
#2690 = DIRECTION('',(0.,0.,1.));
#2691 = ADVANCED_FACE('',(#2692),#2698,.F.);
#2692 = FACE_BOUND('',#2693,.F.);
#2693 = EDGE_LOOP('',(#2694,#2695,#2696,#2697));
#2694 = ORIENTED_EDGE('',*,*,#2581,.F.);
#2695 = ORIENTED_EDGE('',*,*,#2651,.T.);
#2696 = ORIENTED_EDGE('',*,*,#2621,.T.);
#2697 = ORIENTED_EDGE('',*,*,#2673,.F.);
#2698 = PLANE('',#2699);
#2699 = AXIS2_PLACEMENT_3D('',#2700,#2701,#2702);
#2700 = CARTESIAN_POINT('',(190.,290.,345.));
#2701 = DIRECTION('',(0.,0.,1.));
#2702 = DIRECTION('',(1.,0.,0.));
#2703 = ADVANCED_FACE('',(#2704),#2710,.T.);
#2704 = FACE_BOUND('',#2705,.T.);
#2705 = EDGE_LOOP('',(#2706,#2707,#2708,#2709));
#2706 = ORIENTED_EDGE('',*,*,#2597,.F.);
#2707 = ORIENTED_EDGE('',*,*,#2658,.T.);
#2708 = ORIENTED_EDGE('',*,*,#2637,.T.);
#2709 = ORIENTED_EDGE('',*,*,#2680,.F.);
#2710 = PLANE('',#2711);
#2711 = AXIS2_PLACEMENT_3D('',#2712,#2713,#2714);
#2712 = CARTESIAN_POINT('',(190.,290.,360.));
#2713 = DIRECTION('',(0.,0.,1.));
#2714 = DIRECTION('',(1.,0.,0.));
#2715 = MANIFOLD_SOLID_BREP('',#2716);
#2716 = CLOSED_SHELL('',(#2717,#2757,#2797,#2819,#2841,#2853));
#2717 = ADVANCED_FACE('',(#2718),#2752,.F.);
#2718 = FACE_BOUND('',#2719,.F.);
#2719 = EDGE_LOOP('',(#2720,#2730,#2738,#2746));
#2720 = ORIENTED_EDGE('',*,*,#2721,.F.);
#2721 = EDGE_CURVE('',#2722,#2724,#2726,.T.);
#2722 = VERTEX_POINT('',#2723);
#2723 = CARTESIAN_POINT('',(260.,290.,345.));
#2724 = VERTEX_POINT('',#2725);
#2725 = CARTESIAN_POINT('',(260.,290.,360.));
#2726 = LINE('',#2727,#2728);
#2727 = CARTESIAN_POINT('',(260.,290.,345.));
#2728 = VECTOR('',#2729,1.);
#2729 = DIRECTION('',(0.,0.,1.));
#2730 = ORIENTED_EDGE('',*,*,#2731,.T.);
#2731 = EDGE_CURVE('',#2722,#2732,#2734,.T.);
#2732 = VERTEX_POINT('',#2733);
#2733 = CARTESIAN_POINT('',(260.,360.,345.));
#2734 = LINE('',#2735,#2736);
#2735 = CARTESIAN_POINT('',(260.,290.,345.));
#2736 = VECTOR('',#2737,1.);
#2737 = DIRECTION('',(0.,1.,0.));
#2738 = ORIENTED_EDGE('',*,*,#2739,.T.);
#2739 = EDGE_CURVE('',#2732,#2740,#2742,.T.);
#2740 = VERTEX_POINT('',#2741);
#2741 = CARTESIAN_POINT('',(260.,360.,360.));
#2742 = LINE('',#2743,#2744);
#2743 = CARTESIAN_POINT('',(260.,360.,345.));
#2744 = VECTOR('',#2745,1.);
#2745 = DIRECTION('',(0.,0.,1.));
#2746 = ORIENTED_EDGE('',*,*,#2747,.F.);
#2747 = EDGE_CURVE('',#2724,#2740,#2748,.T.);
#2748 = LINE('',#2749,#2750);
#2749 = CARTESIAN_POINT('',(260.,290.,360.));
#2750 = VECTOR('',#2751,1.);
#2751 = DIRECTION('',(0.,1.,0.));
#2752 = PLANE('',#2753);
#2753 = AXIS2_PLACEMENT_3D('',#2754,#2755,#2756);
#2754 = CARTESIAN_POINT('',(260.,290.,345.));
#2755 = DIRECTION('',(1.,0.,0.));
#2756 = DIRECTION('',(0.,0.,1.));
#2757 = ADVANCED_FACE('',(#2758),#2792,.T.);
#2758 = FACE_BOUND('',#2759,.T.);
#2759 = EDGE_LOOP('',(#2760,#2770,#2778,#2786));
#2760 = ORIENTED_EDGE('',*,*,#2761,.F.);
#2761 = EDGE_CURVE('',#2762,#2764,#2766,.T.);
#2762 = VERTEX_POINT('',#2763);
#2763 = CARTESIAN_POINT('',(290.,290.,345.));
#2764 = VERTEX_POINT('',#2765);
#2765 = CARTESIAN_POINT('',(290.,290.,360.));
#2766 = LINE('',#2767,#2768);
#2767 = CARTESIAN_POINT('',(290.,290.,345.));
#2768 = VECTOR('',#2769,1.);
#2769 = DIRECTION('',(0.,0.,1.));
#2770 = ORIENTED_EDGE('',*,*,#2771,.T.);
#2771 = EDGE_CURVE('',#2762,#2772,#2774,.T.);
#2772 = VERTEX_POINT('',#2773);
#2773 = CARTESIAN_POINT('',(290.,360.,345.));
#2774 = LINE('',#2775,#2776);
#2775 = CARTESIAN_POINT('',(290.,290.,345.));
#2776 = VECTOR('',#2777,1.);
#2777 = DIRECTION('',(0.,1.,0.));
#2778 = ORIENTED_EDGE('',*,*,#2779,.T.);
#2779 = EDGE_CURVE('',#2772,#2780,#2782,.T.);
#2780 = VERTEX_POINT('',#2781);
#2781 = CARTESIAN_POINT('',(290.,360.,360.));
#2782 = LINE('',#2783,#2784);
#2783 = CARTESIAN_POINT('',(290.,360.,345.));
#2784 = VECTOR('',#2785,1.);
#2785 = DIRECTION('',(0.,0.,1.));
#2786 = ORIENTED_EDGE('',*,*,#2787,.F.);
#2787 = EDGE_CURVE('',#2764,#2780,#2788,.T.);
#2788 = LINE('',#2789,#2790);
#2789 = CARTESIAN_POINT('',(290.,290.,360.));
#2790 = VECTOR('',#2791,1.);
#2791 = DIRECTION('',(0.,1.,0.));
#2792 = PLANE('',#2793);
#2793 = AXIS2_PLACEMENT_3D('',#2794,#2795,#2796);
#2794 = CARTESIAN_POINT('',(290.,290.,345.));
#2795 = DIRECTION('',(1.,0.,0.));
#2796 = DIRECTION('',(0.,0.,1.));
#2797 = ADVANCED_FACE('',(#2798),#2814,.F.);
#2798 = FACE_BOUND('',#2799,.F.);
#2799 = EDGE_LOOP('',(#2800,#2806,#2807,#2813));
#2800 = ORIENTED_EDGE('',*,*,#2801,.F.);
#2801 = EDGE_CURVE('',#2722,#2762,#2802,.T.);
#2802 = LINE('',#2803,#2804);
#2803 = CARTESIAN_POINT('',(260.,290.,345.));
#2804 = VECTOR('',#2805,1.);
#2805 = DIRECTION('',(1.,0.,0.));
#2806 = ORIENTED_EDGE('',*,*,#2721,.T.);
#2807 = ORIENTED_EDGE('',*,*,#2808,.T.);
#2808 = EDGE_CURVE('',#2724,#2764,#2809,.T.);
#2809 = LINE('',#2810,#2811);
#2810 = CARTESIAN_POINT('',(260.,290.,360.));
#2811 = VECTOR('',#2812,1.);
#2812 = DIRECTION('',(1.,0.,0.));
#2813 = ORIENTED_EDGE('',*,*,#2761,.F.);
#2814 = PLANE('',#2815);
#2815 = AXIS2_PLACEMENT_3D('',#2816,#2817,#2818);
#2816 = CARTESIAN_POINT('',(260.,290.,345.));
#2817 = DIRECTION('',(0.,1.,0.));
#2818 = DIRECTION('',(0.,0.,1.));
#2819 = ADVANCED_FACE('',(#2820),#2836,.T.);
#2820 = FACE_BOUND('',#2821,.T.);
#2821 = EDGE_LOOP('',(#2822,#2828,#2829,#2835));
#2822 = ORIENTED_EDGE('',*,*,#2823,.F.);
#2823 = EDGE_CURVE('',#2732,#2772,#2824,.T.);
#2824 = LINE('',#2825,#2826);
#2825 = CARTESIAN_POINT('',(260.,360.,345.));
#2826 = VECTOR('',#2827,1.);
#2827 = DIRECTION('',(1.,0.,0.));
#2828 = ORIENTED_EDGE('',*,*,#2739,.T.);
#2829 = ORIENTED_EDGE('',*,*,#2830,.T.);
#2830 = EDGE_CURVE('',#2740,#2780,#2831,.T.);
#2831 = LINE('',#2832,#2833);
#2832 = CARTESIAN_POINT('',(260.,360.,360.));
#2833 = VECTOR('',#2834,1.);
#2834 = DIRECTION('',(1.,0.,0.));
#2835 = ORIENTED_EDGE('',*,*,#2779,.F.);
#2836 = PLANE('',#2837);
#2837 = AXIS2_PLACEMENT_3D('',#2838,#2839,#2840);
#2838 = CARTESIAN_POINT('',(260.,360.,345.));
#2839 = DIRECTION('',(0.,1.,0.));
#2840 = DIRECTION('',(0.,0.,1.));
#2841 = ADVANCED_FACE('',(#2842),#2848,.F.);
#2842 = FACE_BOUND('',#2843,.F.);
#2843 = EDGE_LOOP('',(#2844,#2845,#2846,#2847));
#2844 = ORIENTED_EDGE('',*,*,#2731,.F.);
#2845 = ORIENTED_EDGE('',*,*,#2801,.T.);
#2846 = ORIENTED_EDGE('',*,*,#2771,.T.);
#2847 = ORIENTED_EDGE('',*,*,#2823,.F.);
#2848 = PLANE('',#2849);
#2849 = AXIS2_PLACEMENT_3D('',#2850,#2851,#2852);
#2850 = CARTESIAN_POINT('',(260.,290.,345.));
#2851 = DIRECTION('',(0.,0.,1.));
#2852 = DIRECTION('',(1.,0.,0.));
#2853 = ADVANCED_FACE('',(#2854),#2860,.T.);
#2854 = FACE_BOUND('',#2855,.T.);
#2855 = EDGE_LOOP('',(#2856,#2857,#2858,#2859));
#2856 = ORIENTED_EDGE('',*,*,#2747,.F.);
#2857 = ORIENTED_EDGE('',*,*,#2808,.T.);
#2858 = ORIENTED_EDGE('',*,*,#2787,.T.);
#2859 = ORIENTED_EDGE('',*,*,#2830,.F.);
#2860 = PLANE('',#2861);
#2861 = AXIS2_PLACEMENT_3D('',#2862,#2863,#2864);
#2862 = CARTESIAN_POINT('',(260.,290.,360.));
#2863 = DIRECTION('',(0.,0.,1.));
#2864 = DIRECTION('',(1.,0.,0.));
#2865 = MANIFOLD_SOLID_BREP('',#2866);
#2866 = CLOSED_SHELL('',(#2867,#2907,#2947,#2969,#2991,#3003));
#2867 = ADVANCED_FACE('',(#2868),#2902,.F.);
#2868 = FACE_BOUND('',#2869,.F.);
#2869 = EDGE_LOOP('',(#2870,#2880,#2888,#2896));
#2870 = ORIENTED_EDGE('',*,*,#2871,.F.);
#2871 = EDGE_CURVE('',#2872,#2874,#2876,.T.);
#2872 = VERTEX_POINT('',#2873);
#2873 = CARTESIAN_POINT('',(310.,290.,105.));
#2874 = VERTEX_POINT('',#2875);
#2875 = CARTESIAN_POINT('',(310.,290.,120.));
#2876 = LINE('',#2877,#2878);
#2877 = CARTESIAN_POINT('',(310.,290.,105.));
#2878 = VECTOR('',#2879,1.);
#2879 = DIRECTION('',(0.,0.,1.));
#2880 = ORIENTED_EDGE('',*,*,#2881,.T.);
#2881 = EDGE_CURVE('',#2872,#2882,#2884,.T.);
#2882 = VERTEX_POINT('',#2883);
#2883 = CARTESIAN_POINT('',(310.,360.,105.));
#2884 = LINE('',#2885,#2886);
#2885 = CARTESIAN_POINT('',(310.,290.,105.));
#2886 = VECTOR('',#2887,1.);
#2887 = DIRECTION('',(0.,1.,0.));
#2888 = ORIENTED_EDGE('',*,*,#2889,.T.);
#2889 = EDGE_CURVE('',#2882,#2890,#2892,.T.);
#2890 = VERTEX_POINT('',#2891);
#2891 = CARTESIAN_POINT('',(310.,360.,120.));
#2892 = LINE('',#2893,#2894);
#2893 = CARTESIAN_POINT('',(310.,360.,105.));
#2894 = VECTOR('',#2895,1.);
#2895 = DIRECTION('',(0.,0.,1.));
#2896 = ORIENTED_EDGE('',*,*,#2897,.F.);
#2897 = EDGE_CURVE('',#2874,#2890,#2898,.T.);
#2898 = LINE('',#2899,#2900);
#2899 = CARTESIAN_POINT('',(310.,290.,120.));
#2900 = VECTOR('',#2901,1.);
#2901 = DIRECTION('',(0.,1.,0.));
#2902 = PLANE('',#2903);
#2903 = AXIS2_PLACEMENT_3D('',#2904,#2905,#2906);
#2904 = CARTESIAN_POINT('',(310.,290.,105.));
#2905 = DIRECTION('',(1.,0.,0.));
#2906 = DIRECTION('',(0.,0.,1.));
#2907 = ADVANCED_FACE('',(#2908),#2942,.T.);
#2908 = FACE_BOUND('',#2909,.T.);
#2909 = EDGE_LOOP('',(#2910,#2920,#2928,#2936));
#2910 = ORIENTED_EDGE('',*,*,#2911,.F.);
#2911 = EDGE_CURVE('',#2912,#2914,#2916,.T.);
#2912 = VERTEX_POINT('',#2913);
#2913 = CARTESIAN_POINT('',(340.,290.,105.));
#2914 = VERTEX_POINT('',#2915);
#2915 = CARTESIAN_POINT('',(340.,290.,120.));
#2916 = LINE('',#2917,#2918);
#2917 = CARTESIAN_POINT('',(340.,290.,105.));
#2918 = VECTOR('',#2919,1.);
#2919 = DIRECTION('',(0.,0.,1.));
#2920 = ORIENTED_EDGE('',*,*,#2921,.T.);
#2921 = EDGE_CURVE('',#2912,#2922,#2924,.T.);
#2922 = VERTEX_POINT('',#2923);
#2923 = CARTESIAN_POINT('',(340.,360.,105.));
#2924 = LINE('',#2925,#2926);
#2925 = CARTESIAN_POINT('',(340.,290.,105.));
#2926 = VECTOR('',#2927,1.);
#2927 = DIRECTION('',(0.,1.,0.));
#2928 = ORIENTED_EDGE('',*,*,#2929,.T.);
#2929 = EDGE_CURVE('',#2922,#2930,#2932,.T.);
#2930 = VERTEX_POINT('',#2931);
#2931 = CARTESIAN_POINT('',(340.,360.,120.));
#2932 = LINE('',#2933,#2934);
#2933 = CARTESIAN_POINT('',(340.,360.,105.));
#2934 = VECTOR('',#2935,1.);
#2935 = DIRECTION('',(0.,0.,1.));
#2936 = ORIENTED_EDGE('',*,*,#2937,.F.);
#2937 = EDGE_CURVE('',#2914,#2930,#2938,.T.);
#2938 = LINE('',#2939,#2940);
#2939 = CARTESIAN_POINT('',(340.,290.,120.));
#2940 = VECTOR('',#2941,1.);
#2941 = DIRECTION('',(0.,1.,0.));
#2942 = PLANE('',#2943);
#2943 = AXIS2_PLACEMENT_3D('',#2944,#2945,#2946);
#2944 = CARTESIAN_POINT('',(340.,290.,105.));
#2945 = DIRECTION('',(1.,0.,0.));
#2946 = DIRECTION('',(0.,0.,1.));
#2947 = ADVANCED_FACE('',(#2948),#2964,.F.);
#2948 = FACE_BOUND('',#2949,.F.);
#2949 = EDGE_LOOP('',(#2950,#2956,#2957,#2963));
#2950 = ORIENTED_EDGE('',*,*,#2951,.F.);
#2951 = EDGE_CURVE('',#2872,#2912,#2952,.T.);
#2952 = LINE('',#2953,#2954);
#2953 = CARTESIAN_POINT('',(310.,290.,105.));
#2954 = VECTOR('',#2955,1.);
#2955 = DIRECTION('',(1.,0.,0.));
#2956 = ORIENTED_EDGE('',*,*,#2871,.T.);
#2957 = ORIENTED_EDGE('',*,*,#2958,.T.);
#2958 = EDGE_CURVE('',#2874,#2914,#2959,.T.);
#2959 = LINE('',#2960,#2961);
#2960 = CARTESIAN_POINT('',(310.,290.,120.));
#2961 = VECTOR('',#2962,1.);
#2962 = DIRECTION('',(1.,0.,0.));
#2963 = ORIENTED_EDGE('',*,*,#2911,.F.);
#2964 = PLANE('',#2965);
#2965 = AXIS2_PLACEMENT_3D('',#2966,#2967,#2968);
#2966 = CARTESIAN_POINT('',(310.,290.,105.));
#2967 = DIRECTION('',(0.,1.,0.));
#2968 = DIRECTION('',(0.,0.,1.));
#2969 = ADVANCED_FACE('',(#2970),#2986,.T.);
#2970 = FACE_BOUND('',#2971,.T.);
#2971 = EDGE_LOOP('',(#2972,#2978,#2979,#2985));
#2972 = ORIENTED_EDGE('',*,*,#2973,.F.);
#2973 = EDGE_CURVE('',#2882,#2922,#2974,.T.);
#2974 = LINE('',#2975,#2976);
#2975 = CARTESIAN_POINT('',(310.,360.,105.));
#2976 = VECTOR('',#2977,1.);
#2977 = DIRECTION('',(1.,0.,0.));
#2978 = ORIENTED_EDGE('',*,*,#2889,.T.);
#2979 = ORIENTED_EDGE('',*,*,#2980,.T.);
#2980 = EDGE_CURVE('',#2890,#2930,#2981,.T.);
#2981 = LINE('',#2982,#2983);
#2982 = CARTESIAN_POINT('',(310.,360.,120.));
#2983 = VECTOR('',#2984,1.);
#2984 = DIRECTION('',(1.,0.,0.));
#2985 = ORIENTED_EDGE('',*,*,#2929,.F.);
#2986 = PLANE('',#2987);
#2987 = AXIS2_PLACEMENT_3D('',#2988,#2989,#2990);
#2988 = CARTESIAN_POINT('',(310.,360.,105.));
#2989 = DIRECTION('',(0.,1.,0.));
#2990 = DIRECTION('',(0.,0.,1.));
#2991 = ADVANCED_FACE('',(#2992),#2998,.F.);
#2992 = FACE_BOUND('',#2993,.F.);
#2993 = EDGE_LOOP('',(#2994,#2995,#2996,#2997));
#2994 = ORIENTED_EDGE('',*,*,#2881,.F.);
#2995 = ORIENTED_EDGE('',*,*,#2951,.T.);
#2996 = ORIENTED_EDGE('',*,*,#2921,.T.);
#2997 = ORIENTED_EDGE('',*,*,#2973,.F.);
#2998 = PLANE('',#2999);
#2999 = AXIS2_PLACEMENT_3D('',#3000,#3001,#3002);
#3000 = CARTESIAN_POINT('',(310.,290.,105.));
#3001 = DIRECTION('',(0.,0.,1.));
#3002 = DIRECTION('',(1.,0.,0.));
#3003 = ADVANCED_FACE('',(#3004),#3010,.T.);
#3004 = FACE_BOUND('',#3005,.T.);
#3005 = EDGE_LOOP('',(#3006,#3007,#3008,#3009));
#3006 = ORIENTED_EDGE('',*,*,#2897,.F.);
#3007 = ORIENTED_EDGE('',*,*,#2958,.T.);
#3008 = ORIENTED_EDGE('',*,*,#2937,.T.);
#3009 = ORIENTED_EDGE('',*,*,#2980,.F.);
#3010 = PLANE('',#3011);
#3011 = AXIS2_PLACEMENT_3D('',#3012,#3013,#3014);
#3012 = CARTESIAN_POINT('',(310.,290.,120.));
#3013 = DIRECTION('',(0.,0.,1.));
#3014 = DIRECTION('',(1.,0.,0.));
#3015 = MANIFOLD_SOLID_BREP('',#3016);
#3016 = CLOSED_SHELL('',(#3017,#3057,#3097,#3119,#3141,#3153));
#3017 = ADVANCED_FACE('',(#3018),#3052,.F.);
#3018 = FACE_BOUND('',#3019,.F.);
#3019 = EDGE_LOOP('',(#3020,#3030,#3038,#3046));
#3020 = ORIENTED_EDGE('',*,*,#3021,.F.);
#3021 = EDGE_CURVE('',#3022,#3024,#3026,.T.);
#3022 = VERTEX_POINT('',#3023);
#3023 = CARTESIAN_POINT('',(380.,290.,105.));
#3024 = VERTEX_POINT('',#3025);
#3025 = CARTESIAN_POINT('',(380.,290.,120.));
#3026 = LINE('',#3027,#3028);
#3027 = CARTESIAN_POINT('',(380.,290.,105.));
#3028 = VECTOR('',#3029,1.);
#3029 = DIRECTION('',(0.,0.,1.));
#3030 = ORIENTED_EDGE('',*,*,#3031,.T.);
#3031 = EDGE_CURVE('',#3022,#3032,#3034,.T.);
#3032 = VERTEX_POINT('',#3033);
#3033 = CARTESIAN_POINT('',(380.,360.,105.));
#3034 = LINE('',#3035,#3036);
#3035 = CARTESIAN_POINT('',(380.,290.,105.));
#3036 = VECTOR('',#3037,1.);
#3037 = DIRECTION('',(0.,1.,0.));
#3038 = ORIENTED_EDGE('',*,*,#3039,.T.);
#3039 = EDGE_CURVE('',#3032,#3040,#3042,.T.);
#3040 = VERTEX_POINT('',#3041);
#3041 = CARTESIAN_POINT('',(380.,360.,120.));
#3042 = LINE('',#3043,#3044);
#3043 = CARTESIAN_POINT('',(380.,360.,105.));
#3044 = VECTOR('',#3045,1.);
#3045 = DIRECTION('',(0.,0.,1.));
#3046 = ORIENTED_EDGE('',*,*,#3047,.F.);
#3047 = EDGE_CURVE('',#3024,#3040,#3048,.T.);
#3048 = LINE('',#3049,#3050);
#3049 = CARTESIAN_POINT('',(380.,290.,120.));
#3050 = VECTOR('',#3051,1.);
#3051 = DIRECTION('',(0.,1.,0.));
#3052 = PLANE('',#3053);
#3053 = AXIS2_PLACEMENT_3D('',#3054,#3055,#3056);
#3054 = CARTESIAN_POINT('',(380.,290.,105.));
#3055 = DIRECTION('',(1.,0.,0.));
#3056 = DIRECTION('',(0.,0.,1.));
#3057 = ADVANCED_FACE('',(#3058),#3092,.T.);
#3058 = FACE_BOUND('',#3059,.T.);
#3059 = EDGE_LOOP('',(#3060,#3070,#3078,#3086));
#3060 = ORIENTED_EDGE('',*,*,#3061,.F.);
#3061 = EDGE_CURVE('',#3062,#3064,#3066,.T.);
#3062 = VERTEX_POINT('',#3063);
#3063 = CARTESIAN_POINT('',(410.,290.,105.));
#3064 = VERTEX_POINT('',#3065);
#3065 = CARTESIAN_POINT('',(410.,290.,120.));
#3066 = LINE('',#3067,#3068);
#3067 = CARTESIAN_POINT('',(410.,290.,105.));
#3068 = VECTOR('',#3069,1.);
#3069 = DIRECTION('',(0.,0.,1.));
#3070 = ORIENTED_EDGE('',*,*,#3071,.T.);
#3071 = EDGE_CURVE('',#3062,#3072,#3074,.T.);
#3072 = VERTEX_POINT('',#3073);
#3073 = CARTESIAN_POINT('',(410.,360.,105.));
#3074 = LINE('',#3075,#3076);
#3075 = CARTESIAN_POINT('',(410.,290.,105.));
#3076 = VECTOR('',#3077,1.);
#3077 = DIRECTION('',(0.,1.,0.));
#3078 = ORIENTED_EDGE('',*,*,#3079,.T.);
#3079 = EDGE_CURVE('',#3072,#3080,#3082,.T.);
#3080 = VERTEX_POINT('',#3081);
#3081 = CARTESIAN_POINT('',(410.,360.,120.));
#3082 = LINE('',#3083,#3084);
#3083 = CARTESIAN_POINT('',(410.,360.,105.));
#3084 = VECTOR('',#3085,1.);
#3085 = DIRECTION('',(0.,0.,1.));
#3086 = ORIENTED_EDGE('',*,*,#3087,.F.);
#3087 = EDGE_CURVE('',#3064,#3080,#3088,.T.);
#3088 = LINE('',#3089,#3090);
#3089 = CARTESIAN_POINT('',(410.,290.,120.));
#3090 = VECTOR('',#3091,1.);
#3091 = DIRECTION('',(0.,1.,0.));
#3092 = PLANE('',#3093);
#3093 = AXIS2_PLACEMENT_3D('',#3094,#3095,#3096);
#3094 = CARTESIAN_POINT('',(410.,290.,105.));
#3095 = DIRECTION('',(1.,0.,0.));
#3096 = DIRECTION('',(0.,0.,1.));
#3097 = ADVANCED_FACE('',(#3098),#3114,.F.);
#3098 = FACE_BOUND('',#3099,.F.);
#3099 = EDGE_LOOP('',(#3100,#3106,#3107,#3113));
#3100 = ORIENTED_EDGE('',*,*,#3101,.F.);
#3101 = EDGE_CURVE('',#3022,#3062,#3102,.T.);
#3102 = LINE('',#3103,#3104);
#3103 = CARTESIAN_POINT('',(380.,290.,105.));
#3104 = VECTOR('',#3105,1.);
#3105 = DIRECTION('',(1.,0.,0.));
#3106 = ORIENTED_EDGE('',*,*,#3021,.T.);
#3107 = ORIENTED_EDGE('',*,*,#3108,.T.);
#3108 = EDGE_CURVE('',#3024,#3064,#3109,.T.);
#3109 = LINE('',#3110,#3111);
#3110 = CARTESIAN_POINT('',(380.,290.,120.));
#3111 = VECTOR('',#3112,1.);
#3112 = DIRECTION('',(1.,0.,0.));
#3113 = ORIENTED_EDGE('',*,*,#3061,.F.);
#3114 = PLANE('',#3115);
#3115 = AXIS2_PLACEMENT_3D('',#3116,#3117,#3118);
#3116 = CARTESIAN_POINT('',(380.,290.,105.));
#3117 = DIRECTION('',(0.,1.,0.));
#3118 = DIRECTION('',(0.,0.,1.));
#3119 = ADVANCED_FACE('',(#3120),#3136,.T.);
#3120 = FACE_BOUND('',#3121,.T.);
#3121 = EDGE_LOOP('',(#3122,#3128,#3129,#3135));
#3122 = ORIENTED_EDGE('',*,*,#3123,.F.);
#3123 = EDGE_CURVE('',#3032,#3072,#3124,.T.);
#3124 = LINE('',#3125,#3126);
#3125 = CARTESIAN_POINT('',(380.,360.,105.));
#3126 = VECTOR('',#3127,1.);
#3127 = DIRECTION('',(1.,0.,0.));
#3128 = ORIENTED_EDGE('',*,*,#3039,.T.);
#3129 = ORIENTED_EDGE('',*,*,#3130,.T.);
#3130 = EDGE_CURVE('',#3040,#3080,#3131,.T.);
#3131 = LINE('',#3132,#3133);
#3132 = CARTESIAN_POINT('',(380.,360.,120.));
#3133 = VECTOR('',#3134,1.);
#3134 = DIRECTION('',(1.,0.,0.));
#3135 = ORIENTED_EDGE('',*,*,#3079,.F.);
#3136 = PLANE('',#3137);
#3137 = AXIS2_PLACEMENT_3D('',#3138,#3139,#3140);
#3138 = CARTESIAN_POINT('',(380.,360.,105.));
#3139 = DIRECTION('',(0.,1.,0.));
#3140 = DIRECTION('',(0.,0.,1.));
#3141 = ADVANCED_FACE('',(#3142),#3148,.F.);
#3142 = FACE_BOUND('',#3143,.F.);
#3143 = EDGE_LOOP('',(#3144,#3145,#3146,#3147));
#3144 = ORIENTED_EDGE('',*,*,#3031,.F.);
#3145 = ORIENTED_EDGE('',*,*,#3101,.T.);
#3146 = ORIENTED_EDGE('',*,*,#3071,.T.);
#3147 = ORIENTED_EDGE('',*,*,#3123,.F.);
#3148 = PLANE('',#3149);
#3149 = AXIS2_PLACEMENT_3D('',#3150,#3151,#3152);
#3150 = CARTESIAN_POINT('',(380.,290.,105.));
#3151 = DIRECTION('',(0.,0.,1.));
#3152 = DIRECTION('',(1.,0.,0.));
#3153 = ADVANCED_FACE('',(#3154),#3160,.T.);
#3154 = FACE_BOUND('',#3155,.T.);
#3155 = EDGE_LOOP('',(#3156,#3157,#3158,#3159));
#3156 = ORIENTED_EDGE('',*,*,#3047,.F.);
#3157 = ORIENTED_EDGE('',*,*,#3108,.T.);
#3158 = ORIENTED_EDGE('',*,*,#3087,.T.);
#3159 = ORIENTED_EDGE('',*,*,#3130,.F.);
#3160 = PLANE('',#3161);
#3161 = AXIS2_PLACEMENT_3D('',#3162,#3163,#3164);
#3162 = CARTESIAN_POINT('',(380.,290.,120.));
#3163 = DIRECTION('',(0.,0.,1.));
#3164 = DIRECTION('',(1.,0.,0.));
#3165 = MANIFOLD_SOLID_BREP('',#3166);
#3166 = CLOSED_SHELL('',(#3167,#3207,#3247,#3269,#3291,#3303));
#3167 = ADVANCED_FACE('',(#3168),#3202,.F.);
#3168 = FACE_BOUND('',#3169,.F.);
#3169 = EDGE_LOOP('',(#3170,#3180,#3188,#3196));
#3170 = ORIENTED_EDGE('',*,*,#3171,.F.);
#3171 = EDGE_CURVE('',#3172,#3174,#3176,.T.);
#3172 = VERTEX_POINT('',#3173);
#3173 = CARTESIAN_POINT('',(310.,290.,225.));
#3174 = VERTEX_POINT('',#3175);
#3175 = CARTESIAN_POINT('',(310.,290.,240.));
#3176 = LINE('',#3177,#3178);
#3177 = CARTESIAN_POINT('',(310.,290.,225.));
#3178 = VECTOR('',#3179,1.);
#3179 = DIRECTION('',(0.,0.,1.));
#3180 = ORIENTED_EDGE('',*,*,#3181,.T.);
#3181 = EDGE_CURVE('',#3172,#3182,#3184,.T.);
#3182 = VERTEX_POINT('',#3183);
#3183 = CARTESIAN_POINT('',(310.,360.,225.));
#3184 = LINE('',#3185,#3186);
#3185 = CARTESIAN_POINT('',(310.,290.,225.));
#3186 = VECTOR('',#3187,1.);
#3187 = DIRECTION('',(0.,1.,0.));
#3188 = ORIENTED_EDGE('',*,*,#3189,.T.);
#3189 = EDGE_CURVE('',#3182,#3190,#3192,.T.);
#3190 = VERTEX_POINT('',#3191);
#3191 = CARTESIAN_POINT('',(310.,360.,240.));
#3192 = LINE('',#3193,#3194);
#3193 = CARTESIAN_POINT('',(310.,360.,225.));
#3194 = VECTOR('',#3195,1.);
#3195 = DIRECTION('',(0.,0.,1.));
#3196 = ORIENTED_EDGE('',*,*,#3197,.F.);
#3197 = EDGE_CURVE('',#3174,#3190,#3198,.T.);
#3198 = LINE('',#3199,#3200);
#3199 = CARTESIAN_POINT('',(310.,290.,240.));
#3200 = VECTOR('',#3201,1.);
#3201 = DIRECTION('',(0.,1.,0.));
#3202 = PLANE('',#3203);
#3203 = AXIS2_PLACEMENT_3D('',#3204,#3205,#3206);
#3204 = CARTESIAN_POINT('',(310.,290.,225.));
#3205 = DIRECTION('',(1.,0.,0.));
#3206 = DIRECTION('',(0.,0.,1.));
#3207 = ADVANCED_FACE('',(#3208),#3242,.T.);
#3208 = FACE_BOUND('',#3209,.T.);
#3209 = EDGE_LOOP('',(#3210,#3220,#3228,#3236));
#3210 = ORIENTED_EDGE('',*,*,#3211,.F.);
#3211 = EDGE_CURVE('',#3212,#3214,#3216,.T.);
#3212 = VERTEX_POINT('',#3213);
#3213 = CARTESIAN_POINT('',(340.,290.,225.));
#3214 = VERTEX_POINT('',#3215);
#3215 = CARTESIAN_POINT('',(340.,290.,240.));
#3216 = LINE('',#3217,#3218);
#3217 = CARTESIAN_POINT('',(340.,290.,225.));
#3218 = VECTOR('',#3219,1.);
#3219 = DIRECTION('',(0.,0.,1.));
#3220 = ORIENTED_EDGE('',*,*,#3221,.T.);
#3221 = EDGE_CURVE('',#3212,#3222,#3224,.T.);
#3222 = VERTEX_POINT('',#3223);
#3223 = CARTESIAN_POINT('',(340.,360.,225.));
#3224 = LINE('',#3225,#3226);
#3225 = CARTESIAN_POINT('',(340.,290.,225.));
#3226 = VECTOR('',#3227,1.);
#3227 = DIRECTION('',(0.,1.,0.));
#3228 = ORIENTED_EDGE('',*,*,#3229,.T.);
#3229 = EDGE_CURVE('',#3222,#3230,#3232,.T.);
#3230 = VERTEX_POINT('',#3231);
#3231 = CARTESIAN_POINT('',(340.,360.,240.));
#3232 = LINE('',#3233,#3234);
#3233 = CARTESIAN_POINT('',(340.,360.,225.));
#3234 = VECTOR('',#3235,1.);
#3235 = DIRECTION('',(0.,0.,1.));
#3236 = ORIENTED_EDGE('',*,*,#3237,.F.);
#3237 = EDGE_CURVE('',#3214,#3230,#3238,.T.);
#3238 = LINE('',#3239,#3240);
#3239 = CARTESIAN_POINT('',(340.,290.,240.));
#3240 = VECTOR('',#3241,1.);
#3241 = DIRECTION('',(0.,1.,0.));
#3242 = PLANE('',#3243);
#3243 = AXIS2_PLACEMENT_3D('',#3244,#3245,#3246);
#3244 = CARTESIAN_POINT('',(340.,290.,225.));
#3245 = DIRECTION('',(1.,0.,0.));
#3246 = DIRECTION('',(0.,0.,1.));
#3247 = ADVANCED_FACE('',(#3248),#3264,.F.);
#3248 = FACE_BOUND('',#3249,.F.);
#3249 = EDGE_LOOP('',(#3250,#3256,#3257,#3263));
#3250 = ORIENTED_EDGE('',*,*,#3251,.F.);
#3251 = EDGE_CURVE('',#3172,#3212,#3252,.T.);
#3252 = LINE('',#3253,#3254);
#3253 = CARTESIAN_POINT('',(310.,290.,225.));
#3254 = VECTOR('',#3255,1.);
#3255 = DIRECTION('',(1.,0.,0.));
#3256 = ORIENTED_EDGE('',*,*,#3171,.T.);
#3257 = ORIENTED_EDGE('',*,*,#3258,.T.);
#3258 = EDGE_CURVE('',#3174,#3214,#3259,.T.);
#3259 = LINE('',#3260,#3261);
#3260 = CARTESIAN_POINT('',(310.,290.,240.));
#3261 = VECTOR('',#3262,1.);
#3262 = DIRECTION('',(1.,0.,0.));
#3263 = ORIENTED_EDGE('',*,*,#3211,.F.);
#3264 = PLANE('',#3265);
#3265 = AXIS2_PLACEMENT_3D('',#3266,#3267,#3268);
#3266 = CARTESIAN_POINT('',(310.,290.,225.));
#3267 = DIRECTION('',(0.,1.,0.));
#3268 = DIRECTION('',(0.,0.,1.));
#3269 = ADVANCED_FACE('',(#3270),#3286,.T.);
#3270 = FACE_BOUND('',#3271,.T.);
#3271 = EDGE_LOOP('',(#3272,#3278,#3279,#3285));
#3272 = ORIENTED_EDGE('',*,*,#3273,.F.);
#3273 = EDGE_CURVE('',#3182,#3222,#3274,.T.);
#3274 = LINE('',#3275,#3276);
#3275 = CARTESIAN_POINT('',(310.,360.,225.));
#3276 = VECTOR('',#3277,1.);
#3277 = DIRECTION('',(1.,0.,0.));
#3278 = ORIENTED_EDGE('',*,*,#3189,.T.);
#3279 = ORIENTED_EDGE('',*,*,#3280,.T.);
#3280 = EDGE_CURVE('',#3190,#3230,#3281,.T.);
#3281 = LINE('',#3282,#3283);
#3282 = CARTESIAN_POINT('',(310.,360.,240.));
#3283 = VECTOR('',#3284,1.);
#3284 = DIRECTION('',(1.,0.,0.));
#3285 = ORIENTED_EDGE('',*,*,#3229,.F.);
#3286 = PLANE('',#3287);
#3287 = AXIS2_PLACEMENT_3D('',#3288,#3289,#3290);
#3288 = CARTESIAN_POINT('',(310.,360.,225.));
#3289 = DIRECTION('',(0.,1.,0.));
#3290 = DIRECTION('',(0.,0.,1.));
#3291 = ADVANCED_FACE('',(#3292),#3298,.F.);
#3292 = FACE_BOUND('',#3293,.F.);
#3293 = EDGE_LOOP('',(#3294,#3295,#3296,#3297));
#3294 = ORIENTED_EDGE('',*,*,#3181,.F.);
#3295 = ORIENTED_EDGE('',*,*,#3251,.T.);
#3296 = ORIENTED_EDGE('',*,*,#3221,.T.);
#3297 = ORIENTED_EDGE('',*,*,#3273,.F.);
#3298 = PLANE('',#3299);
#3299 = AXIS2_PLACEMENT_3D('',#3300,#3301,#3302);
#3300 = CARTESIAN_POINT('',(310.,290.,225.));
#3301 = DIRECTION('',(0.,0.,1.));
#3302 = DIRECTION('',(1.,0.,0.));
#3303 = ADVANCED_FACE('',(#3304),#3310,.T.);
#3304 = FACE_BOUND('',#3305,.T.);
#3305 = EDGE_LOOP('',(#3306,#3307,#3308,#3309));
#3306 = ORIENTED_EDGE('',*,*,#3197,.F.);
#3307 = ORIENTED_EDGE('',*,*,#3258,.T.);
#3308 = ORIENTED_EDGE('',*,*,#3237,.T.);
#3309 = ORIENTED_EDGE('',*,*,#3280,.F.);
#3310 = PLANE('',#3311);
#3311 = AXIS2_PLACEMENT_3D('',#3312,#3313,#3314);
#3312 = CARTESIAN_POINT('',(310.,290.,240.));
#3313 = DIRECTION('',(0.,0.,1.));
#3314 = DIRECTION('',(1.,0.,0.));
#3315 = MANIFOLD_SOLID_BREP('',#3316);
#3316 = CLOSED_SHELL('',(#3317,#3357,#3397,#3419,#3441,#3453));
#3317 = ADVANCED_FACE('',(#3318),#3352,.F.);
#3318 = FACE_BOUND('',#3319,.F.);
#3319 = EDGE_LOOP('',(#3320,#3330,#3338,#3346));
#3320 = ORIENTED_EDGE('',*,*,#3321,.F.);
#3321 = EDGE_CURVE('',#3322,#3324,#3326,.T.);
#3322 = VERTEX_POINT('',#3323);
#3323 = CARTESIAN_POINT('',(380.,290.,225.));
#3324 = VERTEX_POINT('',#3325);
#3325 = CARTESIAN_POINT('',(380.,290.,240.));
#3326 = LINE('',#3327,#3328);
#3327 = CARTESIAN_POINT('',(380.,290.,225.));
#3328 = VECTOR('',#3329,1.);
#3329 = DIRECTION('',(0.,0.,1.));
#3330 = ORIENTED_EDGE('',*,*,#3331,.T.);
#3331 = EDGE_CURVE('',#3322,#3332,#3334,.T.);
#3332 = VERTEX_POINT('',#3333);
#3333 = CARTESIAN_POINT('',(380.,360.,225.));
#3334 = LINE('',#3335,#3336);
#3335 = CARTESIAN_POINT('',(380.,290.,225.));
#3336 = VECTOR('',#3337,1.);
#3337 = DIRECTION('',(0.,1.,0.));
#3338 = ORIENTED_EDGE('',*,*,#3339,.T.);
#3339 = EDGE_CURVE('',#3332,#3340,#3342,.T.);
#3340 = VERTEX_POINT('',#3341);
#3341 = CARTESIAN_POINT('',(380.,360.,240.));
#3342 = LINE('',#3343,#3344);
#3343 = CARTESIAN_POINT('',(380.,360.,225.));
#3344 = VECTOR('',#3345,1.);
#3345 = DIRECTION('',(0.,0.,1.));
#3346 = ORIENTED_EDGE('',*,*,#3347,.F.);
#3347 = EDGE_CURVE('',#3324,#3340,#3348,.T.);
#3348 = LINE('',#3349,#3350);
#3349 = CARTESIAN_POINT('',(380.,290.,240.));
#3350 = VECTOR('',#3351,1.);
#3351 = DIRECTION('',(0.,1.,0.));
#3352 = PLANE('',#3353);
#3353 = AXIS2_PLACEMENT_3D('',#3354,#3355,#3356);
#3354 = CARTESIAN_POINT('',(380.,290.,225.));
#3355 = DIRECTION('',(1.,0.,0.));
#3356 = DIRECTION('',(0.,0.,1.));
#3357 = ADVANCED_FACE('',(#3358),#3392,.T.);
#3358 = FACE_BOUND('',#3359,.T.);
#3359 = EDGE_LOOP('',(#3360,#3370,#3378,#3386));
#3360 = ORIENTED_EDGE('',*,*,#3361,.F.);
#3361 = EDGE_CURVE('',#3362,#3364,#3366,.T.);
#3362 = VERTEX_POINT('',#3363);
#3363 = CARTESIAN_POINT('',(410.,290.,225.));
#3364 = VERTEX_POINT('',#3365);
#3365 = CARTESIAN_POINT('',(410.,290.,240.));
#3366 = LINE('',#3367,#3368);
#3367 = CARTESIAN_POINT('',(410.,290.,225.));
#3368 = VECTOR('',#3369,1.);
#3369 = DIRECTION('',(0.,0.,1.));
#3370 = ORIENTED_EDGE('',*,*,#3371,.T.);
#3371 = EDGE_CURVE('',#3362,#3372,#3374,.T.);
#3372 = VERTEX_POINT('',#3373);
#3373 = CARTESIAN_POINT('',(410.,360.,225.));
#3374 = LINE('',#3375,#3376);
#3375 = CARTESIAN_POINT('',(410.,290.,225.));
#3376 = VECTOR('',#3377,1.);
#3377 = DIRECTION('',(0.,1.,0.));
#3378 = ORIENTED_EDGE('',*,*,#3379,.T.);
#3379 = EDGE_CURVE('',#3372,#3380,#3382,.T.);
#3380 = VERTEX_POINT('',#3381);
#3381 = CARTESIAN_POINT('',(410.,360.,240.));
#3382 = LINE('',#3383,#3384);
#3383 = CARTESIAN_POINT('',(410.,360.,225.));
#3384 = VECTOR('',#3385,1.);
#3385 = DIRECTION('',(0.,0.,1.));
#3386 = ORIENTED_EDGE('',*,*,#3387,.F.);
#3387 = EDGE_CURVE('',#3364,#3380,#3388,.T.);
#3388 = LINE('',#3389,#3390);
#3389 = CARTESIAN_POINT('',(410.,290.,240.));
#3390 = VECTOR('',#3391,1.);
#3391 = DIRECTION('',(0.,1.,0.));
#3392 = PLANE('',#3393);
#3393 = AXIS2_PLACEMENT_3D('',#3394,#3395,#3396);
#3394 = CARTESIAN_POINT('',(410.,290.,225.));
#3395 = DIRECTION('',(1.,0.,0.));
#3396 = DIRECTION('',(0.,0.,1.));
#3397 = ADVANCED_FACE('',(#3398),#3414,.F.);
#3398 = FACE_BOUND('',#3399,.F.);
#3399 = EDGE_LOOP('',(#3400,#3406,#3407,#3413));
#3400 = ORIENTED_EDGE('',*,*,#3401,.F.);
#3401 = EDGE_CURVE('',#3322,#3362,#3402,.T.);
#3402 = LINE('',#3403,#3404);
#3403 = CARTESIAN_POINT('',(380.,290.,225.));
#3404 = VECTOR('',#3405,1.);
#3405 = DIRECTION('',(1.,0.,0.));
#3406 = ORIENTED_EDGE('',*,*,#3321,.T.);
#3407 = ORIENTED_EDGE('',*,*,#3408,.T.);
#3408 = EDGE_CURVE('',#3324,#3364,#3409,.T.);
#3409 = LINE('',#3410,#3411);
#3410 = CARTESIAN_POINT('',(380.,290.,240.));
#3411 = VECTOR('',#3412,1.);
#3412 = DIRECTION('',(1.,0.,0.));
#3413 = ORIENTED_EDGE('',*,*,#3361,.F.);
#3414 = PLANE('',#3415);
#3415 = AXIS2_PLACEMENT_3D('',#3416,#3417,#3418);
#3416 = CARTESIAN_POINT('',(380.,290.,225.));
#3417 = DIRECTION('',(0.,1.,0.));
#3418 = DIRECTION('',(0.,0.,1.));
#3419 = ADVANCED_FACE('',(#3420),#3436,.T.);
#3420 = FACE_BOUND('',#3421,.T.);
#3421 = EDGE_LOOP('',(#3422,#3428,#3429,#3435));
#3422 = ORIENTED_EDGE('',*,*,#3423,.F.);
#3423 = EDGE_CURVE('',#3332,#3372,#3424,.T.);
#3424 = LINE('',#3425,#3426);
#3425 = CARTESIAN_POINT('',(380.,360.,225.));
#3426 = VECTOR('',#3427,1.);
#3427 = DIRECTION('',(1.,0.,0.));
#3428 = ORIENTED_EDGE('',*,*,#3339,.T.);
#3429 = ORIENTED_EDGE('',*,*,#3430,.T.);
#3430 = EDGE_CURVE('',#3340,#3380,#3431,.T.);
#3431 = LINE('',#3432,#3433);
#3432 = CARTESIAN_POINT('',(380.,360.,240.));
#3433 = VECTOR('',#3434,1.);
#3434 = DIRECTION('',(1.,0.,0.));
#3435 = ORIENTED_EDGE('',*,*,#3379,.F.);
#3436 = PLANE('',#3437);
#3437 = AXIS2_PLACEMENT_3D('',#3438,#3439,#3440);
#3438 = CARTESIAN_POINT('',(380.,360.,225.));
#3439 = DIRECTION('',(0.,1.,0.));
#3440 = DIRECTION('',(0.,0.,1.));
#3441 = ADVANCED_FACE('',(#3442),#3448,.F.);
#3442 = FACE_BOUND('',#3443,.F.);
#3443 = EDGE_LOOP('',(#3444,#3445,#3446,#3447));
#3444 = ORIENTED_EDGE('',*,*,#3331,.F.);
#3445 = ORIENTED_EDGE('',*,*,#3401,.T.);
#3446 = ORIENTED_EDGE('',*,*,#3371,.T.);
#3447 = ORIENTED_EDGE('',*,*,#3423,.F.);
#3448 = PLANE('',#3449);
#3449 = AXIS2_PLACEMENT_3D('',#3450,#3451,#3452);
#3450 = CARTESIAN_POINT('',(380.,290.,225.));
#3451 = DIRECTION('',(0.,0.,1.));
#3452 = DIRECTION('',(1.,0.,0.));
#3453 = ADVANCED_FACE('',(#3454),#3460,.T.);
#3454 = FACE_BOUND('',#3455,.T.);
#3455 = EDGE_LOOP('',(#3456,#3457,#3458,#3459));
#3456 = ORIENTED_EDGE('',*,*,#3347,.F.);
#3457 = ORIENTED_EDGE('',*,*,#3408,.T.);
#3458 = ORIENTED_EDGE('',*,*,#3387,.T.);
#3459 = ORIENTED_EDGE('',*,*,#3430,.F.);
#3460 = PLANE('',#3461);
#3461 = AXIS2_PLACEMENT_3D('',#3462,#3463,#3464);
#3462 = CARTESIAN_POINT('',(380.,290.,240.));
#3463 = DIRECTION('',(0.,0.,1.));
#3464 = DIRECTION('',(1.,0.,0.));
#3465 = MANIFOLD_SOLID_BREP('',#3466);
#3466 = CLOSED_SHELL('',(#3467,#3507,#3547,#3569,#3591,#3603));
#3467 = ADVANCED_FACE('',(#3468),#3502,.F.);
#3468 = FACE_BOUND('',#3469,.F.);
#3469 = EDGE_LOOP('',(#3470,#3480,#3488,#3496));
#3470 = ORIENTED_EDGE('',*,*,#3471,.F.);
#3471 = EDGE_CURVE('',#3472,#3474,#3476,.T.);
#3472 = VERTEX_POINT('',#3473);
#3473 = CARTESIAN_POINT('',(310.,290.,345.));
#3474 = VERTEX_POINT('',#3475);
#3475 = CARTESIAN_POINT('',(310.,290.,360.));
#3476 = LINE('',#3477,#3478);
#3477 = CARTESIAN_POINT('',(310.,290.,345.));
#3478 = VECTOR('',#3479,1.);
#3479 = DIRECTION('',(0.,0.,1.));
#3480 = ORIENTED_EDGE('',*,*,#3481,.T.);
#3481 = EDGE_CURVE('',#3472,#3482,#3484,.T.);
#3482 = VERTEX_POINT('',#3483);
#3483 = CARTESIAN_POINT('',(310.,360.,345.));
#3484 = LINE('',#3485,#3486);
#3485 = CARTESIAN_POINT('',(310.,290.,345.));
#3486 = VECTOR('',#3487,1.);
#3487 = DIRECTION('',(0.,1.,0.));
#3488 = ORIENTED_EDGE('',*,*,#3489,.T.);
#3489 = EDGE_CURVE('',#3482,#3490,#3492,.T.);
#3490 = VERTEX_POINT('',#3491);
#3491 = CARTESIAN_POINT('',(310.,360.,360.));
#3492 = LINE('',#3493,#3494);
#3493 = CARTESIAN_POINT('',(310.,360.,345.));
#3494 = VECTOR('',#3495,1.);
#3495 = DIRECTION('',(0.,0.,1.));
#3496 = ORIENTED_EDGE('',*,*,#3497,.F.);
#3497 = EDGE_CURVE('',#3474,#3490,#3498,.T.);
#3498 = LINE('',#3499,#3500);
#3499 = CARTESIAN_POINT('',(310.,290.,360.));
#3500 = VECTOR('',#3501,1.);
#3501 = DIRECTION('',(0.,1.,0.));
#3502 = PLANE('',#3503);
#3503 = AXIS2_PLACEMENT_3D('',#3504,#3505,#3506);
#3504 = CARTESIAN_POINT('',(310.,290.,345.));
#3505 = DIRECTION('',(1.,0.,0.));
#3506 = DIRECTION('',(0.,0.,1.));
#3507 = ADVANCED_FACE('',(#3508),#3542,.T.);
#3508 = FACE_BOUND('',#3509,.T.);
#3509 = EDGE_LOOP('',(#3510,#3520,#3528,#3536));
#3510 = ORIENTED_EDGE('',*,*,#3511,.F.);
#3511 = EDGE_CURVE('',#3512,#3514,#3516,.T.);
#3512 = VERTEX_POINT('',#3513);
#3513 = CARTESIAN_POINT('',(340.,290.,345.));
#3514 = VERTEX_POINT('',#3515);
#3515 = CARTESIAN_POINT('',(340.,290.,360.));
#3516 = LINE('',#3517,#3518);
#3517 = CARTESIAN_POINT('',(340.,290.,345.));
#3518 = VECTOR('',#3519,1.);
#3519 = DIRECTION('',(0.,0.,1.));
#3520 = ORIENTED_EDGE('',*,*,#3521,.T.);
#3521 = EDGE_CURVE('',#3512,#3522,#3524,.T.);
#3522 = VERTEX_POINT('',#3523);
#3523 = CARTESIAN_POINT('',(340.,360.,345.));
#3524 = LINE('',#3525,#3526);
#3525 = CARTESIAN_POINT('',(340.,290.,345.));
#3526 = VECTOR('',#3527,1.);
#3527 = DIRECTION('',(0.,1.,0.));
#3528 = ORIENTED_EDGE('',*,*,#3529,.T.);
#3529 = EDGE_CURVE('',#3522,#3530,#3532,.T.);
#3530 = VERTEX_POINT('',#3531);
#3531 = CARTESIAN_POINT('',(340.,360.,360.));
#3532 = LINE('',#3533,#3534);
#3533 = CARTESIAN_POINT('',(340.,360.,345.));
#3534 = VECTOR('',#3535,1.);
#3535 = DIRECTION('',(0.,0.,1.));
#3536 = ORIENTED_EDGE('',*,*,#3537,.F.);
#3537 = EDGE_CURVE('',#3514,#3530,#3538,.T.);
#3538 = LINE('',#3539,#3540);
#3539 = CARTESIAN_POINT('',(340.,290.,360.));
#3540 = VECTOR('',#3541,1.);
#3541 = DIRECTION('',(0.,1.,0.));
#3542 = PLANE('',#3543);
#3543 = AXIS2_PLACEMENT_3D('',#3544,#3545,#3546);
#3544 = CARTESIAN_POINT('',(340.,290.,345.));
#3545 = DIRECTION('',(1.,0.,0.));
#3546 = DIRECTION('',(0.,0.,1.));
#3547 = ADVANCED_FACE('',(#3548),#3564,.F.);
#3548 = FACE_BOUND('',#3549,.F.);
#3549 = EDGE_LOOP('',(#3550,#3556,#3557,#3563));
#3550 = ORIENTED_EDGE('',*,*,#3551,.F.);
#3551 = EDGE_CURVE('',#3472,#3512,#3552,.T.);
#3552 = LINE('',#3553,#3554);
#3553 = CARTESIAN_POINT('',(310.,290.,345.));
#3554 = VECTOR('',#3555,1.);
#3555 = DIRECTION('',(1.,0.,0.));
#3556 = ORIENTED_EDGE('',*,*,#3471,.T.);
#3557 = ORIENTED_EDGE('',*,*,#3558,.T.);
#3558 = EDGE_CURVE('',#3474,#3514,#3559,.T.);
#3559 = LINE('',#3560,#3561);
#3560 = CARTESIAN_POINT('',(310.,290.,360.));
#3561 = VECTOR('',#3562,1.);
#3562 = DIRECTION('',(1.,0.,0.));
#3563 = ORIENTED_EDGE('',*,*,#3511,.F.);
#3564 = PLANE('',#3565);
#3565 = AXIS2_PLACEMENT_3D('',#3566,#3567,#3568);
#3566 = CARTESIAN_POINT('',(310.,290.,345.));
#3567 = DIRECTION('',(0.,1.,0.));
#3568 = DIRECTION('',(0.,0.,1.));
#3569 = ADVANCED_FACE('',(#3570),#3586,.T.);
#3570 = FACE_BOUND('',#3571,.T.);
#3571 = EDGE_LOOP('',(#3572,#3578,#3579,#3585));
#3572 = ORIENTED_EDGE('',*,*,#3573,.F.);
#3573 = EDGE_CURVE('',#3482,#3522,#3574,.T.);
#3574 = LINE('',#3575,#3576);
#3575 = CARTESIAN_POINT('',(310.,360.,345.));
#3576 = VECTOR('',#3577,1.);
#3577 = DIRECTION('',(1.,0.,0.));
#3578 = ORIENTED_EDGE('',*,*,#3489,.T.);
#3579 = ORIENTED_EDGE('',*,*,#3580,.T.);
#3580 = EDGE_CURVE('',#3490,#3530,#3581,.T.);
#3581 = LINE('',#3582,#3583);
#3582 = CARTESIAN_POINT('',(310.,360.,360.));
#3583 = VECTOR('',#3584,1.);
#3584 = DIRECTION('',(1.,0.,0.));
#3585 = ORIENTED_EDGE('',*,*,#3529,.F.);
#3586 = PLANE('',#3587);
#3587 = AXIS2_PLACEMENT_3D('',#3588,#3589,#3590);
#3588 = CARTESIAN_POINT('',(310.,360.,345.));
#3589 = DIRECTION('',(0.,1.,0.));
#3590 = DIRECTION('',(0.,0.,1.));
#3591 = ADVANCED_FACE('',(#3592),#3598,.F.);
#3592 = FACE_BOUND('',#3593,.F.);
#3593 = EDGE_LOOP('',(#3594,#3595,#3596,#3597));
#3594 = ORIENTED_EDGE('',*,*,#3481,.F.);
#3595 = ORIENTED_EDGE('',*,*,#3551,.T.);
#3596 = ORIENTED_EDGE('',*,*,#3521,.T.);
#3597 = ORIENTED_EDGE('',*,*,#3573,.F.);
#3598 = PLANE('',#3599);
#3599 = AXIS2_PLACEMENT_3D('',#3600,#3601,#3602);
#3600 = CARTESIAN_POINT('',(310.,290.,345.));
#3601 = DIRECTION('',(0.,0.,1.));
#3602 = DIRECTION('',(1.,0.,0.));
#3603 = ADVANCED_FACE('',(#3604),#3610,.T.);
#3604 = FACE_BOUND('',#3605,.T.);
#3605 = EDGE_LOOP('',(#3606,#3607,#3608,#3609));
#3606 = ORIENTED_EDGE('',*,*,#3497,.F.);
#3607 = ORIENTED_EDGE('',*,*,#3558,.T.);
#3608 = ORIENTED_EDGE('',*,*,#3537,.T.);
#3609 = ORIENTED_EDGE('',*,*,#3580,.F.);
#3610 = PLANE('',#3611);
#3611 = AXIS2_PLACEMENT_3D('',#3612,#3613,#3614);
#3612 = CARTESIAN_POINT('',(310.,290.,360.));
#3613 = DIRECTION('',(0.,0.,1.));
#3614 = DIRECTION('',(1.,0.,0.));
#3615 = MANIFOLD_SOLID_BREP('',#3616);
#3616 = CLOSED_SHELL('',(#3617,#3657,#3697,#3719,#3741,#3753));
#3617 = ADVANCED_FACE('',(#3618),#3652,.F.);
#3618 = FACE_BOUND('',#3619,.F.);
#3619 = EDGE_LOOP('',(#3620,#3630,#3638,#3646));
#3620 = ORIENTED_EDGE('',*,*,#3621,.F.);
#3621 = EDGE_CURVE('',#3622,#3624,#3626,.T.);
#3622 = VERTEX_POINT('',#3623);
#3623 = CARTESIAN_POINT('',(380.,290.,345.));
#3624 = VERTEX_POINT('',#3625);
#3625 = CARTESIAN_POINT('',(380.,290.,360.));
#3626 = LINE('',#3627,#3628);
#3627 = CARTESIAN_POINT('',(380.,290.,345.));
#3628 = VECTOR('',#3629,1.);
#3629 = DIRECTION('',(0.,0.,1.));
#3630 = ORIENTED_EDGE('',*,*,#3631,.T.);
#3631 = EDGE_CURVE('',#3622,#3632,#3634,.T.);
#3632 = VERTEX_POINT('',#3633);
#3633 = CARTESIAN_POINT('',(380.,360.,345.));
#3634 = LINE('',#3635,#3636);
#3635 = CARTESIAN_POINT('',(380.,290.,345.));
#3636 = VECTOR('',#3637,1.);
#3637 = DIRECTION('',(0.,1.,0.));
#3638 = ORIENTED_EDGE('',*,*,#3639,.T.);
#3639 = EDGE_CURVE('',#3632,#3640,#3642,.T.);
#3640 = VERTEX_POINT('',#3641);
#3641 = CARTESIAN_POINT('',(380.,360.,360.));
#3642 = LINE('',#3643,#3644);
#3643 = CARTESIAN_POINT('',(380.,360.,345.));
#3644 = VECTOR('',#3645,1.);
#3645 = DIRECTION('',(0.,0.,1.));
#3646 = ORIENTED_EDGE('',*,*,#3647,.F.);
#3647 = EDGE_CURVE('',#3624,#3640,#3648,.T.);
#3648 = LINE('',#3649,#3650);
#3649 = CARTESIAN_POINT('',(380.,290.,360.));
#3650 = VECTOR('',#3651,1.);
#3651 = DIRECTION('',(0.,1.,0.));
#3652 = PLANE('',#3653);
#3653 = AXIS2_PLACEMENT_3D('',#3654,#3655,#3656);
#3654 = CARTESIAN_POINT('',(380.,290.,345.));
#3655 = DIRECTION('',(1.,0.,0.));
#3656 = DIRECTION('',(0.,0.,1.));
#3657 = ADVANCED_FACE('',(#3658),#3692,.T.);
#3658 = FACE_BOUND('',#3659,.T.);
#3659 = EDGE_LOOP('',(#3660,#3670,#3678,#3686));
#3660 = ORIENTED_EDGE('',*,*,#3661,.F.);
#3661 = EDGE_CURVE('',#3662,#3664,#3666,.T.);
#3662 = VERTEX_POINT('',#3663);
#3663 = CARTESIAN_POINT('',(410.,290.,345.));
#3664 = VERTEX_POINT('',#3665);
#3665 = CARTESIAN_POINT('',(410.,290.,360.));
#3666 = LINE('',#3667,#3668);
#3667 = CARTESIAN_POINT('',(410.,290.,345.));
#3668 = VECTOR('',#3669,1.);
#3669 = DIRECTION('',(0.,0.,1.));
#3670 = ORIENTED_EDGE('',*,*,#3671,.T.);
#3671 = EDGE_CURVE('',#3662,#3672,#3674,.T.);
#3672 = VERTEX_POINT('',#3673);
#3673 = CARTESIAN_POINT('',(410.,360.,345.));
#3674 = LINE('',#3675,#3676);
#3675 = CARTESIAN_POINT('',(410.,290.,345.));
#3676 = VECTOR('',#3677,1.);
#3677 = DIRECTION('',(0.,1.,0.));
#3678 = ORIENTED_EDGE('',*,*,#3679,.T.);
#3679 = EDGE_CURVE('',#3672,#3680,#3682,.T.);
#3680 = VERTEX_POINT('',#3681);
#3681 = CARTESIAN_POINT('',(410.,360.,360.));
#3682 = LINE('',#3683,#3684);
#3683 = CARTESIAN_POINT('',(410.,360.,345.));
#3684 = VECTOR('',#3685,1.);
#3685 = DIRECTION('',(0.,0.,1.));
#3686 = ORIENTED_EDGE('',*,*,#3687,.F.);
#3687 = EDGE_CURVE('',#3664,#3680,#3688,.T.);
#3688 = LINE('',#3689,#3690);
#3689 = CARTESIAN_POINT('',(410.,290.,360.));
#3690 = VECTOR('',#3691,1.);
#3691 = DIRECTION('',(0.,1.,0.));
#3692 = PLANE('',#3693);
#3693 = AXIS2_PLACEMENT_3D('',#3694,#3695,#3696);
#3694 = CARTESIAN_POINT('',(410.,290.,345.));
#3695 = DIRECTION('',(1.,0.,0.));
#3696 = DIRECTION('',(0.,0.,1.));
#3697 = ADVANCED_FACE('',(#3698),#3714,.F.);
#3698 = FACE_BOUND('',#3699,.F.);
#3699 = EDGE_LOOP('',(#3700,#3706,#3707,#3713));
#3700 = ORIENTED_EDGE('',*,*,#3701,.F.);
#3701 = EDGE_CURVE('',#3622,#3662,#3702,.T.);
#3702 = LINE('',#3703,#3704);
#3703 = CARTESIAN_POINT('',(380.,290.,345.));
#3704 = VECTOR('',#3705,1.);
#3705 = DIRECTION('',(1.,0.,0.));
#3706 = ORIENTED_EDGE('',*,*,#3621,.T.);
#3707 = ORIENTED_EDGE('',*,*,#3708,.T.);
#3708 = EDGE_CURVE('',#3624,#3664,#3709,.T.);
#3709 = LINE('',#3710,#3711);
#3710 = CARTESIAN_POINT('',(380.,290.,360.));
#3711 = VECTOR('',#3712,1.);
#3712 = DIRECTION('',(1.,0.,0.));
#3713 = ORIENTED_EDGE('',*,*,#3661,.F.);
#3714 = PLANE('',#3715);
#3715 = AXIS2_PLACEMENT_3D('',#3716,#3717,#3718);
#3716 = CARTESIAN_POINT('',(380.,290.,345.));
#3717 = DIRECTION('',(0.,1.,0.));
#3718 = DIRECTION('',(0.,0.,1.));
#3719 = ADVANCED_FACE('',(#3720),#3736,.T.);
#3720 = FACE_BOUND('',#3721,.T.);
#3721 = EDGE_LOOP('',(#3722,#3728,#3729,#3735));
#3722 = ORIENTED_EDGE('',*,*,#3723,.F.);
#3723 = EDGE_CURVE('',#3632,#3672,#3724,.T.);
#3724 = LINE('',#3725,#3726);
#3725 = CARTESIAN_POINT('',(380.,360.,345.));
#3726 = VECTOR('',#3727,1.);
#3727 = DIRECTION('',(1.,0.,0.));
#3728 = ORIENTED_EDGE('',*,*,#3639,.T.);
#3729 = ORIENTED_EDGE('',*,*,#3730,.T.);
#3730 = EDGE_CURVE('',#3640,#3680,#3731,.T.);
#3731 = LINE('',#3732,#3733);
#3732 = CARTESIAN_POINT('',(380.,360.,360.));
#3733 = VECTOR('',#3734,1.);
#3734 = DIRECTION('',(1.,0.,0.));
#3735 = ORIENTED_EDGE('',*,*,#3679,.F.);
#3736 = PLANE('',#3737);
#3737 = AXIS2_PLACEMENT_3D('',#3738,#3739,#3740);
#3738 = CARTESIAN_POINT('',(380.,360.,345.));
#3739 = DIRECTION('',(0.,1.,0.));
#3740 = DIRECTION('',(0.,0.,1.));
#3741 = ADVANCED_FACE('',(#3742),#3748,.F.);
#3742 = FACE_BOUND('',#3743,.F.);
#3743 = EDGE_LOOP('',(#3744,#3745,#3746,#3747));
#3744 = ORIENTED_EDGE('',*,*,#3631,.F.);
#3745 = ORIENTED_EDGE('',*,*,#3701,.T.);
#3746 = ORIENTED_EDGE('',*,*,#3671,.T.);
#3747 = ORIENTED_EDGE('',*,*,#3723,.F.);
#3748 = PLANE('',#3749);
#3749 = AXIS2_PLACEMENT_3D('',#3750,#3751,#3752);
#3750 = CARTESIAN_POINT('',(380.,290.,345.));
#3751 = DIRECTION('',(0.,0.,1.));
#3752 = DIRECTION('',(1.,0.,0.));
#3753 = ADVANCED_FACE('',(#3754),#3760,.T.);
#3754 = FACE_BOUND('',#3755,.T.);
#3755 = EDGE_LOOP('',(#3756,#3757,#3758,#3759));
#3756 = ORIENTED_EDGE('',*,*,#3647,.F.);
#3757 = ORIENTED_EDGE('',*,*,#3708,.T.);
#3758 = ORIENTED_EDGE('',*,*,#3687,.T.);
#3759 = ORIENTED_EDGE('',*,*,#3730,.F.);
#3760 = PLANE('',#3761);
#3761 = AXIS2_PLACEMENT_3D('',#3762,#3763,#3764);
#3762 = CARTESIAN_POINT('',(380.,290.,360.));
#3763 = DIRECTION('',(0.,0.,1.));
#3764 = DIRECTION('',(1.,0.,0.));
#3765 = MANIFOLD_SOLID_BREP('',#3766);
#3766 = CLOSED_SHELL('',(#3767,#3807,#3847,#3869,#3891,#3903));
#3767 = ADVANCED_FACE('',(#3768),#3802,.F.);
#3768 = FACE_BOUND('',#3769,.F.);
#3769 = EDGE_LOOP('',(#3770,#3780,#3788,#3796));
#3770 = ORIENTED_EDGE('',*,*,#3771,.F.);
#3771 = EDGE_CURVE('',#3772,#3774,#3776,.T.);
#3772 = VERTEX_POINT('',#3773);
#3773 = CARTESIAN_POINT('',(430.,290.,105.));
#3774 = VERTEX_POINT('',#3775);
#3775 = CARTESIAN_POINT('',(430.,290.,120.));
#3776 = LINE('',#3777,#3778);
#3777 = CARTESIAN_POINT('',(430.,290.,105.));
#3778 = VECTOR('',#3779,1.);
#3779 = DIRECTION('',(0.,0.,1.));
#3780 = ORIENTED_EDGE('',*,*,#3781,.T.);
#3781 = EDGE_CURVE('',#3772,#3782,#3784,.T.);
#3782 = VERTEX_POINT('',#3783);
#3783 = CARTESIAN_POINT('',(430.,360.,105.));
#3784 = LINE('',#3785,#3786);
#3785 = CARTESIAN_POINT('',(430.,290.,105.));
#3786 = VECTOR('',#3787,1.);
#3787 = DIRECTION('',(0.,1.,0.));
#3788 = ORIENTED_EDGE('',*,*,#3789,.T.);
#3789 = EDGE_CURVE('',#3782,#3790,#3792,.T.);
#3790 = VERTEX_POINT('',#3791);
#3791 = CARTESIAN_POINT('',(430.,360.,120.));
#3792 = LINE('',#3793,#3794);
#3793 = CARTESIAN_POINT('',(430.,360.,105.));
#3794 = VECTOR('',#3795,1.);
#3795 = DIRECTION('',(0.,0.,1.));
#3796 = ORIENTED_EDGE('',*,*,#3797,.F.);
#3797 = EDGE_CURVE('',#3774,#3790,#3798,.T.);
#3798 = LINE('',#3799,#3800);
#3799 = CARTESIAN_POINT('',(430.,290.,120.));
#3800 = VECTOR('',#3801,1.);
#3801 = DIRECTION('',(0.,1.,0.));
#3802 = PLANE('',#3803);
#3803 = AXIS2_PLACEMENT_3D('',#3804,#3805,#3806);
#3804 = CARTESIAN_POINT('',(430.,290.,105.));
#3805 = DIRECTION('',(1.,0.,0.));
#3806 = DIRECTION('',(0.,0.,1.));
#3807 = ADVANCED_FACE('',(#3808),#3842,.T.);
#3808 = FACE_BOUND('',#3809,.T.);
#3809 = EDGE_LOOP('',(#3810,#3820,#3828,#3836));
#3810 = ORIENTED_EDGE('',*,*,#3811,.F.);
#3811 = EDGE_CURVE('',#3812,#3814,#3816,.T.);
#3812 = VERTEX_POINT('',#3813);
#3813 = CARTESIAN_POINT('',(460.,290.,105.));
#3814 = VERTEX_POINT('',#3815);
#3815 = CARTESIAN_POINT('',(460.,290.,120.));
#3816 = LINE('',#3817,#3818);
#3817 = CARTESIAN_POINT('',(460.,290.,105.));
#3818 = VECTOR('',#3819,1.);
#3819 = DIRECTION('',(0.,0.,1.));
#3820 = ORIENTED_EDGE('',*,*,#3821,.T.);
#3821 = EDGE_CURVE('',#3812,#3822,#3824,.T.);
#3822 = VERTEX_POINT('',#3823);
#3823 = CARTESIAN_POINT('',(460.,360.,105.));
#3824 = LINE('',#3825,#3826);
#3825 = CARTESIAN_POINT('',(460.,290.,105.));
#3826 = VECTOR('',#3827,1.);
#3827 = DIRECTION('',(0.,1.,0.));
#3828 = ORIENTED_EDGE('',*,*,#3829,.T.);
#3829 = EDGE_CURVE('',#3822,#3830,#3832,.T.);
#3830 = VERTEX_POINT('',#3831);
#3831 = CARTESIAN_POINT('',(460.,360.,120.));
#3832 = LINE('',#3833,#3834);
#3833 = CARTESIAN_POINT('',(460.,360.,105.));
#3834 = VECTOR('',#3835,1.);
#3835 = DIRECTION('',(0.,0.,1.));
#3836 = ORIENTED_EDGE('',*,*,#3837,.F.);
#3837 = EDGE_CURVE('',#3814,#3830,#3838,.T.);
#3838 = LINE('',#3839,#3840);
#3839 = CARTESIAN_POINT('',(460.,290.,120.));
#3840 = VECTOR('',#3841,1.);
#3841 = DIRECTION('',(0.,1.,0.));
#3842 = PLANE('',#3843);
#3843 = AXIS2_PLACEMENT_3D('',#3844,#3845,#3846);
#3844 = CARTESIAN_POINT('',(460.,290.,105.));
#3845 = DIRECTION('',(1.,0.,0.));
#3846 = DIRECTION('',(0.,0.,1.));
#3847 = ADVANCED_FACE('',(#3848),#3864,.F.);
#3848 = FACE_BOUND('',#3849,.F.);
#3849 = EDGE_LOOP('',(#3850,#3856,#3857,#3863));
#3850 = ORIENTED_EDGE('',*,*,#3851,.F.);
#3851 = EDGE_CURVE('',#3772,#3812,#3852,.T.);
#3852 = LINE('',#3853,#3854);
#3853 = CARTESIAN_POINT('',(430.,290.,105.));
#3854 = VECTOR('',#3855,1.);
#3855 = DIRECTION('',(1.,0.,0.));
#3856 = ORIENTED_EDGE('',*,*,#3771,.T.);
#3857 = ORIENTED_EDGE('',*,*,#3858,.T.);
#3858 = EDGE_CURVE('',#3774,#3814,#3859,.T.);
#3859 = LINE('',#3860,#3861);
#3860 = CARTESIAN_POINT('',(430.,290.,120.));
#3861 = VECTOR('',#3862,1.);
#3862 = DIRECTION('',(1.,0.,0.));
#3863 = ORIENTED_EDGE('',*,*,#3811,.F.);
#3864 = PLANE('',#3865);
#3865 = AXIS2_PLACEMENT_3D('',#3866,#3867,#3868);
#3866 = CARTESIAN_POINT('',(430.,290.,105.));
#3867 = DIRECTION('',(0.,1.,0.));
#3868 = DIRECTION('',(0.,0.,1.));
#3869 = ADVANCED_FACE('',(#3870),#3886,.T.);
#3870 = FACE_BOUND('',#3871,.T.);
#3871 = EDGE_LOOP('',(#3872,#3878,#3879,#3885));
#3872 = ORIENTED_EDGE('',*,*,#3873,.F.);
#3873 = EDGE_CURVE('',#3782,#3822,#3874,.T.);
#3874 = LINE('',#3875,#3876);
#3875 = CARTESIAN_POINT('',(430.,360.,105.));
#3876 = VECTOR('',#3877,1.);
#3877 = DIRECTION('',(1.,0.,0.));
#3878 = ORIENTED_EDGE('',*,*,#3789,.T.);
#3879 = ORIENTED_EDGE('',*,*,#3880,.T.);
#3880 = EDGE_CURVE('',#3790,#3830,#3881,.T.);
#3881 = LINE('',#3882,#3883);
#3882 = CARTESIAN_POINT('',(430.,360.,120.));
#3883 = VECTOR('',#3884,1.);
#3884 = DIRECTION('',(1.,0.,0.));
#3885 = ORIENTED_EDGE('',*,*,#3829,.F.);
#3886 = PLANE('',#3887);
#3887 = AXIS2_PLACEMENT_3D('',#3888,#3889,#3890);
#3888 = CARTESIAN_POINT('',(430.,360.,105.));
#3889 = DIRECTION('',(0.,1.,0.));
#3890 = DIRECTION('',(0.,0.,1.));
#3891 = ADVANCED_FACE('',(#3892),#3898,.F.);
#3892 = FACE_BOUND('',#3893,.F.);
#3893 = EDGE_LOOP('',(#3894,#3895,#3896,#3897));
#3894 = ORIENTED_EDGE('',*,*,#3781,.F.);
#3895 = ORIENTED_EDGE('',*,*,#3851,.T.);
#3896 = ORIENTED_EDGE('',*,*,#3821,.T.);
#3897 = ORIENTED_EDGE('',*,*,#3873,.F.);
#3898 = PLANE('',#3899);
#3899 = AXIS2_PLACEMENT_3D('',#3900,#3901,#3902);
#3900 = CARTESIAN_POINT('',(430.,290.,105.));
#3901 = DIRECTION('',(0.,0.,1.));
#3902 = DIRECTION('',(1.,0.,0.));
#3903 = ADVANCED_FACE('',(#3904),#3910,.T.);
#3904 = FACE_BOUND('',#3905,.T.);
#3905 = EDGE_LOOP('',(#3906,#3907,#3908,#3909));
#3906 = ORIENTED_EDGE('',*,*,#3797,.F.);
#3907 = ORIENTED_EDGE('',*,*,#3858,.T.);
#3908 = ORIENTED_EDGE('',*,*,#3837,.T.);
#3909 = ORIENTED_EDGE('',*,*,#3880,.F.);
#3910 = PLANE('',#3911);
#3911 = AXIS2_PLACEMENT_3D('',#3912,#3913,#3914);
#3912 = CARTESIAN_POINT('',(430.,290.,120.));
#3913 = DIRECTION('',(0.,0.,1.));
#3914 = DIRECTION('',(1.,0.,0.));
#3915 = MANIFOLD_SOLID_BREP('',#3916);
#3916 = CLOSED_SHELL('',(#3917,#3957,#3997,#4019,#4041,#4053));
#3917 = ADVANCED_FACE('',(#3918),#3952,.F.);
#3918 = FACE_BOUND('',#3919,.F.);
#3919 = EDGE_LOOP('',(#3920,#3930,#3938,#3946));
#3920 = ORIENTED_EDGE('',*,*,#3921,.F.);
#3921 = EDGE_CURVE('',#3922,#3924,#3926,.T.);
#3922 = VERTEX_POINT('',#3923);
#3923 = CARTESIAN_POINT('',(500.,290.,105.));
#3924 = VERTEX_POINT('',#3925);
#3925 = CARTESIAN_POINT('',(500.,290.,120.));
#3926 = LINE('',#3927,#3928);
#3927 = CARTESIAN_POINT('',(500.,290.,105.));
#3928 = VECTOR('',#3929,1.);
#3929 = DIRECTION('',(0.,0.,1.));
#3930 = ORIENTED_EDGE('',*,*,#3931,.T.);
#3931 = EDGE_CURVE('',#3922,#3932,#3934,.T.);
#3932 = VERTEX_POINT('',#3933);
#3933 = CARTESIAN_POINT('',(500.,360.,105.));
#3934 = LINE('',#3935,#3936);
#3935 = CARTESIAN_POINT('',(500.,290.,105.));
#3936 = VECTOR('',#3937,1.);
#3937 = DIRECTION('',(0.,1.,0.));
#3938 = ORIENTED_EDGE('',*,*,#3939,.T.);
#3939 = EDGE_CURVE('',#3932,#3940,#3942,.T.);
#3940 = VERTEX_POINT('',#3941);
#3941 = CARTESIAN_POINT('',(500.,360.,120.));
#3942 = LINE('',#3943,#3944);
#3943 = CARTESIAN_POINT('',(500.,360.,105.));
#3944 = VECTOR('',#3945,1.);
#3945 = DIRECTION('',(0.,0.,1.));
#3946 = ORIENTED_EDGE('',*,*,#3947,.F.);
#3947 = EDGE_CURVE('',#3924,#3940,#3948,.T.);
#3948 = LINE('',#3949,#3950);
#3949 = CARTESIAN_POINT('',(500.,290.,120.));
#3950 = VECTOR('',#3951,1.);
#3951 = DIRECTION('',(0.,1.,0.));
#3952 = PLANE('',#3953);
#3953 = AXIS2_PLACEMENT_3D('',#3954,#3955,#3956);
#3954 = CARTESIAN_POINT('',(500.,290.,105.));
#3955 = DIRECTION('',(1.,0.,0.));
#3956 = DIRECTION('',(0.,0.,1.));
#3957 = ADVANCED_FACE('',(#3958),#3992,.T.);
#3958 = FACE_BOUND('',#3959,.T.);
#3959 = EDGE_LOOP('',(#3960,#3970,#3978,#3986));
#3960 = ORIENTED_EDGE('',*,*,#3961,.F.);
#3961 = EDGE_CURVE('',#3962,#3964,#3966,.T.);
#3962 = VERTEX_POINT('',#3963);
#3963 = CARTESIAN_POINT('',(530.,290.,105.));
#3964 = VERTEX_POINT('',#3965);
#3965 = CARTESIAN_POINT('',(530.,290.,120.));
#3966 = LINE('',#3967,#3968);
#3967 = CARTESIAN_POINT('',(530.,290.,105.));
#3968 = VECTOR('',#3969,1.);
#3969 = DIRECTION('',(0.,0.,1.));
#3970 = ORIENTED_EDGE('',*,*,#3971,.T.);
#3971 = EDGE_CURVE('',#3962,#3972,#3974,.T.);
#3972 = VERTEX_POINT('',#3973);
#3973 = CARTESIAN_POINT('',(530.,360.,105.));
#3974 = LINE('',#3975,#3976);
#3975 = CARTESIAN_POINT('',(530.,290.,105.));
#3976 = VECTOR('',#3977,1.);
#3977 = DIRECTION('',(0.,1.,0.));
#3978 = ORIENTED_EDGE('',*,*,#3979,.T.);
#3979 = EDGE_CURVE('',#3972,#3980,#3982,.T.);
#3980 = VERTEX_POINT('',#3981);
#3981 = CARTESIAN_POINT('',(530.,360.,120.));
#3982 = LINE('',#3983,#3984);
#3983 = CARTESIAN_POINT('',(530.,360.,105.));
#3984 = VECTOR('',#3985,1.);
#3985 = DIRECTION('',(0.,0.,1.));
#3986 = ORIENTED_EDGE('',*,*,#3987,.F.);
#3987 = EDGE_CURVE('',#3964,#3980,#3988,.T.);
#3988 = LINE('',#3989,#3990);
#3989 = CARTESIAN_POINT('',(530.,290.,120.));
#3990 = VECTOR('',#3991,1.);
#3991 = DIRECTION('',(0.,1.,0.));
#3992 = PLANE('',#3993);
#3993 = AXIS2_PLACEMENT_3D('',#3994,#3995,#3996);
#3994 = CARTESIAN_POINT('',(530.,290.,105.));
#3995 = DIRECTION('',(1.,0.,0.));
#3996 = DIRECTION('',(0.,0.,1.));
#3997 = ADVANCED_FACE('',(#3998),#4014,.F.);
#3998 = FACE_BOUND('',#3999,.F.);
#3999 = EDGE_LOOP('',(#4000,#4006,#4007,#4013));
#4000 = ORIENTED_EDGE('',*,*,#4001,.F.);
#4001 = EDGE_CURVE('',#3922,#3962,#4002,.T.);
#4002 = LINE('',#4003,#4004);
#4003 = CARTESIAN_POINT('',(500.,290.,105.));
#4004 = VECTOR('',#4005,1.);
#4005 = DIRECTION('',(1.,0.,0.));
#4006 = ORIENTED_EDGE('',*,*,#3921,.T.);
#4007 = ORIENTED_EDGE('',*,*,#4008,.T.);
#4008 = EDGE_CURVE('',#3924,#3964,#4009,.T.);
#4009 = LINE('',#4010,#4011);
#4010 = CARTESIAN_POINT('',(500.,290.,120.));
#4011 = VECTOR('',#4012,1.);
#4012 = DIRECTION('',(1.,0.,0.));
#4013 = ORIENTED_EDGE('',*,*,#3961,.F.);
#4014 = PLANE('',#4015);
#4015 = AXIS2_PLACEMENT_3D('',#4016,#4017,#4018);
#4016 = CARTESIAN_POINT('',(500.,290.,105.));
#4017 = DIRECTION('',(0.,1.,0.));
#4018 = DIRECTION('',(0.,0.,1.));
#4019 = ADVANCED_FACE('',(#4020),#4036,.T.);
#4020 = FACE_BOUND('',#4021,.T.);
#4021 = EDGE_LOOP('',(#4022,#4028,#4029,#4035));
#4022 = ORIENTED_EDGE('',*,*,#4023,.F.);
#4023 = EDGE_CURVE('',#3932,#3972,#4024,.T.);
#4024 = LINE('',#4025,#4026);
#4025 = CARTESIAN_POINT('',(500.,360.,105.));
#4026 = VECTOR('',#4027,1.);
#4027 = DIRECTION('',(1.,0.,0.));
#4028 = ORIENTED_EDGE('',*,*,#3939,.T.);
#4029 = ORIENTED_EDGE('',*,*,#4030,.T.);
#4030 = EDGE_CURVE('',#3940,#3980,#4031,.T.);
#4031 = LINE('',#4032,#4033);
#4032 = CARTESIAN_POINT('',(500.,360.,120.));
#4033 = VECTOR('',#4034,1.);
#4034 = DIRECTION('',(1.,0.,0.));
#4035 = ORIENTED_EDGE('',*,*,#3979,.F.);
#4036 = PLANE('',#4037);
#4037 = AXIS2_PLACEMENT_3D('',#4038,#4039,#4040);
#4038 = CARTESIAN_POINT('',(500.,360.,105.));
#4039 = DIRECTION('',(0.,1.,0.));
#4040 = DIRECTION('',(0.,0.,1.));
#4041 = ADVANCED_FACE('',(#4042),#4048,.F.);
#4042 = FACE_BOUND('',#4043,.F.);
#4043 = EDGE_LOOP('',(#4044,#4045,#4046,#4047));
#4044 = ORIENTED_EDGE('',*,*,#3931,.F.);
#4045 = ORIENTED_EDGE('',*,*,#4001,.T.);
#4046 = ORIENTED_EDGE('',*,*,#3971,.T.);
#4047 = ORIENTED_EDGE('',*,*,#4023,.F.);
#4048 = PLANE('',#4049);
#4049 = AXIS2_PLACEMENT_3D('',#4050,#4051,#4052);
#4050 = CARTESIAN_POINT('',(500.,290.,105.));
#4051 = DIRECTION('',(0.,0.,1.));
#4052 = DIRECTION('',(1.,0.,0.));
#4053 = ADVANCED_FACE('',(#4054),#4060,.T.);
#4054 = FACE_BOUND('',#4055,.T.);
#4055 = EDGE_LOOP('',(#4056,#4057,#4058,#4059));
#4056 = ORIENTED_EDGE('',*,*,#3947,.F.);
#4057 = ORIENTED_EDGE('',*,*,#4008,.T.);
#4058 = ORIENTED_EDGE('',*,*,#3987,.T.);
#4059 = ORIENTED_EDGE('',*,*,#4030,.F.);
#4060 = PLANE('',#4061);
#4061 = AXIS2_PLACEMENT_3D('',#4062,#4063,#4064);
#4062 = CARTESIAN_POINT('',(500.,290.,120.));
#4063 = DIRECTION('',(0.,0.,1.));
#4064 = DIRECTION('',(1.,0.,0.));
#4065 = MANIFOLD_SOLID_BREP('',#4066);
#4066 = CLOSED_SHELL('',(#4067,#4107,#4147,#4169,#4191,#4203));
#4067 = ADVANCED_FACE('',(#4068),#4102,.F.);
#4068 = FACE_BOUND('',#4069,.F.);
#4069 = EDGE_LOOP('',(#4070,#4080,#4088,#4096));
#4070 = ORIENTED_EDGE('',*,*,#4071,.F.);
#4071 = EDGE_CURVE('',#4072,#4074,#4076,.T.);
#4072 = VERTEX_POINT('',#4073);
#4073 = CARTESIAN_POINT('',(430.,290.,225.));
#4074 = VERTEX_POINT('',#4075);
#4075 = CARTESIAN_POINT('',(430.,290.,240.));
#4076 = LINE('',#4077,#4078);
#4077 = CARTESIAN_POINT('',(430.,290.,225.));
#4078 = VECTOR('',#4079,1.);
#4079 = DIRECTION('',(0.,0.,1.));
#4080 = ORIENTED_EDGE('',*,*,#4081,.T.);
#4081 = EDGE_CURVE('',#4072,#4082,#4084,.T.);
#4082 = VERTEX_POINT('',#4083);
#4083 = CARTESIAN_POINT('',(430.,360.,225.));
#4084 = LINE('',#4085,#4086);
#4085 = CARTESIAN_POINT('',(430.,290.,225.));
#4086 = VECTOR('',#4087,1.);
#4087 = DIRECTION('',(0.,1.,0.));
#4088 = ORIENTED_EDGE('',*,*,#4089,.T.);
#4089 = EDGE_CURVE('',#4082,#4090,#4092,.T.);
#4090 = VERTEX_POINT('',#4091);
#4091 = CARTESIAN_POINT('',(430.,360.,240.));
#4092 = LINE('',#4093,#4094);
#4093 = CARTESIAN_POINT('',(430.,360.,225.));
#4094 = VECTOR('',#4095,1.);
#4095 = DIRECTION('',(0.,0.,1.));
#4096 = ORIENTED_EDGE('',*,*,#4097,.F.);
#4097 = EDGE_CURVE('',#4074,#4090,#4098,.T.);
#4098 = LINE('',#4099,#4100);
#4099 = CARTESIAN_POINT('',(430.,290.,240.));
#4100 = VECTOR('',#4101,1.);
#4101 = DIRECTION('',(0.,1.,0.));
#4102 = PLANE('',#4103);
#4103 = AXIS2_PLACEMENT_3D('',#4104,#4105,#4106);
#4104 = CARTESIAN_POINT('',(430.,290.,225.));
#4105 = DIRECTION('',(1.,0.,0.));
#4106 = DIRECTION('',(0.,0.,1.));
#4107 = ADVANCED_FACE('',(#4108),#4142,.T.);
#4108 = FACE_BOUND('',#4109,.T.);
#4109 = EDGE_LOOP('',(#4110,#4120,#4128,#4136));
#4110 = ORIENTED_EDGE('',*,*,#4111,.F.);
#4111 = EDGE_CURVE('',#4112,#4114,#4116,.T.);
#4112 = VERTEX_POINT('',#4113);
#4113 = CARTESIAN_POINT('',(460.,290.,225.));
#4114 = VERTEX_POINT('',#4115);
#4115 = CARTESIAN_POINT('',(460.,290.,240.));
#4116 = LINE('',#4117,#4118);
#4117 = CARTESIAN_POINT('',(460.,290.,225.));
#4118 = VECTOR('',#4119,1.);
#4119 = DIRECTION('',(0.,0.,1.));
#4120 = ORIENTED_EDGE('',*,*,#4121,.T.);
#4121 = EDGE_CURVE('',#4112,#4122,#4124,.T.);
#4122 = VERTEX_POINT('',#4123);
#4123 = CARTESIAN_POINT('',(460.,360.,225.));
#4124 = LINE('',#4125,#4126);
#4125 = CARTESIAN_POINT('',(460.,290.,225.));
#4126 = VECTOR('',#4127,1.);
#4127 = DIRECTION('',(0.,1.,0.));
#4128 = ORIENTED_EDGE('',*,*,#4129,.T.);
#4129 = EDGE_CURVE('',#4122,#4130,#4132,.T.);
#4130 = VERTEX_POINT('',#4131);
#4131 = CARTESIAN_POINT('',(460.,360.,240.));
#4132 = LINE('',#4133,#4134);
#4133 = CARTESIAN_POINT('',(460.,360.,225.));
#4134 = VECTOR('',#4135,1.);
#4135 = DIRECTION('',(0.,0.,1.));
#4136 = ORIENTED_EDGE('',*,*,#4137,.F.);
#4137 = EDGE_CURVE('',#4114,#4130,#4138,.T.);
#4138 = LINE('',#4139,#4140);
#4139 = CARTESIAN_POINT('',(460.,290.,240.));
#4140 = VECTOR('',#4141,1.);
#4141 = DIRECTION('',(0.,1.,0.));
#4142 = PLANE('',#4143);
#4143 = AXIS2_PLACEMENT_3D('',#4144,#4145,#4146);
#4144 = CARTESIAN_POINT('',(460.,290.,225.));
#4145 = DIRECTION('',(1.,0.,0.));
#4146 = DIRECTION('',(0.,0.,1.));
#4147 = ADVANCED_FACE('',(#4148),#4164,.F.);
#4148 = FACE_BOUND('',#4149,.F.);
#4149 = EDGE_LOOP('',(#4150,#4156,#4157,#4163));
#4150 = ORIENTED_EDGE('',*,*,#4151,.F.);
#4151 = EDGE_CURVE('',#4072,#4112,#4152,.T.);
#4152 = LINE('',#4153,#4154);
#4153 = CARTESIAN_POINT('',(430.,290.,225.));
#4154 = VECTOR('',#4155,1.);
#4155 = DIRECTION('',(1.,0.,0.));
#4156 = ORIENTED_EDGE('',*,*,#4071,.T.);
#4157 = ORIENTED_EDGE('',*,*,#4158,.T.);
#4158 = EDGE_CURVE('',#4074,#4114,#4159,.T.);
#4159 = LINE('',#4160,#4161);
#4160 = CARTESIAN_POINT('',(430.,290.,240.));
#4161 = VECTOR('',#4162,1.);
#4162 = DIRECTION('',(1.,0.,0.));
#4163 = ORIENTED_EDGE('',*,*,#4111,.F.);
#4164 = PLANE('',#4165);
#4165 = AXIS2_PLACEMENT_3D('',#4166,#4167,#4168);
#4166 = CARTESIAN_POINT('',(430.,290.,225.));
#4167 = DIRECTION('',(0.,1.,0.));
#4168 = DIRECTION('',(0.,0.,1.));
#4169 = ADVANCED_FACE('',(#4170),#4186,.T.);
#4170 = FACE_BOUND('',#4171,.T.);
#4171 = EDGE_LOOP('',(#4172,#4178,#4179,#4185));
#4172 = ORIENTED_EDGE('',*,*,#4173,.F.);
#4173 = EDGE_CURVE('',#4082,#4122,#4174,.T.);
#4174 = LINE('',#4175,#4176);
#4175 = CARTESIAN_POINT('',(430.,360.,225.));
#4176 = VECTOR('',#4177,1.);
#4177 = DIRECTION('',(1.,0.,0.));
#4178 = ORIENTED_EDGE('',*,*,#4089,.T.);
#4179 = ORIENTED_EDGE('',*,*,#4180,.T.);
#4180 = EDGE_CURVE('',#4090,#4130,#4181,.T.);
#4181 = LINE('',#4182,#4183);
#4182 = CARTESIAN_POINT('',(430.,360.,240.));
#4183 = VECTOR('',#4184,1.);
#4184 = DIRECTION('',(1.,0.,0.));
#4185 = ORIENTED_EDGE('',*,*,#4129,.F.);
#4186 = PLANE('',#4187);
#4187 = AXIS2_PLACEMENT_3D('',#4188,#4189,#4190);
#4188 = CARTESIAN_POINT('',(430.,360.,225.));
#4189 = DIRECTION('',(0.,1.,0.));
#4190 = DIRECTION('',(0.,0.,1.));
#4191 = ADVANCED_FACE('',(#4192),#4198,.F.);
#4192 = FACE_BOUND('',#4193,.F.);
#4193 = EDGE_LOOP('',(#4194,#4195,#4196,#4197));
#4194 = ORIENTED_EDGE('',*,*,#4081,.F.);
#4195 = ORIENTED_EDGE('',*,*,#4151,.T.);
#4196 = ORIENTED_EDGE('',*,*,#4121,.T.);
#4197 = ORIENTED_EDGE('',*,*,#4173,.F.);
#4198 = PLANE('',#4199);
#4199 = AXIS2_PLACEMENT_3D('',#4200,#4201,#4202);
#4200 = CARTESIAN_POINT('',(430.,290.,225.));
#4201 = DIRECTION('',(0.,0.,1.));
#4202 = DIRECTION('',(1.,0.,0.));
#4203 = ADVANCED_FACE('',(#4204),#4210,.T.);
#4204 = FACE_BOUND('',#4205,.T.);
#4205 = EDGE_LOOP('',(#4206,#4207,#4208,#4209));
#4206 = ORIENTED_EDGE('',*,*,#4097,.F.);
#4207 = ORIENTED_EDGE('',*,*,#4158,.T.);
#4208 = ORIENTED_EDGE('',*,*,#4137,.T.);
#4209 = ORIENTED_EDGE('',*,*,#4180,.F.);
#4210 = PLANE('',#4211);
#4211 = AXIS2_PLACEMENT_3D('',#4212,#4213,#4214);
#4212 = CARTESIAN_POINT('',(430.,290.,240.));
#4213 = DIRECTION('',(0.,0.,1.));
#4214 = DIRECTION('',(1.,0.,0.));
#4215 = MANIFOLD_SOLID_BREP('',#4216);
#4216 = CLOSED_SHELL('',(#4217,#4257,#4297,#4319,#4341,#4353));
#4217 = ADVANCED_FACE('',(#4218),#4252,.F.);
#4218 = FACE_BOUND('',#4219,.F.);
#4219 = EDGE_LOOP('',(#4220,#4230,#4238,#4246));
#4220 = ORIENTED_EDGE('',*,*,#4221,.F.);
#4221 = EDGE_CURVE('',#4222,#4224,#4226,.T.);
#4222 = VERTEX_POINT('',#4223);
#4223 = CARTESIAN_POINT('',(500.,290.,225.));
#4224 = VERTEX_POINT('',#4225);
#4225 = CARTESIAN_POINT('',(500.,290.,240.));
#4226 = LINE('',#4227,#4228);
#4227 = CARTESIAN_POINT('',(500.,290.,225.));
#4228 = VECTOR('',#4229,1.);
#4229 = DIRECTION('',(0.,0.,1.));
#4230 = ORIENTED_EDGE('',*,*,#4231,.T.);
#4231 = EDGE_CURVE('',#4222,#4232,#4234,.T.);
#4232 = VERTEX_POINT('',#4233);
#4233 = CARTESIAN_POINT('',(500.,360.,225.));
#4234 = LINE('',#4235,#4236);
#4235 = CARTESIAN_POINT('',(500.,290.,225.));
#4236 = VECTOR('',#4237,1.);
#4237 = DIRECTION('',(0.,1.,0.));
#4238 = ORIENTED_EDGE('',*,*,#4239,.T.);
#4239 = EDGE_CURVE('',#4232,#4240,#4242,.T.);
#4240 = VERTEX_POINT('',#4241);
#4241 = CARTESIAN_POINT('',(500.,360.,240.));
#4242 = LINE('',#4243,#4244);
#4243 = CARTESIAN_POINT('',(500.,360.,225.));
#4244 = VECTOR('',#4245,1.);
#4245 = DIRECTION('',(0.,0.,1.));
#4246 = ORIENTED_EDGE('',*,*,#4247,.F.);
#4247 = EDGE_CURVE('',#4224,#4240,#4248,.T.);
#4248 = LINE('',#4249,#4250);
#4249 = CARTESIAN_POINT('',(500.,290.,240.));
#4250 = VECTOR('',#4251,1.);
#4251 = DIRECTION('',(0.,1.,0.));
#4252 = PLANE('',#4253);
#4253 = AXIS2_PLACEMENT_3D('',#4254,#4255,#4256);
#4254 = CARTESIAN_POINT('',(500.,290.,225.));
#4255 = DIRECTION('',(1.,0.,0.));
#4256 = DIRECTION('',(0.,0.,1.));
#4257 = ADVANCED_FACE('',(#4258),#4292,.T.);
#4258 = FACE_BOUND('',#4259,.T.);
#4259 = EDGE_LOOP('',(#4260,#4270,#4278,#4286));
#4260 = ORIENTED_EDGE('',*,*,#4261,.F.);
#4261 = EDGE_CURVE('',#4262,#4264,#4266,.T.);
#4262 = VERTEX_POINT('',#4263);
#4263 = CARTESIAN_POINT('',(530.,290.,225.));
#4264 = VERTEX_POINT('',#4265);
#4265 = CARTESIAN_POINT('',(530.,290.,240.));
#4266 = LINE('',#4267,#4268);
#4267 = CARTESIAN_POINT('',(530.,290.,225.));
#4268 = VECTOR('',#4269,1.);
#4269 = DIRECTION('',(0.,0.,1.));
#4270 = ORIENTED_EDGE('',*,*,#4271,.T.);
#4271 = EDGE_CURVE('',#4262,#4272,#4274,.T.);
#4272 = VERTEX_POINT('',#4273);
#4273 = CARTESIAN_POINT('',(530.,360.,225.));
#4274 = LINE('',#4275,#4276);
#4275 = CARTESIAN_POINT('',(530.,290.,225.));
#4276 = VECTOR('',#4277,1.);
#4277 = DIRECTION('',(0.,1.,0.));
#4278 = ORIENTED_EDGE('',*,*,#4279,.T.);
#4279 = EDGE_CURVE('',#4272,#4280,#4282,.T.);
#4280 = VERTEX_POINT('',#4281);
#4281 = CARTESIAN_POINT('',(530.,360.,240.));
#4282 = LINE('',#4283,#4284);
#4283 = CARTESIAN_POINT('',(530.,360.,225.));
#4284 = VECTOR('',#4285,1.);
#4285 = DIRECTION('',(0.,0.,1.));
#4286 = ORIENTED_EDGE('',*,*,#4287,.F.);
#4287 = EDGE_CURVE('',#4264,#4280,#4288,.T.);
#4288 = LINE('',#4289,#4290);
#4289 = CARTESIAN_POINT('',(530.,290.,240.));
#4290 = VECTOR('',#4291,1.);
#4291 = DIRECTION('',(0.,1.,0.));
#4292 = PLANE('',#4293);
#4293 = AXIS2_PLACEMENT_3D('',#4294,#4295,#4296);
#4294 = CARTESIAN_POINT('',(530.,290.,225.));
#4295 = DIRECTION('',(1.,0.,0.));
#4296 = DIRECTION('',(0.,0.,1.));
#4297 = ADVANCED_FACE('',(#4298),#4314,.F.);
#4298 = FACE_BOUND('',#4299,.F.);
#4299 = EDGE_LOOP('',(#4300,#4306,#4307,#4313));
#4300 = ORIENTED_EDGE('',*,*,#4301,.F.);
#4301 = EDGE_CURVE('',#4222,#4262,#4302,.T.);
#4302 = LINE('',#4303,#4304);
#4303 = CARTESIAN_POINT('',(500.,290.,225.));
#4304 = VECTOR('',#4305,1.);
#4305 = DIRECTION('',(1.,0.,0.));
#4306 = ORIENTED_EDGE('',*,*,#4221,.T.);
#4307 = ORIENTED_EDGE('',*,*,#4308,.T.);
#4308 = EDGE_CURVE('',#4224,#4264,#4309,.T.);
#4309 = LINE('',#4310,#4311);
#4310 = CARTESIAN_POINT('',(500.,290.,240.));
#4311 = VECTOR('',#4312,1.);
#4312 = DIRECTION('',(1.,0.,0.));
#4313 = ORIENTED_EDGE('',*,*,#4261,.F.);
#4314 = PLANE('',#4315);
#4315 = AXIS2_PLACEMENT_3D('',#4316,#4317,#4318);
#4316 = CARTESIAN_POINT('',(500.,290.,225.));
#4317 = DIRECTION('',(0.,1.,0.));
#4318 = DIRECTION('',(0.,0.,1.));
#4319 = ADVANCED_FACE('',(#4320),#4336,.T.);
#4320 = FACE_BOUND('',#4321,.T.);
#4321 = EDGE_LOOP('',(#4322,#4328,#4329,#4335));
#4322 = ORIENTED_EDGE('',*,*,#4323,.F.);
#4323 = EDGE_CURVE('',#4232,#4272,#4324,.T.);
#4324 = LINE('',#4325,#4326);
#4325 = CARTESIAN_POINT('',(500.,360.,225.));
#4326 = VECTOR('',#4327,1.);
#4327 = DIRECTION('',(1.,0.,0.));
#4328 = ORIENTED_EDGE('',*,*,#4239,.T.);
#4329 = ORIENTED_EDGE('',*,*,#4330,.T.);
#4330 = EDGE_CURVE('',#4240,#4280,#4331,.T.);
#4331 = LINE('',#4332,#4333);
#4332 = CARTESIAN_POINT('',(500.,360.,240.));
#4333 = VECTOR('',#4334,1.);
#4334 = DIRECTION('',(1.,0.,0.));
#4335 = ORIENTED_EDGE('',*,*,#4279,.F.);
#4336 = PLANE('',#4337);
#4337 = AXIS2_PLACEMENT_3D('',#4338,#4339,#4340);
#4338 = CARTESIAN_POINT('',(500.,360.,225.));
#4339 = DIRECTION('',(0.,1.,0.));
#4340 = DIRECTION('',(0.,0.,1.));
#4341 = ADVANCED_FACE('',(#4342),#4348,.F.);
#4342 = FACE_BOUND('',#4343,.F.);
#4343 = EDGE_LOOP('',(#4344,#4345,#4346,#4347));
#4344 = ORIENTED_EDGE('',*,*,#4231,.F.);
#4345 = ORIENTED_EDGE('',*,*,#4301,.T.);
#4346 = ORIENTED_EDGE('',*,*,#4271,.T.);
#4347 = ORIENTED_EDGE('',*,*,#4323,.F.);
#4348 = PLANE('',#4349);
#4349 = AXIS2_PLACEMENT_3D('',#4350,#4351,#4352);
#4350 = CARTESIAN_POINT('',(500.,290.,225.));
#4351 = DIRECTION('',(0.,0.,1.));
#4352 = DIRECTION('',(1.,0.,0.));
#4353 = ADVANCED_FACE('',(#4354),#4360,.T.);
#4354 = FACE_BOUND('',#4355,.T.);
#4355 = EDGE_LOOP('',(#4356,#4357,#4358,#4359));
#4356 = ORIENTED_EDGE('',*,*,#4247,.F.);
#4357 = ORIENTED_EDGE('',*,*,#4308,.T.);
#4358 = ORIENTED_EDGE('',*,*,#4287,.T.);
#4359 = ORIENTED_EDGE('',*,*,#4330,.F.);
#4360 = PLANE('',#4361);
#4361 = AXIS2_PLACEMENT_3D('',#4362,#4363,#4364);
#4362 = CARTESIAN_POINT('',(500.,290.,240.));
#4363 = DIRECTION('',(0.,0.,1.));
#4364 = DIRECTION('',(1.,0.,0.));
#4365 = MANIFOLD_SOLID_BREP('',#4366);
#4366 = CLOSED_SHELL('',(#4367,#4407,#4447,#4469,#4491,#4503));
#4367 = ADVANCED_FACE('',(#4368),#4402,.F.);
#4368 = FACE_BOUND('',#4369,.F.);
#4369 = EDGE_LOOP('',(#4370,#4380,#4388,#4396));
#4370 = ORIENTED_EDGE('',*,*,#4371,.F.);
#4371 = EDGE_CURVE('',#4372,#4374,#4376,.T.);
#4372 = VERTEX_POINT('',#4373);
#4373 = CARTESIAN_POINT('',(430.,290.,345.));
#4374 = VERTEX_POINT('',#4375);
#4375 = CARTESIAN_POINT('',(430.,290.,360.));
#4376 = LINE('',#4377,#4378);
#4377 = CARTESIAN_POINT('',(430.,290.,345.));
#4378 = VECTOR('',#4379,1.);
#4379 = DIRECTION('',(0.,0.,1.));
#4380 = ORIENTED_EDGE('',*,*,#4381,.T.);
#4381 = EDGE_CURVE('',#4372,#4382,#4384,.T.);
#4382 = VERTEX_POINT('',#4383);
#4383 = CARTESIAN_POINT('',(430.,360.,345.));
#4384 = LINE('',#4385,#4386);
#4385 = CARTESIAN_POINT('',(430.,290.,345.));
#4386 = VECTOR('',#4387,1.);
#4387 = DIRECTION('',(0.,1.,0.));
#4388 = ORIENTED_EDGE('',*,*,#4389,.T.);
#4389 = EDGE_CURVE('',#4382,#4390,#4392,.T.);
#4390 = VERTEX_POINT('',#4391);
#4391 = CARTESIAN_POINT('',(430.,360.,360.));
#4392 = LINE('',#4393,#4394);
#4393 = CARTESIAN_POINT('',(430.,360.,345.));
#4394 = VECTOR('',#4395,1.);
#4395 = DIRECTION('',(0.,0.,1.));
#4396 = ORIENTED_EDGE('',*,*,#4397,.F.);
#4397 = EDGE_CURVE('',#4374,#4390,#4398,.T.);
#4398 = LINE('',#4399,#4400);
#4399 = CARTESIAN_POINT('',(430.,290.,360.));
#4400 = VECTOR('',#4401,1.);
#4401 = DIRECTION('',(0.,1.,0.));
#4402 = PLANE('',#4403);
#4403 = AXIS2_PLACEMENT_3D('',#4404,#4405,#4406);
#4404 = CARTESIAN_POINT('',(430.,290.,345.));
#4405 = DIRECTION('',(1.,0.,0.));
#4406 = DIRECTION('',(0.,0.,1.));
#4407 = ADVANCED_FACE('',(#4408),#4442,.T.);
#4408 = FACE_BOUND('',#4409,.T.);
#4409 = EDGE_LOOP('',(#4410,#4420,#4428,#4436));
#4410 = ORIENTED_EDGE('',*,*,#4411,.F.);
#4411 = EDGE_CURVE('',#4412,#4414,#4416,.T.);
#4412 = VERTEX_POINT('',#4413);
#4413 = CARTESIAN_POINT('',(460.,290.,345.));
#4414 = VERTEX_POINT('',#4415);
#4415 = CARTESIAN_POINT('',(460.,290.,360.));
#4416 = LINE('',#4417,#4418);
#4417 = CARTESIAN_POINT('',(460.,290.,345.));
#4418 = VECTOR('',#4419,1.);
#4419 = DIRECTION('',(0.,0.,1.));
#4420 = ORIENTED_EDGE('',*,*,#4421,.T.);
#4421 = EDGE_CURVE('',#4412,#4422,#4424,.T.);
#4422 = VERTEX_POINT('',#4423);
#4423 = CARTESIAN_POINT('',(460.,360.,345.));
#4424 = LINE('',#4425,#4426);
#4425 = CARTESIAN_POINT('',(460.,290.,345.));
#4426 = VECTOR('',#4427,1.);
#4427 = DIRECTION('',(0.,1.,0.));
#4428 = ORIENTED_EDGE('',*,*,#4429,.T.);
#4429 = EDGE_CURVE('',#4422,#4430,#4432,.T.);
#4430 = VERTEX_POINT('',#4431);
#4431 = CARTESIAN_POINT('',(460.,360.,360.));
#4432 = LINE('',#4433,#4434);
#4433 = CARTESIAN_POINT('',(460.,360.,345.));
#4434 = VECTOR('',#4435,1.);
#4435 = DIRECTION('',(0.,0.,1.));
#4436 = ORIENTED_EDGE('',*,*,#4437,.F.);
#4437 = EDGE_CURVE('',#4414,#4430,#4438,.T.);
#4438 = LINE('',#4439,#4440);
#4439 = CARTESIAN_POINT('',(460.,290.,360.));
#4440 = VECTOR('',#4441,1.);
#4441 = DIRECTION('',(0.,1.,0.));
#4442 = PLANE('',#4443);
#4443 = AXIS2_PLACEMENT_3D('',#4444,#4445,#4446);
#4444 = CARTESIAN_POINT('',(460.,290.,345.));
#4445 = DIRECTION('',(1.,0.,0.));
#4446 = DIRECTION('',(0.,0.,1.));
#4447 = ADVANCED_FACE('',(#4448),#4464,.F.);
#4448 = FACE_BOUND('',#4449,.F.);
#4449 = EDGE_LOOP('',(#4450,#4456,#4457,#4463));
#4450 = ORIENTED_EDGE('',*,*,#4451,.F.);
#4451 = EDGE_CURVE('',#4372,#4412,#4452,.T.);
#4452 = LINE('',#4453,#4454);
#4453 = CARTESIAN_POINT('',(430.,290.,345.));
#4454 = VECTOR('',#4455,1.);
#4455 = DIRECTION('',(1.,0.,0.));
#4456 = ORIENTED_EDGE('',*,*,#4371,.T.);
#4457 = ORIENTED_EDGE('',*,*,#4458,.T.);
#4458 = EDGE_CURVE('',#4374,#4414,#4459,.T.);
#4459 = LINE('',#4460,#4461);
#4460 = CARTESIAN_POINT('',(430.,290.,360.));
#4461 = VECTOR('',#4462,1.);
#4462 = DIRECTION('',(1.,0.,0.));
#4463 = ORIENTED_EDGE('',*,*,#4411,.F.);
#4464 = PLANE('',#4465);
#4465 = AXIS2_PLACEMENT_3D('',#4466,#4467,#4468);
#4466 = CARTESIAN_POINT('',(430.,290.,345.));
#4467 = DIRECTION('',(0.,1.,0.));
#4468 = DIRECTION('',(0.,0.,1.));
#4469 = ADVANCED_FACE('',(#4470),#4486,.T.);
#4470 = FACE_BOUND('',#4471,.T.);
#4471 = EDGE_LOOP('',(#4472,#4478,#4479,#4485));
#4472 = ORIENTED_EDGE('',*,*,#4473,.F.);
#4473 = EDGE_CURVE('',#4382,#4422,#4474,.T.);
#4474 = LINE('',#4475,#4476);
#4475 = CARTESIAN_POINT('',(430.,360.,345.));
#4476 = VECTOR('',#4477,1.);
#4477 = DIRECTION('',(1.,0.,0.));
#4478 = ORIENTED_EDGE('',*,*,#4389,.T.);
#4479 = ORIENTED_EDGE('',*,*,#4480,.T.);
#4480 = EDGE_CURVE('',#4390,#4430,#4481,.T.);
#4481 = LINE('',#4482,#4483);
#4482 = CARTESIAN_POINT('',(430.,360.,360.));
#4483 = VECTOR('',#4484,1.);
#4484 = DIRECTION('',(1.,0.,0.));
#4485 = ORIENTED_EDGE('',*,*,#4429,.F.);
#4486 = PLANE('',#4487);
#4487 = AXIS2_PLACEMENT_3D('',#4488,#4489,#4490);
#4488 = CARTESIAN_POINT('',(430.,360.,345.));
#4489 = DIRECTION('',(0.,1.,0.));
#4490 = DIRECTION('',(0.,0.,1.));
#4491 = ADVANCED_FACE('',(#4492),#4498,.F.);
#4492 = FACE_BOUND('',#4493,.F.);
#4493 = EDGE_LOOP('',(#4494,#4495,#4496,#4497));
#4494 = ORIENTED_EDGE('',*,*,#4381,.F.);
#4495 = ORIENTED_EDGE('',*,*,#4451,.T.);
#4496 = ORIENTED_EDGE('',*,*,#4421,.T.);
#4497 = ORIENTED_EDGE('',*,*,#4473,.F.);
#4498 = PLANE('',#4499);
#4499 = AXIS2_PLACEMENT_3D('',#4500,#4501,#4502);
#4500 = CARTESIAN_POINT('',(430.,290.,345.));
#4501 = DIRECTION('',(0.,0.,1.));
#4502 = DIRECTION('',(1.,0.,0.));
#4503 = ADVANCED_FACE('',(#4504),#4510,.T.);
#4504 = FACE_BOUND('',#4505,.T.);
#4505 = EDGE_LOOP('',(#4506,#4507,#4508,#4509));
#4506 = ORIENTED_EDGE('',*,*,#4397,.F.);
#4507 = ORIENTED_EDGE('',*,*,#4458,.T.);
#4508 = ORIENTED_EDGE('',*,*,#4437,.T.);
#4509 = ORIENTED_EDGE('',*,*,#4480,.F.);
#4510 = PLANE('',#4511);
#4511 = AXIS2_PLACEMENT_3D('',#4512,#4513,#4514);
#4512 = CARTESIAN_POINT('',(430.,290.,360.));
#4513 = DIRECTION('',(0.,0.,1.));
#4514 = DIRECTION('',(1.,0.,0.));
#4515 = MANIFOLD_SOLID_BREP('',#4516);
#4516 = CLOSED_SHELL('',(#4517,#4557,#4597,#4619,#4641,#4653));
#4517 = ADVANCED_FACE('',(#4518),#4552,.F.);
#4518 = FACE_BOUND('',#4519,.F.);
#4519 = EDGE_LOOP('',(#4520,#4530,#4538,#4546));
#4520 = ORIENTED_EDGE('',*,*,#4521,.F.);
#4521 = EDGE_CURVE('',#4522,#4524,#4526,.T.);
#4522 = VERTEX_POINT('',#4523);
#4523 = CARTESIAN_POINT('',(500.,290.,345.));
#4524 = VERTEX_POINT('',#4525);
#4525 = CARTESIAN_POINT('',(500.,290.,360.));
#4526 = LINE('',#4527,#4528);
#4527 = CARTESIAN_POINT('',(500.,290.,345.));
#4528 = VECTOR('',#4529,1.);
#4529 = DIRECTION('',(0.,0.,1.));
#4530 = ORIENTED_EDGE('',*,*,#4531,.T.);
#4531 = EDGE_CURVE('',#4522,#4532,#4534,.T.);
#4532 = VERTEX_POINT('',#4533);
#4533 = CARTESIAN_POINT('',(500.,360.,345.));
#4534 = LINE('',#4535,#4536);
#4535 = CARTESIAN_POINT('',(500.,290.,345.));
#4536 = VECTOR('',#4537,1.);
#4537 = DIRECTION('',(0.,1.,0.));
#4538 = ORIENTED_EDGE('',*,*,#4539,.T.);
#4539 = EDGE_CURVE('',#4532,#4540,#4542,.T.);
#4540 = VERTEX_POINT('',#4541);
#4541 = CARTESIAN_POINT('',(500.,360.,360.));
#4542 = LINE('',#4543,#4544);
#4543 = CARTESIAN_POINT('',(500.,360.,345.));
#4544 = VECTOR('',#4545,1.);
#4545 = DIRECTION('',(0.,0.,1.));
#4546 = ORIENTED_EDGE('',*,*,#4547,.F.);
#4547 = EDGE_CURVE('',#4524,#4540,#4548,.T.);
#4548 = LINE('',#4549,#4550);
#4549 = CARTESIAN_POINT('',(500.,290.,360.));
#4550 = VECTOR('',#4551,1.);
#4551 = DIRECTION('',(0.,1.,0.));
#4552 = PLANE('',#4553);
#4553 = AXIS2_PLACEMENT_3D('',#4554,#4555,#4556);
#4554 = CARTESIAN_POINT('',(500.,290.,345.));
#4555 = DIRECTION('',(1.,0.,0.));
#4556 = DIRECTION('',(0.,0.,1.));
#4557 = ADVANCED_FACE('',(#4558),#4592,.T.);
#4558 = FACE_BOUND('',#4559,.T.);
#4559 = EDGE_LOOP('',(#4560,#4570,#4578,#4586));
#4560 = ORIENTED_EDGE('',*,*,#4561,.F.);
#4561 = EDGE_CURVE('',#4562,#4564,#4566,.T.);
#4562 = VERTEX_POINT('',#4563);
#4563 = CARTESIAN_POINT('',(530.,290.,345.));
#4564 = VERTEX_POINT('',#4565);
#4565 = CARTESIAN_POINT('',(530.,290.,360.));
#4566 = LINE('',#4567,#4568);
#4567 = CARTESIAN_POINT('',(530.,290.,345.));
#4568 = VECTOR('',#4569,1.);
#4569 = DIRECTION('',(0.,0.,1.));
#4570 = ORIENTED_EDGE('',*,*,#4571,.T.);
#4571 = EDGE_CURVE('',#4562,#4572,#4574,.T.);
#4572 = VERTEX_POINT('',#4573);
#4573 = CARTESIAN_POINT('',(530.,360.,345.));
#4574 = LINE('',#4575,#4576);
#4575 = CARTESIAN_POINT('',(530.,290.,345.));
#4576 = VECTOR('',#4577,1.);
#4577 = DIRECTION('',(0.,1.,0.));
#4578 = ORIENTED_EDGE('',*,*,#4579,.T.);
#4579 = EDGE_CURVE('',#4572,#4580,#4582,.T.);
#4580 = VERTEX_POINT('',#4581);
#4581 = CARTESIAN_POINT('',(530.,360.,360.));
#4582 = LINE('',#4583,#4584);
#4583 = CARTESIAN_POINT('',(530.,360.,345.));
#4584 = VECTOR('',#4585,1.);
#4585 = DIRECTION('',(0.,0.,1.));
#4586 = ORIENTED_EDGE('',*,*,#4587,.F.);
#4587 = EDGE_CURVE('',#4564,#4580,#4588,.T.);
#4588 = LINE('',#4589,#4590);
#4589 = CARTESIAN_POINT('',(530.,290.,360.));
#4590 = VECTOR('',#4591,1.);
#4591 = DIRECTION('',(0.,1.,0.));
#4592 = PLANE('',#4593);
#4593 = AXIS2_PLACEMENT_3D('',#4594,#4595,#4596);
#4594 = CARTESIAN_POINT('',(530.,290.,345.));
#4595 = DIRECTION('',(1.,0.,0.));
#4596 = DIRECTION('',(0.,0.,1.));
#4597 = ADVANCED_FACE('',(#4598),#4614,.F.);
#4598 = FACE_BOUND('',#4599,.F.);
#4599 = EDGE_LOOP('',(#4600,#4606,#4607,#4613));
#4600 = ORIENTED_EDGE('',*,*,#4601,.F.);
#4601 = EDGE_CURVE('',#4522,#4562,#4602,.T.);
#4602 = LINE('',#4603,#4604);
#4603 = CARTESIAN_POINT('',(500.,290.,345.));
#4604 = VECTOR('',#4605,1.);
#4605 = DIRECTION('',(1.,0.,0.));
#4606 = ORIENTED_EDGE('',*,*,#4521,.T.);
#4607 = ORIENTED_EDGE('',*,*,#4608,.T.);
#4608 = EDGE_CURVE('',#4524,#4564,#4609,.T.);
#4609 = LINE('',#4610,#4611);
#4610 = CARTESIAN_POINT('',(500.,290.,360.));
#4611 = VECTOR('',#4612,1.);
#4612 = DIRECTION('',(1.,0.,0.));
#4613 = ORIENTED_EDGE('',*,*,#4561,.F.);
#4614 = PLANE('',#4615);
#4615 = AXIS2_PLACEMENT_3D('',#4616,#4617,#4618);
#4616 = CARTESIAN_POINT('',(500.,290.,345.));
#4617 = DIRECTION('',(0.,1.,0.));
#4618 = DIRECTION('',(0.,0.,1.));
#4619 = ADVANCED_FACE('',(#4620),#4636,.T.);
#4620 = FACE_BOUND('',#4621,.T.);
#4621 = EDGE_LOOP('',(#4622,#4628,#4629,#4635));
#4622 = ORIENTED_EDGE('',*,*,#4623,.F.);
#4623 = EDGE_CURVE('',#4532,#4572,#4624,.T.);
#4624 = LINE('',#4625,#4626);
#4625 = CARTESIAN_POINT('',(500.,360.,345.));
#4626 = VECTOR('',#4627,1.);
#4627 = DIRECTION('',(1.,0.,0.));
#4628 = ORIENTED_EDGE('',*,*,#4539,.T.);
#4629 = ORIENTED_EDGE('',*,*,#4630,.T.);
#4630 = EDGE_CURVE('',#4540,#4580,#4631,.T.);
#4631 = LINE('',#4632,#4633);
#4632 = CARTESIAN_POINT('',(500.,360.,360.));
#4633 = VECTOR('',#4634,1.);
#4634 = DIRECTION('',(1.,0.,0.));
#4635 = ORIENTED_EDGE('',*,*,#4579,.F.);
#4636 = PLANE('',#4637);
#4637 = AXIS2_PLACEMENT_3D('',#4638,#4639,#4640);
#4638 = CARTESIAN_POINT('',(500.,360.,345.));
#4639 = DIRECTION('',(0.,1.,0.));
#4640 = DIRECTION('',(0.,0.,1.));
#4641 = ADVANCED_FACE('',(#4642),#4648,.F.);
#4642 = FACE_BOUND('',#4643,.F.);
#4643 = EDGE_LOOP('',(#4644,#4645,#4646,#4647));
#4644 = ORIENTED_EDGE('',*,*,#4531,.F.);
#4645 = ORIENTED_EDGE('',*,*,#4601,.T.);
#4646 = ORIENTED_EDGE('',*,*,#4571,.T.);
#4647 = ORIENTED_EDGE('',*,*,#4623,.F.);
#4648 = PLANE('',#4649);
#4649 = AXIS2_PLACEMENT_3D('',#4650,#4651,#4652);
#4650 = CARTESIAN_POINT('',(500.,290.,345.));
#4651 = DIRECTION('',(0.,0.,1.));
#4652 = DIRECTION('',(1.,0.,0.));
#4653 = ADVANCED_FACE('',(#4654),#4660,.T.);
#4654 = FACE_BOUND('',#4655,.T.);
#4655 = EDGE_LOOP('',(#4656,#4657,#4658,#4659));
#4656 = ORIENTED_EDGE('',*,*,#4547,.F.);
#4657 = ORIENTED_EDGE('',*,*,#4608,.T.);
#4658 = ORIENTED_EDGE('',*,*,#4587,.T.);
#4659 = ORIENTED_EDGE('',*,*,#4630,.F.);
#4660 = PLANE('',#4661);
#4661 = AXIS2_PLACEMENT_3D('',#4662,#4663,#4664);
#4662 = CARTESIAN_POINT('',(500.,290.,360.));
#4663 = DIRECTION('',(0.,0.,1.));
#4664 = DIRECTION('',(1.,0.,0.));
#4665 = MANIFOLD_SOLID_BREP('',#4666);
#4666 = CLOSED_SHELL('',(#4667,#4707,#4747,#4769,#4791,#4803));
#4667 = ADVANCED_FACE('',(#4668),#4702,.F.);
#4668 = FACE_BOUND('',#4669,.F.);
#4669 = EDGE_LOOP('',(#4670,#4680,#4688,#4696));
#4670 = ORIENTED_EDGE('',*,*,#4671,.F.);
#4671 = EDGE_CURVE('',#4672,#4674,#4676,.T.);
#4672 = VERTEX_POINT('',#4673);
#4673 = CARTESIAN_POINT('',(90.,293.,120.));
#4674 = VERTEX_POINT('',#4675);
#4675 = CARTESIAN_POINT('',(90.,293.,128.));
#4676 = LINE('',#4677,#4678);
#4677 = CARTESIAN_POINT('',(90.,293.,120.));
#4678 = VECTOR('',#4679,1.);
#4679 = DIRECTION('',(0.,0.,1.));
#4680 = ORIENTED_EDGE('',*,*,#4681,.T.);
#4681 = EDGE_CURVE('',#4672,#4682,#4684,.T.);
#4682 = VERTEX_POINT('',#4683);
#4683 = CARTESIAN_POINT('',(90.,357.,120.));
#4684 = LINE('',#4685,#4686);
#4685 = CARTESIAN_POINT('',(90.,293.,120.));
#4686 = VECTOR('',#4687,1.);
#4687 = DIRECTION('',(0.,1.,0.));
#4688 = ORIENTED_EDGE('',*,*,#4689,.T.);
#4689 = EDGE_CURVE('',#4682,#4690,#4692,.T.);
#4690 = VERTEX_POINT('',#4691);
#4691 = CARTESIAN_POINT('',(90.,357.,128.));
#4692 = LINE('',#4693,#4694);
#4693 = CARTESIAN_POINT('',(90.,357.,120.));
#4694 = VECTOR('',#4695,1.);
#4695 = DIRECTION('',(0.,0.,1.));
#4696 = ORIENTED_EDGE('',*,*,#4697,.F.);
#4697 = EDGE_CURVE('',#4674,#4690,#4698,.T.);
#4698 = LINE('',#4699,#4700);
#4699 = CARTESIAN_POINT('',(90.,293.,128.));
#4700 = VECTOR('',#4701,1.);
#4701 = DIRECTION('',(0.,1.,0.));
#4702 = PLANE('',#4703);
#4703 = AXIS2_PLACEMENT_3D('',#4704,#4705,#4706);
#4704 = CARTESIAN_POINT('',(90.,293.,120.));
#4705 = DIRECTION('',(1.,0.,0.));
#4706 = DIRECTION('',(0.,0.,1.));
#4707 = ADVANCED_FACE('',(#4708),#4742,.T.);
#4708 = FACE_BOUND('',#4709,.T.);
#4709 = EDGE_LOOP('',(#4710,#4720,#4728,#4736));
#4710 = ORIENTED_EDGE('',*,*,#4711,.F.);
#4711 = EDGE_CURVE('',#4712,#4714,#4716,.T.);
#4712 = VERTEX_POINT('',#4713);
#4713 = CARTESIAN_POINT('',(150.,293.,120.));
#4714 = VERTEX_POINT('',#4715);
#4715 = CARTESIAN_POINT('',(150.,293.,128.));
#4716 = LINE('',#4717,#4718);
#4717 = CARTESIAN_POINT('',(150.,293.,120.));
#4718 = VECTOR('',#4719,1.);
#4719 = DIRECTION('',(0.,0.,1.));
#4720 = ORIENTED_EDGE('',*,*,#4721,.T.);
#4721 = EDGE_CURVE('',#4712,#4722,#4724,.T.);
#4722 = VERTEX_POINT('',#4723);
#4723 = CARTESIAN_POINT('',(150.,357.,120.));
#4724 = LINE('',#4725,#4726);
#4725 = CARTESIAN_POINT('',(150.,293.,120.));
#4726 = VECTOR('',#4727,1.);
#4727 = DIRECTION('',(0.,1.,0.));
#4728 = ORIENTED_EDGE('',*,*,#4729,.T.);
#4729 = EDGE_CURVE('',#4722,#4730,#4732,.T.);
#4730 = VERTEX_POINT('',#4731);
#4731 = CARTESIAN_POINT('',(150.,357.,128.));
#4732 = LINE('',#4733,#4734);
#4733 = CARTESIAN_POINT('',(150.,357.,120.));
#4734 = VECTOR('',#4735,1.);
#4735 = DIRECTION('',(0.,0.,1.));
#4736 = ORIENTED_EDGE('',*,*,#4737,.F.);
#4737 = EDGE_CURVE('',#4714,#4730,#4738,.T.);
#4738 = LINE('',#4739,#4740);
#4739 = CARTESIAN_POINT('',(150.,293.,128.));
#4740 = VECTOR('',#4741,1.);
#4741 = DIRECTION('',(0.,1.,0.));
#4742 = PLANE('',#4743);
#4743 = AXIS2_PLACEMENT_3D('',#4744,#4745,#4746);
#4744 = CARTESIAN_POINT('',(150.,293.,120.));
#4745 = DIRECTION('',(1.,0.,0.));
#4746 = DIRECTION('',(0.,0.,1.));
#4747 = ADVANCED_FACE('',(#4748),#4764,.F.);
#4748 = FACE_BOUND('',#4749,.F.);
#4749 = EDGE_LOOP('',(#4750,#4756,#4757,#4763));
#4750 = ORIENTED_EDGE('',*,*,#4751,.F.);
#4751 = EDGE_CURVE('',#4672,#4712,#4752,.T.);
#4752 = LINE('',#4753,#4754);
#4753 = CARTESIAN_POINT('',(90.,293.,120.));
#4754 = VECTOR('',#4755,1.);
#4755 = DIRECTION('',(1.,0.,0.));
#4756 = ORIENTED_EDGE('',*,*,#4671,.T.);
#4757 = ORIENTED_EDGE('',*,*,#4758,.T.);
#4758 = EDGE_CURVE('',#4674,#4714,#4759,.T.);
#4759 = LINE('',#4760,#4761);
#4760 = CARTESIAN_POINT('',(90.,293.,128.));
#4761 = VECTOR('',#4762,1.);
#4762 = DIRECTION('',(1.,0.,0.));
#4763 = ORIENTED_EDGE('',*,*,#4711,.F.);
#4764 = PLANE('',#4765);
#4765 = AXIS2_PLACEMENT_3D('',#4766,#4767,#4768);
#4766 = CARTESIAN_POINT('',(90.,293.,120.));
#4767 = DIRECTION('',(0.,1.,0.));
#4768 = DIRECTION('',(0.,0.,1.));
#4769 = ADVANCED_FACE('',(#4770),#4786,.T.);
#4770 = FACE_BOUND('',#4771,.T.);
#4771 = EDGE_LOOP('',(#4772,#4778,#4779,#4785));
#4772 = ORIENTED_EDGE('',*,*,#4773,.F.);
#4773 = EDGE_CURVE('',#4682,#4722,#4774,.T.);
#4774 = LINE('',#4775,#4776);
#4775 = CARTESIAN_POINT('',(90.,357.,120.));
#4776 = VECTOR('',#4777,1.);
#4777 = DIRECTION('',(1.,0.,0.));
#4778 = ORIENTED_EDGE('',*,*,#4689,.T.);
#4779 = ORIENTED_EDGE('',*,*,#4780,.T.);
#4780 = EDGE_CURVE('',#4690,#4730,#4781,.T.);
#4781 = LINE('',#4782,#4783);
#4782 = CARTESIAN_POINT('',(90.,357.,128.));
#4783 = VECTOR('',#4784,1.);
#4784 = DIRECTION('',(1.,0.,0.));
#4785 = ORIENTED_EDGE('',*,*,#4729,.F.);
#4786 = PLANE('',#4787);
#4787 = AXIS2_PLACEMENT_3D('',#4788,#4789,#4790);
#4788 = CARTESIAN_POINT('',(90.,357.,120.));
#4789 = DIRECTION('',(0.,1.,0.));
#4790 = DIRECTION('',(0.,0.,1.));
#4791 = ADVANCED_FACE('',(#4792),#4798,.F.);
#4792 = FACE_BOUND('',#4793,.F.);
#4793 = EDGE_LOOP('',(#4794,#4795,#4796,#4797));
#4794 = ORIENTED_EDGE('',*,*,#4681,.F.);
#4795 = ORIENTED_EDGE('',*,*,#4751,.T.);
#4796 = ORIENTED_EDGE('',*,*,#4721,.T.);
#4797 = ORIENTED_EDGE('',*,*,#4773,.F.);
#4798 = PLANE('',#4799);
#4799 = AXIS2_PLACEMENT_3D('',#4800,#4801,#4802);
#4800 = CARTESIAN_POINT('',(90.,293.,120.));
#4801 = DIRECTION('',(0.,0.,1.));
#4802 = DIRECTION('',(1.,0.,0.));
#4803 = ADVANCED_FACE('',(#4804),#4810,.T.);
#4804 = FACE_BOUND('',#4805,.T.);
#4805 = EDGE_LOOP('',(#4806,#4807,#4808,#4809));
#4806 = ORIENTED_EDGE('',*,*,#4697,.F.);
#4807 = ORIENTED_EDGE('',*,*,#4758,.T.);
#4808 = ORIENTED_EDGE('',*,*,#4737,.T.);
#4809 = ORIENTED_EDGE('',*,*,#4780,.F.);
#4810 = PLANE('',#4811);
#4811 = AXIS2_PLACEMENT_3D('',#4812,#4813,#4814);
#4812 = CARTESIAN_POINT('',(90.,293.,128.));
#4813 = DIRECTION('',(0.,0.,1.));
#4814 = DIRECTION('',(1.,0.,0.));
#4815 = MANIFOLD_SOLID_BREP('',#4816);
#4816 = CLOSED_SHELL('',(#4817,#4857,#4897,#4919,#4941,#4953));
#4817 = ADVANCED_FACE('',(#4818),#4852,.F.);
#4818 = FACE_BOUND('',#4819,.F.);
#4819 = EDGE_LOOP('',(#4820,#4830,#4838,#4846));
#4820 = ORIENTED_EDGE('',*,*,#4821,.F.);
#4821 = EDGE_CURVE('',#4822,#4824,#4826,.T.);
#4822 = VERTEX_POINT('',#4823);
#4823 = CARTESIAN_POINT('',(90.,293.,128.));
#4824 = VERTEX_POINT('',#4825);
#4825 = CARTESIAN_POINT('',(90.,293.,140.));
#4826 = LINE('',#4827,#4828);
#4827 = CARTESIAN_POINT('',(90.,293.,128.));
#4828 = VECTOR('',#4829,1.);
#4829 = DIRECTION('',(0.,0.,1.));
#4830 = ORIENTED_EDGE('',*,*,#4831,.T.);
#4831 = EDGE_CURVE('',#4822,#4832,#4834,.T.);
#4832 = VERTEX_POINT('',#4833);
#4833 = CARTESIAN_POINT('',(90.,357.,128.));
#4834 = LINE('',#4835,#4836);
#4835 = CARTESIAN_POINT('',(90.,293.,128.));
#4836 = VECTOR('',#4837,1.);
#4837 = DIRECTION('',(0.,1.,0.));
#4838 = ORIENTED_EDGE('',*,*,#4839,.T.);
#4839 = EDGE_CURVE('',#4832,#4840,#4842,.T.);
#4840 = VERTEX_POINT('',#4841);
#4841 = CARTESIAN_POINT('',(90.,357.,140.));
#4842 = LINE('',#4843,#4844);
#4843 = CARTESIAN_POINT('',(90.,357.,128.));
#4844 = VECTOR('',#4845,1.);
#4845 = DIRECTION('',(0.,0.,1.));
#4846 = ORIENTED_EDGE('',*,*,#4847,.F.);
#4847 = EDGE_CURVE('',#4824,#4840,#4848,.T.);
#4848 = LINE('',#4849,#4850);
#4849 = CARTESIAN_POINT('',(90.,293.,140.));
#4850 = VECTOR('',#4851,1.);
#4851 = DIRECTION('',(0.,1.,0.));
#4852 = PLANE('',#4853);
#4853 = AXIS2_PLACEMENT_3D('',#4854,#4855,#4856);
#4854 = CARTESIAN_POINT('',(90.,293.,128.));
#4855 = DIRECTION('',(1.,0.,0.));
#4856 = DIRECTION('',(0.,0.,1.));
#4857 = ADVANCED_FACE('',(#4858),#4892,.T.);
#4858 = FACE_BOUND('',#4859,.T.);
#4859 = EDGE_LOOP('',(#4860,#4870,#4878,#4886));
#4860 = ORIENTED_EDGE('',*,*,#4861,.F.);
#4861 = EDGE_CURVE('',#4862,#4864,#4866,.T.);
#4862 = VERTEX_POINT('',#4863);
#4863 = CARTESIAN_POINT('',(95.,293.,128.));
#4864 = VERTEX_POINT('',#4865);
#4865 = CARTESIAN_POINT('',(95.,293.,140.));
#4866 = LINE('',#4867,#4868);
#4867 = CARTESIAN_POINT('',(95.,293.,128.));
#4868 = VECTOR('',#4869,1.);
#4869 = DIRECTION('',(0.,0.,1.));
#4870 = ORIENTED_EDGE('',*,*,#4871,.T.);
#4871 = EDGE_CURVE('',#4862,#4872,#4874,.T.);
#4872 = VERTEX_POINT('',#4873);
#4873 = CARTESIAN_POINT('',(95.,357.,128.));
#4874 = LINE('',#4875,#4876);
#4875 = CARTESIAN_POINT('',(95.,293.,128.));
#4876 = VECTOR('',#4877,1.);
#4877 = DIRECTION('',(0.,1.,0.));
#4878 = ORIENTED_EDGE('',*,*,#4879,.T.);
#4879 = EDGE_CURVE('',#4872,#4880,#4882,.T.);
#4880 = VERTEX_POINT('',#4881);
#4881 = CARTESIAN_POINT('',(95.,357.,140.));
#4882 = LINE('',#4883,#4884);
#4883 = CARTESIAN_POINT('',(95.,357.,128.));
#4884 = VECTOR('',#4885,1.);
#4885 = DIRECTION('',(0.,0.,1.));
#4886 = ORIENTED_EDGE('',*,*,#4887,.F.);
#4887 = EDGE_CURVE('',#4864,#4880,#4888,.T.);
#4888 = LINE('',#4889,#4890);
#4889 = CARTESIAN_POINT('',(95.,293.,140.));
#4890 = VECTOR('',#4891,1.);
#4891 = DIRECTION('',(0.,1.,0.));
#4892 = PLANE('',#4893);
#4893 = AXIS2_PLACEMENT_3D('',#4894,#4895,#4896);
#4894 = CARTESIAN_POINT('',(95.,293.,128.));
#4895 = DIRECTION('',(1.,0.,0.));
#4896 = DIRECTION('',(0.,0.,1.));
#4897 = ADVANCED_FACE('',(#4898),#4914,.F.);
#4898 = FACE_BOUND('',#4899,.F.);
#4899 = EDGE_LOOP('',(#4900,#4906,#4907,#4913));
#4900 = ORIENTED_EDGE('',*,*,#4901,.F.);
#4901 = EDGE_CURVE('',#4822,#4862,#4902,.T.);
#4902 = LINE('',#4903,#4904);
#4903 = CARTESIAN_POINT('',(90.,293.,128.));
#4904 = VECTOR('',#4905,1.);
#4905 = DIRECTION('',(1.,0.,0.));
#4906 = ORIENTED_EDGE('',*,*,#4821,.T.);
#4907 = ORIENTED_EDGE('',*,*,#4908,.T.);
#4908 = EDGE_CURVE('',#4824,#4864,#4909,.T.);
#4909 = LINE('',#4910,#4911);
#4910 = CARTESIAN_POINT('',(90.,293.,140.));
#4911 = VECTOR('',#4912,1.);
#4912 = DIRECTION('',(1.,0.,0.));
#4913 = ORIENTED_EDGE('',*,*,#4861,.F.);
#4914 = PLANE('',#4915);
#4915 = AXIS2_PLACEMENT_3D('',#4916,#4917,#4918);
#4916 = CARTESIAN_POINT('',(90.,293.,128.));
#4917 = DIRECTION('',(0.,1.,0.));
#4918 = DIRECTION('',(0.,0.,1.));
#4919 = ADVANCED_FACE('',(#4920),#4936,.T.);
#4920 = FACE_BOUND('',#4921,.T.);
#4921 = EDGE_LOOP('',(#4922,#4928,#4929,#4935));
#4922 = ORIENTED_EDGE('',*,*,#4923,.F.);
#4923 = EDGE_CURVE('',#4832,#4872,#4924,.T.);
#4924 = LINE('',#4925,#4926);
#4925 = CARTESIAN_POINT('',(90.,357.,128.));
#4926 = VECTOR('',#4927,1.);
#4927 = DIRECTION('',(1.,0.,0.));
#4928 = ORIENTED_EDGE('',*,*,#4839,.T.);
#4929 = ORIENTED_EDGE('',*,*,#4930,.T.);
#4930 = EDGE_CURVE('',#4840,#4880,#4931,.T.);
#4931 = LINE('',#4932,#4933);
#4932 = CARTESIAN_POINT('',(90.,357.,140.));
#4933 = VECTOR('',#4934,1.);
#4934 = DIRECTION('',(1.,0.,0.));
#4935 = ORIENTED_EDGE('',*,*,#4879,.F.);
#4936 = PLANE('',#4937);
#4937 = AXIS2_PLACEMENT_3D('',#4938,#4939,#4940);
#4938 = CARTESIAN_POINT('',(90.,357.,128.));
#4939 = DIRECTION('',(0.,1.,0.));
#4940 = DIRECTION('',(0.,0.,1.));
#4941 = ADVANCED_FACE('',(#4942),#4948,.F.);
#4942 = FACE_BOUND('',#4943,.F.);
#4943 = EDGE_LOOP('',(#4944,#4945,#4946,#4947));
#4944 = ORIENTED_EDGE('',*,*,#4831,.F.);
#4945 = ORIENTED_EDGE('',*,*,#4901,.T.);
#4946 = ORIENTED_EDGE('',*,*,#4871,.T.);
#4947 = ORIENTED_EDGE('',*,*,#4923,.F.);
#4948 = PLANE('',#4949);
#4949 = AXIS2_PLACEMENT_3D('',#4950,#4951,#4952);
#4950 = CARTESIAN_POINT('',(90.,293.,128.));
#4951 = DIRECTION('',(0.,0.,1.));
#4952 = DIRECTION('',(1.,0.,0.));
#4953 = ADVANCED_FACE('',(#4954),#4960,.T.);
#4954 = FACE_BOUND('',#4955,.T.);
#4955 = EDGE_LOOP('',(#4956,#4957,#4958,#4959));
#4956 = ORIENTED_EDGE('',*,*,#4847,.F.);
#4957 = ORIENTED_EDGE('',*,*,#4908,.T.);
#4958 = ORIENTED_EDGE('',*,*,#4887,.T.);
#4959 = ORIENTED_EDGE('',*,*,#4930,.F.);
#4960 = PLANE('',#4961);
#4961 = AXIS2_PLACEMENT_3D('',#4962,#4963,#4964);
#4962 = CARTESIAN_POINT('',(90.,293.,140.));
#4963 = DIRECTION('',(0.,0.,1.));
#4964 = DIRECTION('',(1.,0.,0.));
#4965 = MANIFOLD_SOLID_BREP('',#4966);
#4966 = CLOSED_SHELL('',(#4967,#5007,#5047,#5069,#5091,#5103));
#4967 = ADVANCED_FACE('',(#4968),#5002,.F.);
#4968 = FACE_BOUND('',#4969,.F.);
#4969 = EDGE_LOOP('',(#4970,#4980,#4988,#4996));
#4970 = ORIENTED_EDGE('',*,*,#4971,.F.);
#4971 = EDGE_CURVE('',#4972,#4974,#4976,.T.);
#4972 = VERTEX_POINT('',#4973);
#4973 = CARTESIAN_POINT('',(145.,293.,128.));
#4974 = VERTEX_POINT('',#4975);
#4975 = CARTESIAN_POINT('',(145.,293.,140.));
#4976 = LINE('',#4977,#4978);
#4977 = CARTESIAN_POINT('',(145.,293.,128.));
#4978 = VECTOR('',#4979,1.);
#4979 = DIRECTION('',(0.,0.,1.));
#4980 = ORIENTED_EDGE('',*,*,#4981,.T.);
#4981 = EDGE_CURVE('',#4972,#4982,#4984,.T.);
#4982 = VERTEX_POINT('',#4983);
#4983 = CARTESIAN_POINT('',(145.,357.,128.));
#4984 = LINE('',#4985,#4986);
#4985 = CARTESIAN_POINT('',(145.,293.,128.));
#4986 = VECTOR('',#4987,1.);
#4987 = DIRECTION('',(0.,1.,0.));
#4988 = ORIENTED_EDGE('',*,*,#4989,.T.);
#4989 = EDGE_CURVE('',#4982,#4990,#4992,.T.);
#4990 = VERTEX_POINT('',#4991);
#4991 = CARTESIAN_POINT('',(145.,357.,140.));
#4992 = LINE('',#4993,#4994);
#4993 = CARTESIAN_POINT('',(145.,357.,128.));
#4994 = VECTOR('',#4995,1.);
#4995 = DIRECTION('',(0.,0.,1.));
#4996 = ORIENTED_EDGE('',*,*,#4997,.F.);
#4997 = EDGE_CURVE('',#4974,#4990,#4998,.T.);
#4998 = LINE('',#4999,#5000);
#4999 = CARTESIAN_POINT('',(145.,293.,140.));
#5000 = VECTOR('',#5001,1.);
#5001 = DIRECTION('',(0.,1.,0.));
#5002 = PLANE('',#5003);
#5003 = AXIS2_PLACEMENT_3D('',#5004,#5005,#5006);
#5004 = CARTESIAN_POINT('',(145.,293.,128.));
#5005 = DIRECTION('',(1.,0.,0.));
#5006 = DIRECTION('',(0.,0.,1.));
#5007 = ADVANCED_FACE('',(#5008),#5042,.T.);
#5008 = FACE_BOUND('',#5009,.T.);
#5009 = EDGE_LOOP('',(#5010,#5020,#5028,#5036));
#5010 = ORIENTED_EDGE('',*,*,#5011,.F.);
#5011 = EDGE_CURVE('',#5012,#5014,#5016,.T.);
#5012 = VERTEX_POINT('',#5013);
#5013 = CARTESIAN_POINT('',(150.,293.,128.));
#5014 = VERTEX_POINT('',#5015);
#5015 = CARTESIAN_POINT('',(150.,293.,140.));
#5016 = LINE('',#5017,#5018);
#5017 = CARTESIAN_POINT('',(150.,293.,128.));
#5018 = VECTOR('',#5019,1.);
#5019 = DIRECTION('',(0.,0.,1.));
#5020 = ORIENTED_EDGE('',*,*,#5021,.T.);
#5021 = EDGE_CURVE('',#5012,#5022,#5024,.T.);
#5022 = VERTEX_POINT('',#5023);
#5023 = CARTESIAN_POINT('',(150.,357.,128.));
#5024 = LINE('',#5025,#5026);
#5025 = CARTESIAN_POINT('',(150.,293.,128.));
#5026 = VECTOR('',#5027,1.);
#5027 = DIRECTION('',(0.,1.,0.));
#5028 = ORIENTED_EDGE('',*,*,#5029,.T.);
#5029 = EDGE_CURVE('',#5022,#5030,#5032,.T.);
#5030 = VERTEX_POINT('',#5031);
#5031 = CARTESIAN_POINT('',(150.,357.,140.));
#5032 = LINE('',#5033,#5034);
#5033 = CARTESIAN_POINT('',(150.,357.,128.));
#5034 = VECTOR('',#5035,1.);
#5035 = DIRECTION('',(0.,0.,1.));
#5036 = ORIENTED_EDGE('',*,*,#5037,.F.);
#5037 = EDGE_CURVE('',#5014,#5030,#5038,.T.);
#5038 = LINE('',#5039,#5040);
#5039 = CARTESIAN_POINT('',(150.,293.,140.));
#5040 = VECTOR('',#5041,1.);
#5041 = DIRECTION('',(0.,1.,0.));
#5042 = PLANE('',#5043);
#5043 = AXIS2_PLACEMENT_3D('',#5044,#5045,#5046);
#5044 = CARTESIAN_POINT('',(150.,293.,128.));
#5045 = DIRECTION('',(1.,0.,0.));
#5046 = DIRECTION('',(0.,0.,1.));
#5047 = ADVANCED_FACE('',(#5048),#5064,.F.);
#5048 = FACE_BOUND('',#5049,.F.);
#5049 = EDGE_LOOP('',(#5050,#5056,#5057,#5063));
#5050 = ORIENTED_EDGE('',*,*,#5051,.F.);
#5051 = EDGE_CURVE('',#4972,#5012,#5052,.T.);
#5052 = LINE('',#5053,#5054);
#5053 = CARTESIAN_POINT('',(145.,293.,128.));
#5054 = VECTOR('',#5055,1.);
#5055 = DIRECTION('',(1.,0.,0.));
#5056 = ORIENTED_EDGE('',*,*,#4971,.T.);
#5057 = ORIENTED_EDGE('',*,*,#5058,.T.);
#5058 = EDGE_CURVE('',#4974,#5014,#5059,.T.);
#5059 = LINE('',#5060,#5061);
#5060 = CARTESIAN_POINT('',(145.,293.,140.));
#5061 = VECTOR('',#5062,1.);
#5062 = DIRECTION('',(1.,0.,0.));
#5063 = ORIENTED_EDGE('',*,*,#5011,.F.);
#5064 = PLANE('',#5065);
#5065 = AXIS2_PLACEMENT_3D('',#5066,#5067,#5068);
#5066 = CARTESIAN_POINT('',(145.,293.,128.));
#5067 = DIRECTION('',(0.,1.,0.));
#5068 = DIRECTION('',(0.,0.,1.));
#5069 = ADVANCED_FACE('',(#5070),#5086,.T.);
#5070 = FACE_BOUND('',#5071,.T.);
#5071 = EDGE_LOOP('',(#5072,#5078,#5079,#5085));
#5072 = ORIENTED_EDGE('',*,*,#5073,.F.);
#5073 = EDGE_CURVE('',#4982,#5022,#5074,.T.);
#5074 = LINE('',#5075,#5076);
#5075 = CARTESIAN_POINT('',(145.,357.,128.));
#5076 = VECTOR('',#5077,1.);
#5077 = DIRECTION('',(1.,0.,0.));
#5078 = ORIENTED_EDGE('',*,*,#4989,.T.);
#5079 = ORIENTED_EDGE('',*,*,#5080,.T.);
#5080 = EDGE_CURVE('',#4990,#5030,#5081,.T.);
#5081 = LINE('',#5082,#5083);
#5082 = CARTESIAN_POINT('',(145.,357.,140.));
#5083 = VECTOR('',#5084,1.);
#5084 = DIRECTION('',(1.,0.,0.));
#5085 = ORIENTED_EDGE('',*,*,#5029,.F.);
#5086 = PLANE('',#5087);
#5087 = AXIS2_PLACEMENT_3D('',#5088,#5089,#5090);
#5088 = CARTESIAN_POINT('',(145.,357.,128.));
#5089 = DIRECTION('',(0.,1.,0.));
#5090 = DIRECTION('',(0.,0.,1.));
#5091 = ADVANCED_FACE('',(#5092),#5098,.F.);
#5092 = FACE_BOUND('',#5093,.F.);
#5093 = EDGE_LOOP('',(#5094,#5095,#5096,#5097));
#5094 = ORIENTED_EDGE('',*,*,#4981,.F.);
#5095 = ORIENTED_EDGE('',*,*,#5051,.T.);
#5096 = ORIENTED_EDGE('',*,*,#5021,.T.);
#5097 = ORIENTED_EDGE('',*,*,#5073,.F.);
#5098 = PLANE('',#5099);
#5099 = AXIS2_PLACEMENT_3D('',#5100,#5101,#5102);
#5100 = CARTESIAN_POINT('',(145.,293.,128.));
#5101 = DIRECTION('',(0.,0.,1.));
#5102 = DIRECTION('',(1.,0.,0.));
#5103 = ADVANCED_FACE('',(#5104),#5110,.T.);
#5104 = FACE_BOUND('',#5105,.T.);
#5105 = EDGE_LOOP('',(#5106,#5107,#5108,#5109));
#5106 = ORIENTED_EDGE('',*,*,#4997,.F.);
#5107 = ORIENTED_EDGE('',*,*,#5058,.T.);
#5108 = ORIENTED_EDGE('',*,*,#5037,.T.);
#5109 = ORIENTED_EDGE('',*,*,#5080,.F.);
#5110 = PLANE('',#5111);
#5111 = AXIS2_PLACEMENT_3D('',#5112,#5113,#5114);
#5112 = CARTESIAN_POINT('',(145.,293.,140.));
#5113 = DIRECTION('',(0.,0.,1.));
#5114 = DIRECTION('',(1.,0.,0.));
#5115 = MANIFOLD_SOLID_BREP('',#5116);
#5116 = CLOSED_SHELL('',(#5117,#5157,#5197,#5219,#5241,#5253));
#5117 = ADVANCED_FACE('',(#5118),#5152,.F.);
#5118 = FACE_BOUND('',#5119,.F.);
#5119 = EDGE_LOOP('',(#5120,#5130,#5138,#5146));
#5120 = ORIENTED_EDGE('',*,*,#5121,.F.);
#5121 = EDGE_CURVE('',#5122,#5124,#5126,.T.);
#5122 = VERTEX_POINT('',#5123);
#5123 = CARTESIAN_POINT('',(95.,293.,128.));
#5124 = VERTEX_POINT('',#5125);
#5125 = CARTESIAN_POINT('',(95.,293.,140.));
#5126 = LINE('',#5127,#5128);
#5127 = CARTESIAN_POINT('',(95.,293.,128.));
#5128 = VECTOR('',#5129,1.);
#5129 = DIRECTION('',(0.,0.,1.));
#5130 = ORIENTED_EDGE('',*,*,#5131,.T.);
#5131 = EDGE_CURVE('',#5122,#5132,#5134,.T.);
#5132 = VERTEX_POINT('',#5133);
#5133 = CARTESIAN_POINT('',(95.,298.,128.));
#5134 = LINE('',#5135,#5136);
#5135 = CARTESIAN_POINT('',(95.,293.,128.));
#5136 = VECTOR('',#5137,1.);
#5137 = DIRECTION('',(0.,1.,0.));
#5138 = ORIENTED_EDGE('',*,*,#5139,.T.);
#5139 = EDGE_CURVE('',#5132,#5140,#5142,.T.);
#5140 = VERTEX_POINT('',#5141);
#5141 = CARTESIAN_POINT('',(95.,298.,140.));
#5142 = LINE('',#5143,#5144);
#5143 = CARTESIAN_POINT('',(95.,298.,128.));
#5144 = VECTOR('',#5145,1.);
#5145 = DIRECTION('',(0.,0.,1.));
#5146 = ORIENTED_EDGE('',*,*,#5147,.F.);
#5147 = EDGE_CURVE('',#5124,#5140,#5148,.T.);
#5148 = LINE('',#5149,#5150);
#5149 = CARTESIAN_POINT('',(95.,293.,140.));
#5150 = VECTOR('',#5151,1.);
#5151 = DIRECTION('',(0.,1.,0.));
#5152 = PLANE('',#5153);
#5153 = AXIS2_PLACEMENT_3D('',#5154,#5155,#5156);
#5154 = CARTESIAN_POINT('',(95.,293.,128.));
#5155 = DIRECTION('',(1.,0.,0.));
#5156 = DIRECTION('',(0.,0.,1.));
#5157 = ADVANCED_FACE('',(#5158),#5192,.T.);
#5158 = FACE_BOUND('',#5159,.T.);
#5159 = EDGE_LOOP('',(#5160,#5170,#5178,#5186));
#5160 = ORIENTED_EDGE('',*,*,#5161,.F.);
#5161 = EDGE_CURVE('',#5162,#5164,#5166,.T.);
#5162 = VERTEX_POINT('',#5163);
#5163 = CARTESIAN_POINT('',(108.,293.,128.));
#5164 = VERTEX_POINT('',#5165);
#5165 = CARTESIAN_POINT('',(108.,293.,140.));
#5166 = LINE('',#5167,#5168);
#5167 = CARTESIAN_POINT('',(108.,293.,128.));
#5168 = VECTOR('',#5169,1.);
#5169 = DIRECTION('',(0.,0.,1.));
#5170 = ORIENTED_EDGE('',*,*,#5171,.T.);
#5171 = EDGE_CURVE('',#5162,#5172,#5174,.T.);
#5172 = VERTEX_POINT('',#5173);
#5173 = CARTESIAN_POINT('',(108.,298.,128.));
#5174 = LINE('',#5175,#5176);
#5175 = CARTESIAN_POINT('',(108.,293.,128.));
#5176 = VECTOR('',#5177,1.);
#5177 = DIRECTION('',(0.,1.,0.));
#5178 = ORIENTED_EDGE('',*,*,#5179,.T.);
#5179 = EDGE_CURVE('',#5172,#5180,#5182,.T.);
#5180 = VERTEX_POINT('',#5181);
#5181 = CARTESIAN_POINT('',(108.,298.,140.));
#5182 = LINE('',#5183,#5184);
#5183 = CARTESIAN_POINT('',(108.,298.,128.));
#5184 = VECTOR('',#5185,1.);
#5185 = DIRECTION('',(0.,0.,1.));
#5186 = ORIENTED_EDGE('',*,*,#5187,.F.);
#5187 = EDGE_CURVE('',#5164,#5180,#5188,.T.);
#5188 = LINE('',#5189,#5190);
#5189 = CARTESIAN_POINT('',(108.,293.,140.));
#5190 = VECTOR('',#5191,1.);
#5191 = DIRECTION('',(0.,1.,0.));
#5192 = PLANE('',#5193);
#5193 = AXIS2_PLACEMENT_3D('',#5194,#5195,#5196);
#5194 = CARTESIAN_POINT('',(108.,293.,128.));
#5195 = DIRECTION('',(1.,0.,0.));
#5196 = DIRECTION('',(0.,0.,1.));
#5197 = ADVANCED_FACE('',(#5198),#5214,.F.);
#5198 = FACE_BOUND('',#5199,.F.);
#5199 = EDGE_LOOP('',(#5200,#5206,#5207,#5213));
#5200 = ORIENTED_EDGE('',*,*,#5201,.F.);
#5201 = EDGE_CURVE('',#5122,#5162,#5202,.T.);
#5202 = LINE('',#5203,#5204);
#5203 = CARTESIAN_POINT('',(95.,293.,128.));
#5204 = VECTOR('',#5205,1.);
#5205 = DIRECTION('',(1.,0.,0.));
#5206 = ORIENTED_EDGE('',*,*,#5121,.T.);
#5207 = ORIENTED_EDGE('',*,*,#5208,.T.);
#5208 = EDGE_CURVE('',#5124,#5164,#5209,.T.);
#5209 = LINE('',#5210,#5211);
#5210 = CARTESIAN_POINT('',(95.,293.,140.));
#5211 = VECTOR('',#5212,1.);
#5212 = DIRECTION('',(1.,0.,0.));
#5213 = ORIENTED_EDGE('',*,*,#5161,.F.);
#5214 = PLANE('',#5215);
#5215 = AXIS2_PLACEMENT_3D('',#5216,#5217,#5218);
#5216 = CARTESIAN_POINT('',(95.,293.,128.));
#5217 = DIRECTION('',(0.,1.,0.));
#5218 = DIRECTION('',(0.,0.,1.));
#5219 = ADVANCED_FACE('',(#5220),#5236,.T.);
#5220 = FACE_BOUND('',#5221,.T.);
#5221 = EDGE_LOOP('',(#5222,#5228,#5229,#5235));
#5222 = ORIENTED_EDGE('',*,*,#5223,.F.);
#5223 = EDGE_CURVE('',#5132,#5172,#5224,.T.);
#5224 = LINE('',#5225,#5226);
#5225 = CARTESIAN_POINT('',(95.,298.,128.));
#5226 = VECTOR('',#5227,1.);
#5227 = DIRECTION('',(1.,0.,0.));
#5228 = ORIENTED_EDGE('',*,*,#5139,.T.);
#5229 = ORIENTED_EDGE('',*,*,#5230,.T.);
#5230 = EDGE_CURVE('',#5140,#5180,#5231,.T.);
#5231 = LINE('',#5232,#5233);
#5232 = CARTESIAN_POINT('',(95.,298.,140.));
#5233 = VECTOR('',#5234,1.);
#5234 = DIRECTION('',(1.,0.,0.));
#5235 = ORIENTED_EDGE('',*,*,#5179,.F.);
#5236 = PLANE('',#5237);
#5237 = AXIS2_PLACEMENT_3D('',#5238,#5239,#5240);
#5238 = CARTESIAN_POINT('',(95.,298.,128.));
#5239 = DIRECTION('',(0.,1.,0.));
#5240 = DIRECTION('',(0.,0.,1.));
#5241 = ADVANCED_FACE('',(#5242),#5248,.F.);
#5242 = FACE_BOUND('',#5243,.F.);
#5243 = EDGE_LOOP('',(#5244,#5245,#5246,#5247));
#5244 = ORIENTED_EDGE('',*,*,#5131,.F.);
#5245 = ORIENTED_EDGE('',*,*,#5201,.T.);
#5246 = ORIENTED_EDGE('',*,*,#5171,.T.);
#5247 = ORIENTED_EDGE('',*,*,#5223,.F.);
#5248 = PLANE('',#5249);
#5249 = AXIS2_PLACEMENT_3D('',#5250,#5251,#5252);
#5250 = CARTESIAN_POINT('',(95.,293.,128.));
#5251 = DIRECTION('',(0.,0.,1.));
#5252 = DIRECTION('',(1.,0.,0.));
#5253 = ADVANCED_FACE('',(#5254),#5260,.T.);
#5254 = FACE_BOUND('',#5255,.T.);
#5255 = EDGE_LOOP('',(#5256,#5257,#5258,#5259));
#5256 = ORIENTED_EDGE('',*,*,#5147,.F.);
#5257 = ORIENTED_EDGE('',*,*,#5208,.T.);
#5258 = ORIENTED_EDGE('',*,*,#5187,.T.);
#5259 = ORIENTED_EDGE('',*,*,#5230,.F.);
#5260 = PLANE('',#5261);
#5261 = AXIS2_PLACEMENT_3D('',#5262,#5263,#5264);
#5262 = CARTESIAN_POINT('',(95.,293.,140.));
#5263 = DIRECTION('',(0.,0.,1.));
#5264 = DIRECTION('',(1.,0.,0.));
#5265 = MANIFOLD_SOLID_BREP('',#5266);
#5266 = CLOSED_SHELL('',(#5267,#5307,#5347,#5369,#5391,#5403));
#5267 = ADVANCED_FACE('',(#5268),#5302,.F.);
#5268 = FACE_BOUND('',#5269,.F.);
#5269 = EDGE_LOOP('',(#5270,#5280,#5288,#5296));
#5270 = ORIENTED_EDGE('',*,*,#5271,.F.);
#5271 = EDGE_CURVE('',#5272,#5274,#5276,.T.);
#5272 = VERTEX_POINT('',#5273);
#5273 = CARTESIAN_POINT('',(132.,293.,128.));
#5274 = VERTEX_POINT('',#5275);
#5275 = CARTESIAN_POINT('',(132.,293.,140.));
#5276 = LINE('',#5277,#5278);
#5277 = CARTESIAN_POINT('',(132.,293.,128.));
#5278 = VECTOR('',#5279,1.);
#5279 = DIRECTION('',(0.,0.,1.));
#5280 = ORIENTED_EDGE('',*,*,#5281,.T.);
#5281 = EDGE_CURVE('',#5272,#5282,#5284,.T.);
#5282 = VERTEX_POINT('',#5283);
#5283 = CARTESIAN_POINT('',(132.,298.,128.));
#5284 = LINE('',#5285,#5286);
#5285 = CARTESIAN_POINT('',(132.,293.,128.));
#5286 = VECTOR('',#5287,1.);
#5287 = DIRECTION('',(0.,1.,0.));
#5288 = ORIENTED_EDGE('',*,*,#5289,.T.);
#5289 = EDGE_CURVE('',#5282,#5290,#5292,.T.);
#5290 = VERTEX_POINT('',#5291);
#5291 = CARTESIAN_POINT('',(132.,298.,140.));
#5292 = LINE('',#5293,#5294);
#5293 = CARTESIAN_POINT('',(132.,298.,128.));
#5294 = VECTOR('',#5295,1.);
#5295 = DIRECTION('',(0.,0.,1.));
#5296 = ORIENTED_EDGE('',*,*,#5297,.F.);
#5297 = EDGE_CURVE('',#5274,#5290,#5298,.T.);
#5298 = LINE('',#5299,#5300);
#5299 = CARTESIAN_POINT('',(132.,293.,140.));
#5300 = VECTOR('',#5301,1.);
#5301 = DIRECTION('',(0.,1.,0.));
#5302 = PLANE('',#5303);
#5303 = AXIS2_PLACEMENT_3D('',#5304,#5305,#5306);
#5304 = CARTESIAN_POINT('',(132.,293.,128.));
#5305 = DIRECTION('',(1.,0.,0.));
#5306 = DIRECTION('',(0.,0.,1.));
#5307 = ADVANCED_FACE('',(#5308),#5342,.T.);
#5308 = FACE_BOUND('',#5309,.T.);
#5309 = EDGE_LOOP('',(#5310,#5320,#5328,#5336));
#5310 = ORIENTED_EDGE('',*,*,#5311,.F.);
#5311 = EDGE_CURVE('',#5312,#5314,#5316,.T.);
#5312 = VERTEX_POINT('',#5313);
#5313 = CARTESIAN_POINT('',(145.,293.,128.));
#5314 = VERTEX_POINT('',#5315);
#5315 = CARTESIAN_POINT('',(145.,293.,140.));
#5316 = LINE('',#5317,#5318);
#5317 = CARTESIAN_POINT('',(145.,293.,128.));
#5318 = VECTOR('',#5319,1.);
#5319 = DIRECTION('',(0.,0.,1.));
#5320 = ORIENTED_EDGE('',*,*,#5321,.T.);
#5321 = EDGE_CURVE('',#5312,#5322,#5324,.T.);
#5322 = VERTEX_POINT('',#5323);
#5323 = CARTESIAN_POINT('',(145.,298.,128.));
#5324 = LINE('',#5325,#5326);
#5325 = CARTESIAN_POINT('',(145.,293.,128.));
#5326 = VECTOR('',#5327,1.);
#5327 = DIRECTION('',(0.,1.,0.));
#5328 = ORIENTED_EDGE('',*,*,#5329,.T.);
#5329 = EDGE_CURVE('',#5322,#5330,#5332,.T.);
#5330 = VERTEX_POINT('',#5331);
#5331 = CARTESIAN_POINT('',(145.,298.,140.));
#5332 = LINE('',#5333,#5334);
#5333 = CARTESIAN_POINT('',(145.,298.,128.));
#5334 = VECTOR('',#5335,1.);
#5335 = DIRECTION('',(0.,0.,1.));
#5336 = ORIENTED_EDGE('',*,*,#5337,.F.);
#5337 = EDGE_CURVE('',#5314,#5330,#5338,.T.);
#5338 = LINE('',#5339,#5340);
#5339 = CARTESIAN_POINT('',(145.,293.,140.));
#5340 = VECTOR('',#5341,1.);
#5341 = DIRECTION('',(0.,1.,0.));
#5342 = PLANE('',#5343);
#5343 = AXIS2_PLACEMENT_3D('',#5344,#5345,#5346);
#5344 = CARTESIAN_POINT('',(145.,293.,128.));
#5345 = DIRECTION('',(1.,0.,0.));
#5346 = DIRECTION('',(0.,0.,1.));
#5347 = ADVANCED_FACE('',(#5348),#5364,.F.);
#5348 = FACE_BOUND('',#5349,.F.);
#5349 = EDGE_LOOP('',(#5350,#5356,#5357,#5363));
#5350 = ORIENTED_EDGE('',*,*,#5351,.F.);
#5351 = EDGE_CURVE('',#5272,#5312,#5352,.T.);
#5352 = LINE('',#5353,#5354);
#5353 = CARTESIAN_POINT('',(132.,293.,128.));
#5354 = VECTOR('',#5355,1.);
#5355 = DIRECTION('',(1.,0.,0.));
#5356 = ORIENTED_EDGE('',*,*,#5271,.T.);
#5357 = ORIENTED_EDGE('',*,*,#5358,.T.);
#5358 = EDGE_CURVE('',#5274,#5314,#5359,.T.);
#5359 = LINE('',#5360,#5361);
#5360 = CARTESIAN_POINT('',(132.,293.,140.));
#5361 = VECTOR('',#5362,1.);
#5362 = DIRECTION('',(1.,0.,0.));
#5363 = ORIENTED_EDGE('',*,*,#5311,.F.);
#5364 = PLANE('',#5365);
#5365 = AXIS2_PLACEMENT_3D('',#5366,#5367,#5368);
#5366 = CARTESIAN_POINT('',(132.,293.,128.));
#5367 = DIRECTION('',(0.,1.,0.));
#5368 = DIRECTION('',(0.,0.,1.));
#5369 = ADVANCED_FACE('',(#5370),#5386,.T.);
#5370 = FACE_BOUND('',#5371,.T.);
#5371 = EDGE_LOOP('',(#5372,#5378,#5379,#5385));
#5372 = ORIENTED_EDGE('',*,*,#5373,.F.);
#5373 = EDGE_CURVE('',#5282,#5322,#5374,.T.);
#5374 = LINE('',#5375,#5376);
#5375 = CARTESIAN_POINT('',(132.,298.,128.));
#5376 = VECTOR('',#5377,1.);
#5377 = DIRECTION('',(1.,0.,0.));
#5378 = ORIENTED_EDGE('',*,*,#5289,.T.);
#5379 = ORIENTED_EDGE('',*,*,#5380,.T.);
#5380 = EDGE_CURVE('',#5290,#5330,#5381,.T.);
#5381 = LINE('',#5382,#5383);
#5382 = CARTESIAN_POINT('',(132.,298.,140.));
#5383 = VECTOR('',#5384,1.);
#5384 = DIRECTION('',(1.,0.,0.));
#5385 = ORIENTED_EDGE('',*,*,#5329,.F.);
#5386 = PLANE('',#5387);
#5387 = AXIS2_PLACEMENT_3D('',#5388,#5389,#5390);
#5388 = CARTESIAN_POINT('',(132.,298.,128.));
#5389 = DIRECTION('',(0.,1.,0.));
#5390 = DIRECTION('',(0.,0.,1.));
#5391 = ADVANCED_FACE('',(#5392),#5398,.F.);
#5392 = FACE_BOUND('',#5393,.F.);
#5393 = EDGE_LOOP('',(#5394,#5395,#5396,#5397));
#5394 = ORIENTED_EDGE('',*,*,#5281,.F.);
#5395 = ORIENTED_EDGE('',*,*,#5351,.T.);
#5396 = ORIENTED_EDGE('',*,*,#5321,.T.);
#5397 = ORIENTED_EDGE('',*,*,#5373,.F.);
#5398 = PLANE('',#5399);
#5399 = AXIS2_PLACEMENT_3D('',#5400,#5401,#5402);
#5400 = CARTESIAN_POINT('',(132.,293.,128.));
#5401 = DIRECTION('',(0.,0.,1.));
#5402 = DIRECTION('',(1.,0.,0.));
#5403 = ADVANCED_FACE('',(#5404),#5410,.T.);
#5404 = FACE_BOUND('',#5405,.T.);
#5405 = EDGE_LOOP('',(#5406,#5407,#5408,#5409));
#5406 = ORIENTED_EDGE('',*,*,#5297,.F.);
#5407 = ORIENTED_EDGE('',*,*,#5358,.T.);
#5408 = ORIENTED_EDGE('',*,*,#5337,.T.);
#5409 = ORIENTED_EDGE('',*,*,#5380,.F.);
#5410 = PLANE('',#5411);
#5411 = AXIS2_PLACEMENT_3D('',#5412,#5413,#5414);
#5412 = CARTESIAN_POINT('',(132.,293.,140.));
#5413 = DIRECTION('',(0.,0.,1.));
#5414 = DIRECTION('',(1.,0.,0.));
#5415 = MANIFOLD_SOLID_BREP('',#5416);
#5416 = CLOSED_SHELL('',(#5417,#5457,#5497,#5519,#5541,#5553));
#5417 = ADVANCED_FACE('',(#5418),#5452,.F.);
#5418 = FACE_BOUND('',#5419,.F.);
#5419 = EDGE_LOOP('',(#5420,#5430,#5438,#5446));
#5420 = ORIENTED_EDGE('',*,*,#5421,.F.);
#5421 = EDGE_CURVE('',#5422,#5424,#5426,.T.);
#5422 = VERTEX_POINT('',#5423);
#5423 = CARTESIAN_POINT('',(95.,352.,128.));
#5424 = VERTEX_POINT('',#5425);
#5425 = CARTESIAN_POINT('',(95.,352.,140.));
#5426 = LINE('',#5427,#5428);
#5427 = CARTESIAN_POINT('',(95.,352.,128.));
#5428 = VECTOR('',#5429,1.);
#5429 = DIRECTION('',(0.,0.,1.));
#5430 = ORIENTED_EDGE('',*,*,#5431,.T.);
#5431 = EDGE_CURVE('',#5422,#5432,#5434,.T.);
#5432 = VERTEX_POINT('',#5433);
#5433 = CARTESIAN_POINT('',(95.,357.,128.));
#5434 = LINE('',#5435,#5436);
#5435 = CARTESIAN_POINT('',(95.,352.,128.));
#5436 = VECTOR('',#5437,1.);
#5437 = DIRECTION('',(0.,1.,0.));
#5438 = ORIENTED_EDGE('',*,*,#5439,.T.);
#5439 = EDGE_CURVE('',#5432,#5440,#5442,.T.);
#5440 = VERTEX_POINT('',#5441);
#5441 = CARTESIAN_POINT('',(95.,357.,140.));
#5442 = LINE('',#5443,#5444);
#5443 = CARTESIAN_POINT('',(95.,357.,128.));
#5444 = VECTOR('',#5445,1.);
#5445 = DIRECTION('',(0.,0.,1.));
#5446 = ORIENTED_EDGE('',*,*,#5447,.F.);
#5447 = EDGE_CURVE('',#5424,#5440,#5448,.T.);
#5448 = LINE('',#5449,#5450);
#5449 = CARTESIAN_POINT('',(95.,352.,140.));
#5450 = VECTOR('',#5451,1.);
#5451 = DIRECTION('',(0.,1.,0.));
#5452 = PLANE('',#5453);
#5453 = AXIS2_PLACEMENT_3D('',#5454,#5455,#5456);
#5454 = CARTESIAN_POINT('',(95.,352.,128.));
#5455 = DIRECTION('',(1.,0.,0.));
#5456 = DIRECTION('',(0.,0.,1.));
#5457 = ADVANCED_FACE('',(#5458),#5492,.T.);
#5458 = FACE_BOUND('',#5459,.T.);
#5459 = EDGE_LOOP('',(#5460,#5470,#5478,#5486));
#5460 = ORIENTED_EDGE('',*,*,#5461,.F.);
#5461 = EDGE_CURVE('',#5462,#5464,#5466,.T.);
#5462 = VERTEX_POINT('',#5463);
#5463 = CARTESIAN_POINT('',(145.,352.,128.));
#5464 = VERTEX_POINT('',#5465);
#5465 = CARTESIAN_POINT('',(145.,352.,140.));
#5466 = LINE('',#5467,#5468);
#5467 = CARTESIAN_POINT('',(145.,352.,128.));
#5468 = VECTOR('',#5469,1.);
#5469 = DIRECTION('',(0.,0.,1.));
#5470 = ORIENTED_EDGE('',*,*,#5471,.T.);
#5471 = EDGE_CURVE('',#5462,#5472,#5474,.T.);
#5472 = VERTEX_POINT('',#5473);
#5473 = CARTESIAN_POINT('',(145.,357.,128.));
#5474 = LINE('',#5475,#5476);
#5475 = CARTESIAN_POINT('',(145.,352.,128.));
#5476 = VECTOR('',#5477,1.);
#5477 = DIRECTION('',(0.,1.,0.));
#5478 = ORIENTED_EDGE('',*,*,#5479,.T.);
#5479 = EDGE_CURVE('',#5472,#5480,#5482,.T.);
#5480 = VERTEX_POINT('',#5481);
#5481 = CARTESIAN_POINT('',(145.,357.,140.));
#5482 = LINE('',#5483,#5484);
#5483 = CARTESIAN_POINT('',(145.,357.,128.));
#5484 = VECTOR('',#5485,1.);
#5485 = DIRECTION('',(0.,0.,1.));
#5486 = ORIENTED_EDGE('',*,*,#5487,.F.);
#5487 = EDGE_CURVE('',#5464,#5480,#5488,.T.);
#5488 = LINE('',#5489,#5490);
#5489 = CARTESIAN_POINT('',(145.,352.,140.));
#5490 = VECTOR('',#5491,1.);
#5491 = DIRECTION('',(0.,1.,0.));
#5492 = PLANE('',#5493);
#5493 = AXIS2_PLACEMENT_3D('',#5494,#5495,#5496);
#5494 = CARTESIAN_POINT('',(145.,352.,128.));
#5495 = DIRECTION('',(1.,0.,0.));
#5496 = DIRECTION('',(0.,0.,1.));
#5497 = ADVANCED_FACE('',(#5498),#5514,.F.);
#5498 = FACE_BOUND('',#5499,.F.);
#5499 = EDGE_LOOP('',(#5500,#5506,#5507,#5513));
#5500 = ORIENTED_EDGE('',*,*,#5501,.F.);
#5501 = EDGE_CURVE('',#5422,#5462,#5502,.T.);
#5502 = LINE('',#5503,#5504);
#5503 = CARTESIAN_POINT('',(95.,352.,128.));
#5504 = VECTOR('',#5505,1.);
#5505 = DIRECTION('',(1.,0.,0.));
#5506 = ORIENTED_EDGE('',*,*,#5421,.T.);
#5507 = ORIENTED_EDGE('',*,*,#5508,.T.);
#5508 = EDGE_CURVE('',#5424,#5464,#5509,.T.);
#5509 = LINE('',#5510,#5511);
#5510 = CARTESIAN_POINT('',(95.,352.,140.));
#5511 = VECTOR('',#5512,1.);
#5512 = DIRECTION('',(1.,0.,0.));
#5513 = ORIENTED_EDGE('',*,*,#5461,.F.);
#5514 = PLANE('',#5515);
#5515 = AXIS2_PLACEMENT_3D('',#5516,#5517,#5518);
#5516 = CARTESIAN_POINT('',(95.,352.,128.));
#5517 = DIRECTION('',(0.,1.,0.));
#5518 = DIRECTION('',(0.,0.,1.));
#5519 = ADVANCED_FACE('',(#5520),#5536,.T.);
#5520 = FACE_BOUND('',#5521,.T.);
#5521 = EDGE_LOOP('',(#5522,#5528,#5529,#5535));
#5522 = ORIENTED_EDGE('',*,*,#5523,.F.);
#5523 = EDGE_CURVE('',#5432,#5472,#5524,.T.);
#5524 = LINE('',#5525,#5526);
#5525 = CARTESIAN_POINT('',(95.,357.,128.));
#5526 = VECTOR('',#5527,1.);
#5527 = DIRECTION('',(1.,0.,0.));
#5528 = ORIENTED_EDGE('',*,*,#5439,.T.);
#5529 = ORIENTED_EDGE('',*,*,#5530,.T.);
#5530 = EDGE_CURVE('',#5440,#5480,#5531,.T.);
#5531 = LINE('',#5532,#5533);
#5532 = CARTESIAN_POINT('',(95.,357.,140.));
#5533 = VECTOR('',#5534,1.);
#5534 = DIRECTION('',(1.,0.,0.));
#5535 = ORIENTED_EDGE('',*,*,#5479,.F.);
#5536 = PLANE('',#5537);
#5537 = AXIS2_PLACEMENT_3D('',#5538,#5539,#5540);
#5538 = CARTESIAN_POINT('',(95.,357.,128.));
#5539 = DIRECTION('',(0.,1.,0.));
#5540 = DIRECTION('',(0.,0.,1.));
#5541 = ADVANCED_FACE('',(#5542),#5548,.F.);
#5542 = FACE_BOUND('',#5543,.F.);
#5543 = EDGE_LOOP('',(#5544,#5545,#5546,#5547));
#5544 = ORIENTED_EDGE('',*,*,#5431,.F.);
#5545 = ORIENTED_EDGE('',*,*,#5501,.T.);
#5546 = ORIENTED_EDGE('',*,*,#5471,.T.);
#5547 = ORIENTED_EDGE('',*,*,#5523,.F.);
#5548 = PLANE('',#5549);
#5549 = AXIS2_PLACEMENT_3D('',#5550,#5551,#5552);
#5550 = CARTESIAN_POINT('',(95.,352.,128.));
#5551 = DIRECTION('',(0.,0.,1.));
#5552 = DIRECTION('',(1.,0.,0.));
#5553 = ADVANCED_FACE('',(#5554),#5560,.T.);
#5554 = FACE_BOUND('',#5555,.T.);
#5555 = EDGE_LOOP('',(#5556,#5557,#5558,#5559));
#5556 = ORIENTED_EDGE('',*,*,#5447,.F.);
#5557 = ORIENTED_EDGE('',*,*,#5508,.T.);
#5558 = ORIENTED_EDGE('',*,*,#5487,.T.);
#5559 = ORIENTED_EDGE('',*,*,#5530,.F.);
#5560 = PLANE('',#5561);
#5561 = AXIS2_PLACEMENT_3D('',#5562,#5563,#5564);
#5562 = CARTESIAN_POINT('',(95.,352.,140.));
#5563 = DIRECTION('',(0.,0.,1.));
#5564 = DIRECTION('',(1.,0.,0.));
#5565 = MANIFOLD_SOLID_BREP('',#5566);
#5566 = CLOSED_SHELL('',(#5567,#5600,#5609));
#5567 = ADVANCED_FACE('',(#5568),#5595,.T.);
#5568 = FACE_BOUND('',#5569,.T.);
#5569 = EDGE_LOOP('',(#5570,#5579,#5587,#5594));
#5570 = ORIENTED_EDGE('',*,*,#5571,.F.);
#5571 = EDGE_CURVE('',#5572,#5572,#5574,.T.);
#5572 = VERTEX_POINT('',#5573);
#5573 = CARTESIAN_POINT('',(142.5,325.,144.));
#5574 = CIRCLE('',#5575,22.5);
#5575 = AXIS2_PLACEMENT_3D('',#5576,#5577,#5578);
#5576 = CARTESIAN_POINT('',(120.,325.,144.));
#5577 = DIRECTION('',(0.,0.,1.));
#5578 = DIRECTION('',(1.,0.,0.));
#5579 = ORIENTED_EDGE('',*,*,#5580,.F.);
#5580 = EDGE_CURVE('',#5581,#5572,#5583,.T.);
#5581 = VERTEX_POINT('',#5582);
#5582 = CARTESIAN_POINT('',(142.5,325.,128.));
#5583 = LINE('',#5584,#5585);
#5584 = CARTESIAN_POINT('',(142.5,325.,128.));
#5585 = VECTOR('',#5586,1.);
#5586 = DIRECTION('',(0.,0.,1.));
#5587 = ORIENTED_EDGE('',*,*,#5588,.T.);
#5588 = EDGE_CURVE('',#5581,#5581,#5589,.T.);
#5589 = CIRCLE('',#5590,22.5);
#5590 = AXIS2_PLACEMENT_3D('',#5591,#5592,#5593);
#5591 = CARTESIAN_POINT('',(120.,325.,128.));
#5592 = DIRECTION('',(0.,0.,1.));
#5593 = DIRECTION('',(1.,0.,0.));
#5594 = ORIENTED_EDGE('',*,*,#5580,.T.);
#5595 = CYLINDRICAL_SURFACE('',#5596,22.5);
#5596 = AXIS2_PLACEMENT_3D('',#5597,#5598,#5599);
#5597 = CARTESIAN_POINT('',(120.,325.,128.));
#5598 = DIRECTION('',(0.,0.,1.));
#5599 = DIRECTION('',(1.,0.,0.));
#5600 = ADVANCED_FACE('',(#5601),#5604,.T.);
#5601 = FACE_BOUND('',#5602,.T.);
#5602 = EDGE_LOOP('',(#5603));
#5603 = ORIENTED_EDGE('',*,*,#5571,.T.);
#5604 = PLANE('',#5605);
#5605 = AXIS2_PLACEMENT_3D('',#5606,#5607,#5608);
#5606 = CARTESIAN_POINT('',(120.,325.,144.));
#5607 = DIRECTION('',(0.,0.,1.));
#5608 = DIRECTION('',(1.,0.,0.));
#5609 = ADVANCED_FACE('',(#5610),#5613,.F.);
#5610 = FACE_BOUND('',#5611,.T.);
#5611 = EDGE_LOOP('',(#5612));
#5612 = ORIENTED_EDGE('',*,*,#5588,.F.);
#5613 = PLANE('',#5614);
#5614 = AXIS2_PLACEMENT_3D('',#5615,#5616,#5617);
#5615 = CARTESIAN_POINT('',(120.,325.,128.));
#5616 = DIRECTION('',(0.,0.,1.));
#5617 = DIRECTION('',(1.,0.,0.));
#5618 = MANIFOLD_SOLID_BREP('',#5619);
#5619 = CLOSED_SHELL('',(#5620,#5653,#5662));
#5620 = ADVANCED_FACE('',(#5621),#5648,.T.);
#5621 = FACE_BOUND('',#5622,.T.);
#5622 = EDGE_LOOP('',(#5623,#5632,#5640,#5647));
#5623 = ORIENTED_EDGE('',*,*,#5624,.F.);
#5624 = EDGE_CURVE('',#5625,#5625,#5627,.T.);
#5625 = VERTEX_POINT('',#5626);
#5626 = CARTESIAN_POINT('',(142.5,325.,148.));
#5627 = CIRCLE('',#5628,22.5);
#5628 = AXIS2_PLACEMENT_3D('',#5629,#5630,#5631);
#5629 = CARTESIAN_POINT('',(120.,325.,148.));
#5630 = DIRECTION('',(0.,0.,1.));
#5631 = DIRECTION('',(1.,0.,0.));
#5632 = ORIENTED_EDGE('',*,*,#5633,.F.);
#5633 = EDGE_CURVE('',#5634,#5625,#5636,.T.);
#5634 = VERTEX_POINT('',#5635);
#5635 = CARTESIAN_POINT('',(142.5,325.,144.));
#5636 = LINE('',#5637,#5638);
#5637 = CARTESIAN_POINT('',(142.5,325.,144.));
#5638 = VECTOR('',#5639,1.);
#5639 = DIRECTION('',(0.,0.,1.));
#5640 = ORIENTED_EDGE('',*,*,#5641,.T.);
#5641 = EDGE_CURVE('',#5634,#5634,#5642,.T.);
#5642 = CIRCLE('',#5643,22.5);
#5643 = AXIS2_PLACEMENT_3D('',#5644,#5645,#5646);
#5644 = CARTESIAN_POINT('',(120.,325.,144.));
#5645 = DIRECTION('',(0.,0.,1.));
#5646 = DIRECTION('',(1.,0.,0.));
#5647 = ORIENTED_EDGE('',*,*,#5633,.T.);
#5648 = CYLINDRICAL_SURFACE('',#5649,22.5);
#5649 = AXIS2_PLACEMENT_3D('',#5650,#5651,#5652);
#5650 = CARTESIAN_POINT('',(120.,325.,144.));
#5651 = DIRECTION('',(0.,0.,1.));
#5652 = DIRECTION('',(1.,0.,0.));
#5653 = ADVANCED_FACE('',(#5654),#5657,.T.);
#5654 = FACE_BOUND('',#5655,.T.);
#5655 = EDGE_LOOP('',(#5656));
#5656 = ORIENTED_EDGE('',*,*,#5624,.T.);
#5657 = PLANE('',#5658);
#5658 = AXIS2_PLACEMENT_3D('',#5659,#5660,#5661);
#5659 = CARTESIAN_POINT('',(120.,325.,148.));
#5660 = DIRECTION('',(0.,0.,1.));
#5661 = DIRECTION('',(1.,0.,0.));
#5662 = ADVANCED_FACE('',(#5663),#5666,.F.);
#5663 = FACE_BOUND('',#5664,.T.);
#5664 = EDGE_LOOP('',(#5665));
#5665 = ORIENTED_EDGE('',*,*,#5641,.F.);
#5666 = PLANE('',#5667);
#5667 = AXIS2_PLACEMENT_3D('',#5668,#5669,#5670);
#5668 = CARTESIAN_POINT('',(120.,325.,144.));
#5669 = DIRECTION('',(0.,0.,1.));
#5670 = DIRECTION('',(1.,0.,0.));
#5671 = MANIFOLD_SOLID_BREP('',#5672);
#5672 = CLOSED_SHELL('',(#5673,#5713,#5753,#5775,#5797,#5809));
#5673 = ADVANCED_FACE('',(#5674),#5708,.F.);
#5674 = FACE_BOUND('',#5675,.F.);
#5675 = EDGE_LOOP('',(#5676,#5686,#5694,#5702));
#5676 = ORIENTED_EDGE('',*,*,#5677,.F.);
#5677 = EDGE_CURVE('',#5678,#5680,#5682,.T.);
#5678 = VERTEX_POINT('',#5679);
#5679 = CARTESIAN_POINT('',(210.,293.,120.));
#5680 = VERTEX_POINT('',#5681);
#5681 = CARTESIAN_POINT('',(210.,293.,128.));
#5682 = LINE('',#5683,#5684);
#5683 = CARTESIAN_POINT('',(210.,293.,120.));
#5684 = VECTOR('',#5685,1.);
#5685 = DIRECTION('',(0.,0.,1.));
#5686 = ORIENTED_EDGE('',*,*,#5687,.T.);
#5687 = EDGE_CURVE('',#5678,#5688,#5690,.T.);
#5688 = VERTEX_POINT('',#5689);
#5689 = CARTESIAN_POINT('',(210.,357.,120.));
#5690 = LINE('',#5691,#5692);
#5691 = CARTESIAN_POINT('',(210.,293.,120.));
#5692 = VECTOR('',#5693,1.);
#5693 = DIRECTION('',(0.,1.,0.));
#5694 = ORIENTED_EDGE('',*,*,#5695,.T.);
#5695 = EDGE_CURVE('',#5688,#5696,#5698,.T.);
#5696 = VERTEX_POINT('',#5697);
#5697 = CARTESIAN_POINT('',(210.,357.,128.));
#5698 = LINE('',#5699,#5700);
#5699 = CARTESIAN_POINT('',(210.,357.,120.));
#5700 = VECTOR('',#5701,1.);
#5701 = DIRECTION('',(0.,0.,1.));
#5702 = ORIENTED_EDGE('',*,*,#5703,.F.);
#5703 = EDGE_CURVE('',#5680,#5696,#5704,.T.);
#5704 = LINE('',#5705,#5706);
#5705 = CARTESIAN_POINT('',(210.,293.,128.));
#5706 = VECTOR('',#5707,1.);
#5707 = DIRECTION('',(0.,1.,0.));
#5708 = PLANE('',#5709);
#5709 = AXIS2_PLACEMENT_3D('',#5710,#5711,#5712);
#5710 = CARTESIAN_POINT('',(210.,293.,120.));
#5711 = DIRECTION('',(1.,0.,0.));
#5712 = DIRECTION('',(0.,0.,1.));
#5713 = ADVANCED_FACE('',(#5714),#5748,.T.);
#5714 = FACE_BOUND('',#5715,.T.);
#5715 = EDGE_LOOP('',(#5716,#5726,#5734,#5742));
#5716 = ORIENTED_EDGE('',*,*,#5717,.F.);
#5717 = EDGE_CURVE('',#5718,#5720,#5722,.T.);
#5718 = VERTEX_POINT('',#5719);
#5719 = CARTESIAN_POINT('',(270.,293.,120.));
#5720 = VERTEX_POINT('',#5721);
#5721 = CARTESIAN_POINT('',(270.,293.,128.));
#5722 = LINE('',#5723,#5724);
#5723 = CARTESIAN_POINT('',(270.,293.,120.));
#5724 = VECTOR('',#5725,1.);
#5725 = DIRECTION('',(0.,0.,1.));
#5726 = ORIENTED_EDGE('',*,*,#5727,.T.);
#5727 = EDGE_CURVE('',#5718,#5728,#5730,.T.);
#5728 = VERTEX_POINT('',#5729);
#5729 = CARTESIAN_POINT('',(270.,357.,120.));
#5730 = LINE('',#5731,#5732);
#5731 = CARTESIAN_POINT('',(270.,293.,120.));
#5732 = VECTOR('',#5733,1.);
#5733 = DIRECTION('',(0.,1.,0.));
#5734 = ORIENTED_EDGE('',*,*,#5735,.T.);
#5735 = EDGE_CURVE('',#5728,#5736,#5738,.T.);
#5736 = VERTEX_POINT('',#5737);
#5737 = CARTESIAN_POINT('',(270.,357.,128.));
#5738 = LINE('',#5739,#5740);
#5739 = CARTESIAN_POINT('',(270.,357.,120.));
#5740 = VECTOR('',#5741,1.);
#5741 = DIRECTION('',(0.,0.,1.));
#5742 = ORIENTED_EDGE('',*,*,#5743,.F.);
#5743 = EDGE_CURVE('',#5720,#5736,#5744,.T.);
#5744 = LINE('',#5745,#5746);
#5745 = CARTESIAN_POINT('',(270.,293.,128.));
#5746 = VECTOR('',#5747,1.);
#5747 = DIRECTION('',(0.,1.,0.));
#5748 = PLANE('',#5749);
#5749 = AXIS2_PLACEMENT_3D('',#5750,#5751,#5752);
#5750 = CARTESIAN_POINT('',(270.,293.,120.));
#5751 = DIRECTION('',(1.,0.,0.));
#5752 = DIRECTION('',(0.,0.,1.));
#5753 = ADVANCED_FACE('',(#5754),#5770,.F.);
#5754 = FACE_BOUND('',#5755,.F.);
#5755 = EDGE_LOOP('',(#5756,#5762,#5763,#5769));
#5756 = ORIENTED_EDGE('',*,*,#5757,.F.);
#5757 = EDGE_CURVE('',#5678,#5718,#5758,.T.);
#5758 = LINE('',#5759,#5760);
#5759 = CARTESIAN_POINT('',(210.,293.,120.));
#5760 = VECTOR('',#5761,1.);
#5761 = DIRECTION('',(1.,0.,0.));
#5762 = ORIENTED_EDGE('',*,*,#5677,.T.);
#5763 = ORIENTED_EDGE('',*,*,#5764,.T.);
#5764 = EDGE_CURVE('',#5680,#5720,#5765,.T.);
#5765 = LINE('',#5766,#5767);
#5766 = CARTESIAN_POINT('',(210.,293.,128.));
#5767 = VECTOR('',#5768,1.);
#5768 = DIRECTION('',(1.,0.,0.));
#5769 = ORIENTED_EDGE('',*,*,#5717,.F.);
#5770 = PLANE('',#5771);
#5771 = AXIS2_PLACEMENT_3D('',#5772,#5773,#5774);
#5772 = CARTESIAN_POINT('',(210.,293.,120.));
#5773 = DIRECTION('',(0.,1.,0.));
#5774 = DIRECTION('',(0.,0.,1.));
#5775 = ADVANCED_FACE('',(#5776),#5792,.T.);
#5776 = FACE_BOUND('',#5777,.T.);
#5777 = EDGE_LOOP('',(#5778,#5784,#5785,#5791));
#5778 = ORIENTED_EDGE('',*,*,#5779,.F.);
#5779 = EDGE_CURVE('',#5688,#5728,#5780,.T.);
#5780 = LINE('',#5781,#5782);
#5781 = CARTESIAN_POINT('',(210.,357.,120.));
#5782 = VECTOR('',#5783,1.);
#5783 = DIRECTION('',(1.,0.,0.));
#5784 = ORIENTED_EDGE('',*,*,#5695,.T.);
#5785 = ORIENTED_EDGE('',*,*,#5786,.T.);
#5786 = EDGE_CURVE('',#5696,#5736,#5787,.T.);
#5787 = LINE('',#5788,#5789);
#5788 = CARTESIAN_POINT('',(210.,357.,128.));
#5789 = VECTOR('',#5790,1.);
#5790 = DIRECTION('',(1.,0.,0.));
#5791 = ORIENTED_EDGE('',*,*,#5735,.F.);
#5792 = PLANE('',#5793);
#5793 = AXIS2_PLACEMENT_3D('',#5794,#5795,#5796);
#5794 = CARTESIAN_POINT('',(210.,357.,120.));
#5795 = DIRECTION('',(0.,1.,0.));
#5796 = DIRECTION('',(0.,0.,1.));
#5797 = ADVANCED_FACE('',(#5798),#5804,.F.);
#5798 = FACE_BOUND('',#5799,.F.);
#5799 = EDGE_LOOP('',(#5800,#5801,#5802,#5803));
#5800 = ORIENTED_EDGE('',*,*,#5687,.F.);
#5801 = ORIENTED_EDGE('',*,*,#5757,.T.);
#5802 = ORIENTED_EDGE('',*,*,#5727,.T.);
#5803 = ORIENTED_EDGE('',*,*,#5779,.F.);
#5804 = PLANE('',#5805);
#5805 = AXIS2_PLACEMENT_3D('',#5806,#5807,#5808);
#5806 = CARTESIAN_POINT('',(210.,293.,120.));
#5807 = DIRECTION('',(0.,0.,1.));
#5808 = DIRECTION('',(1.,0.,0.));
#5809 = ADVANCED_FACE('',(#5810),#5816,.T.);
#5810 = FACE_BOUND('',#5811,.T.);
#5811 = EDGE_LOOP('',(#5812,#5813,#5814,#5815));
#5812 = ORIENTED_EDGE('',*,*,#5703,.F.);
#5813 = ORIENTED_EDGE('',*,*,#5764,.T.);
#5814 = ORIENTED_EDGE('',*,*,#5743,.T.);
#5815 = ORIENTED_EDGE('',*,*,#5786,.F.);
#5816 = PLANE('',#5817);
#5817 = AXIS2_PLACEMENT_3D('',#5818,#5819,#5820);
#5818 = CARTESIAN_POINT('',(210.,293.,128.));
#5819 = DIRECTION('',(0.,0.,1.));
#5820 = DIRECTION('',(1.,0.,0.));
#5821 = MANIFOLD_SOLID_BREP('',#5822);
#5822 = CLOSED_SHELL('',(#5823,#5863,#5903,#5925,#5947,#5959));
#5823 = ADVANCED_FACE('',(#5824),#5858,.F.);
#5824 = FACE_BOUND('',#5825,.F.);
#5825 = EDGE_LOOP('',(#5826,#5836,#5844,#5852));
#5826 = ORIENTED_EDGE('',*,*,#5827,.F.);
#5827 = EDGE_CURVE('',#5828,#5830,#5832,.T.);
#5828 = VERTEX_POINT('',#5829);
#5829 = CARTESIAN_POINT('',(210.,293.,128.));
#5830 = VERTEX_POINT('',#5831);
#5831 = CARTESIAN_POINT('',(210.,293.,140.));
#5832 = LINE('',#5833,#5834);
#5833 = CARTESIAN_POINT('',(210.,293.,128.));
#5834 = VECTOR('',#5835,1.);
#5835 = DIRECTION('',(0.,0.,1.));
#5836 = ORIENTED_EDGE('',*,*,#5837,.T.);
#5837 = EDGE_CURVE('',#5828,#5838,#5840,.T.);
#5838 = VERTEX_POINT('',#5839);
#5839 = CARTESIAN_POINT('',(210.,357.,128.));
#5840 = LINE('',#5841,#5842);
#5841 = CARTESIAN_POINT('',(210.,293.,128.));
#5842 = VECTOR('',#5843,1.);
#5843 = DIRECTION('',(0.,1.,0.));
#5844 = ORIENTED_EDGE('',*,*,#5845,.T.);
#5845 = EDGE_CURVE('',#5838,#5846,#5848,.T.);
#5846 = VERTEX_POINT('',#5847);
#5847 = CARTESIAN_POINT('',(210.,357.,140.));
#5848 = LINE('',#5849,#5850);
#5849 = CARTESIAN_POINT('',(210.,357.,128.));
#5850 = VECTOR('',#5851,1.);
#5851 = DIRECTION('',(0.,0.,1.));
#5852 = ORIENTED_EDGE('',*,*,#5853,.F.);
#5853 = EDGE_CURVE('',#5830,#5846,#5854,.T.);
#5854 = LINE('',#5855,#5856);
#5855 = CARTESIAN_POINT('',(210.,293.,140.));
#5856 = VECTOR('',#5857,1.);
#5857 = DIRECTION('',(0.,1.,0.));
#5858 = PLANE('',#5859);
#5859 = AXIS2_PLACEMENT_3D('',#5860,#5861,#5862);
#5860 = CARTESIAN_POINT('',(210.,293.,128.));
#5861 = DIRECTION('',(1.,0.,0.));
#5862 = DIRECTION('',(0.,0.,1.));
#5863 = ADVANCED_FACE('',(#5864),#5898,.T.);
#5864 = FACE_BOUND('',#5865,.T.);
#5865 = EDGE_LOOP('',(#5866,#5876,#5884,#5892));
#5866 = ORIENTED_EDGE('',*,*,#5867,.F.);
#5867 = EDGE_CURVE('',#5868,#5870,#5872,.T.);
#5868 = VERTEX_POINT('',#5869);
#5869 = CARTESIAN_POINT('',(215.,293.,128.));
#5870 = VERTEX_POINT('',#5871);
#5871 = CARTESIAN_POINT('',(215.,293.,140.));
#5872 = LINE('',#5873,#5874);
#5873 = CARTESIAN_POINT('',(215.,293.,128.));
#5874 = VECTOR('',#5875,1.);
#5875 = DIRECTION('',(0.,0.,1.));
#5876 = ORIENTED_EDGE('',*,*,#5877,.T.);
#5877 = EDGE_CURVE('',#5868,#5878,#5880,.T.);
#5878 = VERTEX_POINT('',#5879);
#5879 = CARTESIAN_POINT('',(215.,357.,128.));
#5880 = LINE('',#5881,#5882);
#5881 = CARTESIAN_POINT('',(215.,293.,128.));
#5882 = VECTOR('',#5883,1.);
#5883 = DIRECTION('',(0.,1.,0.));
#5884 = ORIENTED_EDGE('',*,*,#5885,.T.);
#5885 = EDGE_CURVE('',#5878,#5886,#5888,.T.);
#5886 = VERTEX_POINT('',#5887);
#5887 = CARTESIAN_POINT('',(215.,357.,140.));
#5888 = LINE('',#5889,#5890);
#5889 = CARTESIAN_POINT('',(215.,357.,128.));
#5890 = VECTOR('',#5891,1.);
#5891 = DIRECTION('',(0.,0.,1.));
#5892 = ORIENTED_EDGE('',*,*,#5893,.F.);
#5893 = EDGE_CURVE('',#5870,#5886,#5894,.T.);
#5894 = LINE('',#5895,#5896);
#5895 = CARTESIAN_POINT('',(215.,293.,140.));
#5896 = VECTOR('',#5897,1.);
#5897 = DIRECTION('',(0.,1.,0.));
#5898 = PLANE('',#5899);
#5899 = AXIS2_PLACEMENT_3D('',#5900,#5901,#5902);
#5900 = CARTESIAN_POINT('',(215.,293.,128.));
#5901 = DIRECTION('',(1.,0.,0.));
#5902 = DIRECTION('',(0.,0.,1.));
#5903 = ADVANCED_FACE('',(#5904),#5920,.F.);
#5904 = FACE_BOUND('',#5905,.F.);
#5905 = EDGE_LOOP('',(#5906,#5912,#5913,#5919));
#5906 = ORIENTED_EDGE('',*,*,#5907,.F.);
#5907 = EDGE_CURVE('',#5828,#5868,#5908,.T.);
#5908 = LINE('',#5909,#5910);
#5909 = CARTESIAN_POINT('',(210.,293.,128.));
#5910 = VECTOR('',#5911,1.);
#5911 = DIRECTION('',(1.,0.,0.));
#5912 = ORIENTED_EDGE('',*,*,#5827,.T.);
#5913 = ORIENTED_EDGE('',*,*,#5914,.T.);
#5914 = EDGE_CURVE('',#5830,#5870,#5915,.T.);
#5915 = LINE('',#5916,#5917);
#5916 = CARTESIAN_POINT('',(210.,293.,140.));
#5917 = VECTOR('',#5918,1.);
#5918 = DIRECTION('',(1.,0.,0.));
#5919 = ORIENTED_EDGE('',*,*,#5867,.F.);
#5920 = PLANE('',#5921);
#5921 = AXIS2_PLACEMENT_3D('',#5922,#5923,#5924);
#5922 = CARTESIAN_POINT('',(210.,293.,128.));
#5923 = DIRECTION('',(0.,1.,0.));
#5924 = DIRECTION('',(0.,0.,1.));
#5925 = ADVANCED_FACE('',(#5926),#5942,.T.);
#5926 = FACE_BOUND('',#5927,.T.);
#5927 = EDGE_LOOP('',(#5928,#5934,#5935,#5941));
#5928 = ORIENTED_EDGE('',*,*,#5929,.F.);
#5929 = EDGE_CURVE('',#5838,#5878,#5930,.T.);
#5930 = LINE('',#5931,#5932);
#5931 = CARTESIAN_POINT('',(210.,357.,128.));
#5932 = VECTOR('',#5933,1.);
#5933 = DIRECTION('',(1.,0.,0.));
#5934 = ORIENTED_EDGE('',*,*,#5845,.T.);
#5935 = ORIENTED_EDGE('',*,*,#5936,.T.);
#5936 = EDGE_CURVE('',#5846,#5886,#5937,.T.);
#5937 = LINE('',#5938,#5939);
#5938 = CARTESIAN_POINT('',(210.,357.,140.));
#5939 = VECTOR('',#5940,1.);
#5940 = DIRECTION('',(1.,0.,0.));
#5941 = ORIENTED_EDGE('',*,*,#5885,.F.);
#5942 = PLANE('',#5943);
#5943 = AXIS2_PLACEMENT_3D('',#5944,#5945,#5946);
#5944 = CARTESIAN_POINT('',(210.,357.,128.));
#5945 = DIRECTION('',(0.,1.,0.));
#5946 = DIRECTION('',(0.,0.,1.));
#5947 = ADVANCED_FACE('',(#5948),#5954,.F.);
#5948 = FACE_BOUND('',#5949,.F.);
#5949 = EDGE_LOOP('',(#5950,#5951,#5952,#5953));
#5950 = ORIENTED_EDGE('',*,*,#5837,.F.);
#5951 = ORIENTED_EDGE('',*,*,#5907,.T.);
#5952 = ORIENTED_EDGE('',*,*,#5877,.T.);
#5953 = ORIENTED_EDGE('',*,*,#5929,.F.);
#5954 = PLANE('',#5955);
#5955 = AXIS2_PLACEMENT_3D('',#5956,#5957,#5958);
#5956 = CARTESIAN_POINT('',(210.,293.,128.));
#5957 = DIRECTION('',(0.,0.,1.));
#5958 = DIRECTION('',(1.,0.,0.));
#5959 = ADVANCED_FACE('',(#5960),#5966,.T.);
#5960 = FACE_BOUND('',#5961,.T.);
#5961 = EDGE_LOOP('',(#5962,#5963,#5964,#5965));
#5962 = ORIENTED_EDGE('',*,*,#5853,.F.);
#5963 = ORIENTED_EDGE('',*,*,#5914,.T.);
#5964 = ORIENTED_EDGE('',*,*,#5893,.T.);
#5965 = ORIENTED_EDGE('',*,*,#5936,.F.);
#5966 = PLANE('',#5967);
#5967 = AXIS2_PLACEMENT_3D('',#5968,#5969,#5970);
#5968 = CARTESIAN_POINT('',(210.,293.,140.));
#5969 = DIRECTION('',(0.,0.,1.));
#5970 = DIRECTION('',(1.,0.,0.));
#5971 = MANIFOLD_SOLID_BREP('',#5972);
#5972 = CLOSED_SHELL('',(#5973,#6013,#6053,#6075,#6097,#6109));
#5973 = ADVANCED_FACE('',(#5974),#6008,.F.);
#5974 = FACE_BOUND('',#5975,.F.);
#5975 = EDGE_LOOP('',(#5976,#5986,#5994,#6002));
#5976 = ORIENTED_EDGE('',*,*,#5977,.F.);
#5977 = EDGE_CURVE('',#5978,#5980,#5982,.T.);
#5978 = VERTEX_POINT('',#5979);
#5979 = CARTESIAN_POINT('',(265.,293.,128.));
#5980 = VERTEX_POINT('',#5981);
#5981 = CARTESIAN_POINT('',(265.,293.,140.));
#5982 = LINE('',#5983,#5984);
#5983 = CARTESIAN_POINT('',(265.,293.,128.));
#5984 = VECTOR('',#5985,1.);
#5985 = DIRECTION('',(0.,0.,1.));
#5986 = ORIENTED_EDGE('',*,*,#5987,.T.);
#5987 = EDGE_CURVE('',#5978,#5988,#5990,.T.);
#5988 = VERTEX_POINT('',#5989);
#5989 = CARTESIAN_POINT('',(265.,357.,128.));
#5990 = LINE('',#5991,#5992);
#5991 = CARTESIAN_POINT('',(265.,293.,128.));
#5992 = VECTOR('',#5993,1.);
#5993 = DIRECTION('',(0.,1.,0.));
#5994 = ORIENTED_EDGE('',*,*,#5995,.T.);
#5995 = EDGE_CURVE('',#5988,#5996,#5998,.T.);
#5996 = VERTEX_POINT('',#5997);
#5997 = CARTESIAN_POINT('',(265.,357.,140.));
#5998 = LINE('',#5999,#6000);
#5999 = CARTESIAN_POINT('',(265.,357.,128.));
#6000 = VECTOR('',#6001,1.);
#6001 = DIRECTION('',(0.,0.,1.));
#6002 = ORIENTED_EDGE('',*,*,#6003,.F.);
#6003 = EDGE_CURVE('',#5980,#5996,#6004,.T.);
#6004 = LINE('',#6005,#6006);
#6005 = CARTESIAN_POINT('',(265.,293.,140.));
#6006 = VECTOR('',#6007,1.);
#6007 = DIRECTION('',(0.,1.,0.));
#6008 = PLANE('',#6009);
#6009 = AXIS2_PLACEMENT_3D('',#6010,#6011,#6012);
#6010 = CARTESIAN_POINT('',(265.,293.,128.));
#6011 = DIRECTION('',(1.,0.,0.));
#6012 = DIRECTION('',(0.,0.,1.));
#6013 = ADVANCED_FACE('',(#6014),#6048,.T.);
#6014 = FACE_BOUND('',#6015,.T.);
#6015 = EDGE_LOOP('',(#6016,#6026,#6034,#6042));
#6016 = ORIENTED_EDGE('',*,*,#6017,.F.);
#6017 = EDGE_CURVE('',#6018,#6020,#6022,.T.);
#6018 = VERTEX_POINT('',#6019);
#6019 = CARTESIAN_POINT('',(270.,293.,128.));
#6020 = VERTEX_POINT('',#6021);
#6021 = CARTESIAN_POINT('',(270.,293.,140.));
#6022 = LINE('',#6023,#6024);
#6023 = CARTESIAN_POINT('',(270.,293.,128.));
#6024 = VECTOR('',#6025,1.);
#6025 = DIRECTION('',(0.,0.,1.));
#6026 = ORIENTED_EDGE('',*,*,#6027,.T.);
#6027 = EDGE_CURVE('',#6018,#6028,#6030,.T.);
#6028 = VERTEX_POINT('',#6029);
#6029 = CARTESIAN_POINT('',(270.,357.,128.));
#6030 = LINE('',#6031,#6032);
#6031 = CARTESIAN_POINT('',(270.,293.,128.));
#6032 = VECTOR('',#6033,1.);
#6033 = DIRECTION('',(0.,1.,0.));
#6034 = ORIENTED_EDGE('',*,*,#6035,.T.);
#6035 = EDGE_CURVE('',#6028,#6036,#6038,.T.);
#6036 = VERTEX_POINT('',#6037);
#6037 = CARTESIAN_POINT('',(270.,357.,140.));
#6038 = LINE('',#6039,#6040);
#6039 = CARTESIAN_POINT('',(270.,357.,128.));
#6040 = VECTOR('',#6041,1.);
#6041 = DIRECTION('',(0.,0.,1.));
#6042 = ORIENTED_EDGE('',*,*,#6043,.F.);
#6043 = EDGE_CURVE('',#6020,#6036,#6044,.T.);
#6044 = LINE('',#6045,#6046);
#6045 = CARTESIAN_POINT('',(270.,293.,140.));
#6046 = VECTOR('',#6047,1.);
#6047 = DIRECTION('',(0.,1.,0.));
#6048 = PLANE('',#6049);
#6049 = AXIS2_PLACEMENT_3D('',#6050,#6051,#6052);
#6050 = CARTESIAN_POINT('',(270.,293.,128.));
#6051 = DIRECTION('',(1.,0.,0.));
#6052 = DIRECTION('',(0.,0.,1.));
#6053 = ADVANCED_FACE('',(#6054),#6070,.F.);
#6054 = FACE_BOUND('',#6055,.F.);
#6055 = EDGE_LOOP('',(#6056,#6062,#6063,#6069));
#6056 = ORIENTED_EDGE('',*,*,#6057,.F.);
#6057 = EDGE_CURVE('',#5978,#6018,#6058,.T.);
#6058 = LINE('',#6059,#6060);
#6059 = CARTESIAN_POINT('',(265.,293.,128.));
#6060 = VECTOR('',#6061,1.);
#6061 = DIRECTION('',(1.,0.,0.));
#6062 = ORIENTED_EDGE('',*,*,#5977,.T.);
#6063 = ORIENTED_EDGE('',*,*,#6064,.T.);
#6064 = EDGE_CURVE('',#5980,#6020,#6065,.T.);
#6065 = LINE('',#6066,#6067);
#6066 = CARTESIAN_POINT('',(265.,293.,140.));
#6067 = VECTOR('',#6068,1.);
#6068 = DIRECTION('',(1.,0.,0.));
#6069 = ORIENTED_EDGE('',*,*,#6017,.F.);
#6070 = PLANE('',#6071);
#6071 = AXIS2_PLACEMENT_3D('',#6072,#6073,#6074);
#6072 = CARTESIAN_POINT('',(265.,293.,128.));
#6073 = DIRECTION('',(0.,1.,0.));
#6074 = DIRECTION('',(0.,0.,1.));
#6075 = ADVANCED_FACE('',(#6076),#6092,.T.);
#6076 = FACE_BOUND('',#6077,.T.);
#6077 = EDGE_LOOP('',(#6078,#6084,#6085,#6091));
#6078 = ORIENTED_EDGE('',*,*,#6079,.F.);
#6079 = EDGE_CURVE('',#5988,#6028,#6080,.T.);
#6080 = LINE('',#6081,#6082);
#6081 = CARTESIAN_POINT('',(265.,357.,128.));
#6082 = VECTOR('',#6083,1.);
#6083 = DIRECTION('',(1.,0.,0.));
#6084 = ORIENTED_EDGE('',*,*,#5995,.T.);
#6085 = ORIENTED_EDGE('',*,*,#6086,.T.);
#6086 = EDGE_CURVE('',#5996,#6036,#6087,.T.);
#6087 = LINE('',#6088,#6089);
#6088 = CARTESIAN_POINT('',(265.,357.,140.));
#6089 = VECTOR('',#6090,1.);
#6090 = DIRECTION('',(1.,0.,0.));
#6091 = ORIENTED_EDGE('',*,*,#6035,.F.);
#6092 = PLANE('',#6093);
#6093 = AXIS2_PLACEMENT_3D('',#6094,#6095,#6096);
#6094 = CARTESIAN_POINT('',(265.,357.,128.));
#6095 = DIRECTION('',(0.,1.,0.));
#6096 = DIRECTION('',(0.,0.,1.));
#6097 = ADVANCED_FACE('',(#6098),#6104,.F.);
#6098 = FACE_BOUND('',#6099,.F.);
#6099 = EDGE_LOOP('',(#6100,#6101,#6102,#6103));
#6100 = ORIENTED_EDGE('',*,*,#5987,.F.);
#6101 = ORIENTED_EDGE('',*,*,#6057,.T.);
#6102 = ORIENTED_EDGE('',*,*,#6027,.T.);
#6103 = ORIENTED_EDGE('',*,*,#6079,.F.);
#6104 = PLANE('',#6105);
#6105 = AXIS2_PLACEMENT_3D('',#6106,#6107,#6108);
#6106 = CARTESIAN_POINT('',(265.,293.,128.));
#6107 = DIRECTION('',(0.,0.,1.));
#6108 = DIRECTION('',(1.,0.,0.));
#6109 = ADVANCED_FACE('',(#6110),#6116,.T.);
#6110 = FACE_BOUND('',#6111,.T.);
#6111 = EDGE_LOOP('',(#6112,#6113,#6114,#6115));
#6112 = ORIENTED_EDGE('',*,*,#6003,.F.);
#6113 = ORIENTED_EDGE('',*,*,#6064,.T.);
#6114 = ORIENTED_EDGE('',*,*,#6043,.T.);
#6115 = ORIENTED_EDGE('',*,*,#6086,.F.);
#6116 = PLANE('',#6117);
#6117 = AXIS2_PLACEMENT_3D('',#6118,#6119,#6120);
#6118 = CARTESIAN_POINT('',(265.,293.,140.));
#6119 = DIRECTION('',(0.,0.,1.));
#6120 = DIRECTION('',(1.,0.,0.));
#6121 = MANIFOLD_SOLID_BREP('',#6122);
#6122 = CLOSED_SHELL('',(#6123,#6163,#6203,#6225,#6247,#6259));
#6123 = ADVANCED_FACE('',(#6124),#6158,.F.);
#6124 = FACE_BOUND('',#6125,.F.);
#6125 = EDGE_LOOP('',(#6126,#6136,#6144,#6152));
#6126 = ORIENTED_EDGE('',*,*,#6127,.F.);
#6127 = EDGE_CURVE('',#6128,#6130,#6132,.T.);
#6128 = VERTEX_POINT('',#6129);
#6129 = CARTESIAN_POINT('',(215.,293.,128.));
#6130 = VERTEX_POINT('',#6131);
#6131 = CARTESIAN_POINT('',(215.,293.,140.));
#6132 = LINE('',#6133,#6134);
#6133 = CARTESIAN_POINT('',(215.,293.,128.));
#6134 = VECTOR('',#6135,1.);
#6135 = DIRECTION('',(0.,0.,1.));
#6136 = ORIENTED_EDGE('',*,*,#6137,.T.);
#6137 = EDGE_CURVE('',#6128,#6138,#6140,.T.);
#6138 = VERTEX_POINT('',#6139);
#6139 = CARTESIAN_POINT('',(215.,298.,128.));
#6140 = LINE('',#6141,#6142);
#6141 = CARTESIAN_POINT('',(215.,293.,128.));
#6142 = VECTOR('',#6143,1.);
#6143 = DIRECTION('',(0.,1.,0.));
#6144 = ORIENTED_EDGE('',*,*,#6145,.T.);
#6145 = EDGE_CURVE('',#6138,#6146,#6148,.T.);
#6146 = VERTEX_POINT('',#6147);
#6147 = CARTESIAN_POINT('',(215.,298.,140.));
#6148 = LINE('',#6149,#6150);
#6149 = CARTESIAN_POINT('',(215.,298.,128.));
#6150 = VECTOR('',#6151,1.);
#6151 = DIRECTION('',(0.,0.,1.));
#6152 = ORIENTED_EDGE('',*,*,#6153,.F.);
#6153 = EDGE_CURVE('',#6130,#6146,#6154,.T.);
#6154 = LINE('',#6155,#6156);
#6155 = CARTESIAN_POINT('',(215.,293.,140.));
#6156 = VECTOR('',#6157,1.);
#6157 = DIRECTION('',(0.,1.,0.));
#6158 = PLANE('',#6159);
#6159 = AXIS2_PLACEMENT_3D('',#6160,#6161,#6162);
#6160 = CARTESIAN_POINT('',(215.,293.,128.));
#6161 = DIRECTION('',(1.,0.,0.));
#6162 = DIRECTION('',(0.,0.,1.));
#6163 = ADVANCED_FACE('',(#6164),#6198,.T.);
#6164 = FACE_BOUND('',#6165,.T.);
#6165 = EDGE_LOOP('',(#6166,#6176,#6184,#6192));
#6166 = ORIENTED_EDGE('',*,*,#6167,.F.);
#6167 = EDGE_CURVE('',#6168,#6170,#6172,.T.);
#6168 = VERTEX_POINT('',#6169);
#6169 = CARTESIAN_POINT('',(228.,293.,128.));
#6170 = VERTEX_POINT('',#6171);
#6171 = CARTESIAN_POINT('',(228.,293.,140.));
#6172 = LINE('',#6173,#6174);
#6173 = CARTESIAN_POINT('',(228.,293.,128.));
#6174 = VECTOR('',#6175,1.);
#6175 = DIRECTION('',(0.,0.,1.));
#6176 = ORIENTED_EDGE('',*,*,#6177,.T.);
#6177 = EDGE_CURVE('',#6168,#6178,#6180,.T.);
#6178 = VERTEX_POINT('',#6179);
#6179 = CARTESIAN_POINT('',(228.,298.,128.));
#6180 = LINE('',#6181,#6182);
#6181 = CARTESIAN_POINT('',(228.,293.,128.));
#6182 = VECTOR('',#6183,1.);
#6183 = DIRECTION('',(0.,1.,0.));
#6184 = ORIENTED_EDGE('',*,*,#6185,.T.);
#6185 = EDGE_CURVE('',#6178,#6186,#6188,.T.);
#6186 = VERTEX_POINT('',#6187);
#6187 = CARTESIAN_POINT('',(228.,298.,140.));
#6188 = LINE('',#6189,#6190);
#6189 = CARTESIAN_POINT('',(228.,298.,128.));
#6190 = VECTOR('',#6191,1.);
#6191 = DIRECTION('',(0.,0.,1.));
#6192 = ORIENTED_EDGE('',*,*,#6193,.F.);
#6193 = EDGE_CURVE('',#6170,#6186,#6194,.T.);
#6194 = LINE('',#6195,#6196);
#6195 = CARTESIAN_POINT('',(228.,293.,140.));
#6196 = VECTOR('',#6197,1.);
#6197 = DIRECTION('',(0.,1.,0.));
#6198 = PLANE('',#6199);
#6199 = AXIS2_PLACEMENT_3D('',#6200,#6201,#6202);
#6200 = CARTESIAN_POINT('',(228.,293.,128.));
#6201 = DIRECTION('',(1.,0.,0.));
#6202 = DIRECTION('',(0.,0.,1.));
#6203 = ADVANCED_FACE('',(#6204),#6220,.F.);
#6204 = FACE_BOUND('',#6205,.F.);
#6205 = EDGE_LOOP('',(#6206,#6212,#6213,#6219));
#6206 = ORIENTED_EDGE('',*,*,#6207,.F.);
#6207 = EDGE_CURVE('',#6128,#6168,#6208,.T.);
#6208 = LINE('',#6209,#6210);
#6209 = CARTESIAN_POINT('',(215.,293.,128.));
#6210 = VECTOR('',#6211,1.);
#6211 = DIRECTION('',(1.,0.,0.));
#6212 = ORIENTED_EDGE('',*,*,#6127,.T.);
#6213 = ORIENTED_EDGE('',*,*,#6214,.T.);
#6214 = EDGE_CURVE('',#6130,#6170,#6215,.T.);
#6215 = LINE('',#6216,#6217);
#6216 = CARTESIAN_POINT('',(215.,293.,140.));
#6217 = VECTOR('',#6218,1.);
#6218 = DIRECTION('',(1.,0.,0.));
#6219 = ORIENTED_EDGE('',*,*,#6167,.F.);
#6220 = PLANE('',#6221);
#6221 = AXIS2_PLACEMENT_3D('',#6222,#6223,#6224);
#6222 = CARTESIAN_POINT('',(215.,293.,128.));
#6223 = DIRECTION('',(0.,1.,0.));
#6224 = DIRECTION('',(0.,0.,1.));
#6225 = ADVANCED_FACE('',(#6226),#6242,.T.);
#6226 = FACE_BOUND('',#6227,.T.);
#6227 = EDGE_LOOP('',(#6228,#6234,#6235,#6241));
#6228 = ORIENTED_EDGE('',*,*,#6229,.F.);
#6229 = EDGE_CURVE('',#6138,#6178,#6230,.T.);
#6230 = LINE('',#6231,#6232);
#6231 = CARTESIAN_POINT('',(215.,298.,128.));
#6232 = VECTOR('',#6233,1.);
#6233 = DIRECTION('',(1.,0.,0.));
#6234 = ORIENTED_EDGE('',*,*,#6145,.T.);
#6235 = ORIENTED_EDGE('',*,*,#6236,.T.);
#6236 = EDGE_CURVE('',#6146,#6186,#6237,.T.);
#6237 = LINE('',#6238,#6239);
#6238 = CARTESIAN_POINT('',(215.,298.,140.));
#6239 = VECTOR('',#6240,1.);
#6240 = DIRECTION('',(1.,0.,0.));
#6241 = ORIENTED_EDGE('',*,*,#6185,.F.);
#6242 = PLANE('',#6243);
#6243 = AXIS2_PLACEMENT_3D('',#6244,#6245,#6246);
#6244 = CARTESIAN_POINT('',(215.,298.,128.));
#6245 = DIRECTION('',(0.,1.,0.));
#6246 = DIRECTION('',(0.,0.,1.));
#6247 = ADVANCED_FACE('',(#6248),#6254,.F.);
#6248 = FACE_BOUND('',#6249,.F.);
#6249 = EDGE_LOOP('',(#6250,#6251,#6252,#6253));
#6250 = ORIENTED_EDGE('',*,*,#6137,.F.);
#6251 = ORIENTED_EDGE('',*,*,#6207,.T.);
#6252 = ORIENTED_EDGE('',*,*,#6177,.T.);
#6253 = ORIENTED_EDGE('',*,*,#6229,.F.);
#6254 = PLANE('',#6255);
#6255 = AXIS2_PLACEMENT_3D('',#6256,#6257,#6258);
#6256 = CARTESIAN_POINT('',(215.,293.,128.));
#6257 = DIRECTION('',(0.,0.,1.));
#6258 = DIRECTION('',(1.,0.,0.));
#6259 = ADVANCED_FACE('',(#6260),#6266,.T.);
#6260 = FACE_BOUND('',#6261,.T.);
#6261 = EDGE_LOOP('',(#6262,#6263,#6264,#6265));
#6262 = ORIENTED_EDGE('',*,*,#6153,.F.);
#6263 = ORIENTED_EDGE('',*,*,#6214,.T.);
#6264 = ORIENTED_EDGE('',*,*,#6193,.T.);
#6265 = ORIENTED_EDGE('',*,*,#6236,.F.);
#6266 = PLANE('',#6267);
#6267 = AXIS2_PLACEMENT_3D('',#6268,#6269,#6270);
#6268 = CARTESIAN_POINT('',(215.,293.,140.));
#6269 = DIRECTION('',(0.,0.,1.));
#6270 = DIRECTION('',(1.,0.,0.));
#6271 = MANIFOLD_SOLID_BREP('',#6272);
#6272 = CLOSED_SHELL('',(#6273,#6313,#6353,#6375,#6397,#6409));
#6273 = ADVANCED_FACE('',(#6274),#6308,.F.);
#6274 = FACE_BOUND('',#6275,.F.);
#6275 = EDGE_LOOP('',(#6276,#6286,#6294,#6302));
#6276 = ORIENTED_EDGE('',*,*,#6277,.F.);
#6277 = EDGE_CURVE('',#6278,#6280,#6282,.T.);
#6278 = VERTEX_POINT('',#6279);
#6279 = CARTESIAN_POINT('',(252.,293.,128.));
#6280 = VERTEX_POINT('',#6281);
#6281 = CARTESIAN_POINT('',(252.,293.,140.));
#6282 = LINE('',#6283,#6284);
#6283 = CARTESIAN_POINT('',(252.,293.,128.));
#6284 = VECTOR('',#6285,1.);
#6285 = DIRECTION('',(0.,0.,1.));
#6286 = ORIENTED_EDGE('',*,*,#6287,.T.);
#6287 = EDGE_CURVE('',#6278,#6288,#6290,.T.);
#6288 = VERTEX_POINT('',#6289);
#6289 = CARTESIAN_POINT('',(252.,298.,128.));
#6290 = LINE('',#6291,#6292);
#6291 = CARTESIAN_POINT('',(252.,293.,128.));
#6292 = VECTOR('',#6293,1.);
#6293 = DIRECTION('',(0.,1.,0.));
#6294 = ORIENTED_EDGE('',*,*,#6295,.T.);
#6295 = EDGE_CURVE('',#6288,#6296,#6298,.T.);
#6296 = VERTEX_POINT('',#6297);
#6297 = CARTESIAN_POINT('',(252.,298.,140.));
#6298 = LINE('',#6299,#6300);
#6299 = CARTESIAN_POINT('',(252.,298.,128.));
#6300 = VECTOR('',#6301,1.);
#6301 = DIRECTION('',(0.,0.,1.));
#6302 = ORIENTED_EDGE('',*,*,#6303,.F.);
#6303 = EDGE_CURVE('',#6280,#6296,#6304,.T.);
#6304 = LINE('',#6305,#6306);
#6305 = CARTESIAN_POINT('',(252.,293.,140.));
#6306 = VECTOR('',#6307,1.);
#6307 = DIRECTION('',(0.,1.,0.));
#6308 = PLANE('',#6309);
#6309 = AXIS2_PLACEMENT_3D('',#6310,#6311,#6312);
#6310 = CARTESIAN_POINT('',(252.,293.,128.));
#6311 = DIRECTION('',(1.,0.,0.));
#6312 = DIRECTION('',(0.,0.,1.));
#6313 = ADVANCED_FACE('',(#6314),#6348,.T.);
#6314 = FACE_BOUND('',#6315,.T.);
#6315 = EDGE_LOOP('',(#6316,#6326,#6334,#6342));
#6316 = ORIENTED_EDGE('',*,*,#6317,.F.);
#6317 = EDGE_CURVE('',#6318,#6320,#6322,.T.);
#6318 = VERTEX_POINT('',#6319);
#6319 = CARTESIAN_POINT('',(265.,293.,128.));
#6320 = VERTEX_POINT('',#6321);
#6321 = CARTESIAN_POINT('',(265.,293.,140.));
#6322 = LINE('',#6323,#6324);
#6323 = CARTESIAN_POINT('',(265.,293.,128.));
#6324 = VECTOR('',#6325,1.);
#6325 = DIRECTION('',(0.,0.,1.));
#6326 = ORIENTED_EDGE('',*,*,#6327,.T.);
#6327 = EDGE_CURVE('',#6318,#6328,#6330,.T.);
#6328 = VERTEX_POINT('',#6329);
#6329 = CARTESIAN_POINT('',(265.,298.,128.));
#6330 = LINE('',#6331,#6332);
#6331 = CARTESIAN_POINT('',(265.,293.,128.));
#6332 = VECTOR('',#6333,1.);
#6333 = DIRECTION('',(0.,1.,0.));
#6334 = ORIENTED_EDGE('',*,*,#6335,.T.);
#6335 = EDGE_CURVE('',#6328,#6336,#6338,.T.);
#6336 = VERTEX_POINT('',#6337);
#6337 = CARTESIAN_POINT('',(265.,298.,140.));
#6338 = LINE('',#6339,#6340);
#6339 = CARTESIAN_POINT('',(265.,298.,128.));
#6340 = VECTOR('',#6341,1.);
#6341 = DIRECTION('',(0.,0.,1.));
#6342 = ORIENTED_EDGE('',*,*,#6343,.F.);
#6343 = EDGE_CURVE('',#6320,#6336,#6344,.T.);
#6344 = LINE('',#6345,#6346);
#6345 = CARTESIAN_POINT('',(265.,293.,140.));
#6346 = VECTOR('',#6347,1.);
#6347 = DIRECTION('',(0.,1.,0.));
#6348 = PLANE('',#6349);
#6349 = AXIS2_PLACEMENT_3D('',#6350,#6351,#6352);
#6350 = CARTESIAN_POINT('',(265.,293.,128.));
#6351 = DIRECTION('',(1.,0.,0.));
#6352 = DIRECTION('',(0.,0.,1.));
#6353 = ADVANCED_FACE('',(#6354),#6370,.F.);
#6354 = FACE_BOUND('',#6355,.F.);
#6355 = EDGE_LOOP('',(#6356,#6362,#6363,#6369));
#6356 = ORIENTED_EDGE('',*,*,#6357,.F.);
#6357 = EDGE_CURVE('',#6278,#6318,#6358,.T.);
#6358 = LINE('',#6359,#6360);
#6359 = CARTESIAN_POINT('',(252.,293.,128.));
#6360 = VECTOR('',#6361,1.);
#6361 = DIRECTION('',(1.,0.,0.));
#6362 = ORIENTED_EDGE('',*,*,#6277,.T.);
#6363 = ORIENTED_EDGE('',*,*,#6364,.T.);
#6364 = EDGE_CURVE('',#6280,#6320,#6365,.T.);
#6365 = LINE('',#6366,#6367);
#6366 = CARTESIAN_POINT('',(252.,293.,140.));
#6367 = VECTOR('',#6368,1.);
#6368 = DIRECTION('',(1.,0.,0.));
#6369 = ORIENTED_EDGE('',*,*,#6317,.F.);
#6370 = PLANE('',#6371);
#6371 = AXIS2_PLACEMENT_3D('',#6372,#6373,#6374);
#6372 = CARTESIAN_POINT('',(252.,293.,128.));
#6373 = DIRECTION('',(0.,1.,0.));
#6374 = DIRECTION('',(0.,0.,1.));
#6375 = ADVANCED_FACE('',(#6376),#6392,.T.);
#6376 = FACE_BOUND('',#6377,.T.);
#6377 = EDGE_LOOP('',(#6378,#6384,#6385,#6391));
#6378 = ORIENTED_EDGE('',*,*,#6379,.F.);
#6379 = EDGE_CURVE('',#6288,#6328,#6380,.T.);
#6380 = LINE('',#6381,#6382);
#6381 = CARTESIAN_POINT('',(252.,298.,128.));
#6382 = VECTOR('',#6383,1.);
#6383 = DIRECTION('',(1.,0.,0.));
#6384 = ORIENTED_EDGE('',*,*,#6295,.T.);
#6385 = ORIENTED_EDGE('',*,*,#6386,.T.);
#6386 = EDGE_CURVE('',#6296,#6336,#6387,.T.);
#6387 = LINE('',#6388,#6389);
#6388 = CARTESIAN_POINT('',(252.,298.,140.));
#6389 = VECTOR('',#6390,1.);
#6390 = DIRECTION('',(1.,0.,0.));
#6391 = ORIENTED_EDGE('',*,*,#6335,.F.);
#6392 = PLANE('',#6393);
#6393 = AXIS2_PLACEMENT_3D('',#6394,#6395,#6396);
#6394 = CARTESIAN_POINT('',(252.,298.,128.));
#6395 = DIRECTION('',(0.,1.,0.));
#6396 = DIRECTION('',(0.,0.,1.));
#6397 = ADVANCED_FACE('',(#6398),#6404,.F.);
#6398 = FACE_BOUND('',#6399,.F.);
#6399 = EDGE_LOOP('',(#6400,#6401,#6402,#6403));
#6400 = ORIENTED_EDGE('',*,*,#6287,.F.);
#6401 = ORIENTED_EDGE('',*,*,#6357,.T.);
#6402 = ORIENTED_EDGE('',*,*,#6327,.T.);
#6403 = ORIENTED_EDGE('',*,*,#6379,.F.);
#6404 = PLANE('',#6405);
#6405 = AXIS2_PLACEMENT_3D('',#6406,#6407,#6408);
#6406 = CARTESIAN_POINT('',(252.,293.,128.));
#6407 = DIRECTION('',(0.,0.,1.));
#6408 = DIRECTION('',(1.,0.,0.));
#6409 = ADVANCED_FACE('',(#6410),#6416,.T.);
#6410 = FACE_BOUND('',#6411,.T.);
#6411 = EDGE_LOOP('',(#6412,#6413,#6414,#6415));
#6412 = ORIENTED_EDGE('',*,*,#6303,.F.);
#6413 = ORIENTED_EDGE('',*,*,#6364,.T.);
#6414 = ORIENTED_EDGE('',*,*,#6343,.T.);
#6415 = ORIENTED_EDGE('',*,*,#6386,.F.);
#6416 = PLANE('',#6417);
#6417 = AXIS2_PLACEMENT_3D('',#6418,#6419,#6420);
#6418 = CARTESIAN_POINT('',(252.,293.,140.));
#6419 = DIRECTION('',(0.,0.,1.));
#6420 = DIRECTION('',(1.,0.,0.));
#6421 = MANIFOLD_SOLID_BREP('',#6422);
#6422 = CLOSED_SHELL('',(#6423,#6463,#6503,#6525,#6547,#6559));
#6423 = ADVANCED_FACE('',(#6424),#6458,.F.);
#6424 = FACE_BOUND('',#6425,.F.);
#6425 = EDGE_LOOP('',(#6426,#6436,#6444,#6452));
#6426 = ORIENTED_EDGE('',*,*,#6427,.F.);
#6427 = EDGE_CURVE('',#6428,#6430,#6432,.T.);
#6428 = VERTEX_POINT('',#6429);
#6429 = CARTESIAN_POINT('',(215.,352.,128.));
#6430 = VERTEX_POINT('',#6431);
#6431 = CARTESIAN_POINT('',(215.,352.,140.));
#6432 = LINE('',#6433,#6434);
#6433 = CARTESIAN_POINT('',(215.,352.,128.));
#6434 = VECTOR('',#6435,1.);
#6435 = DIRECTION('',(0.,0.,1.));
#6436 = ORIENTED_EDGE('',*,*,#6437,.T.);
#6437 = EDGE_CURVE('',#6428,#6438,#6440,.T.);
#6438 = VERTEX_POINT('',#6439);
#6439 = CARTESIAN_POINT('',(215.,357.,128.));
#6440 = LINE('',#6441,#6442);
#6441 = CARTESIAN_POINT('',(215.,352.,128.));
#6442 = VECTOR('',#6443,1.);
#6443 = DIRECTION('',(0.,1.,0.));
#6444 = ORIENTED_EDGE('',*,*,#6445,.T.);
#6445 = EDGE_CURVE('',#6438,#6446,#6448,.T.);
#6446 = VERTEX_POINT('',#6447);
#6447 = CARTESIAN_POINT('',(215.,357.,140.));
#6448 = LINE('',#6449,#6450);
#6449 = CARTESIAN_POINT('',(215.,357.,128.));
#6450 = VECTOR('',#6451,1.);
#6451 = DIRECTION('',(0.,0.,1.));
#6452 = ORIENTED_EDGE('',*,*,#6453,.F.);
#6453 = EDGE_CURVE('',#6430,#6446,#6454,.T.);
#6454 = LINE('',#6455,#6456);
#6455 = CARTESIAN_POINT('',(215.,352.,140.));
#6456 = VECTOR('',#6457,1.);
#6457 = DIRECTION('',(0.,1.,0.));
#6458 = PLANE('',#6459);
#6459 = AXIS2_PLACEMENT_3D('',#6460,#6461,#6462);
#6460 = CARTESIAN_POINT('',(215.,352.,128.));
#6461 = DIRECTION('',(1.,0.,0.));
#6462 = DIRECTION('',(0.,0.,1.));
#6463 = ADVANCED_FACE('',(#6464),#6498,.T.);
#6464 = FACE_BOUND('',#6465,.T.);
#6465 = EDGE_LOOP('',(#6466,#6476,#6484,#6492));
#6466 = ORIENTED_EDGE('',*,*,#6467,.F.);
#6467 = EDGE_CURVE('',#6468,#6470,#6472,.T.);
#6468 = VERTEX_POINT('',#6469);
#6469 = CARTESIAN_POINT('',(265.,352.,128.));
#6470 = VERTEX_POINT('',#6471);
#6471 = CARTESIAN_POINT('',(265.,352.,140.));
#6472 = LINE('',#6473,#6474);
#6473 = CARTESIAN_POINT('',(265.,352.,128.));
#6474 = VECTOR('',#6475,1.);
#6475 = DIRECTION('',(0.,0.,1.));
#6476 = ORIENTED_EDGE('',*,*,#6477,.T.);
#6477 = EDGE_CURVE('',#6468,#6478,#6480,.T.);
#6478 = VERTEX_POINT('',#6479);
#6479 = CARTESIAN_POINT('',(265.,357.,128.));
#6480 = LINE('',#6481,#6482);
#6481 = CARTESIAN_POINT('',(265.,352.,128.));
#6482 = VECTOR('',#6483,1.);
#6483 = DIRECTION('',(0.,1.,0.));
#6484 = ORIENTED_EDGE('',*,*,#6485,.T.);
#6485 = EDGE_CURVE('',#6478,#6486,#6488,.T.);
#6486 = VERTEX_POINT('',#6487);
#6487 = CARTESIAN_POINT('',(265.,357.,140.));
#6488 = LINE('',#6489,#6490);
#6489 = CARTESIAN_POINT('',(265.,357.,128.));
#6490 = VECTOR('',#6491,1.);
#6491 = DIRECTION('',(0.,0.,1.));
#6492 = ORIENTED_EDGE('',*,*,#6493,.F.);
#6493 = EDGE_CURVE('',#6470,#6486,#6494,.T.);
#6494 = LINE('',#6495,#6496);
#6495 = CARTESIAN_POINT('',(265.,352.,140.));
#6496 = VECTOR('',#6497,1.);
#6497 = DIRECTION('',(0.,1.,0.));
#6498 = PLANE('',#6499);
#6499 = AXIS2_PLACEMENT_3D('',#6500,#6501,#6502);
#6500 = CARTESIAN_POINT('',(265.,352.,128.));
#6501 = DIRECTION('',(1.,0.,0.));
#6502 = DIRECTION('',(0.,0.,1.));
#6503 = ADVANCED_FACE('',(#6504),#6520,.F.);
#6504 = FACE_BOUND('',#6505,.F.);
#6505 = EDGE_LOOP('',(#6506,#6512,#6513,#6519));
#6506 = ORIENTED_EDGE('',*,*,#6507,.F.);
#6507 = EDGE_CURVE('',#6428,#6468,#6508,.T.);
#6508 = LINE('',#6509,#6510);
#6509 = CARTESIAN_POINT('',(215.,352.,128.));
#6510 = VECTOR('',#6511,1.);
#6511 = DIRECTION('',(1.,0.,0.));
#6512 = ORIENTED_EDGE('',*,*,#6427,.T.);
#6513 = ORIENTED_EDGE('',*,*,#6514,.T.);
#6514 = EDGE_CURVE('',#6430,#6470,#6515,.T.);
#6515 = LINE('',#6516,#6517);
#6516 = CARTESIAN_POINT('',(215.,352.,140.));
#6517 = VECTOR('',#6518,1.);
#6518 = DIRECTION('',(1.,0.,0.));
#6519 = ORIENTED_EDGE('',*,*,#6467,.F.);
#6520 = PLANE('',#6521);
#6521 = AXIS2_PLACEMENT_3D('',#6522,#6523,#6524);
#6522 = CARTESIAN_POINT('',(215.,352.,128.));
#6523 = DIRECTION('',(0.,1.,0.));
#6524 = DIRECTION('',(0.,0.,1.));
#6525 = ADVANCED_FACE('',(#6526),#6542,.T.);
#6526 = FACE_BOUND('',#6527,.T.);
#6527 = EDGE_LOOP('',(#6528,#6534,#6535,#6541));
#6528 = ORIENTED_EDGE('',*,*,#6529,.F.);
#6529 = EDGE_CURVE('',#6438,#6478,#6530,.T.);
#6530 = LINE('',#6531,#6532);
#6531 = CARTESIAN_POINT('',(215.,357.,128.));
#6532 = VECTOR('',#6533,1.);
#6533 = DIRECTION('',(1.,0.,0.));
#6534 = ORIENTED_EDGE('',*,*,#6445,.T.);
#6535 = ORIENTED_EDGE('',*,*,#6536,.T.);
#6536 = EDGE_CURVE('',#6446,#6486,#6537,.T.);
#6537 = LINE('',#6538,#6539);
#6538 = CARTESIAN_POINT('',(215.,357.,140.));
#6539 = VECTOR('',#6540,1.);
#6540 = DIRECTION('',(1.,0.,0.));
#6541 = ORIENTED_EDGE('',*,*,#6485,.F.);
#6542 = PLANE('',#6543);
#6543 = AXIS2_PLACEMENT_3D('',#6544,#6545,#6546);
#6544 = CARTESIAN_POINT('',(215.,357.,128.));
#6545 = DIRECTION('',(0.,1.,0.));
#6546 = DIRECTION('',(0.,0.,1.));
#6547 = ADVANCED_FACE('',(#6548),#6554,.F.);
#6548 = FACE_BOUND('',#6549,.F.);
#6549 = EDGE_LOOP('',(#6550,#6551,#6552,#6553));
#6550 = ORIENTED_EDGE('',*,*,#6437,.F.);
#6551 = ORIENTED_EDGE('',*,*,#6507,.T.);
#6552 = ORIENTED_EDGE('',*,*,#6477,.T.);
#6553 = ORIENTED_EDGE('',*,*,#6529,.F.);
#6554 = PLANE('',#6555);
#6555 = AXIS2_PLACEMENT_3D('',#6556,#6557,#6558);
#6556 = CARTESIAN_POINT('',(215.,352.,128.));
#6557 = DIRECTION('',(0.,0.,1.));
#6558 = DIRECTION('',(1.,0.,0.));
#6559 = ADVANCED_FACE('',(#6560),#6566,.T.);
#6560 = FACE_BOUND('',#6561,.T.);
#6561 = EDGE_LOOP('',(#6562,#6563,#6564,#6565));
#6562 = ORIENTED_EDGE('',*,*,#6453,.F.);
#6563 = ORIENTED_EDGE('',*,*,#6514,.T.);
#6564 = ORIENTED_EDGE('',*,*,#6493,.T.);
#6565 = ORIENTED_EDGE('',*,*,#6536,.F.);
#6566 = PLANE('',#6567);
#6567 = AXIS2_PLACEMENT_3D('',#6568,#6569,#6570);
#6568 = CARTESIAN_POINT('',(215.,352.,140.));
#6569 = DIRECTION('',(0.,0.,1.));
#6570 = DIRECTION('',(1.,0.,0.));
#6571 = MANIFOLD_SOLID_BREP('',#6572);
#6572 = CLOSED_SHELL('',(#6573,#6606,#6615));
#6573 = ADVANCED_FACE('',(#6574),#6601,.T.);
#6574 = FACE_BOUND('',#6575,.T.);
#6575 = EDGE_LOOP('',(#6576,#6585,#6593,#6600));
#6576 = ORIENTED_EDGE('',*,*,#6577,.F.);
#6577 = EDGE_CURVE('',#6578,#6578,#6580,.T.);
#6578 = VERTEX_POINT('',#6579);
#6579 = CARTESIAN_POINT('',(262.5,325.,144.));
#6580 = CIRCLE('',#6581,22.5);
#6581 = AXIS2_PLACEMENT_3D('',#6582,#6583,#6584);
#6582 = CARTESIAN_POINT('',(240.,325.,144.));
#6583 = DIRECTION('',(0.,0.,1.));
#6584 = DIRECTION('',(1.,0.,0.));
#6585 = ORIENTED_EDGE('',*,*,#6586,.F.);
#6586 = EDGE_CURVE('',#6587,#6578,#6589,.T.);
#6587 = VERTEX_POINT('',#6588);
#6588 = CARTESIAN_POINT('',(262.5,325.,128.));
#6589 = LINE('',#6590,#6591);
#6590 = CARTESIAN_POINT('',(262.5,325.,128.));
#6591 = VECTOR('',#6592,1.);
#6592 = DIRECTION('',(0.,0.,1.));
#6593 = ORIENTED_EDGE('',*,*,#6594,.T.);
#6594 = EDGE_CURVE('',#6587,#6587,#6595,.T.);
#6595 = CIRCLE('',#6596,22.5);
#6596 = AXIS2_PLACEMENT_3D('',#6597,#6598,#6599);
#6597 = CARTESIAN_POINT('',(240.,325.,128.));
#6598 = DIRECTION('',(0.,0.,1.));
#6599 = DIRECTION('',(1.,0.,0.));
#6600 = ORIENTED_EDGE('',*,*,#6586,.T.);
#6601 = CYLINDRICAL_SURFACE('',#6602,22.5);
#6602 = AXIS2_PLACEMENT_3D('',#6603,#6604,#6605);
#6603 = CARTESIAN_POINT('',(240.,325.,128.));
#6604 = DIRECTION('',(0.,0.,1.));
#6605 = DIRECTION('',(1.,0.,0.));
#6606 = ADVANCED_FACE('',(#6607),#6610,.T.);
#6607 = FACE_BOUND('',#6608,.T.);
#6608 = EDGE_LOOP('',(#6609));
#6609 = ORIENTED_EDGE('',*,*,#6577,.T.);
#6610 = PLANE('',#6611);
#6611 = AXIS2_PLACEMENT_3D('',#6612,#6613,#6614);
#6612 = CARTESIAN_POINT('',(240.,325.,144.));
#6613 = DIRECTION('',(0.,0.,1.));
#6614 = DIRECTION('',(1.,0.,0.));
#6615 = ADVANCED_FACE('',(#6616),#6619,.F.);
#6616 = FACE_BOUND('',#6617,.T.);
#6617 = EDGE_LOOP('',(#6618));
#6618 = ORIENTED_EDGE('',*,*,#6594,.F.);
#6619 = PLANE('',#6620);
#6620 = AXIS2_PLACEMENT_3D('',#6621,#6622,#6623);
#6621 = CARTESIAN_POINT('',(240.,325.,128.));
#6622 = DIRECTION('',(0.,0.,1.));
#6623 = DIRECTION('',(1.,0.,0.));
#6624 = MANIFOLD_SOLID_BREP('',#6625);
#6625 = CLOSED_SHELL('',(#6626,#6659,#6668));
#6626 = ADVANCED_FACE('',(#6627),#6654,.T.);
#6627 = FACE_BOUND('',#6628,.T.);
#6628 = EDGE_LOOP('',(#6629,#6638,#6646,#6653));
#6629 = ORIENTED_EDGE('',*,*,#6630,.F.);
#6630 = EDGE_CURVE('',#6631,#6631,#6633,.T.);
#6631 = VERTEX_POINT('',#6632);
#6632 = CARTESIAN_POINT('',(262.5,325.,148.));
#6633 = CIRCLE('',#6634,22.5);
#6634 = AXIS2_PLACEMENT_3D('',#6635,#6636,#6637);
#6635 = CARTESIAN_POINT('',(240.,325.,148.));
#6636 = DIRECTION('',(0.,0.,1.));
#6637 = DIRECTION('',(1.,0.,0.));
#6638 = ORIENTED_EDGE('',*,*,#6639,.F.);
#6639 = EDGE_CURVE('',#6640,#6631,#6642,.T.);
#6640 = VERTEX_POINT('',#6641);
#6641 = CARTESIAN_POINT('',(262.5,325.,144.));
#6642 = LINE('',#6643,#6644);
#6643 = CARTESIAN_POINT('',(262.5,325.,144.));
#6644 = VECTOR('',#6645,1.);
#6645 = DIRECTION('',(0.,0.,1.));
#6646 = ORIENTED_EDGE('',*,*,#6647,.T.);
#6647 = EDGE_CURVE('',#6640,#6640,#6648,.T.);
#6648 = CIRCLE('',#6649,22.5);
#6649 = AXIS2_PLACEMENT_3D('',#6650,#6651,#6652);
#6650 = CARTESIAN_POINT('',(240.,325.,144.));
#6651 = DIRECTION('',(0.,0.,1.));
#6652 = DIRECTION('',(1.,0.,0.));
#6653 = ORIENTED_EDGE('',*,*,#6639,.T.);
#6654 = CYLINDRICAL_SURFACE('',#6655,22.5);
#6655 = AXIS2_PLACEMENT_3D('',#6656,#6657,#6658);
#6656 = CARTESIAN_POINT('',(240.,325.,144.));
#6657 = DIRECTION('',(0.,0.,1.));
#6658 = DIRECTION('',(1.,0.,0.));
#6659 = ADVANCED_FACE('',(#6660),#6663,.T.);
#6660 = FACE_BOUND('',#6661,.T.);
#6661 = EDGE_LOOP('',(#6662));
#6662 = ORIENTED_EDGE('',*,*,#6630,.T.);
#6663 = PLANE('',#6664);
#6664 = AXIS2_PLACEMENT_3D('',#6665,#6666,#6667);
#6665 = CARTESIAN_POINT('',(240.,325.,148.));
#6666 = DIRECTION('',(0.,0.,1.));
#6667 = DIRECTION('',(1.,0.,0.));
#6668 = ADVANCED_FACE('',(#6669),#6672,.F.);
#6669 = FACE_BOUND('',#6670,.T.);
#6670 = EDGE_LOOP('',(#6671));
#6671 = ORIENTED_EDGE('',*,*,#6647,.F.);
#6672 = PLANE('',#6673);
#6673 = AXIS2_PLACEMENT_3D('',#6674,#6675,#6676);
#6674 = CARTESIAN_POINT('',(240.,325.,144.));
#6675 = DIRECTION('',(0.,0.,1.));
#6676 = DIRECTION('',(1.,0.,0.));
#6677 = MANIFOLD_SOLID_BREP('',#6678);
#6678 = CLOSED_SHELL('',(#6679,#6719,#6759,#6781,#6803,#6815));
#6679 = ADVANCED_FACE('',(#6680),#6714,.F.);
#6680 = FACE_BOUND('',#6681,.F.);
#6681 = EDGE_LOOP('',(#6682,#6692,#6700,#6708));
#6682 = ORIENTED_EDGE('',*,*,#6683,.F.);
#6683 = EDGE_CURVE('',#6684,#6686,#6688,.T.);
#6684 = VERTEX_POINT('',#6685);
#6685 = CARTESIAN_POINT('',(330.,293.,120.));
#6686 = VERTEX_POINT('',#6687);
#6687 = CARTESIAN_POINT('',(330.,293.,128.));
#6688 = LINE('',#6689,#6690);
#6689 = CARTESIAN_POINT('',(330.,293.,120.));
#6690 = VECTOR('',#6691,1.);
#6691 = DIRECTION('',(0.,0.,1.));
#6692 = ORIENTED_EDGE('',*,*,#6693,.T.);
#6693 = EDGE_CURVE('',#6684,#6694,#6696,.T.);
#6694 = VERTEX_POINT('',#6695);
#6695 = CARTESIAN_POINT('',(330.,357.,120.));
#6696 = LINE('',#6697,#6698);
#6697 = CARTESIAN_POINT('',(330.,293.,120.));
#6698 = VECTOR('',#6699,1.);
#6699 = DIRECTION('',(0.,1.,0.));
#6700 = ORIENTED_EDGE('',*,*,#6701,.T.);
#6701 = EDGE_CURVE('',#6694,#6702,#6704,.T.);
#6702 = VERTEX_POINT('',#6703);
#6703 = CARTESIAN_POINT('',(330.,357.,128.));
#6704 = LINE('',#6705,#6706);
#6705 = CARTESIAN_POINT('',(330.,357.,120.));
#6706 = VECTOR('',#6707,1.);
#6707 = DIRECTION('',(0.,0.,1.));
#6708 = ORIENTED_EDGE('',*,*,#6709,.F.);
#6709 = EDGE_CURVE('',#6686,#6702,#6710,.T.);
#6710 = LINE('',#6711,#6712);
#6711 = CARTESIAN_POINT('',(330.,293.,128.));
#6712 = VECTOR('',#6713,1.);
#6713 = DIRECTION('',(0.,1.,0.));
#6714 = PLANE('',#6715);
#6715 = AXIS2_PLACEMENT_3D('',#6716,#6717,#6718);
#6716 = CARTESIAN_POINT('',(330.,293.,120.));
#6717 = DIRECTION('',(1.,0.,0.));
#6718 = DIRECTION('',(0.,0.,1.));
#6719 = ADVANCED_FACE('',(#6720),#6754,.T.);
#6720 = FACE_BOUND('',#6721,.T.);
#6721 = EDGE_LOOP('',(#6722,#6732,#6740,#6748));
#6722 = ORIENTED_EDGE('',*,*,#6723,.F.);
#6723 = EDGE_CURVE('',#6724,#6726,#6728,.T.);
#6724 = VERTEX_POINT('',#6725);
#6725 = CARTESIAN_POINT('',(390.,293.,120.));
#6726 = VERTEX_POINT('',#6727);
#6727 = CARTESIAN_POINT('',(390.,293.,128.));
#6728 = LINE('',#6729,#6730);
#6729 = CARTESIAN_POINT('',(390.,293.,120.));
#6730 = VECTOR('',#6731,1.);
#6731 = DIRECTION('',(0.,0.,1.));
#6732 = ORIENTED_EDGE('',*,*,#6733,.T.);
#6733 = EDGE_CURVE('',#6724,#6734,#6736,.T.);
#6734 = VERTEX_POINT('',#6735);
#6735 = CARTESIAN_POINT('',(390.,357.,120.));
#6736 = LINE('',#6737,#6738);
#6737 = CARTESIAN_POINT('',(390.,293.,120.));
#6738 = VECTOR('',#6739,1.);
#6739 = DIRECTION('',(0.,1.,0.));
#6740 = ORIENTED_EDGE('',*,*,#6741,.T.);
#6741 = EDGE_CURVE('',#6734,#6742,#6744,.T.);
#6742 = VERTEX_POINT('',#6743);
#6743 = CARTESIAN_POINT('',(390.,357.,128.));
#6744 = LINE('',#6745,#6746);
#6745 = CARTESIAN_POINT('',(390.,357.,120.));
#6746 = VECTOR('',#6747,1.);
#6747 = DIRECTION('',(0.,0.,1.));
#6748 = ORIENTED_EDGE('',*,*,#6749,.F.);
#6749 = EDGE_CURVE('',#6726,#6742,#6750,.T.);
#6750 = LINE('',#6751,#6752);
#6751 = CARTESIAN_POINT('',(390.,293.,128.));
#6752 = VECTOR('',#6753,1.);
#6753 = DIRECTION('',(0.,1.,0.));
#6754 = PLANE('',#6755);
#6755 = AXIS2_PLACEMENT_3D('',#6756,#6757,#6758);
#6756 = CARTESIAN_POINT('',(390.,293.,120.));
#6757 = DIRECTION('',(1.,0.,0.));
#6758 = DIRECTION('',(0.,0.,1.));
#6759 = ADVANCED_FACE('',(#6760),#6776,.F.);
#6760 = FACE_BOUND('',#6761,.F.);
#6761 = EDGE_LOOP('',(#6762,#6768,#6769,#6775));
#6762 = ORIENTED_EDGE('',*,*,#6763,.F.);
#6763 = EDGE_CURVE('',#6684,#6724,#6764,.T.);
#6764 = LINE('',#6765,#6766);
#6765 = CARTESIAN_POINT('',(330.,293.,120.));
#6766 = VECTOR('',#6767,1.);
#6767 = DIRECTION('',(1.,0.,0.));
#6768 = ORIENTED_EDGE('',*,*,#6683,.T.);
#6769 = ORIENTED_EDGE('',*,*,#6770,.T.);
#6770 = EDGE_CURVE('',#6686,#6726,#6771,.T.);
#6771 = LINE('',#6772,#6773);
#6772 = CARTESIAN_POINT('',(330.,293.,128.));
#6773 = VECTOR('',#6774,1.);
#6774 = DIRECTION('',(1.,0.,0.));
#6775 = ORIENTED_EDGE('',*,*,#6723,.F.);
#6776 = PLANE('',#6777);
#6777 = AXIS2_PLACEMENT_3D('',#6778,#6779,#6780);
#6778 = CARTESIAN_POINT('',(330.,293.,120.));
#6779 = DIRECTION('',(0.,1.,0.));
#6780 = DIRECTION('',(0.,0.,1.));
#6781 = ADVANCED_FACE('',(#6782),#6798,.T.);
#6782 = FACE_BOUND('',#6783,.T.);
#6783 = EDGE_LOOP('',(#6784,#6790,#6791,#6797));
#6784 = ORIENTED_EDGE('',*,*,#6785,.F.);
#6785 = EDGE_CURVE('',#6694,#6734,#6786,.T.);
#6786 = LINE('',#6787,#6788);
#6787 = CARTESIAN_POINT('',(330.,357.,120.));
#6788 = VECTOR('',#6789,1.);
#6789 = DIRECTION('',(1.,0.,0.));
#6790 = ORIENTED_EDGE('',*,*,#6701,.T.);
#6791 = ORIENTED_EDGE('',*,*,#6792,.T.);
#6792 = EDGE_CURVE('',#6702,#6742,#6793,.T.);
#6793 = LINE('',#6794,#6795);
#6794 = CARTESIAN_POINT('',(330.,357.,128.));
#6795 = VECTOR('',#6796,1.);
#6796 = DIRECTION('',(1.,0.,0.));
#6797 = ORIENTED_EDGE('',*,*,#6741,.F.);
#6798 = PLANE('',#6799);
#6799 = AXIS2_PLACEMENT_3D('',#6800,#6801,#6802);
#6800 = CARTESIAN_POINT('',(330.,357.,120.));
#6801 = DIRECTION('',(0.,1.,0.));
#6802 = DIRECTION('',(0.,0.,1.));
#6803 = ADVANCED_FACE('',(#6804),#6810,.F.);
#6804 = FACE_BOUND('',#6805,.F.);
#6805 = EDGE_LOOP('',(#6806,#6807,#6808,#6809));
#6806 = ORIENTED_EDGE('',*,*,#6693,.F.);
#6807 = ORIENTED_EDGE('',*,*,#6763,.T.);
#6808 = ORIENTED_EDGE('',*,*,#6733,.T.);
#6809 = ORIENTED_EDGE('',*,*,#6785,.F.);
#6810 = PLANE('',#6811);
#6811 = AXIS2_PLACEMENT_3D('',#6812,#6813,#6814);
#6812 = CARTESIAN_POINT('',(330.,293.,120.));
#6813 = DIRECTION('',(0.,0.,1.));
#6814 = DIRECTION('',(1.,0.,0.));
#6815 = ADVANCED_FACE('',(#6816),#6822,.T.);
#6816 = FACE_BOUND('',#6817,.T.);
#6817 = EDGE_LOOP('',(#6818,#6819,#6820,#6821));
#6818 = ORIENTED_EDGE('',*,*,#6709,.F.);
#6819 = ORIENTED_EDGE('',*,*,#6770,.T.);
#6820 = ORIENTED_EDGE('',*,*,#6749,.T.);
#6821 = ORIENTED_EDGE('',*,*,#6792,.F.);
#6822 = PLANE('',#6823);
#6823 = AXIS2_PLACEMENT_3D('',#6824,#6825,#6826);
#6824 = CARTESIAN_POINT('',(330.,293.,128.));
#6825 = DIRECTION('',(0.,0.,1.));
#6826 = DIRECTION('',(1.,0.,0.));
#6827 = MANIFOLD_SOLID_BREP('',#6828);
#6828 = CLOSED_SHELL('',(#6829,#6869,#6909,#6931,#6953,#6965));
#6829 = ADVANCED_FACE('',(#6830),#6864,.F.);
#6830 = FACE_BOUND('',#6831,.F.);
#6831 = EDGE_LOOP('',(#6832,#6842,#6850,#6858));
#6832 = ORIENTED_EDGE('',*,*,#6833,.F.);
#6833 = EDGE_CURVE('',#6834,#6836,#6838,.T.);
#6834 = VERTEX_POINT('',#6835);
#6835 = CARTESIAN_POINT('',(330.,293.,128.));
#6836 = VERTEX_POINT('',#6837);
#6837 = CARTESIAN_POINT('',(330.,293.,140.));
#6838 = LINE('',#6839,#6840);
#6839 = CARTESIAN_POINT('',(330.,293.,128.));
#6840 = VECTOR('',#6841,1.);
#6841 = DIRECTION('',(0.,0.,1.));
#6842 = ORIENTED_EDGE('',*,*,#6843,.T.);
#6843 = EDGE_CURVE('',#6834,#6844,#6846,.T.);
#6844 = VERTEX_POINT('',#6845);
#6845 = CARTESIAN_POINT('',(330.,357.,128.));
#6846 = LINE('',#6847,#6848);
#6847 = CARTESIAN_POINT('',(330.,293.,128.));
#6848 = VECTOR('',#6849,1.);
#6849 = DIRECTION('',(0.,1.,0.));
#6850 = ORIENTED_EDGE('',*,*,#6851,.T.);
#6851 = EDGE_CURVE('',#6844,#6852,#6854,.T.);
#6852 = VERTEX_POINT('',#6853);
#6853 = CARTESIAN_POINT('',(330.,357.,140.));
#6854 = LINE('',#6855,#6856);
#6855 = CARTESIAN_POINT('',(330.,357.,128.));
#6856 = VECTOR('',#6857,1.);
#6857 = DIRECTION('',(0.,0.,1.));
#6858 = ORIENTED_EDGE('',*,*,#6859,.F.);
#6859 = EDGE_CURVE('',#6836,#6852,#6860,.T.);
#6860 = LINE('',#6861,#6862);
#6861 = CARTESIAN_POINT('',(330.,293.,140.));
#6862 = VECTOR('',#6863,1.);
#6863 = DIRECTION('',(0.,1.,0.));
#6864 = PLANE('',#6865);
#6865 = AXIS2_PLACEMENT_3D('',#6866,#6867,#6868);
#6866 = CARTESIAN_POINT('',(330.,293.,128.));
#6867 = DIRECTION('',(1.,0.,0.));
#6868 = DIRECTION('',(0.,0.,1.));
#6869 = ADVANCED_FACE('',(#6870),#6904,.T.);
#6870 = FACE_BOUND('',#6871,.T.);
#6871 = EDGE_LOOP('',(#6872,#6882,#6890,#6898));
#6872 = ORIENTED_EDGE('',*,*,#6873,.F.);
#6873 = EDGE_CURVE('',#6874,#6876,#6878,.T.);
#6874 = VERTEX_POINT('',#6875);
#6875 = CARTESIAN_POINT('',(335.,293.,128.));
#6876 = VERTEX_POINT('',#6877);
#6877 = CARTESIAN_POINT('',(335.,293.,140.));
#6878 = LINE('',#6879,#6880);
#6879 = CARTESIAN_POINT('',(335.,293.,128.));
#6880 = VECTOR('',#6881,1.);
#6881 = DIRECTION('',(0.,0.,1.));
#6882 = ORIENTED_EDGE('',*,*,#6883,.T.);
#6883 = EDGE_CURVE('',#6874,#6884,#6886,.T.);
#6884 = VERTEX_POINT('',#6885);
#6885 = CARTESIAN_POINT('',(335.,357.,128.));
#6886 = LINE('',#6887,#6888);
#6887 = CARTESIAN_POINT('',(335.,293.,128.));
#6888 = VECTOR('',#6889,1.);
#6889 = DIRECTION('',(0.,1.,0.));
#6890 = ORIENTED_EDGE('',*,*,#6891,.T.);
#6891 = EDGE_CURVE('',#6884,#6892,#6894,.T.);
#6892 = VERTEX_POINT('',#6893);
#6893 = CARTESIAN_POINT('',(335.,357.,140.));
#6894 = LINE('',#6895,#6896);
#6895 = CARTESIAN_POINT('',(335.,357.,128.));
#6896 = VECTOR('',#6897,1.);
#6897 = DIRECTION('',(0.,0.,1.));
#6898 = ORIENTED_EDGE('',*,*,#6899,.F.);
#6899 = EDGE_CURVE('',#6876,#6892,#6900,.T.);
#6900 = LINE('',#6901,#6902);
#6901 = CARTESIAN_POINT('',(335.,293.,140.));
#6902 = VECTOR('',#6903,1.);
#6903 = DIRECTION('',(0.,1.,0.));
#6904 = PLANE('',#6905);
#6905 = AXIS2_PLACEMENT_3D('',#6906,#6907,#6908);
#6906 = CARTESIAN_POINT('',(335.,293.,128.));
#6907 = DIRECTION('',(1.,0.,0.));
#6908 = DIRECTION('',(0.,0.,1.));
#6909 = ADVANCED_FACE('',(#6910),#6926,.F.);
#6910 = FACE_BOUND('',#6911,.F.);
#6911 = EDGE_LOOP('',(#6912,#6918,#6919,#6925));
#6912 = ORIENTED_EDGE('',*,*,#6913,.F.);
#6913 = EDGE_CURVE('',#6834,#6874,#6914,.T.);
#6914 = LINE('',#6915,#6916);
#6915 = CARTESIAN_POINT('',(330.,293.,128.));
#6916 = VECTOR('',#6917,1.);
#6917 = DIRECTION('',(1.,0.,0.));
#6918 = ORIENTED_EDGE('',*,*,#6833,.T.);
#6919 = ORIENTED_EDGE('',*,*,#6920,.T.);
#6920 = EDGE_CURVE('',#6836,#6876,#6921,.T.);
#6921 = LINE('',#6922,#6923);
#6922 = CARTESIAN_POINT('',(330.,293.,140.));
#6923 = VECTOR('',#6924,1.);
#6924 = DIRECTION('',(1.,0.,0.));
#6925 = ORIENTED_EDGE('',*,*,#6873,.F.);
#6926 = PLANE('',#6927);
#6927 = AXIS2_PLACEMENT_3D('',#6928,#6929,#6930);
#6928 = CARTESIAN_POINT('',(330.,293.,128.));
#6929 = DIRECTION('',(0.,1.,0.));
#6930 = DIRECTION('',(0.,0.,1.));
#6931 = ADVANCED_FACE('',(#6932),#6948,.T.);
#6932 = FACE_BOUND('',#6933,.T.);
#6933 = EDGE_LOOP('',(#6934,#6940,#6941,#6947));
#6934 = ORIENTED_EDGE('',*,*,#6935,.F.);
#6935 = EDGE_CURVE('',#6844,#6884,#6936,.T.);
#6936 = LINE('',#6937,#6938);
#6937 = CARTESIAN_POINT('',(330.,357.,128.));
#6938 = VECTOR('',#6939,1.);
#6939 = DIRECTION('',(1.,0.,0.));
#6940 = ORIENTED_EDGE('',*,*,#6851,.T.);
#6941 = ORIENTED_EDGE('',*,*,#6942,.T.);
#6942 = EDGE_CURVE('',#6852,#6892,#6943,.T.);
#6943 = LINE('',#6944,#6945);
#6944 = CARTESIAN_POINT('',(330.,357.,140.));
#6945 = VECTOR('',#6946,1.);
#6946 = DIRECTION('',(1.,0.,0.));
#6947 = ORIENTED_EDGE('',*,*,#6891,.F.);
#6948 = PLANE('',#6949);
#6949 = AXIS2_PLACEMENT_3D('',#6950,#6951,#6952);
#6950 = CARTESIAN_POINT('',(330.,357.,128.));
#6951 = DIRECTION('',(0.,1.,0.));
#6952 = DIRECTION('',(0.,0.,1.));
#6953 = ADVANCED_FACE('',(#6954),#6960,.F.);
#6954 = FACE_BOUND('',#6955,.F.);
#6955 = EDGE_LOOP('',(#6956,#6957,#6958,#6959));
#6956 = ORIENTED_EDGE('',*,*,#6843,.F.);
#6957 = ORIENTED_EDGE('',*,*,#6913,.T.);
#6958 = ORIENTED_EDGE('',*,*,#6883,.T.);
#6959 = ORIENTED_EDGE('',*,*,#6935,.F.);
#6960 = PLANE('',#6961);
#6961 = AXIS2_PLACEMENT_3D('',#6962,#6963,#6964);
#6962 = CARTESIAN_POINT('',(330.,293.,128.));
#6963 = DIRECTION('',(0.,0.,1.));
#6964 = DIRECTION('',(1.,0.,0.));
#6965 = ADVANCED_FACE('',(#6966),#6972,.T.);
#6966 = FACE_BOUND('',#6967,.T.);
#6967 = EDGE_LOOP('',(#6968,#6969,#6970,#6971));
#6968 = ORIENTED_EDGE('',*,*,#6859,.F.);
#6969 = ORIENTED_EDGE('',*,*,#6920,.T.);
#6970 = ORIENTED_EDGE('',*,*,#6899,.T.);
#6971 = ORIENTED_EDGE('',*,*,#6942,.F.);
#6972 = PLANE('',#6973);
#6973 = AXIS2_PLACEMENT_3D('',#6974,#6975,#6976);
#6974 = CARTESIAN_POINT('',(330.,293.,140.));
#6975 = DIRECTION('',(0.,0.,1.));
#6976 = DIRECTION('',(1.,0.,0.));
#6977 = MANIFOLD_SOLID_BREP('',#6978);
#6978 = CLOSED_SHELL('',(#6979,#7019,#7059,#7081,#7103,#7115));
#6979 = ADVANCED_FACE('',(#6980),#7014,.F.);
#6980 = FACE_BOUND('',#6981,.F.);
#6981 = EDGE_LOOP('',(#6982,#6992,#7000,#7008));
#6982 = ORIENTED_EDGE('',*,*,#6983,.F.);
#6983 = EDGE_CURVE('',#6984,#6986,#6988,.T.);
#6984 = VERTEX_POINT('',#6985);
#6985 = CARTESIAN_POINT('',(385.,293.,128.));
#6986 = VERTEX_POINT('',#6987);
#6987 = CARTESIAN_POINT('',(385.,293.,140.));
#6988 = LINE('',#6989,#6990);
#6989 = CARTESIAN_POINT('',(385.,293.,128.));
#6990 = VECTOR('',#6991,1.);
#6991 = DIRECTION('',(0.,0.,1.));
#6992 = ORIENTED_EDGE('',*,*,#6993,.T.);
#6993 = EDGE_CURVE('',#6984,#6994,#6996,.T.);
#6994 = VERTEX_POINT('',#6995);
#6995 = CARTESIAN_POINT('',(385.,357.,128.));
#6996 = LINE('',#6997,#6998);
#6997 = CARTESIAN_POINT('',(385.,293.,128.));
#6998 = VECTOR('',#6999,1.);
#6999 = DIRECTION('',(0.,1.,0.));
#7000 = ORIENTED_EDGE('',*,*,#7001,.T.);
#7001 = EDGE_CURVE('',#6994,#7002,#7004,.T.);
#7002 = VERTEX_POINT('',#7003);
#7003 = CARTESIAN_POINT('',(385.,357.,140.));
#7004 = LINE('',#7005,#7006);
#7005 = CARTESIAN_POINT('',(385.,357.,128.));
#7006 = VECTOR('',#7007,1.);
#7007 = DIRECTION('',(0.,0.,1.));
#7008 = ORIENTED_EDGE('',*,*,#7009,.F.);
#7009 = EDGE_CURVE('',#6986,#7002,#7010,.T.);
#7010 = LINE('',#7011,#7012);
#7011 = CARTESIAN_POINT('',(385.,293.,140.));
#7012 = VECTOR('',#7013,1.);
#7013 = DIRECTION('',(0.,1.,0.));
#7014 = PLANE('',#7015);
#7015 = AXIS2_PLACEMENT_3D('',#7016,#7017,#7018);
#7016 = CARTESIAN_POINT('',(385.,293.,128.));
#7017 = DIRECTION('',(1.,0.,0.));
#7018 = DIRECTION('',(0.,0.,1.));
#7019 = ADVANCED_FACE('',(#7020),#7054,.T.);
#7020 = FACE_BOUND('',#7021,.T.);
#7021 = EDGE_LOOP('',(#7022,#7032,#7040,#7048));
#7022 = ORIENTED_EDGE('',*,*,#7023,.F.);
#7023 = EDGE_CURVE('',#7024,#7026,#7028,.T.);
#7024 = VERTEX_POINT('',#7025);
#7025 = CARTESIAN_POINT('',(390.,293.,128.));
#7026 = VERTEX_POINT('',#7027);
#7027 = CARTESIAN_POINT('',(390.,293.,140.));
#7028 = LINE('',#7029,#7030);
#7029 = CARTESIAN_POINT('',(390.,293.,128.));
#7030 = VECTOR('',#7031,1.);
#7031 = DIRECTION('',(0.,0.,1.));
#7032 = ORIENTED_EDGE('',*,*,#7033,.T.);
#7033 = EDGE_CURVE('',#7024,#7034,#7036,.T.);
#7034 = VERTEX_POINT('',#7035);
#7035 = CARTESIAN_POINT('',(390.,357.,128.));
#7036 = LINE('',#7037,#7038);
#7037 = CARTESIAN_POINT('',(390.,293.,128.));
#7038 = VECTOR('',#7039,1.);
#7039 = DIRECTION('',(0.,1.,0.));
#7040 = ORIENTED_EDGE('',*,*,#7041,.T.);
#7041 = EDGE_CURVE('',#7034,#7042,#7044,.T.);
#7042 = VERTEX_POINT('',#7043);
#7043 = CARTESIAN_POINT('',(390.,357.,140.));
#7044 = LINE('',#7045,#7046);
#7045 = CARTESIAN_POINT('',(390.,357.,128.));
#7046 = VECTOR('',#7047,1.);
#7047 = DIRECTION('',(0.,0.,1.));
#7048 = ORIENTED_EDGE('',*,*,#7049,.F.);
#7049 = EDGE_CURVE('',#7026,#7042,#7050,.T.);
#7050 = LINE('',#7051,#7052);
#7051 = CARTESIAN_POINT('',(390.,293.,140.));
#7052 = VECTOR('',#7053,1.);
#7053 = DIRECTION('',(0.,1.,0.));
#7054 = PLANE('',#7055);
#7055 = AXIS2_PLACEMENT_3D('',#7056,#7057,#7058);
#7056 = CARTESIAN_POINT('',(390.,293.,128.));
#7057 = DIRECTION('',(1.,0.,0.));
#7058 = DIRECTION('',(0.,0.,1.));
#7059 = ADVANCED_FACE('',(#7060),#7076,.F.);
#7060 = FACE_BOUND('',#7061,.F.);
#7061 = EDGE_LOOP('',(#7062,#7068,#7069,#7075));
#7062 = ORIENTED_EDGE('',*,*,#7063,.F.);
#7063 = EDGE_CURVE('',#6984,#7024,#7064,.T.);
#7064 = LINE('',#7065,#7066);
#7065 = CARTESIAN_POINT('',(385.,293.,128.));
#7066 = VECTOR('',#7067,1.);
#7067 = DIRECTION('',(1.,0.,0.));
#7068 = ORIENTED_EDGE('',*,*,#6983,.T.);
#7069 = ORIENTED_EDGE('',*,*,#7070,.T.);
#7070 = EDGE_CURVE('',#6986,#7026,#7071,.T.);
#7071 = LINE('',#7072,#7073);
#7072 = CARTESIAN_POINT('',(385.,293.,140.));
#7073 = VECTOR('',#7074,1.);
#7074 = DIRECTION('',(1.,0.,0.));
#7075 = ORIENTED_EDGE('',*,*,#7023,.F.);
#7076 = PLANE('',#7077);
#7077 = AXIS2_PLACEMENT_3D('',#7078,#7079,#7080);
#7078 = CARTESIAN_POINT('',(385.,293.,128.));
#7079 = DIRECTION('',(0.,1.,0.));
#7080 = DIRECTION('',(0.,0.,1.));
#7081 = ADVANCED_FACE('',(#7082),#7098,.T.);
#7082 = FACE_BOUND('',#7083,.T.);
#7083 = EDGE_LOOP('',(#7084,#7090,#7091,#7097));
#7084 = ORIENTED_EDGE('',*,*,#7085,.F.);
#7085 = EDGE_CURVE('',#6994,#7034,#7086,.T.);
#7086 = LINE('',#7087,#7088);
#7087 = CARTESIAN_POINT('',(385.,357.,128.));
#7088 = VECTOR('',#7089,1.);
#7089 = DIRECTION('',(1.,0.,0.));
#7090 = ORIENTED_EDGE('',*,*,#7001,.T.);
#7091 = ORIENTED_EDGE('',*,*,#7092,.T.);
#7092 = EDGE_CURVE('',#7002,#7042,#7093,.T.);
#7093 = LINE('',#7094,#7095);
#7094 = CARTESIAN_POINT('',(385.,357.,140.));
#7095 = VECTOR('',#7096,1.);
#7096 = DIRECTION('',(1.,0.,0.));
#7097 = ORIENTED_EDGE('',*,*,#7041,.F.);
#7098 = PLANE('',#7099);
#7099 = AXIS2_PLACEMENT_3D('',#7100,#7101,#7102);
#7100 = CARTESIAN_POINT('',(385.,357.,128.));
#7101 = DIRECTION('',(0.,1.,0.));
#7102 = DIRECTION('',(0.,0.,1.));
#7103 = ADVANCED_FACE('',(#7104),#7110,.F.);
#7104 = FACE_BOUND('',#7105,.F.);
#7105 = EDGE_LOOP('',(#7106,#7107,#7108,#7109));
#7106 = ORIENTED_EDGE('',*,*,#6993,.F.);
#7107 = ORIENTED_EDGE('',*,*,#7063,.T.);
#7108 = ORIENTED_EDGE('',*,*,#7033,.T.);
#7109 = ORIENTED_EDGE('',*,*,#7085,.F.);
#7110 = PLANE('',#7111);
#7111 = AXIS2_PLACEMENT_3D('',#7112,#7113,#7114);
#7112 = CARTESIAN_POINT('',(385.,293.,128.));
#7113 = DIRECTION('',(0.,0.,1.));
#7114 = DIRECTION('',(1.,0.,0.));
#7115 = ADVANCED_FACE('',(#7116),#7122,.T.);
#7116 = FACE_BOUND('',#7117,.T.);
#7117 = EDGE_LOOP('',(#7118,#7119,#7120,#7121));
#7118 = ORIENTED_EDGE('',*,*,#7009,.F.);
#7119 = ORIENTED_EDGE('',*,*,#7070,.T.);
#7120 = ORIENTED_EDGE('',*,*,#7049,.T.);
#7121 = ORIENTED_EDGE('',*,*,#7092,.F.);
#7122 = PLANE('',#7123);
#7123 = AXIS2_PLACEMENT_3D('',#7124,#7125,#7126);
#7124 = CARTESIAN_POINT('',(385.,293.,140.));
#7125 = DIRECTION('',(0.,0.,1.));
#7126 = DIRECTION('',(1.,0.,0.));
#7127 = MANIFOLD_SOLID_BREP('',#7128);
#7128 = CLOSED_SHELL('',(#7129,#7169,#7209,#7231,#7253,#7265));
#7129 = ADVANCED_FACE('',(#7130),#7164,.F.);
#7130 = FACE_BOUND('',#7131,.F.);
#7131 = EDGE_LOOP('',(#7132,#7142,#7150,#7158));
#7132 = ORIENTED_EDGE('',*,*,#7133,.F.);
#7133 = EDGE_CURVE('',#7134,#7136,#7138,.T.);
#7134 = VERTEX_POINT('',#7135);
#7135 = CARTESIAN_POINT('',(335.,293.,128.));
#7136 = VERTEX_POINT('',#7137);
#7137 = CARTESIAN_POINT('',(335.,293.,140.));
#7138 = LINE('',#7139,#7140);
#7139 = CARTESIAN_POINT('',(335.,293.,128.));
#7140 = VECTOR('',#7141,1.);
#7141 = DIRECTION('',(0.,0.,1.));
#7142 = ORIENTED_EDGE('',*,*,#7143,.T.);
#7143 = EDGE_CURVE('',#7134,#7144,#7146,.T.);
#7144 = VERTEX_POINT('',#7145);
#7145 = CARTESIAN_POINT('',(335.,298.,128.));
#7146 = LINE('',#7147,#7148);
#7147 = CARTESIAN_POINT('',(335.,293.,128.));
#7148 = VECTOR('',#7149,1.);
#7149 = DIRECTION('',(0.,1.,0.));
#7150 = ORIENTED_EDGE('',*,*,#7151,.T.);
#7151 = EDGE_CURVE('',#7144,#7152,#7154,.T.);
#7152 = VERTEX_POINT('',#7153);
#7153 = CARTESIAN_POINT('',(335.,298.,140.));
#7154 = LINE('',#7155,#7156);
#7155 = CARTESIAN_POINT('',(335.,298.,128.));
#7156 = VECTOR('',#7157,1.);
#7157 = DIRECTION('',(0.,0.,1.));
#7158 = ORIENTED_EDGE('',*,*,#7159,.F.);
#7159 = EDGE_CURVE('',#7136,#7152,#7160,.T.);
#7160 = LINE('',#7161,#7162);
#7161 = CARTESIAN_POINT('',(335.,293.,140.));
#7162 = VECTOR('',#7163,1.);
#7163 = DIRECTION('',(0.,1.,0.));
#7164 = PLANE('',#7165);
#7165 = AXIS2_PLACEMENT_3D('',#7166,#7167,#7168);
#7166 = CARTESIAN_POINT('',(335.,293.,128.));
#7167 = DIRECTION('',(1.,0.,0.));
#7168 = DIRECTION('',(0.,0.,1.));
#7169 = ADVANCED_FACE('',(#7170),#7204,.T.);
#7170 = FACE_BOUND('',#7171,.T.);
#7171 = EDGE_LOOP('',(#7172,#7182,#7190,#7198));
#7172 = ORIENTED_EDGE('',*,*,#7173,.F.);
#7173 = EDGE_CURVE('',#7174,#7176,#7178,.T.);
#7174 = VERTEX_POINT('',#7175);
#7175 = CARTESIAN_POINT('',(348.,293.,128.));
#7176 = VERTEX_POINT('',#7177);
#7177 = CARTESIAN_POINT('',(348.,293.,140.));
#7178 = LINE('',#7179,#7180);
#7179 = CARTESIAN_POINT('',(348.,293.,128.));
#7180 = VECTOR('',#7181,1.);
#7181 = DIRECTION('',(0.,0.,1.));
#7182 = ORIENTED_EDGE('',*,*,#7183,.T.);
#7183 = EDGE_CURVE('',#7174,#7184,#7186,.T.);
#7184 = VERTEX_POINT('',#7185);
#7185 = CARTESIAN_POINT('',(348.,298.,128.));
#7186 = LINE('',#7187,#7188);
#7187 = CARTESIAN_POINT('',(348.,293.,128.));
#7188 = VECTOR('',#7189,1.);
#7189 = DIRECTION('',(0.,1.,0.));
#7190 = ORIENTED_EDGE('',*,*,#7191,.T.);
#7191 = EDGE_CURVE('',#7184,#7192,#7194,.T.);
#7192 = VERTEX_POINT('',#7193);
#7193 = CARTESIAN_POINT('',(348.,298.,140.));
#7194 = LINE('',#7195,#7196);
#7195 = CARTESIAN_POINT('',(348.,298.,128.));
#7196 = VECTOR('',#7197,1.);
#7197 = DIRECTION('',(0.,0.,1.));
#7198 = ORIENTED_EDGE('',*,*,#7199,.F.);
#7199 = EDGE_CURVE('',#7176,#7192,#7200,.T.);
#7200 = LINE('',#7201,#7202);
#7201 = CARTESIAN_POINT('',(348.,293.,140.));
#7202 = VECTOR('',#7203,1.);
#7203 = DIRECTION('',(0.,1.,0.));
#7204 = PLANE('',#7205);
#7205 = AXIS2_PLACEMENT_3D('',#7206,#7207,#7208);
#7206 = CARTESIAN_POINT('',(348.,293.,128.));
#7207 = DIRECTION('',(1.,0.,0.));
#7208 = DIRECTION('',(0.,0.,1.));
#7209 = ADVANCED_FACE('',(#7210),#7226,.F.);
#7210 = FACE_BOUND('',#7211,.F.);
#7211 = EDGE_LOOP('',(#7212,#7218,#7219,#7225));
#7212 = ORIENTED_EDGE('',*,*,#7213,.F.);
#7213 = EDGE_CURVE('',#7134,#7174,#7214,.T.);
#7214 = LINE('',#7215,#7216);
#7215 = CARTESIAN_POINT('',(335.,293.,128.));
#7216 = VECTOR('',#7217,1.);
#7217 = DIRECTION('',(1.,0.,0.));
#7218 = ORIENTED_EDGE('',*,*,#7133,.T.);
#7219 = ORIENTED_EDGE('',*,*,#7220,.T.);
#7220 = EDGE_CURVE('',#7136,#7176,#7221,.T.);
#7221 = LINE('',#7222,#7223);
#7222 = CARTESIAN_POINT('',(335.,293.,140.));
#7223 = VECTOR('',#7224,1.);
#7224 = DIRECTION('',(1.,0.,0.));
#7225 = ORIENTED_EDGE('',*,*,#7173,.F.);
#7226 = PLANE('',#7227);
#7227 = AXIS2_PLACEMENT_3D('',#7228,#7229,#7230);
#7228 = CARTESIAN_POINT('',(335.,293.,128.));
#7229 = DIRECTION('',(0.,1.,0.));
#7230 = DIRECTION('',(0.,0.,1.));
#7231 = ADVANCED_FACE('',(#7232),#7248,.T.);
#7232 = FACE_BOUND('',#7233,.T.);
#7233 = EDGE_LOOP('',(#7234,#7240,#7241,#7247));
#7234 = ORIENTED_EDGE('',*,*,#7235,.F.);
#7235 = EDGE_CURVE('',#7144,#7184,#7236,.T.);
#7236 = LINE('',#7237,#7238);
#7237 = CARTESIAN_POINT('',(335.,298.,128.));
#7238 = VECTOR('',#7239,1.);
#7239 = DIRECTION('',(1.,0.,0.));
#7240 = ORIENTED_EDGE('',*,*,#7151,.T.);
#7241 = ORIENTED_EDGE('',*,*,#7242,.T.);
#7242 = EDGE_CURVE('',#7152,#7192,#7243,.T.);
#7243 = LINE('',#7244,#7245);
#7244 = CARTESIAN_POINT('',(335.,298.,140.));
#7245 = VECTOR('',#7246,1.);
#7246 = DIRECTION('',(1.,0.,0.));
#7247 = ORIENTED_EDGE('',*,*,#7191,.F.);
#7248 = PLANE('',#7249);
#7249 = AXIS2_PLACEMENT_3D('',#7250,#7251,#7252);
#7250 = CARTESIAN_POINT('',(335.,298.,128.));
#7251 = DIRECTION('',(0.,1.,0.));
#7252 = DIRECTION('',(0.,0.,1.));
#7253 = ADVANCED_FACE('',(#7254),#7260,.F.);
#7254 = FACE_BOUND('',#7255,.F.);
#7255 = EDGE_LOOP('',(#7256,#7257,#7258,#7259));
#7256 = ORIENTED_EDGE('',*,*,#7143,.F.);
#7257 = ORIENTED_EDGE('',*,*,#7213,.T.);
#7258 = ORIENTED_EDGE('',*,*,#7183,.T.);
#7259 = ORIENTED_EDGE('',*,*,#7235,.F.);
#7260 = PLANE('',#7261);
#7261 = AXIS2_PLACEMENT_3D('',#7262,#7263,#7264);
#7262 = CARTESIAN_POINT('',(335.,293.,128.));
#7263 = DIRECTION('',(0.,0.,1.));
#7264 = DIRECTION('',(1.,0.,0.));
#7265 = ADVANCED_FACE('',(#7266),#7272,.T.);
#7266 = FACE_BOUND('',#7267,.T.);
#7267 = EDGE_LOOP('',(#7268,#7269,#7270,#7271));
#7268 = ORIENTED_EDGE('',*,*,#7159,.F.);
#7269 = ORIENTED_EDGE('',*,*,#7220,.T.);
#7270 = ORIENTED_EDGE('',*,*,#7199,.T.);
#7271 = ORIENTED_EDGE('',*,*,#7242,.F.);
#7272 = PLANE('',#7273);
#7273 = AXIS2_PLACEMENT_3D('',#7274,#7275,#7276);
#7274 = CARTESIAN_POINT('',(335.,293.,140.));
#7275 = DIRECTION('',(0.,0.,1.));
#7276 = DIRECTION('',(1.,0.,0.));
#7277 = MANIFOLD_SOLID_BREP('',#7278);
#7278 = CLOSED_SHELL('',(#7279,#7319,#7359,#7381,#7403,#7415));
#7279 = ADVANCED_FACE('',(#7280),#7314,.F.);
#7280 = FACE_BOUND('',#7281,.F.);
#7281 = EDGE_LOOP('',(#7282,#7292,#7300,#7308));
#7282 = ORIENTED_EDGE('',*,*,#7283,.F.);
#7283 = EDGE_CURVE('',#7284,#7286,#7288,.T.);
#7284 = VERTEX_POINT('',#7285);
#7285 = CARTESIAN_POINT('',(372.,293.,128.));
#7286 = VERTEX_POINT('',#7287);
#7287 = CARTESIAN_POINT('',(372.,293.,140.));
#7288 = LINE('',#7289,#7290);
#7289 = CARTESIAN_POINT('',(372.,293.,128.));
#7290 = VECTOR('',#7291,1.);
#7291 = DIRECTION('',(0.,0.,1.));
#7292 = ORIENTED_EDGE('',*,*,#7293,.T.);
#7293 = EDGE_CURVE('',#7284,#7294,#7296,.T.);
#7294 = VERTEX_POINT('',#7295);
#7295 = CARTESIAN_POINT('',(372.,298.,128.));
#7296 = LINE('',#7297,#7298);
#7297 = CARTESIAN_POINT('',(372.,293.,128.));
#7298 = VECTOR('',#7299,1.);
#7299 = DIRECTION('',(0.,1.,0.));
#7300 = ORIENTED_EDGE('',*,*,#7301,.T.);
#7301 = EDGE_CURVE('',#7294,#7302,#7304,.T.);
#7302 = VERTEX_POINT('',#7303);
#7303 = CARTESIAN_POINT('',(372.,298.,140.));
#7304 = LINE('',#7305,#7306);
#7305 = CARTESIAN_POINT('',(372.,298.,128.));
#7306 = VECTOR('',#7307,1.);
#7307 = DIRECTION('',(0.,0.,1.));
#7308 = ORIENTED_EDGE('',*,*,#7309,.F.);
#7309 = EDGE_CURVE('',#7286,#7302,#7310,.T.);
#7310 = LINE('',#7311,#7312);
#7311 = CARTESIAN_POINT('',(372.,293.,140.));
#7312 = VECTOR('',#7313,1.);
#7313 = DIRECTION('',(0.,1.,0.));
#7314 = PLANE('',#7315);
#7315 = AXIS2_PLACEMENT_3D('',#7316,#7317,#7318);
#7316 = CARTESIAN_POINT('',(372.,293.,128.));
#7317 = DIRECTION('',(1.,0.,0.));
#7318 = DIRECTION('',(0.,0.,1.));
#7319 = ADVANCED_FACE('',(#7320),#7354,.T.);
#7320 = FACE_BOUND('',#7321,.T.);
#7321 = EDGE_LOOP('',(#7322,#7332,#7340,#7348));
#7322 = ORIENTED_EDGE('',*,*,#7323,.F.);
#7323 = EDGE_CURVE('',#7324,#7326,#7328,.T.);
#7324 = VERTEX_POINT('',#7325);
#7325 = CARTESIAN_POINT('',(385.,293.,128.));
#7326 = VERTEX_POINT('',#7327);
#7327 = CARTESIAN_POINT('',(385.,293.,140.));
#7328 = LINE('',#7329,#7330);
#7329 = CARTESIAN_POINT('',(385.,293.,128.));
#7330 = VECTOR('',#7331,1.);
#7331 = DIRECTION('',(0.,0.,1.));
#7332 = ORIENTED_EDGE('',*,*,#7333,.T.);
#7333 = EDGE_CURVE('',#7324,#7334,#7336,.T.);
#7334 = VERTEX_POINT('',#7335);
#7335 = CARTESIAN_POINT('',(385.,298.,128.));
#7336 = LINE('',#7337,#7338);
#7337 = CARTESIAN_POINT('',(385.,293.,128.));
#7338 = VECTOR('',#7339,1.);
#7339 = DIRECTION('',(0.,1.,0.));
#7340 = ORIENTED_EDGE('',*,*,#7341,.T.);
#7341 = EDGE_CURVE('',#7334,#7342,#7344,.T.);
#7342 = VERTEX_POINT('',#7343);
#7343 = CARTESIAN_POINT('',(385.,298.,140.));
#7344 = LINE('',#7345,#7346);
#7345 = CARTESIAN_POINT('',(385.,298.,128.));
#7346 = VECTOR('',#7347,1.);
#7347 = DIRECTION('',(0.,0.,1.));
#7348 = ORIENTED_EDGE('',*,*,#7349,.F.);
#7349 = EDGE_CURVE('',#7326,#7342,#7350,.T.);
#7350 = LINE('',#7351,#7352);
#7351 = CARTESIAN_POINT('',(385.,293.,140.));
#7352 = VECTOR('',#7353,1.);
#7353 = DIRECTION('',(0.,1.,0.));
#7354 = PLANE('',#7355);
#7355 = AXIS2_PLACEMENT_3D('',#7356,#7357,#7358);
#7356 = CARTESIAN_POINT('',(385.,293.,128.));
#7357 = DIRECTION('',(1.,0.,0.));
#7358 = DIRECTION('',(0.,0.,1.));
#7359 = ADVANCED_FACE('',(#7360),#7376,.F.);
#7360 = FACE_BOUND('',#7361,.F.);
#7361 = EDGE_LOOP('',(#7362,#7368,#7369,#7375));
#7362 = ORIENTED_EDGE('',*,*,#7363,.F.);
#7363 = EDGE_CURVE('',#7284,#7324,#7364,.T.);
#7364 = LINE('',#7365,#7366);
#7365 = CARTESIAN_POINT('',(372.,293.,128.));
#7366 = VECTOR('',#7367,1.);
#7367 = DIRECTION('',(1.,0.,0.));
#7368 = ORIENTED_EDGE('',*,*,#7283,.T.);
#7369 = ORIENTED_EDGE('',*,*,#7370,.T.);
#7370 = EDGE_CURVE('',#7286,#7326,#7371,.T.);
#7371 = LINE('',#7372,#7373);
#7372 = CARTESIAN_POINT('',(372.,293.,140.));
#7373 = VECTOR('',#7374,1.);
#7374 = DIRECTION('',(1.,0.,0.));
#7375 = ORIENTED_EDGE('',*,*,#7323,.F.);
#7376 = PLANE('',#7377);
#7377 = AXIS2_PLACEMENT_3D('',#7378,#7379,#7380);
#7378 = CARTESIAN_POINT('',(372.,293.,128.));
#7379 = DIRECTION('',(0.,1.,0.));
#7380 = DIRECTION('',(0.,0.,1.));
#7381 = ADVANCED_FACE('',(#7382),#7398,.T.);
#7382 = FACE_BOUND('',#7383,.T.);
#7383 = EDGE_LOOP('',(#7384,#7390,#7391,#7397));
#7384 = ORIENTED_EDGE('',*,*,#7385,.F.);
#7385 = EDGE_CURVE('',#7294,#7334,#7386,.T.);
#7386 = LINE('',#7387,#7388);
#7387 = CARTESIAN_POINT('',(372.,298.,128.));
#7388 = VECTOR('',#7389,1.);
#7389 = DIRECTION('',(1.,0.,0.));
#7390 = ORIENTED_EDGE('',*,*,#7301,.T.);
#7391 = ORIENTED_EDGE('',*,*,#7392,.T.);
#7392 = EDGE_CURVE('',#7302,#7342,#7393,.T.);
#7393 = LINE('',#7394,#7395);
#7394 = CARTESIAN_POINT('',(372.,298.,140.));
#7395 = VECTOR('',#7396,1.);
#7396 = DIRECTION('',(1.,0.,0.));
#7397 = ORIENTED_EDGE('',*,*,#7341,.F.);
#7398 = PLANE('',#7399);
#7399 = AXIS2_PLACEMENT_3D('',#7400,#7401,#7402);
#7400 = CARTESIAN_POINT('',(372.,298.,128.));
#7401 = DIRECTION('',(0.,1.,0.));
#7402 = DIRECTION('',(0.,0.,1.));
#7403 = ADVANCED_FACE('',(#7404),#7410,.F.);
#7404 = FACE_BOUND('',#7405,.F.);
#7405 = EDGE_LOOP('',(#7406,#7407,#7408,#7409));
#7406 = ORIENTED_EDGE('',*,*,#7293,.F.);
#7407 = ORIENTED_EDGE('',*,*,#7363,.T.);
#7408 = ORIENTED_EDGE('',*,*,#7333,.T.);
#7409 = ORIENTED_EDGE('',*,*,#7385,.F.);
#7410 = PLANE('',#7411);
#7411 = AXIS2_PLACEMENT_3D('',#7412,#7413,#7414);
#7412 = CARTESIAN_POINT('',(372.,293.,128.));
#7413 = DIRECTION('',(0.,0.,1.));
#7414 = DIRECTION('',(1.,0.,0.));
#7415 = ADVANCED_FACE('',(#7416),#7422,.T.);
#7416 = FACE_BOUND('',#7417,.T.);
#7417 = EDGE_LOOP('',(#7418,#7419,#7420,#7421));
#7418 = ORIENTED_EDGE('',*,*,#7309,.F.);
#7419 = ORIENTED_EDGE('',*,*,#7370,.T.);
#7420 = ORIENTED_EDGE('',*,*,#7349,.T.);
#7421 = ORIENTED_EDGE('',*,*,#7392,.F.);
#7422 = PLANE('',#7423);
#7423 = AXIS2_PLACEMENT_3D('',#7424,#7425,#7426);
#7424 = CARTESIAN_POINT('',(372.,293.,140.));
#7425 = DIRECTION('',(0.,0.,1.));
#7426 = DIRECTION('',(1.,0.,0.));
#7427 = MANIFOLD_SOLID_BREP('',#7428);
#7428 = CLOSED_SHELL('',(#7429,#7469,#7509,#7531,#7553,#7565));
#7429 = ADVANCED_FACE('',(#7430),#7464,.F.);
#7430 = FACE_BOUND('',#7431,.F.);
#7431 = EDGE_LOOP('',(#7432,#7442,#7450,#7458));
#7432 = ORIENTED_EDGE('',*,*,#7433,.F.);
#7433 = EDGE_CURVE('',#7434,#7436,#7438,.T.);
#7434 = VERTEX_POINT('',#7435);
#7435 = CARTESIAN_POINT('',(335.,352.,128.));
#7436 = VERTEX_POINT('',#7437);
#7437 = CARTESIAN_POINT('',(335.,352.,140.));
#7438 = LINE('',#7439,#7440);
#7439 = CARTESIAN_POINT('',(335.,352.,128.));
#7440 = VECTOR('',#7441,1.);
#7441 = DIRECTION('',(0.,0.,1.));
#7442 = ORIENTED_EDGE('',*,*,#7443,.T.);
#7443 = EDGE_CURVE('',#7434,#7444,#7446,.T.);
#7444 = VERTEX_POINT('',#7445);
#7445 = CARTESIAN_POINT('',(335.,357.,128.));
#7446 = LINE('',#7447,#7448);
#7447 = CARTESIAN_POINT('',(335.,352.,128.));
#7448 = VECTOR('',#7449,1.);
#7449 = DIRECTION('',(0.,1.,0.));
#7450 = ORIENTED_EDGE('',*,*,#7451,.T.);
#7451 = EDGE_CURVE('',#7444,#7452,#7454,.T.);
#7452 = VERTEX_POINT('',#7453);
#7453 = CARTESIAN_POINT('',(335.,357.,140.));
#7454 = LINE('',#7455,#7456);
#7455 = CARTESIAN_POINT('',(335.,357.,128.));
#7456 = VECTOR('',#7457,1.);
#7457 = DIRECTION('',(0.,0.,1.));
#7458 = ORIENTED_EDGE('',*,*,#7459,.F.);
#7459 = EDGE_CURVE('',#7436,#7452,#7460,.T.);
#7460 = LINE('',#7461,#7462);
#7461 = CARTESIAN_POINT('',(335.,352.,140.));
#7462 = VECTOR('',#7463,1.);
#7463 = DIRECTION('',(0.,1.,0.));
#7464 = PLANE('',#7465);
#7465 = AXIS2_PLACEMENT_3D('',#7466,#7467,#7468);
#7466 = CARTESIAN_POINT('',(335.,352.,128.));
#7467 = DIRECTION('',(1.,0.,0.));
#7468 = DIRECTION('',(0.,0.,1.));
#7469 = ADVANCED_FACE('',(#7470),#7504,.T.);
#7470 = FACE_BOUND('',#7471,.T.);
#7471 = EDGE_LOOP('',(#7472,#7482,#7490,#7498));
#7472 = ORIENTED_EDGE('',*,*,#7473,.F.);
#7473 = EDGE_CURVE('',#7474,#7476,#7478,.T.);
#7474 = VERTEX_POINT('',#7475);
#7475 = CARTESIAN_POINT('',(385.,352.,128.));
#7476 = VERTEX_POINT('',#7477);
#7477 = CARTESIAN_POINT('',(385.,352.,140.));
#7478 = LINE('',#7479,#7480);
#7479 = CARTESIAN_POINT('',(385.,352.,128.));
#7480 = VECTOR('',#7481,1.);
#7481 = DIRECTION('',(0.,0.,1.));
#7482 = ORIENTED_EDGE('',*,*,#7483,.T.);
#7483 = EDGE_CURVE('',#7474,#7484,#7486,.T.);
#7484 = VERTEX_POINT('',#7485);
#7485 = CARTESIAN_POINT('',(385.,357.,128.));
#7486 = LINE('',#7487,#7488);
#7487 = CARTESIAN_POINT('',(385.,352.,128.));
#7488 = VECTOR('',#7489,1.);
#7489 = DIRECTION('',(0.,1.,0.));
#7490 = ORIENTED_EDGE('',*,*,#7491,.T.);
#7491 = EDGE_CURVE('',#7484,#7492,#7494,.T.);
#7492 = VERTEX_POINT('',#7493);
#7493 = CARTESIAN_POINT('',(385.,357.,140.));
#7494 = LINE('',#7495,#7496);
#7495 = CARTESIAN_POINT('',(385.,357.,128.));
#7496 = VECTOR('',#7497,1.);
#7497 = DIRECTION('',(0.,0.,1.));
#7498 = ORIENTED_EDGE('',*,*,#7499,.F.);
#7499 = EDGE_CURVE('',#7476,#7492,#7500,.T.);
#7500 = LINE('',#7501,#7502);
#7501 = CARTESIAN_POINT('',(385.,352.,140.));
#7502 = VECTOR('',#7503,1.);
#7503 = DIRECTION('',(0.,1.,0.));
#7504 = PLANE('',#7505);
#7505 = AXIS2_PLACEMENT_3D('',#7506,#7507,#7508);
#7506 = CARTESIAN_POINT('',(385.,352.,128.));
#7507 = DIRECTION('',(1.,0.,0.));
#7508 = DIRECTION('',(0.,0.,1.));
#7509 = ADVANCED_FACE('',(#7510),#7526,.F.);
#7510 = FACE_BOUND('',#7511,.F.);
#7511 = EDGE_LOOP('',(#7512,#7518,#7519,#7525));
#7512 = ORIENTED_EDGE('',*,*,#7513,.F.);
#7513 = EDGE_CURVE('',#7434,#7474,#7514,.T.);
#7514 = LINE('',#7515,#7516);
#7515 = CARTESIAN_POINT('',(335.,352.,128.));
#7516 = VECTOR('',#7517,1.);
#7517 = DIRECTION('',(1.,0.,0.));
#7518 = ORIENTED_EDGE('',*,*,#7433,.T.);
#7519 = ORIENTED_EDGE('',*,*,#7520,.T.);
#7520 = EDGE_CURVE('',#7436,#7476,#7521,.T.);
#7521 = LINE('',#7522,#7523);
#7522 = CARTESIAN_POINT('',(335.,352.,140.));
#7523 = VECTOR('',#7524,1.);
#7524 = DIRECTION('',(1.,0.,0.));
#7525 = ORIENTED_EDGE('',*,*,#7473,.F.);
#7526 = PLANE('',#7527);
#7527 = AXIS2_PLACEMENT_3D('',#7528,#7529,#7530);
#7528 = CARTESIAN_POINT('',(335.,352.,128.));
#7529 = DIRECTION('',(0.,1.,0.));
#7530 = DIRECTION('',(0.,0.,1.));
#7531 = ADVANCED_FACE('',(#7532),#7548,.T.);
#7532 = FACE_BOUND('',#7533,.T.);
#7533 = EDGE_LOOP('',(#7534,#7540,#7541,#7547));
#7534 = ORIENTED_EDGE('',*,*,#7535,.F.);
#7535 = EDGE_CURVE('',#7444,#7484,#7536,.T.);
#7536 = LINE('',#7537,#7538);
#7537 = CARTESIAN_POINT('',(335.,357.,128.));
#7538 = VECTOR('',#7539,1.);
#7539 = DIRECTION('',(1.,0.,0.));
#7540 = ORIENTED_EDGE('',*,*,#7451,.T.);
#7541 = ORIENTED_EDGE('',*,*,#7542,.T.);
#7542 = EDGE_CURVE('',#7452,#7492,#7543,.T.);
#7543 = LINE('',#7544,#7545);
#7544 = CARTESIAN_POINT('',(335.,357.,140.));
#7545 = VECTOR('',#7546,1.);
#7546 = DIRECTION('',(1.,0.,0.));
#7547 = ORIENTED_EDGE('',*,*,#7491,.F.);
#7548 = PLANE('',#7549);
#7549 = AXIS2_PLACEMENT_3D('',#7550,#7551,#7552);
#7550 = CARTESIAN_POINT('',(335.,357.,128.));
#7551 = DIRECTION('',(0.,1.,0.));
#7552 = DIRECTION('',(0.,0.,1.));
#7553 = ADVANCED_FACE('',(#7554),#7560,.F.);
#7554 = FACE_BOUND('',#7555,.F.);
#7555 = EDGE_LOOP('',(#7556,#7557,#7558,#7559));
#7556 = ORIENTED_EDGE('',*,*,#7443,.F.);
#7557 = ORIENTED_EDGE('',*,*,#7513,.T.);
#7558 = ORIENTED_EDGE('',*,*,#7483,.T.);
#7559 = ORIENTED_EDGE('',*,*,#7535,.F.);
#7560 = PLANE('',#7561);
#7561 = AXIS2_PLACEMENT_3D('',#7562,#7563,#7564);
#7562 = CARTESIAN_POINT('',(335.,352.,128.));
#7563 = DIRECTION('',(0.,0.,1.));
#7564 = DIRECTION('',(1.,0.,0.));
#7565 = ADVANCED_FACE('',(#7566),#7572,.T.);
#7566 = FACE_BOUND('',#7567,.T.);
#7567 = EDGE_LOOP('',(#7568,#7569,#7570,#7571));
#7568 = ORIENTED_EDGE('',*,*,#7459,.F.);
#7569 = ORIENTED_EDGE('',*,*,#7520,.T.);
#7570 = ORIENTED_EDGE('',*,*,#7499,.T.);
#7571 = ORIENTED_EDGE('',*,*,#7542,.F.);
#7572 = PLANE('',#7573);
#7573 = AXIS2_PLACEMENT_3D('',#7574,#7575,#7576);
#7574 = CARTESIAN_POINT('',(335.,352.,140.));
#7575 = DIRECTION('',(0.,0.,1.));
#7576 = DIRECTION('',(1.,0.,0.));
#7577 = MANIFOLD_SOLID_BREP('',#7578);
#7578 = CLOSED_SHELL('',(#7579,#7612,#7621));
#7579 = ADVANCED_FACE('',(#7580),#7607,.T.);
#7580 = FACE_BOUND('',#7581,.T.);
#7581 = EDGE_LOOP('',(#7582,#7591,#7599,#7606));
#7582 = ORIENTED_EDGE('',*,*,#7583,.F.);
#7583 = EDGE_CURVE('',#7584,#7584,#7586,.T.);
#7584 = VERTEX_POINT('',#7585);
#7585 = CARTESIAN_POINT('',(382.5,325.,144.));
#7586 = CIRCLE('',#7587,22.5);
#7587 = AXIS2_PLACEMENT_3D('',#7588,#7589,#7590);
#7588 = CARTESIAN_POINT('',(360.,325.,144.));
#7589 = DIRECTION('',(0.,0.,1.));
#7590 = DIRECTION('',(1.,0.,0.));
#7591 = ORIENTED_EDGE('',*,*,#7592,.F.);
#7592 = EDGE_CURVE('',#7593,#7584,#7595,.T.);
#7593 = VERTEX_POINT('',#7594);
#7594 = CARTESIAN_POINT('',(382.5,325.,128.));
#7595 = LINE('',#7596,#7597);
#7596 = CARTESIAN_POINT('',(382.5,325.,128.));
#7597 = VECTOR('',#7598,1.);
#7598 = DIRECTION('',(0.,0.,1.));
#7599 = ORIENTED_EDGE('',*,*,#7600,.T.);
#7600 = EDGE_CURVE('',#7593,#7593,#7601,.T.);
#7601 = CIRCLE('',#7602,22.5);
#7602 = AXIS2_PLACEMENT_3D('',#7603,#7604,#7605);
#7603 = CARTESIAN_POINT('',(360.,325.,128.));
#7604 = DIRECTION('',(0.,0.,1.));
#7605 = DIRECTION('',(1.,0.,0.));
#7606 = ORIENTED_EDGE('',*,*,#7592,.T.);
#7607 = CYLINDRICAL_SURFACE('',#7608,22.5);
#7608 = AXIS2_PLACEMENT_3D('',#7609,#7610,#7611);
#7609 = CARTESIAN_POINT('',(360.,325.,128.));
#7610 = DIRECTION('',(0.,0.,1.));
#7611 = DIRECTION('',(1.,0.,0.));
#7612 = ADVANCED_FACE('',(#7613),#7616,.T.);
#7613 = FACE_BOUND('',#7614,.T.);
#7614 = EDGE_LOOP('',(#7615));
#7615 = ORIENTED_EDGE('',*,*,#7583,.T.);
#7616 = PLANE('',#7617);
#7617 = AXIS2_PLACEMENT_3D('',#7618,#7619,#7620);
#7618 = CARTESIAN_POINT('',(360.,325.,144.));
#7619 = DIRECTION('',(0.,0.,1.));
#7620 = DIRECTION('',(1.,0.,0.));
#7621 = ADVANCED_FACE('',(#7622),#7625,.F.);
#7622 = FACE_BOUND('',#7623,.T.);
#7623 = EDGE_LOOP('',(#7624));
#7624 = ORIENTED_EDGE('',*,*,#7600,.F.);
#7625 = PLANE('',#7626);
#7626 = AXIS2_PLACEMENT_3D('',#7627,#7628,#7629);
#7627 = CARTESIAN_POINT('',(360.,325.,128.));
#7628 = DIRECTION('',(0.,0.,1.));
#7629 = DIRECTION('',(1.,0.,0.));
#7630 = MANIFOLD_SOLID_BREP('',#7631);
#7631 = CLOSED_SHELL('',(#7632,#7665,#7674));
#7632 = ADVANCED_FACE('',(#7633),#7660,.T.);
#7633 = FACE_BOUND('',#7634,.T.);
#7634 = EDGE_LOOP('',(#7635,#7644,#7652,#7659));
#7635 = ORIENTED_EDGE('',*,*,#7636,.F.);
#7636 = EDGE_CURVE('',#7637,#7637,#7639,.T.);
#7637 = VERTEX_POINT('',#7638);
#7638 = CARTESIAN_POINT('',(382.5,325.,148.));
#7639 = CIRCLE('',#7640,22.5);
#7640 = AXIS2_PLACEMENT_3D('',#7641,#7642,#7643);
#7641 = CARTESIAN_POINT('',(360.,325.,148.));
#7642 = DIRECTION('',(0.,0.,1.));
#7643 = DIRECTION('',(1.,0.,0.));
#7644 = ORIENTED_EDGE('',*,*,#7645,.F.);
#7645 = EDGE_CURVE('',#7646,#7637,#7648,.T.);
#7646 = VERTEX_POINT('',#7647);
#7647 = CARTESIAN_POINT('',(382.5,325.,144.));
#7648 = LINE('',#7649,#7650);
#7649 = CARTESIAN_POINT('',(382.5,325.,144.));
#7650 = VECTOR('',#7651,1.);
#7651 = DIRECTION('',(0.,0.,1.));
#7652 = ORIENTED_EDGE('',*,*,#7653,.T.);
#7653 = EDGE_CURVE('',#7646,#7646,#7654,.T.);
#7654 = CIRCLE('',#7655,22.5);
#7655 = AXIS2_PLACEMENT_3D('',#7656,#7657,#7658);
#7656 = CARTESIAN_POINT('',(360.,325.,144.));
#7657 = DIRECTION('',(0.,0.,1.));
#7658 = DIRECTION('',(1.,0.,0.));
#7659 = ORIENTED_EDGE('',*,*,#7645,.T.);
#7660 = CYLINDRICAL_SURFACE('',#7661,22.5);
#7661 = AXIS2_PLACEMENT_3D('',#7662,#7663,#7664);
#7662 = CARTESIAN_POINT('',(360.,325.,144.));
#7663 = DIRECTION('',(0.,0.,1.));
#7664 = DIRECTION('',(1.,0.,0.));
#7665 = ADVANCED_FACE('',(#7666),#7669,.T.);
#7666 = FACE_BOUND('',#7667,.T.);
#7667 = EDGE_LOOP('',(#7668));
#7668 = ORIENTED_EDGE('',*,*,#7636,.T.);
#7669 = PLANE('',#7670);
#7670 = AXIS2_PLACEMENT_3D('',#7671,#7672,#7673);
#7671 = CARTESIAN_POINT('',(360.,325.,148.));
#7672 = DIRECTION('',(0.,0.,1.));
#7673 = DIRECTION('',(1.,0.,0.));
#7674 = ADVANCED_FACE('',(#7675),#7678,.F.);
#7675 = FACE_BOUND('',#7676,.T.);
#7676 = EDGE_LOOP('',(#7677));
#7677 = ORIENTED_EDGE('',*,*,#7653,.F.);
#7678 = PLANE('',#7679);
#7679 = AXIS2_PLACEMENT_3D('',#7680,#7681,#7682);
#7680 = CARTESIAN_POINT('',(360.,325.,144.));
#7681 = DIRECTION('',(0.,0.,1.));
#7682 = DIRECTION('',(1.,0.,0.));
#7683 = MANIFOLD_SOLID_BREP('',#7684);
#7684 = CLOSED_SHELL('',(#7685,#7725,#7765,#7787,#7809,#7821));
#7685 = ADVANCED_FACE('',(#7686),#7720,.F.);
#7686 = FACE_BOUND('',#7687,.F.);
#7687 = EDGE_LOOP('',(#7688,#7698,#7706,#7714));
#7688 = ORIENTED_EDGE('',*,*,#7689,.F.);
#7689 = EDGE_CURVE('',#7690,#7692,#7694,.T.);
#7690 = VERTEX_POINT('',#7691);
#7691 = CARTESIAN_POINT('',(450.,293.,120.));
#7692 = VERTEX_POINT('',#7693);
#7693 = CARTESIAN_POINT('',(450.,293.,128.));
#7694 = LINE('',#7695,#7696);
#7695 = CARTESIAN_POINT('',(450.,293.,120.));
#7696 = VECTOR('',#7697,1.);
#7697 = DIRECTION('',(0.,0.,1.));
#7698 = ORIENTED_EDGE('',*,*,#7699,.T.);
#7699 = EDGE_CURVE('',#7690,#7700,#7702,.T.);
#7700 = VERTEX_POINT('',#7701);
#7701 = CARTESIAN_POINT('',(450.,357.,120.));
#7702 = LINE('',#7703,#7704);
#7703 = CARTESIAN_POINT('',(450.,293.,120.));
#7704 = VECTOR('',#7705,1.);
#7705 = DIRECTION('',(0.,1.,0.));
#7706 = ORIENTED_EDGE('',*,*,#7707,.T.);
#7707 = EDGE_CURVE('',#7700,#7708,#7710,.T.);
#7708 = VERTEX_POINT('',#7709);
#7709 = CARTESIAN_POINT('',(450.,357.,128.));
#7710 = LINE('',#7711,#7712);
#7711 = CARTESIAN_POINT('',(450.,357.,120.));
#7712 = VECTOR('',#7713,1.);
#7713 = DIRECTION('',(0.,0.,1.));
#7714 = ORIENTED_EDGE('',*,*,#7715,.F.);
#7715 = EDGE_CURVE('',#7692,#7708,#7716,.T.);
#7716 = LINE('',#7717,#7718);
#7717 = CARTESIAN_POINT('',(450.,293.,128.));
#7718 = VECTOR('',#7719,1.);
#7719 = DIRECTION('',(0.,1.,0.));
#7720 = PLANE('',#7721);
#7721 = AXIS2_PLACEMENT_3D('',#7722,#7723,#7724);
#7722 = CARTESIAN_POINT('',(450.,293.,120.));
#7723 = DIRECTION('',(1.,0.,0.));
#7724 = DIRECTION('',(0.,0.,1.));
#7725 = ADVANCED_FACE('',(#7726),#7760,.T.);
#7726 = FACE_BOUND('',#7727,.T.);
#7727 = EDGE_LOOP('',(#7728,#7738,#7746,#7754));
#7728 = ORIENTED_EDGE('',*,*,#7729,.F.);
#7729 = EDGE_CURVE('',#7730,#7732,#7734,.T.);
#7730 = VERTEX_POINT('',#7731);
#7731 = CARTESIAN_POINT('',(510.,293.,120.));
#7732 = VERTEX_POINT('',#7733);
#7733 = CARTESIAN_POINT('',(510.,293.,128.));
#7734 = LINE('',#7735,#7736);
#7735 = CARTESIAN_POINT('',(510.,293.,120.));
#7736 = VECTOR('',#7737,1.);
#7737 = DIRECTION('',(0.,0.,1.));
#7738 = ORIENTED_EDGE('',*,*,#7739,.T.);
#7739 = EDGE_CURVE('',#7730,#7740,#7742,.T.);
#7740 = VERTEX_POINT('',#7741);
#7741 = CARTESIAN_POINT('',(510.,357.,120.));
#7742 = LINE('',#7743,#7744);
#7743 = CARTESIAN_POINT('',(510.,293.,120.));
#7744 = VECTOR('',#7745,1.);
#7745 = DIRECTION('',(0.,1.,0.));
#7746 = ORIENTED_EDGE('',*,*,#7747,.T.);
#7747 = EDGE_CURVE('',#7740,#7748,#7750,.T.);
#7748 = VERTEX_POINT('',#7749);
#7749 = CARTESIAN_POINT('',(510.,357.,128.));
#7750 = LINE('',#7751,#7752);
#7751 = CARTESIAN_POINT('',(510.,357.,120.));
#7752 = VECTOR('',#7753,1.);
#7753 = DIRECTION('',(0.,0.,1.));
#7754 = ORIENTED_EDGE('',*,*,#7755,.F.);
#7755 = EDGE_CURVE('',#7732,#7748,#7756,.T.);
#7756 = LINE('',#7757,#7758);
#7757 = CARTESIAN_POINT('',(510.,293.,128.));
#7758 = VECTOR('',#7759,1.);
#7759 = DIRECTION('',(0.,1.,0.));
#7760 = PLANE('',#7761);
#7761 = AXIS2_PLACEMENT_3D('',#7762,#7763,#7764);
#7762 = CARTESIAN_POINT('',(510.,293.,120.));
#7763 = DIRECTION('',(1.,0.,0.));
#7764 = DIRECTION('',(0.,0.,1.));
#7765 = ADVANCED_FACE('',(#7766),#7782,.F.);
#7766 = FACE_BOUND('',#7767,.F.);
#7767 = EDGE_LOOP('',(#7768,#7774,#7775,#7781));
#7768 = ORIENTED_EDGE('',*,*,#7769,.F.);
#7769 = EDGE_CURVE('',#7690,#7730,#7770,.T.);
#7770 = LINE('',#7771,#7772);
#7771 = CARTESIAN_POINT('',(450.,293.,120.));
#7772 = VECTOR('',#7773,1.);
#7773 = DIRECTION('',(1.,0.,0.));
#7774 = ORIENTED_EDGE('',*,*,#7689,.T.);
#7775 = ORIENTED_EDGE('',*,*,#7776,.T.);
#7776 = EDGE_CURVE('',#7692,#7732,#7777,.T.);
#7777 = LINE('',#7778,#7779);
#7778 = CARTESIAN_POINT('',(450.,293.,128.));
#7779 = VECTOR('',#7780,1.);
#7780 = DIRECTION('',(1.,0.,0.));
#7781 = ORIENTED_EDGE('',*,*,#7729,.F.);
#7782 = PLANE('',#7783);
#7783 = AXIS2_PLACEMENT_3D('',#7784,#7785,#7786);
#7784 = CARTESIAN_POINT('',(450.,293.,120.));
#7785 = DIRECTION('',(0.,1.,0.));
#7786 = DIRECTION('',(0.,0.,1.));
#7787 = ADVANCED_FACE('',(#7788),#7804,.T.);
#7788 = FACE_BOUND('',#7789,.T.);
#7789 = EDGE_LOOP('',(#7790,#7796,#7797,#7803));
#7790 = ORIENTED_EDGE('',*,*,#7791,.F.);
#7791 = EDGE_CURVE('',#7700,#7740,#7792,.T.);
#7792 = LINE('',#7793,#7794);
#7793 = CARTESIAN_POINT('',(450.,357.,120.));
#7794 = VECTOR('',#7795,1.);
#7795 = DIRECTION('',(1.,0.,0.));
#7796 = ORIENTED_EDGE('',*,*,#7707,.T.);
#7797 = ORIENTED_EDGE('',*,*,#7798,.T.);
#7798 = EDGE_CURVE('',#7708,#7748,#7799,.T.);
#7799 = LINE('',#7800,#7801);
#7800 = CARTESIAN_POINT('',(450.,357.,128.));
#7801 = VECTOR('',#7802,1.);
#7802 = DIRECTION('',(1.,0.,0.));
#7803 = ORIENTED_EDGE('',*,*,#7747,.F.);
#7804 = PLANE('',#7805);
#7805 = AXIS2_PLACEMENT_3D('',#7806,#7807,#7808);
#7806 = CARTESIAN_POINT('',(450.,357.,120.));
#7807 = DIRECTION('',(0.,1.,0.));
#7808 = DIRECTION('',(0.,0.,1.));
#7809 = ADVANCED_FACE('',(#7810),#7816,.F.);
#7810 = FACE_BOUND('',#7811,.F.);
#7811 = EDGE_LOOP('',(#7812,#7813,#7814,#7815));
#7812 = ORIENTED_EDGE('',*,*,#7699,.F.);
#7813 = ORIENTED_EDGE('',*,*,#7769,.T.);
#7814 = ORIENTED_EDGE('',*,*,#7739,.T.);
#7815 = ORIENTED_EDGE('',*,*,#7791,.F.);
#7816 = PLANE('',#7817);
#7817 = AXIS2_PLACEMENT_3D('',#7818,#7819,#7820);
#7818 = CARTESIAN_POINT('',(450.,293.,120.));
#7819 = DIRECTION('',(0.,0.,1.));
#7820 = DIRECTION('',(1.,0.,0.));
#7821 = ADVANCED_FACE('',(#7822),#7828,.T.);
#7822 = FACE_BOUND('',#7823,.T.);
#7823 = EDGE_LOOP('',(#7824,#7825,#7826,#7827));
#7824 = ORIENTED_EDGE('',*,*,#7715,.F.);
#7825 = ORIENTED_EDGE('',*,*,#7776,.T.);
#7826 = ORIENTED_EDGE('',*,*,#7755,.T.);
#7827 = ORIENTED_EDGE('',*,*,#7798,.F.);
#7828 = PLANE('',#7829);
#7829 = AXIS2_PLACEMENT_3D('',#7830,#7831,#7832);
#7830 = CARTESIAN_POINT('',(450.,293.,128.));
#7831 = DIRECTION('',(0.,0.,1.));
#7832 = DIRECTION('',(1.,0.,0.));
#7833 = MANIFOLD_SOLID_BREP('',#7834);
#7834 = CLOSED_SHELL('',(#7835,#7875,#7915,#7937,#7959,#7971));
#7835 = ADVANCED_FACE('',(#7836),#7870,.F.);
#7836 = FACE_BOUND('',#7837,.F.);
#7837 = EDGE_LOOP('',(#7838,#7848,#7856,#7864));
#7838 = ORIENTED_EDGE('',*,*,#7839,.F.);
#7839 = EDGE_CURVE('',#7840,#7842,#7844,.T.);
#7840 = VERTEX_POINT('',#7841);
#7841 = CARTESIAN_POINT('',(450.,293.,128.));
#7842 = VERTEX_POINT('',#7843);
#7843 = CARTESIAN_POINT('',(450.,293.,140.));
#7844 = LINE('',#7845,#7846);
#7845 = CARTESIAN_POINT('',(450.,293.,128.));
#7846 = VECTOR('',#7847,1.);
#7847 = DIRECTION('',(0.,0.,1.));
#7848 = ORIENTED_EDGE('',*,*,#7849,.T.);
#7849 = EDGE_CURVE('',#7840,#7850,#7852,.T.);
#7850 = VERTEX_POINT('',#7851);
#7851 = CARTESIAN_POINT('',(450.,357.,128.));
#7852 = LINE('',#7853,#7854);
#7853 = CARTESIAN_POINT('',(450.,293.,128.));
#7854 = VECTOR('',#7855,1.);
#7855 = DIRECTION('',(0.,1.,0.));
#7856 = ORIENTED_EDGE('',*,*,#7857,.T.);
#7857 = EDGE_CURVE('',#7850,#7858,#7860,.T.);
#7858 = VERTEX_POINT('',#7859);
#7859 = CARTESIAN_POINT('',(450.,357.,140.));
#7860 = LINE('',#7861,#7862);
#7861 = CARTESIAN_POINT('',(450.,357.,128.));
#7862 = VECTOR('',#7863,1.);
#7863 = DIRECTION('',(0.,0.,1.));
#7864 = ORIENTED_EDGE('',*,*,#7865,.F.);
#7865 = EDGE_CURVE('',#7842,#7858,#7866,.T.);
#7866 = LINE('',#7867,#7868);
#7867 = CARTESIAN_POINT('',(450.,293.,140.));
#7868 = VECTOR('',#7869,1.);
#7869 = DIRECTION('',(0.,1.,0.));
#7870 = PLANE('',#7871);
#7871 = AXIS2_PLACEMENT_3D('',#7872,#7873,#7874);
#7872 = CARTESIAN_POINT('',(450.,293.,128.));
#7873 = DIRECTION('',(1.,0.,0.));
#7874 = DIRECTION('',(0.,0.,1.));
#7875 = ADVANCED_FACE('',(#7876),#7910,.T.);
#7876 = FACE_BOUND('',#7877,.T.);
#7877 = EDGE_LOOP('',(#7878,#7888,#7896,#7904));
#7878 = ORIENTED_EDGE('',*,*,#7879,.F.);
#7879 = EDGE_CURVE('',#7880,#7882,#7884,.T.);
#7880 = VERTEX_POINT('',#7881);
#7881 = CARTESIAN_POINT('',(455.,293.,128.));
#7882 = VERTEX_POINT('',#7883);
#7883 = CARTESIAN_POINT('',(455.,293.,140.));
#7884 = LINE('',#7885,#7886);
#7885 = CARTESIAN_POINT('',(455.,293.,128.));
#7886 = VECTOR('',#7887,1.);
#7887 = DIRECTION('',(0.,0.,1.));
#7888 = ORIENTED_EDGE('',*,*,#7889,.T.);
#7889 = EDGE_CURVE('',#7880,#7890,#7892,.T.);
#7890 = VERTEX_POINT('',#7891);
#7891 = CARTESIAN_POINT('',(455.,357.,128.));
#7892 = LINE('',#7893,#7894);
#7893 = CARTESIAN_POINT('',(455.,293.,128.));
#7894 = VECTOR('',#7895,1.);
#7895 = DIRECTION('',(0.,1.,0.));
#7896 = ORIENTED_EDGE('',*,*,#7897,.T.);
#7897 = EDGE_CURVE('',#7890,#7898,#7900,.T.);
#7898 = VERTEX_POINT('',#7899);
#7899 = CARTESIAN_POINT('',(455.,357.,140.));
#7900 = LINE('',#7901,#7902);
#7901 = CARTESIAN_POINT('',(455.,357.,128.));
#7902 = VECTOR('',#7903,1.);
#7903 = DIRECTION('',(0.,0.,1.));
#7904 = ORIENTED_EDGE('',*,*,#7905,.F.);
#7905 = EDGE_CURVE('',#7882,#7898,#7906,.T.);
#7906 = LINE('',#7907,#7908);
#7907 = CARTESIAN_POINT('',(455.,293.,140.));
#7908 = VECTOR('',#7909,1.);
#7909 = DIRECTION('',(0.,1.,0.));
#7910 = PLANE('',#7911);
#7911 = AXIS2_PLACEMENT_3D('',#7912,#7913,#7914);
#7912 = CARTESIAN_POINT('',(455.,293.,128.));
#7913 = DIRECTION('',(1.,0.,0.));
#7914 = DIRECTION('',(0.,0.,1.));
#7915 = ADVANCED_FACE('',(#7916),#7932,.F.);
#7916 = FACE_BOUND('',#7917,.F.);
#7917 = EDGE_LOOP('',(#7918,#7924,#7925,#7931));
#7918 = ORIENTED_EDGE('',*,*,#7919,.F.);
#7919 = EDGE_CURVE('',#7840,#7880,#7920,.T.);
#7920 = LINE('',#7921,#7922);
#7921 = CARTESIAN_POINT('',(450.,293.,128.));
#7922 = VECTOR('',#7923,1.);
#7923 = DIRECTION('',(1.,0.,0.));
#7924 = ORIENTED_EDGE('',*,*,#7839,.T.);
#7925 = ORIENTED_EDGE('',*,*,#7926,.T.);
#7926 = EDGE_CURVE('',#7842,#7882,#7927,.T.);
#7927 = LINE('',#7928,#7929);
#7928 = CARTESIAN_POINT('',(450.,293.,140.));
#7929 = VECTOR('',#7930,1.);
#7930 = DIRECTION('',(1.,0.,0.));
#7931 = ORIENTED_EDGE('',*,*,#7879,.F.);
#7932 = PLANE('',#7933);
#7933 = AXIS2_PLACEMENT_3D('',#7934,#7935,#7936);
#7934 = CARTESIAN_POINT('',(450.,293.,128.));
#7935 = DIRECTION('',(0.,1.,0.));
#7936 = DIRECTION('',(0.,0.,1.));
#7937 = ADVANCED_FACE('',(#7938),#7954,.T.);
#7938 = FACE_BOUND('',#7939,.T.);
#7939 = EDGE_LOOP('',(#7940,#7946,#7947,#7953));
#7940 = ORIENTED_EDGE('',*,*,#7941,.F.);
#7941 = EDGE_CURVE('',#7850,#7890,#7942,.T.);
#7942 = LINE('',#7943,#7944);
#7943 = CARTESIAN_POINT('',(450.,357.,128.));
#7944 = VECTOR('',#7945,1.);
#7945 = DIRECTION('',(1.,0.,0.));
#7946 = ORIENTED_EDGE('',*,*,#7857,.T.);
#7947 = ORIENTED_EDGE('',*,*,#7948,.T.);
#7948 = EDGE_CURVE('',#7858,#7898,#7949,.T.);
#7949 = LINE('',#7950,#7951);
#7950 = CARTESIAN_POINT('',(450.,357.,140.));
#7951 = VECTOR('',#7952,1.);
#7952 = DIRECTION('',(1.,0.,0.));
#7953 = ORIENTED_EDGE('',*,*,#7897,.F.);
#7954 = PLANE('',#7955);
#7955 = AXIS2_PLACEMENT_3D('',#7956,#7957,#7958);
#7956 = CARTESIAN_POINT('',(450.,357.,128.));
#7957 = DIRECTION('',(0.,1.,0.));
#7958 = DIRECTION('',(0.,0.,1.));
#7959 = ADVANCED_FACE('',(#7960),#7966,.F.);
#7960 = FACE_BOUND('',#7961,.F.);
#7961 = EDGE_LOOP('',(#7962,#7963,#7964,#7965));
#7962 = ORIENTED_EDGE('',*,*,#7849,.F.);
#7963 = ORIENTED_EDGE('',*,*,#7919,.T.);
#7964 = ORIENTED_EDGE('',*,*,#7889,.T.);
#7965 = ORIENTED_EDGE('',*,*,#7941,.F.);
#7966 = PLANE('',#7967);
#7967 = AXIS2_PLACEMENT_3D('',#7968,#7969,#7970);
#7968 = CARTESIAN_POINT('',(450.,293.,128.));
#7969 = DIRECTION('',(0.,0.,1.));
#7970 = DIRECTION('',(1.,0.,0.));
#7971 = ADVANCED_FACE('',(#7972),#7978,.T.);
#7972 = FACE_BOUND('',#7973,.T.);
#7973 = EDGE_LOOP('',(#7974,#7975,#7976,#7977));
#7974 = ORIENTED_EDGE('',*,*,#7865,.F.);
#7975 = ORIENTED_EDGE('',*,*,#7926,.T.);
#7976 = ORIENTED_EDGE('',*,*,#7905,.T.);
#7977 = ORIENTED_EDGE('',*,*,#7948,.F.);
#7978 = PLANE('',#7979);
#7979 = AXIS2_PLACEMENT_3D('',#7980,#7981,#7982);
#7980 = CARTESIAN_POINT('',(450.,293.,140.));
#7981 = DIRECTION('',(0.,0.,1.));
#7982 = DIRECTION('',(1.,0.,0.));
#7983 = MANIFOLD_SOLID_BREP('',#7984);
#7984 = CLOSED_SHELL('',(#7985,#8025,#8065,#8087,#8109,#8121));
#7985 = ADVANCED_FACE('',(#7986),#8020,.F.);
#7986 = FACE_BOUND('',#7987,.F.);
#7987 = EDGE_LOOP('',(#7988,#7998,#8006,#8014));
#7988 = ORIENTED_EDGE('',*,*,#7989,.F.);
#7989 = EDGE_CURVE('',#7990,#7992,#7994,.T.);
#7990 = VERTEX_POINT('',#7991);
#7991 = CARTESIAN_POINT('',(505.,293.,128.));
#7992 = VERTEX_POINT('',#7993);
#7993 = CARTESIAN_POINT('',(505.,293.,140.));
#7994 = LINE('',#7995,#7996);
#7995 = CARTESIAN_POINT('',(505.,293.,128.));
#7996 = VECTOR('',#7997,1.);
#7997 = DIRECTION('',(0.,0.,1.));
#7998 = ORIENTED_EDGE('',*,*,#7999,.T.);
#7999 = EDGE_CURVE('',#7990,#8000,#8002,.T.);
#8000 = VERTEX_POINT('',#8001);
#8001 = CARTESIAN_POINT('',(505.,357.,128.));
#8002 = LINE('',#8003,#8004);
#8003 = CARTESIAN_POINT('',(505.,293.,128.));
#8004 = VECTOR('',#8005,1.);
#8005 = DIRECTION('',(0.,1.,0.));
#8006 = ORIENTED_EDGE('',*,*,#8007,.T.);
#8007 = EDGE_CURVE('',#8000,#8008,#8010,.T.);
#8008 = VERTEX_POINT('',#8009);
#8009 = CARTESIAN_POINT('',(505.,357.,140.));
#8010 = LINE('',#8011,#8012);
#8011 = CARTESIAN_POINT('',(505.,357.,128.));
#8012 = VECTOR('',#8013,1.);
#8013 = DIRECTION('',(0.,0.,1.));
#8014 = ORIENTED_EDGE('',*,*,#8015,.F.);
#8015 = EDGE_CURVE('',#7992,#8008,#8016,.T.);
#8016 = LINE('',#8017,#8018);
#8017 = CARTESIAN_POINT('',(505.,293.,140.));
#8018 = VECTOR('',#8019,1.);
#8019 = DIRECTION('',(0.,1.,0.));
#8020 = PLANE('',#8021);
#8021 = AXIS2_PLACEMENT_3D('',#8022,#8023,#8024);
#8022 = CARTESIAN_POINT('',(505.,293.,128.));
#8023 = DIRECTION('',(1.,0.,0.));
#8024 = DIRECTION('',(0.,0.,1.));
#8025 = ADVANCED_FACE('',(#8026),#8060,.T.);
#8026 = FACE_BOUND('',#8027,.T.);
#8027 = EDGE_LOOP('',(#8028,#8038,#8046,#8054));
#8028 = ORIENTED_EDGE('',*,*,#8029,.F.);
#8029 = EDGE_CURVE('',#8030,#8032,#8034,.T.);
#8030 = VERTEX_POINT('',#8031);
#8031 = CARTESIAN_POINT('',(510.,293.,128.));
#8032 = VERTEX_POINT('',#8033);
#8033 = CARTESIAN_POINT('',(510.,293.,140.));
#8034 = LINE('',#8035,#8036);
#8035 = CARTESIAN_POINT('',(510.,293.,128.));
#8036 = VECTOR('',#8037,1.);
#8037 = DIRECTION('',(0.,0.,1.));
#8038 = ORIENTED_EDGE('',*,*,#8039,.T.);
#8039 = EDGE_CURVE('',#8030,#8040,#8042,.T.);
#8040 = VERTEX_POINT('',#8041);
#8041 = CARTESIAN_POINT('',(510.,357.,128.));
#8042 = LINE('',#8043,#8044);
#8043 = CARTESIAN_POINT('',(510.,293.,128.));
#8044 = VECTOR('',#8045,1.);
#8045 = DIRECTION('',(0.,1.,0.));
#8046 = ORIENTED_EDGE('',*,*,#8047,.T.);
#8047 = EDGE_CURVE('',#8040,#8048,#8050,.T.);
#8048 = VERTEX_POINT('',#8049);
#8049 = CARTESIAN_POINT('',(510.,357.,140.));
#8050 = LINE('',#8051,#8052);
#8051 = CARTESIAN_POINT('',(510.,357.,128.));
#8052 = VECTOR('',#8053,1.);
#8053 = DIRECTION('',(0.,0.,1.));
#8054 = ORIENTED_EDGE('',*,*,#8055,.F.);
#8055 = EDGE_CURVE('',#8032,#8048,#8056,.T.);
#8056 = LINE('',#8057,#8058);
#8057 = CARTESIAN_POINT('',(510.,293.,140.));
#8058 = VECTOR('',#8059,1.);
#8059 = DIRECTION('',(0.,1.,0.));
#8060 = PLANE('',#8061);
#8061 = AXIS2_PLACEMENT_3D('',#8062,#8063,#8064);
#8062 = CARTESIAN_POINT('',(510.,293.,128.));
#8063 = DIRECTION('',(1.,0.,0.));
#8064 = DIRECTION('',(0.,0.,1.));
#8065 = ADVANCED_FACE('',(#8066),#8082,.F.);
#8066 = FACE_BOUND('',#8067,.F.);
#8067 = EDGE_LOOP('',(#8068,#8074,#8075,#8081));
#8068 = ORIENTED_EDGE('',*,*,#8069,.F.);
#8069 = EDGE_CURVE('',#7990,#8030,#8070,.T.);
#8070 = LINE('',#8071,#8072);
#8071 = CARTESIAN_POINT('',(505.,293.,128.));
#8072 = VECTOR('',#8073,1.);
#8073 = DIRECTION('',(1.,0.,0.));
#8074 = ORIENTED_EDGE('',*,*,#7989,.T.);
#8075 = ORIENTED_EDGE('',*,*,#8076,.T.);
#8076 = EDGE_CURVE('',#7992,#8032,#8077,.T.);
#8077 = LINE('',#8078,#8079);
#8078 = CARTESIAN_POINT('',(505.,293.,140.));
#8079 = VECTOR('',#8080,1.);
#8080 = DIRECTION('',(1.,0.,0.));
#8081 = ORIENTED_EDGE('',*,*,#8029,.F.);
#8082 = PLANE('',#8083);
#8083 = AXIS2_PLACEMENT_3D('',#8084,#8085,#8086);
#8084 = CARTESIAN_POINT('',(505.,293.,128.));
#8085 = DIRECTION('',(0.,1.,0.));
#8086 = DIRECTION('',(0.,0.,1.));
#8087 = ADVANCED_FACE('',(#8088),#8104,.T.);
#8088 = FACE_BOUND('',#8089,.T.);
#8089 = EDGE_LOOP('',(#8090,#8096,#8097,#8103));
#8090 = ORIENTED_EDGE('',*,*,#8091,.F.);
#8091 = EDGE_CURVE('',#8000,#8040,#8092,.T.);
#8092 = LINE('',#8093,#8094);
#8093 = CARTESIAN_POINT('',(505.,357.,128.));
#8094 = VECTOR('',#8095,1.);
#8095 = DIRECTION('',(1.,0.,0.));
#8096 = ORIENTED_EDGE('',*,*,#8007,.T.);
#8097 = ORIENTED_EDGE('',*,*,#8098,.T.);
#8098 = EDGE_CURVE('',#8008,#8048,#8099,.T.);
#8099 = LINE('',#8100,#8101);
#8100 = CARTESIAN_POINT('',(505.,357.,140.));
#8101 = VECTOR('',#8102,1.);
#8102 = DIRECTION('',(1.,0.,0.));
#8103 = ORIENTED_EDGE('',*,*,#8047,.F.);
#8104 = PLANE('',#8105);
#8105 = AXIS2_PLACEMENT_3D('',#8106,#8107,#8108);
#8106 = CARTESIAN_POINT('',(505.,357.,128.));
#8107 = DIRECTION('',(0.,1.,0.));
#8108 = DIRECTION('',(0.,0.,1.));
#8109 = ADVANCED_FACE('',(#8110),#8116,.F.);
#8110 = FACE_BOUND('',#8111,.F.);
#8111 = EDGE_LOOP('',(#8112,#8113,#8114,#8115));
#8112 = ORIENTED_EDGE('',*,*,#7999,.F.);
#8113 = ORIENTED_EDGE('',*,*,#8069,.T.);
#8114 = ORIENTED_EDGE('',*,*,#8039,.T.);
#8115 = ORIENTED_EDGE('',*,*,#8091,.F.);
#8116 = PLANE('',#8117);
#8117 = AXIS2_PLACEMENT_3D('',#8118,#8119,#8120);
#8118 = CARTESIAN_POINT('',(505.,293.,128.));
#8119 = DIRECTION('',(0.,0.,1.));
#8120 = DIRECTION('',(1.,0.,0.));
#8121 = ADVANCED_FACE('',(#8122),#8128,.T.);
#8122 = FACE_BOUND('',#8123,.T.);
#8123 = EDGE_LOOP('',(#8124,#8125,#8126,#8127));
#8124 = ORIENTED_EDGE('',*,*,#8015,.F.);
#8125 = ORIENTED_EDGE('',*,*,#8076,.T.);
#8126 = ORIENTED_EDGE('',*,*,#8055,.T.);
#8127 = ORIENTED_EDGE('',*,*,#8098,.F.);
#8128 = PLANE('',#8129);
#8129 = AXIS2_PLACEMENT_3D('',#8130,#8131,#8132);
#8130 = CARTESIAN_POINT('',(505.,293.,140.));
#8131 = DIRECTION('',(0.,0.,1.));
#8132 = DIRECTION('',(1.,0.,0.));
#8133 = MANIFOLD_SOLID_BREP('',#8134);
#8134 = CLOSED_SHELL('',(#8135,#8175,#8215,#8237,#8259,#8271));
#8135 = ADVANCED_FACE('',(#8136),#8170,.F.);
#8136 = FACE_BOUND('',#8137,.F.);
#8137 = EDGE_LOOP('',(#8138,#8148,#8156,#8164));
#8138 = ORIENTED_EDGE('',*,*,#8139,.F.);
#8139 = EDGE_CURVE('',#8140,#8142,#8144,.T.);
#8140 = VERTEX_POINT('',#8141);
#8141 = CARTESIAN_POINT('',(455.,293.,128.));
#8142 = VERTEX_POINT('',#8143);
#8143 = CARTESIAN_POINT('',(455.,293.,140.));
#8144 = LINE('',#8145,#8146);
#8145 = CARTESIAN_POINT('',(455.,293.,128.));
#8146 = VECTOR('',#8147,1.);
#8147 = DIRECTION('',(0.,0.,1.));
#8148 = ORIENTED_EDGE('',*,*,#8149,.T.);
#8149 = EDGE_CURVE('',#8140,#8150,#8152,.T.);
#8150 = VERTEX_POINT('',#8151);
#8151 = CARTESIAN_POINT('',(455.,298.,128.));
#8152 = LINE('',#8153,#8154);
#8153 = CARTESIAN_POINT('',(455.,293.,128.));
#8154 = VECTOR('',#8155,1.);
#8155 = DIRECTION('',(0.,1.,0.));
#8156 = ORIENTED_EDGE('',*,*,#8157,.T.);
#8157 = EDGE_CURVE('',#8150,#8158,#8160,.T.);
#8158 = VERTEX_POINT('',#8159);
#8159 = CARTESIAN_POINT('',(455.,298.,140.));
#8160 = LINE('',#8161,#8162);
#8161 = CARTESIAN_POINT('',(455.,298.,128.));
#8162 = VECTOR('',#8163,1.);
#8163 = DIRECTION('',(0.,0.,1.));
#8164 = ORIENTED_EDGE('',*,*,#8165,.F.);
#8165 = EDGE_CURVE('',#8142,#8158,#8166,.T.);
#8166 = LINE('',#8167,#8168);
#8167 = CARTESIAN_POINT('',(455.,293.,140.));
#8168 = VECTOR('',#8169,1.);
#8169 = DIRECTION('',(0.,1.,0.));
#8170 = PLANE('',#8171);
#8171 = AXIS2_PLACEMENT_3D('',#8172,#8173,#8174);
#8172 = CARTESIAN_POINT('',(455.,293.,128.));
#8173 = DIRECTION('',(1.,0.,0.));
#8174 = DIRECTION('',(0.,0.,1.));
#8175 = ADVANCED_FACE('',(#8176),#8210,.T.);
#8176 = FACE_BOUND('',#8177,.T.);
#8177 = EDGE_LOOP('',(#8178,#8188,#8196,#8204));
#8178 = ORIENTED_EDGE('',*,*,#8179,.F.);
#8179 = EDGE_CURVE('',#8180,#8182,#8184,.T.);
#8180 = VERTEX_POINT('',#8181);
#8181 = CARTESIAN_POINT('',(468.,293.,128.));
#8182 = VERTEX_POINT('',#8183);
#8183 = CARTESIAN_POINT('',(468.,293.,140.));
#8184 = LINE('',#8185,#8186);
#8185 = CARTESIAN_POINT('',(468.,293.,128.));
#8186 = VECTOR('',#8187,1.);
#8187 = DIRECTION('',(0.,0.,1.));
#8188 = ORIENTED_EDGE('',*,*,#8189,.T.);
#8189 = EDGE_CURVE('',#8180,#8190,#8192,.T.);
#8190 = VERTEX_POINT('',#8191);
#8191 = CARTESIAN_POINT('',(468.,298.,128.));
#8192 = LINE('',#8193,#8194);
#8193 = CARTESIAN_POINT('',(468.,293.,128.));
#8194 = VECTOR('',#8195,1.);
#8195 = DIRECTION('',(0.,1.,0.));
#8196 = ORIENTED_EDGE('',*,*,#8197,.T.);
#8197 = EDGE_CURVE('',#8190,#8198,#8200,.T.);
#8198 = VERTEX_POINT('',#8199);
#8199 = CARTESIAN_POINT('',(468.,298.,140.));
#8200 = LINE('',#8201,#8202);
#8201 = CARTESIAN_POINT('',(468.,298.,128.));
#8202 = VECTOR('',#8203,1.);
#8203 = DIRECTION('',(0.,0.,1.));
#8204 = ORIENTED_EDGE('',*,*,#8205,.F.);
#8205 = EDGE_CURVE('',#8182,#8198,#8206,.T.);
#8206 = LINE('',#8207,#8208);
#8207 = CARTESIAN_POINT('',(468.,293.,140.));
#8208 = VECTOR('',#8209,1.);
#8209 = DIRECTION('',(0.,1.,0.));
#8210 = PLANE('',#8211);
#8211 = AXIS2_PLACEMENT_3D('',#8212,#8213,#8214);
#8212 = CARTESIAN_POINT('',(468.,293.,128.));
#8213 = DIRECTION('',(1.,0.,0.));
#8214 = DIRECTION('',(0.,0.,1.));
#8215 = ADVANCED_FACE('',(#8216),#8232,.F.);
#8216 = FACE_BOUND('',#8217,.F.);
#8217 = EDGE_LOOP('',(#8218,#8224,#8225,#8231));
#8218 = ORIENTED_EDGE('',*,*,#8219,.F.);
#8219 = EDGE_CURVE('',#8140,#8180,#8220,.T.);
#8220 = LINE('',#8221,#8222);
#8221 = CARTESIAN_POINT('',(455.,293.,128.));
#8222 = VECTOR('',#8223,1.);
#8223 = DIRECTION('',(1.,0.,0.));
#8224 = ORIENTED_EDGE('',*,*,#8139,.T.);
#8225 = ORIENTED_EDGE('',*,*,#8226,.T.);
#8226 = EDGE_CURVE('',#8142,#8182,#8227,.T.);
#8227 = LINE('',#8228,#8229);
#8228 = CARTESIAN_POINT('',(455.,293.,140.));
#8229 = VECTOR('',#8230,1.);
#8230 = DIRECTION('',(1.,0.,0.));
#8231 = ORIENTED_EDGE('',*,*,#8179,.F.);
#8232 = PLANE('',#8233);
#8233 = AXIS2_PLACEMENT_3D('',#8234,#8235,#8236);
#8234 = CARTESIAN_POINT('',(455.,293.,128.));
#8235 = DIRECTION('',(0.,1.,0.));
#8236 = DIRECTION('',(0.,0.,1.));
#8237 = ADVANCED_FACE('',(#8238),#8254,.T.);
#8238 = FACE_BOUND('',#8239,.T.);
#8239 = EDGE_LOOP('',(#8240,#8246,#8247,#8253));
#8240 = ORIENTED_EDGE('',*,*,#8241,.F.);
#8241 = EDGE_CURVE('',#8150,#8190,#8242,.T.);
#8242 = LINE('',#8243,#8244);
#8243 = CARTESIAN_POINT('',(455.,298.,128.));
#8244 = VECTOR('',#8245,1.);
#8245 = DIRECTION('',(1.,0.,0.));
#8246 = ORIENTED_EDGE('',*,*,#8157,.T.);
#8247 = ORIENTED_EDGE('',*,*,#8248,.T.);
#8248 = EDGE_CURVE('',#8158,#8198,#8249,.T.);
#8249 = LINE('',#8250,#8251);
#8250 = CARTESIAN_POINT('',(455.,298.,140.));
#8251 = VECTOR('',#8252,1.);
#8252 = DIRECTION('',(1.,0.,0.));
#8253 = ORIENTED_EDGE('',*,*,#8197,.F.);
#8254 = PLANE('',#8255);
#8255 = AXIS2_PLACEMENT_3D('',#8256,#8257,#8258);
#8256 = CARTESIAN_POINT('',(455.,298.,128.));
#8257 = DIRECTION('',(0.,1.,0.));
#8258 = DIRECTION('',(0.,0.,1.));
#8259 = ADVANCED_FACE('',(#8260),#8266,.F.);
#8260 = FACE_BOUND('',#8261,.F.);
#8261 = EDGE_LOOP('',(#8262,#8263,#8264,#8265));
#8262 = ORIENTED_EDGE('',*,*,#8149,.F.);
#8263 = ORIENTED_EDGE('',*,*,#8219,.T.);
#8264 = ORIENTED_EDGE('',*,*,#8189,.T.);
#8265 = ORIENTED_EDGE('',*,*,#8241,.F.);
#8266 = PLANE('',#8267);
#8267 = AXIS2_PLACEMENT_3D('',#8268,#8269,#8270);
#8268 = CARTESIAN_POINT('',(455.,293.,128.));
#8269 = DIRECTION('',(0.,0.,1.));
#8270 = DIRECTION('',(1.,0.,0.));
#8271 = ADVANCED_FACE('',(#8272),#8278,.T.);
#8272 = FACE_BOUND('',#8273,.T.);
#8273 = EDGE_LOOP('',(#8274,#8275,#8276,#8277));
#8274 = ORIENTED_EDGE('',*,*,#8165,.F.);
#8275 = ORIENTED_EDGE('',*,*,#8226,.T.);
#8276 = ORIENTED_EDGE('',*,*,#8205,.T.);
#8277 = ORIENTED_EDGE('',*,*,#8248,.F.);
#8278 = PLANE('',#8279);
#8279 = AXIS2_PLACEMENT_3D('',#8280,#8281,#8282);
#8280 = CARTESIAN_POINT('',(455.,293.,140.));
#8281 = DIRECTION('',(0.,0.,1.));
#8282 = DIRECTION('',(1.,0.,0.));
#8283 = MANIFOLD_SOLID_BREP('',#8284);
#8284 = CLOSED_SHELL('',(#8285,#8325,#8365,#8387,#8409,#8421));
#8285 = ADVANCED_FACE('',(#8286),#8320,.F.);
#8286 = FACE_BOUND('',#8287,.F.);
#8287 = EDGE_LOOP('',(#8288,#8298,#8306,#8314));
#8288 = ORIENTED_EDGE('',*,*,#8289,.F.);
#8289 = EDGE_CURVE('',#8290,#8292,#8294,.T.);
#8290 = VERTEX_POINT('',#8291);
#8291 = CARTESIAN_POINT('',(492.,293.,128.));
#8292 = VERTEX_POINT('',#8293);
#8293 = CARTESIAN_POINT('',(492.,293.,140.));
#8294 = LINE('',#8295,#8296);
#8295 = CARTESIAN_POINT('',(492.,293.,128.));
#8296 = VECTOR('',#8297,1.);
#8297 = DIRECTION('',(0.,0.,1.));
#8298 = ORIENTED_EDGE('',*,*,#8299,.T.);
#8299 = EDGE_CURVE('',#8290,#8300,#8302,.T.);
#8300 = VERTEX_POINT('',#8301);
#8301 = CARTESIAN_POINT('',(492.,298.,128.));
#8302 = LINE('',#8303,#8304);
#8303 = CARTESIAN_POINT('',(492.,293.,128.));
#8304 = VECTOR('',#8305,1.);
#8305 = DIRECTION('',(0.,1.,0.));
#8306 = ORIENTED_EDGE('',*,*,#8307,.T.);
#8307 = EDGE_CURVE('',#8300,#8308,#8310,.T.);
#8308 = VERTEX_POINT('',#8309);
#8309 = CARTESIAN_POINT('',(492.,298.,140.));
#8310 = LINE('',#8311,#8312);
#8311 = CARTESIAN_POINT('',(492.,298.,128.));
#8312 = VECTOR('',#8313,1.);
#8313 = DIRECTION('',(0.,0.,1.));
#8314 = ORIENTED_EDGE('',*,*,#8315,.F.);
#8315 = EDGE_CURVE('',#8292,#8308,#8316,.T.);
#8316 = LINE('',#8317,#8318);
#8317 = CARTESIAN_POINT('',(492.,293.,140.));
#8318 = VECTOR('',#8319,1.);
#8319 = DIRECTION('',(0.,1.,0.));
#8320 = PLANE('',#8321);
#8321 = AXIS2_PLACEMENT_3D('',#8322,#8323,#8324);
#8322 = CARTESIAN_POINT('',(492.,293.,128.));
#8323 = DIRECTION('',(1.,0.,0.));
#8324 = DIRECTION('',(0.,0.,1.));
#8325 = ADVANCED_FACE('',(#8326),#8360,.T.);
#8326 = FACE_BOUND('',#8327,.T.);
#8327 = EDGE_LOOP('',(#8328,#8338,#8346,#8354));
#8328 = ORIENTED_EDGE('',*,*,#8329,.F.);
#8329 = EDGE_CURVE('',#8330,#8332,#8334,.T.);
#8330 = VERTEX_POINT('',#8331);
#8331 = CARTESIAN_POINT('',(505.,293.,128.));
#8332 = VERTEX_POINT('',#8333);
#8333 = CARTESIAN_POINT('',(505.,293.,140.));
#8334 = LINE('',#8335,#8336);
#8335 = CARTESIAN_POINT('',(505.,293.,128.));
#8336 = VECTOR('',#8337,1.);
#8337 = DIRECTION('',(0.,0.,1.));
#8338 = ORIENTED_EDGE('',*,*,#8339,.T.);
#8339 = EDGE_CURVE('',#8330,#8340,#8342,.T.);
#8340 = VERTEX_POINT('',#8341);
#8341 = CARTESIAN_POINT('',(505.,298.,128.));
#8342 = LINE('',#8343,#8344);
#8343 = CARTESIAN_POINT('',(505.,293.,128.));
#8344 = VECTOR('',#8345,1.);
#8345 = DIRECTION('',(0.,1.,0.));
#8346 = ORIENTED_EDGE('',*,*,#8347,.T.);
#8347 = EDGE_CURVE('',#8340,#8348,#8350,.T.);
#8348 = VERTEX_POINT('',#8349);
#8349 = CARTESIAN_POINT('',(505.,298.,140.));
#8350 = LINE('',#8351,#8352);
#8351 = CARTESIAN_POINT('',(505.,298.,128.));
#8352 = VECTOR('',#8353,1.);
#8353 = DIRECTION('',(0.,0.,1.));
#8354 = ORIENTED_EDGE('',*,*,#8355,.F.);
#8355 = EDGE_CURVE('',#8332,#8348,#8356,.T.);
#8356 = LINE('',#8357,#8358);
#8357 = CARTESIAN_POINT('',(505.,293.,140.));
#8358 = VECTOR('',#8359,1.);
#8359 = DIRECTION('',(0.,1.,0.));
#8360 = PLANE('',#8361);
#8361 = AXIS2_PLACEMENT_3D('',#8362,#8363,#8364);
#8362 = CARTESIAN_POINT('',(505.,293.,128.));
#8363 = DIRECTION('',(1.,0.,0.));
#8364 = DIRECTION('',(0.,0.,1.));
#8365 = ADVANCED_FACE('',(#8366),#8382,.F.);
#8366 = FACE_BOUND('',#8367,.F.);
#8367 = EDGE_LOOP('',(#8368,#8374,#8375,#8381));
#8368 = ORIENTED_EDGE('',*,*,#8369,.F.);
#8369 = EDGE_CURVE('',#8290,#8330,#8370,.T.);
#8370 = LINE('',#8371,#8372);
#8371 = CARTESIAN_POINT('',(492.,293.,128.));
#8372 = VECTOR('',#8373,1.);
#8373 = DIRECTION('',(1.,0.,0.));
#8374 = ORIENTED_EDGE('',*,*,#8289,.T.);
#8375 = ORIENTED_EDGE('',*,*,#8376,.T.);
#8376 = EDGE_CURVE('',#8292,#8332,#8377,.T.);
#8377 = LINE('',#8378,#8379);
#8378 = CARTESIAN_POINT('',(492.,293.,140.));
#8379 = VECTOR('',#8380,1.);
#8380 = DIRECTION('',(1.,0.,0.));
#8381 = ORIENTED_EDGE('',*,*,#8329,.F.);
#8382 = PLANE('',#8383);
#8383 = AXIS2_PLACEMENT_3D('',#8384,#8385,#8386);
#8384 = CARTESIAN_POINT('',(492.,293.,128.));
#8385 = DIRECTION('',(0.,1.,0.));
#8386 = DIRECTION('',(0.,0.,1.));
#8387 = ADVANCED_FACE('',(#8388),#8404,.T.);
#8388 = FACE_BOUND('',#8389,.T.);
#8389 = EDGE_LOOP('',(#8390,#8396,#8397,#8403));
#8390 = ORIENTED_EDGE('',*,*,#8391,.F.);
#8391 = EDGE_CURVE('',#8300,#8340,#8392,.T.);
#8392 = LINE('',#8393,#8394);
#8393 = CARTESIAN_POINT('',(492.,298.,128.));
#8394 = VECTOR('',#8395,1.);
#8395 = DIRECTION('',(1.,0.,0.));
#8396 = ORIENTED_EDGE('',*,*,#8307,.T.);
#8397 = ORIENTED_EDGE('',*,*,#8398,.T.);
#8398 = EDGE_CURVE('',#8308,#8348,#8399,.T.);
#8399 = LINE('',#8400,#8401);
#8400 = CARTESIAN_POINT('',(492.,298.,140.));
#8401 = VECTOR('',#8402,1.);
#8402 = DIRECTION('',(1.,0.,0.));
#8403 = ORIENTED_EDGE('',*,*,#8347,.F.);
#8404 = PLANE('',#8405);
#8405 = AXIS2_PLACEMENT_3D('',#8406,#8407,#8408);
#8406 = CARTESIAN_POINT('',(492.,298.,128.));
#8407 = DIRECTION('',(0.,1.,0.));
#8408 = DIRECTION('',(0.,0.,1.));
#8409 = ADVANCED_FACE('',(#8410),#8416,.F.);
#8410 = FACE_BOUND('',#8411,.F.);
#8411 = EDGE_LOOP('',(#8412,#8413,#8414,#8415));
#8412 = ORIENTED_EDGE('',*,*,#8299,.F.);
#8413 = ORIENTED_EDGE('',*,*,#8369,.T.);
#8414 = ORIENTED_EDGE('',*,*,#8339,.T.);
#8415 = ORIENTED_EDGE('',*,*,#8391,.F.);
#8416 = PLANE('',#8417);
#8417 = AXIS2_PLACEMENT_3D('',#8418,#8419,#8420);
#8418 = CARTESIAN_POINT('',(492.,293.,128.));
#8419 = DIRECTION('',(0.,0.,1.));
#8420 = DIRECTION('',(1.,0.,0.));
#8421 = ADVANCED_FACE('',(#8422),#8428,.T.);
#8422 = FACE_BOUND('',#8423,.T.);
#8423 = EDGE_LOOP('',(#8424,#8425,#8426,#8427));
#8424 = ORIENTED_EDGE('',*,*,#8315,.F.);
#8425 = ORIENTED_EDGE('',*,*,#8376,.T.);
#8426 = ORIENTED_EDGE('',*,*,#8355,.T.);
#8427 = ORIENTED_EDGE('',*,*,#8398,.F.);
#8428 = PLANE('',#8429);
#8429 = AXIS2_PLACEMENT_3D('',#8430,#8431,#8432);
#8430 = CARTESIAN_POINT('',(492.,293.,140.));
#8431 = DIRECTION('',(0.,0.,1.));
#8432 = DIRECTION('',(1.,0.,0.));
#8433 = MANIFOLD_SOLID_BREP('',#8434);
#8434 = CLOSED_SHELL('',(#8435,#8475,#8515,#8537,#8559,#8571));
#8435 = ADVANCED_FACE('',(#8436),#8470,.F.);
#8436 = FACE_BOUND('',#8437,.F.);
#8437 = EDGE_LOOP('',(#8438,#8448,#8456,#8464));
#8438 = ORIENTED_EDGE('',*,*,#8439,.F.);
#8439 = EDGE_CURVE('',#8440,#8442,#8444,.T.);
#8440 = VERTEX_POINT('',#8441);
#8441 = CARTESIAN_POINT('',(455.,352.,128.));
#8442 = VERTEX_POINT('',#8443);
#8443 = CARTESIAN_POINT('',(455.,352.,140.));
#8444 = LINE('',#8445,#8446);
#8445 = CARTESIAN_POINT('',(455.,352.,128.));
#8446 = VECTOR('',#8447,1.);
#8447 = DIRECTION('',(0.,0.,1.));
#8448 = ORIENTED_EDGE('',*,*,#8449,.T.);
#8449 = EDGE_CURVE('',#8440,#8450,#8452,.T.);
#8450 = VERTEX_POINT('',#8451);
#8451 = CARTESIAN_POINT('',(455.,357.,128.));
#8452 = LINE('',#8453,#8454);
#8453 = CARTESIAN_POINT('',(455.,352.,128.));
#8454 = VECTOR('',#8455,1.);
#8455 = DIRECTION('',(0.,1.,0.));
#8456 = ORIENTED_EDGE('',*,*,#8457,.T.);
#8457 = EDGE_CURVE('',#8450,#8458,#8460,.T.);
#8458 = VERTEX_POINT('',#8459);
#8459 = CARTESIAN_POINT('',(455.,357.,140.));
#8460 = LINE('',#8461,#8462);
#8461 = CARTESIAN_POINT('',(455.,357.,128.));
#8462 = VECTOR('',#8463,1.);
#8463 = DIRECTION('',(0.,0.,1.));
#8464 = ORIENTED_EDGE('',*,*,#8465,.F.);
#8465 = EDGE_CURVE('',#8442,#8458,#8466,.T.);
#8466 = LINE('',#8467,#8468);
#8467 = CARTESIAN_POINT('',(455.,352.,140.));
#8468 = VECTOR('',#8469,1.);
#8469 = DIRECTION('',(0.,1.,0.));
#8470 = PLANE('',#8471);
#8471 = AXIS2_PLACEMENT_3D('',#8472,#8473,#8474);
#8472 = CARTESIAN_POINT('',(455.,352.,128.));
#8473 = DIRECTION('',(1.,0.,0.));
#8474 = DIRECTION('',(0.,0.,1.));
#8475 = ADVANCED_FACE('',(#8476),#8510,.T.);
#8476 = FACE_BOUND('',#8477,.T.);
#8477 = EDGE_LOOP('',(#8478,#8488,#8496,#8504));
#8478 = ORIENTED_EDGE('',*,*,#8479,.F.);
#8479 = EDGE_CURVE('',#8480,#8482,#8484,.T.);
#8480 = VERTEX_POINT('',#8481);
#8481 = CARTESIAN_POINT('',(505.,352.,128.));
#8482 = VERTEX_POINT('',#8483);
#8483 = CARTESIAN_POINT('',(505.,352.,140.));
#8484 = LINE('',#8485,#8486);
#8485 = CARTESIAN_POINT('',(505.,352.,128.));
#8486 = VECTOR('',#8487,1.);
#8487 = DIRECTION('',(0.,0.,1.));
#8488 = ORIENTED_EDGE('',*,*,#8489,.T.);
#8489 = EDGE_CURVE('',#8480,#8490,#8492,.T.);
#8490 = VERTEX_POINT('',#8491);
#8491 = CARTESIAN_POINT('',(505.,357.,128.));
#8492 = LINE('',#8493,#8494);
#8493 = CARTESIAN_POINT('',(505.,352.,128.));
#8494 = VECTOR('',#8495,1.);
#8495 = DIRECTION('',(0.,1.,0.));
#8496 = ORIENTED_EDGE('',*,*,#8497,.T.);
#8497 = EDGE_CURVE('',#8490,#8498,#8500,.T.);
#8498 = VERTEX_POINT('',#8499);
#8499 = CARTESIAN_POINT('',(505.,357.,140.));
#8500 = LINE('',#8501,#8502);
#8501 = CARTESIAN_POINT('',(505.,357.,128.));
#8502 = VECTOR('',#8503,1.);
#8503 = DIRECTION('',(0.,0.,1.));
#8504 = ORIENTED_EDGE('',*,*,#8505,.F.);
#8505 = EDGE_CURVE('',#8482,#8498,#8506,.T.);
#8506 = LINE('',#8507,#8508);
#8507 = CARTESIAN_POINT('',(505.,352.,140.));
#8508 = VECTOR('',#8509,1.);
#8509 = DIRECTION('',(0.,1.,0.));
#8510 = PLANE('',#8511);
#8511 = AXIS2_PLACEMENT_3D('',#8512,#8513,#8514);
#8512 = CARTESIAN_POINT('',(505.,352.,128.));
#8513 = DIRECTION('',(1.,0.,0.));
#8514 = DIRECTION('',(0.,0.,1.));
#8515 = ADVANCED_FACE('',(#8516),#8532,.F.);
#8516 = FACE_BOUND('',#8517,.F.);
#8517 = EDGE_LOOP('',(#8518,#8524,#8525,#8531));
#8518 = ORIENTED_EDGE('',*,*,#8519,.F.);
#8519 = EDGE_CURVE('',#8440,#8480,#8520,.T.);
#8520 = LINE('',#8521,#8522);
#8521 = CARTESIAN_POINT('',(455.,352.,128.));
#8522 = VECTOR('',#8523,1.);
#8523 = DIRECTION('',(1.,0.,0.));
#8524 = ORIENTED_EDGE('',*,*,#8439,.T.);
#8525 = ORIENTED_EDGE('',*,*,#8526,.T.);
#8526 = EDGE_CURVE('',#8442,#8482,#8527,.T.);
#8527 = LINE('',#8528,#8529);
#8528 = CARTESIAN_POINT('',(455.,352.,140.));
#8529 = VECTOR('',#8530,1.);
#8530 = DIRECTION('',(1.,0.,0.));
#8531 = ORIENTED_EDGE('',*,*,#8479,.F.);
#8532 = PLANE('',#8533);
#8533 = AXIS2_PLACEMENT_3D('',#8534,#8535,#8536);
#8534 = CARTESIAN_POINT('',(455.,352.,128.));
#8535 = DIRECTION('',(0.,1.,0.));
#8536 = DIRECTION('',(0.,0.,1.));
#8537 = ADVANCED_FACE('',(#8538),#8554,.T.);
#8538 = FACE_BOUND('',#8539,.T.);
#8539 = EDGE_LOOP('',(#8540,#8546,#8547,#8553));
#8540 = ORIENTED_EDGE('',*,*,#8541,.F.);
#8541 = EDGE_CURVE('',#8450,#8490,#8542,.T.);
#8542 = LINE('',#8543,#8544);
#8543 = CARTESIAN_POINT('',(455.,357.,128.));
#8544 = VECTOR('',#8545,1.);
#8545 = DIRECTION('',(1.,0.,0.));
#8546 = ORIENTED_EDGE('',*,*,#8457,.T.);
#8547 = ORIENTED_EDGE('',*,*,#8548,.T.);
#8548 = EDGE_CURVE('',#8458,#8498,#8549,.T.);
#8549 = LINE('',#8550,#8551);
#8550 = CARTESIAN_POINT('',(455.,357.,140.));
#8551 = VECTOR('',#8552,1.);
#8552 = DIRECTION('',(1.,0.,0.));
#8553 = ORIENTED_EDGE('',*,*,#8497,.F.);
#8554 = PLANE('',#8555);
#8555 = AXIS2_PLACEMENT_3D('',#8556,#8557,#8558);
#8556 = CARTESIAN_POINT('',(455.,357.,128.));
#8557 = DIRECTION('',(0.,1.,0.));
#8558 = DIRECTION('',(0.,0.,1.));
#8559 = ADVANCED_FACE('',(#8560),#8566,.F.);
#8560 = FACE_BOUND('',#8561,.F.);
#8561 = EDGE_LOOP('',(#8562,#8563,#8564,#8565));
#8562 = ORIENTED_EDGE('',*,*,#8449,.F.);
#8563 = ORIENTED_EDGE('',*,*,#8519,.T.);
#8564 = ORIENTED_EDGE('',*,*,#8489,.T.);
#8565 = ORIENTED_EDGE('',*,*,#8541,.F.);
#8566 = PLANE('',#8567);
#8567 = AXIS2_PLACEMENT_3D('',#8568,#8569,#8570);
#8568 = CARTESIAN_POINT('',(455.,352.,128.));
#8569 = DIRECTION('',(0.,0.,1.));
#8570 = DIRECTION('',(1.,0.,0.));
#8571 = ADVANCED_FACE('',(#8572),#8578,.T.);
#8572 = FACE_BOUND('',#8573,.T.);
#8573 = EDGE_LOOP('',(#8574,#8575,#8576,#8577));
#8574 = ORIENTED_EDGE('',*,*,#8465,.F.);
#8575 = ORIENTED_EDGE('',*,*,#8526,.T.);
#8576 = ORIENTED_EDGE('',*,*,#8505,.T.);
#8577 = ORIENTED_EDGE('',*,*,#8548,.F.);
#8578 = PLANE('',#8579);
#8579 = AXIS2_PLACEMENT_3D('',#8580,#8581,#8582);
#8580 = CARTESIAN_POINT('',(455.,352.,140.));
#8581 = DIRECTION('',(0.,0.,1.));
#8582 = DIRECTION('',(1.,0.,0.));
#8583 = MANIFOLD_SOLID_BREP('',#8584);
#8584 = CLOSED_SHELL('',(#8585,#8618,#8627));
#8585 = ADVANCED_FACE('',(#8586),#8613,.T.);
#8586 = FACE_BOUND('',#8587,.T.);
#8587 = EDGE_LOOP('',(#8588,#8597,#8605,#8612));
#8588 = ORIENTED_EDGE('',*,*,#8589,.F.);
#8589 = EDGE_CURVE('',#8590,#8590,#8592,.T.);
#8590 = VERTEX_POINT('',#8591);
#8591 = CARTESIAN_POINT('',(502.5,325.,144.));
#8592 = CIRCLE('',#8593,22.5);
#8593 = AXIS2_PLACEMENT_3D('',#8594,#8595,#8596);
#8594 = CARTESIAN_POINT('',(480.,325.,144.));
#8595 = DIRECTION('',(0.,0.,1.));
#8596 = DIRECTION('',(1.,0.,0.));
#8597 = ORIENTED_EDGE('',*,*,#8598,.F.);
#8598 = EDGE_CURVE('',#8599,#8590,#8601,.T.);
#8599 = VERTEX_POINT('',#8600);
#8600 = CARTESIAN_POINT('',(502.5,325.,128.));
#8601 = LINE('',#8602,#8603);
#8602 = CARTESIAN_POINT('',(502.5,325.,128.));
#8603 = VECTOR('',#8604,1.);
#8604 = DIRECTION('',(0.,0.,1.));
#8605 = ORIENTED_EDGE('',*,*,#8606,.T.);
#8606 = EDGE_CURVE('',#8599,#8599,#8607,.T.);
#8607 = CIRCLE('',#8608,22.5);
#8608 = AXIS2_PLACEMENT_3D('',#8609,#8610,#8611);
#8609 = CARTESIAN_POINT('',(480.,325.,128.));
#8610 = DIRECTION('',(0.,0.,1.));
#8611 = DIRECTION('',(1.,0.,0.));
#8612 = ORIENTED_EDGE('',*,*,#8598,.T.);
#8613 = CYLINDRICAL_SURFACE('',#8614,22.5);
#8614 = AXIS2_PLACEMENT_3D('',#8615,#8616,#8617);
#8615 = CARTESIAN_POINT('',(480.,325.,128.));
#8616 = DIRECTION('',(0.,0.,1.));
#8617 = DIRECTION('',(1.,0.,0.));
#8618 = ADVANCED_FACE('',(#8619),#8622,.T.);
#8619 = FACE_BOUND('',#8620,.T.);
#8620 = EDGE_LOOP('',(#8621));
#8621 = ORIENTED_EDGE('',*,*,#8589,.T.);
#8622 = PLANE('',#8623);
#8623 = AXIS2_PLACEMENT_3D('',#8624,#8625,#8626);
#8624 = CARTESIAN_POINT('',(480.,325.,144.));
#8625 = DIRECTION('',(0.,0.,1.));
#8626 = DIRECTION('',(1.,0.,0.));
#8627 = ADVANCED_FACE('',(#8628),#8631,.F.);
#8628 = FACE_BOUND('',#8629,.T.);
#8629 = EDGE_LOOP('',(#8630));
#8630 = ORIENTED_EDGE('',*,*,#8606,.F.);
#8631 = PLANE('',#8632);
#8632 = AXIS2_PLACEMENT_3D('',#8633,#8634,#8635);
#8633 = CARTESIAN_POINT('',(480.,325.,128.));
#8634 = DIRECTION('',(0.,0.,1.));
#8635 = DIRECTION('',(1.,0.,0.));
#8636 = MANIFOLD_SOLID_BREP('',#8637);
#8637 = CLOSED_SHELL('',(#8638,#8671,#8680));
#8638 = ADVANCED_FACE('',(#8639),#8666,.T.);
#8639 = FACE_BOUND('',#8640,.T.);
#8640 = EDGE_LOOP('',(#8641,#8650,#8658,#8665));
#8641 = ORIENTED_EDGE('',*,*,#8642,.F.);
#8642 = EDGE_CURVE('',#8643,#8643,#8645,.T.);
#8643 = VERTEX_POINT('',#8644);
#8644 = CARTESIAN_POINT('',(502.5,325.,148.));
#8645 = CIRCLE('',#8646,22.5);
#8646 = AXIS2_PLACEMENT_3D('',#8647,#8648,#8649);
#8647 = CARTESIAN_POINT('',(480.,325.,148.));
#8648 = DIRECTION('',(0.,0.,1.));
#8649 = DIRECTION('',(1.,0.,0.));
#8650 = ORIENTED_EDGE('',*,*,#8651,.F.);
#8651 = EDGE_CURVE('',#8652,#8643,#8654,.T.);
#8652 = VERTEX_POINT('',#8653);
#8653 = CARTESIAN_POINT('',(502.5,325.,144.));
#8654 = LINE('',#8655,#8656);
#8655 = CARTESIAN_POINT('',(502.5,325.,144.));
#8656 = VECTOR('',#8657,1.);
#8657 = DIRECTION('',(0.,0.,1.));
#8658 = ORIENTED_EDGE('',*,*,#8659,.T.);
#8659 = EDGE_CURVE('',#8652,#8652,#8660,.T.);
#8660 = CIRCLE('',#8661,22.5);
#8661 = AXIS2_PLACEMENT_3D('',#8662,#8663,#8664);
#8662 = CARTESIAN_POINT('',(480.,325.,144.));
#8663 = DIRECTION('',(0.,0.,1.));
#8664 = DIRECTION('',(1.,0.,0.));
#8665 = ORIENTED_EDGE('',*,*,#8651,.T.);
#8666 = CYLINDRICAL_SURFACE('',#8667,22.5);
#8667 = AXIS2_PLACEMENT_3D('',#8668,#8669,#8670);
#8668 = CARTESIAN_POINT('',(480.,325.,144.));
#8669 = DIRECTION('',(0.,0.,1.));
#8670 = DIRECTION('',(1.,0.,0.));
#8671 = ADVANCED_FACE('',(#8672),#8675,.T.);
#8672 = FACE_BOUND('',#8673,.T.);
#8673 = EDGE_LOOP('',(#8674));
#8674 = ORIENTED_EDGE('',*,*,#8642,.T.);
#8675 = PLANE('',#8676);
#8676 = AXIS2_PLACEMENT_3D('',#8677,#8678,#8679);
#8677 = CARTESIAN_POINT('',(480.,325.,148.));
#8678 = DIRECTION('',(0.,0.,1.));
#8679 = DIRECTION('',(1.,0.,0.));
#8680 = ADVANCED_FACE('',(#8681),#8684,.F.);
#8681 = FACE_BOUND('',#8682,.T.);
#8682 = EDGE_LOOP('',(#8683));
#8683 = ORIENTED_EDGE('',*,*,#8659,.F.);
#8684 = PLANE('',#8685);
#8685 = AXIS2_PLACEMENT_3D('',#8686,#8687,#8688);
#8686 = CARTESIAN_POINT('',(480.,325.,144.));
#8687 = DIRECTION('',(0.,0.,1.));
#8688 = DIRECTION('',(1.,0.,0.));
#8689 = MANIFOLD_SOLID_BREP('',#8690);
#8690 = CLOSED_SHELL('',(#8691,#8731,#8771,#8793,#8815,#8827));
#8691 = ADVANCED_FACE('',(#8692),#8726,.F.);
#8692 = FACE_BOUND('',#8693,.F.);
#8693 = EDGE_LOOP('',(#8694,#8704,#8712,#8720));
#8694 = ORIENTED_EDGE('',*,*,#8695,.F.);
#8695 = EDGE_CURVE('',#8696,#8698,#8700,.T.);
#8696 = VERTEX_POINT('',#8697);
#8697 = CARTESIAN_POINT('',(90.,293.,240.));
#8698 = VERTEX_POINT('',#8699);
#8699 = CARTESIAN_POINT('',(90.,293.,248.));
#8700 = LINE('',#8701,#8702);
#8701 = CARTESIAN_POINT('',(90.,293.,240.));
#8702 = VECTOR('',#8703,1.);
#8703 = DIRECTION('',(0.,0.,1.));
#8704 = ORIENTED_EDGE('',*,*,#8705,.T.);
#8705 = EDGE_CURVE('',#8696,#8706,#8708,.T.);
#8706 = VERTEX_POINT('',#8707);
#8707 = CARTESIAN_POINT('',(90.,357.,240.));
#8708 = LINE('',#8709,#8710);
#8709 = CARTESIAN_POINT('',(90.,293.,240.));
#8710 = VECTOR('',#8711,1.);
#8711 = DIRECTION('',(0.,1.,0.));
#8712 = ORIENTED_EDGE('',*,*,#8713,.T.);
#8713 = EDGE_CURVE('',#8706,#8714,#8716,.T.);
#8714 = VERTEX_POINT('',#8715);
#8715 = CARTESIAN_POINT('',(90.,357.,248.));
#8716 = LINE('',#8717,#8718);
#8717 = CARTESIAN_POINT('',(90.,357.,240.));
#8718 = VECTOR('',#8719,1.);
#8719 = DIRECTION('',(0.,0.,1.));
#8720 = ORIENTED_EDGE('',*,*,#8721,.F.);
#8721 = EDGE_CURVE('',#8698,#8714,#8722,.T.);
#8722 = LINE('',#8723,#8724);
#8723 = CARTESIAN_POINT('',(90.,293.,248.));
#8724 = VECTOR('',#8725,1.);
#8725 = DIRECTION('',(0.,1.,0.));
#8726 = PLANE('',#8727);
#8727 = AXIS2_PLACEMENT_3D('',#8728,#8729,#8730);
#8728 = CARTESIAN_POINT('',(90.,293.,240.));
#8729 = DIRECTION('',(1.,0.,0.));
#8730 = DIRECTION('',(0.,0.,1.));
#8731 = ADVANCED_FACE('',(#8732),#8766,.T.);
#8732 = FACE_BOUND('',#8733,.T.);
#8733 = EDGE_LOOP('',(#8734,#8744,#8752,#8760));
#8734 = ORIENTED_EDGE('',*,*,#8735,.F.);
#8735 = EDGE_CURVE('',#8736,#8738,#8740,.T.);
#8736 = VERTEX_POINT('',#8737);
#8737 = CARTESIAN_POINT('',(150.,293.,240.));
#8738 = VERTEX_POINT('',#8739);
#8739 = CARTESIAN_POINT('',(150.,293.,248.));
#8740 = LINE('',#8741,#8742);
#8741 = CARTESIAN_POINT('',(150.,293.,240.));
#8742 = VECTOR('',#8743,1.);
#8743 = DIRECTION('',(0.,0.,1.));
#8744 = ORIENTED_EDGE('',*,*,#8745,.T.);
#8745 = EDGE_CURVE('',#8736,#8746,#8748,.T.);
#8746 = VERTEX_POINT('',#8747);
#8747 = CARTESIAN_POINT('',(150.,357.,240.));
#8748 = LINE('',#8749,#8750);
#8749 = CARTESIAN_POINT('',(150.,293.,240.));
#8750 = VECTOR('',#8751,1.);
#8751 = DIRECTION('',(0.,1.,0.));
#8752 = ORIENTED_EDGE('',*,*,#8753,.T.);
#8753 = EDGE_CURVE('',#8746,#8754,#8756,.T.);
#8754 = VERTEX_POINT('',#8755);
#8755 = CARTESIAN_POINT('',(150.,357.,248.));
#8756 = LINE('',#8757,#8758);
#8757 = CARTESIAN_POINT('',(150.,357.,240.));
#8758 = VECTOR('',#8759,1.);
#8759 = DIRECTION('',(0.,0.,1.));
#8760 = ORIENTED_EDGE('',*,*,#8761,.F.);
#8761 = EDGE_CURVE('',#8738,#8754,#8762,.T.);
#8762 = LINE('',#8763,#8764);
#8763 = CARTESIAN_POINT('',(150.,293.,248.));
#8764 = VECTOR('',#8765,1.);
#8765 = DIRECTION('',(0.,1.,0.));
#8766 = PLANE('',#8767);
#8767 = AXIS2_PLACEMENT_3D('',#8768,#8769,#8770);
#8768 = CARTESIAN_POINT('',(150.,293.,240.));
#8769 = DIRECTION('',(1.,0.,0.));
#8770 = DIRECTION('',(0.,0.,1.));
#8771 = ADVANCED_FACE('',(#8772),#8788,.F.);
#8772 = FACE_BOUND('',#8773,.F.);
#8773 = EDGE_LOOP('',(#8774,#8780,#8781,#8787));
#8774 = ORIENTED_EDGE('',*,*,#8775,.F.);
#8775 = EDGE_CURVE('',#8696,#8736,#8776,.T.);
#8776 = LINE('',#8777,#8778);
#8777 = CARTESIAN_POINT('',(90.,293.,240.));
#8778 = VECTOR('',#8779,1.);
#8779 = DIRECTION('',(1.,0.,0.));
#8780 = ORIENTED_EDGE('',*,*,#8695,.T.);
#8781 = ORIENTED_EDGE('',*,*,#8782,.T.);
#8782 = EDGE_CURVE('',#8698,#8738,#8783,.T.);
#8783 = LINE('',#8784,#8785);
#8784 = CARTESIAN_POINT('',(90.,293.,248.));
#8785 = VECTOR('',#8786,1.);
#8786 = DIRECTION('',(1.,0.,0.));
#8787 = ORIENTED_EDGE('',*,*,#8735,.F.);
#8788 = PLANE('',#8789);
#8789 = AXIS2_PLACEMENT_3D('',#8790,#8791,#8792);
#8790 = CARTESIAN_POINT('',(90.,293.,240.));
#8791 = DIRECTION('',(0.,1.,0.));
#8792 = DIRECTION('',(0.,0.,1.));
#8793 = ADVANCED_FACE('',(#8794),#8810,.T.);
#8794 = FACE_BOUND('',#8795,.T.);
#8795 = EDGE_LOOP('',(#8796,#8802,#8803,#8809));
#8796 = ORIENTED_EDGE('',*,*,#8797,.F.);
#8797 = EDGE_CURVE('',#8706,#8746,#8798,.T.);
#8798 = LINE('',#8799,#8800);
#8799 = CARTESIAN_POINT('',(90.,357.,240.));
#8800 = VECTOR('',#8801,1.);
#8801 = DIRECTION('',(1.,0.,0.));
#8802 = ORIENTED_EDGE('',*,*,#8713,.T.);
#8803 = ORIENTED_EDGE('',*,*,#8804,.T.);
#8804 = EDGE_CURVE('',#8714,#8754,#8805,.T.);
#8805 = LINE('',#8806,#8807);
#8806 = CARTESIAN_POINT('',(90.,357.,248.));
#8807 = VECTOR('',#8808,1.);
#8808 = DIRECTION('',(1.,0.,0.));
#8809 = ORIENTED_EDGE('',*,*,#8753,.F.);
#8810 = PLANE('',#8811);
#8811 = AXIS2_PLACEMENT_3D('',#8812,#8813,#8814);
#8812 = CARTESIAN_POINT('',(90.,357.,240.));
#8813 = DIRECTION('',(0.,1.,0.));
#8814 = DIRECTION('',(0.,0.,1.));
#8815 = ADVANCED_FACE('',(#8816),#8822,.F.);
#8816 = FACE_BOUND('',#8817,.F.);
#8817 = EDGE_LOOP('',(#8818,#8819,#8820,#8821));
#8818 = ORIENTED_EDGE('',*,*,#8705,.F.);
#8819 = ORIENTED_EDGE('',*,*,#8775,.T.);
#8820 = ORIENTED_EDGE('',*,*,#8745,.T.);
#8821 = ORIENTED_EDGE('',*,*,#8797,.F.);
#8822 = PLANE('',#8823);
#8823 = AXIS2_PLACEMENT_3D('',#8824,#8825,#8826);
#8824 = CARTESIAN_POINT('',(90.,293.,240.));
#8825 = DIRECTION('',(0.,0.,1.));
#8826 = DIRECTION('',(1.,0.,0.));
#8827 = ADVANCED_FACE('',(#8828),#8834,.T.);
#8828 = FACE_BOUND('',#8829,.T.);
#8829 = EDGE_LOOP('',(#8830,#8831,#8832,#8833));
#8830 = ORIENTED_EDGE('',*,*,#8721,.F.);
#8831 = ORIENTED_EDGE('',*,*,#8782,.T.);
#8832 = ORIENTED_EDGE('',*,*,#8761,.T.);
#8833 = ORIENTED_EDGE('',*,*,#8804,.F.);
#8834 = PLANE('',#8835);
#8835 = AXIS2_PLACEMENT_3D('',#8836,#8837,#8838);
#8836 = CARTESIAN_POINT('',(90.,293.,248.));
#8837 = DIRECTION('',(0.,0.,1.));
#8838 = DIRECTION('',(1.,0.,0.));
#8839 = MANIFOLD_SOLID_BREP('',#8840);
#8840 = CLOSED_SHELL('',(#8841,#8881,#8921,#8943,#8965,#8977));
#8841 = ADVANCED_FACE('',(#8842),#8876,.F.);
#8842 = FACE_BOUND('',#8843,.F.);
#8843 = EDGE_LOOP('',(#8844,#8854,#8862,#8870));
#8844 = ORIENTED_EDGE('',*,*,#8845,.F.);
#8845 = EDGE_CURVE('',#8846,#8848,#8850,.T.);
#8846 = VERTEX_POINT('',#8847);
#8847 = CARTESIAN_POINT('',(90.,293.,248.));
#8848 = VERTEX_POINT('',#8849);
#8849 = CARTESIAN_POINT('',(90.,293.,260.));
#8850 = LINE('',#8851,#8852);
#8851 = CARTESIAN_POINT('',(90.,293.,248.));
#8852 = VECTOR('',#8853,1.);
#8853 = DIRECTION('',(0.,0.,1.));
#8854 = ORIENTED_EDGE('',*,*,#8855,.T.);
#8855 = EDGE_CURVE('',#8846,#8856,#8858,.T.);
#8856 = VERTEX_POINT('',#8857);
#8857 = CARTESIAN_POINT('',(90.,357.,248.));
#8858 = LINE('',#8859,#8860);
#8859 = CARTESIAN_POINT('',(90.,293.,248.));
#8860 = VECTOR('',#8861,1.);
#8861 = DIRECTION('',(0.,1.,0.));
#8862 = ORIENTED_EDGE('',*,*,#8863,.T.);
#8863 = EDGE_CURVE('',#8856,#8864,#8866,.T.);
#8864 = VERTEX_POINT('',#8865);
#8865 = CARTESIAN_POINT('',(90.,357.,260.));
#8866 = LINE('',#8867,#8868);
#8867 = CARTESIAN_POINT('',(90.,357.,248.));
#8868 = VECTOR('',#8869,1.);
#8869 = DIRECTION('',(0.,0.,1.));
#8870 = ORIENTED_EDGE('',*,*,#8871,.F.);
#8871 = EDGE_CURVE('',#8848,#8864,#8872,.T.);
#8872 = LINE('',#8873,#8874);
#8873 = CARTESIAN_POINT('',(90.,293.,260.));
#8874 = VECTOR('',#8875,1.);
#8875 = DIRECTION('',(0.,1.,0.));
#8876 = PLANE('',#8877);
#8877 = AXIS2_PLACEMENT_3D('',#8878,#8879,#8880);
#8878 = CARTESIAN_POINT('',(90.,293.,248.));
#8879 = DIRECTION('',(1.,0.,0.));
#8880 = DIRECTION('',(0.,0.,1.));
#8881 = ADVANCED_FACE('',(#8882),#8916,.T.);
#8882 = FACE_BOUND('',#8883,.T.);
#8883 = EDGE_LOOP('',(#8884,#8894,#8902,#8910));
#8884 = ORIENTED_EDGE('',*,*,#8885,.F.);
#8885 = EDGE_CURVE('',#8886,#8888,#8890,.T.);
#8886 = VERTEX_POINT('',#8887);
#8887 = CARTESIAN_POINT('',(95.,293.,248.));
#8888 = VERTEX_POINT('',#8889);
#8889 = CARTESIAN_POINT('',(95.,293.,260.));
#8890 = LINE('',#8891,#8892);
#8891 = CARTESIAN_POINT('',(95.,293.,248.));
#8892 = VECTOR('',#8893,1.);
#8893 = DIRECTION('',(0.,0.,1.));
#8894 = ORIENTED_EDGE('',*,*,#8895,.T.);
#8895 = EDGE_CURVE('',#8886,#8896,#8898,.T.);
#8896 = VERTEX_POINT('',#8897);
#8897 = CARTESIAN_POINT('',(95.,357.,248.));
#8898 = LINE('',#8899,#8900);
#8899 = CARTESIAN_POINT('',(95.,293.,248.));
#8900 = VECTOR('',#8901,1.);
#8901 = DIRECTION('',(0.,1.,0.));
#8902 = ORIENTED_EDGE('',*,*,#8903,.T.);
#8903 = EDGE_CURVE('',#8896,#8904,#8906,.T.);
#8904 = VERTEX_POINT('',#8905);
#8905 = CARTESIAN_POINT('',(95.,357.,260.));
#8906 = LINE('',#8907,#8908);
#8907 = CARTESIAN_POINT('',(95.,357.,248.));
#8908 = VECTOR('',#8909,1.);
#8909 = DIRECTION('',(0.,0.,1.));
#8910 = ORIENTED_EDGE('',*,*,#8911,.F.);
#8911 = EDGE_CURVE('',#8888,#8904,#8912,.T.);
#8912 = LINE('',#8913,#8914);
#8913 = CARTESIAN_POINT('',(95.,293.,260.));
#8914 = VECTOR('',#8915,1.);
#8915 = DIRECTION('',(0.,1.,0.));
#8916 = PLANE('',#8917);
#8917 = AXIS2_PLACEMENT_3D('',#8918,#8919,#8920);
#8918 = CARTESIAN_POINT('',(95.,293.,248.));
#8919 = DIRECTION('',(1.,0.,0.));
#8920 = DIRECTION('',(0.,0.,1.));
#8921 = ADVANCED_FACE('',(#8922),#8938,.F.);
#8922 = FACE_BOUND('',#8923,.F.);
#8923 = EDGE_LOOP('',(#8924,#8930,#8931,#8937));
#8924 = ORIENTED_EDGE('',*,*,#8925,.F.);
#8925 = EDGE_CURVE('',#8846,#8886,#8926,.T.);
#8926 = LINE('',#8927,#8928);
#8927 = CARTESIAN_POINT('',(90.,293.,248.));
#8928 = VECTOR('',#8929,1.);
#8929 = DIRECTION('',(1.,0.,0.));
#8930 = ORIENTED_EDGE('',*,*,#8845,.T.);
#8931 = ORIENTED_EDGE('',*,*,#8932,.T.);
#8932 = EDGE_CURVE('',#8848,#8888,#8933,.T.);
#8933 = LINE('',#8934,#8935);
#8934 = CARTESIAN_POINT('',(90.,293.,260.));
#8935 = VECTOR('',#8936,1.);
#8936 = DIRECTION('',(1.,0.,0.));
#8937 = ORIENTED_EDGE('',*,*,#8885,.F.);
#8938 = PLANE('',#8939);
#8939 = AXIS2_PLACEMENT_3D('',#8940,#8941,#8942);
#8940 = CARTESIAN_POINT('',(90.,293.,248.));
#8941 = DIRECTION('',(0.,1.,0.));
#8942 = DIRECTION('',(0.,0.,1.));
#8943 = ADVANCED_FACE('',(#8944),#8960,.T.);
#8944 = FACE_BOUND('',#8945,.T.);
#8945 = EDGE_LOOP('',(#8946,#8952,#8953,#8959));
#8946 = ORIENTED_EDGE('',*,*,#8947,.F.);
#8947 = EDGE_CURVE('',#8856,#8896,#8948,.T.);
#8948 = LINE('',#8949,#8950);
#8949 = CARTESIAN_POINT('',(90.,357.,248.));
#8950 = VECTOR('',#8951,1.);
#8951 = DIRECTION('',(1.,0.,0.));
#8952 = ORIENTED_EDGE('',*,*,#8863,.T.);
#8953 = ORIENTED_EDGE('',*,*,#8954,.T.);
#8954 = EDGE_CURVE('',#8864,#8904,#8955,.T.);
#8955 = LINE('',#8956,#8957);
#8956 = CARTESIAN_POINT('',(90.,357.,260.));
#8957 = VECTOR('',#8958,1.);
#8958 = DIRECTION('',(1.,0.,0.));
#8959 = ORIENTED_EDGE('',*,*,#8903,.F.);
#8960 = PLANE('',#8961);
#8961 = AXIS2_PLACEMENT_3D('',#8962,#8963,#8964);
#8962 = CARTESIAN_POINT('',(90.,357.,248.));
#8963 = DIRECTION('',(0.,1.,0.));
#8964 = DIRECTION('',(0.,0.,1.));
#8965 = ADVANCED_FACE('',(#8966),#8972,.F.);
#8966 = FACE_BOUND('',#8967,.F.);
#8967 = EDGE_LOOP('',(#8968,#8969,#8970,#8971));
#8968 = ORIENTED_EDGE('',*,*,#8855,.F.);
#8969 = ORIENTED_EDGE('',*,*,#8925,.T.);
#8970 = ORIENTED_EDGE('',*,*,#8895,.T.);
#8971 = ORIENTED_EDGE('',*,*,#8947,.F.);
#8972 = PLANE('',#8973);
#8973 = AXIS2_PLACEMENT_3D('',#8974,#8975,#8976);
#8974 = CARTESIAN_POINT('',(90.,293.,248.));
#8975 = DIRECTION('',(0.,0.,1.));
#8976 = DIRECTION('',(1.,0.,0.));
#8977 = ADVANCED_FACE('',(#8978),#8984,.T.);
#8978 = FACE_BOUND('',#8979,.T.);
#8979 = EDGE_LOOP('',(#8980,#8981,#8982,#8983));
#8980 = ORIENTED_EDGE('',*,*,#8871,.F.);
#8981 = ORIENTED_EDGE('',*,*,#8932,.T.);
#8982 = ORIENTED_EDGE('',*,*,#8911,.T.);
#8983 = ORIENTED_EDGE('',*,*,#8954,.F.);
#8984 = PLANE('',#8985);
#8985 = AXIS2_PLACEMENT_3D('',#8986,#8987,#8988);
#8986 = CARTESIAN_POINT('',(90.,293.,260.));
#8987 = DIRECTION('',(0.,0.,1.));
#8988 = DIRECTION('',(1.,0.,0.));
#8989 = MANIFOLD_SOLID_BREP('',#8990);
#8990 = CLOSED_SHELL('',(#8991,#9031,#9071,#9093,#9115,#9127));
#8991 = ADVANCED_FACE('',(#8992),#9026,.F.);
#8992 = FACE_BOUND('',#8993,.F.);
#8993 = EDGE_LOOP('',(#8994,#9004,#9012,#9020));
#8994 = ORIENTED_EDGE('',*,*,#8995,.F.);
#8995 = EDGE_CURVE('',#8996,#8998,#9000,.T.);
#8996 = VERTEX_POINT('',#8997);
#8997 = CARTESIAN_POINT('',(145.,293.,248.));
#8998 = VERTEX_POINT('',#8999);
#8999 = CARTESIAN_POINT('',(145.,293.,260.));
#9000 = LINE('',#9001,#9002);
#9001 = CARTESIAN_POINT('',(145.,293.,248.));
#9002 = VECTOR('',#9003,1.);
#9003 = DIRECTION('',(0.,0.,1.));
#9004 = ORIENTED_EDGE('',*,*,#9005,.T.);
#9005 = EDGE_CURVE('',#8996,#9006,#9008,.T.);
#9006 = VERTEX_POINT('',#9007);
#9007 = CARTESIAN_POINT('',(145.,357.,248.));
#9008 = LINE('',#9009,#9010);
#9009 = CARTESIAN_POINT('',(145.,293.,248.));
#9010 = VECTOR('',#9011,1.);
#9011 = DIRECTION('',(0.,1.,0.));
#9012 = ORIENTED_EDGE('',*,*,#9013,.T.);
#9013 = EDGE_CURVE('',#9006,#9014,#9016,.T.);
#9014 = VERTEX_POINT('',#9015);
#9015 = CARTESIAN_POINT('',(145.,357.,260.));
#9016 = LINE('',#9017,#9018);
#9017 = CARTESIAN_POINT('',(145.,357.,248.));
#9018 = VECTOR('',#9019,1.);
#9019 = DIRECTION('',(0.,0.,1.));
#9020 = ORIENTED_EDGE('',*,*,#9021,.F.);
#9021 = EDGE_CURVE('',#8998,#9014,#9022,.T.);
#9022 = LINE('',#9023,#9024);
#9023 = CARTESIAN_POINT('',(145.,293.,260.));
#9024 = VECTOR('',#9025,1.);
#9025 = DIRECTION('',(0.,1.,0.));
#9026 = PLANE('',#9027);
#9027 = AXIS2_PLACEMENT_3D('',#9028,#9029,#9030);
#9028 = CARTESIAN_POINT('',(145.,293.,248.));
#9029 = DIRECTION('',(1.,0.,0.));
#9030 = DIRECTION('',(0.,0.,1.));
#9031 = ADVANCED_FACE('',(#9032),#9066,.T.);
#9032 = FACE_BOUND('',#9033,.T.);
#9033 = EDGE_LOOP('',(#9034,#9044,#9052,#9060));
#9034 = ORIENTED_EDGE('',*,*,#9035,.F.);
#9035 = EDGE_CURVE('',#9036,#9038,#9040,.T.);
#9036 = VERTEX_POINT('',#9037);
#9037 = CARTESIAN_POINT('',(150.,293.,248.));
#9038 = VERTEX_POINT('',#9039);
#9039 = CARTESIAN_POINT('',(150.,293.,260.));
#9040 = LINE('',#9041,#9042);
#9041 = CARTESIAN_POINT('',(150.,293.,248.));
#9042 = VECTOR('',#9043,1.);
#9043 = DIRECTION('',(0.,0.,1.));
#9044 = ORIENTED_EDGE('',*,*,#9045,.T.);
#9045 = EDGE_CURVE('',#9036,#9046,#9048,.T.);
#9046 = VERTEX_POINT('',#9047);
#9047 = CARTESIAN_POINT('',(150.,357.,248.));
#9048 = LINE('',#9049,#9050);
#9049 = CARTESIAN_POINT('',(150.,293.,248.));
#9050 = VECTOR('',#9051,1.);
#9051 = DIRECTION('',(0.,1.,0.));
#9052 = ORIENTED_EDGE('',*,*,#9053,.T.);
#9053 = EDGE_CURVE('',#9046,#9054,#9056,.T.);
#9054 = VERTEX_POINT('',#9055);
#9055 = CARTESIAN_POINT('',(150.,357.,260.));
#9056 = LINE('',#9057,#9058);
#9057 = CARTESIAN_POINT('',(150.,357.,248.));
#9058 = VECTOR('',#9059,1.);
#9059 = DIRECTION('',(0.,0.,1.));
#9060 = ORIENTED_EDGE('',*,*,#9061,.F.);
#9061 = EDGE_CURVE('',#9038,#9054,#9062,.T.);
#9062 = LINE('',#9063,#9064);
#9063 = CARTESIAN_POINT('',(150.,293.,260.));
#9064 = VECTOR('',#9065,1.);
#9065 = DIRECTION('',(0.,1.,0.));
#9066 = PLANE('',#9067);
#9067 = AXIS2_PLACEMENT_3D('',#9068,#9069,#9070);
#9068 = CARTESIAN_POINT('',(150.,293.,248.));
#9069 = DIRECTION('',(1.,0.,0.));
#9070 = DIRECTION('',(0.,0.,1.));
#9071 = ADVANCED_FACE('',(#9072),#9088,.F.);
#9072 = FACE_BOUND('',#9073,.F.);
#9073 = EDGE_LOOP('',(#9074,#9080,#9081,#9087));
#9074 = ORIENTED_EDGE('',*,*,#9075,.F.);
#9075 = EDGE_CURVE('',#8996,#9036,#9076,.T.);
#9076 = LINE('',#9077,#9078);
#9077 = CARTESIAN_POINT('',(145.,293.,248.));
#9078 = VECTOR('',#9079,1.);
#9079 = DIRECTION('',(1.,0.,0.));
#9080 = ORIENTED_EDGE('',*,*,#8995,.T.);
#9081 = ORIENTED_EDGE('',*,*,#9082,.T.);
#9082 = EDGE_CURVE('',#8998,#9038,#9083,.T.);
#9083 = LINE('',#9084,#9085);
#9084 = CARTESIAN_POINT('',(145.,293.,260.));
#9085 = VECTOR('',#9086,1.);
#9086 = DIRECTION('',(1.,0.,0.));
#9087 = ORIENTED_EDGE('',*,*,#9035,.F.);
#9088 = PLANE('',#9089);
#9089 = AXIS2_PLACEMENT_3D('',#9090,#9091,#9092);
#9090 = CARTESIAN_POINT('',(145.,293.,248.));
#9091 = DIRECTION('',(0.,1.,0.));
#9092 = DIRECTION('',(0.,0.,1.));
#9093 = ADVANCED_FACE('',(#9094),#9110,.T.);
#9094 = FACE_BOUND('',#9095,.T.);
#9095 = EDGE_LOOP('',(#9096,#9102,#9103,#9109));
#9096 = ORIENTED_EDGE('',*,*,#9097,.F.);
#9097 = EDGE_CURVE('',#9006,#9046,#9098,.T.);
#9098 = LINE('',#9099,#9100);
#9099 = CARTESIAN_POINT('',(145.,357.,248.));
#9100 = VECTOR('',#9101,1.);
#9101 = DIRECTION('',(1.,0.,0.));
#9102 = ORIENTED_EDGE('',*,*,#9013,.T.);
#9103 = ORIENTED_EDGE('',*,*,#9104,.T.);
#9104 = EDGE_CURVE('',#9014,#9054,#9105,.T.);
#9105 = LINE('',#9106,#9107);
#9106 = CARTESIAN_POINT('',(145.,357.,260.));
#9107 = VECTOR('',#9108,1.);
#9108 = DIRECTION('',(1.,0.,0.));
#9109 = ORIENTED_EDGE('',*,*,#9053,.F.);
#9110 = PLANE('',#9111);
#9111 = AXIS2_PLACEMENT_3D('',#9112,#9113,#9114);
#9112 = CARTESIAN_POINT('',(145.,357.,248.));
#9113 = DIRECTION('',(0.,1.,0.));
#9114 = DIRECTION('',(0.,0.,1.));
#9115 = ADVANCED_FACE('',(#9116),#9122,.F.);
#9116 = FACE_BOUND('',#9117,.F.);
#9117 = EDGE_LOOP('',(#9118,#9119,#9120,#9121));
#9118 = ORIENTED_EDGE('',*,*,#9005,.F.);
#9119 = ORIENTED_EDGE('',*,*,#9075,.T.);
#9120 = ORIENTED_EDGE('',*,*,#9045,.T.);
#9121 = ORIENTED_EDGE('',*,*,#9097,.F.);
#9122 = PLANE('',#9123);
#9123 = AXIS2_PLACEMENT_3D('',#9124,#9125,#9126);
#9124 = CARTESIAN_POINT('',(145.,293.,248.));
#9125 = DIRECTION('',(0.,0.,1.));
#9126 = DIRECTION('',(1.,0.,0.));
#9127 = ADVANCED_FACE('',(#9128),#9134,.T.);
#9128 = FACE_BOUND('',#9129,.T.);
#9129 = EDGE_LOOP('',(#9130,#9131,#9132,#9133));
#9130 = ORIENTED_EDGE('',*,*,#9021,.F.);
#9131 = ORIENTED_EDGE('',*,*,#9082,.T.);
#9132 = ORIENTED_EDGE('',*,*,#9061,.T.);
#9133 = ORIENTED_EDGE('',*,*,#9104,.F.);
#9134 = PLANE('',#9135);
#9135 = AXIS2_PLACEMENT_3D('',#9136,#9137,#9138);
#9136 = CARTESIAN_POINT('',(145.,293.,260.));
#9137 = DIRECTION('',(0.,0.,1.));
#9138 = DIRECTION('',(1.,0.,0.));
#9139 = MANIFOLD_SOLID_BREP('',#9140);
#9140 = CLOSED_SHELL('',(#9141,#9181,#9221,#9243,#9265,#9277));
#9141 = ADVANCED_FACE('',(#9142),#9176,.F.);
#9142 = FACE_BOUND('',#9143,.F.);
#9143 = EDGE_LOOP('',(#9144,#9154,#9162,#9170));
#9144 = ORIENTED_EDGE('',*,*,#9145,.F.);
#9145 = EDGE_CURVE('',#9146,#9148,#9150,.T.);
#9146 = VERTEX_POINT('',#9147);
#9147 = CARTESIAN_POINT('',(95.,293.,248.));
#9148 = VERTEX_POINT('',#9149);
#9149 = CARTESIAN_POINT('',(95.,293.,260.));
#9150 = LINE('',#9151,#9152);
#9151 = CARTESIAN_POINT('',(95.,293.,248.));
#9152 = VECTOR('',#9153,1.);
#9153 = DIRECTION('',(0.,0.,1.));
#9154 = ORIENTED_EDGE('',*,*,#9155,.T.);
#9155 = EDGE_CURVE('',#9146,#9156,#9158,.T.);
#9156 = VERTEX_POINT('',#9157);
#9157 = CARTESIAN_POINT('',(95.,298.,248.));
#9158 = LINE('',#9159,#9160);
#9159 = CARTESIAN_POINT('',(95.,293.,248.));
#9160 = VECTOR('',#9161,1.);
#9161 = DIRECTION('',(0.,1.,0.));
#9162 = ORIENTED_EDGE('',*,*,#9163,.T.);
#9163 = EDGE_CURVE('',#9156,#9164,#9166,.T.);
#9164 = VERTEX_POINT('',#9165);
#9165 = CARTESIAN_POINT('',(95.,298.,260.));
#9166 = LINE('',#9167,#9168);
#9167 = CARTESIAN_POINT('',(95.,298.,248.));
#9168 = VECTOR('',#9169,1.);
#9169 = DIRECTION('',(0.,0.,1.));
#9170 = ORIENTED_EDGE('',*,*,#9171,.F.);
#9171 = EDGE_CURVE('',#9148,#9164,#9172,.T.);
#9172 = LINE('',#9173,#9174);
#9173 = CARTESIAN_POINT('',(95.,293.,260.));
#9174 = VECTOR('',#9175,1.);
#9175 = DIRECTION('',(0.,1.,0.));
#9176 = PLANE('',#9177);
#9177 = AXIS2_PLACEMENT_3D('',#9178,#9179,#9180);
#9178 = CARTESIAN_POINT('',(95.,293.,248.));
#9179 = DIRECTION('',(1.,0.,0.));
#9180 = DIRECTION('',(0.,0.,1.));
#9181 = ADVANCED_FACE('',(#9182),#9216,.T.);
#9182 = FACE_BOUND('',#9183,.T.);
#9183 = EDGE_LOOP('',(#9184,#9194,#9202,#9210));
#9184 = ORIENTED_EDGE('',*,*,#9185,.F.);
#9185 = EDGE_CURVE('',#9186,#9188,#9190,.T.);
#9186 = VERTEX_POINT('',#9187);
#9187 = CARTESIAN_POINT('',(108.,293.,248.));
#9188 = VERTEX_POINT('',#9189);
#9189 = CARTESIAN_POINT('',(108.,293.,260.));
#9190 = LINE('',#9191,#9192);
#9191 = CARTESIAN_POINT('',(108.,293.,248.));
#9192 = VECTOR('',#9193,1.);
#9193 = DIRECTION('',(0.,0.,1.));
#9194 = ORIENTED_EDGE('',*,*,#9195,.T.);
#9195 = EDGE_CURVE('',#9186,#9196,#9198,.T.);
#9196 = VERTEX_POINT('',#9197);
#9197 = CARTESIAN_POINT('',(108.,298.,248.));
#9198 = LINE('',#9199,#9200);
#9199 = CARTESIAN_POINT('',(108.,293.,248.));
#9200 = VECTOR('',#9201,1.);
#9201 = DIRECTION('',(0.,1.,0.));
#9202 = ORIENTED_EDGE('',*,*,#9203,.T.);
#9203 = EDGE_CURVE('',#9196,#9204,#9206,.T.);
#9204 = VERTEX_POINT('',#9205);
#9205 = CARTESIAN_POINT('',(108.,298.,260.));
#9206 = LINE('',#9207,#9208);
#9207 = CARTESIAN_POINT('',(108.,298.,248.));
#9208 = VECTOR('',#9209,1.);
#9209 = DIRECTION('',(0.,0.,1.));
#9210 = ORIENTED_EDGE('',*,*,#9211,.F.);
#9211 = EDGE_CURVE('',#9188,#9204,#9212,.T.);
#9212 = LINE('',#9213,#9214);
#9213 = CARTESIAN_POINT('',(108.,293.,260.));
#9214 = VECTOR('',#9215,1.);
#9215 = DIRECTION('',(0.,1.,0.));
#9216 = PLANE('',#9217);
#9217 = AXIS2_PLACEMENT_3D('',#9218,#9219,#9220);
#9218 = CARTESIAN_POINT('',(108.,293.,248.));
#9219 = DIRECTION('',(1.,0.,0.));
#9220 = DIRECTION('',(0.,0.,1.));
#9221 = ADVANCED_FACE('',(#9222),#9238,.F.);
#9222 = FACE_BOUND('',#9223,.F.);
#9223 = EDGE_LOOP('',(#9224,#9230,#9231,#9237));
#9224 = ORIENTED_EDGE('',*,*,#9225,.F.);
#9225 = EDGE_CURVE('',#9146,#9186,#9226,.T.);
#9226 = LINE('',#9227,#9228);
#9227 = CARTESIAN_POINT('',(95.,293.,248.));
#9228 = VECTOR('',#9229,1.);
#9229 = DIRECTION('',(1.,0.,0.));
#9230 = ORIENTED_EDGE('',*,*,#9145,.T.);
#9231 = ORIENTED_EDGE('',*,*,#9232,.T.);
#9232 = EDGE_CURVE('',#9148,#9188,#9233,.T.);
#9233 = LINE('',#9234,#9235);
#9234 = CARTESIAN_POINT('',(95.,293.,260.));
#9235 = VECTOR('',#9236,1.);
#9236 = DIRECTION('',(1.,0.,0.));
#9237 = ORIENTED_EDGE('',*,*,#9185,.F.);
#9238 = PLANE('',#9239);
#9239 = AXIS2_PLACEMENT_3D('',#9240,#9241,#9242);
#9240 = CARTESIAN_POINT('',(95.,293.,248.));
#9241 = DIRECTION('',(0.,1.,0.));
#9242 = DIRECTION('',(0.,0.,1.));
#9243 = ADVANCED_FACE('',(#9244),#9260,.T.);
#9244 = FACE_BOUND('',#9245,.T.);
#9245 = EDGE_LOOP('',(#9246,#9252,#9253,#9259));
#9246 = ORIENTED_EDGE('',*,*,#9247,.F.);
#9247 = EDGE_CURVE('',#9156,#9196,#9248,.T.);
#9248 = LINE('',#9249,#9250);
#9249 = CARTESIAN_POINT('',(95.,298.,248.));
#9250 = VECTOR('',#9251,1.);
#9251 = DIRECTION('',(1.,0.,0.));
#9252 = ORIENTED_EDGE('',*,*,#9163,.T.);
#9253 = ORIENTED_EDGE('',*,*,#9254,.T.);
#9254 = EDGE_CURVE('',#9164,#9204,#9255,.T.);
#9255 = LINE('',#9256,#9257);
#9256 = CARTESIAN_POINT('',(95.,298.,260.));
#9257 = VECTOR('',#9258,1.);
#9258 = DIRECTION('',(1.,0.,0.));
#9259 = ORIENTED_EDGE('',*,*,#9203,.F.);
#9260 = PLANE('',#9261);
#9261 = AXIS2_PLACEMENT_3D('',#9262,#9263,#9264);
#9262 = CARTESIAN_POINT('',(95.,298.,248.));
#9263 = DIRECTION('',(0.,1.,0.));
#9264 = DIRECTION('',(0.,0.,1.));
#9265 = ADVANCED_FACE('',(#9266),#9272,.F.);
#9266 = FACE_BOUND('',#9267,.F.);
#9267 = EDGE_LOOP('',(#9268,#9269,#9270,#9271));
#9268 = ORIENTED_EDGE('',*,*,#9155,.F.);
#9269 = ORIENTED_EDGE('',*,*,#9225,.T.);
#9270 = ORIENTED_EDGE('',*,*,#9195,.T.);
#9271 = ORIENTED_EDGE('',*,*,#9247,.F.);
#9272 = PLANE('',#9273);
#9273 = AXIS2_PLACEMENT_3D('',#9274,#9275,#9276);
#9274 = CARTESIAN_POINT('',(95.,293.,248.));
#9275 = DIRECTION('',(0.,0.,1.));
#9276 = DIRECTION('',(1.,0.,0.));
#9277 = ADVANCED_FACE('',(#9278),#9284,.T.);
#9278 = FACE_BOUND('',#9279,.T.);
#9279 = EDGE_LOOP('',(#9280,#9281,#9282,#9283));
#9280 = ORIENTED_EDGE('',*,*,#9171,.F.);
#9281 = ORIENTED_EDGE('',*,*,#9232,.T.);
#9282 = ORIENTED_EDGE('',*,*,#9211,.T.);
#9283 = ORIENTED_EDGE('',*,*,#9254,.F.);
#9284 = PLANE('',#9285);
#9285 = AXIS2_PLACEMENT_3D('',#9286,#9287,#9288);
#9286 = CARTESIAN_POINT('',(95.,293.,260.));
#9287 = DIRECTION('',(0.,0.,1.));
#9288 = DIRECTION('',(1.,0.,0.));
#9289 = MANIFOLD_SOLID_BREP('',#9290);
#9290 = CLOSED_SHELL('',(#9291,#9331,#9371,#9393,#9415,#9427));
#9291 = ADVANCED_FACE('',(#9292),#9326,.F.);
#9292 = FACE_BOUND('',#9293,.F.);
#9293 = EDGE_LOOP('',(#9294,#9304,#9312,#9320));
#9294 = ORIENTED_EDGE('',*,*,#9295,.F.);
#9295 = EDGE_CURVE('',#9296,#9298,#9300,.T.);
#9296 = VERTEX_POINT('',#9297);
#9297 = CARTESIAN_POINT('',(132.,293.,248.));
#9298 = VERTEX_POINT('',#9299);
#9299 = CARTESIAN_POINT('',(132.,293.,260.));
#9300 = LINE('',#9301,#9302);
#9301 = CARTESIAN_POINT('',(132.,293.,248.));
#9302 = VECTOR('',#9303,1.);
#9303 = DIRECTION('',(0.,0.,1.));
#9304 = ORIENTED_EDGE('',*,*,#9305,.T.);
#9305 = EDGE_CURVE('',#9296,#9306,#9308,.T.);
#9306 = VERTEX_POINT('',#9307);
#9307 = CARTESIAN_POINT('',(132.,298.,248.));
#9308 = LINE('',#9309,#9310);
#9309 = CARTESIAN_POINT('',(132.,293.,248.));
#9310 = VECTOR('',#9311,1.);
#9311 = DIRECTION('',(0.,1.,0.));
#9312 = ORIENTED_EDGE('',*,*,#9313,.T.);
#9313 = EDGE_CURVE('',#9306,#9314,#9316,.T.);
#9314 = VERTEX_POINT('',#9315);
#9315 = CARTESIAN_POINT('',(132.,298.,260.));
#9316 = LINE('',#9317,#9318);
#9317 = CARTESIAN_POINT('',(132.,298.,248.));
#9318 = VECTOR('',#9319,1.);
#9319 = DIRECTION('',(0.,0.,1.));
#9320 = ORIENTED_EDGE('',*,*,#9321,.F.);
#9321 = EDGE_CURVE('',#9298,#9314,#9322,.T.);
#9322 = LINE('',#9323,#9324);
#9323 = CARTESIAN_POINT('',(132.,293.,260.));
#9324 = VECTOR('',#9325,1.);
#9325 = DIRECTION('',(0.,1.,0.));
#9326 = PLANE('',#9327);
#9327 = AXIS2_PLACEMENT_3D('',#9328,#9329,#9330);
#9328 = CARTESIAN_POINT('',(132.,293.,248.));
#9329 = DIRECTION('',(1.,0.,0.));
#9330 = DIRECTION('',(0.,0.,1.));
#9331 = ADVANCED_FACE('',(#9332),#9366,.T.);
#9332 = FACE_BOUND('',#9333,.T.);
#9333 = EDGE_LOOP('',(#9334,#9344,#9352,#9360));
#9334 = ORIENTED_EDGE('',*,*,#9335,.F.);
#9335 = EDGE_CURVE('',#9336,#9338,#9340,.T.);
#9336 = VERTEX_POINT('',#9337);
#9337 = CARTESIAN_POINT('',(145.,293.,248.));
#9338 = VERTEX_POINT('',#9339);
#9339 = CARTESIAN_POINT('',(145.,293.,260.));
#9340 = LINE('',#9341,#9342);
#9341 = CARTESIAN_POINT('',(145.,293.,248.));
#9342 = VECTOR('',#9343,1.);
#9343 = DIRECTION('',(0.,0.,1.));
#9344 = ORIENTED_EDGE('',*,*,#9345,.T.);
#9345 = EDGE_CURVE('',#9336,#9346,#9348,.T.);
#9346 = VERTEX_POINT('',#9347);
#9347 = CARTESIAN_POINT('',(145.,298.,248.));
#9348 = LINE('',#9349,#9350);
#9349 = CARTESIAN_POINT('',(145.,293.,248.));
#9350 = VECTOR('',#9351,1.);
#9351 = DIRECTION('',(0.,1.,0.));
#9352 = ORIENTED_EDGE('',*,*,#9353,.T.);
#9353 = EDGE_CURVE('',#9346,#9354,#9356,.T.);
#9354 = VERTEX_POINT('',#9355);
#9355 = CARTESIAN_POINT('',(145.,298.,260.));
#9356 = LINE('',#9357,#9358);
#9357 = CARTESIAN_POINT('',(145.,298.,248.));
#9358 = VECTOR('',#9359,1.);
#9359 = DIRECTION('',(0.,0.,1.));
#9360 = ORIENTED_EDGE('',*,*,#9361,.F.);
#9361 = EDGE_CURVE('',#9338,#9354,#9362,.T.);
#9362 = LINE('',#9363,#9364);
#9363 = CARTESIAN_POINT('',(145.,293.,260.));
#9364 = VECTOR('',#9365,1.);
#9365 = DIRECTION('',(0.,1.,0.));
#9366 = PLANE('',#9367);
#9367 = AXIS2_PLACEMENT_3D('',#9368,#9369,#9370);
#9368 = CARTESIAN_POINT('',(145.,293.,248.));
#9369 = DIRECTION('',(1.,0.,0.));
#9370 = DIRECTION('',(0.,0.,1.));
#9371 = ADVANCED_FACE('',(#9372),#9388,.F.);
#9372 = FACE_BOUND('',#9373,.F.);
#9373 = EDGE_LOOP('',(#9374,#9380,#9381,#9387));
#9374 = ORIENTED_EDGE('',*,*,#9375,.F.);
#9375 = EDGE_CURVE('',#9296,#9336,#9376,.T.);
#9376 = LINE('',#9377,#9378);
#9377 = CARTESIAN_POINT('',(132.,293.,248.));
#9378 = VECTOR('',#9379,1.);
#9379 = DIRECTION('',(1.,0.,0.));
#9380 = ORIENTED_EDGE('',*,*,#9295,.T.);
#9381 = ORIENTED_EDGE('',*,*,#9382,.T.);
#9382 = EDGE_CURVE('',#9298,#9338,#9383,.T.);
#9383 = LINE('',#9384,#9385);
#9384 = CARTESIAN_POINT('',(132.,293.,260.));
#9385 = VECTOR('',#9386,1.);
#9386 = DIRECTION('',(1.,0.,0.));
#9387 = ORIENTED_EDGE('',*,*,#9335,.F.);
#9388 = PLANE('',#9389);
#9389 = AXIS2_PLACEMENT_3D('',#9390,#9391,#9392);
#9390 = CARTESIAN_POINT('',(132.,293.,248.));
#9391 = DIRECTION('',(0.,1.,0.));
#9392 = DIRECTION('',(0.,0.,1.));
#9393 = ADVANCED_FACE('',(#9394),#9410,.T.);
#9394 = FACE_BOUND('',#9395,.T.);
#9395 = EDGE_LOOP('',(#9396,#9402,#9403,#9409));
#9396 = ORIENTED_EDGE('',*,*,#9397,.F.);
#9397 = EDGE_CURVE('',#9306,#9346,#9398,.T.);
#9398 = LINE('',#9399,#9400);
#9399 = CARTESIAN_POINT('',(132.,298.,248.));
#9400 = VECTOR('',#9401,1.);
#9401 = DIRECTION('',(1.,0.,0.));
#9402 = ORIENTED_EDGE('',*,*,#9313,.T.);
#9403 = ORIENTED_EDGE('',*,*,#9404,.T.);
#9404 = EDGE_CURVE('',#9314,#9354,#9405,.T.);
#9405 = LINE('',#9406,#9407);
#9406 = CARTESIAN_POINT('',(132.,298.,260.));
#9407 = VECTOR('',#9408,1.);
#9408 = DIRECTION('',(1.,0.,0.));
#9409 = ORIENTED_EDGE('',*,*,#9353,.F.);
#9410 = PLANE('',#9411);
#9411 = AXIS2_PLACEMENT_3D('',#9412,#9413,#9414);
#9412 = CARTESIAN_POINT('',(132.,298.,248.));
#9413 = DIRECTION('',(0.,1.,0.));
#9414 = DIRECTION('',(0.,0.,1.));
#9415 = ADVANCED_FACE('',(#9416),#9422,.F.);
#9416 = FACE_BOUND('',#9417,.F.);
#9417 = EDGE_LOOP('',(#9418,#9419,#9420,#9421));
#9418 = ORIENTED_EDGE('',*,*,#9305,.F.);
#9419 = ORIENTED_EDGE('',*,*,#9375,.T.);
#9420 = ORIENTED_EDGE('',*,*,#9345,.T.);
#9421 = ORIENTED_EDGE('',*,*,#9397,.F.);
#9422 = PLANE('',#9423);
#9423 = AXIS2_PLACEMENT_3D('',#9424,#9425,#9426);
#9424 = CARTESIAN_POINT('',(132.,293.,248.));
#9425 = DIRECTION('',(0.,0.,1.));
#9426 = DIRECTION('',(1.,0.,0.));
#9427 = ADVANCED_FACE('',(#9428),#9434,.T.);
#9428 = FACE_BOUND('',#9429,.T.);
#9429 = EDGE_LOOP('',(#9430,#9431,#9432,#9433));
#9430 = ORIENTED_EDGE('',*,*,#9321,.F.);
#9431 = ORIENTED_EDGE('',*,*,#9382,.T.);
#9432 = ORIENTED_EDGE('',*,*,#9361,.T.);
#9433 = ORIENTED_EDGE('',*,*,#9404,.F.);
#9434 = PLANE('',#9435);
#9435 = AXIS2_PLACEMENT_3D('',#9436,#9437,#9438);
#9436 = CARTESIAN_POINT('',(132.,293.,260.));
#9437 = DIRECTION('',(0.,0.,1.));
#9438 = DIRECTION('',(1.,0.,0.));
#9439 = MANIFOLD_SOLID_BREP('',#9440);
#9440 = CLOSED_SHELL('',(#9441,#9481,#9521,#9543,#9565,#9577));
#9441 = ADVANCED_FACE('',(#9442),#9476,.F.);
#9442 = FACE_BOUND('',#9443,.F.);
#9443 = EDGE_LOOP('',(#9444,#9454,#9462,#9470));
#9444 = ORIENTED_EDGE('',*,*,#9445,.F.);
#9445 = EDGE_CURVE('',#9446,#9448,#9450,.T.);
#9446 = VERTEX_POINT('',#9447);
#9447 = CARTESIAN_POINT('',(95.,352.,248.));
#9448 = VERTEX_POINT('',#9449);
#9449 = CARTESIAN_POINT('',(95.,352.,260.));
#9450 = LINE('',#9451,#9452);
#9451 = CARTESIAN_POINT('',(95.,352.,248.));
#9452 = VECTOR('',#9453,1.);
#9453 = DIRECTION('',(0.,0.,1.));
#9454 = ORIENTED_EDGE('',*,*,#9455,.T.);
#9455 = EDGE_CURVE('',#9446,#9456,#9458,.T.);
#9456 = VERTEX_POINT('',#9457);
#9457 = CARTESIAN_POINT('',(95.,357.,248.));
#9458 = LINE('',#9459,#9460);
#9459 = CARTESIAN_POINT('',(95.,352.,248.));
#9460 = VECTOR('',#9461,1.);
#9461 = DIRECTION('',(0.,1.,0.));
#9462 = ORIENTED_EDGE('',*,*,#9463,.T.);
#9463 = EDGE_CURVE('',#9456,#9464,#9466,.T.);
#9464 = VERTEX_POINT('',#9465);
#9465 = CARTESIAN_POINT('',(95.,357.,260.));
#9466 = LINE('',#9467,#9468);
#9467 = CARTESIAN_POINT('',(95.,357.,248.));
#9468 = VECTOR('',#9469,1.);
#9469 = DIRECTION('',(0.,0.,1.));
#9470 = ORIENTED_EDGE('',*,*,#9471,.F.);
#9471 = EDGE_CURVE('',#9448,#9464,#9472,.T.);
#9472 = LINE('',#9473,#9474);
#9473 = CARTESIAN_POINT('',(95.,352.,260.));
#9474 = VECTOR('',#9475,1.);
#9475 = DIRECTION('',(0.,1.,0.));
#9476 = PLANE('',#9477);
#9477 = AXIS2_PLACEMENT_3D('',#9478,#9479,#9480);
#9478 = CARTESIAN_POINT('',(95.,352.,248.));
#9479 = DIRECTION('',(1.,0.,0.));
#9480 = DIRECTION('',(0.,0.,1.));
#9481 = ADVANCED_FACE('',(#9482),#9516,.T.);
#9482 = FACE_BOUND('',#9483,.T.);
#9483 = EDGE_LOOP('',(#9484,#9494,#9502,#9510));
#9484 = ORIENTED_EDGE('',*,*,#9485,.F.);
#9485 = EDGE_CURVE('',#9486,#9488,#9490,.T.);
#9486 = VERTEX_POINT('',#9487);
#9487 = CARTESIAN_POINT('',(145.,352.,248.));
#9488 = VERTEX_POINT('',#9489);
#9489 = CARTESIAN_POINT('',(145.,352.,260.));
#9490 = LINE('',#9491,#9492);
#9491 = CARTESIAN_POINT('',(145.,352.,248.));
#9492 = VECTOR('',#9493,1.);
#9493 = DIRECTION('',(0.,0.,1.));
#9494 = ORIENTED_EDGE('',*,*,#9495,.T.);
#9495 = EDGE_CURVE('',#9486,#9496,#9498,.T.);
#9496 = VERTEX_POINT('',#9497);
#9497 = CARTESIAN_POINT('',(145.,357.,248.));
#9498 = LINE('',#9499,#9500);
#9499 = CARTESIAN_POINT('',(145.,352.,248.));
#9500 = VECTOR('',#9501,1.);
#9501 = DIRECTION('',(0.,1.,0.));
#9502 = ORIENTED_EDGE('',*,*,#9503,.T.);
#9503 = EDGE_CURVE('',#9496,#9504,#9506,.T.);
#9504 = VERTEX_POINT('',#9505);
#9505 = CARTESIAN_POINT('',(145.,357.,260.));
#9506 = LINE('',#9507,#9508);
#9507 = CARTESIAN_POINT('',(145.,357.,248.));
#9508 = VECTOR('',#9509,1.);
#9509 = DIRECTION('',(0.,0.,1.));
#9510 = ORIENTED_EDGE('',*,*,#9511,.F.);
#9511 = EDGE_CURVE('',#9488,#9504,#9512,.T.);
#9512 = LINE('',#9513,#9514);
#9513 = CARTESIAN_POINT('',(145.,352.,260.));
#9514 = VECTOR('',#9515,1.);
#9515 = DIRECTION('',(0.,1.,0.));
#9516 = PLANE('',#9517);
#9517 = AXIS2_PLACEMENT_3D('',#9518,#9519,#9520);
#9518 = CARTESIAN_POINT('',(145.,352.,248.));
#9519 = DIRECTION('',(1.,0.,0.));
#9520 = DIRECTION('',(0.,0.,1.));
#9521 = ADVANCED_FACE('',(#9522),#9538,.F.);
#9522 = FACE_BOUND('',#9523,.F.);
#9523 = EDGE_LOOP('',(#9524,#9530,#9531,#9537));
#9524 = ORIENTED_EDGE('',*,*,#9525,.F.);
#9525 = EDGE_CURVE('',#9446,#9486,#9526,.T.);
#9526 = LINE('',#9527,#9528);
#9527 = CARTESIAN_POINT('',(95.,352.,248.));
#9528 = VECTOR('',#9529,1.);
#9529 = DIRECTION('',(1.,0.,0.));
#9530 = ORIENTED_EDGE('',*,*,#9445,.T.);
#9531 = ORIENTED_EDGE('',*,*,#9532,.T.);
#9532 = EDGE_CURVE('',#9448,#9488,#9533,.T.);
#9533 = LINE('',#9534,#9535);
#9534 = CARTESIAN_POINT('',(95.,352.,260.));
#9535 = VECTOR('',#9536,1.);
#9536 = DIRECTION('',(1.,0.,0.));
#9537 = ORIENTED_EDGE('',*,*,#9485,.F.);
#9538 = PLANE('',#9539);
#9539 = AXIS2_PLACEMENT_3D('',#9540,#9541,#9542);
#9540 = CARTESIAN_POINT('',(95.,352.,248.));
#9541 = DIRECTION('',(0.,1.,0.));
#9542 = DIRECTION('',(0.,0.,1.));
#9543 = ADVANCED_FACE('',(#9544),#9560,.T.);
#9544 = FACE_BOUND('',#9545,.T.);
#9545 = EDGE_LOOP('',(#9546,#9552,#9553,#9559));
#9546 = ORIENTED_EDGE('',*,*,#9547,.F.);
#9547 = EDGE_CURVE('',#9456,#9496,#9548,.T.);
#9548 = LINE('',#9549,#9550);
#9549 = CARTESIAN_POINT('',(95.,357.,248.));
#9550 = VECTOR('',#9551,1.);
#9551 = DIRECTION('',(1.,0.,0.));
#9552 = ORIENTED_EDGE('',*,*,#9463,.T.);
#9553 = ORIENTED_EDGE('',*,*,#9554,.T.);
#9554 = EDGE_CURVE('',#9464,#9504,#9555,.T.);
#9555 = LINE('',#9556,#9557);
#9556 = CARTESIAN_POINT('',(95.,357.,260.));
#9557 = VECTOR('',#9558,1.);
#9558 = DIRECTION('',(1.,0.,0.));
#9559 = ORIENTED_EDGE('',*,*,#9503,.F.);
#9560 = PLANE('',#9561);
#9561 = AXIS2_PLACEMENT_3D('',#9562,#9563,#9564);
#9562 = CARTESIAN_POINT('',(95.,357.,248.));
#9563 = DIRECTION('',(0.,1.,0.));
#9564 = DIRECTION('',(0.,0.,1.));
#9565 = ADVANCED_FACE('',(#9566),#9572,.F.);
#9566 = FACE_BOUND('',#9567,.F.);
#9567 = EDGE_LOOP('',(#9568,#9569,#9570,#9571));
#9568 = ORIENTED_EDGE('',*,*,#9455,.F.);
#9569 = ORIENTED_EDGE('',*,*,#9525,.T.);
#9570 = ORIENTED_EDGE('',*,*,#9495,.T.);
#9571 = ORIENTED_EDGE('',*,*,#9547,.F.);
#9572 = PLANE('',#9573);
#9573 = AXIS2_PLACEMENT_3D('',#9574,#9575,#9576);
#9574 = CARTESIAN_POINT('',(95.,352.,248.));
#9575 = DIRECTION('',(0.,0.,1.));
#9576 = DIRECTION('',(1.,0.,0.));
#9577 = ADVANCED_FACE('',(#9578),#9584,.T.);
#9578 = FACE_BOUND('',#9579,.T.);
#9579 = EDGE_LOOP('',(#9580,#9581,#9582,#9583));
#9580 = ORIENTED_EDGE('',*,*,#9471,.F.);
#9581 = ORIENTED_EDGE('',*,*,#9532,.T.);
#9582 = ORIENTED_EDGE('',*,*,#9511,.T.);
#9583 = ORIENTED_EDGE('',*,*,#9554,.F.);
#9584 = PLANE('',#9585);
#9585 = AXIS2_PLACEMENT_3D('',#9586,#9587,#9588);
#9586 = CARTESIAN_POINT('',(95.,352.,260.));
#9587 = DIRECTION('',(0.,0.,1.));
#9588 = DIRECTION('',(1.,0.,0.));
#9589 = MANIFOLD_SOLID_BREP('',#9590);
#9590 = CLOSED_SHELL('',(#9591,#9624,#9633));
#9591 = ADVANCED_FACE('',(#9592),#9619,.T.);
#9592 = FACE_BOUND('',#9593,.T.);
#9593 = EDGE_LOOP('',(#9594,#9603,#9611,#9618));
#9594 = ORIENTED_EDGE('',*,*,#9595,.F.);
#9595 = EDGE_CURVE('',#9596,#9596,#9598,.T.);
#9596 = VERTEX_POINT('',#9597);
#9597 = CARTESIAN_POINT('',(142.5,325.,264.));
#9598 = CIRCLE('',#9599,22.5);
#9599 = AXIS2_PLACEMENT_3D('',#9600,#9601,#9602);
#9600 = CARTESIAN_POINT('',(120.,325.,264.));
#9601 = DIRECTION('',(0.,0.,1.));
#9602 = DIRECTION('',(1.,0.,0.));
#9603 = ORIENTED_EDGE('',*,*,#9604,.F.);
#9604 = EDGE_CURVE('',#9605,#9596,#9607,.T.);
#9605 = VERTEX_POINT('',#9606);
#9606 = CARTESIAN_POINT('',(142.5,325.,248.));
#9607 = LINE('',#9608,#9609);
#9608 = CARTESIAN_POINT('',(142.5,325.,248.));
#9609 = VECTOR('',#9610,1.);
#9610 = DIRECTION('',(0.,0.,1.));
#9611 = ORIENTED_EDGE('',*,*,#9612,.T.);
#9612 = EDGE_CURVE('',#9605,#9605,#9613,.T.);
#9613 = CIRCLE('',#9614,22.5);
#9614 = AXIS2_PLACEMENT_3D('',#9615,#9616,#9617);
#9615 = CARTESIAN_POINT('',(120.,325.,248.));
#9616 = DIRECTION('',(0.,0.,1.));
#9617 = DIRECTION('',(1.,0.,0.));
#9618 = ORIENTED_EDGE('',*,*,#9604,.T.);
#9619 = CYLINDRICAL_SURFACE('',#9620,22.5);
#9620 = AXIS2_PLACEMENT_3D('',#9621,#9622,#9623);
#9621 = CARTESIAN_POINT('',(120.,325.,248.));
#9622 = DIRECTION('',(0.,0.,1.));
#9623 = DIRECTION('',(1.,0.,0.));
#9624 = ADVANCED_FACE('',(#9625),#9628,.T.);
#9625 = FACE_BOUND('',#9626,.T.);
#9626 = EDGE_LOOP('',(#9627));
#9627 = ORIENTED_EDGE('',*,*,#9595,.T.);
#9628 = PLANE('',#9629);
#9629 = AXIS2_PLACEMENT_3D('',#9630,#9631,#9632);
#9630 = CARTESIAN_POINT('',(120.,325.,264.));
#9631 = DIRECTION('',(0.,0.,1.));
#9632 = DIRECTION('',(1.,0.,0.));
#9633 = ADVANCED_FACE('',(#9634),#9637,.F.);
#9634 = FACE_BOUND('',#9635,.T.);
#9635 = EDGE_LOOP('',(#9636));
#9636 = ORIENTED_EDGE('',*,*,#9612,.F.);
#9637 = PLANE('',#9638);
#9638 = AXIS2_PLACEMENT_3D('',#9639,#9640,#9641);
#9639 = CARTESIAN_POINT('',(120.,325.,248.));
#9640 = DIRECTION('',(0.,0.,1.));
#9641 = DIRECTION('',(1.,0.,0.));
#9642 = MANIFOLD_SOLID_BREP('',#9643);
#9643 = CLOSED_SHELL('',(#9644,#9677,#9686));
#9644 = ADVANCED_FACE('',(#9645),#9672,.T.);
#9645 = FACE_BOUND('',#9646,.T.);
#9646 = EDGE_LOOP('',(#9647,#9656,#9664,#9671));
#9647 = ORIENTED_EDGE('',*,*,#9648,.F.);
#9648 = EDGE_CURVE('',#9649,#9649,#9651,.T.);
#9649 = VERTEX_POINT('',#9650);
#9650 = CARTESIAN_POINT('',(142.5,325.,268.));
#9651 = CIRCLE('',#9652,22.5);
#9652 = AXIS2_PLACEMENT_3D('',#9653,#9654,#9655);
#9653 = CARTESIAN_POINT('',(120.,325.,268.));
#9654 = DIRECTION('',(0.,0.,1.));
#9655 = DIRECTION('',(1.,0.,0.));
#9656 = ORIENTED_EDGE('',*,*,#9657,.F.);
#9657 = EDGE_CURVE('',#9658,#9649,#9660,.T.);
#9658 = VERTEX_POINT('',#9659);
#9659 = CARTESIAN_POINT('',(142.5,325.,264.));
#9660 = LINE('',#9661,#9662);
#9661 = CARTESIAN_POINT('',(142.5,325.,264.));
#9662 = VECTOR('',#9663,1.);
#9663 = DIRECTION('',(0.,0.,1.));
#9664 = ORIENTED_EDGE('',*,*,#9665,.T.);
#9665 = EDGE_CURVE('',#9658,#9658,#9666,.T.);
#9666 = CIRCLE('',#9667,22.5);
#9667 = AXIS2_PLACEMENT_3D('',#9668,#9669,#9670);
#9668 = CARTESIAN_POINT('',(120.,325.,264.));
#9669 = DIRECTION('',(0.,0.,1.));
#9670 = DIRECTION('',(1.,0.,0.));
#9671 = ORIENTED_EDGE('',*,*,#9657,.T.);
#9672 = CYLINDRICAL_SURFACE('',#9673,22.5);
#9673 = AXIS2_PLACEMENT_3D('',#9674,#9675,#9676);
#9674 = CARTESIAN_POINT('',(120.,325.,264.));
#9675 = DIRECTION('',(0.,0.,1.));
#9676 = DIRECTION('',(1.,0.,0.));
#9677 = ADVANCED_FACE('',(#9678),#9681,.T.);
#9678 = FACE_BOUND('',#9679,.T.);
#9679 = EDGE_LOOP('',(#9680));
#9680 = ORIENTED_EDGE('',*,*,#9648,.T.);
#9681 = PLANE('',#9682);
#9682 = AXIS2_PLACEMENT_3D('',#9683,#9684,#9685);
#9683 = CARTESIAN_POINT('',(120.,325.,268.));
#9684 = DIRECTION('',(0.,0.,1.));
#9685 = DIRECTION('',(1.,0.,0.));
#9686 = ADVANCED_FACE('',(#9687),#9690,.F.);
#9687 = FACE_BOUND('',#9688,.T.);
#9688 = EDGE_LOOP('',(#9689));
#9689 = ORIENTED_EDGE('',*,*,#9665,.F.);
#9690 = PLANE('',#9691);
#9691 = AXIS2_PLACEMENT_3D('',#9692,#9693,#9694);
#9692 = CARTESIAN_POINT('',(120.,325.,264.));
#9693 = DIRECTION('',(0.,0.,1.));
#9694 = DIRECTION('',(1.,0.,0.));
#9695 = MANIFOLD_SOLID_BREP('',#9696);
#9696 = CLOSED_SHELL('',(#9697,#9737,#9777,#9799,#9821,#9833));
#9697 = ADVANCED_FACE('',(#9698),#9732,.F.);
#9698 = FACE_BOUND('',#9699,.F.);
#9699 = EDGE_LOOP('',(#9700,#9710,#9718,#9726));
#9700 = ORIENTED_EDGE('',*,*,#9701,.F.);
#9701 = EDGE_CURVE('',#9702,#9704,#9706,.T.);
#9702 = VERTEX_POINT('',#9703);
#9703 = CARTESIAN_POINT('',(210.,293.,240.));
#9704 = VERTEX_POINT('',#9705);
#9705 = CARTESIAN_POINT('',(210.,293.,248.));
#9706 = LINE('',#9707,#9708);
#9707 = CARTESIAN_POINT('',(210.,293.,240.));
#9708 = VECTOR('',#9709,1.);
#9709 = DIRECTION('',(0.,0.,1.));
#9710 = ORIENTED_EDGE('',*,*,#9711,.T.);
#9711 = EDGE_CURVE('',#9702,#9712,#9714,.T.);
#9712 = VERTEX_POINT('',#9713);
#9713 = CARTESIAN_POINT('',(210.,357.,240.));
#9714 = LINE('',#9715,#9716);
#9715 = CARTESIAN_POINT('',(210.,293.,240.));
#9716 = VECTOR('',#9717,1.);
#9717 = DIRECTION('',(0.,1.,0.));
#9718 = ORIENTED_EDGE('',*,*,#9719,.T.);
#9719 = EDGE_CURVE('',#9712,#9720,#9722,.T.);
#9720 = VERTEX_POINT('',#9721);
#9721 = CARTESIAN_POINT('',(210.,357.,248.));
#9722 = LINE('',#9723,#9724);
#9723 = CARTESIAN_POINT('',(210.,357.,240.));
#9724 = VECTOR('',#9725,1.);
#9725 = DIRECTION('',(0.,0.,1.));
#9726 = ORIENTED_EDGE('',*,*,#9727,.F.);
#9727 = EDGE_CURVE('',#9704,#9720,#9728,.T.);
#9728 = LINE('',#9729,#9730);
#9729 = CARTESIAN_POINT('',(210.,293.,248.));
#9730 = VECTOR('',#9731,1.);
#9731 = DIRECTION('',(0.,1.,0.));
#9732 = PLANE('',#9733);
#9733 = AXIS2_PLACEMENT_3D('',#9734,#9735,#9736);
#9734 = CARTESIAN_POINT('',(210.,293.,240.));
#9735 = DIRECTION('',(1.,0.,0.));
#9736 = DIRECTION('',(0.,0.,1.));
#9737 = ADVANCED_FACE('',(#9738),#9772,.T.);
#9738 = FACE_BOUND('',#9739,.T.);
#9739 = EDGE_LOOP('',(#9740,#9750,#9758,#9766));
#9740 = ORIENTED_EDGE('',*,*,#9741,.F.);
#9741 = EDGE_CURVE('',#9742,#9744,#9746,.T.);
#9742 = VERTEX_POINT('',#9743);
#9743 = CARTESIAN_POINT('',(270.,293.,240.));
#9744 = VERTEX_POINT('',#9745);
#9745 = CARTESIAN_POINT('',(270.,293.,248.));
#9746 = LINE('',#9747,#9748);
#9747 = CARTESIAN_POINT('',(270.,293.,240.));
#9748 = VECTOR('',#9749,1.);
#9749 = DIRECTION('',(0.,0.,1.));
#9750 = ORIENTED_EDGE('',*,*,#9751,.T.);
#9751 = EDGE_CURVE('',#9742,#9752,#9754,.T.);
#9752 = VERTEX_POINT('',#9753);
#9753 = CARTESIAN_POINT('',(270.,357.,240.));
#9754 = LINE('',#9755,#9756);
#9755 = CARTESIAN_POINT('',(270.,293.,240.));
#9756 = VECTOR('',#9757,1.);
#9757 = DIRECTION('',(0.,1.,0.));
#9758 = ORIENTED_EDGE('',*,*,#9759,.T.);
#9759 = EDGE_CURVE('',#9752,#9760,#9762,.T.);
#9760 = VERTEX_POINT('',#9761);
#9761 = CARTESIAN_POINT('',(270.,357.,248.));
#9762 = LINE('',#9763,#9764);
#9763 = CARTESIAN_POINT('',(270.,357.,240.));
#9764 = VECTOR('',#9765,1.);
#9765 = DIRECTION('',(0.,0.,1.));
#9766 = ORIENTED_EDGE('',*,*,#9767,.F.);
#9767 = EDGE_CURVE('',#9744,#9760,#9768,.T.);
#9768 = LINE('',#9769,#9770);
#9769 = CARTESIAN_POINT('',(270.,293.,248.));
#9770 = VECTOR('',#9771,1.);
#9771 = DIRECTION('',(0.,1.,0.));
#9772 = PLANE('',#9773);
#9773 = AXIS2_PLACEMENT_3D('',#9774,#9775,#9776);
#9774 = CARTESIAN_POINT('',(270.,293.,240.));
#9775 = DIRECTION('',(1.,0.,0.));
#9776 = DIRECTION('',(0.,0.,1.));
#9777 = ADVANCED_FACE('',(#9778),#9794,.F.);
#9778 = FACE_BOUND('',#9779,.F.);
#9779 = EDGE_LOOP('',(#9780,#9786,#9787,#9793));
#9780 = ORIENTED_EDGE('',*,*,#9781,.F.);
#9781 = EDGE_CURVE('',#9702,#9742,#9782,.T.);
#9782 = LINE('',#9783,#9784);
#9783 = CARTESIAN_POINT('',(210.,293.,240.));
#9784 = VECTOR('',#9785,1.);
#9785 = DIRECTION('',(1.,0.,0.));
#9786 = ORIENTED_EDGE('',*,*,#9701,.T.);
#9787 = ORIENTED_EDGE('',*,*,#9788,.T.);
#9788 = EDGE_CURVE('',#9704,#9744,#9789,.T.);
#9789 = LINE('',#9790,#9791);
#9790 = CARTESIAN_POINT('',(210.,293.,248.));
#9791 = VECTOR('',#9792,1.);
#9792 = DIRECTION('',(1.,0.,0.));
#9793 = ORIENTED_EDGE('',*,*,#9741,.F.);
#9794 = PLANE('',#9795);
#9795 = AXIS2_PLACEMENT_3D('',#9796,#9797,#9798);
#9796 = CARTESIAN_POINT('',(210.,293.,240.));
#9797 = DIRECTION('',(0.,1.,0.));
#9798 = DIRECTION('',(0.,0.,1.));
#9799 = ADVANCED_FACE('',(#9800),#9816,.T.);
#9800 = FACE_BOUND('',#9801,.T.);
#9801 = EDGE_LOOP('',(#9802,#9808,#9809,#9815));
#9802 = ORIENTED_EDGE('',*,*,#9803,.F.);
#9803 = EDGE_CURVE('',#9712,#9752,#9804,.T.);
#9804 = LINE('',#9805,#9806);
#9805 = CARTESIAN_POINT('',(210.,357.,240.));
#9806 = VECTOR('',#9807,1.);
#9807 = DIRECTION('',(1.,0.,0.));
#9808 = ORIENTED_EDGE('',*,*,#9719,.T.);
#9809 = ORIENTED_EDGE('',*,*,#9810,.T.);
#9810 = EDGE_CURVE('',#9720,#9760,#9811,.T.);
#9811 = LINE('',#9812,#9813);
#9812 = CARTESIAN_POINT('',(210.,357.,248.));
#9813 = VECTOR('',#9814,1.);
#9814 = DIRECTION('',(1.,0.,0.));
#9815 = ORIENTED_EDGE('',*,*,#9759,.F.);
#9816 = PLANE('',#9817);
#9817 = AXIS2_PLACEMENT_3D('',#9818,#9819,#9820);
#9818 = CARTESIAN_POINT('',(210.,357.,240.));
#9819 = DIRECTION('',(0.,1.,0.));
#9820 = DIRECTION('',(0.,0.,1.));
#9821 = ADVANCED_FACE('',(#9822),#9828,.F.);
#9822 = FACE_BOUND('',#9823,.F.);
#9823 = EDGE_LOOP('',(#9824,#9825,#9826,#9827));
#9824 = ORIENTED_EDGE('',*,*,#9711,.F.);
#9825 = ORIENTED_EDGE('',*,*,#9781,.T.);
#9826 = ORIENTED_EDGE('',*,*,#9751,.T.);
#9827 = ORIENTED_EDGE('',*,*,#9803,.F.);
#9828 = PLANE('',#9829);
#9829 = AXIS2_PLACEMENT_3D('',#9830,#9831,#9832);
#9830 = CARTESIAN_POINT('',(210.,293.,240.));
#9831 = DIRECTION('',(0.,0.,1.));
#9832 = DIRECTION('',(1.,0.,0.));
#9833 = ADVANCED_FACE('',(#9834),#9840,.T.);
#9834 = FACE_BOUND('',#9835,.T.);
#9835 = EDGE_LOOP('',(#9836,#9837,#9838,#9839));
#9836 = ORIENTED_EDGE('',*,*,#9727,.F.);
#9837 = ORIENTED_EDGE('',*,*,#9788,.T.);
#9838 = ORIENTED_EDGE('',*,*,#9767,.T.);
#9839 = ORIENTED_EDGE('',*,*,#9810,.F.);
#9840 = PLANE('',#9841);
#9841 = AXIS2_PLACEMENT_3D('',#9842,#9843,#9844);
#9842 = CARTESIAN_POINT('',(210.,293.,248.));
#9843 = DIRECTION('',(0.,0.,1.));
#9844 = DIRECTION('',(1.,0.,0.));
#9845 = MANIFOLD_SOLID_BREP('',#9846);
#9846 = CLOSED_SHELL('',(#9847,#9887,#9927,#9949,#9971,#9983));
#9847 = ADVANCED_FACE('',(#9848),#9882,.F.);
#9848 = FACE_BOUND('',#9849,.F.);
#9849 = EDGE_LOOP('',(#9850,#9860,#9868,#9876));
#9850 = ORIENTED_EDGE('',*,*,#9851,.F.);
#9851 = EDGE_CURVE('',#9852,#9854,#9856,.T.);
#9852 = VERTEX_POINT('',#9853);
#9853 = CARTESIAN_POINT('',(210.,293.,248.));
#9854 = VERTEX_POINT('',#9855);
#9855 = CARTESIAN_POINT('',(210.,293.,260.));
#9856 = LINE('',#9857,#9858);
#9857 = CARTESIAN_POINT('',(210.,293.,248.));
#9858 = VECTOR('',#9859,1.);
#9859 = DIRECTION('',(0.,0.,1.));
#9860 = ORIENTED_EDGE('',*,*,#9861,.T.);
#9861 = EDGE_CURVE('',#9852,#9862,#9864,.T.);
#9862 = VERTEX_POINT('',#9863);
#9863 = CARTESIAN_POINT('',(210.,357.,248.));
#9864 = LINE('',#9865,#9866);
#9865 = CARTESIAN_POINT('',(210.,293.,248.));
#9866 = VECTOR('',#9867,1.);
#9867 = DIRECTION('',(0.,1.,0.));
#9868 = ORIENTED_EDGE('',*,*,#9869,.T.);
#9869 = EDGE_CURVE('',#9862,#9870,#9872,.T.);
#9870 = VERTEX_POINT('',#9871);
#9871 = CARTESIAN_POINT('',(210.,357.,260.));
#9872 = LINE('',#9873,#9874);
#9873 = CARTESIAN_POINT('',(210.,357.,248.));
#9874 = VECTOR('',#9875,1.);
#9875 = DIRECTION('',(0.,0.,1.));
#9876 = ORIENTED_EDGE('',*,*,#9877,.F.);
#9877 = EDGE_CURVE('',#9854,#9870,#9878,.T.);
#9878 = LINE('',#9879,#9880);
#9879 = CARTESIAN_POINT('',(210.,293.,260.));
#9880 = VECTOR('',#9881,1.);
#9881 = DIRECTION('',(0.,1.,0.));
#9882 = PLANE('',#9883);
#9883 = AXIS2_PLACEMENT_3D('',#9884,#9885,#9886);
#9884 = CARTESIAN_POINT('',(210.,293.,248.));
#9885 = DIRECTION('',(1.,0.,0.));
#9886 = DIRECTION('',(0.,0.,1.));
#9887 = ADVANCED_FACE('',(#9888),#9922,.T.);
#9888 = FACE_BOUND('',#9889,.T.);
#9889 = EDGE_LOOP('',(#9890,#9900,#9908,#9916));
#9890 = ORIENTED_EDGE('',*,*,#9891,.F.);
#9891 = EDGE_CURVE('',#9892,#9894,#9896,.T.);
#9892 = VERTEX_POINT('',#9893);
#9893 = CARTESIAN_POINT('',(215.,293.,248.));
#9894 = VERTEX_POINT('',#9895);
#9895 = CARTESIAN_POINT('',(215.,293.,260.));
#9896 = LINE('',#9897,#9898);
#9897 = CARTESIAN_POINT('',(215.,293.,248.));
#9898 = VECTOR('',#9899,1.);
#9899 = DIRECTION('',(0.,0.,1.));
#9900 = ORIENTED_EDGE('',*,*,#9901,.T.);
#9901 = EDGE_CURVE('',#9892,#9902,#9904,.T.);
#9902 = VERTEX_POINT('',#9903);
#9903 = CARTESIAN_POINT('',(215.,357.,248.));
#9904 = LINE('',#9905,#9906);
#9905 = CARTESIAN_POINT('',(215.,293.,248.));
#9906 = VECTOR('',#9907,1.);
#9907 = DIRECTION('',(0.,1.,0.));
#9908 = ORIENTED_EDGE('',*,*,#9909,.T.);
#9909 = EDGE_CURVE('',#9902,#9910,#9912,.T.);
#9910 = VERTEX_POINT('',#9911);
#9911 = CARTESIAN_POINT('',(215.,357.,260.));
#9912 = LINE('',#9913,#9914);
#9913 = CARTESIAN_POINT('',(215.,357.,248.));
#9914 = VECTOR('',#9915,1.);
#9915 = DIRECTION('',(0.,0.,1.));
#9916 = ORIENTED_EDGE('',*,*,#9917,.F.);
#9917 = EDGE_CURVE('',#9894,#9910,#9918,.T.);
#9918 = LINE('',#9919,#9920);
#9919 = CARTESIAN_POINT('',(215.,293.,260.));
#9920 = VECTOR('',#9921,1.);
#9921 = DIRECTION('',(0.,1.,0.));
#9922 = PLANE('',#9923);
#9923 = AXIS2_PLACEMENT_3D('',#9924,#9925,#9926);
#9924 = CARTESIAN_POINT('',(215.,293.,248.));
#9925 = DIRECTION('',(1.,0.,0.));
#9926 = DIRECTION('',(0.,0.,1.));
#9927 = ADVANCED_FACE('',(#9928),#9944,.F.);
#9928 = FACE_BOUND('',#9929,.F.);
#9929 = EDGE_LOOP('',(#9930,#9936,#9937,#9943));
#9930 = ORIENTED_EDGE('',*,*,#9931,.F.);
#9931 = EDGE_CURVE('',#9852,#9892,#9932,.T.);
#9932 = LINE('',#9933,#9934);
#9933 = CARTESIAN_POINT('',(210.,293.,248.));
#9934 = VECTOR('',#9935,1.);
#9935 = DIRECTION('',(1.,0.,0.));
#9936 = ORIENTED_EDGE('',*,*,#9851,.T.);
#9937 = ORIENTED_EDGE('',*,*,#9938,.T.);
#9938 = EDGE_CURVE('',#9854,#9894,#9939,.T.);
#9939 = LINE('',#9940,#9941);
#9940 = CARTESIAN_POINT('',(210.,293.,260.));
#9941 = VECTOR('',#9942,1.);
#9942 = DIRECTION('',(1.,0.,0.));
#9943 = ORIENTED_EDGE('',*,*,#9891,.F.);
#9944 = PLANE('',#9945);
#9945 = AXIS2_PLACEMENT_3D('',#9946,#9947,#9948);
#9946 = CARTESIAN_POINT('',(210.,293.,248.));
#9947 = DIRECTION('',(0.,1.,0.));
#9948 = DIRECTION('',(0.,0.,1.));
#9949 = ADVANCED_FACE('',(#9950),#9966,.T.);
#9950 = FACE_BOUND('',#9951,.T.);
#9951 = EDGE_LOOP('',(#9952,#9958,#9959,#9965));
#9952 = ORIENTED_EDGE('',*,*,#9953,.F.);
#9953 = EDGE_CURVE('',#9862,#9902,#9954,.T.);
#9954 = LINE('',#9955,#9956);
#9955 = CARTESIAN_POINT('',(210.,357.,248.));
#9956 = VECTOR('',#9957,1.);
#9957 = DIRECTION('',(1.,0.,0.));
#9958 = ORIENTED_EDGE('',*,*,#9869,.T.);
#9959 = ORIENTED_EDGE('',*,*,#9960,.T.);
#9960 = EDGE_CURVE('',#9870,#9910,#9961,.T.);
#9961 = LINE('',#9962,#9963);
#9962 = CARTESIAN_POINT('',(210.,357.,260.));
#9963 = VECTOR('',#9964,1.);
#9964 = DIRECTION('',(1.,0.,0.));
#9965 = ORIENTED_EDGE('',*,*,#9909,.F.);
#9966 = PLANE('',#9967);
#9967 = AXIS2_PLACEMENT_3D('',#9968,#9969,#9970);
#9968 = CARTESIAN_POINT('',(210.,357.,248.));
#9969 = DIRECTION('',(0.,1.,0.));
#9970 = DIRECTION('',(0.,0.,1.));
#9971 = ADVANCED_FACE('',(#9972),#9978,.F.);
#9972 = FACE_BOUND('',#9973,.F.);
#9973 = EDGE_LOOP('',(#9974,#9975,#9976,#9977));
#9974 = ORIENTED_EDGE('',*,*,#9861,.F.);
#9975 = ORIENTED_EDGE('',*,*,#9931,.T.);
#9976 = ORIENTED_EDGE('',*,*,#9901,.T.);
#9977 = ORIENTED_EDGE('',*,*,#9953,.F.);
#9978 = PLANE('',#9979);
#9979 = AXIS2_PLACEMENT_3D('',#9980,#9981,#9982);
#9980 = CARTESIAN_POINT('',(210.,293.,248.));
#9981 = DIRECTION('',(0.,0.,1.));
#9982 = DIRECTION('',(1.,0.,0.));
#9983 = ADVANCED_FACE('',(#9984),#9990,.T.);
#9984 = FACE_BOUND('',#9985,.T.);
#9985 = EDGE_LOOP('',(#9986,#9987,#9988,#9989));
#9986 = ORIENTED_EDGE('',*,*,#9877,.F.);
#9987 = ORIENTED_EDGE('',*,*,#9938,.T.);
#9988 = ORIENTED_EDGE('',*,*,#9917,.T.);
#9989 = ORIENTED_EDGE('',*,*,#9960,.F.);
#9990 = PLANE('',#9991);
#9991 = AXIS2_PLACEMENT_3D('',#9992,#9993,#9994);
#9992 = CARTESIAN_POINT('',(210.,293.,260.));
#9993 = DIRECTION('',(0.,0.,1.));
#9994 = DIRECTION('',(1.,0.,0.));
#9995 = MANIFOLD_SOLID_BREP('',#9996);
#9996 = CLOSED_SHELL('',(#9997,#10037,#10077,#10099,#10121,#10133));
#9997 = ADVANCED_FACE('',(#9998),#10032,.F.);
#9998 = FACE_BOUND('',#9999,.F.);
#9999 = EDGE_LOOP('',(#10000,#10010,#10018,#10026));
#10000 = ORIENTED_EDGE('',*,*,#10001,.F.);
#10001 = EDGE_CURVE('',#10002,#10004,#10006,.T.);
#10002 = VERTEX_POINT('',#10003);
#10003 = CARTESIAN_POINT('',(265.,293.,248.));
#10004 = VERTEX_POINT('',#10005);
#10005 = CARTESIAN_POINT('',(265.,293.,260.));
#10006 = LINE('',#10007,#10008);
#10007 = CARTESIAN_POINT('',(265.,293.,248.));
#10008 = VECTOR('',#10009,1.);
#10009 = DIRECTION('',(0.,0.,1.));
#10010 = ORIENTED_EDGE('',*,*,#10011,.T.);
#10011 = EDGE_CURVE('',#10002,#10012,#10014,.T.);
#10012 = VERTEX_POINT('',#10013);
#10013 = CARTESIAN_POINT('',(265.,357.,248.));
#10014 = LINE('',#10015,#10016);
#10015 = CARTESIAN_POINT('',(265.,293.,248.));
#10016 = VECTOR('',#10017,1.);
#10017 = DIRECTION('',(0.,1.,0.));
#10018 = ORIENTED_EDGE('',*,*,#10019,.T.);
#10019 = EDGE_CURVE('',#10012,#10020,#10022,.T.);
#10020 = VERTEX_POINT('',#10021);
#10021 = CARTESIAN_POINT('',(265.,357.,260.));
#10022 = LINE('',#10023,#10024);
#10023 = CARTESIAN_POINT('',(265.,357.,248.));
#10024 = VECTOR('',#10025,1.);
#10025 = DIRECTION('',(0.,0.,1.));
#10026 = ORIENTED_EDGE('',*,*,#10027,.F.);
#10027 = EDGE_CURVE('',#10004,#10020,#10028,.T.);
#10028 = LINE('',#10029,#10030);
#10029 = CARTESIAN_POINT('',(265.,293.,260.));
#10030 = VECTOR('',#10031,1.);
#10031 = DIRECTION('',(0.,1.,0.));
#10032 = PLANE('',#10033);
#10033 = AXIS2_PLACEMENT_3D('',#10034,#10035,#10036);
#10034 = CARTESIAN_POINT('',(265.,293.,248.));
#10035 = DIRECTION('',(1.,0.,0.));
#10036 = DIRECTION('',(0.,0.,1.));
#10037 = ADVANCED_FACE('',(#10038),#10072,.T.);
#10038 = FACE_BOUND('',#10039,.T.);
#10039 = EDGE_LOOP('',(#10040,#10050,#10058,#10066));
#10040 = ORIENTED_EDGE('',*,*,#10041,.F.);
#10041 = EDGE_CURVE('',#10042,#10044,#10046,.T.);
#10042 = VERTEX_POINT('',#10043);
#10043 = CARTESIAN_POINT('',(270.,293.,248.));
#10044 = VERTEX_POINT('',#10045);
#10045 = CARTESIAN_POINT('',(270.,293.,260.));
#10046 = LINE('',#10047,#10048);
#10047 = CARTESIAN_POINT('',(270.,293.,248.));
#10048 = VECTOR('',#10049,1.);
#10049 = DIRECTION('',(0.,0.,1.));
#10050 = ORIENTED_EDGE('',*,*,#10051,.T.);
#10051 = EDGE_CURVE('',#10042,#10052,#10054,.T.);
#10052 = VERTEX_POINT('',#10053);
#10053 = CARTESIAN_POINT('',(270.,357.,248.));
#10054 = LINE('',#10055,#10056);
#10055 = CARTESIAN_POINT('',(270.,293.,248.));
#10056 = VECTOR('',#10057,1.);
#10057 = DIRECTION('',(0.,1.,0.));
#10058 = ORIENTED_EDGE('',*,*,#10059,.T.);
#10059 = EDGE_CURVE('',#10052,#10060,#10062,.T.);
#10060 = VERTEX_POINT('',#10061);
#10061 = CARTESIAN_POINT('',(270.,357.,260.));
#10062 = LINE('',#10063,#10064);
#10063 = CARTESIAN_POINT('',(270.,357.,248.));
#10064 = VECTOR('',#10065,1.);
#10065 = DIRECTION('',(0.,0.,1.));
#10066 = ORIENTED_EDGE('',*,*,#10067,.F.);
#10067 = EDGE_CURVE('',#10044,#10060,#10068,.T.);
#10068 = LINE('',#10069,#10070);
#10069 = CARTESIAN_POINT('',(270.,293.,260.));
#10070 = VECTOR('',#10071,1.);
#10071 = DIRECTION('',(0.,1.,0.));
#10072 = PLANE('',#10073);
#10073 = AXIS2_PLACEMENT_3D('',#10074,#10075,#10076);
#10074 = CARTESIAN_POINT('',(270.,293.,248.));
#10075 = DIRECTION('',(1.,0.,0.));
#10076 = DIRECTION('',(0.,0.,1.));
#10077 = ADVANCED_FACE('',(#10078),#10094,.F.);
#10078 = FACE_BOUND('',#10079,.F.);
#10079 = EDGE_LOOP('',(#10080,#10086,#10087,#10093));
#10080 = ORIENTED_EDGE('',*,*,#10081,.F.);
#10081 = EDGE_CURVE('',#10002,#10042,#10082,.T.);
#10082 = LINE('',#10083,#10084);
#10083 = CARTESIAN_POINT('',(265.,293.,248.));
#10084 = VECTOR('',#10085,1.);
#10085 = DIRECTION('',(1.,0.,0.));
#10086 = ORIENTED_EDGE('',*,*,#10001,.T.);
#10087 = ORIENTED_EDGE('',*,*,#10088,.T.);
#10088 = EDGE_CURVE('',#10004,#10044,#10089,.T.);
#10089 = LINE('',#10090,#10091);
#10090 = CARTESIAN_POINT('',(265.,293.,260.));
#10091 = VECTOR('',#10092,1.);
#10092 = DIRECTION('',(1.,0.,0.));
#10093 = ORIENTED_EDGE('',*,*,#10041,.F.);
#10094 = PLANE('',#10095);
#10095 = AXIS2_PLACEMENT_3D('',#10096,#10097,#10098);
#10096 = CARTESIAN_POINT('',(265.,293.,248.));
#10097 = DIRECTION('',(0.,1.,0.));
#10098 = DIRECTION('',(0.,0.,1.));
#10099 = ADVANCED_FACE('',(#10100),#10116,.T.);
#10100 = FACE_BOUND('',#10101,.T.);
#10101 = EDGE_LOOP('',(#10102,#10108,#10109,#10115));
#10102 = ORIENTED_EDGE('',*,*,#10103,.F.);
#10103 = EDGE_CURVE('',#10012,#10052,#10104,.T.);
#10104 = LINE('',#10105,#10106);
#10105 = CARTESIAN_POINT('',(265.,357.,248.));
#10106 = VECTOR('',#10107,1.);
#10107 = DIRECTION('',(1.,0.,0.));
#10108 = ORIENTED_EDGE('',*,*,#10019,.T.);
#10109 = ORIENTED_EDGE('',*,*,#10110,.T.);
#10110 = EDGE_CURVE('',#10020,#10060,#10111,.T.);
#10111 = LINE('',#10112,#10113);
#10112 = CARTESIAN_POINT('',(265.,357.,260.));
#10113 = VECTOR('',#10114,1.);
#10114 = DIRECTION('',(1.,0.,0.));
#10115 = ORIENTED_EDGE('',*,*,#10059,.F.);
#10116 = PLANE('',#10117);
#10117 = AXIS2_PLACEMENT_3D('',#10118,#10119,#10120);
#10118 = CARTESIAN_POINT('',(265.,357.,248.));
#10119 = DIRECTION('',(0.,1.,0.));
#10120 = DIRECTION('',(0.,0.,1.));
#10121 = ADVANCED_FACE('',(#10122),#10128,.F.);
#10122 = FACE_BOUND('',#10123,.F.);
#10123 = EDGE_LOOP('',(#10124,#10125,#10126,#10127));
#10124 = ORIENTED_EDGE('',*,*,#10011,.F.);
#10125 = ORIENTED_EDGE('',*,*,#10081,.T.);
#10126 = ORIENTED_EDGE('',*,*,#10051,.T.);
#10127 = ORIENTED_EDGE('',*,*,#10103,.F.);
#10128 = PLANE('',#10129);
#10129 = AXIS2_PLACEMENT_3D('',#10130,#10131,#10132);
#10130 = CARTESIAN_POINT('',(265.,293.,248.));
#10131 = DIRECTION('',(0.,0.,1.));
#10132 = DIRECTION('',(1.,0.,0.));
#10133 = ADVANCED_FACE('',(#10134),#10140,.T.);
#10134 = FACE_BOUND('',#10135,.T.);
#10135 = EDGE_LOOP('',(#10136,#10137,#10138,#10139));
#10136 = ORIENTED_EDGE('',*,*,#10027,.F.);
#10137 = ORIENTED_EDGE('',*,*,#10088,.T.);
#10138 = ORIENTED_EDGE('',*,*,#10067,.T.);
#10139 = ORIENTED_EDGE('',*,*,#10110,.F.);
#10140 = PLANE('',#10141);
#10141 = AXIS2_PLACEMENT_3D('',#10142,#10143,#10144);
#10142 = CARTESIAN_POINT('',(265.,293.,260.));
#10143 = DIRECTION('',(0.,0.,1.));
#10144 = DIRECTION('',(1.,0.,0.));
#10145 = MANIFOLD_SOLID_BREP('',#10146);
#10146 = CLOSED_SHELL('',(#10147,#10187,#10227,#10249,#10271,#10283));
#10147 = ADVANCED_FACE('',(#10148),#10182,.F.);
#10148 = FACE_BOUND('',#10149,.F.);
#10149 = EDGE_LOOP('',(#10150,#10160,#10168,#10176));
#10150 = ORIENTED_EDGE('',*,*,#10151,.F.);
#10151 = EDGE_CURVE('',#10152,#10154,#10156,.T.);
#10152 = VERTEX_POINT('',#10153);
#10153 = CARTESIAN_POINT('',(215.,293.,248.));
#10154 = VERTEX_POINT('',#10155);
#10155 = CARTESIAN_POINT('',(215.,293.,260.));
#10156 = LINE('',#10157,#10158);
#10157 = CARTESIAN_POINT('',(215.,293.,248.));
#10158 = VECTOR('',#10159,1.);
#10159 = DIRECTION('',(0.,0.,1.));
#10160 = ORIENTED_EDGE('',*,*,#10161,.T.);
#10161 = EDGE_CURVE('',#10152,#10162,#10164,.T.);
#10162 = VERTEX_POINT('',#10163);
#10163 = CARTESIAN_POINT('',(215.,298.,248.));
#10164 = LINE('',#10165,#10166);
#10165 = CARTESIAN_POINT('',(215.,293.,248.));
#10166 = VECTOR('',#10167,1.);
#10167 = DIRECTION('',(0.,1.,0.));
#10168 = ORIENTED_EDGE('',*,*,#10169,.T.);
#10169 = EDGE_CURVE('',#10162,#10170,#10172,.T.);
#10170 = VERTEX_POINT('',#10171);
#10171 = CARTESIAN_POINT('',(215.,298.,260.));
#10172 = LINE('',#10173,#10174);
#10173 = CARTESIAN_POINT('',(215.,298.,248.));
#10174 = VECTOR('',#10175,1.);
#10175 = DIRECTION('',(0.,0.,1.));
#10176 = ORIENTED_EDGE('',*,*,#10177,.F.);
#10177 = EDGE_CURVE('',#10154,#10170,#10178,.T.);
#10178 = LINE('',#10179,#10180);
#10179 = CARTESIAN_POINT('',(215.,293.,260.));
#10180 = VECTOR('',#10181,1.);
#10181 = DIRECTION('',(0.,1.,0.));
#10182 = PLANE('',#10183);
#10183 = AXIS2_PLACEMENT_3D('',#10184,#10185,#10186);
#10184 = CARTESIAN_POINT('',(215.,293.,248.));
#10185 = DIRECTION('',(1.,0.,0.));
#10186 = DIRECTION('',(0.,0.,1.));
#10187 = ADVANCED_FACE('',(#10188),#10222,.T.);
#10188 = FACE_BOUND('',#10189,.T.);
#10189 = EDGE_LOOP('',(#10190,#10200,#10208,#10216));
#10190 = ORIENTED_EDGE('',*,*,#10191,.F.);
#10191 = EDGE_CURVE('',#10192,#10194,#10196,.T.);
#10192 = VERTEX_POINT('',#10193);
#10193 = CARTESIAN_POINT('',(228.,293.,248.));
#10194 = VERTEX_POINT('',#10195);
#10195 = CARTESIAN_POINT('',(228.,293.,260.));
#10196 = LINE('',#10197,#10198);
#10197 = CARTESIAN_POINT('',(228.,293.,248.));
#10198 = VECTOR('',#10199,1.);
#10199 = DIRECTION('',(0.,0.,1.));
#10200 = ORIENTED_EDGE('',*,*,#10201,.T.);
#10201 = EDGE_CURVE('',#10192,#10202,#10204,.T.);
#10202 = VERTEX_POINT('',#10203);
#10203 = CARTESIAN_POINT('',(228.,298.,248.));
#10204 = LINE('',#10205,#10206);
#10205 = CARTESIAN_POINT('',(228.,293.,248.));
#10206 = VECTOR('',#10207,1.);
#10207 = DIRECTION('',(0.,1.,0.));
#10208 = ORIENTED_EDGE('',*,*,#10209,.T.);
#10209 = EDGE_CURVE('',#10202,#10210,#10212,.T.);
#10210 = VERTEX_POINT('',#10211);
#10211 = CARTESIAN_POINT('',(228.,298.,260.));
#10212 = LINE('',#10213,#10214);
#10213 = CARTESIAN_POINT('',(228.,298.,248.));
#10214 = VECTOR('',#10215,1.);
#10215 = DIRECTION('',(0.,0.,1.));
#10216 = ORIENTED_EDGE('',*,*,#10217,.F.);
#10217 = EDGE_CURVE('',#10194,#10210,#10218,.T.);
#10218 = LINE('',#10219,#10220);
#10219 = CARTESIAN_POINT('',(228.,293.,260.));
#10220 = VECTOR('',#10221,1.);
#10221 = DIRECTION('',(0.,1.,0.));
#10222 = PLANE('',#10223);
#10223 = AXIS2_PLACEMENT_3D('',#10224,#10225,#10226);
#10224 = CARTESIAN_POINT('',(228.,293.,248.));
#10225 = DIRECTION('',(1.,0.,0.));
#10226 = DIRECTION('',(0.,0.,1.));
#10227 = ADVANCED_FACE('',(#10228),#10244,.F.);
#10228 = FACE_BOUND('',#10229,.F.);
#10229 = EDGE_LOOP('',(#10230,#10236,#10237,#10243));
#10230 = ORIENTED_EDGE('',*,*,#10231,.F.);
#10231 = EDGE_CURVE('',#10152,#10192,#10232,.T.);
#10232 = LINE('',#10233,#10234);
#10233 = CARTESIAN_POINT('',(215.,293.,248.));
#10234 = VECTOR('',#10235,1.);
#10235 = DIRECTION('',(1.,0.,0.));
#10236 = ORIENTED_EDGE('',*,*,#10151,.T.);
#10237 = ORIENTED_EDGE('',*,*,#10238,.T.);
#10238 = EDGE_CURVE('',#10154,#10194,#10239,.T.);
#10239 = LINE('',#10240,#10241);
#10240 = CARTESIAN_POINT('',(215.,293.,260.));
#10241 = VECTOR('',#10242,1.);
#10242 = DIRECTION('',(1.,0.,0.));
#10243 = ORIENTED_EDGE('',*,*,#10191,.F.);
#10244 = PLANE('',#10245);
#10245 = AXIS2_PLACEMENT_3D('',#10246,#10247,#10248);
#10246 = CARTESIAN_POINT('',(215.,293.,248.));
#10247 = DIRECTION('',(0.,1.,0.));
#10248 = DIRECTION('',(0.,0.,1.));
#10249 = ADVANCED_FACE('',(#10250),#10266,.T.);
#10250 = FACE_BOUND('',#10251,.T.);
#10251 = EDGE_LOOP('',(#10252,#10258,#10259,#10265));
#10252 = ORIENTED_EDGE('',*,*,#10253,.F.);
#10253 = EDGE_CURVE('',#10162,#10202,#10254,.T.);
#10254 = LINE('',#10255,#10256);
#10255 = CARTESIAN_POINT('',(215.,298.,248.));
#10256 = VECTOR('',#10257,1.);
#10257 = DIRECTION('',(1.,0.,0.));
#10258 = ORIENTED_EDGE('',*,*,#10169,.T.);
#10259 = ORIENTED_EDGE('',*,*,#10260,.T.);
#10260 = EDGE_CURVE('',#10170,#10210,#10261,.T.);
#10261 = LINE('',#10262,#10263);
#10262 = CARTESIAN_POINT('',(215.,298.,260.));
#10263 = VECTOR('',#10264,1.);
#10264 = DIRECTION('',(1.,0.,0.));
#10265 = ORIENTED_EDGE('',*,*,#10209,.F.);
#10266 = PLANE('',#10267);
#10267 = AXIS2_PLACEMENT_3D('',#10268,#10269,#10270);
#10268 = CARTESIAN_POINT('',(215.,298.,248.));
#10269 = DIRECTION('',(0.,1.,0.));
#10270 = DIRECTION('',(0.,0.,1.));
#10271 = ADVANCED_FACE('',(#10272),#10278,.F.);
#10272 = FACE_BOUND('',#10273,.F.);
#10273 = EDGE_LOOP('',(#10274,#10275,#10276,#10277));
#10274 = ORIENTED_EDGE('',*,*,#10161,.F.);
#10275 = ORIENTED_EDGE('',*,*,#10231,.T.);
#10276 = ORIENTED_EDGE('',*,*,#10201,.T.);
#10277 = ORIENTED_EDGE('',*,*,#10253,.F.);
#10278 = PLANE('',#10279);
#10279 = AXIS2_PLACEMENT_3D('',#10280,#10281,#10282);
#10280 = CARTESIAN_POINT('',(215.,293.,248.));
#10281 = DIRECTION('',(0.,0.,1.));
#10282 = DIRECTION('',(1.,0.,0.));
#10283 = ADVANCED_FACE('',(#10284),#10290,.T.);
#10284 = FACE_BOUND('',#10285,.T.);
#10285 = EDGE_LOOP('',(#10286,#10287,#10288,#10289));
#10286 = ORIENTED_EDGE('',*,*,#10177,.F.);
#10287 = ORIENTED_EDGE('',*,*,#10238,.T.);
#10288 = ORIENTED_EDGE('',*,*,#10217,.T.);
#10289 = ORIENTED_EDGE('',*,*,#10260,.F.);
#10290 = PLANE('',#10291);
#10291 = AXIS2_PLACEMENT_3D('',#10292,#10293,#10294);
#10292 = CARTESIAN_POINT('',(215.,293.,260.));
#10293 = DIRECTION('',(0.,0.,1.));
#10294 = DIRECTION('',(1.,0.,0.));
#10295 = MANIFOLD_SOLID_BREP('',#10296);
#10296 = CLOSED_SHELL('',(#10297,#10337,#10377,#10399,#10421,#10433));
#10297 = ADVANCED_FACE('',(#10298),#10332,.F.);
#10298 = FACE_BOUND('',#10299,.F.);
#10299 = EDGE_LOOP('',(#10300,#10310,#10318,#10326));
#10300 = ORIENTED_EDGE('',*,*,#10301,.F.);
#10301 = EDGE_CURVE('',#10302,#10304,#10306,.T.);
#10302 = VERTEX_POINT('',#10303);
#10303 = CARTESIAN_POINT('',(252.,293.,248.));
#10304 = VERTEX_POINT('',#10305);
#10305 = CARTESIAN_POINT('',(252.,293.,260.));
#10306 = LINE('',#10307,#10308);
#10307 = CARTESIAN_POINT('',(252.,293.,248.));
#10308 = VECTOR('',#10309,1.);
#10309 = DIRECTION('',(0.,0.,1.));
#10310 = ORIENTED_EDGE('',*,*,#10311,.T.);
#10311 = EDGE_CURVE('',#10302,#10312,#10314,.T.);
#10312 = VERTEX_POINT('',#10313);
#10313 = CARTESIAN_POINT('',(252.,298.,248.));
#10314 = LINE('',#10315,#10316);
#10315 = CARTESIAN_POINT('',(252.,293.,248.));
#10316 = VECTOR('',#10317,1.);
#10317 = DIRECTION('',(0.,1.,0.));
#10318 = ORIENTED_EDGE('',*,*,#10319,.T.);
#10319 = EDGE_CURVE('',#10312,#10320,#10322,.T.);
#10320 = VERTEX_POINT('',#10321);
#10321 = CARTESIAN_POINT('',(252.,298.,260.));
#10322 = LINE('',#10323,#10324);
#10323 = CARTESIAN_POINT('',(252.,298.,248.));
#10324 = VECTOR('',#10325,1.);
#10325 = DIRECTION('',(0.,0.,1.));
#10326 = ORIENTED_EDGE('',*,*,#10327,.F.);
#10327 = EDGE_CURVE('',#10304,#10320,#10328,.T.);
#10328 = LINE('',#10329,#10330);
#10329 = CARTESIAN_POINT('',(252.,293.,260.));
#10330 = VECTOR('',#10331,1.);
#10331 = DIRECTION('',(0.,1.,0.));
#10332 = PLANE('',#10333);
#10333 = AXIS2_PLACEMENT_3D('',#10334,#10335,#10336);
#10334 = CARTESIAN_POINT('',(252.,293.,248.));
#10335 = DIRECTION('',(1.,0.,0.));
#10336 = DIRECTION('',(0.,0.,1.));
#10337 = ADVANCED_FACE('',(#10338),#10372,.T.);
#10338 = FACE_BOUND('',#10339,.T.);
#10339 = EDGE_LOOP('',(#10340,#10350,#10358,#10366));
#10340 = ORIENTED_EDGE('',*,*,#10341,.F.);
#10341 = EDGE_CURVE('',#10342,#10344,#10346,.T.);
#10342 = VERTEX_POINT('',#10343);
#10343 = CARTESIAN_POINT('',(265.,293.,248.));
#10344 = VERTEX_POINT('',#10345);
#10345 = CARTESIAN_POINT('',(265.,293.,260.));
#10346 = LINE('',#10347,#10348);
#10347 = CARTESIAN_POINT('',(265.,293.,248.));
#10348 = VECTOR('',#10349,1.);
#10349 = DIRECTION('',(0.,0.,1.));
#10350 = ORIENTED_EDGE('',*,*,#10351,.T.);
#10351 = EDGE_CURVE('',#10342,#10352,#10354,.T.);
#10352 = VERTEX_POINT('',#10353);
#10353 = CARTESIAN_POINT('',(265.,298.,248.));
#10354 = LINE('',#10355,#10356);
#10355 = CARTESIAN_POINT('',(265.,293.,248.));
#10356 = VECTOR('',#10357,1.);
#10357 = DIRECTION('',(0.,1.,0.));
#10358 = ORIENTED_EDGE('',*,*,#10359,.T.);
#10359 = EDGE_CURVE('',#10352,#10360,#10362,.T.);
#10360 = VERTEX_POINT('',#10361);
#10361 = CARTESIAN_POINT('',(265.,298.,260.));
#10362 = LINE('',#10363,#10364);
#10363 = CARTESIAN_POINT('',(265.,298.,248.));
#10364 = VECTOR('',#10365,1.);
#10365 = DIRECTION('',(0.,0.,1.));
#10366 = ORIENTED_EDGE('',*,*,#10367,.F.);
#10367 = EDGE_CURVE('',#10344,#10360,#10368,.T.);
#10368 = LINE('',#10369,#10370);
#10369 = CARTESIAN_POINT('',(265.,293.,260.));
#10370 = VECTOR('',#10371,1.);
#10371 = DIRECTION('',(0.,1.,0.));
#10372 = PLANE('',#10373);
#10373 = AXIS2_PLACEMENT_3D('',#10374,#10375,#10376);
#10374 = CARTESIAN_POINT('',(265.,293.,248.));
#10375 = DIRECTION('',(1.,0.,0.));
#10376 = DIRECTION('',(0.,0.,1.));
#10377 = ADVANCED_FACE('',(#10378),#10394,.F.);
#10378 = FACE_BOUND('',#10379,.F.);
#10379 = EDGE_LOOP('',(#10380,#10386,#10387,#10393));
#10380 = ORIENTED_EDGE('',*,*,#10381,.F.);
#10381 = EDGE_CURVE('',#10302,#10342,#10382,.T.);
#10382 = LINE('',#10383,#10384);
#10383 = CARTESIAN_POINT('',(252.,293.,248.));
#10384 = VECTOR('',#10385,1.);
#10385 = DIRECTION('',(1.,0.,0.));
#10386 = ORIENTED_EDGE('',*,*,#10301,.T.);
#10387 = ORIENTED_EDGE('',*,*,#10388,.T.);
#10388 = EDGE_CURVE('',#10304,#10344,#10389,.T.);
#10389 = LINE('',#10390,#10391);
#10390 = CARTESIAN_POINT('',(252.,293.,260.));
#10391 = VECTOR('',#10392,1.);
#10392 = DIRECTION('',(1.,0.,0.));
#10393 = ORIENTED_EDGE('',*,*,#10341,.F.);
#10394 = PLANE('',#10395);
#10395 = AXIS2_PLACEMENT_3D('',#10396,#10397,#10398);
#10396 = CARTESIAN_POINT('',(252.,293.,248.));
#10397 = DIRECTION('',(0.,1.,0.));
#10398 = DIRECTION('',(0.,0.,1.));
#10399 = ADVANCED_FACE('',(#10400),#10416,.T.);
#10400 = FACE_BOUND('',#10401,.T.);
#10401 = EDGE_LOOP('',(#10402,#10408,#10409,#10415));
#10402 = ORIENTED_EDGE('',*,*,#10403,.F.);
#10403 = EDGE_CURVE('',#10312,#10352,#10404,.T.);
#10404 = LINE('',#10405,#10406);
#10405 = CARTESIAN_POINT('',(252.,298.,248.));
#10406 = VECTOR('',#10407,1.);
#10407 = DIRECTION('',(1.,0.,0.));
#10408 = ORIENTED_EDGE('',*,*,#10319,.T.);
#10409 = ORIENTED_EDGE('',*,*,#10410,.T.);
#10410 = EDGE_CURVE('',#10320,#10360,#10411,.T.);
#10411 = LINE('',#10412,#10413);
#10412 = CARTESIAN_POINT('',(252.,298.,260.));
#10413 = VECTOR('',#10414,1.);
#10414 = DIRECTION('',(1.,0.,0.));
#10415 = ORIENTED_EDGE('',*,*,#10359,.F.);
#10416 = PLANE('',#10417);
#10417 = AXIS2_PLACEMENT_3D('',#10418,#10419,#10420);
#10418 = CARTESIAN_POINT('',(252.,298.,248.));
#10419 = DIRECTION('',(0.,1.,0.));
#10420 = DIRECTION('',(0.,0.,1.));
#10421 = ADVANCED_FACE('',(#10422),#10428,.F.);
#10422 = FACE_BOUND('',#10423,.F.);
#10423 = EDGE_LOOP('',(#10424,#10425,#10426,#10427));
#10424 = ORIENTED_EDGE('',*,*,#10311,.F.);
#10425 = ORIENTED_EDGE('',*,*,#10381,.T.);
#10426 = ORIENTED_EDGE('',*,*,#10351,.T.);
#10427 = ORIENTED_EDGE('',*,*,#10403,.F.);
#10428 = PLANE('',#10429);
#10429 = AXIS2_PLACEMENT_3D('',#10430,#10431,#10432);
#10430 = CARTESIAN_POINT('',(252.,293.,248.));
#10431 = DIRECTION('',(0.,0.,1.));
#10432 = DIRECTION('',(1.,0.,0.));
#10433 = ADVANCED_FACE('',(#10434),#10440,.T.);
#10434 = FACE_BOUND('',#10435,.T.);
#10435 = EDGE_LOOP('',(#10436,#10437,#10438,#10439));
#10436 = ORIENTED_EDGE('',*,*,#10327,.F.);
#10437 = ORIENTED_EDGE('',*,*,#10388,.T.);
#10438 = ORIENTED_EDGE('',*,*,#10367,.T.);
#10439 = ORIENTED_EDGE('',*,*,#10410,.F.);
#10440 = PLANE('',#10441);
#10441 = AXIS2_PLACEMENT_3D('',#10442,#10443,#10444);
#10442 = CARTESIAN_POINT('',(252.,293.,260.));
#10443 = DIRECTION('',(0.,0.,1.));
#10444 = DIRECTION('',(1.,0.,0.));
#10445 = MANIFOLD_SOLID_BREP('',#10446);
#10446 = CLOSED_SHELL('',(#10447,#10487,#10527,#10549,#10571,#10583));
#10447 = ADVANCED_FACE('',(#10448),#10482,.F.);
#10448 = FACE_BOUND('',#10449,.F.);
#10449 = EDGE_LOOP('',(#10450,#10460,#10468,#10476));
#10450 = ORIENTED_EDGE('',*,*,#10451,.F.);
#10451 = EDGE_CURVE('',#10452,#10454,#10456,.T.);
#10452 = VERTEX_POINT('',#10453);
#10453 = CARTESIAN_POINT('',(215.,352.,248.));
#10454 = VERTEX_POINT('',#10455);
#10455 = CARTESIAN_POINT('',(215.,352.,260.));
#10456 = LINE('',#10457,#10458);
#10457 = CARTESIAN_POINT('',(215.,352.,248.));
#10458 = VECTOR('',#10459,1.);
#10459 = DIRECTION('',(0.,0.,1.));
#10460 = ORIENTED_EDGE('',*,*,#10461,.T.);
#10461 = EDGE_CURVE('',#10452,#10462,#10464,.T.);
#10462 = VERTEX_POINT('',#10463);
#10463 = CARTESIAN_POINT('',(215.,357.,248.));
#10464 = LINE('',#10465,#10466);
#10465 = CARTESIAN_POINT('',(215.,352.,248.));
#10466 = VECTOR('',#10467,1.);
#10467 = DIRECTION('',(0.,1.,0.));
#10468 = ORIENTED_EDGE('',*,*,#10469,.T.);
#10469 = EDGE_CURVE('',#10462,#10470,#10472,.T.);
#10470 = VERTEX_POINT('',#10471);
#10471 = CARTESIAN_POINT('',(215.,357.,260.));
#10472 = LINE('',#10473,#10474);
#10473 = CARTESIAN_POINT('',(215.,357.,248.));
#10474 = VECTOR('',#10475,1.);
#10475 = DIRECTION('',(0.,0.,1.));
#10476 = ORIENTED_EDGE('',*,*,#10477,.F.);
#10477 = EDGE_CURVE('',#10454,#10470,#10478,.T.);
#10478 = LINE('',#10479,#10480);
#10479 = CARTESIAN_POINT('',(215.,352.,260.));
#10480 = VECTOR('',#10481,1.);
#10481 = DIRECTION('',(0.,1.,0.));
#10482 = PLANE('',#10483);
#10483 = AXIS2_PLACEMENT_3D('',#10484,#10485,#10486);
#10484 = CARTESIAN_POINT('',(215.,352.,248.));
#10485 = DIRECTION('',(1.,0.,0.));
#10486 = DIRECTION('',(0.,0.,1.));
#10487 = ADVANCED_FACE('',(#10488),#10522,.T.);
#10488 = FACE_BOUND('',#10489,.T.);
#10489 = EDGE_LOOP('',(#10490,#10500,#10508,#10516));
#10490 = ORIENTED_EDGE('',*,*,#10491,.F.);
#10491 = EDGE_CURVE('',#10492,#10494,#10496,.T.);
#10492 = VERTEX_POINT('',#10493);
#10493 = CARTESIAN_POINT('',(265.,352.,248.));
#10494 = VERTEX_POINT('',#10495);
#10495 = CARTESIAN_POINT('',(265.,352.,260.));
#10496 = LINE('',#10497,#10498);
#10497 = CARTESIAN_POINT('',(265.,352.,248.));
#10498 = VECTOR('',#10499,1.);
#10499 = DIRECTION('',(0.,0.,1.));
#10500 = ORIENTED_EDGE('',*,*,#10501,.T.);
#10501 = EDGE_CURVE('',#10492,#10502,#10504,.T.);
#10502 = VERTEX_POINT('',#10503);
#10503 = CARTESIAN_POINT('',(265.,357.,248.));
#10504 = LINE('',#10505,#10506);
#10505 = CARTESIAN_POINT('',(265.,352.,248.));
#10506 = VECTOR('',#10507,1.);
#10507 = DIRECTION('',(0.,1.,0.));
#10508 = ORIENTED_EDGE('',*,*,#10509,.T.);
#10509 = EDGE_CURVE('',#10502,#10510,#10512,.T.);
#10510 = VERTEX_POINT('',#10511);
#10511 = CARTESIAN_POINT('',(265.,357.,260.));
#10512 = LINE('',#10513,#10514);
#10513 = CARTESIAN_POINT('',(265.,357.,248.));
#10514 = VECTOR('',#10515,1.);
#10515 = DIRECTION('',(0.,0.,1.));
#10516 = ORIENTED_EDGE('',*,*,#10517,.F.);
#10517 = EDGE_CURVE('',#10494,#10510,#10518,.T.);
#10518 = LINE('',#10519,#10520);
#10519 = CARTESIAN_POINT('',(265.,352.,260.));
#10520 = VECTOR('',#10521,1.);
#10521 = DIRECTION('',(0.,1.,0.));
#10522 = PLANE('',#10523);
#10523 = AXIS2_PLACEMENT_3D('',#10524,#10525,#10526);
#10524 = CARTESIAN_POINT('',(265.,352.,248.));
#10525 = DIRECTION('',(1.,0.,0.));
#10526 = DIRECTION('',(0.,0.,1.));
#10527 = ADVANCED_FACE('',(#10528),#10544,.F.);
#10528 = FACE_BOUND('',#10529,.F.);
#10529 = EDGE_LOOP('',(#10530,#10536,#10537,#10543));
#10530 = ORIENTED_EDGE('',*,*,#10531,.F.);
#10531 = EDGE_CURVE('',#10452,#10492,#10532,.T.);
#10532 = LINE('',#10533,#10534);
#10533 = CARTESIAN_POINT('',(215.,352.,248.));
#10534 = VECTOR('',#10535,1.);
#10535 = DIRECTION('',(1.,0.,0.));
#10536 = ORIENTED_EDGE('',*,*,#10451,.T.);
#10537 = ORIENTED_EDGE('',*,*,#10538,.T.);
#10538 = EDGE_CURVE('',#10454,#10494,#10539,.T.);
#10539 = LINE('',#10540,#10541);
#10540 = CARTESIAN_POINT('',(215.,352.,260.));
#10541 = VECTOR('',#10542,1.);
#10542 = DIRECTION('',(1.,0.,0.));
#10543 = ORIENTED_EDGE('',*,*,#10491,.F.);
#10544 = PLANE('',#10545);
#10545 = AXIS2_PLACEMENT_3D('',#10546,#10547,#10548);
#10546 = CARTESIAN_POINT('',(215.,352.,248.));
#10547 = DIRECTION('',(0.,1.,0.));
#10548 = DIRECTION('',(0.,0.,1.));
#10549 = ADVANCED_FACE('',(#10550),#10566,.T.);
#10550 = FACE_BOUND('',#10551,.T.);
#10551 = EDGE_LOOP('',(#10552,#10558,#10559,#10565));
#10552 = ORIENTED_EDGE('',*,*,#10553,.F.);
#10553 = EDGE_CURVE('',#10462,#10502,#10554,.T.);
#10554 = LINE('',#10555,#10556);
#10555 = CARTESIAN_POINT('',(215.,357.,248.));
#10556 = VECTOR('',#10557,1.);
#10557 = DIRECTION('',(1.,0.,0.));
#10558 = ORIENTED_EDGE('',*,*,#10469,.T.);
#10559 = ORIENTED_EDGE('',*,*,#10560,.T.);
#10560 = EDGE_CURVE('',#10470,#10510,#10561,.T.);
#10561 = LINE('',#10562,#10563);
#10562 = CARTESIAN_POINT('',(215.,357.,260.));
#10563 = VECTOR('',#10564,1.);
#10564 = DIRECTION('',(1.,0.,0.));
#10565 = ORIENTED_EDGE('',*,*,#10509,.F.);
#10566 = PLANE('',#10567);
#10567 = AXIS2_PLACEMENT_3D('',#10568,#10569,#10570);
#10568 = CARTESIAN_POINT('',(215.,357.,248.));
#10569 = DIRECTION('',(0.,1.,0.));
#10570 = DIRECTION('',(0.,0.,1.));
#10571 = ADVANCED_FACE('',(#10572),#10578,.F.);
#10572 = FACE_BOUND('',#10573,.F.);
#10573 = EDGE_LOOP('',(#10574,#10575,#10576,#10577));
#10574 = ORIENTED_EDGE('',*,*,#10461,.F.);
#10575 = ORIENTED_EDGE('',*,*,#10531,.T.);
#10576 = ORIENTED_EDGE('',*,*,#10501,.T.);
#10577 = ORIENTED_EDGE('',*,*,#10553,.F.);
#10578 = PLANE('',#10579);
#10579 = AXIS2_PLACEMENT_3D('',#10580,#10581,#10582);
#10580 = CARTESIAN_POINT('',(215.,352.,248.));
#10581 = DIRECTION('',(0.,0.,1.));
#10582 = DIRECTION('',(1.,0.,0.));
#10583 = ADVANCED_FACE('',(#10584),#10590,.T.);
#10584 = FACE_BOUND('',#10585,.T.);
#10585 = EDGE_LOOP('',(#10586,#10587,#10588,#10589));
#10586 = ORIENTED_EDGE('',*,*,#10477,.F.);
#10587 = ORIENTED_EDGE('',*,*,#10538,.T.);
#10588 = ORIENTED_EDGE('',*,*,#10517,.T.);
#10589 = ORIENTED_EDGE('',*,*,#10560,.F.);
#10590 = PLANE('',#10591);
#10591 = AXIS2_PLACEMENT_3D('',#10592,#10593,#10594);
#10592 = CARTESIAN_POINT('',(215.,352.,260.));
#10593 = DIRECTION('',(0.,0.,1.));
#10594 = DIRECTION('',(1.,0.,0.));
#10595 = MANIFOLD_SOLID_BREP('',#10596);
#10596 = CLOSED_SHELL('',(#10597,#10630,#10639));
#10597 = ADVANCED_FACE('',(#10598),#10625,.T.);
#10598 = FACE_BOUND('',#10599,.T.);
#10599 = EDGE_LOOP('',(#10600,#10609,#10617,#10624));
#10600 = ORIENTED_EDGE('',*,*,#10601,.F.);
#10601 = EDGE_CURVE('',#10602,#10602,#10604,.T.);
#10602 = VERTEX_POINT('',#10603);
#10603 = CARTESIAN_POINT('',(262.5,325.,264.));
#10604 = CIRCLE('',#10605,22.5);
#10605 = AXIS2_PLACEMENT_3D('',#10606,#10607,#10608);
#10606 = CARTESIAN_POINT('',(240.,325.,264.));
#10607 = DIRECTION('',(0.,0.,1.));
#10608 = DIRECTION('',(1.,0.,0.));
#10609 = ORIENTED_EDGE('',*,*,#10610,.F.);
#10610 = EDGE_CURVE('',#10611,#10602,#10613,.T.);
#10611 = VERTEX_POINT('',#10612);
#10612 = CARTESIAN_POINT('',(262.5,325.,248.));
#10613 = LINE('',#10614,#10615);
#10614 = CARTESIAN_POINT('',(262.5,325.,248.));
#10615 = VECTOR('',#10616,1.);
#10616 = DIRECTION('',(0.,0.,1.));
#10617 = ORIENTED_EDGE('',*,*,#10618,.T.);
#10618 = EDGE_CURVE('',#10611,#10611,#10619,.T.);
#10619 = CIRCLE('',#10620,22.5);
#10620 = AXIS2_PLACEMENT_3D('',#10621,#10622,#10623);
#10621 = CARTESIAN_POINT('',(240.,325.,248.));
#10622 = DIRECTION('',(0.,0.,1.));
#10623 = DIRECTION('',(1.,0.,0.));
#10624 = ORIENTED_EDGE('',*,*,#10610,.T.);
#10625 = CYLINDRICAL_SURFACE('',#10626,22.5);
#10626 = AXIS2_PLACEMENT_3D('',#10627,#10628,#10629);
#10627 = CARTESIAN_POINT('',(240.,325.,248.));
#10628 = DIRECTION('',(0.,0.,1.));
#10629 = DIRECTION('',(1.,0.,0.));
#10630 = ADVANCED_FACE('',(#10631),#10634,.T.);
#10631 = FACE_BOUND('',#10632,.T.);
#10632 = EDGE_LOOP('',(#10633));
#10633 = ORIENTED_EDGE('',*,*,#10601,.T.);
#10634 = PLANE('',#10635);
#10635 = AXIS2_PLACEMENT_3D('',#10636,#10637,#10638);
#10636 = CARTESIAN_POINT('',(240.,325.,264.));
#10637 = DIRECTION('',(0.,0.,1.));
#10638 = DIRECTION('',(1.,0.,0.));
#10639 = ADVANCED_FACE('',(#10640),#10643,.F.);
#10640 = FACE_BOUND('',#10641,.T.);
#10641 = EDGE_LOOP('',(#10642));
#10642 = ORIENTED_EDGE('',*,*,#10618,.F.);
#10643 = PLANE('',#10644);
#10644 = AXIS2_PLACEMENT_3D('',#10645,#10646,#10647);
#10645 = CARTESIAN_POINT('',(240.,325.,248.));
#10646 = DIRECTION('',(0.,0.,1.));
#10647 = DIRECTION('',(1.,0.,0.));
#10648 = MANIFOLD_SOLID_BREP('',#10649);
#10649 = CLOSED_SHELL('',(#10650,#10683,#10692));
#10650 = ADVANCED_FACE('',(#10651),#10678,.T.);
#10651 = FACE_BOUND('',#10652,.T.);
#10652 = EDGE_LOOP('',(#10653,#10662,#10670,#10677));
#10653 = ORIENTED_EDGE('',*,*,#10654,.F.);
#10654 = EDGE_CURVE('',#10655,#10655,#10657,.T.);
#10655 = VERTEX_POINT('',#10656);
#10656 = CARTESIAN_POINT('',(262.5,325.,268.));
#10657 = CIRCLE('',#10658,22.5);
#10658 = AXIS2_PLACEMENT_3D('',#10659,#10660,#10661);
#10659 = CARTESIAN_POINT('',(240.,325.,268.));
#10660 = DIRECTION('',(0.,0.,1.));
#10661 = DIRECTION('',(1.,0.,0.));
#10662 = ORIENTED_EDGE('',*,*,#10663,.F.);
#10663 = EDGE_CURVE('',#10664,#10655,#10666,.T.);
#10664 = VERTEX_POINT('',#10665);
#10665 = CARTESIAN_POINT('',(262.5,325.,264.));
#10666 = LINE('',#10667,#10668);
#10667 = CARTESIAN_POINT('',(262.5,325.,264.));
#10668 = VECTOR('',#10669,1.);
#10669 = DIRECTION('',(0.,0.,1.));
#10670 = ORIENTED_EDGE('',*,*,#10671,.T.);
#10671 = EDGE_CURVE('',#10664,#10664,#10672,.T.);
#10672 = CIRCLE('',#10673,22.5);
#10673 = AXIS2_PLACEMENT_3D('',#10674,#10675,#10676);
#10674 = CARTESIAN_POINT('',(240.,325.,264.));
#10675 = DIRECTION('',(0.,0.,1.));
#10676 = DIRECTION('',(1.,0.,0.));
#10677 = ORIENTED_EDGE('',*,*,#10663,.T.);
#10678 = CYLINDRICAL_SURFACE('',#10679,22.5);
#10679 = AXIS2_PLACEMENT_3D('',#10680,#10681,#10682);
#10680 = CARTESIAN_POINT('',(240.,325.,264.));
#10681 = DIRECTION('',(0.,0.,1.));
#10682 = DIRECTION('',(1.,0.,0.));
#10683 = ADVANCED_FACE('',(#10684),#10687,.T.);
#10684 = FACE_BOUND('',#10685,.T.);
#10685 = EDGE_LOOP('',(#10686));
#10686 = ORIENTED_EDGE('',*,*,#10654,.T.);
#10687 = PLANE('',#10688);
#10688 = AXIS2_PLACEMENT_3D('',#10689,#10690,#10691);
#10689 = CARTESIAN_POINT('',(240.,325.,268.));
#10690 = DIRECTION('',(0.,0.,1.));
#10691 = DIRECTION('',(1.,0.,0.));
#10692 = ADVANCED_FACE('',(#10693),#10696,.F.);
#10693 = FACE_BOUND('',#10694,.T.);
#10694 = EDGE_LOOP('',(#10695));
#10695 = ORIENTED_EDGE('',*,*,#10671,.F.);
#10696 = PLANE('',#10697);
#10697 = AXIS2_PLACEMENT_3D('',#10698,#10699,#10700);
#10698 = CARTESIAN_POINT('',(240.,325.,264.));
#10699 = DIRECTION('',(0.,0.,1.));
#10700 = DIRECTION('',(1.,0.,0.));
#10701 = MANIFOLD_SOLID_BREP('',#10702);
#10702 = CLOSED_SHELL('',(#10703,#10743,#10783,#10805,#10827,#10839));
#10703 = ADVANCED_FACE('',(#10704),#10738,.F.);
#10704 = FACE_BOUND('',#10705,.F.);
#10705 = EDGE_LOOP('',(#10706,#10716,#10724,#10732));
#10706 = ORIENTED_EDGE('',*,*,#10707,.F.);
#10707 = EDGE_CURVE('',#10708,#10710,#10712,.T.);
#10708 = VERTEX_POINT('',#10709);
#10709 = CARTESIAN_POINT('',(330.,293.,240.));
#10710 = VERTEX_POINT('',#10711);
#10711 = CARTESIAN_POINT('',(330.,293.,248.));
#10712 = LINE('',#10713,#10714);
#10713 = CARTESIAN_POINT('',(330.,293.,240.));
#10714 = VECTOR('',#10715,1.);
#10715 = DIRECTION('',(0.,0.,1.));
#10716 = ORIENTED_EDGE('',*,*,#10717,.T.);
#10717 = EDGE_CURVE('',#10708,#10718,#10720,.T.);
#10718 = VERTEX_POINT('',#10719);
#10719 = CARTESIAN_POINT('',(330.,357.,240.));
#10720 = LINE('',#10721,#10722);
#10721 = CARTESIAN_POINT('',(330.,293.,240.));
#10722 = VECTOR('',#10723,1.);
#10723 = DIRECTION('',(0.,1.,0.));
#10724 = ORIENTED_EDGE('',*,*,#10725,.T.);
#10725 = EDGE_CURVE('',#10718,#10726,#10728,.T.);
#10726 = VERTEX_POINT('',#10727);
#10727 = CARTESIAN_POINT('',(330.,357.,248.));
#10728 = LINE('',#10729,#10730);
#10729 = CARTESIAN_POINT('',(330.,357.,240.));
#10730 = VECTOR('',#10731,1.);
#10731 = DIRECTION('',(0.,0.,1.));
#10732 = ORIENTED_EDGE('',*,*,#10733,.F.);
#10733 = EDGE_CURVE('',#10710,#10726,#10734,.T.);
#10734 = LINE('',#10735,#10736);
#10735 = CARTESIAN_POINT('',(330.,293.,248.));
#10736 = VECTOR('',#10737,1.);
#10737 = DIRECTION('',(0.,1.,0.));
#10738 = PLANE('',#10739);
#10739 = AXIS2_PLACEMENT_3D('',#10740,#10741,#10742);
#10740 = CARTESIAN_POINT('',(330.,293.,240.));
#10741 = DIRECTION('',(1.,0.,0.));
#10742 = DIRECTION('',(0.,0.,1.));
#10743 = ADVANCED_FACE('',(#10744),#10778,.T.);
#10744 = FACE_BOUND('',#10745,.T.);
#10745 = EDGE_LOOP('',(#10746,#10756,#10764,#10772));
#10746 = ORIENTED_EDGE('',*,*,#10747,.F.);
#10747 = EDGE_CURVE('',#10748,#10750,#10752,.T.);
#10748 = VERTEX_POINT('',#10749);
#10749 = CARTESIAN_POINT('',(390.,293.,240.));
#10750 = VERTEX_POINT('',#10751);
#10751 = CARTESIAN_POINT('',(390.,293.,248.));
#10752 = LINE('',#10753,#10754);
#10753 = CARTESIAN_POINT('',(390.,293.,240.));
#10754 = VECTOR('',#10755,1.);
#10755 = DIRECTION('',(0.,0.,1.));
#10756 = ORIENTED_EDGE('',*,*,#10757,.T.);
#10757 = EDGE_CURVE('',#10748,#10758,#10760,.T.);
#10758 = VERTEX_POINT('',#10759);
#10759 = CARTESIAN_POINT('',(390.,357.,240.));
#10760 = LINE('',#10761,#10762);
#10761 = CARTESIAN_POINT('',(390.,293.,240.));
#10762 = VECTOR('',#10763,1.);
#10763 = DIRECTION('',(0.,1.,0.));
#10764 = ORIENTED_EDGE('',*,*,#10765,.T.);
#10765 = EDGE_CURVE('',#10758,#10766,#10768,.T.);
#10766 = VERTEX_POINT('',#10767);
#10767 = CARTESIAN_POINT('',(390.,357.,248.));
#10768 = LINE('',#10769,#10770);
#10769 = CARTESIAN_POINT('',(390.,357.,240.));
#10770 = VECTOR('',#10771,1.);
#10771 = DIRECTION('',(0.,0.,1.));
#10772 = ORIENTED_EDGE('',*,*,#10773,.F.);
#10773 = EDGE_CURVE('',#10750,#10766,#10774,.T.);
#10774 = LINE('',#10775,#10776);
#10775 = CARTESIAN_POINT('',(390.,293.,248.));
#10776 = VECTOR('',#10777,1.);
#10777 = DIRECTION('',(0.,1.,0.));
#10778 = PLANE('',#10779);
#10779 = AXIS2_PLACEMENT_3D('',#10780,#10781,#10782);
#10780 = CARTESIAN_POINT('',(390.,293.,240.));
#10781 = DIRECTION('',(1.,0.,0.));
#10782 = DIRECTION('',(0.,0.,1.));
#10783 = ADVANCED_FACE('',(#10784),#10800,.F.);
#10784 = FACE_BOUND('',#10785,.F.);
#10785 = EDGE_LOOP('',(#10786,#10792,#10793,#10799));
#10786 = ORIENTED_EDGE('',*,*,#10787,.F.);
#10787 = EDGE_CURVE('',#10708,#10748,#10788,.T.);
#10788 = LINE('',#10789,#10790);
#10789 = CARTESIAN_POINT('',(330.,293.,240.));
#10790 = VECTOR('',#10791,1.);
#10791 = DIRECTION('',(1.,0.,0.));
#10792 = ORIENTED_EDGE('',*,*,#10707,.T.);
#10793 = ORIENTED_EDGE('',*,*,#10794,.T.);
#10794 = EDGE_CURVE('',#10710,#10750,#10795,.T.);
#10795 = LINE('',#10796,#10797);
#10796 = CARTESIAN_POINT('',(330.,293.,248.));
#10797 = VECTOR('',#10798,1.);
#10798 = DIRECTION('',(1.,0.,0.));
#10799 = ORIENTED_EDGE('',*,*,#10747,.F.);
#10800 = PLANE('',#10801);
#10801 = AXIS2_PLACEMENT_3D('',#10802,#10803,#10804);
#10802 = CARTESIAN_POINT('',(330.,293.,240.));
#10803 = DIRECTION('',(0.,1.,0.));
#10804 = DIRECTION('',(0.,0.,1.));
#10805 = ADVANCED_FACE('',(#10806),#10822,.T.);
#10806 = FACE_BOUND('',#10807,.T.);
#10807 = EDGE_LOOP('',(#10808,#10814,#10815,#10821));
#10808 = ORIENTED_EDGE('',*,*,#10809,.F.);
#10809 = EDGE_CURVE('',#10718,#10758,#10810,.T.);
#10810 = LINE('',#10811,#10812);
#10811 = CARTESIAN_POINT('',(330.,357.,240.));
#10812 = VECTOR('',#10813,1.);
#10813 = DIRECTION('',(1.,0.,0.));
#10814 = ORIENTED_EDGE('',*,*,#10725,.T.);
#10815 = ORIENTED_EDGE('',*,*,#10816,.T.);
#10816 = EDGE_CURVE('',#10726,#10766,#10817,.T.);
#10817 = LINE('',#10818,#10819);
#10818 = CARTESIAN_POINT('',(330.,357.,248.));
#10819 = VECTOR('',#10820,1.);
#10820 = DIRECTION('',(1.,0.,0.));
#10821 = ORIENTED_EDGE('',*,*,#10765,.F.);
#10822 = PLANE('',#10823);
#10823 = AXIS2_PLACEMENT_3D('',#10824,#10825,#10826);
#10824 = CARTESIAN_POINT('',(330.,357.,240.));
#10825 = DIRECTION('',(0.,1.,0.));
#10826 = DIRECTION('',(0.,0.,1.));
#10827 = ADVANCED_FACE('',(#10828),#10834,.F.);
#10828 = FACE_BOUND('',#10829,.F.);
#10829 = EDGE_LOOP('',(#10830,#10831,#10832,#10833));
#10830 = ORIENTED_EDGE('',*,*,#10717,.F.);
#10831 = ORIENTED_EDGE('',*,*,#10787,.T.);
#10832 = ORIENTED_EDGE('',*,*,#10757,.T.);
#10833 = ORIENTED_EDGE('',*,*,#10809,.F.);
#10834 = PLANE('',#10835);
#10835 = AXIS2_PLACEMENT_3D('',#10836,#10837,#10838);
#10836 = CARTESIAN_POINT('',(330.,293.,240.));
#10837 = DIRECTION('',(0.,0.,1.));
#10838 = DIRECTION('',(1.,0.,0.));
#10839 = ADVANCED_FACE('',(#10840),#10846,.T.);
#10840 = FACE_BOUND('',#10841,.T.);
#10841 = EDGE_LOOP('',(#10842,#10843,#10844,#10845));
#10842 = ORIENTED_EDGE('',*,*,#10733,.F.);
#10843 = ORIENTED_EDGE('',*,*,#10794,.T.);
#10844 = ORIENTED_EDGE('',*,*,#10773,.T.);
#10845 = ORIENTED_EDGE('',*,*,#10816,.F.);
#10846 = PLANE('',#10847);
#10847 = AXIS2_PLACEMENT_3D('',#10848,#10849,#10850);
#10848 = CARTESIAN_POINT('',(330.,293.,248.));
#10849 = DIRECTION('',(0.,0.,1.));
#10850 = DIRECTION('',(1.,0.,0.));
#10851 = MANIFOLD_SOLID_BREP('',#10852);
#10852 = CLOSED_SHELL('',(#10853,#10893,#10933,#10955,#10977,#10989));
#10853 = ADVANCED_FACE('',(#10854),#10888,.F.);
#10854 = FACE_BOUND('',#10855,.F.);
#10855 = EDGE_LOOP('',(#10856,#10866,#10874,#10882));
#10856 = ORIENTED_EDGE('',*,*,#10857,.F.);
#10857 = EDGE_CURVE('',#10858,#10860,#10862,.T.);
#10858 = VERTEX_POINT('',#10859);
#10859 = CARTESIAN_POINT('',(330.,293.,248.));
#10860 = VERTEX_POINT('',#10861);
#10861 = CARTESIAN_POINT('',(330.,293.,260.));
#10862 = LINE('',#10863,#10864);
#10863 = CARTESIAN_POINT('',(330.,293.,248.));
#10864 = VECTOR('',#10865,1.);
#10865 = DIRECTION('',(0.,0.,1.));
#10866 = ORIENTED_EDGE('',*,*,#10867,.T.);
#10867 = EDGE_CURVE('',#10858,#10868,#10870,.T.);
#10868 = VERTEX_POINT('',#10869);
#10869 = CARTESIAN_POINT('',(330.,357.,248.));
#10870 = LINE('',#10871,#10872);
#10871 = CARTESIAN_POINT('',(330.,293.,248.));
#10872 = VECTOR('',#10873,1.);
#10873 = DIRECTION('',(0.,1.,0.));
#10874 = ORIENTED_EDGE('',*,*,#10875,.T.);
#10875 = EDGE_CURVE('',#10868,#10876,#10878,.T.);
#10876 = VERTEX_POINT('',#10877);
#10877 = CARTESIAN_POINT('',(330.,357.,260.));
#10878 = LINE('',#10879,#10880);
#10879 = CARTESIAN_POINT('',(330.,357.,248.));
#10880 = VECTOR('',#10881,1.);
#10881 = DIRECTION('',(0.,0.,1.));
#10882 = ORIENTED_EDGE('',*,*,#10883,.F.);
#10883 = EDGE_CURVE('',#10860,#10876,#10884,.T.);
#10884 = LINE('',#10885,#10886);
#10885 = CARTESIAN_POINT('',(330.,293.,260.));
#10886 = VECTOR('',#10887,1.);
#10887 = DIRECTION('',(0.,1.,0.));
#10888 = PLANE('',#10889);
#10889 = AXIS2_PLACEMENT_3D('',#10890,#10891,#10892);
#10890 = CARTESIAN_POINT('',(330.,293.,248.));
#10891 = DIRECTION('',(1.,0.,0.));
#10892 = DIRECTION('',(0.,0.,1.));
#10893 = ADVANCED_FACE('',(#10894),#10928,.T.);
#10894 = FACE_BOUND('',#10895,.T.);
#10895 = EDGE_LOOP('',(#10896,#10906,#10914,#10922));
#10896 = ORIENTED_EDGE('',*,*,#10897,.F.);
#10897 = EDGE_CURVE('',#10898,#10900,#10902,.T.);
#10898 = VERTEX_POINT('',#10899);
#10899 = CARTESIAN_POINT('',(335.,293.,248.));
#10900 = VERTEX_POINT('',#10901);
#10901 = CARTESIAN_POINT('',(335.,293.,260.));
#10902 = LINE('',#10903,#10904);
#10903 = CARTESIAN_POINT('',(335.,293.,248.));
#10904 = VECTOR('',#10905,1.);
#10905 = DIRECTION('',(0.,0.,1.));
#10906 = ORIENTED_EDGE('',*,*,#10907,.T.);
#10907 = EDGE_CURVE('',#10898,#10908,#10910,.T.);
#10908 = VERTEX_POINT('',#10909);
#10909 = CARTESIAN_POINT('',(335.,357.,248.));
#10910 = LINE('',#10911,#10912);
#10911 = CARTESIAN_POINT('',(335.,293.,248.));
#10912 = VECTOR('',#10913,1.);
#10913 = DIRECTION('',(0.,1.,0.));
#10914 = ORIENTED_EDGE('',*,*,#10915,.T.);
#10915 = EDGE_CURVE('',#10908,#10916,#10918,.T.);
#10916 = VERTEX_POINT('',#10917);
#10917 = CARTESIAN_POINT('',(335.,357.,260.));
#10918 = LINE('',#10919,#10920);
#10919 = CARTESIAN_POINT('',(335.,357.,248.));
#10920 = VECTOR('',#10921,1.);
#10921 = DIRECTION('',(0.,0.,1.));
#10922 = ORIENTED_EDGE('',*,*,#10923,.F.);
#10923 = EDGE_CURVE('',#10900,#10916,#10924,.T.);
#10924 = LINE('',#10925,#10926);
#10925 = CARTESIAN_POINT('',(335.,293.,260.));
#10926 = VECTOR('',#10927,1.);
#10927 = DIRECTION('',(0.,1.,0.));
#10928 = PLANE('',#10929);
#10929 = AXIS2_PLACEMENT_3D('',#10930,#10931,#10932);
#10930 = CARTESIAN_POINT('',(335.,293.,248.));
#10931 = DIRECTION('',(1.,0.,0.));
#10932 = DIRECTION('',(0.,0.,1.));
#10933 = ADVANCED_FACE('',(#10934),#10950,.F.);
#10934 = FACE_BOUND('',#10935,.F.);
#10935 = EDGE_LOOP('',(#10936,#10942,#10943,#10949));
#10936 = ORIENTED_EDGE('',*,*,#10937,.F.);
#10937 = EDGE_CURVE('',#10858,#10898,#10938,.T.);
#10938 = LINE('',#10939,#10940);
#10939 = CARTESIAN_POINT('',(330.,293.,248.));
#10940 = VECTOR('',#10941,1.);
#10941 = DIRECTION('',(1.,0.,0.));
#10942 = ORIENTED_EDGE('',*,*,#10857,.T.);
#10943 = ORIENTED_EDGE('',*,*,#10944,.T.);
#10944 = EDGE_CURVE('',#10860,#10900,#10945,.T.);
#10945 = LINE('',#10946,#10947);
#10946 = CARTESIAN_POINT('',(330.,293.,260.));
#10947 = VECTOR('',#10948,1.);
#10948 = DIRECTION('',(1.,0.,0.));
#10949 = ORIENTED_EDGE('',*,*,#10897,.F.);
#10950 = PLANE('',#10951);
#10951 = AXIS2_PLACEMENT_3D('',#10952,#10953,#10954);
#10952 = CARTESIAN_POINT('',(330.,293.,248.));
#10953 = DIRECTION('',(0.,1.,0.));
#10954 = DIRECTION('',(0.,0.,1.));
#10955 = ADVANCED_FACE('',(#10956),#10972,.T.);
#10956 = FACE_BOUND('',#10957,.T.);
#10957 = EDGE_LOOP('',(#10958,#10964,#10965,#10971));
#10958 = ORIENTED_EDGE('',*,*,#10959,.F.);
#10959 = EDGE_CURVE('',#10868,#10908,#10960,.T.);
#10960 = LINE('',#10961,#10962);
#10961 = CARTESIAN_POINT('',(330.,357.,248.));
#10962 = VECTOR('',#10963,1.);
#10963 = DIRECTION('',(1.,0.,0.));
#10964 = ORIENTED_EDGE('',*,*,#10875,.T.);
#10965 = ORIENTED_EDGE('',*,*,#10966,.T.);
#10966 = EDGE_CURVE('',#10876,#10916,#10967,.T.);
#10967 = LINE('',#10968,#10969);
#10968 = CARTESIAN_POINT('',(330.,357.,260.));
#10969 = VECTOR('',#10970,1.);
#10970 = DIRECTION('',(1.,0.,0.));
#10971 = ORIENTED_EDGE('',*,*,#10915,.F.);
#10972 = PLANE('',#10973);
#10973 = AXIS2_PLACEMENT_3D('',#10974,#10975,#10976);
#10974 = CARTESIAN_POINT('',(330.,357.,248.));
#10975 = DIRECTION('',(0.,1.,0.));
#10976 = DIRECTION('',(0.,0.,1.));
#10977 = ADVANCED_FACE('',(#10978),#10984,.F.);
#10978 = FACE_BOUND('',#10979,.F.);
#10979 = EDGE_LOOP('',(#10980,#10981,#10982,#10983));
#10980 = ORIENTED_EDGE('',*,*,#10867,.F.);
#10981 = ORIENTED_EDGE('',*,*,#10937,.T.);
#10982 = ORIENTED_EDGE('',*,*,#10907,.T.);
#10983 = ORIENTED_EDGE('',*,*,#10959,.F.);
#10984 = PLANE('',#10985);
#10985 = AXIS2_PLACEMENT_3D('',#10986,#10987,#10988);
#10986 = CARTESIAN_POINT('',(330.,293.,248.));
#10987 = DIRECTION('',(0.,0.,1.));
#10988 = DIRECTION('',(1.,0.,0.));
#10989 = ADVANCED_FACE('',(#10990),#10996,.T.);
#10990 = FACE_BOUND('',#10991,.T.);
#10991 = EDGE_LOOP('',(#10992,#10993,#10994,#10995));
#10992 = ORIENTED_EDGE('',*,*,#10883,.F.);
#10993 = ORIENTED_EDGE('',*,*,#10944,.T.);
#10994 = ORIENTED_EDGE('',*,*,#10923,.T.);
#10995 = ORIENTED_EDGE('',*,*,#10966,.F.);
#10996 = PLANE('',#10997);
#10997 = AXIS2_PLACEMENT_3D('',#10998,#10999,#11000);
#10998 = CARTESIAN_POINT('',(330.,293.,260.));
#10999 = DIRECTION('',(0.,0.,1.));
#11000 = DIRECTION('',(1.,0.,0.));
#11001 = MANIFOLD_SOLID_BREP('',#11002);
#11002 = CLOSED_SHELL('',(#11003,#11043,#11083,#11105,#11127,#11139));
#11003 = ADVANCED_FACE('',(#11004),#11038,.F.);
#11004 = FACE_BOUND('',#11005,.F.);
#11005 = EDGE_LOOP('',(#11006,#11016,#11024,#11032));
#11006 = ORIENTED_EDGE('',*,*,#11007,.F.);
#11007 = EDGE_CURVE('',#11008,#11010,#11012,.T.);
#11008 = VERTEX_POINT('',#11009);
#11009 = CARTESIAN_POINT('',(385.,293.,248.));
#11010 = VERTEX_POINT('',#11011);
#11011 = CARTESIAN_POINT('',(385.,293.,260.));
#11012 = LINE('',#11013,#11014);
#11013 = CARTESIAN_POINT('',(385.,293.,248.));
#11014 = VECTOR('',#11015,1.);
#11015 = DIRECTION('',(0.,0.,1.));
#11016 = ORIENTED_EDGE('',*,*,#11017,.T.);
#11017 = EDGE_CURVE('',#11008,#11018,#11020,.T.);
#11018 = VERTEX_POINT('',#11019);
#11019 = CARTESIAN_POINT('',(385.,357.,248.));
#11020 = LINE('',#11021,#11022);
#11021 = CARTESIAN_POINT('',(385.,293.,248.));
#11022 = VECTOR('',#11023,1.);
#11023 = DIRECTION('',(0.,1.,0.));
#11024 = ORIENTED_EDGE('',*,*,#11025,.T.);
#11025 = EDGE_CURVE('',#11018,#11026,#11028,.T.);
#11026 = VERTEX_POINT('',#11027);
#11027 = CARTESIAN_POINT('',(385.,357.,260.));
#11028 = LINE('',#11029,#11030);
#11029 = CARTESIAN_POINT('',(385.,357.,248.));
#11030 = VECTOR('',#11031,1.);
#11031 = DIRECTION('',(0.,0.,1.));
#11032 = ORIENTED_EDGE('',*,*,#11033,.F.);
#11033 = EDGE_CURVE('',#11010,#11026,#11034,.T.);
#11034 = LINE('',#11035,#11036);
#11035 = CARTESIAN_POINT('',(385.,293.,260.));
#11036 = VECTOR('',#11037,1.);
#11037 = DIRECTION('',(0.,1.,0.));
#11038 = PLANE('',#11039);
#11039 = AXIS2_PLACEMENT_3D('',#11040,#11041,#11042);
#11040 = CARTESIAN_POINT('',(385.,293.,248.));
#11041 = DIRECTION('',(1.,0.,0.));
#11042 = DIRECTION('',(0.,0.,1.));
#11043 = ADVANCED_FACE('',(#11044),#11078,.T.);
#11044 = FACE_BOUND('',#11045,.T.);
#11045 = EDGE_LOOP('',(#11046,#11056,#11064,#11072));
#11046 = ORIENTED_EDGE('',*,*,#11047,.F.);
#11047 = EDGE_CURVE('',#11048,#11050,#11052,.T.);
#11048 = VERTEX_POINT('',#11049);
#11049 = CARTESIAN_POINT('',(390.,293.,248.));
#11050 = VERTEX_POINT('',#11051);
#11051 = CARTESIAN_POINT('',(390.,293.,260.));
#11052 = LINE('',#11053,#11054);
#11053 = CARTESIAN_POINT('',(390.,293.,248.));
#11054 = VECTOR('',#11055,1.);
#11055 = DIRECTION('',(0.,0.,1.));
#11056 = ORIENTED_EDGE('',*,*,#11057,.T.);
#11057 = EDGE_CURVE('',#11048,#11058,#11060,.T.);
#11058 = VERTEX_POINT('',#11059);
#11059 = CARTESIAN_POINT('',(390.,357.,248.));
#11060 = LINE('',#11061,#11062);
#11061 = CARTESIAN_POINT('',(390.,293.,248.));
#11062 = VECTOR('',#11063,1.);
#11063 = DIRECTION('',(0.,1.,0.));
#11064 = ORIENTED_EDGE('',*,*,#11065,.T.);
#11065 = EDGE_CURVE('',#11058,#11066,#11068,.T.);
#11066 = VERTEX_POINT('',#11067);
#11067 = CARTESIAN_POINT('',(390.,357.,260.));
#11068 = LINE('',#11069,#11070);
#11069 = CARTESIAN_POINT('',(390.,357.,248.));
#11070 = VECTOR('',#11071,1.);
#11071 = DIRECTION('',(0.,0.,1.));
#11072 = ORIENTED_EDGE('',*,*,#11073,.F.);
#11073 = EDGE_CURVE('',#11050,#11066,#11074,.T.);
#11074 = LINE('',#11075,#11076);
#11075 = CARTESIAN_POINT('',(390.,293.,260.));
#11076 = VECTOR('',#11077,1.);
#11077 = DIRECTION('',(0.,1.,0.));
#11078 = PLANE('',#11079);
#11079 = AXIS2_PLACEMENT_3D('',#11080,#11081,#11082);
#11080 = CARTESIAN_POINT('',(390.,293.,248.));
#11081 = DIRECTION('',(1.,0.,0.));
#11082 = DIRECTION('',(0.,0.,1.));
#11083 = ADVANCED_FACE('',(#11084),#11100,.F.);
#11084 = FACE_BOUND('',#11085,.F.);
#11085 = EDGE_LOOP('',(#11086,#11092,#11093,#11099));
#11086 = ORIENTED_EDGE('',*,*,#11087,.F.);
#11087 = EDGE_CURVE('',#11008,#11048,#11088,.T.);
#11088 = LINE('',#11089,#11090);
#11089 = CARTESIAN_POINT('',(385.,293.,248.));
#11090 = VECTOR('',#11091,1.);
#11091 = DIRECTION('',(1.,0.,0.));
#11092 = ORIENTED_EDGE('',*,*,#11007,.T.);
#11093 = ORIENTED_EDGE('',*,*,#11094,.T.);
#11094 = EDGE_CURVE('',#11010,#11050,#11095,.T.);
#11095 = LINE('',#11096,#11097);
#11096 = CARTESIAN_POINT('',(385.,293.,260.));
#11097 = VECTOR('',#11098,1.);
#11098 = DIRECTION('',(1.,0.,0.));
#11099 = ORIENTED_EDGE('',*,*,#11047,.F.);
#11100 = PLANE('',#11101);
#11101 = AXIS2_PLACEMENT_3D('',#11102,#11103,#11104);
#11102 = CARTESIAN_POINT('',(385.,293.,248.));
#11103 = DIRECTION('',(0.,1.,0.));
#11104 = DIRECTION('',(0.,0.,1.));
#11105 = ADVANCED_FACE('',(#11106),#11122,.T.);
#11106 = FACE_BOUND('',#11107,.T.);
#11107 = EDGE_LOOP('',(#11108,#11114,#11115,#11121));
#11108 = ORIENTED_EDGE('',*,*,#11109,.F.);
#11109 = EDGE_CURVE('',#11018,#11058,#11110,.T.);
#11110 = LINE('',#11111,#11112);
#11111 = CARTESIAN_POINT('',(385.,357.,248.));
#11112 = VECTOR('',#11113,1.);
#11113 = DIRECTION('',(1.,0.,0.));
#11114 = ORIENTED_EDGE('',*,*,#11025,.T.);
#11115 = ORIENTED_EDGE('',*,*,#11116,.T.);
#11116 = EDGE_CURVE('',#11026,#11066,#11117,.T.);
#11117 = LINE('',#11118,#11119);
#11118 = CARTESIAN_POINT('',(385.,357.,260.));
#11119 = VECTOR('',#11120,1.);
#11120 = DIRECTION('',(1.,0.,0.));
#11121 = ORIENTED_EDGE('',*,*,#11065,.F.);
#11122 = PLANE('',#11123);
#11123 = AXIS2_PLACEMENT_3D('',#11124,#11125,#11126);
#11124 = CARTESIAN_POINT('',(385.,357.,248.));
#11125 = DIRECTION('',(0.,1.,0.));
#11126 = DIRECTION('',(0.,0.,1.));
#11127 = ADVANCED_FACE('',(#11128),#11134,.F.);
#11128 = FACE_BOUND('',#11129,.F.);
#11129 = EDGE_LOOP('',(#11130,#11131,#11132,#11133));
#11130 = ORIENTED_EDGE('',*,*,#11017,.F.);
#11131 = ORIENTED_EDGE('',*,*,#11087,.T.);
#11132 = ORIENTED_EDGE('',*,*,#11057,.T.);
#11133 = ORIENTED_EDGE('',*,*,#11109,.F.);
#11134 = PLANE('',#11135);
#11135 = AXIS2_PLACEMENT_3D('',#11136,#11137,#11138);
#11136 = CARTESIAN_POINT('',(385.,293.,248.));
#11137 = DIRECTION('',(0.,0.,1.));
#11138 = DIRECTION('',(1.,0.,0.));
#11139 = ADVANCED_FACE('',(#11140),#11146,.T.);
#11140 = FACE_BOUND('',#11141,.T.);
#11141 = EDGE_LOOP('',(#11142,#11143,#11144,#11145));
#11142 = ORIENTED_EDGE('',*,*,#11033,.F.);
#11143 = ORIENTED_EDGE('',*,*,#11094,.T.);
#11144 = ORIENTED_EDGE('',*,*,#11073,.T.);
#11145 = ORIENTED_EDGE('',*,*,#11116,.F.);
#11146 = PLANE('',#11147);
#11147 = AXIS2_PLACEMENT_3D('',#11148,#11149,#11150);
#11148 = CARTESIAN_POINT('',(385.,293.,260.));
#11149 = DIRECTION('',(0.,0.,1.));
#11150 = DIRECTION('',(1.,0.,0.));
#11151 = MANIFOLD_SOLID_BREP('',#11152);
#11152 = CLOSED_SHELL('',(#11153,#11193,#11233,#11255,#11277,#11289));
#11153 = ADVANCED_FACE('',(#11154),#11188,.F.);
#11154 = FACE_BOUND('',#11155,.F.);
#11155 = EDGE_LOOP('',(#11156,#11166,#11174,#11182));
#11156 = ORIENTED_EDGE('',*,*,#11157,.F.);
#11157 = EDGE_CURVE('',#11158,#11160,#11162,.T.);
#11158 = VERTEX_POINT('',#11159);
#11159 = CARTESIAN_POINT('',(335.,293.,248.));
#11160 = VERTEX_POINT('',#11161);
#11161 = CARTESIAN_POINT('',(335.,293.,260.));
#11162 = LINE('',#11163,#11164);
#11163 = CARTESIAN_POINT('',(335.,293.,248.));
#11164 = VECTOR('',#11165,1.);
#11165 = DIRECTION('',(0.,0.,1.));
#11166 = ORIENTED_EDGE('',*,*,#11167,.T.);
#11167 = EDGE_CURVE('',#11158,#11168,#11170,.T.);
#11168 = VERTEX_POINT('',#11169);
#11169 = CARTESIAN_POINT('',(335.,298.,248.));
#11170 = LINE('',#11171,#11172);
#11171 = CARTESIAN_POINT('',(335.,293.,248.));
#11172 = VECTOR('',#11173,1.);
#11173 = DIRECTION('',(0.,1.,0.));
#11174 = ORIENTED_EDGE('',*,*,#11175,.T.);
#11175 = EDGE_CURVE('',#11168,#11176,#11178,.T.);
#11176 = VERTEX_POINT('',#11177);
#11177 = CARTESIAN_POINT('',(335.,298.,260.));
#11178 = LINE('',#11179,#11180);
#11179 = CARTESIAN_POINT('',(335.,298.,248.));
#11180 = VECTOR('',#11181,1.);
#11181 = DIRECTION('',(0.,0.,1.));
#11182 = ORIENTED_EDGE('',*,*,#11183,.F.);
#11183 = EDGE_CURVE('',#11160,#11176,#11184,.T.);
#11184 = LINE('',#11185,#11186);
#11185 = CARTESIAN_POINT('',(335.,293.,260.));
#11186 = VECTOR('',#11187,1.);
#11187 = DIRECTION('',(0.,1.,0.));
#11188 = PLANE('',#11189);
#11189 = AXIS2_PLACEMENT_3D('',#11190,#11191,#11192);
#11190 = CARTESIAN_POINT('',(335.,293.,248.));
#11191 = DIRECTION('',(1.,0.,0.));
#11192 = DIRECTION('',(0.,0.,1.));
#11193 = ADVANCED_FACE('',(#11194),#11228,.T.);
#11194 = FACE_BOUND('',#11195,.T.);
#11195 = EDGE_LOOP('',(#11196,#11206,#11214,#11222));
#11196 = ORIENTED_EDGE('',*,*,#11197,.F.);
#11197 = EDGE_CURVE('',#11198,#11200,#11202,.T.);
#11198 = VERTEX_POINT('',#11199);
#11199 = CARTESIAN_POINT('',(348.,293.,248.));
#11200 = VERTEX_POINT('',#11201);
#11201 = CARTESIAN_POINT('',(348.,293.,260.));
#11202 = LINE('',#11203,#11204);
#11203 = CARTESIAN_POINT('',(348.,293.,248.));
#11204 = VECTOR('',#11205,1.);
#11205 = DIRECTION('',(0.,0.,1.));
#11206 = ORIENTED_EDGE('',*,*,#11207,.T.);
#11207 = EDGE_CURVE('',#11198,#11208,#11210,.T.);
#11208 = VERTEX_POINT('',#11209);
#11209 = CARTESIAN_POINT('',(348.,298.,248.));
#11210 = LINE('',#11211,#11212);
#11211 = CARTESIAN_POINT('',(348.,293.,248.));
#11212 = VECTOR('',#11213,1.);
#11213 = DIRECTION('',(0.,1.,0.));
#11214 = ORIENTED_EDGE('',*,*,#11215,.T.);
#11215 = EDGE_CURVE('',#11208,#11216,#11218,.T.);
#11216 = VERTEX_POINT('',#11217);
#11217 = CARTESIAN_POINT('',(348.,298.,260.));
#11218 = LINE('',#11219,#11220);
#11219 = CARTESIAN_POINT('',(348.,298.,248.));
#11220 = VECTOR('',#11221,1.);
#11221 = DIRECTION('',(0.,0.,1.));
#11222 = ORIENTED_EDGE('',*,*,#11223,.F.);
#11223 = EDGE_CURVE('',#11200,#11216,#11224,.T.);
#11224 = LINE('',#11225,#11226);
#11225 = CARTESIAN_POINT('',(348.,293.,260.));
#11226 = VECTOR('',#11227,1.);
#11227 = DIRECTION('',(0.,1.,0.));
#11228 = PLANE('',#11229);
#11229 = AXIS2_PLACEMENT_3D('',#11230,#11231,#11232);
#11230 = CARTESIAN_POINT('',(348.,293.,248.));
#11231 = DIRECTION('',(1.,0.,0.));
#11232 = DIRECTION('',(0.,0.,1.));
#11233 = ADVANCED_FACE('',(#11234),#11250,.F.);
#11234 = FACE_BOUND('',#11235,.F.);
#11235 = EDGE_LOOP('',(#11236,#11242,#11243,#11249));
#11236 = ORIENTED_EDGE('',*,*,#11237,.F.);
#11237 = EDGE_CURVE('',#11158,#11198,#11238,.T.);
#11238 = LINE('',#11239,#11240);
#11239 = CARTESIAN_POINT('',(335.,293.,248.));
#11240 = VECTOR('',#11241,1.);
#11241 = DIRECTION('',(1.,0.,0.));
#11242 = ORIENTED_EDGE('',*,*,#11157,.T.);
#11243 = ORIENTED_EDGE('',*,*,#11244,.T.);
#11244 = EDGE_CURVE('',#11160,#11200,#11245,.T.);
#11245 = LINE('',#11246,#11247);
#11246 = CARTESIAN_POINT('',(335.,293.,260.));
#11247 = VECTOR('',#11248,1.);
#11248 = DIRECTION('',(1.,0.,0.));
#11249 = ORIENTED_EDGE('',*,*,#11197,.F.);
#11250 = PLANE('',#11251);
#11251 = AXIS2_PLACEMENT_3D('',#11252,#11253,#11254);
#11252 = CARTESIAN_POINT('',(335.,293.,248.));
#11253 = DIRECTION('',(0.,1.,0.));
#11254 = DIRECTION('',(0.,0.,1.));
#11255 = ADVANCED_FACE('',(#11256),#11272,.T.);
#11256 = FACE_BOUND('',#11257,.T.);
#11257 = EDGE_LOOP('',(#11258,#11264,#11265,#11271));
#11258 = ORIENTED_EDGE('',*,*,#11259,.F.);
#11259 = EDGE_CURVE('',#11168,#11208,#11260,.T.);
#11260 = LINE('',#11261,#11262);
#11261 = CARTESIAN_POINT('',(335.,298.,248.));
#11262 = VECTOR('',#11263,1.);
#11263 = DIRECTION('',(1.,0.,0.));
#11264 = ORIENTED_EDGE('',*,*,#11175,.T.);
#11265 = ORIENTED_EDGE('',*,*,#11266,.T.);
#11266 = EDGE_CURVE('',#11176,#11216,#11267,.T.);
#11267 = LINE('',#11268,#11269);
#11268 = CARTESIAN_POINT('',(335.,298.,260.));
#11269 = VECTOR('',#11270,1.);
#11270 = DIRECTION('',(1.,0.,0.));
#11271 = ORIENTED_EDGE('',*,*,#11215,.F.);
#11272 = PLANE('',#11273);
#11273 = AXIS2_PLACEMENT_3D('',#11274,#11275,#11276);
#11274 = CARTESIAN_POINT('',(335.,298.,248.));
#11275 = DIRECTION('',(0.,1.,0.));
#11276 = DIRECTION('',(0.,0.,1.));
#11277 = ADVANCED_FACE('',(#11278),#11284,.F.);
#11278 = FACE_BOUND('',#11279,.F.);
#11279 = EDGE_LOOP('',(#11280,#11281,#11282,#11283));
#11280 = ORIENTED_EDGE('',*,*,#11167,.F.);
#11281 = ORIENTED_EDGE('',*,*,#11237,.T.);
#11282 = ORIENTED_EDGE('',*,*,#11207,.T.);
#11283 = ORIENTED_EDGE('',*,*,#11259,.F.);
#11284 = PLANE('',#11285);
#11285 = AXIS2_PLACEMENT_3D('',#11286,#11287,#11288);
#11286 = CARTESIAN_POINT('',(335.,293.,248.));
#11287 = DIRECTION('',(0.,0.,1.));
#11288 = DIRECTION('',(1.,0.,0.));
#11289 = ADVANCED_FACE('',(#11290),#11296,.T.);
#11290 = FACE_BOUND('',#11291,.T.);
#11291 = EDGE_LOOP('',(#11292,#11293,#11294,#11295));
#11292 = ORIENTED_EDGE('',*,*,#11183,.F.);
#11293 = ORIENTED_EDGE('',*,*,#11244,.T.);
#11294 = ORIENTED_EDGE('',*,*,#11223,.T.);
#11295 = ORIENTED_EDGE('',*,*,#11266,.F.);
#11296 = PLANE('',#11297);
#11297 = AXIS2_PLACEMENT_3D('',#11298,#11299,#11300);
#11298 = CARTESIAN_POINT('',(335.,293.,260.));
#11299 = DIRECTION('',(0.,0.,1.));
#11300 = DIRECTION('',(1.,0.,0.));
#11301 = MANIFOLD_SOLID_BREP('',#11302);
#11302 = CLOSED_SHELL('',(#11303,#11343,#11383,#11405,#11427,#11439));
#11303 = ADVANCED_FACE('',(#11304),#11338,.F.);
#11304 = FACE_BOUND('',#11305,.F.);
#11305 = EDGE_LOOP('',(#11306,#11316,#11324,#11332));
#11306 = ORIENTED_EDGE('',*,*,#11307,.F.);
#11307 = EDGE_CURVE('',#11308,#11310,#11312,.T.);
#11308 = VERTEX_POINT('',#11309);
#11309 = CARTESIAN_POINT('',(372.,293.,248.));
#11310 = VERTEX_POINT('',#11311);
#11311 = CARTESIAN_POINT('',(372.,293.,260.));
#11312 = LINE('',#11313,#11314);
#11313 = CARTESIAN_POINT('',(372.,293.,248.));
#11314 = VECTOR('',#11315,1.);
#11315 = DIRECTION('',(0.,0.,1.));
#11316 = ORIENTED_EDGE('',*,*,#11317,.T.);
#11317 = EDGE_CURVE('',#11308,#11318,#11320,.T.);
#11318 = VERTEX_POINT('',#11319);
#11319 = CARTESIAN_POINT('',(372.,298.,248.));
#11320 = LINE('',#11321,#11322);
#11321 = CARTESIAN_POINT('',(372.,293.,248.));
#11322 = VECTOR('',#11323,1.);
#11323 = DIRECTION('',(0.,1.,0.));
#11324 = ORIENTED_EDGE('',*,*,#11325,.T.);
#11325 = EDGE_CURVE('',#11318,#11326,#11328,.T.);
#11326 = VERTEX_POINT('',#11327);
#11327 = CARTESIAN_POINT('',(372.,298.,260.));
#11328 = LINE('',#11329,#11330);
#11329 = CARTESIAN_POINT('',(372.,298.,248.));
#11330 = VECTOR('',#11331,1.);
#11331 = DIRECTION('',(0.,0.,1.));
#11332 = ORIENTED_EDGE('',*,*,#11333,.F.);
#11333 = EDGE_CURVE('',#11310,#11326,#11334,.T.);
#11334 = LINE('',#11335,#11336);
#11335 = CARTESIAN_POINT('',(372.,293.,260.));
#11336 = VECTOR('',#11337,1.);
#11337 = DIRECTION('',(0.,1.,0.));
#11338 = PLANE('',#11339);
#11339 = AXIS2_PLACEMENT_3D('',#11340,#11341,#11342);
#11340 = CARTESIAN_POINT('',(372.,293.,248.));
#11341 = DIRECTION('',(1.,0.,0.));
#11342 = DIRECTION('',(0.,0.,1.));
#11343 = ADVANCED_FACE('',(#11344),#11378,.T.);
#11344 = FACE_BOUND('',#11345,.T.);
#11345 = EDGE_LOOP('',(#11346,#11356,#11364,#11372));
#11346 = ORIENTED_EDGE('',*,*,#11347,.F.);
#11347 = EDGE_CURVE('',#11348,#11350,#11352,.T.);
#11348 = VERTEX_POINT('',#11349);
#11349 = CARTESIAN_POINT('',(385.,293.,248.));
#11350 = VERTEX_POINT('',#11351);
#11351 = CARTESIAN_POINT('',(385.,293.,260.));
#11352 = LINE('',#11353,#11354);
#11353 = CARTESIAN_POINT('',(385.,293.,248.));
#11354 = VECTOR('',#11355,1.);
#11355 = DIRECTION('',(0.,0.,1.));
#11356 = ORIENTED_EDGE('',*,*,#11357,.T.);
#11357 = EDGE_CURVE('',#11348,#11358,#11360,.T.);
#11358 = VERTEX_POINT('',#11359);
#11359 = CARTESIAN_POINT('',(385.,298.,248.));
#11360 = LINE('',#11361,#11362);
#11361 = CARTESIAN_POINT('',(385.,293.,248.));
#11362 = VECTOR('',#11363,1.);
#11363 = DIRECTION('',(0.,1.,0.));
#11364 = ORIENTED_EDGE('',*,*,#11365,.T.);
#11365 = EDGE_CURVE('',#11358,#11366,#11368,.T.);
#11366 = VERTEX_POINT('',#11367);
#11367 = CARTESIAN_POINT('',(385.,298.,260.));
#11368 = LINE('',#11369,#11370);
#11369 = CARTESIAN_POINT('',(385.,298.,248.));
#11370 = VECTOR('',#11371,1.);
#11371 = DIRECTION('',(0.,0.,1.));
#11372 = ORIENTED_EDGE('',*,*,#11373,.F.);
#11373 = EDGE_CURVE('',#11350,#11366,#11374,.T.);
#11374 = LINE('',#11375,#11376);
#11375 = CARTESIAN_POINT('',(385.,293.,260.));
#11376 = VECTOR('',#11377,1.);
#11377 = DIRECTION('',(0.,1.,0.));
#11378 = PLANE('',#11379);
#11379 = AXIS2_PLACEMENT_3D('',#11380,#11381,#11382);
#11380 = CARTESIAN_POINT('',(385.,293.,248.));
#11381 = DIRECTION('',(1.,0.,0.));
#11382 = DIRECTION('',(0.,0.,1.));
#11383 = ADVANCED_FACE('',(#11384),#11400,.F.);
#11384 = FACE_BOUND('',#11385,.F.);
#11385 = EDGE_LOOP('',(#11386,#11392,#11393,#11399));
#11386 = ORIENTED_EDGE('',*,*,#11387,.F.);
#11387 = EDGE_CURVE('',#11308,#11348,#11388,.T.);
#11388 = LINE('',#11389,#11390);
#11389 = CARTESIAN_POINT('',(372.,293.,248.));
#11390 = VECTOR('',#11391,1.);
#11391 = DIRECTION('',(1.,0.,0.));
#11392 = ORIENTED_EDGE('',*,*,#11307,.T.);
#11393 = ORIENTED_EDGE('',*,*,#11394,.T.);
#11394 = EDGE_CURVE('',#11310,#11350,#11395,.T.);
#11395 = LINE('',#11396,#11397);
#11396 = CARTESIAN_POINT('',(372.,293.,260.));
#11397 = VECTOR('',#11398,1.);
#11398 = DIRECTION('',(1.,0.,0.));
#11399 = ORIENTED_EDGE('',*,*,#11347,.F.);
#11400 = PLANE('',#11401);
#11401 = AXIS2_PLACEMENT_3D('',#11402,#11403,#11404);
#11402 = CARTESIAN_POINT('',(372.,293.,248.));
#11403 = DIRECTION('',(0.,1.,0.));
#11404 = DIRECTION('',(0.,0.,1.));
#11405 = ADVANCED_FACE('',(#11406),#11422,.T.);
#11406 = FACE_BOUND('',#11407,.T.);
#11407 = EDGE_LOOP('',(#11408,#11414,#11415,#11421));
#11408 = ORIENTED_EDGE('',*,*,#11409,.F.);
#11409 = EDGE_CURVE('',#11318,#11358,#11410,.T.);
#11410 = LINE('',#11411,#11412);
#11411 = CARTESIAN_POINT('',(372.,298.,248.));
#11412 = VECTOR('',#11413,1.);
#11413 = DIRECTION('',(1.,0.,0.));
#11414 = ORIENTED_EDGE('',*,*,#11325,.T.);
#11415 = ORIENTED_EDGE('',*,*,#11416,.T.);
#11416 = EDGE_CURVE('',#11326,#11366,#11417,.T.);
#11417 = LINE('',#11418,#11419);
#11418 = CARTESIAN_POINT('',(372.,298.,260.));
#11419 = VECTOR('',#11420,1.);
#11420 = DIRECTION('',(1.,0.,0.));
#11421 = ORIENTED_EDGE('',*,*,#11365,.F.);
#11422 = PLANE('',#11423);
#11423 = AXIS2_PLACEMENT_3D('',#11424,#11425,#11426);
#11424 = CARTESIAN_POINT('',(372.,298.,248.));
#11425 = DIRECTION('',(0.,1.,0.));
#11426 = DIRECTION('',(0.,0.,1.));
#11427 = ADVANCED_FACE('',(#11428),#11434,.F.);
#11428 = FACE_BOUND('',#11429,.F.);
#11429 = EDGE_LOOP('',(#11430,#11431,#11432,#11433));
#11430 = ORIENTED_EDGE('',*,*,#11317,.F.);
#11431 = ORIENTED_EDGE('',*,*,#11387,.T.);
#11432 = ORIENTED_EDGE('',*,*,#11357,.T.);
#11433 = ORIENTED_EDGE('',*,*,#11409,.F.);
#11434 = PLANE('',#11435);
#11435 = AXIS2_PLACEMENT_3D('',#11436,#11437,#11438);
#11436 = CARTESIAN_POINT('',(372.,293.,248.));
#11437 = DIRECTION('',(0.,0.,1.));
#11438 = DIRECTION('',(1.,0.,0.));
#11439 = ADVANCED_FACE('',(#11440),#11446,.T.);
#11440 = FACE_BOUND('',#11441,.T.);
#11441 = EDGE_LOOP('',(#11442,#11443,#11444,#11445));
#11442 = ORIENTED_EDGE('',*,*,#11333,.F.);
#11443 = ORIENTED_EDGE('',*,*,#11394,.T.);
#11444 = ORIENTED_EDGE('',*,*,#11373,.T.);
#11445 = ORIENTED_EDGE('',*,*,#11416,.F.);
#11446 = PLANE('',#11447);
#11447 = AXIS2_PLACEMENT_3D('',#11448,#11449,#11450);
#11448 = CARTESIAN_POINT('',(372.,293.,260.));
#11449 = DIRECTION('',(0.,0.,1.));
#11450 = DIRECTION('',(1.,0.,0.));
#11451 = MANIFOLD_SOLID_BREP('',#11452);
#11452 = CLOSED_SHELL('',(#11453,#11493,#11533,#11555,#11577,#11589));
#11453 = ADVANCED_FACE('',(#11454),#11488,.F.);
#11454 = FACE_BOUND('',#11455,.F.);
#11455 = EDGE_LOOP('',(#11456,#11466,#11474,#11482));
#11456 = ORIENTED_EDGE('',*,*,#11457,.F.);
#11457 = EDGE_CURVE('',#11458,#11460,#11462,.T.);
#11458 = VERTEX_POINT('',#11459);
#11459 = CARTESIAN_POINT('',(335.,352.,248.));
#11460 = VERTEX_POINT('',#11461);
#11461 = CARTESIAN_POINT('',(335.,352.,260.));
#11462 = LINE('',#11463,#11464);
#11463 = CARTESIAN_POINT('',(335.,352.,248.));
#11464 = VECTOR('',#11465,1.);
#11465 = DIRECTION('',(0.,0.,1.));
#11466 = ORIENTED_EDGE('',*,*,#11467,.T.);
#11467 = EDGE_CURVE('',#11458,#11468,#11470,.T.);
#11468 = VERTEX_POINT('',#11469);
#11469 = CARTESIAN_POINT('',(335.,357.,248.));
#11470 = LINE('',#11471,#11472);
#11471 = CARTESIAN_POINT('',(335.,352.,248.));
#11472 = VECTOR('',#11473,1.);
#11473 = DIRECTION('',(0.,1.,0.));
#11474 = ORIENTED_EDGE('',*,*,#11475,.T.);
#11475 = EDGE_CURVE('',#11468,#11476,#11478,.T.);
#11476 = VERTEX_POINT('',#11477);
#11477 = CARTESIAN_POINT('',(335.,357.,260.));
#11478 = LINE('',#11479,#11480);
#11479 = CARTESIAN_POINT('',(335.,357.,248.));
#11480 = VECTOR('',#11481,1.);
#11481 = DIRECTION('',(0.,0.,1.));
#11482 = ORIENTED_EDGE('',*,*,#11483,.F.);
#11483 = EDGE_CURVE('',#11460,#11476,#11484,.T.);
#11484 = LINE('',#11485,#11486);
#11485 = CARTESIAN_POINT('',(335.,352.,260.));
#11486 = VECTOR('',#11487,1.);
#11487 = DIRECTION('',(0.,1.,0.));
#11488 = PLANE('',#11489);
#11489 = AXIS2_PLACEMENT_3D('',#11490,#11491,#11492);
#11490 = CARTESIAN_POINT('',(335.,352.,248.));
#11491 = DIRECTION('',(1.,0.,0.));
#11492 = DIRECTION('',(0.,0.,1.));
#11493 = ADVANCED_FACE('',(#11494),#11528,.T.);
#11494 = FACE_BOUND('',#11495,.T.);
#11495 = EDGE_LOOP('',(#11496,#11506,#11514,#11522));
#11496 = ORIENTED_EDGE('',*,*,#11497,.F.);
#11497 = EDGE_CURVE('',#11498,#11500,#11502,.T.);
#11498 = VERTEX_POINT('',#11499);
#11499 = CARTESIAN_POINT('',(385.,352.,248.));
#11500 = VERTEX_POINT('',#11501);
#11501 = CARTESIAN_POINT('',(385.,352.,260.));
#11502 = LINE('',#11503,#11504);
#11503 = CARTESIAN_POINT('',(385.,352.,248.));
#11504 = VECTOR('',#11505,1.);
#11505 = DIRECTION('',(0.,0.,1.));
#11506 = ORIENTED_EDGE('',*,*,#11507,.T.);
#11507 = EDGE_CURVE('',#11498,#11508,#11510,.T.);
#11508 = VERTEX_POINT('',#11509);
#11509 = CARTESIAN_POINT('',(385.,357.,248.));
#11510 = LINE('',#11511,#11512);
#11511 = CARTESIAN_POINT('',(385.,352.,248.));
#11512 = VECTOR('',#11513,1.);
#11513 = DIRECTION('',(0.,1.,0.));
#11514 = ORIENTED_EDGE('',*,*,#11515,.T.);
#11515 = EDGE_CURVE('',#11508,#11516,#11518,.T.);
#11516 = VERTEX_POINT('',#11517);
#11517 = CARTESIAN_POINT('',(385.,357.,260.));
#11518 = LINE('',#11519,#11520);
#11519 = CARTESIAN_POINT('',(385.,357.,248.));
#11520 = VECTOR('',#11521,1.);
#11521 = DIRECTION('',(0.,0.,1.));
#11522 = ORIENTED_EDGE('',*,*,#11523,.F.);
#11523 = EDGE_CURVE('',#11500,#11516,#11524,.T.);
#11524 = LINE('',#11525,#11526);
#11525 = CARTESIAN_POINT('',(385.,352.,260.));
#11526 = VECTOR('',#11527,1.);
#11527 = DIRECTION('',(0.,1.,0.));
#11528 = PLANE('',#11529);
#11529 = AXIS2_PLACEMENT_3D('',#11530,#11531,#11532);
#11530 = CARTESIAN_POINT('',(385.,352.,248.));
#11531 = DIRECTION('',(1.,0.,0.));
#11532 = DIRECTION('',(0.,0.,1.));
#11533 = ADVANCED_FACE('',(#11534),#11550,.F.);
#11534 = FACE_BOUND('',#11535,.F.);
#11535 = EDGE_LOOP('',(#11536,#11542,#11543,#11549));
#11536 = ORIENTED_EDGE('',*,*,#11537,.F.);
#11537 = EDGE_CURVE('',#11458,#11498,#11538,.T.);
#11538 = LINE('',#11539,#11540);
#11539 = CARTESIAN_POINT('',(335.,352.,248.));
#11540 = VECTOR('',#11541,1.);
#11541 = DIRECTION('',(1.,0.,0.));
#11542 = ORIENTED_EDGE('',*,*,#11457,.T.);
#11543 = ORIENTED_EDGE('',*,*,#11544,.T.);
#11544 = EDGE_CURVE('',#11460,#11500,#11545,.T.);
#11545 = LINE('',#11546,#11547);
#11546 = CARTESIAN_POINT('',(335.,352.,260.));
#11547 = VECTOR('',#11548,1.);
#11548 = DIRECTION('',(1.,0.,0.));
#11549 = ORIENTED_EDGE('',*,*,#11497,.F.);
#11550 = PLANE('',#11551);
#11551 = AXIS2_PLACEMENT_3D('',#11552,#11553,#11554);
#11552 = CARTESIAN_POINT('',(335.,352.,248.));
#11553 = DIRECTION('',(0.,1.,0.));
#11554 = DIRECTION('',(0.,0.,1.));
#11555 = ADVANCED_FACE('',(#11556),#11572,.T.);
#11556 = FACE_BOUND('',#11557,.T.);
#11557 = EDGE_LOOP('',(#11558,#11564,#11565,#11571));
#11558 = ORIENTED_EDGE('',*,*,#11559,.F.);
#11559 = EDGE_CURVE('',#11468,#11508,#11560,.T.);
#11560 = LINE('',#11561,#11562);
#11561 = CARTESIAN_POINT('',(335.,357.,248.));
#11562 = VECTOR('',#11563,1.);
#11563 = DIRECTION('',(1.,0.,0.));
#11564 = ORIENTED_EDGE('',*,*,#11475,.T.);
#11565 = ORIENTED_EDGE('',*,*,#11566,.T.);
#11566 = EDGE_CURVE('',#11476,#11516,#11567,.T.);
#11567 = LINE('',#11568,#11569);
#11568 = CARTESIAN_POINT('',(335.,357.,260.));
#11569 = VECTOR('',#11570,1.);
#11570 = DIRECTION('',(1.,0.,0.));
#11571 = ORIENTED_EDGE('',*,*,#11515,.F.);
#11572 = PLANE('',#11573);
#11573 = AXIS2_PLACEMENT_3D('',#11574,#11575,#11576);
#11574 = CARTESIAN_POINT('',(335.,357.,248.));
#11575 = DIRECTION('',(0.,1.,0.));
#11576 = DIRECTION('',(0.,0.,1.));
#11577 = ADVANCED_FACE('',(#11578),#11584,.F.);
#11578 = FACE_BOUND('',#11579,.F.);
#11579 = EDGE_LOOP('',(#11580,#11581,#11582,#11583));
#11580 = ORIENTED_EDGE('',*,*,#11467,.F.);
#11581 = ORIENTED_EDGE('',*,*,#11537,.T.);
#11582 = ORIENTED_EDGE('',*,*,#11507,.T.);
#11583 = ORIENTED_EDGE('',*,*,#11559,.F.);
#11584 = PLANE('',#11585);
#11585 = AXIS2_PLACEMENT_3D('',#11586,#11587,#11588);
#11586 = CARTESIAN_POINT('',(335.,352.,248.));
#11587 = DIRECTION('',(0.,0.,1.));
#11588 = DIRECTION('',(1.,0.,0.));
#11589 = ADVANCED_FACE('',(#11590),#11596,.T.);
#11590 = FACE_BOUND('',#11591,.T.);
#11591 = EDGE_LOOP('',(#11592,#11593,#11594,#11595));
#11592 = ORIENTED_EDGE('',*,*,#11483,.F.);
#11593 = ORIENTED_EDGE('',*,*,#11544,.T.);
#11594 = ORIENTED_EDGE('',*,*,#11523,.T.);
#11595 = ORIENTED_EDGE('',*,*,#11566,.F.);
#11596 = PLANE('',#11597);
#11597 = AXIS2_PLACEMENT_3D('',#11598,#11599,#11600);
#11598 = CARTESIAN_POINT('',(335.,352.,260.));
#11599 = DIRECTION('',(0.,0.,1.));
#11600 = DIRECTION('',(1.,0.,0.));
#11601 = MANIFOLD_SOLID_BREP('',#11602);
#11602 = CLOSED_SHELL('',(#11603,#11636,#11645));
#11603 = ADVANCED_FACE('',(#11604),#11631,.T.);
#11604 = FACE_BOUND('',#11605,.T.);
#11605 = EDGE_LOOP('',(#11606,#11615,#11623,#11630));
#11606 = ORIENTED_EDGE('',*,*,#11607,.F.);
#11607 = EDGE_CURVE('',#11608,#11608,#11610,.T.);
#11608 = VERTEX_POINT('',#11609);
#11609 = CARTESIAN_POINT('',(382.5,325.,264.));
#11610 = CIRCLE('',#11611,22.5);
#11611 = AXIS2_PLACEMENT_3D('',#11612,#11613,#11614);
#11612 = CARTESIAN_POINT('',(360.,325.,264.));
#11613 = DIRECTION('',(0.,0.,1.));
#11614 = DIRECTION('',(1.,0.,0.));
#11615 = ORIENTED_EDGE('',*,*,#11616,.F.);
#11616 = EDGE_CURVE('',#11617,#11608,#11619,.T.);
#11617 = VERTEX_POINT('',#11618);
#11618 = CARTESIAN_POINT('',(382.5,325.,248.));
#11619 = LINE('',#11620,#11621);
#11620 = CARTESIAN_POINT('',(382.5,325.,248.));
#11621 = VECTOR('',#11622,1.);
#11622 = DIRECTION('',(0.,0.,1.));
#11623 = ORIENTED_EDGE('',*,*,#11624,.T.);
#11624 = EDGE_CURVE('',#11617,#11617,#11625,.T.);
#11625 = CIRCLE('',#11626,22.5);
#11626 = AXIS2_PLACEMENT_3D('',#11627,#11628,#11629);
#11627 = CARTESIAN_POINT('',(360.,325.,248.));
#11628 = DIRECTION('',(0.,0.,1.));
#11629 = DIRECTION('',(1.,0.,0.));
#11630 = ORIENTED_EDGE('',*,*,#11616,.T.);
#11631 = CYLINDRICAL_SURFACE('',#11632,22.5);
#11632 = AXIS2_PLACEMENT_3D('',#11633,#11634,#11635);
#11633 = CARTESIAN_POINT('',(360.,325.,248.));
#11634 = DIRECTION('',(0.,0.,1.));
#11635 = DIRECTION('',(1.,0.,0.));
#11636 = ADVANCED_FACE('',(#11637),#11640,.T.);
#11637 = FACE_BOUND('',#11638,.T.);
#11638 = EDGE_LOOP('',(#11639));
#11639 = ORIENTED_EDGE('',*,*,#11607,.T.);
#11640 = PLANE('',#11641);
#11641 = AXIS2_PLACEMENT_3D('',#11642,#11643,#11644);
#11642 = CARTESIAN_POINT('',(360.,325.,264.));
#11643 = DIRECTION('',(0.,0.,1.));
#11644 = DIRECTION('',(1.,0.,0.));
#11645 = ADVANCED_FACE('',(#11646),#11649,.F.);
#11646 = FACE_BOUND('',#11647,.T.);
#11647 = EDGE_LOOP('',(#11648));
#11648 = ORIENTED_EDGE('',*,*,#11624,.F.);
#11649 = PLANE('',#11650);
#11650 = AXIS2_PLACEMENT_3D('',#11651,#11652,#11653);
#11651 = CARTESIAN_POINT('',(360.,325.,248.));
#11652 = DIRECTION('',(0.,0.,1.));
#11653 = DIRECTION('',(1.,0.,0.));
#11654 = MANIFOLD_SOLID_BREP('',#11655);
#11655 = CLOSED_SHELL('',(#11656,#11689,#11698));
#11656 = ADVANCED_FACE('',(#11657),#11684,.T.);
#11657 = FACE_BOUND('',#11658,.T.);
#11658 = EDGE_LOOP('',(#11659,#11668,#11676,#11683));
#11659 = ORIENTED_EDGE('',*,*,#11660,.F.);
#11660 = EDGE_CURVE('',#11661,#11661,#11663,.T.);
#11661 = VERTEX_POINT('',#11662);
#11662 = CARTESIAN_POINT('',(382.5,325.,268.));
#11663 = CIRCLE('',#11664,22.5);
#11664 = AXIS2_PLACEMENT_3D('',#11665,#11666,#11667);
#11665 = CARTESIAN_POINT('',(360.,325.,268.));
#11666 = DIRECTION('',(0.,0.,1.));
#11667 = DIRECTION('',(1.,0.,0.));
#11668 = ORIENTED_EDGE('',*,*,#11669,.F.);
#11669 = EDGE_CURVE('',#11670,#11661,#11672,.T.);
#11670 = VERTEX_POINT('',#11671);
#11671 = CARTESIAN_POINT('',(382.5,325.,264.));
#11672 = LINE('',#11673,#11674);
#11673 = CARTESIAN_POINT('',(382.5,325.,264.));
#11674 = VECTOR('',#11675,1.);
#11675 = DIRECTION('',(0.,0.,1.));
#11676 = ORIENTED_EDGE('',*,*,#11677,.T.);
#11677 = EDGE_CURVE('',#11670,#11670,#11678,.T.);
#11678 = CIRCLE('',#11679,22.5);
#11679 = AXIS2_PLACEMENT_3D('',#11680,#11681,#11682);
#11680 = CARTESIAN_POINT('',(360.,325.,264.));
#11681 = DIRECTION('',(0.,0.,1.));
#11682 = DIRECTION('',(1.,0.,0.));
#11683 = ORIENTED_EDGE('',*,*,#11669,.T.);
#11684 = CYLINDRICAL_SURFACE('',#11685,22.5);
#11685 = AXIS2_PLACEMENT_3D('',#11686,#11687,#11688);
#11686 = CARTESIAN_POINT('',(360.,325.,264.));
#11687 = DIRECTION('',(0.,0.,1.));
#11688 = DIRECTION('',(1.,0.,0.));
#11689 = ADVANCED_FACE('',(#11690),#11693,.T.);
#11690 = FACE_BOUND('',#11691,.T.);
#11691 = EDGE_LOOP('',(#11692));
#11692 = ORIENTED_EDGE('',*,*,#11660,.T.);
#11693 = PLANE('',#11694);
#11694 = AXIS2_PLACEMENT_3D('',#11695,#11696,#11697);
#11695 = CARTESIAN_POINT('',(360.,325.,268.));
#11696 = DIRECTION('',(0.,0.,1.));
#11697 = DIRECTION('',(1.,0.,0.));
#11698 = ADVANCED_FACE('',(#11699),#11702,.F.);
#11699 = FACE_BOUND('',#11700,.T.);
#11700 = EDGE_LOOP('',(#11701));
#11701 = ORIENTED_EDGE('',*,*,#11677,.F.);
#11702 = PLANE('',#11703);
#11703 = AXIS2_PLACEMENT_3D('',#11704,#11705,#11706);
#11704 = CARTESIAN_POINT('',(360.,325.,264.));
#11705 = DIRECTION('',(0.,0.,1.));
#11706 = DIRECTION('',(1.,0.,0.));
#11707 = MANIFOLD_SOLID_BREP('',#11708);
#11708 = CLOSED_SHELL('',(#11709,#11749,#11789,#11811,#11833,#11845));
#11709 = ADVANCED_FACE('',(#11710),#11744,.F.);
#11710 = FACE_BOUND('',#11711,.F.);
#11711 = EDGE_LOOP('',(#11712,#11722,#11730,#11738));
#11712 = ORIENTED_EDGE('',*,*,#11713,.F.);
#11713 = EDGE_CURVE('',#11714,#11716,#11718,.T.);
#11714 = VERTEX_POINT('',#11715);
#11715 = CARTESIAN_POINT('',(450.,293.,240.));
#11716 = VERTEX_POINT('',#11717);
#11717 = CARTESIAN_POINT('',(450.,293.,248.));
#11718 = LINE('',#11719,#11720);
#11719 = CARTESIAN_POINT('',(450.,293.,240.));
#11720 = VECTOR('',#11721,1.);
#11721 = DIRECTION('',(0.,0.,1.));
#11722 = ORIENTED_EDGE('',*,*,#11723,.T.);
#11723 = EDGE_CURVE('',#11714,#11724,#11726,.T.);
#11724 = VERTEX_POINT('',#11725);
#11725 = CARTESIAN_POINT('',(450.,357.,240.));
#11726 = LINE('',#11727,#11728);
#11727 = CARTESIAN_POINT('',(450.,293.,240.));
#11728 = VECTOR('',#11729,1.);
#11729 = DIRECTION('',(0.,1.,0.));
#11730 = ORIENTED_EDGE('',*,*,#11731,.T.);
#11731 = EDGE_CURVE('',#11724,#11732,#11734,.T.);
#11732 = VERTEX_POINT('',#11733);
#11733 = CARTESIAN_POINT('',(450.,357.,248.));
#11734 = LINE('',#11735,#11736);
#11735 = CARTESIAN_POINT('',(450.,357.,240.));
#11736 = VECTOR('',#11737,1.);
#11737 = DIRECTION('',(0.,0.,1.));
#11738 = ORIENTED_EDGE('',*,*,#11739,.F.);
#11739 = EDGE_CURVE('',#11716,#11732,#11740,.T.);
#11740 = LINE('',#11741,#11742);
#11741 = CARTESIAN_POINT('',(450.,293.,248.));
#11742 = VECTOR('',#11743,1.);
#11743 = DIRECTION('',(0.,1.,0.));
#11744 = PLANE('',#11745);
#11745 = AXIS2_PLACEMENT_3D('',#11746,#11747,#11748);
#11746 = CARTESIAN_POINT('',(450.,293.,240.));
#11747 = DIRECTION('',(1.,0.,0.));
#11748 = DIRECTION('',(0.,0.,1.));
#11749 = ADVANCED_FACE('',(#11750),#11784,.T.);
#11750 = FACE_BOUND('',#11751,.T.);
#11751 = EDGE_LOOP('',(#11752,#11762,#11770,#11778));
#11752 = ORIENTED_EDGE('',*,*,#11753,.F.);
#11753 = EDGE_CURVE('',#11754,#11756,#11758,.T.);
#11754 = VERTEX_POINT('',#11755);
#11755 = CARTESIAN_POINT('',(510.,293.,240.));
#11756 = VERTEX_POINT('',#11757);
#11757 = CARTESIAN_POINT('',(510.,293.,248.));
#11758 = LINE('',#11759,#11760);
#11759 = CARTESIAN_POINT('',(510.,293.,240.));
#11760 = VECTOR('',#11761,1.);
#11761 = DIRECTION('',(0.,0.,1.));
#11762 = ORIENTED_EDGE('',*,*,#11763,.T.);
#11763 = EDGE_CURVE('',#11754,#11764,#11766,.T.);
#11764 = VERTEX_POINT('',#11765);
#11765 = CARTESIAN_POINT('',(510.,357.,240.));
#11766 = LINE('',#11767,#11768);
#11767 = CARTESIAN_POINT('',(510.,293.,240.));
#11768 = VECTOR('',#11769,1.);
#11769 = DIRECTION('',(0.,1.,0.));
#11770 = ORIENTED_EDGE('',*,*,#11771,.T.);
#11771 = EDGE_CURVE('',#11764,#11772,#11774,.T.);
#11772 = VERTEX_POINT('',#11773);
#11773 = CARTESIAN_POINT('',(510.,357.,248.));
#11774 = LINE('',#11775,#11776);
#11775 = CARTESIAN_POINT('',(510.,357.,240.));
#11776 = VECTOR('',#11777,1.);
#11777 = DIRECTION('',(0.,0.,1.));
#11778 = ORIENTED_EDGE('',*,*,#11779,.F.);
#11779 = EDGE_CURVE('',#11756,#11772,#11780,.T.);
#11780 = LINE('',#11781,#11782);
#11781 = CARTESIAN_POINT('',(510.,293.,248.));
#11782 = VECTOR('',#11783,1.);
#11783 = DIRECTION('',(0.,1.,0.));
#11784 = PLANE('',#11785);
#11785 = AXIS2_PLACEMENT_3D('',#11786,#11787,#11788);
#11786 = CARTESIAN_POINT('',(510.,293.,240.));
#11787 = DIRECTION('',(1.,0.,0.));
#11788 = DIRECTION('',(0.,0.,1.));
#11789 = ADVANCED_FACE('',(#11790),#11806,.F.);
#11790 = FACE_BOUND('',#11791,.F.);
#11791 = EDGE_LOOP('',(#11792,#11798,#11799,#11805));
#11792 = ORIENTED_EDGE('',*,*,#11793,.F.);
#11793 = EDGE_CURVE('',#11714,#11754,#11794,.T.);
#11794 = LINE('',#11795,#11796);
#11795 = CARTESIAN_POINT('',(450.,293.,240.));
#11796 = VECTOR('',#11797,1.);
#11797 = DIRECTION('',(1.,0.,0.));
#11798 = ORIENTED_EDGE('',*,*,#11713,.T.);
#11799 = ORIENTED_EDGE('',*,*,#11800,.T.);
#11800 = EDGE_CURVE('',#11716,#11756,#11801,.T.);
#11801 = LINE('',#11802,#11803);
#11802 = CARTESIAN_POINT('',(450.,293.,248.));
#11803 = VECTOR('',#11804,1.);
#11804 = DIRECTION('',(1.,0.,0.));
#11805 = ORIENTED_EDGE('',*,*,#11753,.F.);
#11806 = PLANE('',#11807);
#11807 = AXIS2_PLACEMENT_3D('',#11808,#11809,#11810);
#11808 = CARTESIAN_POINT('',(450.,293.,240.));
#11809 = DIRECTION('',(0.,1.,0.));
#11810 = DIRECTION('',(0.,0.,1.));
#11811 = ADVANCED_FACE('',(#11812),#11828,.T.);
#11812 = FACE_BOUND('',#11813,.T.);
#11813 = EDGE_LOOP('',(#11814,#11820,#11821,#11827));
#11814 = ORIENTED_EDGE('',*,*,#11815,.F.);
#11815 = EDGE_CURVE('',#11724,#11764,#11816,.T.);
#11816 = LINE('',#11817,#11818);
#11817 = CARTESIAN_POINT('',(450.,357.,240.));
#11818 = VECTOR('',#11819,1.);
#11819 = DIRECTION('',(1.,0.,0.));
#11820 = ORIENTED_EDGE('',*,*,#11731,.T.);
#11821 = ORIENTED_EDGE('',*,*,#11822,.T.);
#11822 = EDGE_CURVE('',#11732,#11772,#11823,.T.);
#11823 = LINE('',#11824,#11825);
#11824 = CARTESIAN_POINT('',(450.,357.,248.));
#11825 = VECTOR('',#11826,1.);
#11826 = DIRECTION('',(1.,0.,0.));
#11827 = ORIENTED_EDGE('',*,*,#11771,.F.);
#11828 = PLANE('',#11829);
#11829 = AXIS2_PLACEMENT_3D('',#11830,#11831,#11832);
#11830 = CARTESIAN_POINT('',(450.,357.,240.));
#11831 = DIRECTION('',(0.,1.,0.));
#11832 = DIRECTION('',(0.,0.,1.));
#11833 = ADVANCED_FACE('',(#11834),#11840,.F.);
#11834 = FACE_BOUND('',#11835,.F.);
#11835 = EDGE_LOOP('',(#11836,#11837,#11838,#11839));
#11836 = ORIENTED_EDGE('',*,*,#11723,.F.);
#11837 = ORIENTED_EDGE('',*,*,#11793,.T.);
#11838 = ORIENTED_EDGE('',*,*,#11763,.T.);
#11839 = ORIENTED_EDGE('',*,*,#11815,.F.);
#11840 = PLANE('',#11841);
#11841 = AXIS2_PLACEMENT_3D('',#11842,#11843,#11844);
#11842 = CARTESIAN_POINT('',(450.,293.,240.));
#11843 = DIRECTION('',(0.,0.,1.));
#11844 = DIRECTION('',(1.,0.,0.));
#11845 = ADVANCED_FACE('',(#11846),#11852,.T.);
#11846 = FACE_BOUND('',#11847,.T.);
#11847 = EDGE_LOOP('',(#11848,#11849,#11850,#11851));
#11848 = ORIENTED_EDGE('',*,*,#11739,.F.);
#11849 = ORIENTED_EDGE('',*,*,#11800,.T.);
#11850 = ORIENTED_EDGE('',*,*,#11779,.T.);
#11851 = ORIENTED_EDGE('',*,*,#11822,.F.);
#11852 = PLANE('',#11853);
#11853 = AXIS2_PLACEMENT_3D('',#11854,#11855,#11856);
#11854 = CARTESIAN_POINT('',(450.,293.,248.));
#11855 = DIRECTION('',(0.,0.,1.));
#11856 = DIRECTION('',(1.,0.,0.));
#11857 = MANIFOLD_SOLID_BREP('',#11858);
#11858 = CLOSED_SHELL('',(#11859,#11899,#11939,#11961,#11983,#11995));
#11859 = ADVANCED_FACE('',(#11860),#11894,.F.);
#11860 = FACE_BOUND('',#11861,.F.);
#11861 = EDGE_LOOP('',(#11862,#11872,#11880,#11888));
#11862 = ORIENTED_EDGE('',*,*,#11863,.F.);
#11863 = EDGE_CURVE('',#11864,#11866,#11868,.T.);
#11864 = VERTEX_POINT('',#11865);
#11865 = CARTESIAN_POINT('',(450.,293.,248.));
#11866 = VERTEX_POINT('',#11867);
#11867 = CARTESIAN_POINT('',(450.,293.,260.));
#11868 = LINE('',#11869,#11870);
#11869 = CARTESIAN_POINT('',(450.,293.,248.));
#11870 = VECTOR('',#11871,1.);
#11871 = DIRECTION('',(0.,0.,1.));
#11872 = ORIENTED_EDGE('',*,*,#11873,.T.);
#11873 = EDGE_CURVE('',#11864,#11874,#11876,.T.);
#11874 = VERTEX_POINT('',#11875);
#11875 = CARTESIAN_POINT('',(450.,357.,248.));
#11876 = LINE('',#11877,#11878);
#11877 = CARTESIAN_POINT('',(450.,293.,248.));
#11878 = VECTOR('',#11879,1.);
#11879 = DIRECTION('',(0.,1.,0.));
#11880 = ORIENTED_EDGE('',*,*,#11881,.T.);
#11881 = EDGE_CURVE('',#11874,#11882,#11884,.T.);
#11882 = VERTEX_POINT('',#11883);
#11883 = CARTESIAN_POINT('',(450.,357.,260.));
#11884 = LINE('',#11885,#11886);
#11885 = CARTESIAN_POINT('',(450.,357.,248.));
#11886 = VECTOR('',#11887,1.);
#11887 = DIRECTION('',(0.,0.,1.));
#11888 = ORIENTED_EDGE('',*,*,#11889,.F.);
#11889 = EDGE_CURVE('',#11866,#11882,#11890,.T.);
#11890 = LINE('',#11891,#11892);
#11891 = CARTESIAN_POINT('',(450.,293.,260.));
#11892 = VECTOR('',#11893,1.);
#11893 = DIRECTION('',(0.,1.,0.));
#11894 = PLANE('',#11895);
#11895 = AXIS2_PLACEMENT_3D('',#11896,#11897,#11898);
#11896 = CARTESIAN_POINT('',(450.,293.,248.));
#11897 = DIRECTION('',(1.,0.,0.));
#11898 = DIRECTION('',(0.,0.,1.));
#11899 = ADVANCED_FACE('',(#11900),#11934,.T.);
#11900 = FACE_BOUND('',#11901,.T.);
#11901 = EDGE_LOOP('',(#11902,#11912,#11920,#11928));
#11902 = ORIENTED_EDGE('',*,*,#11903,.F.);
#11903 = EDGE_CURVE('',#11904,#11906,#11908,.T.);
#11904 = VERTEX_POINT('',#11905);
#11905 = CARTESIAN_POINT('',(455.,293.,248.));
#11906 = VERTEX_POINT('',#11907);
#11907 = CARTESIAN_POINT('',(455.,293.,260.));
#11908 = LINE('',#11909,#11910);
#11909 = CARTESIAN_POINT('',(455.,293.,248.));
#11910 = VECTOR('',#11911,1.);
#11911 = DIRECTION('',(0.,0.,1.));
#11912 = ORIENTED_EDGE('',*,*,#11913,.T.);
#11913 = EDGE_CURVE('',#11904,#11914,#11916,.T.);
#11914 = VERTEX_POINT('',#11915);
#11915 = CARTESIAN_POINT('',(455.,357.,248.));
#11916 = LINE('',#11917,#11918);
#11917 = CARTESIAN_POINT('',(455.,293.,248.));
#11918 = VECTOR('',#11919,1.);
#11919 = DIRECTION('',(0.,1.,0.));
#11920 = ORIENTED_EDGE('',*,*,#11921,.T.);
#11921 = EDGE_CURVE('',#11914,#11922,#11924,.T.);
#11922 = VERTEX_POINT('',#11923);
#11923 = CARTESIAN_POINT('',(455.,357.,260.));
#11924 = LINE('',#11925,#11926);
#11925 = CARTESIAN_POINT('',(455.,357.,248.));
#11926 = VECTOR('',#11927,1.);
#11927 = DIRECTION('',(0.,0.,1.));
#11928 = ORIENTED_EDGE('',*,*,#11929,.F.);
#11929 = EDGE_CURVE('',#11906,#11922,#11930,.T.);
#11930 = LINE('',#11931,#11932);
#11931 = CARTESIAN_POINT('',(455.,293.,260.));
#11932 = VECTOR('',#11933,1.);
#11933 = DIRECTION('',(0.,1.,0.));
#11934 = PLANE('',#11935);
#11935 = AXIS2_PLACEMENT_3D('',#11936,#11937,#11938);
#11936 = CARTESIAN_POINT('',(455.,293.,248.));
#11937 = DIRECTION('',(1.,0.,0.));
#11938 = DIRECTION('',(0.,0.,1.));
#11939 = ADVANCED_FACE('',(#11940),#11956,.F.);
#11940 = FACE_BOUND('',#11941,.F.);
#11941 = EDGE_LOOP('',(#11942,#11948,#11949,#11955));
#11942 = ORIENTED_EDGE('',*,*,#11943,.F.);
#11943 = EDGE_CURVE('',#11864,#11904,#11944,.T.);
#11944 = LINE('',#11945,#11946);
#11945 = CARTESIAN_POINT('',(450.,293.,248.));
#11946 = VECTOR('',#11947,1.);
#11947 = DIRECTION('',(1.,0.,0.));
#11948 = ORIENTED_EDGE('',*,*,#11863,.T.);
#11949 = ORIENTED_EDGE('',*,*,#11950,.T.);
#11950 = EDGE_CURVE('',#11866,#11906,#11951,.T.);
#11951 = LINE('',#11952,#11953);
#11952 = CARTESIAN_POINT('',(450.,293.,260.));
#11953 = VECTOR('',#11954,1.);
#11954 = DIRECTION('',(1.,0.,0.));
#11955 = ORIENTED_EDGE('',*,*,#11903,.F.);
#11956 = PLANE('',#11957);
#11957 = AXIS2_PLACEMENT_3D('',#11958,#11959,#11960);
#11958 = CARTESIAN_POINT('',(450.,293.,248.));
#11959 = DIRECTION('',(0.,1.,0.));
#11960 = DIRECTION('',(0.,0.,1.));
#11961 = ADVANCED_FACE('',(#11962),#11978,.T.);
#11962 = FACE_BOUND('',#11963,.T.);
#11963 = EDGE_LOOP('',(#11964,#11970,#11971,#11977));
#11964 = ORIENTED_EDGE('',*,*,#11965,.F.);
#11965 = EDGE_CURVE('',#11874,#11914,#11966,.T.);
#11966 = LINE('',#11967,#11968);
#11967 = CARTESIAN_POINT('',(450.,357.,248.));
#11968 = VECTOR('',#11969,1.);
#11969 = DIRECTION('',(1.,0.,0.));
#11970 = ORIENTED_EDGE('',*,*,#11881,.T.);
#11971 = ORIENTED_EDGE('',*,*,#11972,.T.);
#11972 = EDGE_CURVE('',#11882,#11922,#11973,.T.);
#11973 = LINE('',#11974,#11975);
#11974 = CARTESIAN_POINT('',(450.,357.,260.));
#11975 = VECTOR('',#11976,1.);
#11976 = DIRECTION('',(1.,0.,0.));
#11977 = ORIENTED_EDGE('',*,*,#11921,.F.);
#11978 = PLANE('',#11979);
#11979 = AXIS2_PLACEMENT_3D('',#11980,#11981,#11982);
#11980 = CARTESIAN_POINT('',(450.,357.,248.));
#11981 = DIRECTION('',(0.,1.,0.));
#11982 = DIRECTION('',(0.,0.,1.));
#11983 = ADVANCED_FACE('',(#11984),#11990,.F.);
#11984 = FACE_BOUND('',#11985,.F.);
#11985 = EDGE_LOOP('',(#11986,#11987,#11988,#11989));
#11986 = ORIENTED_EDGE('',*,*,#11873,.F.);
#11987 = ORIENTED_EDGE('',*,*,#11943,.T.);
#11988 = ORIENTED_EDGE('',*,*,#11913,.T.);
#11989 = ORIENTED_EDGE('',*,*,#11965,.F.);
#11990 = PLANE('',#11991);
#11991 = AXIS2_PLACEMENT_3D('',#11992,#11993,#11994);
#11992 = CARTESIAN_POINT('',(450.,293.,248.));
#11993 = DIRECTION('',(0.,0.,1.));
#11994 = DIRECTION('',(1.,0.,0.));
#11995 = ADVANCED_FACE('',(#11996),#12002,.T.);
#11996 = FACE_BOUND('',#11997,.T.);
#11997 = EDGE_LOOP('',(#11998,#11999,#12000,#12001));
#11998 = ORIENTED_EDGE('',*,*,#11889,.F.);
#11999 = ORIENTED_EDGE('',*,*,#11950,.T.);
#12000 = ORIENTED_EDGE('',*,*,#11929,.T.);
#12001 = ORIENTED_EDGE('',*,*,#11972,.F.);
#12002 = PLANE('',#12003);
#12003 = AXIS2_PLACEMENT_3D('',#12004,#12005,#12006);
#12004 = CARTESIAN_POINT('',(450.,293.,260.));
#12005 = DIRECTION('',(0.,0.,1.));
#12006 = DIRECTION('',(1.,0.,0.));
#12007 = MANIFOLD_SOLID_BREP('',#12008);
#12008 = CLOSED_SHELL('',(#12009,#12049,#12089,#12111,#12133,#12145));
#12009 = ADVANCED_FACE('',(#12010),#12044,.F.);
#12010 = FACE_BOUND('',#12011,.F.);
#12011 = EDGE_LOOP('',(#12012,#12022,#12030,#12038));
#12012 = ORIENTED_EDGE('',*,*,#12013,.F.);
#12013 = EDGE_CURVE('',#12014,#12016,#12018,.T.);
#12014 = VERTEX_POINT('',#12015);
#12015 = CARTESIAN_POINT('',(505.,293.,248.));
#12016 = VERTEX_POINT('',#12017);
#12017 = CARTESIAN_POINT('',(505.,293.,260.));
#12018 = LINE('',#12019,#12020);
#12019 = CARTESIAN_POINT('',(505.,293.,248.));
#12020 = VECTOR('',#12021,1.);
#12021 = DIRECTION('',(0.,0.,1.));
#12022 = ORIENTED_EDGE('',*,*,#12023,.T.);
#12023 = EDGE_CURVE('',#12014,#12024,#12026,.T.);
#12024 = VERTEX_POINT('',#12025);
#12025 = CARTESIAN_POINT('',(505.,357.,248.));
#12026 = LINE('',#12027,#12028);
#12027 = CARTESIAN_POINT('',(505.,293.,248.));
#12028 = VECTOR('',#12029,1.);
#12029 = DIRECTION('',(0.,1.,0.));
#12030 = ORIENTED_EDGE('',*,*,#12031,.T.);
#12031 = EDGE_CURVE('',#12024,#12032,#12034,.T.);
#12032 = VERTEX_POINT('',#12033);
#12033 = CARTESIAN_POINT('',(505.,357.,260.));
#12034 = LINE('',#12035,#12036);
#12035 = CARTESIAN_POINT('',(505.,357.,248.));
#12036 = VECTOR('',#12037,1.);
#12037 = DIRECTION('',(0.,0.,1.));
#12038 = ORIENTED_EDGE('',*,*,#12039,.F.);
#12039 = EDGE_CURVE('',#12016,#12032,#12040,.T.);
#12040 = LINE('',#12041,#12042);
#12041 = CARTESIAN_POINT('',(505.,293.,260.));
#12042 = VECTOR('',#12043,1.);
#12043 = DIRECTION('',(0.,1.,0.));
#12044 = PLANE('',#12045);
#12045 = AXIS2_PLACEMENT_3D('',#12046,#12047,#12048);
#12046 = CARTESIAN_POINT('',(505.,293.,248.));
#12047 = DIRECTION('',(1.,0.,0.));
#12048 = DIRECTION('',(0.,0.,1.));
#12049 = ADVANCED_FACE('',(#12050),#12084,.T.);
#12050 = FACE_BOUND('',#12051,.T.);
#12051 = EDGE_LOOP('',(#12052,#12062,#12070,#12078));
#12052 = ORIENTED_EDGE('',*,*,#12053,.F.);
#12053 = EDGE_CURVE('',#12054,#12056,#12058,.T.);
#12054 = VERTEX_POINT('',#12055);
#12055 = CARTESIAN_POINT('',(510.,293.,248.));
#12056 = VERTEX_POINT('',#12057);
#12057 = CARTESIAN_POINT('',(510.,293.,260.));
#12058 = LINE('',#12059,#12060);
#12059 = CARTESIAN_POINT('',(510.,293.,248.));
#12060 = VECTOR('',#12061,1.);
#12061 = DIRECTION('',(0.,0.,1.));
#12062 = ORIENTED_EDGE('',*,*,#12063,.T.);
#12063 = EDGE_CURVE('',#12054,#12064,#12066,.T.);
#12064 = VERTEX_POINT('',#12065);
#12065 = CARTESIAN_POINT('',(510.,357.,248.));
#12066 = LINE('',#12067,#12068);
#12067 = CARTESIAN_POINT('',(510.,293.,248.));
#12068 = VECTOR('',#12069,1.);
#12069 = DIRECTION('',(0.,1.,0.));
#12070 = ORIENTED_EDGE('',*,*,#12071,.T.);
#12071 = EDGE_CURVE('',#12064,#12072,#12074,.T.);
#12072 = VERTEX_POINT('',#12073);
#12073 = CARTESIAN_POINT('',(510.,357.,260.));
#12074 = LINE('',#12075,#12076);
#12075 = CARTESIAN_POINT('',(510.,357.,248.));
#12076 = VECTOR('',#12077,1.);
#12077 = DIRECTION('',(0.,0.,1.));
#12078 = ORIENTED_EDGE('',*,*,#12079,.F.);
#12079 = EDGE_CURVE('',#12056,#12072,#12080,.T.);
#12080 = LINE('',#12081,#12082);
#12081 = CARTESIAN_POINT('',(510.,293.,260.));
#12082 = VECTOR('',#12083,1.);
#12083 = DIRECTION('',(0.,1.,0.));
#12084 = PLANE('',#12085);
#12085 = AXIS2_PLACEMENT_3D('',#12086,#12087,#12088);
#12086 = CARTESIAN_POINT('',(510.,293.,248.));
#12087 = DIRECTION('',(1.,0.,0.));
#12088 = DIRECTION('',(0.,0.,1.));
#12089 = ADVANCED_FACE('',(#12090),#12106,.F.);
#12090 = FACE_BOUND('',#12091,.F.);
#12091 = EDGE_LOOP('',(#12092,#12098,#12099,#12105));
#12092 = ORIENTED_EDGE('',*,*,#12093,.F.);
#12093 = EDGE_CURVE('',#12014,#12054,#12094,.T.);
#12094 = LINE('',#12095,#12096);
#12095 = CARTESIAN_POINT('',(505.,293.,248.));
#12096 = VECTOR('',#12097,1.);
#12097 = DIRECTION('',(1.,0.,0.));
#12098 = ORIENTED_EDGE('',*,*,#12013,.T.);
#12099 = ORIENTED_EDGE('',*,*,#12100,.T.);
#12100 = EDGE_CURVE('',#12016,#12056,#12101,.T.);
#12101 = LINE('',#12102,#12103);
#12102 = CARTESIAN_POINT('',(505.,293.,260.));
#12103 = VECTOR('',#12104,1.);
#12104 = DIRECTION('',(1.,0.,0.));
#12105 = ORIENTED_EDGE('',*,*,#12053,.F.);
#12106 = PLANE('',#12107);
#12107 = AXIS2_PLACEMENT_3D('',#12108,#12109,#12110);
#12108 = CARTESIAN_POINT('',(505.,293.,248.));
#12109 = DIRECTION('',(0.,1.,0.));
#12110 = DIRECTION('',(0.,0.,1.));
#12111 = ADVANCED_FACE('',(#12112),#12128,.T.);
#12112 = FACE_BOUND('',#12113,.T.);
#12113 = EDGE_LOOP('',(#12114,#12120,#12121,#12127));
#12114 = ORIENTED_EDGE('',*,*,#12115,.F.);
#12115 = EDGE_CURVE('',#12024,#12064,#12116,.T.);
#12116 = LINE('',#12117,#12118);
#12117 = CARTESIAN_POINT('',(505.,357.,248.));
#12118 = VECTOR('',#12119,1.);
#12119 = DIRECTION('',(1.,0.,0.));
#12120 = ORIENTED_EDGE('',*,*,#12031,.T.);
#12121 = ORIENTED_EDGE('',*,*,#12122,.T.);
#12122 = EDGE_CURVE('',#12032,#12072,#12123,.T.);
#12123 = LINE('',#12124,#12125);
#12124 = CARTESIAN_POINT('',(505.,357.,260.));
#12125 = VECTOR('',#12126,1.);
#12126 = DIRECTION('',(1.,0.,0.));
#12127 = ORIENTED_EDGE('',*,*,#12071,.F.);
#12128 = PLANE('',#12129);
#12129 = AXIS2_PLACEMENT_3D('',#12130,#12131,#12132);
#12130 = CARTESIAN_POINT('',(505.,357.,248.));
#12131 = DIRECTION('',(0.,1.,0.));
#12132 = DIRECTION('',(0.,0.,1.));
#12133 = ADVANCED_FACE('',(#12134),#12140,.F.);
#12134 = FACE_BOUND('',#12135,.F.);
#12135 = EDGE_LOOP('',(#12136,#12137,#12138,#12139));
#12136 = ORIENTED_EDGE('',*,*,#12023,.F.);
#12137 = ORIENTED_EDGE('',*,*,#12093,.T.);
#12138 = ORIENTED_EDGE('',*,*,#12063,.T.);
#12139 = ORIENTED_EDGE('',*,*,#12115,.F.);
#12140 = PLANE('',#12141);
#12141 = AXIS2_PLACEMENT_3D('',#12142,#12143,#12144);
#12142 = CARTESIAN_POINT('',(505.,293.,248.));
#12143 = DIRECTION('',(0.,0.,1.));
#12144 = DIRECTION('',(1.,0.,0.));
#12145 = ADVANCED_FACE('',(#12146),#12152,.T.);
#12146 = FACE_BOUND('',#12147,.T.);
#12147 = EDGE_LOOP('',(#12148,#12149,#12150,#12151));
#12148 = ORIENTED_EDGE('',*,*,#12039,.F.);
#12149 = ORIENTED_EDGE('',*,*,#12100,.T.);
#12150 = ORIENTED_EDGE('',*,*,#12079,.T.);
#12151 = ORIENTED_EDGE('',*,*,#12122,.F.);
#12152 = PLANE('',#12153);
#12153 = AXIS2_PLACEMENT_3D('',#12154,#12155,#12156);
#12154 = CARTESIAN_POINT('',(505.,293.,260.));
#12155 = DIRECTION('',(0.,0.,1.));
#12156 = DIRECTION('',(1.,0.,0.));
#12157 = MANIFOLD_SOLID_BREP('',#12158);
#12158 = CLOSED_SHELL('',(#12159,#12199,#12239,#12261,#12283,#12295));
#12159 = ADVANCED_FACE('',(#12160),#12194,.F.);
#12160 = FACE_BOUND('',#12161,.F.);
#12161 = EDGE_LOOP('',(#12162,#12172,#12180,#12188));
#12162 = ORIENTED_EDGE('',*,*,#12163,.F.);
#12163 = EDGE_CURVE('',#12164,#12166,#12168,.T.);
#12164 = VERTEX_POINT('',#12165);
#12165 = CARTESIAN_POINT('',(455.,293.,248.));
#12166 = VERTEX_POINT('',#12167);
#12167 = CARTESIAN_POINT('',(455.,293.,260.));
#12168 = LINE('',#12169,#12170);
#12169 = CARTESIAN_POINT('',(455.,293.,248.));
#12170 = VECTOR('',#12171,1.);
#12171 = DIRECTION('',(0.,0.,1.));
#12172 = ORIENTED_EDGE('',*,*,#12173,.T.);
#12173 = EDGE_CURVE('',#12164,#12174,#12176,.T.);
#12174 = VERTEX_POINT('',#12175);
#12175 = CARTESIAN_POINT('',(455.,298.,248.));
#12176 = LINE('',#12177,#12178);
#12177 = CARTESIAN_POINT('',(455.,293.,248.));
#12178 = VECTOR('',#12179,1.);
#12179 = DIRECTION('',(0.,1.,0.));
#12180 = ORIENTED_EDGE('',*,*,#12181,.T.);
#12181 = EDGE_CURVE('',#12174,#12182,#12184,.T.);
#12182 = VERTEX_POINT('',#12183);
#12183 = CARTESIAN_POINT('',(455.,298.,260.));
#12184 = LINE('',#12185,#12186);
#12185 = CARTESIAN_POINT('',(455.,298.,248.));
#12186 = VECTOR('',#12187,1.);
#12187 = DIRECTION('',(0.,0.,1.));
#12188 = ORIENTED_EDGE('',*,*,#12189,.F.);
#12189 = EDGE_CURVE('',#12166,#12182,#12190,.T.);
#12190 = LINE('',#12191,#12192);
#12191 = CARTESIAN_POINT('',(455.,293.,260.));
#12192 = VECTOR('',#12193,1.);
#12193 = DIRECTION('',(0.,1.,0.));
#12194 = PLANE('',#12195);
#12195 = AXIS2_PLACEMENT_3D('',#12196,#12197,#12198);
#12196 = CARTESIAN_POINT('',(455.,293.,248.));
#12197 = DIRECTION('',(1.,0.,0.));
#12198 = DIRECTION('',(0.,0.,1.));
#12199 = ADVANCED_FACE('',(#12200),#12234,.T.);
#12200 = FACE_BOUND('',#12201,.T.);
#12201 = EDGE_LOOP('',(#12202,#12212,#12220,#12228));
#12202 = ORIENTED_EDGE('',*,*,#12203,.F.);
#12203 = EDGE_CURVE('',#12204,#12206,#12208,.T.);
#12204 = VERTEX_POINT('',#12205);
#12205 = CARTESIAN_POINT('',(468.,293.,248.));
#12206 = VERTEX_POINT('',#12207);
#12207 = CARTESIAN_POINT('',(468.,293.,260.));
#12208 = LINE('',#12209,#12210);
#12209 = CARTESIAN_POINT('',(468.,293.,248.));
#12210 = VECTOR('',#12211,1.);
#12211 = DIRECTION('',(0.,0.,1.));
#12212 = ORIENTED_EDGE('',*,*,#12213,.T.);
#12213 = EDGE_CURVE('',#12204,#12214,#12216,.T.);
#12214 = VERTEX_POINT('',#12215);
#12215 = CARTESIAN_POINT('',(468.,298.,248.));
#12216 = LINE('',#12217,#12218);
#12217 = CARTESIAN_POINT('',(468.,293.,248.));
#12218 = VECTOR('',#12219,1.);
#12219 = DIRECTION('',(0.,1.,0.));
#12220 = ORIENTED_EDGE('',*,*,#12221,.T.);
#12221 = EDGE_CURVE('',#12214,#12222,#12224,.T.);
#12222 = VERTEX_POINT('',#12223);
#12223 = CARTESIAN_POINT('',(468.,298.,260.));
#12224 = LINE('',#12225,#12226);
#12225 = CARTESIAN_POINT('',(468.,298.,248.));
#12226 = VECTOR('',#12227,1.);
#12227 = DIRECTION('',(0.,0.,1.));
#12228 = ORIENTED_EDGE('',*,*,#12229,.F.);
#12229 = EDGE_CURVE('',#12206,#12222,#12230,.T.);
#12230 = LINE('',#12231,#12232);
#12231 = CARTESIAN_POINT('',(468.,293.,260.));
#12232 = VECTOR('',#12233,1.);
#12233 = DIRECTION('',(0.,1.,0.));
#12234 = PLANE('',#12235);
#12235 = AXIS2_PLACEMENT_3D('',#12236,#12237,#12238);
#12236 = CARTESIAN_POINT('',(468.,293.,248.));
#12237 = DIRECTION('',(1.,0.,0.));
#12238 = DIRECTION('',(0.,0.,1.));
#12239 = ADVANCED_FACE('',(#12240),#12256,.F.);
#12240 = FACE_BOUND('',#12241,.F.);
#12241 = EDGE_LOOP('',(#12242,#12248,#12249,#12255));
#12242 = ORIENTED_EDGE('',*,*,#12243,.F.);
#12243 = EDGE_CURVE('',#12164,#12204,#12244,.T.);
#12244 = LINE('',#12245,#12246);
#12245 = CARTESIAN_POINT('',(455.,293.,248.));
#12246 = VECTOR('',#12247,1.);
#12247 = DIRECTION('',(1.,0.,0.));
#12248 = ORIENTED_EDGE('',*,*,#12163,.T.);
#12249 = ORIENTED_EDGE('',*,*,#12250,.T.);
#12250 = EDGE_CURVE('',#12166,#12206,#12251,.T.);
#12251 = LINE('',#12252,#12253);
#12252 = CARTESIAN_POINT('',(455.,293.,260.));
#12253 = VECTOR('',#12254,1.);
#12254 = DIRECTION('',(1.,0.,0.));
#12255 = ORIENTED_EDGE('',*,*,#12203,.F.);
#12256 = PLANE('',#12257);
#12257 = AXIS2_PLACEMENT_3D('',#12258,#12259,#12260);
#12258 = CARTESIAN_POINT('',(455.,293.,248.));
#12259 = DIRECTION('',(0.,1.,0.));
#12260 = DIRECTION('',(0.,0.,1.));
#12261 = ADVANCED_FACE('',(#12262),#12278,.T.);
#12262 = FACE_BOUND('',#12263,.T.);
#12263 = EDGE_LOOP('',(#12264,#12270,#12271,#12277));
#12264 = ORIENTED_EDGE('',*,*,#12265,.F.);
#12265 = EDGE_CURVE('',#12174,#12214,#12266,.T.);
#12266 = LINE('',#12267,#12268);
#12267 = CARTESIAN_POINT('',(455.,298.,248.));
#12268 = VECTOR('',#12269,1.);
#12269 = DIRECTION('',(1.,0.,0.));
#12270 = ORIENTED_EDGE('',*,*,#12181,.T.);
#12271 = ORIENTED_EDGE('',*,*,#12272,.T.);
#12272 = EDGE_CURVE('',#12182,#12222,#12273,.T.);
#12273 = LINE('',#12274,#12275);
#12274 = CARTESIAN_POINT('',(455.,298.,260.));
#12275 = VECTOR('',#12276,1.);
#12276 = DIRECTION('',(1.,0.,0.));
#12277 = ORIENTED_EDGE('',*,*,#12221,.F.);
#12278 = PLANE('',#12279);
#12279 = AXIS2_PLACEMENT_3D('',#12280,#12281,#12282);
#12280 = CARTESIAN_POINT('',(455.,298.,248.));
#12281 = DIRECTION('',(0.,1.,0.));
#12282 = DIRECTION('',(0.,0.,1.));
#12283 = ADVANCED_FACE('',(#12284),#12290,.F.);
#12284 = FACE_BOUND('',#12285,.F.);
#12285 = EDGE_LOOP('',(#12286,#12287,#12288,#12289));
#12286 = ORIENTED_EDGE('',*,*,#12173,.F.);
#12287 = ORIENTED_EDGE('',*,*,#12243,.T.);
#12288 = ORIENTED_EDGE('',*,*,#12213,.T.);
#12289 = ORIENTED_EDGE('',*,*,#12265,.F.);
#12290 = PLANE('',#12291);
#12291 = AXIS2_PLACEMENT_3D('',#12292,#12293,#12294);
#12292 = CARTESIAN_POINT('',(455.,293.,248.));
#12293 = DIRECTION('',(0.,0.,1.));
#12294 = DIRECTION('',(1.,0.,0.));
#12295 = ADVANCED_FACE('',(#12296),#12302,.T.);
#12296 = FACE_BOUND('',#12297,.T.);
#12297 = EDGE_LOOP('',(#12298,#12299,#12300,#12301));
#12298 = ORIENTED_EDGE('',*,*,#12189,.F.);
#12299 = ORIENTED_EDGE('',*,*,#12250,.T.);
#12300 = ORIENTED_EDGE('',*,*,#12229,.T.);
#12301 = ORIENTED_EDGE('',*,*,#12272,.F.);
#12302 = PLANE('',#12303);
#12303 = AXIS2_PLACEMENT_3D('',#12304,#12305,#12306);
#12304 = CARTESIAN_POINT('',(455.,293.,260.));
#12305 = DIRECTION('',(0.,0.,1.));
#12306 = DIRECTION('',(1.,0.,0.));
#12307 = MANIFOLD_SOLID_BREP('',#12308);
#12308 = CLOSED_SHELL('',(#12309,#12349,#12389,#12411,#12433,#12445));
#12309 = ADVANCED_FACE('',(#12310),#12344,.F.);
#12310 = FACE_BOUND('',#12311,.F.);
#12311 = EDGE_LOOP('',(#12312,#12322,#12330,#12338));
#12312 = ORIENTED_EDGE('',*,*,#12313,.F.);
#12313 = EDGE_CURVE('',#12314,#12316,#12318,.T.);
#12314 = VERTEX_POINT('',#12315);
#12315 = CARTESIAN_POINT('',(492.,293.,248.));
#12316 = VERTEX_POINT('',#12317);
#12317 = CARTESIAN_POINT('',(492.,293.,260.));
#12318 = LINE('',#12319,#12320);
#12319 = CARTESIAN_POINT('',(492.,293.,248.));
#12320 = VECTOR('',#12321,1.);
#12321 = DIRECTION('',(0.,0.,1.));
#12322 = ORIENTED_EDGE('',*,*,#12323,.T.);
#12323 = EDGE_CURVE('',#12314,#12324,#12326,.T.);
#12324 = VERTEX_POINT('',#12325);
#12325 = CARTESIAN_POINT('',(492.,298.,248.));
#12326 = LINE('',#12327,#12328);
#12327 = CARTESIAN_POINT('',(492.,293.,248.));
#12328 = VECTOR('',#12329,1.);
#12329 = DIRECTION('',(0.,1.,0.));
#12330 = ORIENTED_EDGE('',*,*,#12331,.T.);
#12331 = EDGE_CURVE('',#12324,#12332,#12334,.T.);
#12332 = VERTEX_POINT('',#12333);
#12333 = CARTESIAN_POINT('',(492.,298.,260.));
#12334 = LINE('',#12335,#12336);
#12335 = CARTESIAN_POINT('',(492.,298.,248.));
#12336 = VECTOR('',#12337,1.);
#12337 = DIRECTION('',(0.,0.,1.));
#12338 = ORIENTED_EDGE('',*,*,#12339,.F.);
#12339 = EDGE_CURVE('',#12316,#12332,#12340,.T.);
#12340 = LINE('',#12341,#12342);
#12341 = CARTESIAN_POINT('',(492.,293.,260.));
#12342 = VECTOR('',#12343,1.);
#12343 = DIRECTION('',(0.,1.,0.));
#12344 = PLANE('',#12345);
#12345 = AXIS2_PLACEMENT_3D('',#12346,#12347,#12348);
#12346 = CARTESIAN_POINT('',(492.,293.,248.));
#12347 = DIRECTION('',(1.,0.,0.));
#12348 = DIRECTION('',(0.,0.,1.));
#12349 = ADVANCED_FACE('',(#12350),#12384,.T.);
#12350 = FACE_BOUND('',#12351,.T.);
#12351 = EDGE_LOOP('',(#12352,#12362,#12370,#12378));
#12352 = ORIENTED_EDGE('',*,*,#12353,.F.);
#12353 = EDGE_CURVE('',#12354,#12356,#12358,.T.);
#12354 = VERTEX_POINT('',#12355);
#12355 = CARTESIAN_POINT('',(505.,293.,248.));
#12356 = VERTEX_POINT('',#12357);
#12357 = CARTESIAN_POINT('',(505.,293.,260.));
#12358 = LINE('',#12359,#12360);
#12359 = CARTESIAN_POINT('',(505.,293.,248.));
#12360 = VECTOR('',#12361,1.);
#12361 = DIRECTION('',(0.,0.,1.));
#12362 = ORIENTED_EDGE('',*,*,#12363,.T.);
#12363 = EDGE_CURVE('',#12354,#12364,#12366,.T.);
#12364 = VERTEX_POINT('',#12365);
#12365 = CARTESIAN_POINT('',(505.,298.,248.));
#12366 = LINE('',#12367,#12368);
#12367 = CARTESIAN_POINT('',(505.,293.,248.));
#12368 = VECTOR('',#12369,1.);
#12369 = DIRECTION('',(0.,1.,0.));
#12370 = ORIENTED_EDGE('',*,*,#12371,.T.);
#12371 = EDGE_CURVE('',#12364,#12372,#12374,.T.);
#12372 = VERTEX_POINT('',#12373);
#12373 = CARTESIAN_POINT('',(505.,298.,260.));
#12374 = LINE('',#12375,#12376);
#12375 = CARTESIAN_POINT('',(505.,298.,248.));
#12376 = VECTOR('',#12377,1.);
#12377 = DIRECTION('',(0.,0.,1.));
#12378 = ORIENTED_EDGE('',*,*,#12379,.F.);
#12379 = EDGE_CURVE('',#12356,#12372,#12380,.T.);
#12380 = LINE('',#12381,#12382);
#12381 = CARTESIAN_POINT('',(505.,293.,260.));
#12382 = VECTOR('',#12383,1.);
#12383 = DIRECTION('',(0.,1.,0.));
#12384 = PLANE('',#12385);
#12385 = AXIS2_PLACEMENT_3D('',#12386,#12387,#12388);
#12386 = CARTESIAN_POINT('',(505.,293.,248.));
#12387 = DIRECTION('',(1.,0.,0.));
#12388 = DIRECTION('',(0.,0.,1.));
#12389 = ADVANCED_FACE('',(#12390),#12406,.F.);
#12390 = FACE_BOUND('',#12391,.F.);
#12391 = EDGE_LOOP('',(#12392,#12398,#12399,#12405));
#12392 = ORIENTED_EDGE('',*,*,#12393,.F.);
#12393 = EDGE_CURVE('',#12314,#12354,#12394,.T.);
#12394 = LINE('',#12395,#12396);
#12395 = CARTESIAN_POINT('',(492.,293.,248.));
#12396 = VECTOR('',#12397,1.);
#12397 = DIRECTION('',(1.,0.,0.));
#12398 = ORIENTED_EDGE('',*,*,#12313,.T.);
#12399 = ORIENTED_EDGE('',*,*,#12400,.T.);
#12400 = EDGE_CURVE('',#12316,#12356,#12401,.T.);
#12401 = LINE('',#12402,#12403);
#12402 = CARTESIAN_POINT('',(492.,293.,260.));
#12403 = VECTOR('',#12404,1.);
#12404 = DIRECTION('',(1.,0.,0.));
#12405 = ORIENTED_EDGE('',*,*,#12353,.F.);
#12406 = PLANE('',#12407);
#12407 = AXIS2_PLACEMENT_3D('',#12408,#12409,#12410);
#12408 = CARTESIAN_POINT('',(492.,293.,248.));
#12409 = DIRECTION('',(0.,1.,0.));
#12410 = DIRECTION('',(0.,0.,1.));
#12411 = ADVANCED_FACE('',(#12412),#12428,.T.);
#12412 = FACE_BOUND('',#12413,.T.);
#12413 = EDGE_LOOP('',(#12414,#12420,#12421,#12427));
#12414 = ORIENTED_EDGE('',*,*,#12415,.F.);
#12415 = EDGE_CURVE('',#12324,#12364,#12416,.T.);
#12416 = LINE('',#12417,#12418);
#12417 = CARTESIAN_POINT('',(492.,298.,248.));
#12418 = VECTOR('',#12419,1.);
#12419 = DIRECTION('',(1.,0.,0.));
#12420 = ORIENTED_EDGE('',*,*,#12331,.T.);
#12421 = ORIENTED_EDGE('',*,*,#12422,.T.);
#12422 = EDGE_CURVE('',#12332,#12372,#12423,.T.);
#12423 = LINE('',#12424,#12425);
#12424 = CARTESIAN_POINT('',(492.,298.,260.));
#12425 = VECTOR('',#12426,1.);
#12426 = DIRECTION('',(1.,0.,0.));
#12427 = ORIENTED_EDGE('',*,*,#12371,.F.);
#12428 = PLANE('',#12429);
#12429 = AXIS2_PLACEMENT_3D('',#12430,#12431,#12432);
#12430 = CARTESIAN_POINT('',(492.,298.,248.));
#12431 = DIRECTION('',(0.,1.,0.));
#12432 = DIRECTION('',(0.,0.,1.));
#12433 = ADVANCED_FACE('',(#12434),#12440,.F.);
#12434 = FACE_BOUND('',#12435,.F.);
#12435 = EDGE_LOOP('',(#12436,#12437,#12438,#12439));
#12436 = ORIENTED_EDGE('',*,*,#12323,.F.);
#12437 = ORIENTED_EDGE('',*,*,#12393,.T.);
#12438 = ORIENTED_EDGE('',*,*,#12363,.T.);
#12439 = ORIENTED_EDGE('',*,*,#12415,.F.);
#12440 = PLANE('',#12441);
#12441 = AXIS2_PLACEMENT_3D('',#12442,#12443,#12444);
#12442 = CARTESIAN_POINT('',(492.,293.,248.));
#12443 = DIRECTION('',(0.,0.,1.));
#12444 = DIRECTION('',(1.,0.,0.));
#12445 = ADVANCED_FACE('',(#12446),#12452,.T.);
#12446 = FACE_BOUND('',#12447,.T.);
#12447 = EDGE_LOOP('',(#12448,#12449,#12450,#12451));
#12448 = ORIENTED_EDGE('',*,*,#12339,.F.);
#12449 = ORIENTED_EDGE('',*,*,#12400,.T.);
#12450 = ORIENTED_EDGE('',*,*,#12379,.T.);
#12451 = ORIENTED_EDGE('',*,*,#12422,.F.);
#12452 = PLANE('',#12453);
#12453 = AXIS2_PLACEMENT_3D('',#12454,#12455,#12456);
#12454 = CARTESIAN_POINT('',(492.,293.,260.));
#12455 = DIRECTION('',(0.,0.,1.));
#12456 = DIRECTION('',(1.,0.,0.));
#12457 = MANIFOLD_SOLID_BREP('',#12458);
#12458 = CLOSED_SHELL('',(#12459,#12499,#12539,#12561,#12583,#12595));
#12459 = ADVANCED_FACE('',(#12460),#12494,.F.);
#12460 = FACE_BOUND('',#12461,.F.);
#12461 = EDGE_LOOP('',(#12462,#12472,#12480,#12488));
#12462 = ORIENTED_EDGE('',*,*,#12463,.F.);
#12463 = EDGE_CURVE('',#12464,#12466,#12468,.T.);
#12464 = VERTEX_POINT('',#12465);
#12465 = CARTESIAN_POINT('',(455.,352.,248.));
#12466 = VERTEX_POINT('',#12467);
#12467 = CARTESIAN_POINT('',(455.,352.,260.));
#12468 = LINE('',#12469,#12470);
#12469 = CARTESIAN_POINT('',(455.,352.,248.));
#12470 = VECTOR('',#12471,1.);
#12471 = DIRECTION('',(0.,0.,1.));
#12472 = ORIENTED_EDGE('',*,*,#12473,.T.);
#12473 = EDGE_CURVE('',#12464,#12474,#12476,.T.);
#12474 = VERTEX_POINT('',#12475);
#12475 = CARTESIAN_POINT('',(455.,357.,248.));
#12476 = LINE('',#12477,#12478);
#12477 = CARTESIAN_POINT('',(455.,352.,248.));
#12478 = VECTOR('',#12479,1.);
#12479 = DIRECTION('',(0.,1.,0.));
#12480 = ORIENTED_EDGE('',*,*,#12481,.T.);
#12481 = EDGE_CURVE('',#12474,#12482,#12484,.T.);
#12482 = VERTEX_POINT('',#12483);
#12483 = CARTESIAN_POINT('',(455.,357.,260.));
#12484 = LINE('',#12485,#12486);
#12485 = CARTESIAN_POINT('',(455.,357.,248.));
#12486 = VECTOR('',#12487,1.);
#12487 = DIRECTION('',(0.,0.,1.));
#12488 = ORIENTED_EDGE('',*,*,#12489,.F.);
#12489 = EDGE_CURVE('',#12466,#12482,#12490,.T.);
#12490 = LINE('',#12491,#12492);
#12491 = CARTESIAN_POINT('',(455.,352.,260.));
#12492 = VECTOR('',#12493,1.);
#12493 = DIRECTION('',(0.,1.,0.));
#12494 = PLANE('',#12495);
#12495 = AXIS2_PLACEMENT_3D('',#12496,#12497,#12498);
#12496 = CARTESIAN_POINT('',(455.,352.,248.));
#12497 = DIRECTION('',(1.,0.,0.));
#12498 = DIRECTION('',(0.,0.,1.));
#12499 = ADVANCED_FACE('',(#12500),#12534,.T.);
#12500 = FACE_BOUND('',#12501,.T.);
#12501 = EDGE_LOOP('',(#12502,#12512,#12520,#12528));
#12502 = ORIENTED_EDGE('',*,*,#12503,.F.);
#12503 = EDGE_CURVE('',#12504,#12506,#12508,.T.);
#12504 = VERTEX_POINT('',#12505);
#12505 = CARTESIAN_POINT('',(505.,352.,248.));
#12506 = VERTEX_POINT('',#12507);
#12507 = CARTESIAN_POINT('',(505.,352.,260.));
#12508 = LINE('',#12509,#12510);
#12509 = CARTESIAN_POINT('',(505.,352.,248.));
#12510 = VECTOR('',#12511,1.);
#12511 = DIRECTION('',(0.,0.,1.));
#12512 = ORIENTED_EDGE('',*,*,#12513,.T.);
#12513 = EDGE_CURVE('',#12504,#12514,#12516,.T.);
#12514 = VERTEX_POINT('',#12515);
#12515 = CARTESIAN_POINT('',(505.,357.,248.));
#12516 = LINE('',#12517,#12518);
#12517 = CARTESIAN_POINT('',(505.,352.,248.));
#12518 = VECTOR('',#12519,1.);
#12519 = DIRECTION('',(0.,1.,0.));
#12520 = ORIENTED_EDGE('',*,*,#12521,.T.);
#12521 = EDGE_CURVE('',#12514,#12522,#12524,.T.);
#12522 = VERTEX_POINT('',#12523);
#12523 = CARTESIAN_POINT('',(505.,357.,260.));
#12524 = LINE('',#12525,#12526);
#12525 = CARTESIAN_POINT('',(505.,357.,248.));
#12526 = VECTOR('',#12527,1.);
#12527 = DIRECTION('',(0.,0.,1.));
#12528 = ORIENTED_EDGE('',*,*,#12529,.F.);
#12529 = EDGE_CURVE('',#12506,#12522,#12530,.T.);
#12530 = LINE('',#12531,#12532);
#12531 = CARTESIAN_POINT('',(505.,352.,260.));
#12532 = VECTOR('',#12533,1.);
#12533 = DIRECTION('',(0.,1.,0.));
#12534 = PLANE('',#12535);
#12535 = AXIS2_PLACEMENT_3D('',#12536,#12537,#12538);
#12536 = CARTESIAN_POINT('',(505.,352.,248.));
#12537 = DIRECTION('',(1.,0.,0.));
#12538 = DIRECTION('',(0.,0.,1.));
#12539 = ADVANCED_FACE('',(#12540),#12556,.F.);
#12540 = FACE_BOUND('',#12541,.F.);
#12541 = EDGE_LOOP('',(#12542,#12548,#12549,#12555));
#12542 = ORIENTED_EDGE('',*,*,#12543,.F.);
#12543 = EDGE_CURVE('',#12464,#12504,#12544,.T.);
#12544 = LINE('',#12545,#12546);
#12545 = CARTESIAN_POINT('',(455.,352.,248.));
#12546 = VECTOR('',#12547,1.);
#12547 = DIRECTION('',(1.,0.,0.));
#12548 = ORIENTED_EDGE('',*,*,#12463,.T.);
#12549 = ORIENTED_EDGE('',*,*,#12550,.T.);
#12550 = EDGE_CURVE('',#12466,#12506,#12551,.T.);
#12551 = LINE('',#12552,#12553);
#12552 = CARTESIAN_POINT('',(455.,352.,260.));
#12553 = VECTOR('',#12554,1.);
#12554 = DIRECTION('',(1.,0.,0.));
#12555 = ORIENTED_EDGE('',*,*,#12503,.F.);
#12556 = PLANE('',#12557);
#12557 = AXIS2_PLACEMENT_3D('',#12558,#12559,#12560);
#12558 = CARTESIAN_POINT('',(455.,352.,248.));
#12559 = DIRECTION('',(0.,1.,0.));
#12560 = DIRECTION('',(0.,0.,1.));
#12561 = ADVANCED_FACE('',(#12562),#12578,.T.);
#12562 = FACE_BOUND('',#12563,.T.);
#12563 = EDGE_LOOP('',(#12564,#12570,#12571,#12577));
#12564 = ORIENTED_EDGE('',*,*,#12565,.F.);
#12565 = EDGE_CURVE('',#12474,#12514,#12566,.T.);
#12566 = LINE('',#12567,#12568);
#12567 = CARTESIAN_POINT('',(455.,357.,248.));
#12568 = VECTOR('',#12569,1.);
#12569 = DIRECTION('',(1.,0.,0.));
#12570 = ORIENTED_EDGE('',*,*,#12481,.T.);
#12571 = ORIENTED_EDGE('',*,*,#12572,.T.);
#12572 = EDGE_CURVE('',#12482,#12522,#12573,.T.);
#12573 = LINE('',#12574,#12575);
#12574 = CARTESIAN_POINT('',(455.,357.,260.));
#12575 = VECTOR('',#12576,1.);
#12576 = DIRECTION('',(1.,0.,0.));
#12577 = ORIENTED_EDGE('',*,*,#12521,.F.);
#12578 = PLANE('',#12579);
#12579 = AXIS2_PLACEMENT_3D('',#12580,#12581,#12582);
#12580 = CARTESIAN_POINT('',(455.,357.,248.));
#12581 = DIRECTION('',(0.,1.,0.));
#12582 = DIRECTION('',(0.,0.,1.));
#12583 = ADVANCED_FACE('',(#12584),#12590,.F.);
#12584 = FACE_BOUND('',#12585,.F.);
#12585 = EDGE_LOOP('',(#12586,#12587,#12588,#12589));
#12586 = ORIENTED_EDGE('',*,*,#12473,.F.);
#12587 = ORIENTED_EDGE('',*,*,#12543,.T.);
#12588 = ORIENTED_EDGE('',*,*,#12513,.T.);
#12589 = ORIENTED_EDGE('',*,*,#12565,.F.);
#12590 = PLANE('',#12591);
#12591 = AXIS2_PLACEMENT_3D('',#12592,#12593,#12594);
#12592 = CARTESIAN_POINT('',(455.,352.,248.));
#12593 = DIRECTION('',(0.,0.,1.));
#12594 = DIRECTION('',(1.,0.,0.));
#12595 = ADVANCED_FACE('',(#12596),#12602,.T.);
#12596 = FACE_BOUND('',#12597,.T.);
#12597 = EDGE_LOOP('',(#12598,#12599,#12600,#12601));
#12598 = ORIENTED_EDGE('',*,*,#12489,.F.);
#12599 = ORIENTED_EDGE('',*,*,#12550,.T.);
#12600 = ORIENTED_EDGE('',*,*,#12529,.T.);
#12601 = ORIENTED_EDGE('',*,*,#12572,.F.);
#12602 = PLANE('',#12603);
#12603 = AXIS2_PLACEMENT_3D('',#12604,#12605,#12606);
#12604 = CARTESIAN_POINT('',(455.,352.,260.));
#12605 = DIRECTION('',(0.,0.,1.));
#12606 = DIRECTION('',(1.,0.,0.));
#12607 = MANIFOLD_SOLID_BREP('',#12608);
#12608 = CLOSED_SHELL('',(#12609,#12642,#12651));
#12609 = ADVANCED_FACE('',(#12610),#12637,.T.);
#12610 = FACE_BOUND('',#12611,.T.);
#12611 = EDGE_LOOP('',(#12612,#12621,#12629,#12636));
#12612 = ORIENTED_EDGE('',*,*,#12613,.F.);
#12613 = EDGE_CURVE('',#12614,#12614,#12616,.T.);
#12614 = VERTEX_POINT('',#12615);
#12615 = CARTESIAN_POINT('',(502.5,325.,264.));
#12616 = CIRCLE('',#12617,22.5);
#12617 = AXIS2_PLACEMENT_3D('',#12618,#12619,#12620);
#12618 = CARTESIAN_POINT('',(480.,325.,264.));
#12619 = DIRECTION('',(0.,0.,1.));
#12620 = DIRECTION('',(1.,0.,0.));
#12621 = ORIENTED_EDGE('',*,*,#12622,.F.);
#12622 = EDGE_CURVE('',#12623,#12614,#12625,.T.);
#12623 = VERTEX_POINT('',#12624);
#12624 = CARTESIAN_POINT('',(502.5,325.,248.));
#12625 = LINE('',#12626,#12627);
#12626 = CARTESIAN_POINT('',(502.5,325.,248.));
#12627 = VECTOR('',#12628,1.);
#12628 = DIRECTION('',(0.,0.,1.));
#12629 = ORIENTED_EDGE('',*,*,#12630,.T.);
#12630 = EDGE_CURVE('',#12623,#12623,#12631,.T.);
#12631 = CIRCLE('',#12632,22.5);
#12632 = AXIS2_PLACEMENT_3D('',#12633,#12634,#12635);
#12633 = CARTESIAN_POINT('',(480.,325.,248.));
#12634 = DIRECTION('',(0.,0.,1.));
#12635 = DIRECTION('',(1.,0.,0.));
#12636 = ORIENTED_EDGE('',*,*,#12622,.T.);
#12637 = CYLINDRICAL_SURFACE('',#12638,22.5);
#12638 = AXIS2_PLACEMENT_3D('',#12639,#12640,#12641);
#12639 = CARTESIAN_POINT('',(480.,325.,248.));
#12640 = DIRECTION('',(0.,0.,1.));
#12641 = DIRECTION('',(1.,0.,0.));
#12642 = ADVANCED_FACE('',(#12643),#12646,.T.);
#12643 = FACE_BOUND('',#12644,.T.);
#12644 = EDGE_LOOP('',(#12645));
#12645 = ORIENTED_EDGE('',*,*,#12613,.T.);
#12646 = PLANE('',#12647);
#12647 = AXIS2_PLACEMENT_3D('',#12648,#12649,#12650);
#12648 = CARTESIAN_POINT('',(480.,325.,264.));
#12649 = DIRECTION('',(0.,0.,1.));
#12650 = DIRECTION('',(1.,0.,0.));
#12651 = ADVANCED_FACE('',(#12652),#12655,.F.);
#12652 = FACE_BOUND('',#12653,.T.);
#12653 = EDGE_LOOP('',(#12654));
#12654 = ORIENTED_EDGE('',*,*,#12630,.F.);
#12655 = PLANE('',#12656);
#12656 = AXIS2_PLACEMENT_3D('',#12657,#12658,#12659);
#12657 = CARTESIAN_POINT('',(480.,325.,248.));
#12658 = DIRECTION('',(0.,0.,1.));
#12659 = DIRECTION('',(1.,0.,0.));
#12660 = MANIFOLD_SOLID_BREP('',#12661);
#12661 = CLOSED_SHELL('',(#12662,#12695,#12704));
#12662 = ADVANCED_FACE('',(#12663),#12690,.T.);
#12663 = FACE_BOUND('',#12664,.T.);
#12664 = EDGE_LOOP('',(#12665,#12674,#12682,#12689));
#12665 = ORIENTED_EDGE('',*,*,#12666,.F.);
#12666 = EDGE_CURVE('',#12667,#12667,#12669,.T.);
#12667 = VERTEX_POINT('',#12668);
#12668 = CARTESIAN_POINT('',(502.5,325.,268.));
#12669 = CIRCLE('',#12670,22.5);
#12670 = AXIS2_PLACEMENT_3D('',#12671,#12672,#12673);
#12671 = CARTESIAN_POINT('',(480.,325.,268.));
#12672 = DIRECTION('',(0.,0.,1.));
#12673 = DIRECTION('',(1.,0.,0.));
#12674 = ORIENTED_EDGE('',*,*,#12675,.F.);
#12675 = EDGE_CURVE('',#12676,#12667,#12678,.T.);
#12676 = VERTEX_POINT('',#12677);
#12677 = CARTESIAN_POINT('',(502.5,325.,264.));
#12678 = LINE('',#12679,#12680);
#12679 = CARTESIAN_POINT('',(502.5,325.,264.));
#12680 = VECTOR('',#12681,1.);
#12681 = DIRECTION('',(0.,0.,1.));
#12682 = ORIENTED_EDGE('',*,*,#12683,.T.);
#12683 = EDGE_CURVE('',#12676,#12676,#12684,.T.);
#12684 = CIRCLE('',#12685,22.5);
#12685 = AXIS2_PLACEMENT_3D('',#12686,#12687,#12688);
#12686 = CARTESIAN_POINT('',(480.,325.,264.));
#12687 = DIRECTION('',(0.,0.,1.));
#12688 = DIRECTION('',(1.,0.,0.));
#12689 = ORIENTED_EDGE('',*,*,#12675,.T.);
#12690 = CYLINDRICAL_SURFACE('',#12691,22.5);
#12691 = AXIS2_PLACEMENT_3D('',#12692,#12693,#12694);
#12692 = CARTESIAN_POINT('',(480.,325.,264.));
#12693 = DIRECTION('',(0.,0.,1.));
#12694 = DIRECTION('',(1.,0.,0.));
#12695 = ADVANCED_FACE('',(#12696),#12699,.T.);
#12696 = FACE_BOUND('',#12697,.T.);
#12697 = EDGE_LOOP('',(#12698));
#12698 = ORIENTED_EDGE('',*,*,#12666,.T.);
#12699 = PLANE('',#12700);
#12700 = AXIS2_PLACEMENT_3D('',#12701,#12702,#12703);
#12701 = CARTESIAN_POINT('',(480.,325.,268.));
#12702 = DIRECTION('',(0.,0.,1.));
#12703 = DIRECTION('',(1.,0.,0.));
#12704 = ADVANCED_FACE('',(#12705),#12708,.F.);
#12705 = FACE_BOUND('',#12706,.T.);
#12706 = EDGE_LOOP('',(#12707));
#12707 = ORIENTED_EDGE('',*,*,#12683,.F.);
#12708 = PLANE('',#12709);
#12709 = AXIS2_PLACEMENT_3D('',#12710,#12711,#12712);
#12710 = CARTESIAN_POINT('',(480.,325.,264.));
#12711 = DIRECTION('',(0.,0.,1.));
#12712 = DIRECTION('',(1.,0.,0.));
#12713 = MANIFOLD_SOLID_BREP('',#12714);
#12714 = CLOSED_SHELL('',(#12715,#12755,#12795,#12817,#12839,#12851));
#12715 = ADVANCED_FACE('',(#12716),#12750,.F.);
#12716 = FACE_BOUND('',#12717,.F.);
#12717 = EDGE_LOOP('',(#12718,#12728,#12736,#12744));
#12718 = ORIENTED_EDGE('',*,*,#12719,.F.);
#12719 = EDGE_CURVE('',#12720,#12722,#12724,.T.);
#12720 = VERTEX_POINT('',#12721);
#12721 = CARTESIAN_POINT('',(90.,293.,360.));
#12722 = VERTEX_POINT('',#12723);
#12723 = CARTESIAN_POINT('',(90.,293.,368.));
#12724 = LINE('',#12725,#12726);
#12725 = CARTESIAN_POINT('',(90.,293.,360.));
#12726 = VECTOR('',#12727,1.);
#12727 = DIRECTION('',(0.,0.,1.));
#12728 = ORIENTED_EDGE('',*,*,#12729,.T.);
#12729 = EDGE_CURVE('',#12720,#12730,#12732,.T.);
#12730 = VERTEX_POINT('',#12731);
#12731 = CARTESIAN_POINT('',(90.,357.,360.));
#12732 = LINE('',#12733,#12734);
#12733 = CARTESIAN_POINT('',(90.,293.,360.));
#12734 = VECTOR('',#12735,1.);
#12735 = DIRECTION('',(0.,1.,0.));
#12736 = ORIENTED_EDGE('',*,*,#12737,.T.);
#12737 = EDGE_CURVE('',#12730,#12738,#12740,.T.);
#12738 = VERTEX_POINT('',#12739);
#12739 = CARTESIAN_POINT('',(90.,357.,368.));
#12740 = LINE('',#12741,#12742);
#12741 = CARTESIAN_POINT('',(90.,357.,360.));
#12742 = VECTOR('',#12743,1.);
#12743 = DIRECTION('',(0.,0.,1.));
#12744 = ORIENTED_EDGE('',*,*,#12745,.F.);
#12745 = EDGE_CURVE('',#12722,#12738,#12746,.T.);
#12746 = LINE('',#12747,#12748);
#12747 = CARTESIAN_POINT('',(90.,293.,368.));
#12748 = VECTOR('',#12749,1.);
#12749 = DIRECTION('',(0.,1.,0.));
#12750 = PLANE('',#12751);
#12751 = AXIS2_PLACEMENT_3D('',#12752,#12753,#12754);
#12752 = CARTESIAN_POINT('',(90.,293.,360.));
#12753 = DIRECTION('',(1.,0.,0.));
#12754 = DIRECTION('',(0.,0.,1.));
#12755 = ADVANCED_FACE('',(#12756),#12790,.T.);
#12756 = FACE_BOUND('',#12757,.T.);
#12757 = EDGE_LOOP('',(#12758,#12768,#12776,#12784));
#12758 = ORIENTED_EDGE('',*,*,#12759,.F.);
#12759 = EDGE_CURVE('',#12760,#12762,#12764,.T.);
#12760 = VERTEX_POINT('',#12761);
#12761 = CARTESIAN_POINT('',(150.,293.,360.));
#12762 = VERTEX_POINT('',#12763);
#12763 = CARTESIAN_POINT('',(150.,293.,368.));
#12764 = LINE('',#12765,#12766);
#12765 = CARTESIAN_POINT('',(150.,293.,360.));
#12766 = VECTOR('',#12767,1.);
#12767 = DIRECTION('',(0.,0.,1.));
#12768 = ORIENTED_EDGE('',*,*,#12769,.T.);
#12769 = EDGE_CURVE('',#12760,#12770,#12772,.T.);
#12770 = VERTEX_POINT('',#12771);
#12771 = CARTESIAN_POINT('',(150.,357.,360.));
#12772 = LINE('',#12773,#12774);
#12773 = CARTESIAN_POINT('',(150.,293.,360.));
#12774 = VECTOR('',#12775,1.);
#12775 = DIRECTION('',(0.,1.,0.));
#12776 = ORIENTED_EDGE('',*,*,#12777,.T.);
#12777 = EDGE_CURVE('',#12770,#12778,#12780,.T.);
#12778 = VERTEX_POINT('',#12779);
#12779 = CARTESIAN_POINT('',(150.,357.,368.));
#12780 = LINE('',#12781,#12782);
#12781 = CARTESIAN_POINT('',(150.,357.,360.));
#12782 = VECTOR('',#12783,1.);
#12783 = DIRECTION('',(0.,0.,1.));
#12784 = ORIENTED_EDGE('',*,*,#12785,.F.);
#12785 = EDGE_CURVE('',#12762,#12778,#12786,.T.);
#12786 = LINE('',#12787,#12788);
#12787 = CARTESIAN_POINT('',(150.,293.,368.));
#12788 = VECTOR('',#12789,1.);
#12789 = DIRECTION('',(0.,1.,0.));
#12790 = PLANE('',#12791);
#12791 = AXIS2_PLACEMENT_3D('',#12792,#12793,#12794);
#12792 = CARTESIAN_POINT('',(150.,293.,360.));
#12793 = DIRECTION('',(1.,0.,0.));
#12794 = DIRECTION('',(0.,0.,1.));
#12795 = ADVANCED_FACE('',(#12796),#12812,.F.);
#12796 = FACE_BOUND('',#12797,.F.);
#12797 = EDGE_LOOP('',(#12798,#12804,#12805,#12811));
#12798 = ORIENTED_EDGE('',*,*,#12799,.F.);
#12799 = EDGE_CURVE('',#12720,#12760,#12800,.T.);
#12800 = LINE('',#12801,#12802);
#12801 = CARTESIAN_POINT('',(90.,293.,360.));
#12802 = VECTOR('',#12803,1.);
#12803 = DIRECTION('',(1.,0.,0.));
#12804 = ORIENTED_EDGE('',*,*,#12719,.T.);
#12805 = ORIENTED_EDGE('',*,*,#12806,.T.);
#12806 = EDGE_CURVE('',#12722,#12762,#12807,.T.);
#12807 = LINE('',#12808,#12809);
#12808 = CARTESIAN_POINT('',(90.,293.,368.));
#12809 = VECTOR('',#12810,1.);
#12810 = DIRECTION('',(1.,0.,0.));
#12811 = ORIENTED_EDGE('',*,*,#12759,.F.);
#12812 = PLANE('',#12813);
#12813 = AXIS2_PLACEMENT_3D('',#12814,#12815,#12816);
#12814 = CARTESIAN_POINT('',(90.,293.,360.));
#12815 = DIRECTION('',(0.,1.,0.));
#12816 = DIRECTION('',(0.,0.,1.));
#12817 = ADVANCED_FACE('',(#12818),#12834,.T.);
#12818 = FACE_BOUND('',#12819,.T.);
#12819 = EDGE_LOOP('',(#12820,#12826,#12827,#12833));
#12820 = ORIENTED_EDGE('',*,*,#12821,.F.);
#12821 = EDGE_CURVE('',#12730,#12770,#12822,.T.);
#12822 = LINE('',#12823,#12824);
#12823 = CARTESIAN_POINT('',(90.,357.,360.));
#12824 = VECTOR('',#12825,1.);
#12825 = DIRECTION('',(1.,0.,0.));
#12826 = ORIENTED_EDGE('',*,*,#12737,.T.);
#12827 = ORIENTED_EDGE('',*,*,#12828,.T.);
#12828 = EDGE_CURVE('',#12738,#12778,#12829,.T.);
#12829 = LINE('',#12830,#12831);
#12830 = CARTESIAN_POINT('',(90.,357.,368.));
#12831 = VECTOR('',#12832,1.);
#12832 = DIRECTION('',(1.,0.,0.));
#12833 = ORIENTED_EDGE('',*,*,#12777,.F.);
#12834 = PLANE('',#12835);
#12835 = AXIS2_PLACEMENT_3D('',#12836,#12837,#12838);
#12836 = CARTESIAN_POINT('',(90.,357.,360.));
#12837 = DIRECTION('',(0.,1.,0.));
#12838 = DIRECTION('',(0.,0.,1.));
#12839 = ADVANCED_FACE('',(#12840),#12846,.F.);
#12840 = FACE_BOUND('',#12841,.F.);
#12841 = EDGE_LOOP('',(#12842,#12843,#12844,#12845));
#12842 = ORIENTED_EDGE('',*,*,#12729,.F.);
#12843 = ORIENTED_EDGE('',*,*,#12799,.T.);
#12844 = ORIENTED_EDGE('',*,*,#12769,.T.);
#12845 = ORIENTED_EDGE('',*,*,#12821,.F.);
#12846 = PLANE('',#12847);
#12847 = AXIS2_PLACEMENT_3D('',#12848,#12849,#12850);
#12848 = CARTESIAN_POINT('',(90.,293.,360.));
#12849 = DIRECTION('',(0.,0.,1.));
#12850 = DIRECTION('',(1.,0.,0.));
#12851 = ADVANCED_FACE('',(#12852),#12858,.T.);
#12852 = FACE_BOUND('',#12853,.T.);
#12853 = EDGE_LOOP('',(#12854,#12855,#12856,#12857));
#12854 = ORIENTED_EDGE('',*,*,#12745,.F.);
#12855 = ORIENTED_EDGE('',*,*,#12806,.T.);
#12856 = ORIENTED_EDGE('',*,*,#12785,.T.);
#12857 = ORIENTED_EDGE('',*,*,#12828,.F.);
#12858 = PLANE('',#12859);
#12859 = AXIS2_PLACEMENT_3D('',#12860,#12861,#12862);
#12860 = CARTESIAN_POINT('',(90.,293.,368.));
#12861 = DIRECTION('',(0.,0.,1.));
#12862 = DIRECTION('',(1.,0.,0.));
#12863 = MANIFOLD_SOLID_BREP('',#12864);
#12864 = CLOSED_SHELL('',(#12865,#12905,#12945,#12967,#12989,#13001));
#12865 = ADVANCED_FACE('',(#12866),#12900,.F.);
#12866 = FACE_BOUND('',#12867,.F.);
#12867 = EDGE_LOOP('',(#12868,#12878,#12886,#12894));
#12868 = ORIENTED_EDGE('',*,*,#12869,.F.);
#12869 = EDGE_CURVE('',#12870,#12872,#12874,.T.);
#12870 = VERTEX_POINT('',#12871);
#12871 = CARTESIAN_POINT('',(90.,293.,368.));
#12872 = VERTEX_POINT('',#12873);
#12873 = CARTESIAN_POINT('',(90.,293.,380.));
#12874 = LINE('',#12875,#12876);
#12875 = CARTESIAN_POINT('',(90.,293.,368.));
#12876 = VECTOR('',#12877,1.);
#12877 = DIRECTION('',(0.,0.,1.));
#12878 = ORIENTED_EDGE('',*,*,#12879,.T.);
#12879 = EDGE_CURVE('',#12870,#12880,#12882,.T.);
#12880 = VERTEX_POINT('',#12881);
#12881 = CARTESIAN_POINT('',(90.,357.,368.));
#12882 = LINE('',#12883,#12884);
#12883 = CARTESIAN_POINT('',(90.,293.,368.));
#12884 = VECTOR('',#12885,1.);
#12885 = DIRECTION('',(0.,1.,0.));
#12886 = ORIENTED_EDGE('',*,*,#12887,.T.);
#12887 = EDGE_CURVE('',#12880,#12888,#12890,.T.);
#12888 = VERTEX_POINT('',#12889);
#12889 = CARTESIAN_POINT('',(90.,357.,380.));
#12890 = LINE('',#12891,#12892);
#12891 = CARTESIAN_POINT('',(90.,357.,368.));
#12892 = VECTOR('',#12893,1.);
#12893 = DIRECTION('',(0.,0.,1.));
#12894 = ORIENTED_EDGE('',*,*,#12895,.F.);
#12895 = EDGE_CURVE('',#12872,#12888,#12896,.T.);
#12896 = LINE('',#12897,#12898);
#12897 = CARTESIAN_POINT('',(90.,293.,380.));
#12898 = VECTOR('',#12899,1.);
#12899 = DIRECTION('',(0.,1.,0.));
#12900 = PLANE('',#12901);
#12901 = AXIS2_PLACEMENT_3D('',#12902,#12903,#12904);
#12902 = CARTESIAN_POINT('',(90.,293.,368.));
#12903 = DIRECTION('',(1.,0.,0.));
#12904 = DIRECTION('',(0.,0.,1.));
#12905 = ADVANCED_FACE('',(#12906),#12940,.T.);
#12906 = FACE_BOUND('',#12907,.T.);
#12907 = EDGE_LOOP('',(#12908,#12918,#12926,#12934));
#12908 = ORIENTED_EDGE('',*,*,#12909,.F.);
#12909 = EDGE_CURVE('',#12910,#12912,#12914,.T.);
#12910 = VERTEX_POINT('',#12911);
#12911 = CARTESIAN_POINT('',(95.,293.,368.));
#12912 = VERTEX_POINT('',#12913);
#12913 = CARTESIAN_POINT('',(95.,293.,380.));
#12914 = LINE('',#12915,#12916);
#12915 = CARTESIAN_POINT('',(95.,293.,368.));
#12916 = VECTOR('',#12917,1.);
#12917 = DIRECTION('',(0.,0.,1.));
#12918 = ORIENTED_EDGE('',*,*,#12919,.T.);
#12919 = EDGE_CURVE('',#12910,#12920,#12922,.T.);
#12920 = VERTEX_POINT('',#12921);
#12921 = CARTESIAN_POINT('',(95.,357.,368.));
#12922 = LINE('',#12923,#12924);
#12923 = CARTESIAN_POINT('',(95.,293.,368.));
#12924 = VECTOR('',#12925,1.);
#12925 = DIRECTION('',(0.,1.,0.));
#12926 = ORIENTED_EDGE('',*,*,#12927,.T.);
#12927 = EDGE_CURVE('',#12920,#12928,#12930,.T.);
#12928 = VERTEX_POINT('',#12929);
#12929 = CARTESIAN_POINT('',(95.,357.,380.));
#12930 = LINE('',#12931,#12932);
#12931 = CARTESIAN_POINT('',(95.,357.,368.));
#12932 = VECTOR('',#12933,1.);
#12933 = DIRECTION('',(0.,0.,1.));
#12934 = ORIENTED_EDGE('',*,*,#12935,.F.);
#12935 = EDGE_CURVE('',#12912,#12928,#12936,.T.);
#12936 = LINE('',#12937,#12938);
#12937 = CARTESIAN_POINT('',(95.,293.,380.));
#12938 = VECTOR('',#12939,1.);
#12939 = DIRECTION('',(0.,1.,0.));
#12940 = PLANE('',#12941);
#12941 = AXIS2_PLACEMENT_3D('',#12942,#12943,#12944);
#12942 = CARTESIAN_POINT('',(95.,293.,368.));
#12943 = DIRECTION('',(1.,0.,0.));
#12944 = DIRECTION('',(0.,0.,1.));
#12945 = ADVANCED_FACE('',(#12946),#12962,.F.);
#12946 = FACE_BOUND('',#12947,.F.);
#12947 = EDGE_LOOP('',(#12948,#12954,#12955,#12961));
#12948 = ORIENTED_EDGE('',*,*,#12949,.F.);
#12949 = EDGE_CURVE('',#12870,#12910,#12950,.T.);
#12950 = LINE('',#12951,#12952);
#12951 = CARTESIAN_POINT('',(90.,293.,368.));
#12952 = VECTOR('',#12953,1.);
#12953 = DIRECTION('',(1.,0.,0.));
#12954 = ORIENTED_EDGE('',*,*,#12869,.T.);
#12955 = ORIENTED_EDGE('',*,*,#12956,.T.);
#12956 = EDGE_CURVE('',#12872,#12912,#12957,.T.);
#12957 = LINE('',#12958,#12959);
#12958 = CARTESIAN_POINT('',(90.,293.,380.));
#12959 = VECTOR('',#12960,1.);
#12960 = DIRECTION('',(1.,0.,0.));
#12961 = ORIENTED_EDGE('',*,*,#12909,.F.);
#12962 = PLANE('',#12963);
#12963 = AXIS2_PLACEMENT_3D('',#12964,#12965,#12966);
#12964 = CARTESIAN_POINT('',(90.,293.,368.));
#12965 = DIRECTION('',(0.,1.,0.));
#12966 = DIRECTION('',(0.,0.,1.));
#12967 = ADVANCED_FACE('',(#12968),#12984,.T.);
#12968 = FACE_BOUND('',#12969,.T.);
#12969 = EDGE_LOOP('',(#12970,#12976,#12977,#12983));
#12970 = ORIENTED_EDGE('',*,*,#12971,.F.);
#12971 = EDGE_CURVE('',#12880,#12920,#12972,.T.);
#12972 = LINE('',#12973,#12974);
#12973 = CARTESIAN_POINT('',(90.,357.,368.));
#12974 = VECTOR('',#12975,1.);
#12975 = DIRECTION('',(1.,0.,0.));
#12976 = ORIENTED_EDGE('',*,*,#12887,.T.);
#12977 = ORIENTED_EDGE('',*,*,#12978,.T.);
#12978 = EDGE_CURVE('',#12888,#12928,#12979,.T.);
#12979 = LINE('',#12980,#12981);
#12980 = CARTESIAN_POINT('',(90.,357.,380.));
#12981 = VECTOR('',#12982,1.);
#12982 = DIRECTION('',(1.,0.,0.));
#12983 = ORIENTED_EDGE('',*,*,#12927,.F.);
#12984 = PLANE('',#12985);
#12985 = AXIS2_PLACEMENT_3D('',#12986,#12987,#12988);
#12986 = CARTESIAN_POINT('',(90.,357.,368.));
#12987 = DIRECTION('',(0.,1.,0.));
#12988 = DIRECTION('',(0.,0.,1.));
#12989 = ADVANCED_FACE('',(#12990),#12996,.F.);
#12990 = FACE_BOUND('',#12991,.F.);
#12991 = EDGE_LOOP('',(#12992,#12993,#12994,#12995));
#12992 = ORIENTED_EDGE('',*,*,#12879,.F.);
#12993 = ORIENTED_EDGE('',*,*,#12949,.T.);
#12994 = ORIENTED_EDGE('',*,*,#12919,.T.);
#12995 = ORIENTED_EDGE('',*,*,#12971,.F.);
#12996 = PLANE('',#12997);
#12997 = AXIS2_PLACEMENT_3D('',#12998,#12999,#13000);
#12998 = CARTESIAN_POINT('',(90.,293.,368.));
#12999 = DIRECTION('',(0.,0.,1.));
#13000 = DIRECTION('',(1.,0.,0.));
#13001 = ADVANCED_FACE('',(#13002),#13008,.T.);
#13002 = FACE_BOUND('',#13003,.T.);
#13003 = EDGE_LOOP('',(#13004,#13005,#13006,#13007));
#13004 = ORIENTED_EDGE('',*,*,#12895,.F.);
#13005 = ORIENTED_EDGE('',*,*,#12956,.T.);
#13006 = ORIENTED_EDGE('',*,*,#12935,.T.);
#13007 = ORIENTED_EDGE('',*,*,#12978,.F.);
#13008 = PLANE('',#13009);
#13009 = AXIS2_PLACEMENT_3D('',#13010,#13011,#13012);
#13010 = CARTESIAN_POINT('',(90.,293.,380.));
#13011 = DIRECTION('',(0.,0.,1.));
#13012 = DIRECTION('',(1.,0.,0.));
#13013 = MANIFOLD_SOLID_BREP('',#13014);
#13014 = CLOSED_SHELL('',(#13015,#13055,#13095,#13117,#13139,#13151));
#13015 = ADVANCED_FACE('',(#13016),#13050,.F.);
#13016 = FACE_BOUND('',#13017,.F.);
#13017 = EDGE_LOOP('',(#13018,#13028,#13036,#13044));
#13018 = ORIENTED_EDGE('',*,*,#13019,.F.);
#13019 = EDGE_CURVE('',#13020,#13022,#13024,.T.);
#13020 = VERTEX_POINT('',#13021);
#13021 = CARTESIAN_POINT('',(145.,293.,368.));
#13022 = VERTEX_POINT('',#13023);
#13023 = CARTESIAN_POINT('',(145.,293.,380.));
#13024 = LINE('',#13025,#13026);
#13025 = CARTESIAN_POINT('',(145.,293.,368.));
#13026 = VECTOR('',#13027,1.);
#13027 = DIRECTION('',(0.,0.,1.));
#13028 = ORIENTED_EDGE('',*,*,#13029,.T.);
#13029 = EDGE_CURVE('',#13020,#13030,#13032,.T.);
#13030 = VERTEX_POINT('',#13031);
#13031 = CARTESIAN_POINT('',(145.,357.,368.));
#13032 = LINE('',#13033,#13034);
#13033 = CARTESIAN_POINT('',(145.,293.,368.));
#13034 = VECTOR('',#13035,1.);
#13035 = DIRECTION('',(0.,1.,0.));
#13036 = ORIENTED_EDGE('',*,*,#13037,.T.);
#13037 = EDGE_CURVE('',#13030,#13038,#13040,.T.);
#13038 = VERTEX_POINT('',#13039);
#13039 = CARTESIAN_POINT('',(145.,357.,380.));
#13040 = LINE('',#13041,#13042);
#13041 = CARTESIAN_POINT('',(145.,357.,368.));
#13042 = VECTOR('',#13043,1.);
#13043 = DIRECTION('',(0.,0.,1.));
#13044 = ORIENTED_EDGE('',*,*,#13045,.F.);
#13045 = EDGE_CURVE('',#13022,#13038,#13046,.T.);
#13046 = LINE('',#13047,#13048);
#13047 = CARTESIAN_POINT('',(145.,293.,380.));
#13048 = VECTOR('',#13049,1.);
#13049 = DIRECTION('',(0.,1.,0.));
#13050 = PLANE('',#13051);
#13051 = AXIS2_PLACEMENT_3D('',#13052,#13053,#13054);
#13052 = CARTESIAN_POINT('',(145.,293.,368.));
#13053 = DIRECTION('',(1.,0.,0.));
#13054 = DIRECTION('',(0.,0.,1.));
#13055 = ADVANCED_FACE('',(#13056),#13090,.T.);
#13056 = FACE_BOUND('',#13057,.T.);
#13057 = EDGE_LOOP('',(#13058,#13068,#13076,#13084));
#13058 = ORIENTED_EDGE('',*,*,#13059,.F.);
#13059 = EDGE_CURVE('',#13060,#13062,#13064,.T.);
#13060 = VERTEX_POINT('',#13061);
#13061 = CARTESIAN_POINT('',(150.,293.,368.));
#13062 = VERTEX_POINT('',#13063);
#13063 = CARTESIAN_POINT('',(150.,293.,380.));
#13064 = LINE('',#13065,#13066);
#13065 = CARTESIAN_POINT('',(150.,293.,368.));
#13066 = VECTOR('',#13067,1.);
#13067 = DIRECTION('',(0.,0.,1.));
#13068 = ORIENTED_EDGE('',*,*,#13069,.T.);
#13069 = EDGE_CURVE('',#13060,#13070,#13072,.T.);
#13070 = VERTEX_POINT('',#13071);
#13071 = CARTESIAN_POINT('',(150.,357.,368.));
#13072 = LINE('',#13073,#13074);
#13073 = CARTESIAN_POINT('',(150.,293.,368.));
#13074 = VECTOR('',#13075,1.);
#13075 = DIRECTION('',(0.,1.,0.));
#13076 = ORIENTED_EDGE('',*,*,#13077,.T.);
#13077 = EDGE_CURVE('',#13070,#13078,#13080,.T.);
#13078 = VERTEX_POINT('',#13079);
#13079 = CARTESIAN_POINT('',(150.,357.,380.));
#13080 = LINE('',#13081,#13082);
#13081 = CARTESIAN_POINT('',(150.,357.,368.));
#13082 = VECTOR('',#13083,1.);
#13083 = DIRECTION('',(0.,0.,1.));
#13084 = ORIENTED_EDGE('',*,*,#13085,.F.);
#13085 = EDGE_CURVE('',#13062,#13078,#13086,.T.);
#13086 = LINE('',#13087,#13088);
#13087 = CARTESIAN_POINT('',(150.,293.,380.));
#13088 = VECTOR('',#13089,1.);
#13089 = DIRECTION('',(0.,1.,0.));
#13090 = PLANE('',#13091);
#13091 = AXIS2_PLACEMENT_3D('',#13092,#13093,#13094);
#13092 = CARTESIAN_POINT('',(150.,293.,368.));
#13093 = DIRECTION('',(1.,0.,0.));
#13094 = DIRECTION('',(0.,0.,1.));
#13095 = ADVANCED_FACE('',(#13096),#13112,.F.);
#13096 = FACE_BOUND('',#13097,.F.);
#13097 = EDGE_LOOP('',(#13098,#13104,#13105,#13111));
#13098 = ORIENTED_EDGE('',*,*,#13099,.F.);
#13099 = EDGE_CURVE('',#13020,#13060,#13100,.T.);
#13100 = LINE('',#13101,#13102);
#13101 = CARTESIAN_POINT('',(145.,293.,368.));
#13102 = VECTOR('',#13103,1.);
#13103 = DIRECTION('',(1.,0.,0.));
#13104 = ORIENTED_EDGE('',*,*,#13019,.T.);
#13105 = ORIENTED_EDGE('',*,*,#13106,.T.);
#13106 = EDGE_CURVE('',#13022,#13062,#13107,.T.);
#13107 = LINE('',#13108,#13109);
#13108 = CARTESIAN_POINT('',(145.,293.,380.));
#13109 = VECTOR('',#13110,1.);
#13110 = DIRECTION('',(1.,0.,0.));
#13111 = ORIENTED_EDGE('',*,*,#13059,.F.);
#13112 = PLANE('',#13113);
#13113 = AXIS2_PLACEMENT_3D('',#13114,#13115,#13116);
#13114 = CARTESIAN_POINT('',(145.,293.,368.));
#13115 = DIRECTION('',(0.,1.,0.));
#13116 = DIRECTION('',(0.,0.,1.));
#13117 = ADVANCED_FACE('',(#13118),#13134,.T.);
#13118 = FACE_BOUND('',#13119,.T.);
#13119 = EDGE_LOOP('',(#13120,#13126,#13127,#13133));
#13120 = ORIENTED_EDGE('',*,*,#13121,.F.);
#13121 = EDGE_CURVE('',#13030,#13070,#13122,.T.);
#13122 = LINE('',#13123,#13124);
#13123 = CARTESIAN_POINT('',(145.,357.,368.));
#13124 = VECTOR('',#13125,1.);
#13125 = DIRECTION('',(1.,0.,0.));
#13126 = ORIENTED_EDGE('',*,*,#13037,.T.);
#13127 = ORIENTED_EDGE('',*,*,#13128,.T.);
#13128 = EDGE_CURVE('',#13038,#13078,#13129,.T.);
#13129 = LINE('',#13130,#13131);
#13130 = CARTESIAN_POINT('',(145.,357.,380.));
#13131 = VECTOR('',#13132,1.);
#13132 = DIRECTION('',(1.,0.,0.));
#13133 = ORIENTED_EDGE('',*,*,#13077,.F.);
#13134 = PLANE('',#13135);
#13135 = AXIS2_PLACEMENT_3D('',#13136,#13137,#13138);
#13136 = CARTESIAN_POINT('',(145.,357.,368.));
#13137 = DIRECTION('',(0.,1.,0.));
#13138 = DIRECTION('',(0.,0.,1.));
#13139 = ADVANCED_FACE('',(#13140),#13146,.F.);
#13140 = FACE_BOUND('',#13141,.F.);
#13141 = EDGE_LOOP('',(#13142,#13143,#13144,#13145));
#13142 = ORIENTED_EDGE('',*,*,#13029,.F.);
#13143 = ORIENTED_EDGE('',*,*,#13099,.T.);
#13144 = ORIENTED_EDGE('',*,*,#13069,.T.);
#13145 = ORIENTED_EDGE('',*,*,#13121,.F.);
#13146 = PLANE('',#13147);
#13147 = AXIS2_PLACEMENT_3D('',#13148,#13149,#13150);
#13148 = CARTESIAN_POINT('',(145.,293.,368.));
#13149 = DIRECTION('',(0.,0.,1.));
#13150 = DIRECTION('',(1.,0.,0.));
#13151 = ADVANCED_FACE('',(#13152),#13158,.T.);
#13152 = FACE_BOUND('',#13153,.T.);
#13153 = EDGE_LOOP('',(#13154,#13155,#13156,#13157));
#13154 = ORIENTED_EDGE('',*,*,#13045,.F.);
#13155 = ORIENTED_EDGE('',*,*,#13106,.T.);
#13156 = ORIENTED_EDGE('',*,*,#13085,.T.);
#13157 = ORIENTED_EDGE('',*,*,#13128,.F.);
#13158 = PLANE('',#13159);
#13159 = AXIS2_PLACEMENT_3D('',#13160,#13161,#13162);
#13160 = CARTESIAN_POINT('',(145.,293.,380.));
#13161 = DIRECTION('',(0.,0.,1.));
#13162 = DIRECTION('',(1.,0.,0.));
#13163 = MANIFOLD_SOLID_BREP('',#13164);
#13164 = CLOSED_SHELL('',(#13165,#13205,#13245,#13267,#13289,#13301));
#13165 = ADVANCED_FACE('',(#13166),#13200,.F.);
#13166 = FACE_BOUND('',#13167,.F.);
#13167 = EDGE_LOOP('',(#13168,#13178,#13186,#13194));
#13168 = ORIENTED_EDGE('',*,*,#13169,.F.);
#13169 = EDGE_CURVE('',#13170,#13172,#13174,.T.);
#13170 = VERTEX_POINT('',#13171);
#13171 = CARTESIAN_POINT('',(95.,293.,368.));
#13172 = VERTEX_POINT('',#13173);
#13173 = CARTESIAN_POINT('',(95.,293.,380.));
#13174 = LINE('',#13175,#13176);
#13175 = CARTESIAN_POINT('',(95.,293.,368.));
#13176 = VECTOR('',#13177,1.);
#13177 = DIRECTION('',(0.,0.,1.));
#13178 = ORIENTED_EDGE('',*,*,#13179,.T.);
#13179 = EDGE_CURVE('',#13170,#13180,#13182,.T.);
#13180 = VERTEX_POINT('',#13181);
#13181 = CARTESIAN_POINT('',(95.,298.,368.));
#13182 = LINE('',#13183,#13184);
#13183 = CARTESIAN_POINT('',(95.,293.,368.));
#13184 = VECTOR('',#13185,1.);
#13185 = DIRECTION('',(0.,1.,0.));
#13186 = ORIENTED_EDGE('',*,*,#13187,.T.);
#13187 = EDGE_CURVE('',#13180,#13188,#13190,.T.);
#13188 = VERTEX_POINT('',#13189);
#13189 = CARTESIAN_POINT('',(95.,298.,380.));
#13190 = LINE('',#13191,#13192);
#13191 = CARTESIAN_POINT('',(95.,298.,368.));
#13192 = VECTOR('',#13193,1.);
#13193 = DIRECTION('',(0.,0.,1.));
#13194 = ORIENTED_EDGE('',*,*,#13195,.F.);
#13195 = EDGE_CURVE('',#13172,#13188,#13196,.T.);
#13196 = LINE('',#13197,#13198);
#13197 = CARTESIAN_POINT('',(95.,293.,380.));
#13198 = VECTOR('',#13199,1.);
#13199 = DIRECTION('',(0.,1.,0.));
#13200 = PLANE('',#13201);
#13201 = AXIS2_PLACEMENT_3D('',#13202,#13203,#13204);
#13202 = CARTESIAN_POINT('',(95.,293.,368.));
#13203 = DIRECTION('',(1.,0.,0.));
#13204 = DIRECTION('',(0.,0.,1.));
#13205 = ADVANCED_FACE('',(#13206),#13240,.T.);
#13206 = FACE_BOUND('',#13207,.T.);
#13207 = EDGE_LOOP('',(#13208,#13218,#13226,#13234));
#13208 = ORIENTED_EDGE('',*,*,#13209,.F.);
#13209 = EDGE_CURVE('',#13210,#13212,#13214,.T.);
#13210 = VERTEX_POINT('',#13211);
#13211 = CARTESIAN_POINT('',(108.,293.,368.));
#13212 = VERTEX_POINT('',#13213);
#13213 = CARTESIAN_POINT('',(108.,293.,380.));
#13214 = LINE('',#13215,#13216);
#13215 = CARTESIAN_POINT('',(108.,293.,368.));
#13216 = VECTOR('',#13217,1.);
#13217 = DIRECTION('',(0.,0.,1.));
#13218 = ORIENTED_EDGE('',*,*,#13219,.T.);
#13219 = EDGE_CURVE('',#13210,#13220,#13222,.T.);
#13220 = VERTEX_POINT('',#13221);
#13221 = CARTESIAN_POINT('',(108.,298.,368.));
#13222 = LINE('',#13223,#13224);
#13223 = CARTESIAN_POINT('',(108.,293.,368.));
#13224 = VECTOR('',#13225,1.);
#13225 = DIRECTION('',(0.,1.,0.));
#13226 = ORIENTED_EDGE('',*,*,#13227,.T.);
#13227 = EDGE_CURVE('',#13220,#13228,#13230,.T.);
#13228 = VERTEX_POINT('',#13229);
#13229 = CARTESIAN_POINT('',(108.,298.,380.));
#13230 = LINE('',#13231,#13232);
#13231 = CARTESIAN_POINT('',(108.,298.,368.));
#13232 = VECTOR('',#13233,1.);
#13233 = DIRECTION('',(0.,0.,1.));
#13234 = ORIENTED_EDGE('',*,*,#13235,.F.);
#13235 = EDGE_CURVE('',#13212,#13228,#13236,.T.);
#13236 = LINE('',#13237,#13238);
#13237 = CARTESIAN_POINT('',(108.,293.,380.));
#13238 = VECTOR('',#13239,1.);
#13239 = DIRECTION('',(0.,1.,0.));
#13240 = PLANE('',#13241);
#13241 = AXIS2_PLACEMENT_3D('',#13242,#13243,#13244);
#13242 = CARTESIAN_POINT('',(108.,293.,368.));
#13243 = DIRECTION('',(1.,0.,0.));
#13244 = DIRECTION('',(0.,0.,1.));
#13245 = ADVANCED_FACE('',(#13246),#13262,.F.);
#13246 = FACE_BOUND('',#13247,.F.);
#13247 = EDGE_LOOP('',(#13248,#13254,#13255,#13261));
#13248 = ORIENTED_EDGE('',*,*,#13249,.F.);
#13249 = EDGE_CURVE('',#13170,#13210,#13250,.T.);
#13250 = LINE('',#13251,#13252);
#13251 = CARTESIAN_POINT('',(95.,293.,368.));
#13252 = VECTOR('',#13253,1.);
#13253 = DIRECTION('',(1.,0.,0.));
#13254 = ORIENTED_EDGE('',*,*,#13169,.T.);
#13255 = ORIENTED_EDGE('',*,*,#13256,.T.);
#13256 = EDGE_CURVE('',#13172,#13212,#13257,.T.);
#13257 = LINE('',#13258,#13259);
#13258 = CARTESIAN_POINT('',(95.,293.,380.));
#13259 = VECTOR('',#13260,1.);
#13260 = DIRECTION('',(1.,0.,0.));
#13261 = ORIENTED_EDGE('',*,*,#13209,.F.);
#13262 = PLANE('',#13263);
#13263 = AXIS2_PLACEMENT_3D('',#13264,#13265,#13266);
#13264 = CARTESIAN_POINT('',(95.,293.,368.));
#13265 = DIRECTION('',(0.,1.,0.));
#13266 = DIRECTION('',(0.,0.,1.));
#13267 = ADVANCED_FACE('',(#13268),#13284,.T.);
#13268 = FACE_BOUND('',#13269,.T.);
#13269 = EDGE_LOOP('',(#13270,#13276,#13277,#13283));
#13270 = ORIENTED_EDGE('',*,*,#13271,.F.);
#13271 = EDGE_CURVE('',#13180,#13220,#13272,.T.);
#13272 = LINE('',#13273,#13274);
#13273 = CARTESIAN_POINT('',(95.,298.,368.));
#13274 = VECTOR('',#13275,1.);
#13275 = DIRECTION('',(1.,0.,0.));
#13276 = ORIENTED_EDGE('',*,*,#13187,.T.);
#13277 = ORIENTED_EDGE('',*,*,#13278,.T.);
#13278 = EDGE_CURVE('',#13188,#13228,#13279,.T.);
#13279 = LINE('',#13280,#13281);
#13280 = CARTESIAN_POINT('',(95.,298.,380.));
#13281 = VECTOR('',#13282,1.);
#13282 = DIRECTION('',(1.,0.,0.));
#13283 = ORIENTED_EDGE('',*,*,#13227,.F.);
#13284 = PLANE('',#13285);
#13285 = AXIS2_PLACEMENT_3D('',#13286,#13287,#13288);
#13286 = CARTESIAN_POINT('',(95.,298.,368.));
#13287 = DIRECTION('',(0.,1.,0.));
#13288 = DIRECTION('',(0.,0.,1.));
#13289 = ADVANCED_FACE('',(#13290),#13296,.F.);
#13290 = FACE_BOUND('',#13291,.F.);
#13291 = EDGE_LOOP('',(#13292,#13293,#13294,#13295));
#13292 = ORIENTED_EDGE('',*,*,#13179,.F.);
#13293 = ORIENTED_EDGE('',*,*,#13249,.T.);
#13294 = ORIENTED_EDGE('',*,*,#13219,.T.);
#13295 = ORIENTED_EDGE('',*,*,#13271,.F.);
#13296 = PLANE('',#13297);
#13297 = AXIS2_PLACEMENT_3D('',#13298,#13299,#13300);
#13298 = CARTESIAN_POINT('',(95.,293.,368.));
#13299 = DIRECTION('',(0.,0.,1.));
#13300 = DIRECTION('',(1.,0.,0.));
#13301 = ADVANCED_FACE('',(#13302),#13308,.T.);
#13302 = FACE_BOUND('',#13303,.T.);
#13303 = EDGE_LOOP('',(#13304,#13305,#13306,#13307));
#13304 = ORIENTED_EDGE('',*,*,#13195,.F.);
#13305 = ORIENTED_EDGE('',*,*,#13256,.T.);
#13306 = ORIENTED_EDGE('',*,*,#13235,.T.);
#13307 = ORIENTED_EDGE('',*,*,#13278,.F.);
#13308 = PLANE('',#13309);
#13309 = AXIS2_PLACEMENT_3D('',#13310,#13311,#13312);
#13310 = CARTESIAN_POINT('',(95.,293.,380.));
#13311 = DIRECTION('',(0.,0.,1.));
#13312 = DIRECTION('',(1.,0.,0.));
#13313 = MANIFOLD_SOLID_BREP('',#13314);
#13314 = CLOSED_SHELL('',(#13315,#13355,#13395,#13417,#13439,#13451));
#13315 = ADVANCED_FACE('',(#13316),#13350,.F.);
#13316 = FACE_BOUND('',#13317,.F.);
#13317 = EDGE_LOOP('',(#13318,#13328,#13336,#13344));
#13318 = ORIENTED_EDGE('',*,*,#13319,.F.);
#13319 = EDGE_CURVE('',#13320,#13322,#13324,.T.);
#13320 = VERTEX_POINT('',#13321);
#13321 = CARTESIAN_POINT('',(132.,293.,368.));
#13322 = VERTEX_POINT('',#13323);
#13323 = CARTESIAN_POINT('',(132.,293.,380.));
#13324 = LINE('',#13325,#13326);
#13325 = CARTESIAN_POINT('',(132.,293.,368.));
#13326 = VECTOR('',#13327,1.);
#13327 = DIRECTION('',(0.,0.,1.));
#13328 = ORIENTED_EDGE('',*,*,#13329,.T.);
#13329 = EDGE_CURVE('',#13320,#13330,#13332,.T.);
#13330 = VERTEX_POINT('',#13331);
#13331 = CARTESIAN_POINT('',(132.,298.,368.));
#13332 = LINE('',#13333,#13334);
#13333 = CARTESIAN_POINT('',(132.,293.,368.));
#13334 = VECTOR('',#13335,1.);
#13335 = DIRECTION('',(0.,1.,0.));
#13336 = ORIENTED_EDGE('',*,*,#13337,.T.);
#13337 = EDGE_CURVE('',#13330,#13338,#13340,.T.);
#13338 = VERTEX_POINT('',#13339);
#13339 = CARTESIAN_POINT('',(132.,298.,380.));
#13340 = LINE('',#13341,#13342);
#13341 = CARTESIAN_POINT('',(132.,298.,368.));
#13342 = VECTOR('',#13343,1.);
#13343 = DIRECTION('',(0.,0.,1.));
#13344 = ORIENTED_EDGE('',*,*,#13345,.F.);
#13345 = EDGE_CURVE('',#13322,#13338,#13346,.T.);
#13346 = LINE('',#13347,#13348);
#13347 = CARTESIAN_POINT('',(132.,293.,380.));
#13348 = VECTOR('',#13349,1.);
#13349 = DIRECTION('',(0.,1.,0.));
#13350 = PLANE('',#13351);
#13351 = AXIS2_PLACEMENT_3D('',#13352,#13353,#13354);
#13352 = CARTESIAN_POINT('',(132.,293.,368.));
#13353 = DIRECTION('',(1.,0.,0.));
#13354 = DIRECTION('',(0.,0.,1.));
#13355 = ADVANCED_FACE('',(#13356),#13390,.T.);
#13356 = FACE_BOUND('',#13357,.T.);
#13357 = EDGE_LOOP('',(#13358,#13368,#13376,#13384));
#13358 = ORIENTED_EDGE('',*,*,#13359,.F.);
#13359 = EDGE_CURVE('',#13360,#13362,#13364,.T.);
#13360 = VERTEX_POINT('',#13361);
#13361 = CARTESIAN_POINT('',(145.,293.,368.));
#13362 = VERTEX_POINT('',#13363);
#13363 = CARTESIAN_POINT('',(145.,293.,380.));
#13364 = LINE('',#13365,#13366);
#13365 = CARTESIAN_POINT('',(145.,293.,368.));
#13366 = VECTOR('',#13367,1.);
#13367 = DIRECTION('',(0.,0.,1.));
#13368 = ORIENTED_EDGE('',*,*,#13369,.T.);
#13369 = EDGE_CURVE('',#13360,#13370,#13372,.T.);
#13370 = VERTEX_POINT('',#13371);
#13371 = CARTESIAN_POINT('',(145.,298.,368.));
#13372 = LINE('',#13373,#13374);
#13373 = CARTESIAN_POINT('',(145.,293.,368.));
#13374 = VECTOR('',#13375,1.);
#13375 = DIRECTION('',(0.,1.,0.));
#13376 = ORIENTED_EDGE('',*,*,#13377,.T.);
#13377 = EDGE_CURVE('',#13370,#13378,#13380,.T.);
#13378 = VERTEX_POINT('',#13379);
#13379 = CARTESIAN_POINT('',(145.,298.,380.));
#13380 = LINE('',#13381,#13382);
#13381 = CARTESIAN_POINT('',(145.,298.,368.));
#13382 = VECTOR('',#13383,1.);
#13383 = DIRECTION('',(0.,0.,1.));
#13384 = ORIENTED_EDGE('',*,*,#13385,.F.);
#13385 = EDGE_CURVE('',#13362,#13378,#13386,.T.);
#13386 = LINE('',#13387,#13388);
#13387 = CARTESIAN_POINT('',(145.,293.,380.));
#13388 = VECTOR('',#13389,1.);
#13389 = DIRECTION('',(0.,1.,0.));
#13390 = PLANE('',#13391);
#13391 = AXIS2_PLACEMENT_3D('',#13392,#13393,#13394);
#13392 = CARTESIAN_POINT('',(145.,293.,368.));
#13393 = DIRECTION('',(1.,0.,0.));
#13394 = DIRECTION('',(0.,0.,1.));
#13395 = ADVANCED_FACE('',(#13396),#13412,.F.);
#13396 = FACE_BOUND('',#13397,.F.);
#13397 = EDGE_LOOP('',(#13398,#13404,#13405,#13411));
#13398 = ORIENTED_EDGE('',*,*,#13399,.F.);
#13399 = EDGE_CURVE('',#13320,#13360,#13400,.T.);
#13400 = LINE('',#13401,#13402);
#13401 = CARTESIAN_POINT('',(132.,293.,368.));
#13402 = VECTOR('',#13403,1.);
#13403 = DIRECTION('',(1.,0.,0.));
#13404 = ORIENTED_EDGE('',*,*,#13319,.T.);
#13405 = ORIENTED_EDGE('',*,*,#13406,.T.);
#13406 = EDGE_CURVE('',#13322,#13362,#13407,.T.);
#13407 = LINE('',#13408,#13409);
#13408 = CARTESIAN_POINT('',(132.,293.,380.));
#13409 = VECTOR('',#13410,1.);
#13410 = DIRECTION('',(1.,0.,0.));
#13411 = ORIENTED_EDGE('',*,*,#13359,.F.);
#13412 = PLANE('',#13413);
#13413 = AXIS2_PLACEMENT_3D('',#13414,#13415,#13416);
#13414 = CARTESIAN_POINT('',(132.,293.,368.));
#13415 = DIRECTION('',(0.,1.,0.));
#13416 = DIRECTION('',(0.,0.,1.));
#13417 = ADVANCED_FACE('',(#13418),#13434,.T.);
#13418 = FACE_BOUND('',#13419,.T.);
#13419 = EDGE_LOOP('',(#13420,#13426,#13427,#13433));
#13420 = ORIENTED_EDGE('',*,*,#13421,.F.);
#13421 = EDGE_CURVE('',#13330,#13370,#13422,.T.);
#13422 = LINE('',#13423,#13424);
#13423 = CARTESIAN_POINT('',(132.,298.,368.));
#13424 = VECTOR('',#13425,1.);
#13425 = DIRECTION('',(1.,0.,0.));
#13426 = ORIENTED_EDGE('',*,*,#13337,.T.);
#13427 = ORIENTED_EDGE('',*,*,#13428,.T.);
#13428 = EDGE_CURVE('',#13338,#13378,#13429,.T.);
#13429 = LINE('',#13430,#13431);
#13430 = CARTESIAN_POINT('',(132.,298.,380.));
#13431 = VECTOR('',#13432,1.);
#13432 = DIRECTION('',(1.,0.,0.));
#13433 = ORIENTED_EDGE('',*,*,#13377,.F.);
#13434 = PLANE('',#13435);
#13435 = AXIS2_PLACEMENT_3D('',#13436,#13437,#13438);
#13436 = CARTESIAN_POINT('',(132.,298.,368.));
#13437 = DIRECTION('',(0.,1.,0.));
#13438 = DIRECTION('',(0.,0.,1.));
#13439 = ADVANCED_FACE('',(#13440),#13446,.F.);
#13440 = FACE_BOUND('',#13441,.F.);
#13441 = EDGE_LOOP('',(#13442,#13443,#13444,#13445));
#13442 = ORIENTED_EDGE('',*,*,#13329,.F.);
#13443 = ORIENTED_EDGE('',*,*,#13399,.T.);
#13444 = ORIENTED_EDGE('',*,*,#13369,.T.);
#13445 = ORIENTED_EDGE('',*,*,#13421,.F.);
#13446 = PLANE('',#13447);
#13447 = AXIS2_PLACEMENT_3D('',#13448,#13449,#13450);
#13448 = CARTESIAN_POINT('',(132.,293.,368.));
#13449 = DIRECTION('',(0.,0.,1.));
#13450 = DIRECTION('',(1.,0.,0.));
#13451 = ADVANCED_FACE('',(#13452),#13458,.T.);
#13452 = FACE_BOUND('',#13453,.T.);
#13453 = EDGE_LOOP('',(#13454,#13455,#13456,#13457));
#13454 = ORIENTED_EDGE('',*,*,#13345,.F.);
#13455 = ORIENTED_EDGE('',*,*,#13406,.T.);
#13456 = ORIENTED_EDGE('',*,*,#13385,.T.);
#13457 = ORIENTED_EDGE('',*,*,#13428,.F.);
#13458 = PLANE('',#13459);
#13459 = AXIS2_PLACEMENT_3D('',#13460,#13461,#13462);
#13460 = CARTESIAN_POINT('',(132.,293.,380.));
#13461 = DIRECTION('',(0.,0.,1.));
#13462 = DIRECTION('',(1.,0.,0.));
#13463 = MANIFOLD_SOLID_BREP('',#13464);
#13464 = CLOSED_SHELL('',(#13465,#13505,#13545,#13567,#13589,#13601));
#13465 = ADVANCED_FACE('',(#13466),#13500,.F.);
#13466 = FACE_BOUND('',#13467,.F.);
#13467 = EDGE_LOOP('',(#13468,#13478,#13486,#13494));
#13468 = ORIENTED_EDGE('',*,*,#13469,.F.);
#13469 = EDGE_CURVE('',#13470,#13472,#13474,.T.);
#13470 = VERTEX_POINT('',#13471);
#13471 = CARTESIAN_POINT('',(95.,352.,368.));
#13472 = VERTEX_POINT('',#13473);
#13473 = CARTESIAN_POINT('',(95.,352.,380.));
#13474 = LINE('',#13475,#13476);
#13475 = CARTESIAN_POINT('',(95.,352.,368.));
#13476 = VECTOR('',#13477,1.);
#13477 = DIRECTION('',(0.,0.,1.));
#13478 = ORIENTED_EDGE('',*,*,#13479,.T.);
#13479 = EDGE_CURVE('',#13470,#13480,#13482,.T.);
#13480 = VERTEX_POINT('',#13481);
#13481 = CARTESIAN_POINT('',(95.,357.,368.));
#13482 = LINE('',#13483,#13484);
#13483 = CARTESIAN_POINT('',(95.,352.,368.));
#13484 = VECTOR('',#13485,1.);
#13485 = DIRECTION('',(0.,1.,0.));
#13486 = ORIENTED_EDGE('',*,*,#13487,.T.);
#13487 = EDGE_CURVE('',#13480,#13488,#13490,.T.);
#13488 = VERTEX_POINT('',#13489);
#13489 = CARTESIAN_POINT('',(95.,357.,380.));
#13490 = LINE('',#13491,#13492);
#13491 = CARTESIAN_POINT('',(95.,357.,368.));
#13492 = VECTOR('',#13493,1.);
#13493 = DIRECTION('',(0.,0.,1.));
#13494 = ORIENTED_EDGE('',*,*,#13495,.F.);
#13495 = EDGE_CURVE('',#13472,#13488,#13496,.T.);
#13496 = LINE('',#13497,#13498);
#13497 = CARTESIAN_POINT('',(95.,352.,380.));
#13498 = VECTOR('',#13499,1.);
#13499 = DIRECTION('',(0.,1.,0.));
#13500 = PLANE('',#13501);
#13501 = AXIS2_PLACEMENT_3D('',#13502,#13503,#13504);
#13502 = CARTESIAN_POINT('',(95.,352.,368.));
#13503 = DIRECTION('',(1.,0.,0.));
#13504 = DIRECTION('',(0.,0.,1.));
#13505 = ADVANCED_FACE('',(#13506),#13540,.T.);
#13506 = FACE_BOUND('',#13507,.T.);
#13507 = EDGE_LOOP('',(#13508,#13518,#13526,#13534));
#13508 = ORIENTED_EDGE('',*,*,#13509,.F.);
#13509 = EDGE_CURVE('',#13510,#13512,#13514,.T.);
#13510 = VERTEX_POINT('',#13511);
#13511 = CARTESIAN_POINT('',(145.,352.,368.));
#13512 = VERTEX_POINT('',#13513);
#13513 = CARTESIAN_POINT('',(145.,352.,380.));
#13514 = LINE('',#13515,#13516);
#13515 = CARTESIAN_POINT('',(145.,352.,368.));
#13516 = VECTOR('',#13517,1.);
#13517 = DIRECTION('',(0.,0.,1.));
#13518 = ORIENTED_EDGE('',*,*,#13519,.T.);
#13519 = EDGE_CURVE('',#13510,#13520,#13522,.T.);
#13520 = VERTEX_POINT('',#13521);
#13521 = CARTESIAN_POINT('',(145.,357.,368.));
#13522 = LINE('',#13523,#13524);
#13523 = CARTESIAN_POINT('',(145.,352.,368.));
#13524 = VECTOR('',#13525,1.);
#13525 = DIRECTION('',(0.,1.,0.));
#13526 = ORIENTED_EDGE('',*,*,#13527,.T.);
#13527 = EDGE_CURVE('',#13520,#13528,#13530,.T.);
#13528 = VERTEX_POINT('',#13529);
#13529 = CARTESIAN_POINT('',(145.,357.,380.));
#13530 = LINE('',#13531,#13532);
#13531 = CARTESIAN_POINT('',(145.,357.,368.));
#13532 = VECTOR('',#13533,1.);
#13533 = DIRECTION('',(0.,0.,1.));
#13534 = ORIENTED_EDGE('',*,*,#13535,.F.);
#13535 = EDGE_CURVE('',#13512,#13528,#13536,.T.);
#13536 = LINE('',#13537,#13538);
#13537 = CARTESIAN_POINT('',(145.,352.,380.));
#13538 = VECTOR('',#13539,1.);
#13539 = DIRECTION('',(0.,1.,0.));
#13540 = PLANE('',#13541);
#13541 = AXIS2_PLACEMENT_3D('',#13542,#13543,#13544);
#13542 = CARTESIAN_POINT('',(145.,352.,368.));
#13543 = DIRECTION('',(1.,0.,0.));
#13544 = DIRECTION('',(0.,0.,1.));
#13545 = ADVANCED_FACE('',(#13546),#13562,.F.);
#13546 = FACE_BOUND('',#13547,.F.);
#13547 = EDGE_LOOP('',(#13548,#13554,#13555,#13561));
#13548 = ORIENTED_EDGE('',*,*,#13549,.F.);
#13549 = EDGE_CURVE('',#13470,#13510,#13550,.T.);
#13550 = LINE('',#13551,#13552);
#13551 = CARTESIAN_POINT('',(95.,352.,368.));
#13552 = VECTOR('',#13553,1.);
#13553 = DIRECTION('',(1.,0.,0.));
#13554 = ORIENTED_EDGE('',*,*,#13469,.T.);
#13555 = ORIENTED_EDGE('',*,*,#13556,.T.);
#13556 = EDGE_CURVE('',#13472,#13512,#13557,.T.);
#13557 = LINE('',#13558,#13559);
#13558 = CARTESIAN_POINT('',(95.,352.,380.));
#13559 = VECTOR('',#13560,1.);
#13560 = DIRECTION('',(1.,0.,0.));
#13561 = ORIENTED_EDGE('',*,*,#13509,.F.);
#13562 = PLANE('',#13563);
#13563 = AXIS2_PLACEMENT_3D('',#13564,#13565,#13566);
#13564 = CARTESIAN_POINT('',(95.,352.,368.));
#13565 = DIRECTION('',(0.,1.,0.));
#13566 = DIRECTION('',(0.,0.,1.));
#13567 = ADVANCED_FACE('',(#13568),#13584,.T.);
#13568 = FACE_BOUND('',#13569,.T.);
#13569 = EDGE_LOOP('',(#13570,#13576,#13577,#13583));
#13570 = ORIENTED_EDGE('',*,*,#13571,.F.);
#13571 = EDGE_CURVE('',#13480,#13520,#13572,.T.);
#13572 = LINE('',#13573,#13574);
#13573 = CARTESIAN_POINT('',(95.,357.,368.));
#13574 = VECTOR('',#13575,1.);
#13575 = DIRECTION('',(1.,0.,0.));
#13576 = ORIENTED_EDGE('',*,*,#13487,.T.);
#13577 = ORIENTED_EDGE('',*,*,#13578,.T.);
#13578 = EDGE_CURVE('',#13488,#13528,#13579,.T.);
#13579 = LINE('',#13580,#13581);
#13580 = CARTESIAN_POINT('',(95.,357.,380.));
#13581 = VECTOR('',#13582,1.);
#13582 = DIRECTION('',(1.,0.,0.));
#13583 = ORIENTED_EDGE('',*,*,#13527,.F.);
#13584 = PLANE('',#13585);
#13585 = AXIS2_PLACEMENT_3D('',#13586,#13587,#13588);
#13586 = CARTESIAN_POINT('',(95.,357.,368.));
#13587 = DIRECTION('',(0.,1.,0.));
#13588 = DIRECTION('',(0.,0.,1.));
#13589 = ADVANCED_FACE('',(#13590),#13596,.F.);
#13590 = FACE_BOUND('',#13591,.F.);
#13591 = EDGE_LOOP('',(#13592,#13593,#13594,#13595));
#13592 = ORIENTED_EDGE('',*,*,#13479,.F.);
#13593 = ORIENTED_EDGE('',*,*,#13549,.T.);
#13594 = ORIENTED_EDGE('',*,*,#13519,.T.);
#13595 = ORIENTED_EDGE('',*,*,#13571,.F.);
#13596 = PLANE('',#13597);
#13597 = AXIS2_PLACEMENT_3D('',#13598,#13599,#13600);
#13598 = CARTESIAN_POINT('',(95.,352.,368.));
#13599 = DIRECTION('',(0.,0.,1.));
#13600 = DIRECTION('',(1.,0.,0.));
#13601 = ADVANCED_FACE('',(#13602),#13608,.T.);
#13602 = FACE_BOUND('',#13603,.T.);
#13603 = EDGE_LOOP('',(#13604,#13605,#13606,#13607));
#13604 = ORIENTED_EDGE('',*,*,#13495,.F.);
#13605 = ORIENTED_EDGE('',*,*,#13556,.T.);
#13606 = ORIENTED_EDGE('',*,*,#13535,.T.);
#13607 = ORIENTED_EDGE('',*,*,#13578,.F.);
#13608 = PLANE('',#13609);
#13609 = AXIS2_PLACEMENT_3D('',#13610,#13611,#13612);
#13610 = CARTESIAN_POINT('',(95.,352.,380.));
#13611 = DIRECTION('',(0.,0.,1.));
#13612 = DIRECTION('',(1.,0.,0.));
#13613 = MANIFOLD_SOLID_BREP('',#13614);
#13614 = CLOSED_SHELL('',(#13615,#13648,#13657));
#13615 = ADVANCED_FACE('',(#13616),#13643,.T.);
#13616 = FACE_BOUND('',#13617,.T.);
#13617 = EDGE_LOOP('',(#13618,#13627,#13635,#13642));
#13618 = ORIENTED_EDGE('',*,*,#13619,.F.);
#13619 = EDGE_CURVE('',#13620,#13620,#13622,.T.);
#13620 = VERTEX_POINT('',#13621);
#13621 = CARTESIAN_POINT('',(142.5,325.,384.));
#13622 = CIRCLE('',#13623,22.5);
#13623 = AXIS2_PLACEMENT_3D('',#13624,#13625,#13626);
#13624 = CARTESIAN_POINT('',(120.,325.,384.));
#13625 = DIRECTION('',(0.,0.,1.));
#13626 = DIRECTION('',(1.,0.,0.));
#13627 = ORIENTED_EDGE('',*,*,#13628,.F.);
#13628 = EDGE_CURVE('',#13629,#13620,#13631,.T.);
#13629 = VERTEX_POINT('',#13630);
#13630 = CARTESIAN_POINT('',(142.5,325.,368.));
#13631 = LINE('',#13632,#13633);
#13632 = CARTESIAN_POINT('',(142.5,325.,368.));
#13633 = VECTOR('',#13634,1.);
#13634 = DIRECTION('',(0.,0.,1.));
#13635 = ORIENTED_EDGE('',*,*,#13636,.T.);
#13636 = EDGE_CURVE('',#13629,#13629,#13637,.T.);
#13637 = CIRCLE('',#13638,22.5);
#13638 = AXIS2_PLACEMENT_3D('',#13639,#13640,#13641);
#13639 = CARTESIAN_POINT('',(120.,325.,368.));
#13640 = DIRECTION('',(0.,0.,1.));
#13641 = DIRECTION('',(1.,0.,0.));
#13642 = ORIENTED_EDGE('',*,*,#13628,.T.);
#13643 = CYLINDRICAL_SURFACE('',#13644,22.5);
#13644 = AXIS2_PLACEMENT_3D('',#13645,#13646,#13647);
#13645 = CARTESIAN_POINT('',(120.,325.,368.));
#13646 = DIRECTION('',(0.,0.,1.));
#13647 = DIRECTION('',(1.,0.,0.));
#13648 = ADVANCED_FACE('',(#13649),#13652,.T.);
#13649 = FACE_BOUND('',#13650,.T.);
#13650 = EDGE_LOOP('',(#13651));
#13651 = ORIENTED_EDGE('',*,*,#13619,.T.);
#13652 = PLANE('',#13653);
#13653 = AXIS2_PLACEMENT_3D('',#13654,#13655,#13656);
#13654 = CARTESIAN_POINT('',(120.,325.,384.));
#13655 = DIRECTION('',(0.,0.,1.));
#13656 = DIRECTION('',(1.,0.,0.));
#13657 = ADVANCED_FACE('',(#13658),#13661,.F.);
#13658 = FACE_BOUND('',#13659,.T.);
#13659 = EDGE_LOOP('',(#13660));
#13660 = ORIENTED_EDGE('',*,*,#13636,.F.);
#13661 = PLANE('',#13662);
#13662 = AXIS2_PLACEMENT_3D('',#13663,#13664,#13665);
#13663 = CARTESIAN_POINT('',(120.,325.,368.));
#13664 = DIRECTION('',(0.,0.,1.));
#13665 = DIRECTION('',(1.,0.,0.));
#13666 = MANIFOLD_SOLID_BREP('',#13667);
#13667 = CLOSED_SHELL('',(#13668,#13701,#13710));
#13668 = ADVANCED_FACE('',(#13669),#13696,.T.);
#13669 = FACE_BOUND('',#13670,.T.);
#13670 = EDGE_LOOP('',(#13671,#13680,#13688,#13695));
#13671 = ORIENTED_EDGE('',*,*,#13672,.F.);
#13672 = EDGE_CURVE('',#13673,#13673,#13675,.T.);
#13673 = VERTEX_POINT('',#13674);
#13674 = CARTESIAN_POINT('',(142.5,325.,388.));
#13675 = CIRCLE('',#13676,22.5);
#13676 = AXIS2_PLACEMENT_3D('',#13677,#13678,#13679);
#13677 = CARTESIAN_POINT('',(120.,325.,388.));
#13678 = DIRECTION('',(0.,0.,1.));
#13679 = DIRECTION('',(1.,0.,0.));
#13680 = ORIENTED_EDGE('',*,*,#13681,.F.);
#13681 = EDGE_CURVE('',#13682,#13673,#13684,.T.);
#13682 = VERTEX_POINT('',#13683);
#13683 = CARTESIAN_POINT('',(142.5,325.,384.));
#13684 = LINE('',#13685,#13686);
#13685 = CARTESIAN_POINT('',(142.5,325.,384.));
#13686 = VECTOR('',#13687,1.);
#13687 = DIRECTION('',(0.,0.,1.));
#13688 = ORIENTED_EDGE('',*,*,#13689,.T.);
#13689 = EDGE_CURVE('',#13682,#13682,#13690,.T.);
#13690 = CIRCLE('',#13691,22.5);
#13691 = AXIS2_PLACEMENT_3D('',#13692,#13693,#13694);
#13692 = CARTESIAN_POINT('',(120.,325.,384.));
#13693 = DIRECTION('',(0.,0.,1.));
#13694 = DIRECTION('',(1.,0.,0.));
#13695 = ORIENTED_EDGE('',*,*,#13681,.T.);
#13696 = CYLINDRICAL_SURFACE('',#13697,22.5);
#13697 = AXIS2_PLACEMENT_3D('',#13698,#13699,#13700);
#13698 = CARTESIAN_POINT('',(120.,325.,384.));
#13699 = DIRECTION('',(0.,0.,1.));
#13700 = DIRECTION('',(1.,0.,0.));
#13701 = ADVANCED_FACE('',(#13702),#13705,.T.);
#13702 = FACE_BOUND('',#13703,.T.);
#13703 = EDGE_LOOP('',(#13704));
#13704 = ORIENTED_EDGE('',*,*,#13672,.T.);
#13705 = PLANE('',#13706);
#13706 = AXIS2_PLACEMENT_3D('',#13707,#13708,#13709);
#13707 = CARTESIAN_POINT('',(120.,325.,388.));
#13708 = DIRECTION('',(0.,0.,1.));
#13709 = DIRECTION('',(1.,0.,0.));
#13710 = ADVANCED_FACE('',(#13711),#13714,.F.);
#13711 = FACE_BOUND('',#13712,.T.);
#13712 = EDGE_LOOP('',(#13713));
#13713 = ORIENTED_EDGE('',*,*,#13689,.F.);
#13714 = PLANE('',#13715);
#13715 = AXIS2_PLACEMENT_3D('',#13716,#13717,#13718);
#13716 = CARTESIAN_POINT('',(120.,325.,384.));
#13717 = DIRECTION('',(0.,0.,1.));
#13718 = DIRECTION('',(1.,0.,0.));
#13719 = MANIFOLD_SOLID_BREP('',#13720);
#13720 = CLOSED_SHELL('',(#13721,#13761,#13801,#13823,#13845,#13857));
#13721 = ADVANCED_FACE('',(#13722),#13756,.F.);
#13722 = FACE_BOUND('',#13723,.F.);
#13723 = EDGE_LOOP('',(#13724,#13734,#13742,#13750));
#13724 = ORIENTED_EDGE('',*,*,#13725,.F.);
#13725 = EDGE_CURVE('',#13726,#13728,#13730,.T.);
#13726 = VERTEX_POINT('',#13727);
#13727 = CARTESIAN_POINT('',(210.,293.,360.));
#13728 = VERTEX_POINT('',#13729);
#13729 = CARTESIAN_POINT('',(210.,293.,368.));
#13730 = LINE('',#13731,#13732);
#13731 = CARTESIAN_POINT('',(210.,293.,360.));
#13732 = VECTOR('',#13733,1.);
#13733 = DIRECTION('',(0.,0.,1.));
#13734 = ORIENTED_EDGE('',*,*,#13735,.T.);
#13735 = EDGE_CURVE('',#13726,#13736,#13738,.T.);
#13736 = VERTEX_POINT('',#13737);
#13737 = CARTESIAN_POINT('',(210.,357.,360.));
#13738 = LINE('',#13739,#13740);
#13739 = CARTESIAN_POINT('',(210.,293.,360.));
#13740 = VECTOR('',#13741,1.);
#13741 = DIRECTION('',(0.,1.,0.));
#13742 = ORIENTED_EDGE('',*,*,#13743,.T.);
#13743 = EDGE_CURVE('',#13736,#13744,#13746,.T.);
#13744 = VERTEX_POINT('',#13745);
#13745 = CARTESIAN_POINT('',(210.,357.,368.));
#13746 = LINE('',#13747,#13748);
#13747 = CARTESIAN_POINT('',(210.,357.,360.));
#13748 = VECTOR('',#13749,1.);
#13749 = DIRECTION('',(0.,0.,1.));
#13750 = ORIENTED_EDGE('',*,*,#13751,.F.);
#13751 = EDGE_CURVE('',#13728,#13744,#13752,.T.);
#13752 = LINE('',#13753,#13754);
#13753 = CARTESIAN_POINT('',(210.,293.,368.));
#13754 = VECTOR('',#13755,1.);
#13755 = DIRECTION('',(0.,1.,0.));
#13756 = PLANE('',#13757);
#13757 = AXIS2_PLACEMENT_3D('',#13758,#13759,#13760);
#13758 = CARTESIAN_POINT('',(210.,293.,360.));
#13759 = DIRECTION('',(1.,0.,0.));
#13760 = DIRECTION('',(0.,0.,1.));
#13761 = ADVANCED_FACE('',(#13762),#13796,.T.);
#13762 = FACE_BOUND('',#13763,.T.);
#13763 = EDGE_LOOP('',(#13764,#13774,#13782,#13790));
#13764 = ORIENTED_EDGE('',*,*,#13765,.F.);
#13765 = EDGE_CURVE('',#13766,#13768,#13770,.T.);
#13766 = VERTEX_POINT('',#13767);
#13767 = CARTESIAN_POINT('',(270.,293.,360.));
#13768 = VERTEX_POINT('',#13769);
#13769 = CARTESIAN_POINT('',(270.,293.,368.));
#13770 = LINE('',#13771,#13772);
#13771 = CARTESIAN_POINT('',(270.,293.,360.));
#13772 = VECTOR('',#13773,1.);
#13773 = DIRECTION('',(0.,0.,1.));
#13774 = ORIENTED_EDGE('',*,*,#13775,.T.);
#13775 = EDGE_CURVE('',#13766,#13776,#13778,.T.);
#13776 = VERTEX_POINT('',#13777);
#13777 = CARTESIAN_POINT('',(270.,357.,360.));
#13778 = LINE('',#13779,#13780);
#13779 = CARTESIAN_POINT('',(270.,293.,360.));
#13780 = VECTOR('',#13781,1.);
#13781 = DIRECTION('',(0.,1.,0.));
#13782 = ORIENTED_EDGE('',*,*,#13783,.T.);
#13783 = EDGE_CURVE('',#13776,#13784,#13786,.T.);
#13784 = VERTEX_POINT('',#13785);
#13785 = CARTESIAN_POINT('',(270.,357.,368.));
#13786 = LINE('',#13787,#13788);
#13787 = CARTESIAN_POINT('',(270.,357.,360.));
#13788 = VECTOR('',#13789,1.);
#13789 = DIRECTION('',(0.,0.,1.));
#13790 = ORIENTED_EDGE('',*,*,#13791,.F.);
#13791 = EDGE_CURVE('',#13768,#13784,#13792,.T.);
#13792 = LINE('',#13793,#13794);
#13793 = CARTESIAN_POINT('',(270.,293.,368.));
#13794 = VECTOR('',#13795,1.);
#13795 = DIRECTION('',(0.,1.,0.));
#13796 = PLANE('',#13797);
#13797 = AXIS2_PLACEMENT_3D('',#13798,#13799,#13800);
#13798 = CARTESIAN_POINT('',(270.,293.,360.));
#13799 = DIRECTION('',(1.,0.,0.));
#13800 = DIRECTION('',(0.,0.,1.));
#13801 = ADVANCED_FACE('',(#13802),#13818,.F.);
#13802 = FACE_BOUND('',#13803,.F.);
#13803 = EDGE_LOOP('',(#13804,#13810,#13811,#13817));
#13804 = ORIENTED_EDGE('',*,*,#13805,.F.);
#13805 = EDGE_CURVE('',#13726,#13766,#13806,.T.);
#13806 = LINE('',#13807,#13808);
#13807 = CARTESIAN_POINT('',(210.,293.,360.));
#13808 = VECTOR('',#13809,1.);
#13809 = DIRECTION('',(1.,0.,0.));
#13810 = ORIENTED_EDGE('',*,*,#13725,.T.);
#13811 = ORIENTED_EDGE('',*,*,#13812,.T.);
#13812 = EDGE_CURVE('',#13728,#13768,#13813,.T.);
#13813 = LINE('',#13814,#13815);
#13814 = CARTESIAN_POINT('',(210.,293.,368.));
#13815 = VECTOR('',#13816,1.);
#13816 = DIRECTION('',(1.,0.,0.));
#13817 = ORIENTED_EDGE('',*,*,#13765,.F.);
#13818 = PLANE('',#13819);
#13819 = AXIS2_PLACEMENT_3D('',#13820,#13821,#13822);
#13820 = CARTESIAN_POINT('',(210.,293.,360.));
#13821 = DIRECTION('',(0.,1.,0.));
#13822 = DIRECTION('',(0.,0.,1.));
#13823 = ADVANCED_FACE('',(#13824),#13840,.T.);
#13824 = FACE_BOUND('',#13825,.T.);
#13825 = EDGE_LOOP('',(#13826,#13832,#13833,#13839));
#13826 = ORIENTED_EDGE('',*,*,#13827,.F.);
#13827 = EDGE_CURVE('',#13736,#13776,#13828,.T.);
#13828 = LINE('',#13829,#13830);
#13829 = CARTESIAN_POINT('',(210.,357.,360.));
#13830 = VECTOR('',#13831,1.);
#13831 = DIRECTION('',(1.,0.,0.));
#13832 = ORIENTED_EDGE('',*,*,#13743,.T.);
#13833 = ORIENTED_EDGE('',*,*,#13834,.T.);
#13834 = EDGE_CURVE('',#13744,#13784,#13835,.T.);
#13835 = LINE('',#13836,#13837);
#13836 = CARTESIAN_POINT('',(210.,357.,368.));
#13837 = VECTOR('',#13838,1.);
#13838 = DIRECTION('',(1.,0.,0.));
#13839 = ORIENTED_EDGE('',*,*,#13783,.F.);
#13840 = PLANE('',#13841);
#13841 = AXIS2_PLACEMENT_3D('',#13842,#13843,#13844);
#13842 = CARTESIAN_POINT('',(210.,357.,360.));
#13843 = DIRECTION('',(0.,1.,0.));
#13844 = DIRECTION('',(0.,0.,1.));
#13845 = ADVANCED_FACE('',(#13846),#13852,.F.);
#13846 = FACE_BOUND('',#13847,.F.);
#13847 = EDGE_LOOP('',(#13848,#13849,#13850,#13851));
#13848 = ORIENTED_EDGE('',*,*,#13735,.F.);
#13849 = ORIENTED_EDGE('',*,*,#13805,.T.);
#13850 = ORIENTED_EDGE('',*,*,#13775,.T.);
#13851 = ORIENTED_EDGE('',*,*,#13827,.F.);
#13852 = PLANE('',#13853);
#13853 = AXIS2_PLACEMENT_3D('',#13854,#13855,#13856);
#13854 = CARTESIAN_POINT('',(210.,293.,360.));
#13855 = DIRECTION('',(0.,0.,1.));
#13856 = DIRECTION('',(1.,0.,0.));
#13857 = ADVANCED_FACE('',(#13858),#13864,.T.);
#13858 = FACE_BOUND('',#13859,.T.);
#13859 = EDGE_LOOP('',(#13860,#13861,#13862,#13863));
#13860 = ORIENTED_EDGE('',*,*,#13751,.F.);
#13861 = ORIENTED_EDGE('',*,*,#13812,.T.);
#13862 = ORIENTED_EDGE('',*,*,#13791,.T.);
#13863 = ORIENTED_EDGE('',*,*,#13834,.F.);
#13864 = PLANE('',#13865);
#13865 = AXIS2_PLACEMENT_3D('',#13866,#13867,#13868);
#13866 = CARTESIAN_POINT('',(210.,293.,368.));
#13867 = DIRECTION('',(0.,0.,1.));
#13868 = DIRECTION('',(1.,0.,0.));
#13869 = MANIFOLD_SOLID_BREP('',#13870);
#13870 = CLOSED_SHELL('',(#13871,#13911,#13951,#13973,#13995,#14007));
#13871 = ADVANCED_FACE('',(#13872),#13906,.F.);
#13872 = FACE_BOUND('',#13873,.F.);
#13873 = EDGE_LOOP('',(#13874,#13884,#13892,#13900));
#13874 = ORIENTED_EDGE('',*,*,#13875,.F.);
#13875 = EDGE_CURVE('',#13876,#13878,#13880,.T.);
#13876 = VERTEX_POINT('',#13877);
#13877 = CARTESIAN_POINT('',(210.,293.,368.));
#13878 = VERTEX_POINT('',#13879);
#13879 = CARTESIAN_POINT('',(210.,293.,380.));
#13880 = LINE('',#13881,#13882);
#13881 = CARTESIAN_POINT('',(210.,293.,368.));
#13882 = VECTOR('',#13883,1.);
#13883 = DIRECTION('',(0.,0.,1.));
#13884 = ORIENTED_EDGE('',*,*,#13885,.T.);
#13885 = EDGE_CURVE('',#13876,#13886,#13888,.T.);
#13886 = VERTEX_POINT('',#13887);
#13887 = CARTESIAN_POINT('',(210.,357.,368.));
#13888 = LINE('',#13889,#13890);
#13889 = CARTESIAN_POINT('',(210.,293.,368.));
#13890 = VECTOR('',#13891,1.);
#13891 = DIRECTION('',(0.,1.,0.));
#13892 = ORIENTED_EDGE('',*,*,#13893,.T.);
#13893 = EDGE_CURVE('',#13886,#13894,#13896,.T.);
#13894 = VERTEX_POINT('',#13895);
#13895 = CARTESIAN_POINT('',(210.,357.,380.));
#13896 = LINE('',#13897,#13898);
#13897 = CARTESIAN_POINT('',(210.,357.,368.));
#13898 = VECTOR('',#13899,1.);
#13899 = DIRECTION('',(0.,0.,1.));
#13900 = ORIENTED_EDGE('',*,*,#13901,.F.);
#13901 = EDGE_CURVE('',#13878,#13894,#13902,.T.);
#13902 = LINE('',#13903,#13904);
#13903 = CARTESIAN_POINT('',(210.,293.,380.));
#13904 = VECTOR('',#13905,1.);
#13905 = DIRECTION('',(0.,1.,0.));
#13906 = PLANE('',#13907);
#13907 = AXIS2_PLACEMENT_3D('',#13908,#13909,#13910);
#13908 = CARTESIAN_POINT('',(210.,293.,368.));
#13909 = DIRECTION('',(1.,0.,0.));
#13910 = DIRECTION('',(0.,0.,1.));
#13911 = ADVANCED_FACE('',(#13912),#13946,.T.);
#13912 = FACE_BOUND('',#13913,.T.);
#13913 = EDGE_LOOP('',(#13914,#13924,#13932,#13940));
#13914 = ORIENTED_EDGE('',*,*,#13915,.F.);
#13915 = EDGE_CURVE('',#13916,#13918,#13920,.T.);
#13916 = VERTEX_POINT('',#13917);
#13917 = CARTESIAN_POINT('',(215.,293.,368.));
#13918 = VERTEX_POINT('',#13919);
#13919 = CARTESIAN_POINT('',(215.,293.,380.));
#13920 = LINE('',#13921,#13922);
#13921 = CARTESIAN_POINT('',(215.,293.,368.));
#13922 = VECTOR('',#13923,1.);
#13923 = DIRECTION('',(0.,0.,1.));
#13924 = ORIENTED_EDGE('',*,*,#13925,.T.);
#13925 = EDGE_CURVE('',#13916,#13926,#13928,.T.);
#13926 = VERTEX_POINT('',#13927);
#13927 = CARTESIAN_POINT('',(215.,357.,368.));
#13928 = LINE('',#13929,#13930);
#13929 = CARTESIAN_POINT('',(215.,293.,368.));
#13930 = VECTOR('',#13931,1.);
#13931 = DIRECTION('',(0.,1.,0.));
#13932 = ORIENTED_EDGE('',*,*,#13933,.T.);
#13933 = EDGE_CURVE('',#13926,#13934,#13936,.T.);
#13934 = VERTEX_POINT('',#13935);
#13935 = CARTESIAN_POINT('',(215.,357.,380.));
#13936 = LINE('',#13937,#13938);
#13937 = CARTESIAN_POINT('',(215.,357.,368.));
#13938 = VECTOR('',#13939,1.);
#13939 = DIRECTION('',(0.,0.,1.));
#13940 = ORIENTED_EDGE('',*,*,#13941,.F.);
#13941 = EDGE_CURVE('',#13918,#13934,#13942,.T.);
#13942 = LINE('',#13943,#13944);
#13943 = CARTESIAN_POINT('',(215.,293.,380.));
#13944 = VECTOR('',#13945,1.);
#13945 = DIRECTION('',(0.,1.,0.));
#13946 = PLANE('',#13947);
#13947 = AXIS2_PLACEMENT_3D('',#13948,#13949,#13950);
#13948 = CARTESIAN_POINT('',(215.,293.,368.));
#13949 = DIRECTION('',(1.,0.,0.));
#13950 = DIRECTION('',(0.,0.,1.));
#13951 = ADVANCED_FACE('',(#13952),#13968,.F.);
#13952 = FACE_BOUND('',#13953,.F.);
#13953 = EDGE_LOOP('',(#13954,#13960,#13961,#13967));
#13954 = ORIENTED_EDGE('',*,*,#13955,.F.);
#13955 = EDGE_CURVE('',#13876,#13916,#13956,.T.);
#13956 = LINE('',#13957,#13958);
#13957 = CARTESIAN_POINT('',(210.,293.,368.));
#13958 = VECTOR('',#13959,1.);
#13959 = DIRECTION('',(1.,0.,0.));
#13960 = ORIENTED_EDGE('',*,*,#13875,.T.);
#13961 = ORIENTED_EDGE('',*,*,#13962,.T.);
#13962 = EDGE_CURVE('',#13878,#13918,#13963,.T.);
#13963 = LINE('',#13964,#13965);
#13964 = CARTESIAN_POINT('',(210.,293.,380.));
#13965 = VECTOR('',#13966,1.);
#13966 = DIRECTION('',(1.,0.,0.));
#13967 = ORIENTED_EDGE('',*,*,#13915,.F.);
#13968 = PLANE('',#13969);
#13969 = AXIS2_PLACEMENT_3D('',#13970,#13971,#13972);
#13970 = CARTESIAN_POINT('',(210.,293.,368.));
#13971 = DIRECTION('',(0.,1.,0.));
#13972 = DIRECTION('',(0.,0.,1.));
#13973 = ADVANCED_FACE('',(#13974),#13990,.T.);
#13974 = FACE_BOUND('',#13975,.T.);
#13975 = EDGE_LOOP('',(#13976,#13982,#13983,#13989));
#13976 = ORIENTED_EDGE('',*,*,#13977,.F.);
#13977 = EDGE_CURVE('',#13886,#13926,#13978,.T.);
#13978 = LINE('',#13979,#13980);
#13979 = CARTESIAN_POINT('',(210.,357.,368.));
#13980 = VECTOR('',#13981,1.);
#13981 = DIRECTION('',(1.,0.,0.));
#13982 = ORIENTED_EDGE('',*,*,#13893,.T.);
#13983 = ORIENTED_EDGE('',*,*,#13984,.T.);
#13984 = EDGE_CURVE('',#13894,#13934,#13985,.T.);
#13985 = LINE('',#13986,#13987);
#13986 = CARTESIAN_POINT('',(210.,357.,380.));
#13987 = VECTOR('',#13988,1.);
#13988 = DIRECTION('',(1.,0.,0.));
#13989 = ORIENTED_EDGE('',*,*,#13933,.F.);
#13990 = PLANE('',#13991);
#13991 = AXIS2_PLACEMENT_3D('',#13992,#13993,#13994);
#13992 = CARTESIAN_POINT('',(210.,357.,368.));
#13993 = DIRECTION('',(0.,1.,0.));
#13994 = DIRECTION('',(0.,0.,1.));
#13995 = ADVANCED_FACE('',(#13996),#14002,.F.);
#13996 = FACE_BOUND('',#13997,.F.);
#13997 = EDGE_LOOP('',(#13998,#13999,#14000,#14001));
#13998 = ORIENTED_EDGE('',*,*,#13885,.F.);
#13999 = ORIENTED_EDGE('',*,*,#13955,.T.);
#14000 = ORIENTED_EDGE('',*,*,#13925,.T.);
#14001 = ORIENTED_EDGE('',*,*,#13977,.F.);
#14002 = PLANE('',#14003);
#14003 = AXIS2_PLACEMENT_3D('',#14004,#14005,#14006);
#14004 = CARTESIAN_POINT('',(210.,293.,368.));
#14005 = DIRECTION('',(0.,0.,1.));
#14006 = DIRECTION('',(1.,0.,0.));
#14007 = ADVANCED_FACE('',(#14008),#14014,.T.);
#14008 = FACE_BOUND('',#14009,.T.);
#14009 = EDGE_LOOP('',(#14010,#14011,#14012,#14013));
#14010 = ORIENTED_EDGE('',*,*,#13901,.F.);
#14011 = ORIENTED_EDGE('',*,*,#13962,.T.);
#14012 = ORIENTED_EDGE('',*,*,#13941,.T.);
#14013 = ORIENTED_EDGE('',*,*,#13984,.F.);
#14014 = PLANE('',#14015);
#14015 = AXIS2_PLACEMENT_3D('',#14016,#14017,#14018);
#14016 = CARTESIAN_POINT('',(210.,293.,380.));
#14017 = DIRECTION('',(0.,0.,1.));
#14018 = DIRECTION('',(1.,0.,0.));
#14019 = MANIFOLD_SOLID_BREP('',#14020);
#14020 = CLOSED_SHELL('',(#14021,#14061,#14101,#14123,#14145,#14157));
#14021 = ADVANCED_FACE('',(#14022),#14056,.F.);
#14022 = FACE_BOUND('',#14023,.F.);
#14023 = EDGE_LOOP('',(#14024,#14034,#14042,#14050));
#14024 = ORIENTED_EDGE('',*,*,#14025,.F.);
#14025 = EDGE_CURVE('',#14026,#14028,#14030,.T.);
#14026 = VERTEX_POINT('',#14027);
#14027 = CARTESIAN_POINT('',(265.,293.,368.));
#14028 = VERTEX_POINT('',#14029);
#14029 = CARTESIAN_POINT('',(265.,293.,380.));
#14030 = LINE('',#14031,#14032);
#14031 = CARTESIAN_POINT('',(265.,293.,368.));
#14032 = VECTOR('',#14033,1.);
#14033 = DIRECTION('',(0.,0.,1.));
#14034 = ORIENTED_EDGE('',*,*,#14035,.T.);
#14035 = EDGE_CURVE('',#14026,#14036,#14038,.T.);
#14036 = VERTEX_POINT('',#14037);
#14037 = CARTESIAN_POINT('',(265.,357.,368.));
#14038 = LINE('',#14039,#14040);
#14039 = CARTESIAN_POINT('',(265.,293.,368.));
#14040 = VECTOR('',#14041,1.);
#14041 = DIRECTION('',(0.,1.,0.));
#14042 = ORIENTED_EDGE('',*,*,#14043,.T.);
#14043 = EDGE_CURVE('',#14036,#14044,#14046,.T.);
#14044 = VERTEX_POINT('',#14045);
#14045 = CARTESIAN_POINT('',(265.,357.,380.));
#14046 = LINE('',#14047,#14048);
#14047 = CARTESIAN_POINT('',(265.,357.,368.));
#14048 = VECTOR('',#14049,1.);
#14049 = DIRECTION('',(0.,0.,1.));
#14050 = ORIENTED_EDGE('',*,*,#14051,.F.);
#14051 = EDGE_CURVE('',#14028,#14044,#14052,.T.);
#14052 = LINE('',#14053,#14054);
#14053 = CARTESIAN_POINT('',(265.,293.,380.));
#14054 = VECTOR('',#14055,1.);
#14055 = DIRECTION('',(0.,1.,0.));
#14056 = PLANE('',#14057);
#14057 = AXIS2_PLACEMENT_3D('',#14058,#14059,#14060);
#14058 = CARTESIAN_POINT('',(265.,293.,368.));
#14059 = DIRECTION('',(1.,0.,0.));
#14060 = DIRECTION('',(0.,0.,1.));
#14061 = ADVANCED_FACE('',(#14062),#14096,.T.);
#14062 = FACE_BOUND('',#14063,.T.);
#14063 = EDGE_LOOP('',(#14064,#14074,#14082,#14090));
#14064 = ORIENTED_EDGE('',*,*,#14065,.F.);
#14065 = EDGE_CURVE('',#14066,#14068,#14070,.T.);
#14066 = VERTEX_POINT('',#14067);
#14067 = CARTESIAN_POINT('',(270.,293.,368.));
#14068 = VERTEX_POINT('',#14069);
#14069 = CARTESIAN_POINT('',(270.,293.,380.));
#14070 = LINE('',#14071,#14072);
#14071 = CARTESIAN_POINT('',(270.,293.,368.));
#14072 = VECTOR('',#14073,1.);
#14073 = DIRECTION('',(0.,0.,1.));
#14074 = ORIENTED_EDGE('',*,*,#14075,.T.);
#14075 = EDGE_CURVE('',#14066,#14076,#14078,.T.);
#14076 = VERTEX_POINT('',#14077);
#14077 = CARTESIAN_POINT('',(270.,357.,368.));
#14078 = LINE('',#14079,#14080);
#14079 = CARTESIAN_POINT('',(270.,293.,368.));
#14080 = VECTOR('',#14081,1.);
#14081 = DIRECTION('',(0.,1.,0.));
#14082 = ORIENTED_EDGE('',*,*,#14083,.T.);
#14083 = EDGE_CURVE('',#14076,#14084,#14086,.T.);
#14084 = VERTEX_POINT('',#14085);
#14085 = CARTESIAN_POINT('',(270.,357.,380.));
#14086 = LINE('',#14087,#14088);
#14087 = CARTESIAN_POINT('',(270.,357.,368.));
#14088 = VECTOR('',#14089,1.);
#14089 = DIRECTION('',(0.,0.,1.));
#14090 = ORIENTED_EDGE('',*,*,#14091,.F.);
#14091 = EDGE_CURVE('',#14068,#14084,#14092,.T.);
#14092 = LINE('',#14093,#14094);
#14093 = CARTESIAN_POINT('',(270.,293.,380.));
#14094 = VECTOR('',#14095,1.);
#14095 = DIRECTION('',(0.,1.,0.));
#14096 = PLANE('',#14097);
#14097 = AXIS2_PLACEMENT_3D('',#14098,#14099,#14100);
#14098 = CARTESIAN_POINT('',(270.,293.,368.));
#14099 = DIRECTION('',(1.,0.,0.));
#14100 = DIRECTION('',(0.,0.,1.));
#14101 = ADVANCED_FACE('',(#14102),#14118,.F.);
#14102 = FACE_BOUND('',#14103,.F.);
#14103 = EDGE_LOOP('',(#14104,#14110,#14111,#14117));
#14104 = ORIENTED_EDGE('',*,*,#14105,.F.);
#14105 = EDGE_CURVE('',#14026,#14066,#14106,.T.);
#14106 = LINE('',#14107,#14108);
#14107 = CARTESIAN_POINT('',(265.,293.,368.));
#14108 = VECTOR('',#14109,1.);
#14109 = DIRECTION('',(1.,0.,0.));
#14110 = ORIENTED_EDGE('',*,*,#14025,.T.);
#14111 = ORIENTED_EDGE('',*,*,#14112,.T.);
#14112 = EDGE_CURVE('',#14028,#14068,#14113,.T.);
#14113 = LINE('',#14114,#14115);
#14114 = CARTESIAN_POINT('',(265.,293.,380.));
#14115 = VECTOR('',#14116,1.);
#14116 = DIRECTION('',(1.,0.,0.));
#14117 = ORIENTED_EDGE('',*,*,#14065,.F.);
#14118 = PLANE('',#14119);
#14119 = AXIS2_PLACEMENT_3D('',#14120,#14121,#14122);
#14120 = CARTESIAN_POINT('',(265.,293.,368.));
#14121 = DIRECTION('',(0.,1.,0.));
#14122 = DIRECTION('',(0.,0.,1.));
#14123 = ADVANCED_FACE('',(#14124),#14140,.T.);
#14124 = FACE_BOUND('',#14125,.T.);
#14125 = EDGE_LOOP('',(#14126,#14132,#14133,#14139));
#14126 = ORIENTED_EDGE('',*,*,#14127,.F.);
#14127 = EDGE_CURVE('',#14036,#14076,#14128,.T.);
#14128 = LINE('',#14129,#14130);
#14129 = CARTESIAN_POINT('',(265.,357.,368.));
#14130 = VECTOR('',#14131,1.);
#14131 = DIRECTION('',(1.,0.,0.));
#14132 = ORIENTED_EDGE('',*,*,#14043,.T.);
#14133 = ORIENTED_EDGE('',*,*,#14134,.T.);
#14134 = EDGE_CURVE('',#14044,#14084,#14135,.T.);
#14135 = LINE('',#14136,#14137);
#14136 = CARTESIAN_POINT('',(265.,357.,380.));
#14137 = VECTOR('',#14138,1.);
#14138 = DIRECTION('',(1.,0.,0.));
#14139 = ORIENTED_EDGE('',*,*,#14083,.F.);
#14140 = PLANE('',#14141);
#14141 = AXIS2_PLACEMENT_3D('',#14142,#14143,#14144);
#14142 = CARTESIAN_POINT('',(265.,357.,368.));
#14143 = DIRECTION('',(0.,1.,0.));
#14144 = DIRECTION('',(0.,0.,1.));
#14145 = ADVANCED_FACE('',(#14146),#14152,.F.);
#14146 = FACE_BOUND('',#14147,.F.);
#14147 = EDGE_LOOP('',(#14148,#14149,#14150,#14151));
#14148 = ORIENTED_EDGE('',*,*,#14035,.F.);
#14149 = ORIENTED_EDGE('',*,*,#14105,.T.);
#14150 = ORIENTED_EDGE('',*,*,#14075,.T.);
#14151 = ORIENTED_EDGE('',*,*,#14127,.F.);
#14152 = PLANE('',#14153);
#14153 = AXIS2_PLACEMENT_3D('',#14154,#14155,#14156);
#14154 = CARTESIAN_POINT('',(265.,293.,368.));
#14155 = DIRECTION('',(0.,0.,1.));
#14156 = DIRECTION('',(1.,0.,0.));
#14157 = ADVANCED_FACE('',(#14158),#14164,.T.);
#14158 = FACE_BOUND('',#14159,.T.);
#14159 = EDGE_LOOP('',(#14160,#14161,#14162,#14163));
#14160 = ORIENTED_EDGE('',*,*,#14051,.F.);
#14161 = ORIENTED_EDGE('',*,*,#14112,.T.);
#14162 = ORIENTED_EDGE('',*,*,#14091,.T.);
#14163 = ORIENTED_EDGE('',*,*,#14134,.F.);
#14164 = PLANE('',#14165);
#14165 = AXIS2_PLACEMENT_3D('',#14166,#14167,#14168);
#14166 = CARTESIAN_POINT('',(265.,293.,380.));
#14167 = DIRECTION('',(0.,0.,1.));
#14168 = DIRECTION('',(1.,0.,0.));
#14169 = MANIFOLD_SOLID_BREP('',#14170);
#14170 = CLOSED_SHELL('',(#14171,#14211,#14251,#14273,#14295,#14307));
#14171 = ADVANCED_FACE('',(#14172),#14206,.F.);
#14172 = FACE_BOUND('',#14173,.F.);
#14173 = EDGE_LOOP('',(#14174,#14184,#14192,#14200));
#14174 = ORIENTED_EDGE('',*,*,#14175,.F.);
#14175 = EDGE_CURVE('',#14176,#14178,#14180,.T.);
#14176 = VERTEX_POINT('',#14177);
#14177 = CARTESIAN_POINT('',(215.,293.,368.));
#14178 = VERTEX_POINT('',#14179);
#14179 = CARTESIAN_POINT('',(215.,293.,380.));
#14180 = LINE('',#14181,#14182);
#14181 = CARTESIAN_POINT('',(215.,293.,368.));
#14182 = VECTOR('',#14183,1.);
#14183 = DIRECTION('',(0.,0.,1.));
#14184 = ORIENTED_EDGE('',*,*,#14185,.T.);
#14185 = EDGE_CURVE('',#14176,#14186,#14188,.T.);
#14186 = VERTEX_POINT('',#14187);
#14187 = CARTESIAN_POINT('',(215.,298.,368.));
#14188 = LINE('',#14189,#14190);
#14189 = CARTESIAN_POINT('',(215.,293.,368.));
#14190 = VECTOR('',#14191,1.);
#14191 = DIRECTION('',(0.,1.,0.));
#14192 = ORIENTED_EDGE('',*,*,#14193,.T.);
#14193 = EDGE_CURVE('',#14186,#14194,#14196,.T.);
#14194 = VERTEX_POINT('',#14195);
#14195 = CARTESIAN_POINT('',(215.,298.,380.));
#14196 = LINE('',#14197,#14198);
#14197 = CARTESIAN_POINT('',(215.,298.,368.));
#14198 = VECTOR('',#14199,1.);
#14199 = DIRECTION('',(0.,0.,1.));
#14200 = ORIENTED_EDGE('',*,*,#14201,.F.);
#14201 = EDGE_CURVE('',#14178,#14194,#14202,.T.);
#14202 = LINE('',#14203,#14204);
#14203 = CARTESIAN_POINT('',(215.,293.,380.));
#14204 = VECTOR('',#14205,1.);
#14205 = DIRECTION('',(0.,1.,0.));
#14206 = PLANE('',#14207);
#14207 = AXIS2_PLACEMENT_3D('',#14208,#14209,#14210);
#14208 = CARTESIAN_POINT('',(215.,293.,368.));
#14209 = DIRECTION('',(1.,0.,0.));
#14210 = DIRECTION('',(0.,0.,1.));
#14211 = ADVANCED_FACE('',(#14212),#14246,.T.);
#14212 = FACE_BOUND('',#14213,.T.);
#14213 = EDGE_LOOP('',(#14214,#14224,#14232,#14240));
#14214 = ORIENTED_EDGE('',*,*,#14215,.F.);
#14215 = EDGE_CURVE('',#14216,#14218,#14220,.T.);
#14216 = VERTEX_POINT('',#14217);
#14217 = CARTESIAN_POINT('',(228.,293.,368.));
#14218 = VERTEX_POINT('',#14219);
#14219 = CARTESIAN_POINT('',(228.,293.,380.));
#14220 = LINE('',#14221,#14222);
#14221 = CARTESIAN_POINT('',(228.,293.,368.));
#14222 = VECTOR('',#14223,1.);
#14223 = DIRECTION('',(0.,0.,1.));
#14224 = ORIENTED_EDGE('',*,*,#14225,.T.);
#14225 = EDGE_CURVE('',#14216,#14226,#14228,.T.);
#14226 = VERTEX_POINT('',#14227);
#14227 = CARTESIAN_POINT('',(228.,298.,368.));
#14228 = LINE('',#14229,#14230);
#14229 = CARTESIAN_POINT('',(228.,293.,368.));
#14230 = VECTOR('',#14231,1.);
#14231 = DIRECTION('',(0.,1.,0.));
#14232 = ORIENTED_EDGE('',*,*,#14233,.T.);
#14233 = EDGE_CURVE('',#14226,#14234,#14236,.T.);
#14234 = VERTEX_POINT('',#14235);
#14235 = CARTESIAN_POINT('',(228.,298.,380.));
#14236 = LINE('',#14237,#14238);
#14237 = CARTESIAN_POINT('',(228.,298.,368.));
#14238 = VECTOR('',#14239,1.);
#14239 = DIRECTION('',(0.,0.,1.));
#14240 = ORIENTED_EDGE('',*,*,#14241,.F.);
#14241 = EDGE_CURVE('',#14218,#14234,#14242,.T.);
#14242 = LINE('',#14243,#14244);
#14243 = CARTESIAN_POINT('',(228.,293.,380.));
#14244 = VECTOR('',#14245,1.);
#14245 = DIRECTION('',(0.,1.,0.));
#14246 = PLANE('',#14247);
#14247 = AXIS2_PLACEMENT_3D('',#14248,#14249,#14250);
#14248 = CARTESIAN_POINT('',(228.,293.,368.));
#14249 = DIRECTION('',(1.,0.,0.));
#14250 = DIRECTION('',(0.,0.,1.));
#14251 = ADVANCED_FACE('',(#14252),#14268,.F.);
#14252 = FACE_BOUND('',#14253,.F.);
#14253 = EDGE_LOOP('',(#14254,#14260,#14261,#14267));
#14254 = ORIENTED_EDGE('',*,*,#14255,.F.);
#14255 = EDGE_CURVE('',#14176,#14216,#14256,.T.);
#14256 = LINE('',#14257,#14258);
#14257 = CARTESIAN_POINT('',(215.,293.,368.));
#14258 = VECTOR('',#14259,1.);
#14259 = DIRECTION('',(1.,0.,0.));
#14260 = ORIENTED_EDGE('',*,*,#14175,.T.);
#14261 = ORIENTED_EDGE('',*,*,#14262,.T.);
#14262 = EDGE_CURVE('',#14178,#14218,#14263,.T.);
#14263 = LINE('',#14264,#14265);
#14264 = CARTESIAN_POINT('',(215.,293.,380.));
#14265 = VECTOR('',#14266,1.);
#14266 = DIRECTION('',(1.,0.,0.));
#14267 = ORIENTED_EDGE('',*,*,#14215,.F.);
#14268 = PLANE('',#14269);
#14269 = AXIS2_PLACEMENT_3D('',#14270,#14271,#14272);
#14270 = CARTESIAN_POINT('',(215.,293.,368.));
#14271 = DIRECTION('',(0.,1.,0.));
#14272 = DIRECTION('',(0.,0.,1.));
#14273 = ADVANCED_FACE('',(#14274),#14290,.T.);
#14274 = FACE_BOUND('',#14275,.T.);
#14275 = EDGE_LOOP('',(#14276,#14282,#14283,#14289));
#14276 = ORIENTED_EDGE('',*,*,#14277,.F.);
#14277 = EDGE_CURVE('',#14186,#14226,#14278,.T.);
#14278 = LINE('',#14279,#14280);
#14279 = CARTESIAN_POINT('',(215.,298.,368.));
#14280 = VECTOR('',#14281,1.);
#14281 = DIRECTION('',(1.,0.,0.));
#14282 = ORIENTED_EDGE('',*,*,#14193,.T.);
#14283 = ORIENTED_EDGE('',*,*,#14284,.T.);
#14284 = EDGE_CURVE('',#14194,#14234,#14285,.T.);
#14285 = LINE('',#14286,#14287);
#14286 = CARTESIAN_POINT('',(215.,298.,380.));
#14287 = VECTOR('',#14288,1.);
#14288 = DIRECTION('',(1.,0.,0.));
#14289 = ORIENTED_EDGE('',*,*,#14233,.F.);
#14290 = PLANE('',#14291);
#14291 = AXIS2_PLACEMENT_3D('',#14292,#14293,#14294);
#14292 = CARTESIAN_POINT('',(215.,298.,368.));
#14293 = DIRECTION('',(0.,1.,0.));
#14294 = DIRECTION('',(0.,0.,1.));
#14295 = ADVANCED_FACE('',(#14296),#14302,.F.);
#14296 = FACE_BOUND('',#14297,.F.);
#14297 = EDGE_LOOP('',(#14298,#14299,#14300,#14301));
#14298 = ORIENTED_EDGE('',*,*,#14185,.F.);
#14299 = ORIENTED_EDGE('',*,*,#14255,.T.);
#14300 = ORIENTED_EDGE('',*,*,#14225,.T.);
#14301 = ORIENTED_EDGE('',*,*,#14277,.F.);
#14302 = PLANE('',#14303);
#14303 = AXIS2_PLACEMENT_3D('',#14304,#14305,#14306);
#14304 = CARTESIAN_POINT('',(215.,293.,368.));
#14305 = DIRECTION('',(0.,0.,1.));
#14306 = DIRECTION('',(1.,0.,0.));
#14307 = ADVANCED_FACE('',(#14308),#14314,.T.);
#14308 = FACE_BOUND('',#14309,.T.);
#14309 = EDGE_LOOP('',(#14310,#14311,#14312,#14313));
#14310 = ORIENTED_EDGE('',*,*,#14201,.F.);
#14311 = ORIENTED_EDGE('',*,*,#14262,.T.);
#14312 = ORIENTED_EDGE('',*,*,#14241,.T.);
#14313 = ORIENTED_EDGE('',*,*,#14284,.F.);
#14314 = PLANE('',#14315);
#14315 = AXIS2_PLACEMENT_3D('',#14316,#14317,#14318);
#14316 = CARTESIAN_POINT('',(215.,293.,380.));
#14317 = DIRECTION('',(0.,0.,1.));
#14318 = DIRECTION('',(1.,0.,0.));
#14319 = MANIFOLD_SOLID_BREP('',#14320);
#14320 = CLOSED_SHELL('',(#14321,#14361,#14401,#14423,#14445,#14457));
#14321 = ADVANCED_FACE('',(#14322),#14356,.F.);
#14322 = FACE_BOUND('',#14323,.F.);
#14323 = EDGE_LOOP('',(#14324,#14334,#14342,#14350));
#14324 = ORIENTED_EDGE('',*,*,#14325,.F.);
#14325 = EDGE_CURVE('',#14326,#14328,#14330,.T.);
#14326 = VERTEX_POINT('',#14327);
#14327 = CARTESIAN_POINT('',(252.,293.,368.));
#14328 = VERTEX_POINT('',#14329);
#14329 = CARTESIAN_POINT('',(252.,293.,380.));
#14330 = LINE('',#14331,#14332);
#14331 = CARTESIAN_POINT('',(252.,293.,368.));
#14332 = VECTOR('',#14333,1.);
#14333 = DIRECTION('',(0.,0.,1.));
#14334 = ORIENTED_EDGE('',*,*,#14335,.T.);
#14335 = EDGE_CURVE('',#14326,#14336,#14338,.T.);
#14336 = VERTEX_POINT('',#14337);
#14337 = CARTESIAN_POINT('',(252.,298.,368.));
#14338 = LINE('',#14339,#14340);
#14339 = CARTESIAN_POINT('',(252.,293.,368.));
#14340 = VECTOR('',#14341,1.);
#14341 = DIRECTION('',(0.,1.,0.));
#14342 = ORIENTED_EDGE('',*,*,#14343,.T.);
#14343 = EDGE_CURVE('',#14336,#14344,#14346,.T.);
#14344 = VERTEX_POINT('',#14345);
#14345 = CARTESIAN_POINT('',(252.,298.,380.));
#14346 = LINE('',#14347,#14348);
#14347 = CARTESIAN_POINT('',(252.,298.,368.));
#14348 = VECTOR('',#14349,1.);
#14349 = DIRECTION('',(0.,0.,1.));
#14350 = ORIENTED_EDGE('',*,*,#14351,.F.);
#14351 = EDGE_CURVE('',#14328,#14344,#14352,.T.);
#14352 = LINE('',#14353,#14354);
#14353 = CARTESIAN_POINT('',(252.,293.,380.));
#14354 = VECTOR('',#14355,1.);
#14355 = DIRECTION('',(0.,1.,0.));
#14356 = PLANE('',#14357);
#14357 = AXIS2_PLACEMENT_3D('',#14358,#14359,#14360);
#14358 = CARTESIAN_POINT('',(252.,293.,368.));
#14359 = DIRECTION('',(1.,0.,0.));
#14360 = DIRECTION('',(0.,0.,1.));
#14361 = ADVANCED_FACE('',(#14362),#14396,.T.);
#14362 = FACE_BOUND('',#14363,.T.);
#14363 = EDGE_LOOP('',(#14364,#14374,#14382,#14390));
#14364 = ORIENTED_EDGE('',*,*,#14365,.F.);
#14365 = EDGE_CURVE('',#14366,#14368,#14370,.T.);
#14366 = VERTEX_POINT('',#14367);
#14367 = CARTESIAN_POINT('',(265.,293.,368.));
#14368 = VERTEX_POINT('',#14369);
#14369 = CARTESIAN_POINT('',(265.,293.,380.));
#14370 = LINE('',#14371,#14372);
#14371 = CARTESIAN_POINT('',(265.,293.,368.));
#14372 = VECTOR('',#14373,1.);
#14373 = DIRECTION('',(0.,0.,1.));
#14374 = ORIENTED_EDGE('',*,*,#14375,.T.);
#14375 = EDGE_CURVE('',#14366,#14376,#14378,.T.);
#14376 = VERTEX_POINT('',#14377);
#14377 = CARTESIAN_POINT('',(265.,298.,368.));
#14378 = LINE('',#14379,#14380);
#14379 = CARTESIAN_POINT('',(265.,293.,368.));
#14380 = VECTOR('',#14381,1.);
#14381 = DIRECTION('',(0.,1.,0.));
#14382 = ORIENTED_EDGE('',*,*,#14383,.T.);
#14383 = EDGE_CURVE('',#14376,#14384,#14386,.T.);
#14384 = VERTEX_POINT('',#14385);
#14385 = CARTESIAN_POINT('',(265.,298.,380.));
#14386 = LINE('',#14387,#14388);
#14387 = CARTESIAN_POINT('',(265.,298.,368.));
#14388 = VECTOR('',#14389,1.);
#14389 = DIRECTION('',(0.,0.,1.));
#14390 = ORIENTED_EDGE('',*,*,#14391,.F.);
#14391 = EDGE_CURVE('',#14368,#14384,#14392,.T.);
#14392 = LINE('',#14393,#14394);
#14393 = CARTESIAN_POINT('',(265.,293.,380.));
#14394 = VECTOR('',#14395,1.);
#14395 = DIRECTION('',(0.,1.,0.));
#14396 = PLANE('',#14397);
#14397 = AXIS2_PLACEMENT_3D('',#14398,#14399,#14400);
#14398 = CARTESIAN_POINT('',(265.,293.,368.));
#14399 = DIRECTION('',(1.,0.,0.));
#14400 = DIRECTION('',(0.,0.,1.));
#14401 = ADVANCED_FACE('',(#14402),#14418,.F.);
#14402 = FACE_BOUND('',#14403,.F.);
#14403 = EDGE_LOOP('',(#14404,#14410,#14411,#14417));
#14404 = ORIENTED_EDGE('',*,*,#14405,.F.);
#14405 = EDGE_CURVE('',#14326,#14366,#14406,.T.);
#14406 = LINE('',#14407,#14408);
#14407 = CARTESIAN_POINT('',(252.,293.,368.));
#14408 = VECTOR('',#14409,1.);
#14409 = DIRECTION('',(1.,0.,0.));
#14410 = ORIENTED_EDGE('',*,*,#14325,.T.);
#14411 = ORIENTED_EDGE('',*,*,#14412,.T.);
#14412 = EDGE_CURVE('',#14328,#14368,#14413,.T.);
#14413 = LINE('',#14414,#14415);
#14414 = CARTESIAN_POINT('',(252.,293.,380.));
#14415 = VECTOR('',#14416,1.);
#14416 = DIRECTION('',(1.,0.,0.));
#14417 = ORIENTED_EDGE('',*,*,#14365,.F.);
#14418 = PLANE('',#14419);
#14419 = AXIS2_PLACEMENT_3D('',#14420,#14421,#14422);
#14420 = CARTESIAN_POINT('',(252.,293.,368.));
#14421 = DIRECTION('',(0.,1.,0.));
#14422 = DIRECTION('',(0.,0.,1.));
#14423 = ADVANCED_FACE('',(#14424),#14440,.T.);
#14424 = FACE_BOUND('',#14425,.T.);
#14425 = EDGE_LOOP('',(#14426,#14432,#14433,#14439));
#14426 = ORIENTED_EDGE('',*,*,#14427,.F.);
#14427 = EDGE_CURVE('',#14336,#14376,#14428,.T.);
#14428 = LINE('',#14429,#14430);
#14429 = CARTESIAN_POINT('',(252.,298.,368.));
#14430 = VECTOR('',#14431,1.);
#14431 = DIRECTION('',(1.,0.,0.));
#14432 = ORIENTED_EDGE('',*,*,#14343,.T.);
#14433 = ORIENTED_EDGE('',*,*,#14434,.T.);
#14434 = EDGE_CURVE('',#14344,#14384,#14435,.T.);
#14435 = LINE('',#14436,#14437);
#14436 = CARTESIAN_POINT('',(252.,298.,380.));
#14437 = VECTOR('',#14438,1.);
#14438 = DIRECTION('',(1.,0.,0.));
#14439 = ORIENTED_EDGE('',*,*,#14383,.F.);
#14440 = PLANE('',#14441);
#14441 = AXIS2_PLACEMENT_3D('',#14442,#14443,#14444);
#14442 = CARTESIAN_POINT('',(252.,298.,368.));
#14443 = DIRECTION('',(0.,1.,0.));
#14444 = DIRECTION('',(0.,0.,1.));
#14445 = ADVANCED_FACE('',(#14446),#14452,.F.);
#14446 = FACE_BOUND('',#14447,.F.);
#14447 = EDGE_LOOP('',(#14448,#14449,#14450,#14451));
#14448 = ORIENTED_EDGE('',*,*,#14335,.F.);
#14449 = ORIENTED_EDGE('',*,*,#14405,.T.);
#14450 = ORIENTED_EDGE('',*,*,#14375,.T.);
#14451 = ORIENTED_EDGE('',*,*,#14427,.F.);
#14452 = PLANE('',#14453);
#14453 = AXIS2_PLACEMENT_3D('',#14454,#14455,#14456);
#14454 = CARTESIAN_POINT('',(252.,293.,368.));
#14455 = DIRECTION('',(0.,0.,1.));
#14456 = DIRECTION('',(1.,0.,0.));
#14457 = ADVANCED_FACE('',(#14458),#14464,.T.);
#14458 = FACE_BOUND('',#14459,.T.);
#14459 = EDGE_LOOP('',(#14460,#14461,#14462,#14463));
#14460 = ORIENTED_EDGE('',*,*,#14351,.F.);
#14461 = ORIENTED_EDGE('',*,*,#14412,.T.);
#14462 = ORIENTED_EDGE('',*,*,#14391,.T.);
#14463 = ORIENTED_EDGE('',*,*,#14434,.F.);
#14464 = PLANE('',#14465);
#14465 = AXIS2_PLACEMENT_3D('',#14466,#14467,#14468);
#14466 = CARTESIAN_POINT('',(252.,293.,380.));
#14467 = DIRECTION('',(0.,0.,1.));
#14468 = DIRECTION('',(1.,0.,0.));
#14469 = MANIFOLD_SOLID_BREP('',#14470);
#14470 = CLOSED_SHELL('',(#14471,#14511,#14551,#14573,#14595,#14607));
#14471 = ADVANCED_FACE('',(#14472),#14506,.F.);
#14472 = FACE_BOUND('',#14473,.F.);
#14473 = EDGE_LOOP('',(#14474,#14484,#14492,#14500));
#14474 = ORIENTED_EDGE('',*,*,#14475,.F.);
#14475 = EDGE_CURVE('',#14476,#14478,#14480,.T.);
#14476 = VERTEX_POINT('',#14477);
#14477 = CARTESIAN_POINT('',(215.,352.,368.));
#14478 = VERTEX_POINT('',#14479);
#14479 = CARTESIAN_POINT('',(215.,352.,380.));
#14480 = LINE('',#14481,#14482);
#14481 = CARTESIAN_POINT('',(215.,352.,368.));
#14482 = VECTOR('',#14483,1.);
#14483 = DIRECTION('',(0.,0.,1.));
#14484 = ORIENTED_EDGE('',*,*,#14485,.T.);
#14485 = EDGE_CURVE('',#14476,#14486,#14488,.T.);
#14486 = VERTEX_POINT('',#14487);
#14487 = CARTESIAN_POINT('',(215.,357.,368.));
#14488 = LINE('',#14489,#14490);
#14489 = CARTESIAN_POINT('',(215.,352.,368.));
#14490 = VECTOR('',#14491,1.);
#14491 = DIRECTION('',(0.,1.,0.));
#14492 = ORIENTED_EDGE('',*,*,#14493,.T.);
#14493 = EDGE_CURVE('',#14486,#14494,#14496,.T.);
#14494 = VERTEX_POINT('',#14495);
#14495 = CARTESIAN_POINT('',(215.,357.,380.));
#14496 = LINE('',#14497,#14498);
#14497 = CARTESIAN_POINT('',(215.,357.,368.));
#14498 = VECTOR('',#14499,1.);
#14499 = DIRECTION('',(0.,0.,1.));
#14500 = ORIENTED_EDGE('',*,*,#14501,.F.);
#14501 = EDGE_CURVE('',#14478,#14494,#14502,.T.);
#14502 = LINE('',#14503,#14504);
#14503 = CARTESIAN_POINT('',(215.,352.,380.));
#14504 = VECTOR('',#14505,1.);
#14505 = DIRECTION('',(0.,1.,0.));
#14506 = PLANE('',#14507);
#14507 = AXIS2_PLACEMENT_3D('',#14508,#14509,#14510);
#14508 = CARTESIAN_POINT('',(215.,352.,368.));
#14509 = DIRECTION('',(1.,0.,0.));
#14510 = DIRECTION('',(0.,0.,1.));
#14511 = ADVANCED_FACE('',(#14512),#14546,.T.);
#14512 = FACE_BOUND('',#14513,.T.);
#14513 = EDGE_LOOP('',(#14514,#14524,#14532,#14540));
#14514 = ORIENTED_EDGE('',*,*,#14515,.F.);
#14515 = EDGE_CURVE('',#14516,#14518,#14520,.T.);
#14516 = VERTEX_POINT('',#14517);
#14517 = CARTESIAN_POINT('',(265.,352.,368.));
#14518 = VERTEX_POINT('',#14519);
#14519 = CARTESIAN_POINT('',(265.,352.,380.));
#14520 = LINE('',#14521,#14522);
#14521 = CARTESIAN_POINT('',(265.,352.,368.));
#14522 = VECTOR('',#14523,1.);
#14523 = DIRECTION('',(0.,0.,1.));
#14524 = ORIENTED_EDGE('',*,*,#14525,.T.);
#14525 = EDGE_CURVE('',#14516,#14526,#14528,.T.);
#14526 = VERTEX_POINT('',#14527);
#14527 = CARTESIAN_POINT('',(265.,357.,368.));
#14528 = LINE('',#14529,#14530);
#14529 = CARTESIAN_POINT('',(265.,352.,368.));
#14530 = VECTOR('',#14531,1.);
#14531 = DIRECTION('',(0.,1.,0.));
#14532 = ORIENTED_EDGE('',*,*,#14533,.T.);
#14533 = EDGE_CURVE('',#14526,#14534,#14536,.T.);
#14534 = VERTEX_POINT('',#14535);
#14535 = CARTESIAN_POINT('',(265.,357.,380.));
#14536 = LINE('',#14537,#14538);
#14537 = CARTESIAN_POINT('',(265.,357.,368.));
#14538 = VECTOR('',#14539,1.);
#14539 = DIRECTION('',(0.,0.,1.));
#14540 = ORIENTED_EDGE('',*,*,#14541,.F.);
#14541 = EDGE_CURVE('',#14518,#14534,#14542,.T.);
#14542 = LINE('',#14543,#14544);
#14543 = CARTESIAN_POINT('',(265.,352.,380.));
#14544 = VECTOR('',#14545,1.);
#14545 = DIRECTION('',(0.,1.,0.));
#14546 = PLANE('',#14547);
#14547 = AXIS2_PLACEMENT_3D('',#14548,#14549,#14550);
#14548 = CARTESIAN_POINT('',(265.,352.,368.));
#14549 = DIRECTION('',(1.,0.,0.));
#14550 = DIRECTION('',(0.,0.,1.));
#14551 = ADVANCED_FACE('',(#14552),#14568,.F.);
#14552 = FACE_BOUND('',#14553,.F.);
#14553 = EDGE_LOOP('',(#14554,#14560,#14561,#14567));
#14554 = ORIENTED_EDGE('',*,*,#14555,.F.);
#14555 = EDGE_CURVE('',#14476,#14516,#14556,.T.);
#14556 = LINE('',#14557,#14558);
#14557 = CARTESIAN_POINT('',(215.,352.,368.));
#14558 = VECTOR('',#14559,1.);
#14559 = DIRECTION('',(1.,0.,0.));
#14560 = ORIENTED_EDGE('',*,*,#14475,.T.);
#14561 = ORIENTED_EDGE('',*,*,#14562,.T.);
#14562 = EDGE_CURVE('',#14478,#14518,#14563,.T.);
#14563 = LINE('',#14564,#14565);
#14564 = CARTESIAN_POINT('',(215.,352.,380.));
#14565 = VECTOR('',#14566,1.);
#14566 = DIRECTION('',(1.,0.,0.));
#14567 = ORIENTED_EDGE('',*,*,#14515,.F.);
#14568 = PLANE('',#14569);
#14569 = AXIS2_PLACEMENT_3D('',#14570,#14571,#14572);
#14570 = CARTESIAN_POINT('',(215.,352.,368.));
#14571 = DIRECTION('',(0.,1.,0.));
#14572 = DIRECTION('',(0.,0.,1.));
#14573 = ADVANCED_FACE('',(#14574),#14590,.T.);
#14574 = FACE_BOUND('',#14575,.T.);
#14575 = EDGE_LOOP('',(#14576,#14582,#14583,#14589));
#14576 = ORIENTED_EDGE('',*,*,#14577,.F.);
#14577 = EDGE_CURVE('',#14486,#14526,#14578,.T.);
#14578 = LINE('',#14579,#14580);
#14579 = CARTESIAN_POINT('',(215.,357.,368.));
#14580 = VECTOR('',#14581,1.);
#14581 = DIRECTION('',(1.,0.,0.));
#14582 = ORIENTED_EDGE('',*,*,#14493,.T.);
#14583 = ORIENTED_EDGE('',*,*,#14584,.T.);
#14584 = EDGE_CURVE('',#14494,#14534,#14585,.T.);
#14585 = LINE('',#14586,#14587);
#14586 = CARTESIAN_POINT('',(215.,357.,380.));
#14587 = VECTOR('',#14588,1.);
#14588 = DIRECTION('',(1.,0.,0.));
#14589 = ORIENTED_EDGE('',*,*,#14533,.F.);
#14590 = PLANE('',#14591);
#14591 = AXIS2_PLACEMENT_3D('',#14592,#14593,#14594);
#14592 = CARTESIAN_POINT('',(215.,357.,368.));
#14593 = DIRECTION('',(0.,1.,0.));
#14594 = DIRECTION('',(0.,0.,1.));
#14595 = ADVANCED_FACE('',(#14596),#14602,.F.);
#14596 = FACE_BOUND('',#14597,.F.);
#14597 = EDGE_LOOP('',(#14598,#14599,#14600,#14601));
#14598 = ORIENTED_EDGE('',*,*,#14485,.F.);
#14599 = ORIENTED_EDGE('',*,*,#14555,.T.);
#14600 = ORIENTED_EDGE('',*,*,#14525,.T.);
#14601 = ORIENTED_EDGE('',*,*,#14577,.F.);
#14602 = PLANE('',#14603);
#14603 = AXIS2_PLACEMENT_3D('',#14604,#14605,#14606);
#14604 = CARTESIAN_POINT('',(215.,352.,368.));
#14605 = DIRECTION('',(0.,0.,1.));
#14606 = DIRECTION('',(1.,0.,0.));
#14607 = ADVANCED_FACE('',(#14608),#14614,.T.);
#14608 = FACE_BOUND('',#14609,.T.);
#14609 = EDGE_LOOP('',(#14610,#14611,#14612,#14613));
#14610 = ORIENTED_EDGE('',*,*,#14501,.F.);
#14611 = ORIENTED_EDGE('',*,*,#14562,.T.);
#14612 = ORIENTED_EDGE('',*,*,#14541,.T.);
#14613 = ORIENTED_EDGE('',*,*,#14584,.F.);
#14614 = PLANE('',#14615);
#14615 = AXIS2_PLACEMENT_3D('',#14616,#14617,#14618);
#14616 = CARTESIAN_POINT('',(215.,352.,380.));
#14617 = DIRECTION('',(0.,0.,1.));
#14618 = DIRECTION('',(1.,0.,0.));
#14619 = MANIFOLD_SOLID_BREP('',#14620);
#14620 = CLOSED_SHELL('',(#14621,#14661,#14701,#14723,#14745,#14757));
#14621 = ADVANCED_FACE('',(#14622),#14656,.F.);
#14622 = FACE_BOUND('',#14623,.F.);
#14623 = EDGE_LOOP('',(#14624,#14634,#14642,#14650));
#14624 = ORIENTED_EDGE('',*,*,#14625,.F.);
#14625 = EDGE_CURVE('',#14626,#14628,#14630,.T.);
#14626 = VERTEX_POINT('',#14627);
#14627 = CARTESIAN_POINT('',(330.,293.,360.));
#14628 = VERTEX_POINT('',#14629);
#14629 = CARTESIAN_POINT('',(330.,293.,368.));
#14630 = LINE('',#14631,#14632);
#14631 = CARTESIAN_POINT('',(330.,293.,360.));
#14632 = VECTOR('',#14633,1.);
#14633 = DIRECTION('',(0.,0.,1.));
#14634 = ORIENTED_EDGE('',*,*,#14635,.T.);
#14635 = EDGE_CURVE('',#14626,#14636,#14638,.T.);
#14636 = VERTEX_POINT('',#14637);
#14637 = CARTESIAN_POINT('',(330.,357.,360.));
#14638 = LINE('',#14639,#14640);
#14639 = CARTESIAN_POINT('',(330.,293.,360.));
#14640 = VECTOR('',#14641,1.);
#14641 = DIRECTION('',(0.,1.,0.));
#14642 = ORIENTED_EDGE('',*,*,#14643,.T.);
#14643 = EDGE_CURVE('',#14636,#14644,#14646,.T.);
#14644 = VERTEX_POINT('',#14645);
#14645 = CARTESIAN_POINT('',(330.,357.,368.));
#14646 = LINE('',#14647,#14648);
#14647 = CARTESIAN_POINT('',(330.,357.,360.));
#14648 = VECTOR('',#14649,1.);
#14649 = DIRECTION('',(0.,0.,1.));
#14650 = ORIENTED_EDGE('',*,*,#14651,.F.);
#14651 = EDGE_CURVE('',#14628,#14644,#14652,.T.);
#14652 = LINE('',#14653,#14654);
#14653 = CARTESIAN_POINT('',(330.,293.,368.));
#14654 = VECTOR('',#14655,1.);
#14655 = DIRECTION('',(0.,1.,0.));
#14656 = PLANE('',#14657);
#14657 = AXIS2_PLACEMENT_3D('',#14658,#14659,#14660);
#14658 = CARTESIAN_POINT('',(330.,293.,360.));
#14659 = DIRECTION('',(1.,0.,0.));
#14660 = DIRECTION('',(0.,0.,1.));
#14661 = ADVANCED_FACE('',(#14662),#14696,.T.);
#14662 = FACE_BOUND('',#14663,.T.);
#14663 = EDGE_LOOP('',(#14664,#14674,#14682,#14690));
#14664 = ORIENTED_EDGE('',*,*,#14665,.F.);
#14665 = EDGE_CURVE('',#14666,#14668,#14670,.T.);
#14666 = VERTEX_POINT('',#14667);
#14667 = CARTESIAN_POINT('',(390.,293.,360.));
#14668 = VERTEX_POINT('',#14669);
#14669 = CARTESIAN_POINT('',(390.,293.,368.));
#14670 = LINE('',#14671,#14672);
#14671 = CARTESIAN_POINT('',(390.,293.,360.));
#14672 = VECTOR('',#14673,1.);
#14673 = DIRECTION('',(0.,0.,1.));
#14674 = ORIENTED_EDGE('',*,*,#14675,.T.);
#14675 = EDGE_CURVE('',#14666,#14676,#14678,.T.);
#14676 = VERTEX_POINT('',#14677);
#14677 = CARTESIAN_POINT('',(390.,357.,360.));
#14678 = LINE('',#14679,#14680);
#14679 = CARTESIAN_POINT('',(390.,293.,360.));
#14680 = VECTOR('',#14681,1.);
#14681 = DIRECTION('',(0.,1.,0.));
#14682 = ORIENTED_EDGE('',*,*,#14683,.T.);
#14683 = EDGE_CURVE('',#14676,#14684,#14686,.T.);
#14684 = VERTEX_POINT('',#14685);
#14685 = CARTESIAN_POINT('',(390.,357.,368.));
#14686 = LINE('',#14687,#14688);
#14687 = CARTESIAN_POINT('',(390.,357.,360.));
#14688 = VECTOR('',#14689,1.);
#14689 = DIRECTION('',(0.,0.,1.));
#14690 = ORIENTED_EDGE('',*,*,#14691,.F.);
#14691 = EDGE_CURVE('',#14668,#14684,#14692,.T.);
#14692 = LINE('',#14693,#14694);
#14693 = CARTESIAN_POINT('',(390.,293.,368.));
#14694 = VECTOR('',#14695,1.);
#14695 = DIRECTION('',(0.,1.,0.));
#14696 = PLANE('',#14697);
#14697 = AXIS2_PLACEMENT_3D('',#14698,#14699,#14700);
#14698 = CARTESIAN_POINT('',(390.,293.,360.));
#14699 = DIRECTION('',(1.,0.,0.));
#14700 = DIRECTION('',(0.,0.,1.));
#14701 = ADVANCED_FACE('',(#14702),#14718,.F.);
#14702 = FACE_BOUND('',#14703,.F.);
#14703 = EDGE_LOOP('',(#14704,#14710,#14711,#14717));
#14704 = ORIENTED_EDGE('',*,*,#14705,.F.);
#14705 = EDGE_CURVE('',#14626,#14666,#14706,.T.);
#14706 = LINE('',#14707,#14708);
#14707 = CARTESIAN_POINT('',(330.,293.,360.));
#14708 = VECTOR('',#14709,1.);
#14709 = DIRECTION('',(1.,0.,0.));
#14710 = ORIENTED_EDGE('',*,*,#14625,.T.);
#14711 = ORIENTED_EDGE('',*,*,#14712,.T.);
#14712 = EDGE_CURVE('',#14628,#14668,#14713,.T.);
#14713 = LINE('',#14714,#14715);
#14714 = CARTESIAN_POINT('',(330.,293.,368.));
#14715 = VECTOR('',#14716,1.);
#14716 = DIRECTION('',(1.,0.,0.));
#14717 = ORIENTED_EDGE('',*,*,#14665,.F.);
#14718 = PLANE('',#14719);
#14719 = AXIS2_PLACEMENT_3D('',#14720,#14721,#14722);
#14720 = CARTESIAN_POINT('',(330.,293.,360.));
#14721 = DIRECTION('',(0.,1.,0.));
#14722 = DIRECTION('',(0.,0.,1.));
#14723 = ADVANCED_FACE('',(#14724),#14740,.T.);
#14724 = FACE_BOUND('',#14725,.T.);
#14725 = EDGE_LOOP('',(#14726,#14732,#14733,#14739));
#14726 = ORIENTED_EDGE('',*,*,#14727,.F.);
#14727 = EDGE_CURVE('',#14636,#14676,#14728,.T.);
#14728 = LINE('',#14729,#14730);
#14729 = CARTESIAN_POINT('',(330.,357.,360.));
#14730 = VECTOR('',#14731,1.);
#14731 = DIRECTION('',(1.,0.,0.));
#14732 = ORIENTED_EDGE('',*,*,#14643,.T.);
#14733 = ORIENTED_EDGE('',*,*,#14734,.T.);
#14734 = EDGE_CURVE('',#14644,#14684,#14735,.T.);
#14735 = LINE('',#14736,#14737);
#14736 = CARTESIAN_POINT('',(330.,357.,368.));
#14737 = VECTOR('',#14738,1.);
#14738 = DIRECTION('',(1.,0.,0.));
#14739 = ORIENTED_EDGE('',*,*,#14683,.F.);
#14740 = PLANE('',#14741);
#14741 = AXIS2_PLACEMENT_3D('',#14742,#14743,#14744);
#14742 = CARTESIAN_POINT('',(330.,357.,360.));
#14743 = DIRECTION('',(0.,1.,0.));
#14744 = DIRECTION('',(0.,0.,1.));
#14745 = ADVANCED_FACE('',(#14746),#14752,.F.);
#14746 = FACE_BOUND('',#14747,.F.);
#14747 = EDGE_LOOP('',(#14748,#14749,#14750,#14751));
#14748 = ORIENTED_EDGE('',*,*,#14635,.F.);
#14749 = ORIENTED_EDGE('',*,*,#14705,.T.);
#14750 = ORIENTED_EDGE('',*,*,#14675,.T.);
#14751 = ORIENTED_EDGE('',*,*,#14727,.F.);
#14752 = PLANE('',#14753);
#14753 = AXIS2_PLACEMENT_3D('',#14754,#14755,#14756);
#14754 = CARTESIAN_POINT('',(330.,293.,360.));
#14755 = DIRECTION('',(0.,0.,1.));
#14756 = DIRECTION('',(1.,0.,0.));
#14757 = ADVANCED_FACE('',(#14758),#14764,.T.);
#14758 = FACE_BOUND('',#14759,.T.);
#14759 = EDGE_LOOP('',(#14760,#14761,#14762,#14763));
#14760 = ORIENTED_EDGE('',*,*,#14651,.F.);
#14761 = ORIENTED_EDGE('',*,*,#14712,.T.);
#14762 = ORIENTED_EDGE('',*,*,#14691,.T.);
#14763 = ORIENTED_EDGE('',*,*,#14734,.F.);
#14764 = PLANE('',#14765);
#14765 = AXIS2_PLACEMENT_3D('',#14766,#14767,#14768);
#14766 = CARTESIAN_POINT('',(330.,293.,368.));
#14767 = DIRECTION('',(0.,0.,1.));
#14768 = DIRECTION('',(1.,0.,0.));
#14769 = MANIFOLD_SOLID_BREP('',#14770);
#14770 = CLOSED_SHELL('',(#14771,#14811,#14851,#14873,#14895,#14907));
#14771 = ADVANCED_FACE('',(#14772),#14806,.F.);
#14772 = FACE_BOUND('',#14773,.F.);
#14773 = EDGE_LOOP('',(#14774,#14784,#14792,#14800));
#14774 = ORIENTED_EDGE('',*,*,#14775,.F.);
#14775 = EDGE_CURVE('',#14776,#14778,#14780,.T.);
#14776 = VERTEX_POINT('',#14777);
#14777 = CARTESIAN_POINT('',(330.,293.,368.));
#14778 = VERTEX_POINT('',#14779);
#14779 = CARTESIAN_POINT('',(330.,293.,380.));
#14780 = LINE('',#14781,#14782);
#14781 = CARTESIAN_POINT('',(330.,293.,368.));
#14782 = VECTOR('',#14783,1.);
#14783 = DIRECTION('',(0.,0.,1.));
#14784 = ORIENTED_EDGE('',*,*,#14785,.T.);
#14785 = EDGE_CURVE('',#14776,#14786,#14788,.T.);
#14786 = VERTEX_POINT('',#14787);
#14787 = CARTESIAN_POINT('',(330.,357.,368.));
#14788 = LINE('',#14789,#14790);
#14789 = CARTESIAN_POINT('',(330.,293.,368.));
#14790 = VECTOR('',#14791,1.);
#14791 = DIRECTION('',(0.,1.,0.));
#14792 = ORIENTED_EDGE('',*,*,#14793,.T.);
#14793 = EDGE_CURVE('',#14786,#14794,#14796,.T.);
#14794 = VERTEX_POINT('',#14795);
#14795 = CARTESIAN_POINT('',(330.,357.,380.));
#14796 = LINE('',#14797,#14798);
#14797 = CARTESIAN_POINT('',(330.,357.,368.));
#14798 = VECTOR('',#14799,1.);
#14799 = DIRECTION('',(0.,0.,1.));
#14800 = ORIENTED_EDGE('',*,*,#14801,.F.);
#14801 = EDGE_CURVE('',#14778,#14794,#14802,.T.);
#14802 = LINE('',#14803,#14804);
#14803 = CARTESIAN_POINT('',(330.,293.,380.));
#14804 = VECTOR('',#14805,1.);
#14805 = DIRECTION('',(0.,1.,0.));
#14806 = PLANE('',#14807);
#14807 = AXIS2_PLACEMENT_3D('',#14808,#14809,#14810);
#14808 = CARTESIAN_POINT('',(330.,293.,368.));
#14809 = DIRECTION('',(1.,0.,0.));
#14810 = DIRECTION('',(0.,0.,1.));
#14811 = ADVANCED_FACE('',(#14812),#14846,.T.);
#14812 = FACE_BOUND('',#14813,.T.);
#14813 = EDGE_LOOP('',(#14814,#14824,#14832,#14840));
#14814 = ORIENTED_EDGE('',*,*,#14815,.F.);
#14815 = EDGE_CURVE('',#14816,#14818,#14820,.T.);
#14816 = VERTEX_POINT('',#14817);
#14817 = CARTESIAN_POINT('',(335.,293.,368.));
#14818 = VERTEX_POINT('',#14819);
#14819 = CARTESIAN_POINT('',(335.,293.,380.));
#14820 = LINE('',#14821,#14822);
#14821 = CARTESIAN_POINT('',(335.,293.,368.));
#14822 = VECTOR('',#14823,1.);
#14823 = DIRECTION('',(0.,0.,1.));
#14824 = ORIENTED_EDGE('',*,*,#14825,.T.);
#14825 = EDGE_CURVE('',#14816,#14826,#14828,.T.);
#14826 = VERTEX_POINT('',#14827);
#14827 = CARTESIAN_POINT('',(335.,357.,368.));
#14828 = LINE('',#14829,#14830);
#14829 = CARTESIAN_POINT('',(335.,293.,368.));
#14830 = VECTOR('',#14831,1.);
#14831 = DIRECTION('',(0.,1.,0.));
#14832 = ORIENTED_EDGE('',*,*,#14833,.T.);
#14833 = EDGE_CURVE('',#14826,#14834,#14836,.T.);
#14834 = VERTEX_POINT('',#14835);
#14835 = CARTESIAN_POINT('',(335.,357.,380.));
#14836 = LINE('',#14837,#14838);
#14837 = CARTESIAN_POINT('',(335.,357.,368.));
#14838 = VECTOR('',#14839,1.);
#14839 = DIRECTION('',(0.,0.,1.));
#14840 = ORIENTED_EDGE('',*,*,#14841,.F.);
#14841 = EDGE_CURVE('',#14818,#14834,#14842,.T.);
#14842 = LINE('',#14843,#14844);
#14843 = CARTESIAN_POINT('',(335.,293.,380.));
#14844 = VECTOR('',#14845,1.);
#14845 = DIRECTION('',(0.,1.,0.));
#14846 = PLANE('',#14847);
#14847 = AXIS2_PLACEMENT_3D('',#14848,#14849,#14850);
#14848 = CARTESIAN_POINT('',(335.,293.,368.));
#14849 = DIRECTION('',(1.,0.,0.));
#14850 = DIRECTION('',(0.,0.,1.));
#14851 = ADVANCED_FACE('',(#14852),#14868,.F.);
#14852 = FACE_BOUND('',#14853,.F.);
#14853 = EDGE_LOOP('',(#14854,#14860,#14861,#14867));
#14854 = ORIENTED_EDGE('',*,*,#14855,.F.);
#14855 = EDGE_CURVE('',#14776,#14816,#14856,.T.);
#14856 = LINE('',#14857,#14858);
#14857 = CARTESIAN_POINT('',(330.,293.,368.));
#14858 = VECTOR('',#14859,1.);
#14859 = DIRECTION('',(1.,0.,0.));
#14860 = ORIENTED_EDGE('',*,*,#14775,.T.);
#14861 = ORIENTED_EDGE('',*,*,#14862,.T.);
#14862 = EDGE_CURVE('',#14778,#14818,#14863,.T.);
#14863 = LINE('',#14864,#14865);
#14864 = CARTESIAN_POINT('',(330.,293.,380.));
#14865 = VECTOR('',#14866,1.);
#14866 = DIRECTION('',(1.,0.,0.));
#14867 = ORIENTED_EDGE('',*,*,#14815,.F.);
#14868 = PLANE('',#14869);
#14869 = AXIS2_PLACEMENT_3D('',#14870,#14871,#14872);
#14870 = CARTESIAN_POINT('',(330.,293.,368.));
#14871 = DIRECTION('',(0.,1.,0.));
#14872 = DIRECTION('',(0.,0.,1.));
#14873 = ADVANCED_FACE('',(#14874),#14890,.T.);
#14874 = FACE_BOUND('',#14875,.T.);
#14875 = EDGE_LOOP('',(#14876,#14882,#14883,#14889));
#14876 = ORIENTED_EDGE('',*,*,#14877,.F.);
#14877 = EDGE_CURVE('',#14786,#14826,#14878,.T.);
#14878 = LINE('',#14879,#14880);
#14879 = CARTESIAN_POINT('',(330.,357.,368.));
#14880 = VECTOR('',#14881,1.);
#14881 = DIRECTION('',(1.,0.,0.));
#14882 = ORIENTED_EDGE('',*,*,#14793,.T.);
#14883 = ORIENTED_EDGE('',*,*,#14884,.T.);
#14884 = EDGE_CURVE('',#14794,#14834,#14885,.T.);
#14885 = LINE('',#14886,#14887);
#14886 = CARTESIAN_POINT('',(330.,357.,380.));
#14887 = VECTOR('',#14888,1.);
#14888 = DIRECTION('',(1.,0.,0.));
#14889 = ORIENTED_EDGE('',*,*,#14833,.F.);
#14890 = PLANE('',#14891);
#14891 = AXIS2_PLACEMENT_3D('',#14892,#14893,#14894);
#14892 = CARTESIAN_POINT('',(330.,357.,368.));
#14893 = DIRECTION('',(0.,1.,0.));
#14894 = DIRECTION('',(0.,0.,1.));
#14895 = ADVANCED_FACE('',(#14896),#14902,.F.);
#14896 = FACE_BOUND('',#14897,.F.);
#14897 = EDGE_LOOP('',(#14898,#14899,#14900,#14901));
#14898 = ORIENTED_EDGE('',*,*,#14785,.F.);
#14899 = ORIENTED_EDGE('',*,*,#14855,.T.);
#14900 = ORIENTED_EDGE('',*,*,#14825,.T.);
#14901 = ORIENTED_EDGE('',*,*,#14877,.F.);
#14902 = PLANE('',#14903);
#14903 = AXIS2_PLACEMENT_3D('',#14904,#14905,#14906);
#14904 = CARTESIAN_POINT('',(330.,293.,368.));
#14905 = DIRECTION('',(0.,0.,1.));
#14906 = DIRECTION('',(1.,0.,0.));
#14907 = ADVANCED_FACE('',(#14908),#14914,.T.);
#14908 = FACE_BOUND('',#14909,.T.);
#14909 = EDGE_LOOP('',(#14910,#14911,#14912,#14913));
#14910 = ORIENTED_EDGE('',*,*,#14801,.F.);
#14911 = ORIENTED_EDGE('',*,*,#14862,.T.);
#14912 = ORIENTED_EDGE('',*,*,#14841,.T.);
#14913 = ORIENTED_EDGE('',*,*,#14884,.F.);
#14914 = PLANE('',#14915);
#14915 = AXIS2_PLACEMENT_3D('',#14916,#14917,#14918);
#14916 = CARTESIAN_POINT('',(330.,293.,380.));
#14917 = DIRECTION('',(0.,0.,1.));
#14918 = DIRECTION('',(1.,0.,0.));
#14919 = MANIFOLD_SOLID_BREP('',#14920);
#14920 = CLOSED_SHELL('',(#14921,#14961,#15001,#15023,#15045,#15057));
#14921 = ADVANCED_FACE('',(#14922),#14956,.F.);
#14922 = FACE_BOUND('',#14923,.F.);
#14923 = EDGE_LOOP('',(#14924,#14934,#14942,#14950));
#14924 = ORIENTED_EDGE('',*,*,#14925,.F.);
#14925 = EDGE_CURVE('',#14926,#14928,#14930,.T.);
#14926 = VERTEX_POINT('',#14927);
#14927 = CARTESIAN_POINT('',(385.,293.,368.));
#14928 = VERTEX_POINT('',#14929);
#14929 = CARTESIAN_POINT('',(385.,293.,380.));
#14930 = LINE('',#14931,#14932);
#14931 = CARTESIAN_POINT('',(385.,293.,368.));
#14932 = VECTOR('',#14933,1.);
#14933 = DIRECTION('',(0.,0.,1.));
#14934 = ORIENTED_EDGE('',*,*,#14935,.T.);
#14935 = EDGE_CURVE('',#14926,#14936,#14938,.T.);
#14936 = VERTEX_POINT('',#14937);
#14937 = CARTESIAN_POINT('',(385.,357.,368.));
#14938 = LINE('',#14939,#14940);
#14939 = CARTESIAN_POINT('',(385.,293.,368.));
#14940 = VECTOR('',#14941,1.);
#14941 = DIRECTION('',(0.,1.,0.));
#14942 = ORIENTED_EDGE('',*,*,#14943,.T.);
#14943 = EDGE_CURVE('',#14936,#14944,#14946,.T.);
#14944 = VERTEX_POINT('',#14945);
#14945 = CARTESIAN_POINT('',(385.,357.,380.));
#14946 = LINE('',#14947,#14948);
#14947 = CARTESIAN_POINT('',(385.,357.,368.));
#14948 = VECTOR('',#14949,1.);
#14949 = DIRECTION('',(0.,0.,1.));
#14950 = ORIENTED_EDGE('',*,*,#14951,.F.);
#14951 = EDGE_CURVE('',#14928,#14944,#14952,.T.);
#14952 = LINE('',#14953,#14954);
#14953 = CARTESIAN_POINT('',(385.,293.,380.));
#14954 = VECTOR('',#14955,1.);
#14955 = DIRECTION('',(0.,1.,0.));
#14956 = PLANE('',#14957);
#14957 = AXIS2_PLACEMENT_3D('',#14958,#14959,#14960);
#14958 = CARTESIAN_POINT('',(385.,293.,368.));
#14959 = DIRECTION('',(1.,0.,0.));
#14960 = DIRECTION('',(0.,0.,1.));
#14961 = ADVANCED_FACE('',(#14962),#14996,.T.);
#14962 = FACE_BOUND('',#14963,.T.);
#14963 = EDGE_LOOP('',(#14964,#14974,#14982,#14990));
#14964 = ORIENTED_EDGE('',*,*,#14965,.F.);
#14965 = EDGE_CURVE('',#14966,#14968,#14970,.T.);
#14966 = VERTEX_POINT('',#14967);
#14967 = CARTESIAN_POINT('',(390.,293.,368.));
#14968 = VERTEX_POINT('',#14969);
#14969 = CARTESIAN_POINT('',(390.,293.,380.));
#14970 = LINE('',#14971,#14972);
#14971 = CARTESIAN_POINT('',(390.,293.,368.));
#14972 = VECTOR('',#14973,1.);
#14973 = DIRECTION('',(0.,0.,1.));
#14974 = ORIENTED_EDGE('',*,*,#14975,.T.);
#14975 = EDGE_CURVE('',#14966,#14976,#14978,.T.);
#14976 = VERTEX_POINT('',#14977);
#14977 = CARTESIAN_POINT('',(390.,357.,368.));
#14978 = LINE('',#14979,#14980);
#14979 = CARTESIAN_POINT('',(390.,293.,368.));
#14980 = VECTOR('',#14981,1.);
#14981 = DIRECTION('',(0.,1.,0.));
#14982 = ORIENTED_EDGE('',*,*,#14983,.T.);
#14983 = EDGE_CURVE('',#14976,#14984,#14986,.T.);
#14984 = VERTEX_POINT('',#14985);
#14985 = CARTESIAN_POINT('',(390.,357.,380.));
#14986 = LINE('',#14987,#14988);
#14987 = CARTESIAN_POINT('',(390.,357.,368.));
#14988 = VECTOR('',#14989,1.);
#14989 = DIRECTION('',(0.,0.,1.));
#14990 = ORIENTED_EDGE('',*,*,#14991,.F.);
#14991 = EDGE_CURVE('',#14968,#14984,#14992,.T.);
#14992 = LINE('',#14993,#14994);
#14993 = CARTESIAN_POINT('',(390.,293.,380.));
#14994 = VECTOR('',#14995,1.);
#14995 = DIRECTION('',(0.,1.,0.));
#14996 = PLANE('',#14997);
#14997 = AXIS2_PLACEMENT_3D('',#14998,#14999,#15000);
#14998 = CARTESIAN_POINT('',(390.,293.,368.));
#14999 = DIRECTION('',(1.,0.,0.));
#15000 = DIRECTION('',(0.,0.,1.));
#15001 = ADVANCED_FACE('',(#15002),#15018,.F.);
#15002 = FACE_BOUND('',#15003,.F.);
#15003 = EDGE_LOOP('',(#15004,#15010,#15011,#15017));
#15004 = ORIENTED_EDGE('',*,*,#15005,.F.);
#15005 = EDGE_CURVE('',#14926,#14966,#15006,.T.);
#15006 = LINE('',#15007,#15008);
#15007 = CARTESIAN_POINT('',(385.,293.,368.));
#15008 = VECTOR('',#15009,1.);
#15009 = DIRECTION('',(1.,0.,0.));
#15010 = ORIENTED_EDGE('',*,*,#14925,.T.);
#15011 = ORIENTED_EDGE('',*,*,#15012,.T.);
#15012 = EDGE_CURVE('',#14928,#14968,#15013,.T.);
#15013 = LINE('',#15014,#15015);
#15014 = CARTESIAN_POINT('',(385.,293.,380.));
#15015 = VECTOR('',#15016,1.);
#15016 = DIRECTION('',(1.,0.,0.));
#15017 = ORIENTED_EDGE('',*,*,#14965,.F.);
#15018 = PLANE('',#15019);
#15019 = AXIS2_PLACEMENT_3D('',#15020,#15021,#15022);
#15020 = CARTESIAN_POINT('',(385.,293.,368.));
#15021 = DIRECTION('',(0.,1.,0.));
#15022 = DIRECTION('',(0.,0.,1.));
#15023 = ADVANCED_FACE('',(#15024),#15040,.T.);
#15024 = FACE_BOUND('',#15025,.T.);
#15025 = EDGE_LOOP('',(#15026,#15032,#15033,#15039));
#15026 = ORIENTED_EDGE('',*,*,#15027,.F.);
#15027 = EDGE_CURVE('',#14936,#14976,#15028,.T.);
#15028 = LINE('',#15029,#15030);
#15029 = CARTESIAN_POINT('',(385.,357.,368.));
#15030 = VECTOR('',#15031,1.);
#15031 = DIRECTION('',(1.,0.,0.));
#15032 = ORIENTED_EDGE('',*,*,#14943,.T.);
#15033 = ORIENTED_EDGE('',*,*,#15034,.T.);
#15034 = EDGE_CURVE('',#14944,#14984,#15035,.T.);
#15035 = LINE('',#15036,#15037);
#15036 = CARTESIAN_POINT('',(385.,357.,380.));
#15037 = VECTOR('',#15038,1.);
#15038 = DIRECTION('',(1.,0.,0.));
#15039 = ORIENTED_EDGE('',*,*,#14983,.F.);
#15040 = PLANE('',#15041);
#15041 = AXIS2_PLACEMENT_3D('',#15042,#15043,#15044);
#15042 = CARTESIAN_POINT('',(385.,357.,368.));
#15043 = DIRECTION('',(0.,1.,0.));
#15044 = DIRECTION('',(0.,0.,1.));
#15045 = ADVANCED_FACE('',(#15046),#15052,.F.);
#15046 = FACE_BOUND('',#15047,.F.);
#15047 = EDGE_LOOP('',(#15048,#15049,#15050,#15051));
#15048 = ORIENTED_EDGE('',*,*,#14935,.F.);
#15049 = ORIENTED_EDGE('',*,*,#15005,.T.);
#15050 = ORIENTED_EDGE('',*,*,#14975,.T.);
#15051 = ORIENTED_EDGE('',*,*,#15027,.F.);
#15052 = PLANE('',#15053);
#15053 = AXIS2_PLACEMENT_3D('',#15054,#15055,#15056);
#15054 = CARTESIAN_POINT('',(385.,293.,368.));
#15055 = DIRECTION('',(0.,0.,1.));
#15056 = DIRECTION('',(1.,0.,0.));
#15057 = ADVANCED_FACE('',(#15058),#15064,.T.);
#15058 = FACE_BOUND('',#15059,.T.);
#15059 = EDGE_LOOP('',(#15060,#15061,#15062,#15063));
#15060 = ORIENTED_EDGE('',*,*,#14951,.F.);
#15061 = ORIENTED_EDGE('',*,*,#15012,.T.);
#15062 = ORIENTED_EDGE('',*,*,#14991,.T.);
#15063 = ORIENTED_EDGE('',*,*,#15034,.F.);
#15064 = PLANE('',#15065);
#15065 = AXIS2_PLACEMENT_3D('',#15066,#15067,#15068);
#15066 = CARTESIAN_POINT('',(385.,293.,380.));
#15067 = DIRECTION('',(0.,0.,1.));
#15068 = DIRECTION('',(1.,0.,0.));
#15069 = MANIFOLD_SOLID_BREP('',#15070);
#15070 = CLOSED_SHELL('',(#15071,#15111,#15151,#15173,#15195,#15207));
#15071 = ADVANCED_FACE('',(#15072),#15106,.F.);
#15072 = FACE_BOUND('',#15073,.F.);
#15073 = EDGE_LOOP('',(#15074,#15084,#15092,#15100));
#15074 = ORIENTED_EDGE('',*,*,#15075,.F.);
#15075 = EDGE_CURVE('',#15076,#15078,#15080,.T.);
#15076 = VERTEX_POINT('',#15077);
#15077 = CARTESIAN_POINT('',(335.,293.,368.));
#15078 = VERTEX_POINT('',#15079);
#15079 = CARTESIAN_POINT('',(335.,293.,380.));
#15080 = LINE('',#15081,#15082);
#15081 = CARTESIAN_POINT('',(335.,293.,368.));
#15082 = VECTOR('',#15083,1.);
#15083 = DIRECTION('',(0.,0.,1.));
#15084 = ORIENTED_EDGE('',*,*,#15085,.T.);
#15085 = EDGE_CURVE('',#15076,#15086,#15088,.T.);
#15086 = VERTEX_POINT('',#15087);
#15087 = CARTESIAN_POINT('',(335.,298.,368.));
#15088 = LINE('',#15089,#15090);
#15089 = CARTESIAN_POINT('',(335.,293.,368.));
#15090 = VECTOR('',#15091,1.);
#15091 = DIRECTION('',(0.,1.,0.));
#15092 = ORIENTED_EDGE('',*,*,#15093,.T.);
#15093 = EDGE_CURVE('',#15086,#15094,#15096,.T.);
#15094 = VERTEX_POINT('',#15095);
#15095 = CARTESIAN_POINT('',(335.,298.,380.));
#15096 = LINE('',#15097,#15098);
#15097 = CARTESIAN_POINT('',(335.,298.,368.));
#15098 = VECTOR('',#15099,1.);
#15099 = DIRECTION('',(0.,0.,1.));
#15100 = ORIENTED_EDGE('',*,*,#15101,.F.);
#15101 = EDGE_CURVE('',#15078,#15094,#15102,.T.);
#15102 = LINE('',#15103,#15104);
#15103 = CARTESIAN_POINT('',(335.,293.,380.));
#15104 = VECTOR('',#15105,1.);
#15105 = DIRECTION('',(0.,1.,0.));
#15106 = PLANE('',#15107);
#15107 = AXIS2_PLACEMENT_3D('',#15108,#15109,#15110);
#15108 = CARTESIAN_POINT('',(335.,293.,368.));
#15109 = DIRECTION('',(1.,0.,0.));
#15110 = DIRECTION('',(0.,0.,1.));
#15111 = ADVANCED_FACE('',(#15112),#15146,.T.);
#15112 = FACE_BOUND('',#15113,.T.);
#15113 = EDGE_LOOP('',(#15114,#15124,#15132,#15140));
#15114 = ORIENTED_EDGE('',*,*,#15115,.F.);
#15115 = EDGE_CURVE('',#15116,#15118,#15120,.T.);
#15116 = VERTEX_POINT('',#15117);
#15117 = CARTESIAN_POINT('',(348.,293.,368.));
#15118 = VERTEX_POINT('',#15119);
#15119 = CARTESIAN_POINT('',(348.,293.,380.));
#15120 = LINE('',#15121,#15122);
#15121 = CARTESIAN_POINT('',(348.,293.,368.));
#15122 = VECTOR('',#15123,1.);
#15123 = DIRECTION('',(0.,0.,1.));
#15124 = ORIENTED_EDGE('',*,*,#15125,.T.);
#15125 = EDGE_CURVE('',#15116,#15126,#15128,.T.);
#15126 = VERTEX_POINT('',#15127);
#15127 = CARTESIAN_POINT('',(348.,298.,368.));
#15128 = LINE('',#15129,#15130);
#15129 = CARTESIAN_POINT('',(348.,293.,368.));
#15130 = VECTOR('',#15131,1.);
#15131 = DIRECTION('',(0.,1.,0.));
#15132 = ORIENTED_EDGE('',*,*,#15133,.T.);
#15133 = EDGE_CURVE('',#15126,#15134,#15136,.T.);
#15134 = VERTEX_POINT('',#15135);
#15135 = CARTESIAN_POINT('',(348.,298.,380.));
#15136 = LINE('',#15137,#15138);
#15137 = CARTESIAN_POINT('',(348.,298.,368.));
#15138 = VECTOR('',#15139,1.);
#15139 = DIRECTION('',(0.,0.,1.));
#15140 = ORIENTED_EDGE('',*,*,#15141,.F.);
#15141 = EDGE_CURVE('',#15118,#15134,#15142,.T.);
#15142 = LINE('',#15143,#15144);
#15143 = CARTESIAN_POINT('',(348.,293.,380.));
#15144 = VECTOR('',#15145,1.);
#15145 = DIRECTION('',(0.,1.,0.));
#15146 = PLANE('',#15147);
#15147 = AXIS2_PLACEMENT_3D('',#15148,#15149,#15150);
#15148 = CARTESIAN_POINT('',(348.,293.,368.));
#15149 = DIRECTION('',(1.,0.,0.));
#15150 = DIRECTION('',(0.,0.,1.));
#15151 = ADVANCED_FACE('',(#15152),#15168,.F.);
#15152 = FACE_BOUND('',#15153,.F.);
#15153 = EDGE_LOOP('',(#15154,#15160,#15161,#15167));
#15154 = ORIENTED_EDGE('',*,*,#15155,.F.);
#15155 = EDGE_CURVE('',#15076,#15116,#15156,.T.);
#15156 = LINE('',#15157,#15158);
#15157 = CARTESIAN_POINT('',(335.,293.,368.));
#15158 = VECTOR('',#15159,1.);
#15159 = DIRECTION('',(1.,0.,0.));
#15160 = ORIENTED_EDGE('',*,*,#15075,.T.);
#15161 = ORIENTED_EDGE('',*,*,#15162,.T.);
#15162 = EDGE_CURVE('',#15078,#15118,#15163,.T.);
#15163 = LINE('',#15164,#15165);
#15164 = CARTESIAN_POINT('',(335.,293.,380.));
#15165 = VECTOR('',#15166,1.);
#15166 = DIRECTION('',(1.,0.,0.));
#15167 = ORIENTED_EDGE('',*,*,#15115,.F.);
#15168 = PLANE('',#15169);
#15169 = AXIS2_PLACEMENT_3D('',#15170,#15171,#15172);
#15170 = CARTESIAN_POINT('',(335.,293.,368.));
#15171 = DIRECTION('',(0.,1.,0.));
#15172 = DIRECTION('',(0.,0.,1.));
#15173 = ADVANCED_FACE('',(#15174),#15190,.T.);
#15174 = FACE_BOUND('',#15175,.T.);
#15175 = EDGE_LOOP('',(#15176,#15182,#15183,#15189));
#15176 = ORIENTED_EDGE('',*,*,#15177,.F.);
#15177 = EDGE_CURVE('',#15086,#15126,#15178,.T.);
#15178 = LINE('',#15179,#15180);
#15179 = CARTESIAN_POINT('',(335.,298.,368.));
#15180 = VECTOR('',#15181,1.);
#15181 = DIRECTION('',(1.,0.,0.));
#15182 = ORIENTED_EDGE('',*,*,#15093,.T.);
#15183 = ORIENTED_EDGE('',*,*,#15184,.T.);
#15184 = EDGE_CURVE('',#15094,#15134,#15185,.T.);
#15185 = LINE('',#15186,#15187);
#15186 = CARTESIAN_POINT('',(335.,298.,380.));
#15187 = VECTOR('',#15188,1.);
#15188 = DIRECTION('',(1.,0.,0.));
#15189 = ORIENTED_EDGE('',*,*,#15133,.F.);
#15190 = PLANE('',#15191);
#15191 = AXIS2_PLACEMENT_3D('',#15192,#15193,#15194);
#15192 = CARTESIAN_POINT('',(335.,298.,368.));
#15193 = DIRECTION('',(0.,1.,0.));
#15194 = DIRECTION('',(0.,0.,1.));
#15195 = ADVANCED_FACE('',(#15196),#15202,.F.);
#15196 = FACE_BOUND('',#15197,.F.);
#15197 = EDGE_LOOP('',(#15198,#15199,#15200,#15201));
#15198 = ORIENTED_EDGE('',*,*,#15085,.F.);
#15199 = ORIENTED_EDGE('',*,*,#15155,.T.);
#15200 = ORIENTED_EDGE('',*,*,#15125,.T.);
#15201 = ORIENTED_EDGE('',*,*,#15177,.F.);
#15202 = PLANE('',#15203);
#15203 = AXIS2_PLACEMENT_3D('',#15204,#15205,#15206);
#15204 = CARTESIAN_POINT('',(335.,293.,368.));
#15205 = DIRECTION('',(0.,0.,1.));
#15206 = DIRECTION('',(1.,0.,0.));
#15207 = ADVANCED_FACE('',(#15208),#15214,.T.);
#15208 = FACE_BOUND('',#15209,.T.);
#15209 = EDGE_LOOP('',(#15210,#15211,#15212,#15213));
#15210 = ORIENTED_EDGE('',*,*,#15101,.F.);
#15211 = ORIENTED_EDGE('',*,*,#15162,.T.);
#15212 = ORIENTED_EDGE('',*,*,#15141,.T.);
#15213 = ORIENTED_EDGE('',*,*,#15184,.F.);
#15214 = PLANE('',#15215);
#15215 = AXIS2_PLACEMENT_3D('',#15216,#15217,#15218);
#15216 = CARTESIAN_POINT('',(335.,293.,380.));
#15217 = DIRECTION('',(0.,0.,1.));
#15218 = DIRECTION('',(1.,0.,0.));
#15219 = MANIFOLD_SOLID_BREP('',#15220);
#15220 = CLOSED_SHELL('',(#15221,#15261,#15301,#15323,#15345,#15357));
#15221 = ADVANCED_FACE('',(#15222),#15256,.F.);
#15222 = FACE_BOUND('',#15223,.F.);
#15223 = EDGE_LOOP('',(#15224,#15234,#15242,#15250));
#15224 = ORIENTED_EDGE('',*,*,#15225,.F.);
#15225 = EDGE_CURVE('',#15226,#15228,#15230,.T.);
#15226 = VERTEX_POINT('',#15227);
#15227 = CARTESIAN_POINT('',(372.,293.,368.));
#15228 = VERTEX_POINT('',#15229);
#15229 = CARTESIAN_POINT('',(372.,293.,380.));
#15230 = LINE('',#15231,#15232);
#15231 = CARTESIAN_POINT('',(372.,293.,368.));
#15232 = VECTOR('',#15233,1.);
#15233 = DIRECTION('',(0.,0.,1.));
#15234 = ORIENTED_EDGE('',*,*,#15235,.T.);
#15235 = EDGE_CURVE('',#15226,#15236,#15238,.T.);
#15236 = VERTEX_POINT('',#15237);
#15237 = CARTESIAN_POINT('',(372.,298.,368.));
#15238 = LINE('',#15239,#15240);
#15239 = CARTESIAN_POINT('',(372.,293.,368.));
#15240 = VECTOR('',#15241,1.);
#15241 = DIRECTION('',(0.,1.,0.));
#15242 = ORIENTED_EDGE('',*,*,#15243,.T.);
#15243 = EDGE_CURVE('',#15236,#15244,#15246,.T.);
#15244 = VERTEX_POINT('',#15245);
#15245 = CARTESIAN_POINT('',(372.,298.,380.));
#15246 = LINE('',#15247,#15248);
#15247 = CARTESIAN_POINT('',(372.,298.,368.));
#15248 = VECTOR('',#15249,1.);
#15249 = DIRECTION('',(0.,0.,1.));
#15250 = ORIENTED_EDGE('',*,*,#15251,.F.);
#15251 = EDGE_CURVE('',#15228,#15244,#15252,.T.);
#15252 = LINE('',#15253,#15254);
#15253 = CARTESIAN_POINT('',(372.,293.,380.));
#15254 = VECTOR('',#15255,1.);
#15255 = DIRECTION('',(0.,1.,0.));
#15256 = PLANE('',#15257);
#15257 = AXIS2_PLACEMENT_3D('',#15258,#15259,#15260);
#15258 = CARTESIAN_POINT('',(372.,293.,368.));
#15259 = DIRECTION('',(1.,0.,0.));
#15260 = DIRECTION('',(0.,0.,1.));
#15261 = ADVANCED_FACE('',(#15262),#15296,.T.);
#15262 = FACE_BOUND('',#15263,.T.);
#15263 = EDGE_LOOP('',(#15264,#15274,#15282,#15290));
#15264 = ORIENTED_EDGE('',*,*,#15265,.F.);
#15265 = EDGE_CURVE('',#15266,#15268,#15270,.T.);
#15266 = VERTEX_POINT('',#15267);
#15267 = CARTESIAN_POINT('',(385.,293.,368.));
#15268 = VERTEX_POINT('',#15269);
#15269 = CARTESIAN_POINT('',(385.,293.,380.));
#15270 = LINE('',#15271,#15272);
#15271 = CARTESIAN_POINT('',(385.,293.,368.));
#15272 = VECTOR('',#15273,1.);
#15273 = DIRECTION('',(0.,0.,1.));
#15274 = ORIENTED_EDGE('',*,*,#15275,.T.);
#15275 = EDGE_CURVE('',#15266,#15276,#15278,.T.);
#15276 = VERTEX_POINT('',#15277);
#15277 = CARTESIAN_POINT('',(385.,298.,368.));
#15278 = LINE('',#15279,#15280);
#15279 = CARTESIAN_POINT('',(385.,293.,368.));
#15280 = VECTOR('',#15281,1.);
#15281 = DIRECTION('',(0.,1.,0.));
#15282 = ORIENTED_EDGE('',*,*,#15283,.T.);
#15283 = EDGE_CURVE('',#15276,#15284,#15286,.T.);
#15284 = VERTEX_POINT('',#15285);
#15285 = CARTESIAN_POINT('',(385.,298.,380.));
#15286 = LINE('',#15287,#15288);
#15287 = CARTESIAN_POINT('',(385.,298.,368.));
#15288 = VECTOR('',#15289,1.);
#15289 = DIRECTION('',(0.,0.,1.));
#15290 = ORIENTED_EDGE('',*,*,#15291,.F.);
#15291 = EDGE_CURVE('',#15268,#15284,#15292,.T.);
#15292 = LINE('',#15293,#15294);
#15293 = CARTESIAN_POINT('',(385.,293.,380.));
#15294 = VECTOR('',#15295,1.);
#15295 = DIRECTION('',(0.,1.,0.));
#15296 = PLANE('',#15297);
#15297 = AXIS2_PLACEMENT_3D('',#15298,#15299,#15300);
#15298 = CARTESIAN_POINT('',(385.,293.,368.));
#15299 = DIRECTION('',(1.,0.,0.));
#15300 = DIRECTION('',(0.,0.,1.));
#15301 = ADVANCED_FACE('',(#15302),#15318,.F.);
#15302 = FACE_BOUND('',#15303,.F.);
#15303 = EDGE_LOOP('',(#15304,#15310,#15311,#15317));
#15304 = ORIENTED_EDGE('',*,*,#15305,.F.);
#15305 = EDGE_CURVE('',#15226,#15266,#15306,.T.);
#15306 = LINE('',#15307,#15308);
#15307 = CARTESIAN_POINT('',(372.,293.,368.));
#15308 = VECTOR('',#15309,1.);
#15309 = DIRECTION('',(1.,0.,0.));
#15310 = ORIENTED_EDGE('',*,*,#15225,.T.);
#15311 = ORIENTED_EDGE('',*,*,#15312,.T.);
#15312 = EDGE_CURVE('',#15228,#15268,#15313,.T.);
#15313 = LINE('',#15314,#15315);
#15314 = CARTESIAN_POINT('',(372.,293.,380.));
#15315 = VECTOR('',#15316,1.);
#15316 = DIRECTION('',(1.,0.,0.));
#15317 = ORIENTED_EDGE('',*,*,#15265,.F.);
#15318 = PLANE('',#15319);
#15319 = AXIS2_PLACEMENT_3D('',#15320,#15321,#15322);
#15320 = CARTESIAN_POINT('',(372.,293.,368.));
#15321 = DIRECTION('',(0.,1.,0.));
#15322 = DIRECTION('',(0.,0.,1.));
#15323 = ADVANCED_FACE('',(#15324),#15340,.T.);
#15324 = FACE_BOUND('',#15325,.T.);
#15325 = EDGE_LOOP('',(#15326,#15332,#15333,#15339));
#15326 = ORIENTED_EDGE('',*,*,#15327,.F.);
#15327 = EDGE_CURVE('',#15236,#15276,#15328,.T.);
#15328 = LINE('',#15329,#15330);
#15329 = CARTESIAN_POINT('',(372.,298.,368.));
#15330 = VECTOR('',#15331,1.);
#15331 = DIRECTION('',(1.,0.,0.));
#15332 = ORIENTED_EDGE('',*,*,#15243,.T.);
#15333 = ORIENTED_EDGE('',*,*,#15334,.T.);
#15334 = EDGE_CURVE('',#15244,#15284,#15335,.T.);
#15335 = LINE('',#15336,#15337);
#15336 = CARTESIAN_POINT('',(372.,298.,380.));
#15337 = VECTOR('',#15338,1.);
#15338 = DIRECTION('',(1.,0.,0.));
#15339 = ORIENTED_EDGE('',*,*,#15283,.F.);
#15340 = PLANE('',#15341);
#15341 = AXIS2_PLACEMENT_3D('',#15342,#15343,#15344);
#15342 = CARTESIAN_POINT('',(372.,298.,368.));
#15343 = DIRECTION('',(0.,1.,0.));
#15344 = DIRECTION('',(0.,0.,1.));
#15345 = ADVANCED_FACE('',(#15346),#15352,.F.);
#15346 = FACE_BOUND('',#15347,.F.);
#15347 = EDGE_LOOP('',(#15348,#15349,#15350,#15351));
#15348 = ORIENTED_EDGE('',*,*,#15235,.F.);
#15349 = ORIENTED_EDGE('',*,*,#15305,.T.);
#15350 = ORIENTED_EDGE('',*,*,#15275,.T.);
#15351 = ORIENTED_EDGE('',*,*,#15327,.F.);
#15352 = PLANE('',#15353);
#15353 = AXIS2_PLACEMENT_3D('',#15354,#15355,#15356);
#15354 = CARTESIAN_POINT('',(372.,293.,368.));
#15355 = DIRECTION('',(0.,0.,1.));
#15356 = DIRECTION('',(1.,0.,0.));
#15357 = ADVANCED_FACE('',(#15358),#15364,.T.);
#15358 = FACE_BOUND('',#15359,.T.);
#15359 = EDGE_LOOP('',(#15360,#15361,#15362,#15363));
#15360 = ORIENTED_EDGE('',*,*,#15251,.F.);
#15361 = ORIENTED_EDGE('',*,*,#15312,.T.);
#15362 = ORIENTED_EDGE('',*,*,#15291,.T.);
#15363 = ORIENTED_EDGE('',*,*,#15334,.F.);
#15364 = PLANE('',#15365);
#15365 = AXIS2_PLACEMENT_3D('',#15366,#15367,#15368);
#15366 = CARTESIAN_POINT('',(372.,293.,380.));
#15367 = DIRECTION('',(0.,0.,1.));
#15368 = DIRECTION('',(1.,0.,0.));
#15369 = MANIFOLD_SOLID_BREP('',#15370);
#15370 = CLOSED_SHELL('',(#15371,#15411,#15451,#15473,#15495,#15507));
#15371 = ADVANCED_FACE('',(#15372),#15406,.F.);
#15372 = FACE_BOUND('',#15373,.F.);
#15373 = EDGE_LOOP('',(#15374,#15384,#15392,#15400));
#15374 = ORIENTED_EDGE('',*,*,#15375,.F.);
#15375 = EDGE_CURVE('',#15376,#15378,#15380,.T.);
#15376 = VERTEX_POINT('',#15377);
#15377 = CARTESIAN_POINT('',(335.,352.,368.));
#15378 = VERTEX_POINT('',#15379);
#15379 = CARTESIAN_POINT('',(335.,352.,380.));
#15380 = LINE('',#15381,#15382);
#15381 = CARTESIAN_POINT('',(335.,352.,368.));
#15382 = VECTOR('',#15383,1.);
#15383 = DIRECTION('',(0.,0.,1.));
#15384 = ORIENTED_EDGE('',*,*,#15385,.T.);
#15385 = EDGE_CURVE('',#15376,#15386,#15388,.T.);
#15386 = VERTEX_POINT('',#15387);
#15387 = CARTESIAN_POINT('',(335.,357.,368.));
#15388 = LINE('',#15389,#15390);
#15389 = CARTESIAN_POINT('',(335.,352.,368.));
#15390 = VECTOR('',#15391,1.);
#15391 = DIRECTION('',(0.,1.,0.));
#15392 = ORIENTED_EDGE('',*,*,#15393,.T.);
#15393 = EDGE_CURVE('',#15386,#15394,#15396,.T.);
#15394 = VERTEX_POINT('',#15395);
#15395 = CARTESIAN_POINT('',(335.,357.,380.));
#15396 = LINE('',#15397,#15398);
#15397 = CARTESIAN_POINT('',(335.,357.,368.));
#15398 = VECTOR('',#15399,1.);
#15399 = DIRECTION('',(0.,0.,1.));
#15400 = ORIENTED_EDGE('',*,*,#15401,.F.);
#15401 = EDGE_CURVE('',#15378,#15394,#15402,.T.);
#15402 = LINE('',#15403,#15404);
#15403 = CARTESIAN_POINT('',(335.,352.,380.));
#15404 = VECTOR('',#15405,1.);
#15405 = DIRECTION('',(0.,1.,0.));
#15406 = PLANE('',#15407);
#15407 = AXIS2_PLACEMENT_3D('',#15408,#15409,#15410);
#15408 = CARTESIAN_POINT('',(335.,352.,368.));
#15409 = DIRECTION('',(1.,0.,0.));
#15410 = DIRECTION('',(0.,0.,1.));
#15411 = ADVANCED_FACE('',(#15412),#15446,.T.);
#15412 = FACE_BOUND('',#15413,.T.);
#15413 = EDGE_LOOP('',(#15414,#15424,#15432,#15440));
#15414 = ORIENTED_EDGE('',*,*,#15415,.F.);
#15415 = EDGE_CURVE('',#15416,#15418,#15420,.T.);
#15416 = VERTEX_POINT('',#15417);
#15417 = CARTESIAN_POINT('',(385.,352.,368.));
#15418 = VERTEX_POINT('',#15419);
#15419 = CARTESIAN_POINT('',(385.,352.,380.));
#15420 = LINE('',#15421,#15422);
#15421 = CARTESIAN_POINT('',(385.,352.,368.));
#15422 = VECTOR('',#15423,1.);
#15423 = DIRECTION('',(0.,0.,1.));
#15424 = ORIENTED_EDGE('',*,*,#15425,.T.);
#15425 = EDGE_CURVE('',#15416,#15426,#15428,.T.);
#15426 = VERTEX_POINT('',#15427);
#15427 = CARTESIAN_POINT('',(385.,357.,368.));
#15428 = LINE('',#15429,#15430);
#15429 = CARTESIAN_POINT('',(385.,352.,368.));
#15430 = VECTOR('',#15431,1.);
#15431 = DIRECTION('',(0.,1.,0.));
#15432 = ORIENTED_EDGE('',*,*,#15433,.T.);
#15433 = EDGE_CURVE('',#15426,#15434,#15436,.T.);
#15434 = VERTEX_POINT('',#15435);
#15435 = CARTESIAN_POINT('',(385.,357.,380.));
#15436 = LINE('',#15437,#15438);
#15437 = CARTESIAN_POINT('',(385.,357.,368.));
#15438 = VECTOR('',#15439,1.);
#15439 = DIRECTION('',(0.,0.,1.));
#15440 = ORIENTED_EDGE('',*,*,#15441,.F.);
#15441 = EDGE_CURVE('',#15418,#15434,#15442,.T.);
#15442 = LINE('',#15443,#15444);
#15443 = CARTESIAN_POINT('',(385.,352.,380.));
#15444 = VECTOR('',#15445,1.);
#15445 = DIRECTION('',(0.,1.,0.));
#15446 = PLANE('',#15447);
#15447 = AXIS2_PLACEMENT_3D('',#15448,#15449,#15450);
#15448 = CARTESIAN_POINT('',(385.,352.,368.));
#15449 = DIRECTION('',(1.,0.,0.));
#15450 = DIRECTION('',(0.,0.,1.));
#15451 = ADVANCED_FACE('',(#15452),#15468,.F.);
#15452 = FACE_BOUND('',#15453,.F.);
#15453 = EDGE_LOOP('',(#15454,#15460,#15461,#15467));
#15454 = ORIENTED_EDGE('',*,*,#15455,.F.);
#15455 = EDGE_CURVE('',#15376,#15416,#15456,.T.);
#15456 = LINE('',#15457,#15458);
#15457 = CARTESIAN_POINT('',(335.,352.,368.));
#15458 = VECTOR('',#15459,1.);
#15459 = DIRECTION('',(1.,0.,0.));
#15460 = ORIENTED_EDGE('',*,*,#15375,.T.);
#15461 = ORIENTED_EDGE('',*,*,#15462,.T.);
#15462 = EDGE_CURVE('',#15378,#15418,#15463,.T.);
#15463 = LINE('',#15464,#15465);
#15464 = CARTESIAN_POINT('',(335.,352.,380.));
#15465 = VECTOR('',#15466,1.);
#15466 = DIRECTION('',(1.,0.,0.));
#15467 = ORIENTED_EDGE('',*,*,#15415,.F.);
#15468 = PLANE('',#15469);
#15469 = AXIS2_PLACEMENT_3D('',#15470,#15471,#15472);
#15470 = CARTESIAN_POINT('',(335.,352.,368.));
#15471 = DIRECTION('',(0.,1.,0.));
#15472 = DIRECTION('',(0.,0.,1.));
#15473 = ADVANCED_FACE('',(#15474),#15490,.T.);
#15474 = FACE_BOUND('',#15475,.T.);
#15475 = EDGE_LOOP('',(#15476,#15482,#15483,#15489));
#15476 = ORIENTED_EDGE('',*,*,#15477,.F.);
#15477 = EDGE_CURVE('',#15386,#15426,#15478,.T.);
#15478 = LINE('',#15479,#15480);
#15479 = CARTESIAN_POINT('',(335.,357.,368.));
#15480 = VECTOR('',#15481,1.);
#15481 = DIRECTION('',(1.,0.,0.));
#15482 = ORIENTED_EDGE('',*,*,#15393,.T.);
#15483 = ORIENTED_EDGE('',*,*,#15484,.T.);
#15484 = EDGE_CURVE('',#15394,#15434,#15485,.T.);
#15485 = LINE('',#15486,#15487);
#15486 = CARTESIAN_POINT('',(335.,357.,380.));
#15487 = VECTOR('',#15488,1.);
#15488 = DIRECTION('',(1.,0.,0.));
#15489 = ORIENTED_EDGE('',*,*,#15433,.F.);
#15490 = PLANE('',#15491);
#15491 = AXIS2_PLACEMENT_3D('',#15492,#15493,#15494);
#15492 = CARTESIAN_POINT('',(335.,357.,368.));
#15493 = DIRECTION('',(0.,1.,0.));
#15494 = DIRECTION('',(0.,0.,1.));
#15495 = ADVANCED_FACE('',(#15496),#15502,.F.);
#15496 = FACE_BOUND('',#15497,.F.);
#15497 = EDGE_LOOP('',(#15498,#15499,#15500,#15501));
#15498 = ORIENTED_EDGE('',*,*,#15385,.F.);
#15499 = ORIENTED_EDGE('',*,*,#15455,.T.);
#15500 = ORIENTED_EDGE('',*,*,#15425,.T.);
#15501 = ORIENTED_EDGE('',*,*,#15477,.F.);
#15502 = PLANE('',#15503);
#15503 = AXIS2_PLACEMENT_3D('',#15504,#15505,#15506);
#15504 = CARTESIAN_POINT('',(335.,352.,368.));
#15505 = DIRECTION('',(0.,0.,1.));
#15506 = DIRECTION('',(1.,0.,0.));
#15507 = ADVANCED_FACE('',(#15508),#15514,.T.);
#15508 = FACE_BOUND('',#15509,.T.);
#15509 = EDGE_LOOP('',(#15510,#15511,#15512,#15513));
#15510 = ORIENTED_EDGE('',*,*,#15401,.F.);
#15511 = ORIENTED_EDGE('',*,*,#15462,.T.);
#15512 = ORIENTED_EDGE('',*,*,#15441,.T.);
#15513 = ORIENTED_EDGE('',*,*,#15484,.F.);
#15514 = PLANE('',#15515);
#15515 = AXIS2_PLACEMENT_3D('',#15516,#15517,#15518);
#15516 = CARTESIAN_POINT('',(335.,352.,380.));
#15517 = DIRECTION('',(0.,0.,1.));
#15518 = DIRECTION('',(1.,0.,0.));
#15519 = MANIFOLD_SOLID_BREP('',#15520);
#15520 = CLOSED_SHELL('',(#15521,#15561,#15601,#15623,#15645,#15657));
#15521 = ADVANCED_FACE('',(#15522),#15556,.F.);
#15522 = FACE_BOUND('',#15523,.F.);
#15523 = EDGE_LOOP('',(#15524,#15534,#15542,#15550));
#15524 = ORIENTED_EDGE('',*,*,#15525,.F.);
#15525 = EDGE_CURVE('',#15526,#15528,#15530,.T.);
#15526 = VERTEX_POINT('',#15527);
#15527 = CARTESIAN_POINT('',(60.,180.,0.));
#15528 = VERTEX_POINT('',#15529);
#15529 = CARTESIAN_POINT('',(60.,180.,45.));
#15530 = LINE('',#15531,#15532);
#15531 = CARTESIAN_POINT('',(60.,180.,0.));
#15532 = VECTOR('',#15533,1.);
#15533 = DIRECTION('',(0.,0.,1.));
#15534 = ORIENTED_EDGE('',*,*,#15535,.T.);
#15535 = EDGE_CURVE('',#15526,#15536,#15538,.T.);
#15536 = VERTEX_POINT('',#15537);
#15537 = CARTESIAN_POINT('',(60.,240.,0.));
#15538 = LINE('',#15539,#15540);
#15539 = CARTESIAN_POINT('',(60.,180.,0.));
#15540 = VECTOR('',#15541,1.);
#15541 = DIRECTION('',(0.,1.,0.));
#15542 = ORIENTED_EDGE('',*,*,#15543,.T.);
#15543 = EDGE_CURVE('',#15536,#15544,#15546,.T.);
#15544 = VERTEX_POINT('',#15545);
#15545 = CARTESIAN_POINT('',(60.,240.,45.));
#15546 = LINE('',#15547,#15548);
#15547 = CARTESIAN_POINT('',(60.,240.,0.));
#15548 = VECTOR('',#15549,1.);
#15549 = DIRECTION('',(0.,0.,1.));
#15550 = ORIENTED_EDGE('',*,*,#15551,.F.);
#15551 = EDGE_CURVE('',#15528,#15544,#15552,.T.);
#15552 = LINE('',#15553,#15554);
#15553 = CARTESIAN_POINT('',(60.,180.,45.));
#15554 = VECTOR('',#15555,1.);
#15555 = DIRECTION('',(0.,1.,0.));
#15556 = PLANE('',#15557);
#15557 = AXIS2_PLACEMENT_3D('',#15558,#15559,#15560);
#15558 = CARTESIAN_POINT('',(60.,180.,0.));
#15559 = DIRECTION('',(1.,0.,0.));
#15560 = DIRECTION('',(0.,0.,1.));
#15561 = ADVANCED_FACE('',(#15562),#15596,.T.);
#15562 = FACE_BOUND('',#15563,.T.);
#15563 = EDGE_LOOP('',(#15564,#15574,#15582,#15590));
#15564 = ORIENTED_EDGE('',*,*,#15565,.F.);
#15565 = EDGE_CURVE('',#15566,#15568,#15570,.T.);
#15566 = VERTEX_POINT('',#15567);
#15567 = CARTESIAN_POINT('',(90.,180.,0.));
#15568 = VERTEX_POINT('',#15569);
#15569 = CARTESIAN_POINT('',(90.,180.,45.));
#15570 = LINE('',#15571,#15572);
#15571 = CARTESIAN_POINT('',(90.,180.,0.));
#15572 = VECTOR('',#15573,1.);
#15573 = DIRECTION('',(0.,0.,1.));
#15574 = ORIENTED_EDGE('',*,*,#15575,.T.);
#15575 = EDGE_CURVE('',#15566,#15576,#15578,.T.);
#15576 = VERTEX_POINT('',#15577);
#15577 = CARTESIAN_POINT('',(90.,240.,0.));
#15578 = LINE('',#15579,#15580);
#15579 = CARTESIAN_POINT('',(90.,180.,0.));
#15580 = VECTOR('',#15581,1.);
#15581 = DIRECTION('',(0.,1.,0.));
#15582 = ORIENTED_EDGE('',*,*,#15583,.T.);
#15583 = EDGE_CURVE('',#15576,#15584,#15586,.T.);
#15584 = VERTEX_POINT('',#15585);
#15585 = CARTESIAN_POINT('',(90.,240.,45.));
#15586 = LINE('',#15587,#15588);
#15587 = CARTESIAN_POINT('',(90.,240.,0.));
#15588 = VECTOR('',#15589,1.);
#15589 = DIRECTION('',(0.,0.,1.));
#15590 = ORIENTED_EDGE('',*,*,#15591,.F.);
#15591 = EDGE_CURVE('',#15568,#15584,#15592,.T.);
#15592 = LINE('',#15593,#15594);
#15593 = CARTESIAN_POINT('',(90.,180.,45.));
#15594 = VECTOR('',#15595,1.);
#15595 = DIRECTION('',(0.,1.,0.));
#15596 = PLANE('',#15597);
#15597 = AXIS2_PLACEMENT_3D('',#15598,#15599,#15600);
#15598 = CARTESIAN_POINT('',(90.,180.,0.));
#15599 = DIRECTION('',(1.,0.,0.));
#15600 = DIRECTION('',(0.,0.,1.));
#15601 = ADVANCED_FACE('',(#15602),#15618,.F.);
#15602 = FACE_BOUND('',#15603,.F.);
#15603 = EDGE_LOOP('',(#15604,#15610,#15611,#15617));
#15604 = ORIENTED_EDGE('',*,*,#15605,.F.);
#15605 = EDGE_CURVE('',#15526,#15566,#15606,.T.);
#15606 = LINE('',#15607,#15608);
#15607 = CARTESIAN_POINT('',(60.,180.,0.));
#15608 = VECTOR('',#15609,1.);
#15609 = DIRECTION('',(1.,0.,0.));
#15610 = ORIENTED_EDGE('',*,*,#15525,.T.);
#15611 = ORIENTED_EDGE('',*,*,#15612,.T.);
#15612 = EDGE_CURVE('',#15528,#15568,#15613,.T.);
#15613 = LINE('',#15614,#15615);
#15614 = CARTESIAN_POINT('',(60.,180.,45.));
#15615 = VECTOR('',#15616,1.);
#15616 = DIRECTION('',(1.,0.,0.));
#15617 = ORIENTED_EDGE('',*,*,#15565,.F.);
#15618 = PLANE('',#15619);
#15619 = AXIS2_PLACEMENT_3D('',#15620,#15621,#15622);
#15620 = CARTESIAN_POINT('',(60.,180.,0.));
#15621 = DIRECTION('',(0.,1.,0.));
#15622 = DIRECTION('',(0.,0.,1.));
#15623 = ADVANCED_FACE('',(#15624),#15640,.T.);
#15624 = FACE_BOUND('',#15625,.T.);
#15625 = EDGE_LOOP('',(#15626,#15632,#15633,#15639));
#15626 = ORIENTED_EDGE('',*,*,#15627,.F.);
#15627 = EDGE_CURVE('',#15536,#15576,#15628,.T.);
#15628 = LINE('',#15629,#15630);
#15629 = CARTESIAN_POINT('',(60.,240.,0.));
#15630 = VECTOR('',#15631,1.);
#15631 = DIRECTION('',(1.,0.,0.));
#15632 = ORIENTED_EDGE('',*,*,#15543,.T.);
#15633 = ORIENTED_EDGE('',*,*,#15634,.T.);
#15634 = EDGE_CURVE('',#15544,#15584,#15635,.T.);
#15635 = LINE('',#15636,#15637);
#15636 = CARTESIAN_POINT('',(60.,240.,45.));
#15637 = VECTOR('',#15638,1.);
#15638 = DIRECTION('',(1.,0.,0.));
#15639 = ORIENTED_EDGE('',*,*,#15583,.F.);
#15640 = PLANE('',#15641);
#15641 = AXIS2_PLACEMENT_3D('',#15642,#15643,#15644);
#15642 = CARTESIAN_POINT('',(60.,240.,0.));
#15643 = DIRECTION('',(0.,1.,0.));
#15644 = DIRECTION('',(0.,0.,1.));
#15645 = ADVANCED_FACE('',(#15646),#15652,.F.);
#15646 = FACE_BOUND('',#15647,.F.);
#15647 = EDGE_LOOP('',(#15648,#15649,#15650,#15651));
#15648 = ORIENTED_EDGE('',*,*,#15535,.F.);
#15649 = ORIENTED_EDGE('',*,*,#15605,.T.);
#15650 = ORIENTED_EDGE('',*,*,#15575,.T.);
#15651 = ORIENTED_EDGE('',*,*,#15627,.F.);
#15652 = PLANE('',#15653);
#15653 = AXIS2_PLACEMENT_3D('',#15654,#15655,#15656);
#15654 = CARTESIAN_POINT('',(60.,180.,0.));
#15655 = DIRECTION('',(0.,0.,1.));
#15656 = DIRECTION('',(1.,0.,0.));
#15657 = ADVANCED_FACE('',(#15658),#15664,.T.);
#15658 = FACE_BOUND('',#15659,.T.);
#15659 = EDGE_LOOP('',(#15660,#15661,#15662,#15663));
#15660 = ORIENTED_EDGE('',*,*,#15551,.F.);
#15661 = ORIENTED_EDGE('',*,*,#15612,.T.);
#15662 = ORIENTED_EDGE('',*,*,#15591,.T.);
#15663 = ORIENTED_EDGE('',*,*,#15634,.F.);
#15664 = PLANE('',#15665);
#15665 = AXIS2_PLACEMENT_3D('',#15666,#15667,#15668);
#15666 = CARTESIAN_POINT('',(60.,180.,45.));
#15667 = DIRECTION('',(0.,0.,1.));
#15668 = DIRECTION('',(1.,0.,0.));
#15669 = MANIFOLD_SOLID_BREP('',#15670);
#15670 = CLOSED_SHELL('',(#15671,#15711,#15751,#15773,#15795,#15807));
#15671 = ADVANCED_FACE('',(#15672),#15706,.F.);
#15672 = FACE_BOUND('',#15673,.F.);
#15673 = EDGE_LOOP('',(#15674,#15684,#15692,#15700));
#15674 = ORIENTED_EDGE('',*,*,#15675,.F.);
#15675 = EDGE_CURVE('',#15676,#15678,#15680,.T.);
#15676 = VERTEX_POINT('',#15677);
#15677 = CARTESIAN_POINT('',(780.,180.,0.));
#15678 = VERTEX_POINT('',#15679);
#15679 = CARTESIAN_POINT('',(780.,180.,45.));
#15680 = LINE('',#15681,#15682);
#15681 = CARTESIAN_POINT('',(780.,180.,0.));
#15682 = VECTOR('',#15683,1.);
#15683 = DIRECTION('',(0.,0.,1.));
#15684 = ORIENTED_EDGE('',*,*,#15685,.T.);
#15685 = EDGE_CURVE('',#15676,#15686,#15688,.T.);
#15686 = VERTEX_POINT('',#15687);
#15687 = CARTESIAN_POINT('',(780.,240.,0.));
#15688 = LINE('',#15689,#15690);
#15689 = CARTESIAN_POINT('',(780.,180.,0.));
#15690 = VECTOR('',#15691,1.);
#15691 = DIRECTION('',(0.,1.,0.));
#15692 = ORIENTED_EDGE('',*,*,#15693,.T.);
#15693 = EDGE_CURVE('',#15686,#15694,#15696,.T.);
#15694 = VERTEX_POINT('',#15695);
#15695 = CARTESIAN_POINT('',(780.,240.,45.));
#15696 = LINE('',#15697,#15698);
#15697 = CARTESIAN_POINT('',(780.,240.,0.));
#15698 = VECTOR('',#15699,1.);
#15699 = DIRECTION('',(0.,0.,1.));
#15700 = ORIENTED_EDGE('',*,*,#15701,.F.);
#15701 = EDGE_CURVE('',#15678,#15694,#15702,.T.);
#15702 = LINE('',#15703,#15704);
#15703 = CARTESIAN_POINT('',(780.,180.,45.));
#15704 = VECTOR('',#15705,1.);
#15705 = DIRECTION('',(0.,1.,0.));
#15706 = PLANE('',#15707);
#15707 = AXIS2_PLACEMENT_3D('',#15708,#15709,#15710);
#15708 = CARTESIAN_POINT('',(780.,180.,0.));
#15709 = DIRECTION('',(1.,0.,0.));
#15710 = DIRECTION('',(0.,0.,1.));
#15711 = ADVANCED_FACE('',(#15712),#15746,.T.);
#15712 = FACE_BOUND('',#15713,.T.);
#15713 = EDGE_LOOP('',(#15714,#15724,#15732,#15740));
#15714 = ORIENTED_EDGE('',*,*,#15715,.F.);
#15715 = EDGE_CURVE('',#15716,#15718,#15720,.T.);
#15716 = VERTEX_POINT('',#15717);
#15717 = CARTESIAN_POINT('',(810.,180.,0.));
#15718 = VERTEX_POINT('',#15719);
#15719 = CARTESIAN_POINT('',(810.,180.,45.));
#15720 = LINE('',#15721,#15722);
#15721 = CARTESIAN_POINT('',(810.,180.,0.));
#15722 = VECTOR('',#15723,1.);
#15723 = DIRECTION('',(0.,0.,1.));
#15724 = ORIENTED_EDGE('',*,*,#15725,.T.);
#15725 = EDGE_CURVE('',#15716,#15726,#15728,.T.);
#15726 = VERTEX_POINT('',#15727);
#15727 = CARTESIAN_POINT('',(810.,240.,0.));
#15728 = LINE('',#15729,#15730);
#15729 = CARTESIAN_POINT('',(810.,180.,0.));
#15730 = VECTOR('',#15731,1.);
#15731 = DIRECTION('',(0.,1.,0.));
#15732 = ORIENTED_EDGE('',*,*,#15733,.T.);
#15733 = EDGE_CURVE('',#15726,#15734,#15736,.T.);
#15734 = VERTEX_POINT('',#15735);
#15735 = CARTESIAN_POINT('',(810.,240.,45.));
#15736 = LINE('',#15737,#15738);
#15737 = CARTESIAN_POINT('',(810.,240.,0.));
#15738 = VECTOR('',#15739,1.);
#15739 = DIRECTION('',(0.,0.,1.));
#15740 = ORIENTED_EDGE('',*,*,#15741,.F.);
#15741 = EDGE_CURVE('',#15718,#15734,#15742,.T.);
#15742 = LINE('',#15743,#15744);
#15743 = CARTESIAN_POINT('',(810.,180.,45.));
#15744 = VECTOR('',#15745,1.);
#15745 = DIRECTION('',(0.,1.,0.));
#15746 = PLANE('',#15747);
#15747 = AXIS2_PLACEMENT_3D('',#15748,#15749,#15750);
#15748 = CARTESIAN_POINT('',(810.,180.,0.));
#15749 = DIRECTION('',(1.,0.,0.));
#15750 = DIRECTION('',(0.,0.,1.));
#15751 = ADVANCED_FACE('',(#15752),#15768,.F.);
#15752 = FACE_BOUND('',#15753,.F.);
#15753 = EDGE_LOOP('',(#15754,#15760,#15761,#15767));
#15754 = ORIENTED_EDGE('',*,*,#15755,.F.);
#15755 = EDGE_CURVE('',#15676,#15716,#15756,.T.);
#15756 = LINE('',#15757,#15758);
#15757 = CARTESIAN_POINT('',(780.,180.,0.));
#15758 = VECTOR('',#15759,1.);
#15759 = DIRECTION('',(1.,0.,0.));
#15760 = ORIENTED_EDGE('',*,*,#15675,.T.);
#15761 = ORIENTED_EDGE('',*,*,#15762,.T.);
#15762 = EDGE_CURVE('',#15678,#15718,#15763,.T.);
#15763 = LINE('',#15764,#15765);
#15764 = CARTESIAN_POINT('',(780.,180.,45.));
#15765 = VECTOR('',#15766,1.);
#15766 = DIRECTION('',(1.,0.,0.));
#15767 = ORIENTED_EDGE('',*,*,#15715,.F.);
#15768 = PLANE('',#15769);
#15769 = AXIS2_PLACEMENT_3D('',#15770,#15771,#15772);
#15770 = CARTESIAN_POINT('',(780.,180.,0.));
#15771 = DIRECTION('',(0.,1.,0.));
#15772 = DIRECTION('',(0.,0.,1.));
#15773 = ADVANCED_FACE('',(#15774),#15790,.T.);
#15774 = FACE_BOUND('',#15775,.T.);
#15775 = EDGE_LOOP('',(#15776,#15782,#15783,#15789));
#15776 = ORIENTED_EDGE('',*,*,#15777,.F.);
#15777 = EDGE_CURVE('',#15686,#15726,#15778,.T.);
#15778 = LINE('',#15779,#15780);
#15779 = CARTESIAN_POINT('',(780.,240.,0.));
#15780 = VECTOR('',#15781,1.);
#15781 = DIRECTION('',(1.,0.,0.));
#15782 = ORIENTED_EDGE('',*,*,#15693,.T.);
#15783 = ORIENTED_EDGE('',*,*,#15784,.T.);
#15784 = EDGE_CURVE('',#15694,#15734,#15785,.T.);
#15785 = LINE('',#15786,#15787);
#15786 = CARTESIAN_POINT('',(780.,240.,45.));
#15787 = VECTOR('',#15788,1.);
#15788 = DIRECTION('',(1.,0.,0.));
#15789 = ORIENTED_EDGE('',*,*,#15733,.F.);
#15790 = PLANE('',#15791);
#15791 = AXIS2_PLACEMENT_3D('',#15792,#15793,#15794);
#15792 = CARTESIAN_POINT('',(780.,240.,0.));
#15793 = DIRECTION('',(0.,1.,0.));
#15794 = DIRECTION('',(0.,0.,1.));
#15795 = ADVANCED_FACE('',(#15796),#15802,.F.);
#15796 = FACE_BOUND('',#15797,.F.);
#15797 = EDGE_LOOP('',(#15798,#15799,#15800,#15801));
#15798 = ORIENTED_EDGE('',*,*,#15685,.F.);
#15799 = ORIENTED_EDGE('',*,*,#15755,.T.);
#15800 = ORIENTED_EDGE('',*,*,#15725,.T.);
#15801 = ORIENTED_EDGE('',*,*,#15777,.F.);
#15802 = PLANE('',#15803);
#15803 = AXIS2_PLACEMENT_3D('',#15804,#15805,#15806);
#15804 = CARTESIAN_POINT('',(780.,180.,0.));
#15805 = DIRECTION('',(0.,0.,1.));
#15806 = DIRECTION('',(1.,0.,0.));
#15807 = ADVANCED_FACE('',(#15808),#15814,.T.);
#15808 = FACE_BOUND('',#15809,.T.);
#15809 = EDGE_LOOP('',(#15810,#15811,#15812,#15813));
#15810 = ORIENTED_EDGE('',*,*,#15701,.F.);
#15811 = ORIENTED_EDGE('',*,*,#15762,.T.);
#15812 = ORIENTED_EDGE('',*,*,#15741,.T.);
#15813 = ORIENTED_EDGE('',*,*,#15784,.F.);
#15814 = PLANE('',#15815);
#15815 = AXIS2_PLACEMENT_3D('',#15816,#15817,#15818);
#15816 = CARTESIAN_POINT('',(780.,180.,45.));
#15817 = DIRECTION('',(0.,0.,1.));
#15818 = DIRECTION('',(1.,0.,0.));
#15819 = MANIFOLD_SOLID_BREP('',#15820);
#15820 = CLOSED_SHELL('',(#15821,#15854,#15863));
#15821 = ADVANCED_FACE('',(#15822),#15849,.T.);
#15822 = FACE_BOUND('',#15823,.T.);
#15823 = EDGE_LOOP('',(#15824,#15833,#15841,#15848));
#15824 = ORIENTED_EDGE('',*,*,#15825,.F.);
#15825 = EDGE_CURVE('',#15826,#15826,#15828,.T.);
#15826 = VERTEX_POINT('',#15827);
#15827 = CARTESIAN_POINT('',(810.,195.,34.));
#15828 = CIRCLE('',#15829,4.);
#15829 = AXIS2_PLACEMENT_3D('',#15830,#15831,#15832);
#15830 = CARTESIAN_POINT('',(810.,195.,30.));
#15831 = DIRECTION('',(1.,0.,-0.));
#15832 = DIRECTION('',(0.,0.,1.));
#15833 = ORIENTED_EDGE('',*,*,#15834,.F.);
#15834 = EDGE_CURVE('',#15835,#15826,#15837,.T.);
#15835 = VERTEX_POINT('',#15836);
#15836 = CARTESIAN_POINT('',(60.,195.,34.));
#15837 = LINE('',#15838,#15839);
#15838 = CARTESIAN_POINT('',(60.,195.,34.));
#15839 = VECTOR('',#15840,1.);
#15840 = DIRECTION('',(1.,0.,0.));
#15841 = ORIENTED_EDGE('',*,*,#15842,.T.);
#15842 = EDGE_CURVE('',#15835,#15835,#15843,.T.);
#15843 = CIRCLE('',#15844,4.);
#15844 = AXIS2_PLACEMENT_3D('',#15845,#15846,#15847);
#15845 = CARTESIAN_POINT('',(60.,195.,30.));
#15846 = DIRECTION('',(1.,0.,-0.));
#15847 = DIRECTION('',(0.,0.,1.));
#15848 = ORIENTED_EDGE('',*,*,#15834,.T.);
#15849 = CYLINDRICAL_SURFACE('',#15850,4.);
#15850 = AXIS2_PLACEMENT_3D('',#15851,#15852,#15853);
#15851 = CARTESIAN_POINT('',(60.,195.,30.));
#15852 = DIRECTION('',(1.,0.,0.));
#15853 = DIRECTION('',(0.,0.,1.));
#15854 = ADVANCED_FACE('',(#15855),#15858,.T.);
#15855 = FACE_BOUND('',#15856,.T.);
#15856 = EDGE_LOOP('',(#15857));
#15857 = ORIENTED_EDGE('',*,*,#15825,.T.);
#15858 = PLANE('',#15859);
#15859 = AXIS2_PLACEMENT_3D('',#15860,#15861,#15862);
#15860 = CARTESIAN_POINT('',(810.,195.,30.));
#15861 = DIRECTION('',(1.,0.,0.));
#15862 = DIRECTION('',(0.,0.,1.));
#15863 = ADVANCED_FACE('',(#15864),#15867,.F.);
#15864 = FACE_BOUND('',#15865,.T.);
#15865 = EDGE_LOOP('',(#15866));
#15866 = ORIENTED_EDGE('',*,*,#15842,.F.);
#15867 = PLANE('',#15868);
#15868 = AXIS2_PLACEMENT_3D('',#15869,#15870,#15871);
#15869 = CARTESIAN_POINT('',(60.,195.,30.));
#15870 = DIRECTION('',(1.,0.,0.));
#15871 = DIRECTION('',(0.,0.,1.));
#15872 = MANIFOLD_SOLID_BREP('',#15873);
#15873 = CLOSED_SHELL('',(#15874,#15907,#15916));
#15874 = ADVANCED_FACE('',(#15875),#15902,.T.);
#15875 = FACE_BOUND('',#15876,.T.);
#15876 = EDGE_LOOP('',(#15877,#15886,#15894,#15901));
#15877 = ORIENTED_EDGE('',*,*,#15878,.F.);
#15878 = EDGE_CURVE('',#15879,#15879,#15881,.T.);
#15879 = VERTEX_POINT('',#15880);
#15880 = CARTESIAN_POINT('',(780.,225.,36.));
#15881 = CIRCLE('',#15882,6.);
#15882 = AXIS2_PLACEMENT_3D('',#15883,#15884,#15885);
#15883 = CARTESIAN_POINT('',(780.,225.,30.));
#15884 = DIRECTION('',(1.,0.,-0.));
#15885 = DIRECTION('',(0.,0.,1.));
#15886 = ORIENTED_EDGE('',*,*,#15887,.F.);
#15887 = EDGE_CURVE('',#15888,#15879,#15890,.T.);
#15888 = VERTEX_POINT('',#15889);
#15889 = CARTESIAN_POINT('',(90.,225.,36.));
#15890 = LINE('',#15891,#15892);
#15891 = CARTESIAN_POINT('',(90.,225.,36.));
#15892 = VECTOR('',#15893,1.);
#15893 = DIRECTION('',(1.,0.,0.));
#15894 = ORIENTED_EDGE('',*,*,#15895,.T.);
#15895 = EDGE_CURVE('',#15888,#15888,#15896,.T.);
#15896 = CIRCLE('',#15897,6.);
#15897 = AXIS2_PLACEMENT_3D('',#15898,#15899,#15900);
#15898 = CARTESIAN_POINT('',(90.,225.,30.));
#15899 = DIRECTION('',(1.,0.,-0.));
#15900 = DIRECTION('',(0.,0.,1.));
#15901 = ORIENTED_EDGE('',*,*,#15887,.T.);
#15902 = CYLINDRICAL_SURFACE('',#15903,6.);
#15903 = AXIS2_PLACEMENT_3D('',#15904,#15905,#15906);
#15904 = CARTESIAN_POINT('',(90.,225.,30.));
#15905 = DIRECTION('',(1.,0.,0.));
#15906 = DIRECTION('',(0.,0.,1.));
#15907 = ADVANCED_FACE('',(#15908),#15911,.T.);
#15908 = FACE_BOUND('',#15909,.T.);
#15909 = EDGE_LOOP('',(#15910));
#15910 = ORIENTED_EDGE('',*,*,#15878,.T.);
#15911 = PLANE('',#15912);
#15912 = AXIS2_PLACEMENT_3D('',#15913,#15914,#15915);
#15913 = CARTESIAN_POINT('',(780.,225.,30.));
#15914 = DIRECTION('',(1.,0.,0.));
#15915 = DIRECTION('',(0.,0.,1.));
#15916 = ADVANCED_FACE('',(#15917),#15920,.F.);
#15917 = FACE_BOUND('',#15918,.T.);
#15918 = EDGE_LOOP('',(#15919));
#15919 = ORIENTED_EDGE('',*,*,#15895,.F.);
#15920 = PLANE('',#15921);
#15921 = AXIS2_PLACEMENT_3D('',#15922,#15923,#15924);
#15922 = CARTESIAN_POINT('',(90.,225.,30.));
#15923 = DIRECTION('',(1.,0.,0.));
#15924 = DIRECTION('',(0.,0.,1.));
#15925 = MANIFOLD_SOLID_BREP('',#15926);
#15926 = CLOSED_SHELL('',(#15927,#15967,#16007,#16029,#16051,#16063));
#15927 = ADVANCED_FACE('',(#15928),#15962,.F.);
#15928 = FACE_BOUND('',#15929,.F.);
#15929 = EDGE_LOOP('',(#15930,#15940,#15948,#15956));
#15930 = ORIENTED_EDGE('',*,*,#15931,.F.);
#15931 = EDGE_CURVE('',#15932,#15934,#15936,.T.);
#15932 = VERTEX_POINT('',#15933);
#15933 = CARTESIAN_POINT('',(0.,210.,0.));
#15934 = VERTEX_POINT('',#15935);
#15935 = CARTESIAN_POINT('',(0.,210.,15.));
#15936 = LINE('',#15937,#15938);
#15937 = CARTESIAN_POINT('',(0.,210.,0.));
#15938 = VECTOR('',#15939,1.);
#15939 = DIRECTION('',(0.,0.,1.));
#15940 = ORIENTED_EDGE('',*,*,#15941,.T.);
#15941 = EDGE_CURVE('',#15932,#15942,#15944,.T.);
#15942 = VERTEX_POINT('',#15943);
#15943 = CARTESIAN_POINT('',(0.,240.,0.));
#15944 = LINE('',#15945,#15946);
#15945 = CARTESIAN_POINT('',(0.,210.,0.));
#15946 = VECTOR('',#15947,1.);
#15947 = DIRECTION('',(0.,1.,0.));
#15948 = ORIENTED_EDGE('',*,*,#15949,.T.);
#15949 = EDGE_CURVE('',#15942,#15950,#15952,.T.);
#15950 = VERTEX_POINT('',#15951);
#15951 = CARTESIAN_POINT('',(0.,240.,15.));
#15952 = LINE('',#15953,#15954);
#15953 = CARTESIAN_POINT('',(0.,240.,0.));
#15954 = VECTOR('',#15955,1.);
#15955 = DIRECTION('',(0.,0.,1.));
#15956 = ORIENTED_EDGE('',*,*,#15957,.F.);
#15957 = EDGE_CURVE('',#15934,#15950,#15958,.T.);
#15958 = LINE('',#15959,#15960);
#15959 = CARTESIAN_POINT('',(0.,210.,15.));
#15960 = VECTOR('',#15961,1.);
#15961 = DIRECTION('',(0.,1.,0.));
#15962 = PLANE('',#15963);
#15963 = AXIS2_PLACEMENT_3D('',#15964,#15965,#15966);
#15964 = CARTESIAN_POINT('',(0.,210.,0.));
#15965 = DIRECTION('',(1.,0.,0.));
#15966 = DIRECTION('',(0.,0.,1.));
#15967 = ADVANCED_FACE('',(#15968),#16002,.T.);
#15968 = FACE_BOUND('',#15969,.T.);
#15969 = EDGE_LOOP('',(#15970,#15980,#15988,#15996));
#15970 = ORIENTED_EDGE('',*,*,#15971,.F.);
#15971 = EDGE_CURVE('',#15972,#15974,#15976,.T.);
#15972 = VERTEX_POINT('',#15973);
#15973 = CARTESIAN_POINT('',(60.,210.,0.));
#15974 = VERTEX_POINT('',#15975);
#15975 = CARTESIAN_POINT('',(60.,210.,15.));
#15976 = LINE('',#15977,#15978);
#15977 = CARTESIAN_POINT('',(60.,210.,0.));
#15978 = VECTOR('',#15979,1.);
#15979 = DIRECTION('',(0.,0.,1.));
#15980 = ORIENTED_EDGE('',*,*,#15981,.T.);
#15981 = EDGE_CURVE('',#15972,#15982,#15984,.T.);
#15982 = VERTEX_POINT('',#15983);
#15983 = CARTESIAN_POINT('',(60.,240.,0.));
#15984 = LINE('',#15985,#15986);
#15985 = CARTESIAN_POINT('',(60.,210.,0.));
#15986 = VECTOR('',#15987,1.);
#15987 = DIRECTION('',(0.,1.,0.));
#15988 = ORIENTED_EDGE('',*,*,#15989,.T.);
#15989 = EDGE_CURVE('',#15982,#15990,#15992,.T.);
#15990 = VERTEX_POINT('',#15991);
#15991 = CARTESIAN_POINT('',(60.,240.,15.));
#15992 = LINE('',#15993,#15994);
#15993 = CARTESIAN_POINT('',(60.,240.,0.));
#15994 = VECTOR('',#15995,1.);
#15995 = DIRECTION('',(0.,0.,1.));
#15996 = ORIENTED_EDGE('',*,*,#15997,.F.);
#15997 = EDGE_CURVE('',#15974,#15990,#15998,.T.);
#15998 = LINE('',#15999,#16000);
#15999 = CARTESIAN_POINT('',(60.,210.,15.));
#16000 = VECTOR('',#16001,1.);
#16001 = DIRECTION('',(0.,1.,0.));
#16002 = PLANE('',#16003);
#16003 = AXIS2_PLACEMENT_3D('',#16004,#16005,#16006);
#16004 = CARTESIAN_POINT('',(60.,210.,0.));
#16005 = DIRECTION('',(1.,0.,0.));
#16006 = DIRECTION('',(0.,0.,1.));
#16007 = ADVANCED_FACE('',(#16008),#16024,.F.);
#16008 = FACE_BOUND('',#16009,.F.);
#16009 = EDGE_LOOP('',(#16010,#16016,#16017,#16023));
#16010 = ORIENTED_EDGE('',*,*,#16011,.F.);
#16011 = EDGE_CURVE('',#15932,#15972,#16012,.T.);
#16012 = LINE('',#16013,#16014);
#16013 = CARTESIAN_POINT('',(0.,210.,0.));
#16014 = VECTOR('',#16015,1.);
#16015 = DIRECTION('',(1.,0.,0.));
#16016 = ORIENTED_EDGE('',*,*,#15931,.T.);
#16017 = ORIENTED_EDGE('',*,*,#16018,.T.);
#16018 = EDGE_CURVE('',#15934,#15974,#16019,.T.);
#16019 = LINE('',#16020,#16021);
#16020 = CARTESIAN_POINT('',(0.,210.,15.));
#16021 = VECTOR('',#16022,1.);
#16022 = DIRECTION('',(1.,0.,0.));
#16023 = ORIENTED_EDGE('',*,*,#15971,.F.);
#16024 = PLANE('',#16025);
#16025 = AXIS2_PLACEMENT_3D('',#16026,#16027,#16028);
#16026 = CARTESIAN_POINT('',(0.,210.,0.));
#16027 = DIRECTION('',(0.,1.,0.));
#16028 = DIRECTION('',(0.,0.,1.));
#16029 = ADVANCED_FACE('',(#16030),#16046,.T.);
#16030 = FACE_BOUND('',#16031,.T.);
#16031 = EDGE_LOOP('',(#16032,#16038,#16039,#16045));
#16032 = ORIENTED_EDGE('',*,*,#16033,.F.);
#16033 = EDGE_CURVE('',#15942,#15982,#16034,.T.);
#16034 = LINE('',#16035,#16036);
#16035 = CARTESIAN_POINT('',(0.,240.,0.));
#16036 = VECTOR('',#16037,1.);
#16037 = DIRECTION('',(1.,0.,0.));
#16038 = ORIENTED_EDGE('',*,*,#15949,.T.);
#16039 = ORIENTED_EDGE('',*,*,#16040,.T.);
#16040 = EDGE_CURVE('',#15950,#15990,#16041,.T.);
#16041 = LINE('',#16042,#16043);
#16042 = CARTESIAN_POINT('',(0.,240.,15.));
#16043 = VECTOR('',#16044,1.);
#16044 = DIRECTION('',(1.,0.,0.));
#16045 = ORIENTED_EDGE('',*,*,#15989,.F.);
#16046 = PLANE('',#16047);
#16047 = AXIS2_PLACEMENT_3D('',#16048,#16049,#16050);
#16048 = CARTESIAN_POINT('',(0.,240.,0.));
#16049 = DIRECTION('',(0.,1.,0.));
#16050 = DIRECTION('',(0.,0.,1.));
#16051 = ADVANCED_FACE('',(#16052),#16058,.F.);
#16052 = FACE_BOUND('',#16053,.F.);
#16053 = EDGE_LOOP('',(#16054,#16055,#16056,#16057));
#16054 = ORIENTED_EDGE('',*,*,#15941,.F.);
#16055 = ORIENTED_EDGE('',*,*,#16011,.T.);
#16056 = ORIENTED_EDGE('',*,*,#15981,.T.);
#16057 = ORIENTED_EDGE('',*,*,#16033,.F.);
#16058 = PLANE('',#16059);
#16059 = AXIS2_PLACEMENT_3D('',#16060,#16061,#16062);
#16060 = CARTESIAN_POINT('',(0.,210.,0.));
#16061 = DIRECTION('',(0.,0.,1.));
#16062 = DIRECTION('',(1.,0.,0.));
#16063 = ADVANCED_FACE('',(#16064),#16070,.T.);
#16064 = FACE_BOUND('',#16065,.T.);
#16065 = EDGE_LOOP('',(#16066,#16067,#16068,#16069));
#16066 = ORIENTED_EDGE('',*,*,#15957,.F.);
#16067 = ORIENTED_EDGE('',*,*,#16018,.T.);
#16068 = ORIENTED_EDGE('',*,*,#15997,.T.);
#16069 = ORIENTED_EDGE('',*,*,#16040,.F.);
#16070 = PLANE('',#16071);
#16071 = AXIS2_PLACEMENT_3D('',#16072,#16073,#16074);
#16072 = CARTESIAN_POINT('',(0.,210.,15.));
#16073 = DIRECTION('',(0.,0.,1.));
#16074 = DIRECTION('',(1.,0.,0.));
#16075 = MANIFOLD_SOLID_BREP('',#16076);
#16076 = CLOSED_SHELL('',(#16077,#16117,#16157,#16179,#16201,#16213));
#16077 = ADVANCED_FACE('',(#16078),#16112,.F.);
#16078 = FACE_BOUND('',#16079,.F.);
#16079 = EDGE_LOOP('',(#16080,#16090,#16098,#16106));
#16080 = ORIENTED_EDGE('',*,*,#16081,.F.);
#16081 = EDGE_CURVE('',#16082,#16084,#16086,.T.);
#16082 = VERTEX_POINT('',#16083);
#16083 = CARTESIAN_POINT('',(0.,210.,15.));
#16084 = VERTEX_POINT('',#16085);
#16085 = CARTESIAN_POINT('',(0.,210.,45.));
#16086 = LINE('',#16087,#16088);
#16087 = CARTESIAN_POINT('',(0.,210.,15.));
#16088 = VECTOR('',#16089,1.);
#16089 = DIRECTION('',(0.,0.,1.));
#16090 = ORIENTED_EDGE('',*,*,#16091,.T.);
#16091 = EDGE_CURVE('',#16082,#16092,#16094,.T.);
#16092 = VERTEX_POINT('',#16093);
#16093 = CARTESIAN_POINT('',(0.,240.,15.));
#16094 = LINE('',#16095,#16096);
#16095 = CARTESIAN_POINT('',(0.,210.,15.));
#16096 = VECTOR('',#16097,1.);
#16097 = DIRECTION('',(0.,1.,0.));
#16098 = ORIENTED_EDGE('',*,*,#16099,.T.);
#16099 = EDGE_CURVE('',#16092,#16100,#16102,.T.);
#16100 = VERTEX_POINT('',#16101);
#16101 = CARTESIAN_POINT('',(0.,240.,45.));
#16102 = LINE('',#16103,#16104);
#16103 = CARTESIAN_POINT('',(0.,240.,15.));
#16104 = VECTOR('',#16105,1.);
#16105 = DIRECTION('',(0.,0.,1.));
#16106 = ORIENTED_EDGE('',*,*,#16107,.F.);
#16107 = EDGE_CURVE('',#16084,#16100,#16108,.T.);
#16108 = LINE('',#16109,#16110);
#16109 = CARTESIAN_POINT('',(0.,210.,45.));
#16110 = VECTOR('',#16111,1.);
#16111 = DIRECTION('',(0.,1.,0.));
#16112 = PLANE('',#16113);
#16113 = AXIS2_PLACEMENT_3D('',#16114,#16115,#16116);
#16114 = CARTESIAN_POINT('',(0.,210.,15.));
#16115 = DIRECTION('',(1.,0.,0.));
#16116 = DIRECTION('',(0.,0.,1.));
#16117 = ADVANCED_FACE('',(#16118),#16152,.T.);
#16118 = FACE_BOUND('',#16119,.T.);
#16119 = EDGE_LOOP('',(#16120,#16130,#16138,#16146));
#16120 = ORIENTED_EDGE('',*,*,#16121,.F.);
#16121 = EDGE_CURVE('',#16122,#16124,#16126,.T.);
#16122 = VERTEX_POINT('',#16123);
#16123 = CARTESIAN_POINT('',(60.,210.,15.));
#16124 = VERTEX_POINT('',#16125);
#16125 = CARTESIAN_POINT('',(60.,210.,45.));
#16126 = LINE('',#16127,#16128);
#16127 = CARTESIAN_POINT('',(60.,210.,15.));
#16128 = VECTOR('',#16129,1.);
#16129 = DIRECTION('',(0.,0.,1.));
#16130 = ORIENTED_EDGE('',*,*,#16131,.T.);
#16131 = EDGE_CURVE('',#16122,#16132,#16134,.T.);
#16132 = VERTEX_POINT('',#16133);
#16133 = CARTESIAN_POINT('',(60.,240.,15.));
#16134 = LINE('',#16135,#16136);
#16135 = CARTESIAN_POINT('',(60.,210.,15.));
#16136 = VECTOR('',#16137,1.);
#16137 = DIRECTION('',(0.,1.,0.));
#16138 = ORIENTED_EDGE('',*,*,#16139,.T.);
#16139 = EDGE_CURVE('',#16132,#16140,#16142,.T.);
#16140 = VERTEX_POINT('',#16141);
#16141 = CARTESIAN_POINT('',(60.,240.,45.));
#16142 = LINE('',#16143,#16144);
#16143 = CARTESIAN_POINT('',(60.,240.,15.));
#16144 = VECTOR('',#16145,1.);
#16145 = DIRECTION('',(0.,0.,1.));
#16146 = ORIENTED_EDGE('',*,*,#16147,.F.);
#16147 = EDGE_CURVE('',#16124,#16140,#16148,.T.);
#16148 = LINE('',#16149,#16150);
#16149 = CARTESIAN_POINT('',(60.,210.,45.));
#16150 = VECTOR('',#16151,1.);
#16151 = DIRECTION('',(0.,1.,0.));
#16152 = PLANE('',#16153);
#16153 = AXIS2_PLACEMENT_3D('',#16154,#16155,#16156);
#16154 = CARTESIAN_POINT('',(60.,210.,15.));
#16155 = DIRECTION('',(1.,0.,0.));
#16156 = DIRECTION('',(0.,0.,1.));
#16157 = ADVANCED_FACE('',(#16158),#16174,.F.);
#16158 = FACE_BOUND('',#16159,.F.);
#16159 = EDGE_LOOP('',(#16160,#16166,#16167,#16173));
#16160 = ORIENTED_EDGE('',*,*,#16161,.F.);
#16161 = EDGE_CURVE('',#16082,#16122,#16162,.T.);
#16162 = LINE('',#16163,#16164);
#16163 = CARTESIAN_POINT('',(0.,210.,15.));
#16164 = VECTOR('',#16165,1.);
#16165 = DIRECTION('',(1.,0.,0.));
#16166 = ORIENTED_EDGE('',*,*,#16081,.T.);
#16167 = ORIENTED_EDGE('',*,*,#16168,.T.);
#16168 = EDGE_CURVE('',#16084,#16124,#16169,.T.);
#16169 = LINE('',#16170,#16171);
#16170 = CARTESIAN_POINT('',(0.,210.,45.));
#16171 = VECTOR('',#16172,1.);
#16172 = DIRECTION('',(1.,0.,0.));
#16173 = ORIENTED_EDGE('',*,*,#16121,.F.);
#16174 = PLANE('',#16175);
#16175 = AXIS2_PLACEMENT_3D('',#16176,#16177,#16178);
#16176 = CARTESIAN_POINT('',(0.,210.,15.));
#16177 = DIRECTION('',(0.,1.,0.));
#16178 = DIRECTION('',(0.,0.,1.));
#16179 = ADVANCED_FACE('',(#16180),#16196,.T.);
#16180 = FACE_BOUND('',#16181,.T.);
#16181 = EDGE_LOOP('',(#16182,#16188,#16189,#16195));
#16182 = ORIENTED_EDGE('',*,*,#16183,.F.);
#16183 = EDGE_CURVE('',#16092,#16132,#16184,.T.);
#16184 = LINE('',#16185,#16186);
#16185 = CARTESIAN_POINT('',(0.,240.,15.));
#16186 = VECTOR('',#16187,1.);
#16187 = DIRECTION('',(1.,0.,0.));
#16188 = ORIENTED_EDGE('',*,*,#16099,.T.);
#16189 = ORIENTED_EDGE('',*,*,#16190,.T.);
#16190 = EDGE_CURVE('',#16100,#16140,#16191,.T.);
#16191 = LINE('',#16192,#16193);
#16192 = CARTESIAN_POINT('',(0.,240.,45.));
#16193 = VECTOR('',#16194,1.);
#16194 = DIRECTION('',(1.,0.,0.));
#16195 = ORIENTED_EDGE('',*,*,#16139,.F.);
#16196 = PLANE('',#16197);
#16197 = AXIS2_PLACEMENT_3D('',#16198,#16199,#16200);
#16198 = CARTESIAN_POINT('',(0.,240.,15.));
#16199 = DIRECTION('',(0.,1.,0.));
#16200 = DIRECTION('',(0.,0.,1.));
#16201 = ADVANCED_FACE('',(#16202),#16208,.F.);
#16202 = FACE_BOUND('',#16203,.F.);
#16203 = EDGE_LOOP('',(#16204,#16205,#16206,#16207));
#16204 = ORIENTED_EDGE('',*,*,#16091,.F.);
#16205 = ORIENTED_EDGE('',*,*,#16161,.T.);
#16206 = ORIENTED_EDGE('',*,*,#16131,.T.);
#16207 = ORIENTED_EDGE('',*,*,#16183,.F.);
#16208 = PLANE('',#16209);
#16209 = AXIS2_PLACEMENT_3D('',#16210,#16211,#16212);
#16210 = CARTESIAN_POINT('',(0.,210.,15.));
#16211 = DIRECTION('',(0.,0.,1.));
#16212 = DIRECTION('',(1.,0.,0.));
#16213 = ADVANCED_FACE('',(#16214),#16220,.T.);
#16214 = FACE_BOUND('',#16215,.T.);
#16215 = EDGE_LOOP('',(#16216,#16217,#16218,#16219));
#16216 = ORIENTED_EDGE('',*,*,#16107,.F.);
#16217 = ORIENTED_EDGE('',*,*,#16168,.T.);
#16218 = ORIENTED_EDGE('',*,*,#16147,.T.);
#16219 = ORIENTED_EDGE('',*,*,#16190,.F.);
#16220 = PLANE('',#16221);
#16221 = AXIS2_PLACEMENT_3D('',#16222,#16223,#16224);
#16222 = CARTESIAN_POINT('',(0.,210.,45.));
#16223 = DIRECTION('',(0.,0.,1.));
#16224 = DIRECTION('',(1.,0.,0.));
#16225 = MANIFOLD_SOLID_BREP('',#16226);
#16226 = CLOSED_SHELL('',(#16227,#16260,#16269));
#16227 = ADVANCED_FACE('',(#16228),#16255,.T.);
#16228 = FACE_BOUND('',#16229,.T.);
#16229 = EDGE_LOOP('',(#16230,#16239,#16247,#16254));
#16230 = ORIENTED_EDGE('',*,*,#16231,.F.);
#16231 = EDGE_CURVE('',#16232,#16232,#16234,.T.);
#16232 = VERTEX_POINT('',#16233);
#16233 = CARTESIAN_POINT('',(74.,225.,38.));
#16234 = CIRCLE('',#16235,8.);
#16235 = AXIS2_PLACEMENT_3D('',#16236,#16237,#16238);
#16236 = CARTESIAN_POINT('',(74.,225.,30.));
#16237 = DIRECTION('',(1.,0.,-0.));
#16238 = DIRECTION('',(0.,0.,1.));
#16239 = ORIENTED_EDGE('',*,*,#16240,.F.);
#16240 = EDGE_CURVE('',#16241,#16232,#16243,.T.);
#16241 = VERTEX_POINT('',#16242);
#16242 = CARTESIAN_POINT('',(60.,225.,38.));
#16243 = LINE('',#16244,#16245);
#16244 = CARTESIAN_POINT('',(60.,225.,38.));
#16245 = VECTOR('',#16246,1.);
#16246 = DIRECTION('',(1.,0.,0.));
#16247 = ORIENTED_EDGE('',*,*,#16248,.T.);
#16248 = EDGE_CURVE('',#16241,#16241,#16249,.T.);
#16249 = CIRCLE('',#16250,8.);
#16250 = AXIS2_PLACEMENT_3D('',#16251,#16252,#16253);
#16251 = CARTESIAN_POINT('',(60.,225.,30.));
#16252 = DIRECTION('',(1.,0.,-0.));
#16253 = DIRECTION('',(0.,0.,1.));
#16254 = ORIENTED_EDGE('',*,*,#16240,.T.);
#16255 = CYLINDRICAL_SURFACE('',#16256,8.);
#16256 = AXIS2_PLACEMENT_3D('',#16257,#16258,#16259);
#16257 = CARTESIAN_POINT('',(60.,225.,30.));
#16258 = DIRECTION('',(1.,0.,0.));
#16259 = DIRECTION('',(0.,0.,1.));
#16260 = ADVANCED_FACE('',(#16261),#16264,.T.);
#16261 = FACE_BOUND('',#16262,.T.);
#16262 = EDGE_LOOP('',(#16263));
#16263 = ORIENTED_EDGE('',*,*,#16231,.T.);
#16264 = PLANE('',#16265);
#16265 = AXIS2_PLACEMENT_3D('',#16266,#16267,#16268);
#16266 = CARTESIAN_POINT('',(74.,225.,30.));
#16267 = DIRECTION('',(1.,0.,0.));
#16268 = DIRECTION('',(0.,0.,1.));
#16269 = ADVANCED_FACE('',(#16270),#16273,.F.);
#16270 = FACE_BOUND('',#16271,.T.);
#16271 = EDGE_LOOP('',(#16272));
#16272 = ORIENTED_EDGE('',*,*,#16248,.F.);
#16273 = PLANE('',#16274);
#16274 = AXIS2_PLACEMENT_3D('',#16275,#16276,#16277);
#16275 = CARTESIAN_POINT('',(60.,225.,30.));
#16276 = DIRECTION('',(1.,0.,0.));
#16277 = DIRECTION('',(0.,0.,1.));
#16278 = MANIFOLD_SOLID_BREP('',#16279);
#16279 = CLOSED_SHELL('',(#16280,#16320,#16360,#16382,#16404,#16416));
#16280 = ADVANCED_FACE('',(#16281),#16315,.F.);
#16281 = FACE_BOUND('',#16282,.F.);
#16282 = EDGE_LOOP('',(#16283,#16293,#16301,#16309));
#16283 = ORIENTED_EDGE('',*,*,#16284,.F.);
#16284 = EDGE_CURVE('',#16285,#16287,#16289,.T.);
#16285 = VERTEX_POINT('',#16286);
#16286 = CARTESIAN_POINT('',(700.,250.,0.));
#16287 = VERTEX_POINT('',#16288);
#16288 = CARTESIAN_POINT('',(700.,250.,20.));
#16289 = LINE('',#16290,#16291);
#16290 = CARTESIAN_POINT('',(700.,250.,0.));
#16291 = VECTOR('',#16292,1.);
#16292 = DIRECTION('',(0.,0.,1.));
#16293 = ORIENTED_EDGE('',*,*,#16294,.T.);
#16294 = EDGE_CURVE('',#16285,#16295,#16297,.T.);
#16295 = VERTEX_POINT('',#16296);
#16296 = CARTESIAN_POINT('',(700.,265.,0.));
#16297 = LINE('',#16298,#16299);
#16298 = CARTESIAN_POINT('',(700.,250.,0.));
#16299 = VECTOR('',#16300,1.);
#16300 = DIRECTION('',(0.,1.,0.));
#16301 = ORIENTED_EDGE('',*,*,#16302,.T.);
#16302 = EDGE_CURVE('',#16295,#16303,#16305,.T.);
#16303 = VERTEX_POINT('',#16304);
#16304 = CARTESIAN_POINT('',(700.,265.,20.));
#16305 = LINE('',#16306,#16307);
#16306 = CARTESIAN_POINT('',(700.,265.,0.));
#16307 = VECTOR('',#16308,1.);
#16308 = DIRECTION('',(0.,0.,1.));
#16309 = ORIENTED_EDGE('',*,*,#16310,.F.);
#16310 = EDGE_CURVE('',#16287,#16303,#16311,.T.);
#16311 = LINE('',#16312,#16313);
#16312 = CARTESIAN_POINT('',(700.,250.,20.));
#16313 = VECTOR('',#16314,1.);
#16314 = DIRECTION('',(0.,1.,0.));
#16315 = PLANE('',#16316);
#16316 = AXIS2_PLACEMENT_3D('',#16317,#16318,#16319);
#16317 = CARTESIAN_POINT('',(700.,250.,0.));
#16318 = DIRECTION('',(1.,0.,0.));
#16319 = DIRECTION('',(0.,0.,1.));
#16320 = ADVANCED_FACE('',(#16321),#16355,.T.);
#16321 = FACE_BOUND('',#16322,.T.);
#16322 = EDGE_LOOP('',(#16323,#16333,#16341,#16349));
#16323 = ORIENTED_EDGE('',*,*,#16324,.F.);
#16324 = EDGE_CURVE('',#16325,#16327,#16329,.T.);
#16325 = VERTEX_POINT('',#16326);
#16326 = CARTESIAN_POINT('',(730.,250.,0.));
#16327 = VERTEX_POINT('',#16328);
#16328 = CARTESIAN_POINT('',(730.,250.,20.));
#16329 = LINE('',#16330,#16331);
#16330 = CARTESIAN_POINT('',(730.,250.,0.));
#16331 = VECTOR('',#16332,1.);
#16332 = DIRECTION('',(0.,0.,1.));
#16333 = ORIENTED_EDGE('',*,*,#16334,.T.);
#16334 = EDGE_CURVE('',#16325,#16335,#16337,.T.);
#16335 = VERTEX_POINT('',#16336);
#16336 = CARTESIAN_POINT('',(730.,265.,0.));
#16337 = LINE('',#16338,#16339);
#16338 = CARTESIAN_POINT('',(730.,250.,0.));
#16339 = VECTOR('',#16340,1.);
#16340 = DIRECTION('',(0.,1.,0.));
#16341 = ORIENTED_EDGE('',*,*,#16342,.T.);
#16342 = EDGE_CURVE('',#16335,#16343,#16345,.T.);
#16343 = VERTEX_POINT('',#16344);
#16344 = CARTESIAN_POINT('',(730.,265.,20.));
#16345 = LINE('',#16346,#16347);
#16346 = CARTESIAN_POINT('',(730.,265.,0.));
#16347 = VECTOR('',#16348,1.);
#16348 = DIRECTION('',(0.,0.,1.));
#16349 = ORIENTED_EDGE('',*,*,#16350,.F.);
#16350 = EDGE_CURVE('',#16327,#16343,#16351,.T.);
#16351 = LINE('',#16352,#16353);
#16352 = CARTESIAN_POINT('',(730.,250.,20.));
#16353 = VECTOR('',#16354,1.);
#16354 = DIRECTION('',(0.,1.,0.));
#16355 = PLANE('',#16356);
#16356 = AXIS2_PLACEMENT_3D('',#16357,#16358,#16359);
#16357 = CARTESIAN_POINT('',(730.,250.,0.));
#16358 = DIRECTION('',(1.,0.,0.));
#16359 = DIRECTION('',(0.,0.,1.));
#16360 = ADVANCED_FACE('',(#16361),#16377,.F.);
#16361 = FACE_BOUND('',#16362,.F.);
#16362 = EDGE_LOOP('',(#16363,#16369,#16370,#16376));
#16363 = ORIENTED_EDGE('',*,*,#16364,.F.);
#16364 = EDGE_CURVE('',#16285,#16325,#16365,.T.);
#16365 = LINE('',#16366,#16367);
#16366 = CARTESIAN_POINT('',(700.,250.,0.));
#16367 = VECTOR('',#16368,1.);
#16368 = DIRECTION('',(1.,0.,0.));
#16369 = ORIENTED_EDGE('',*,*,#16284,.T.);
#16370 = ORIENTED_EDGE('',*,*,#16371,.T.);
#16371 = EDGE_CURVE('',#16287,#16327,#16372,.T.);
#16372 = LINE('',#16373,#16374);
#16373 = CARTESIAN_POINT('',(700.,250.,20.));
#16374 = VECTOR('',#16375,1.);
#16375 = DIRECTION('',(1.,0.,0.));
#16376 = ORIENTED_EDGE('',*,*,#16324,.F.);
#16377 = PLANE('',#16378);
#16378 = AXIS2_PLACEMENT_3D('',#16379,#16380,#16381);
#16379 = CARTESIAN_POINT('',(700.,250.,0.));
#16380 = DIRECTION('',(0.,1.,0.));
#16381 = DIRECTION('',(0.,0.,1.));
#16382 = ADVANCED_FACE('',(#16383),#16399,.T.);
#16383 = FACE_BOUND('',#16384,.T.);
#16384 = EDGE_LOOP('',(#16385,#16391,#16392,#16398));
#16385 = ORIENTED_EDGE('',*,*,#16386,.F.);
#16386 = EDGE_CURVE('',#16295,#16335,#16387,.T.);
#16387 = LINE('',#16388,#16389);
#16388 = CARTESIAN_POINT('',(700.,265.,0.));
#16389 = VECTOR('',#16390,1.);
#16390 = DIRECTION('',(1.,0.,0.));
#16391 = ORIENTED_EDGE('',*,*,#16302,.T.);
#16392 = ORIENTED_EDGE('',*,*,#16393,.T.);
#16393 = EDGE_CURVE('',#16303,#16343,#16394,.T.);
#16394 = LINE('',#16395,#16396);
#16395 = CARTESIAN_POINT('',(700.,265.,20.));
#16396 = VECTOR('',#16397,1.);
#16397 = DIRECTION('',(1.,0.,0.));
#16398 = ORIENTED_EDGE('',*,*,#16342,.F.);
#16399 = PLANE('',#16400);
#16400 = AXIS2_PLACEMENT_3D('',#16401,#16402,#16403);
#16401 = CARTESIAN_POINT('',(700.,265.,0.));
#16402 = DIRECTION('',(0.,1.,0.));
#16403 = DIRECTION('',(0.,0.,1.));
#16404 = ADVANCED_FACE('',(#16405),#16411,.F.);
#16405 = FACE_BOUND('',#16406,.F.);
#16406 = EDGE_LOOP('',(#16407,#16408,#16409,#16410));
#16407 = ORIENTED_EDGE('',*,*,#16294,.F.);
#16408 = ORIENTED_EDGE('',*,*,#16364,.T.);
#16409 = ORIENTED_EDGE('',*,*,#16334,.T.);
#16410 = ORIENTED_EDGE('',*,*,#16386,.F.);
#16411 = PLANE('',#16412);
#16412 = AXIS2_PLACEMENT_3D('',#16413,#16414,#16415);
#16413 = CARTESIAN_POINT('',(700.,250.,0.));
#16414 = DIRECTION('',(0.,0.,1.));
#16415 = DIRECTION('',(1.,0.,0.));
#16416 = ADVANCED_FACE('',(#16417),#16423,.T.);
#16417 = FACE_BOUND('',#16418,.T.);
#16418 = EDGE_LOOP('',(#16419,#16420,#16421,#16422));
#16419 = ORIENTED_EDGE('',*,*,#16310,.F.);
#16420 = ORIENTED_EDGE('',*,*,#16371,.T.);
#16421 = ORIENTED_EDGE('',*,*,#16350,.T.);
#16422 = ORIENTED_EDGE('',*,*,#16393,.F.);
#16423 = PLANE('',#16424);
#16424 = AXIS2_PLACEMENT_3D('',#16425,#16426,#16427);
#16425 = CARTESIAN_POINT('',(700.,250.,20.));
#16426 = DIRECTION('',(0.,0.,1.));
#16427 = DIRECTION('',(1.,0.,0.));
#16428 = MANIFOLD_SOLID_BREP('',#16429);
#16429 = CLOSED_SHELL('',(#16430,#16470,#16510,#16532,#16554,#16566));
#16430 = ADVANCED_FACE('',(#16431),#16465,.F.);
#16431 = FACE_BOUND('',#16432,.F.);
#16432 = EDGE_LOOP('',(#16433,#16443,#16451,#16459));
#16433 = ORIENTED_EDGE('',*,*,#16434,.F.);
#16434 = EDGE_CURVE('',#16435,#16437,#16439,.T.);
#16435 = VERTEX_POINT('',#16436);
#16436 = CARTESIAN_POINT('',(700.,250.,20.));
#16437 = VERTEX_POINT('',#16438);
#16438 = CARTESIAN_POINT('',(700.,250.,27.5));
#16439 = LINE('',#16440,#16441);
#16440 = CARTESIAN_POINT('',(700.,250.,20.));
#16441 = VECTOR('',#16442,1.);
#16442 = DIRECTION('',(0.,0.,1.));
#16443 = ORIENTED_EDGE('',*,*,#16444,.T.);
#16444 = EDGE_CURVE('',#16435,#16445,#16447,.T.);
#16445 = VERTEX_POINT('',#16446);
#16446 = CARTESIAN_POINT('',(700.,265.,20.));
#16447 = LINE('',#16448,#16449);
#16448 = CARTESIAN_POINT('',(700.,250.,20.));
#16449 = VECTOR('',#16450,1.);
#16450 = DIRECTION('',(0.,1.,0.));
#16451 = ORIENTED_EDGE('',*,*,#16452,.T.);
#16452 = EDGE_CURVE('',#16445,#16453,#16455,.T.);
#16453 = VERTEX_POINT('',#16454);
#16454 = CARTESIAN_POINT('',(700.,265.,27.5));
#16455 = LINE('',#16456,#16457);
#16456 = CARTESIAN_POINT('',(700.,265.,20.));
#16457 = VECTOR('',#16458,1.);
#16458 = DIRECTION('',(0.,0.,1.));
#16459 = ORIENTED_EDGE('',*,*,#16460,.F.);
#16460 = EDGE_CURVE('',#16437,#16453,#16461,.T.);
#16461 = LINE('',#16462,#16463);
#16462 = CARTESIAN_POINT('',(700.,250.,27.5));
#16463 = VECTOR('',#16464,1.);
#16464 = DIRECTION('',(0.,1.,0.));
#16465 = PLANE('',#16466);
#16466 = AXIS2_PLACEMENT_3D('',#16467,#16468,#16469);
#16467 = CARTESIAN_POINT('',(700.,250.,20.));
#16468 = DIRECTION('',(1.,0.,0.));
#16469 = DIRECTION('',(0.,0.,1.));
#16470 = ADVANCED_FACE('',(#16471),#16505,.T.);
#16471 = FACE_BOUND('',#16472,.T.);
#16472 = EDGE_LOOP('',(#16473,#16483,#16491,#16499));
#16473 = ORIENTED_EDGE('',*,*,#16474,.F.);
#16474 = EDGE_CURVE('',#16475,#16477,#16479,.T.);
#16475 = VERTEX_POINT('',#16476);
#16476 = CARTESIAN_POINT('',(730.,250.,20.));
#16477 = VERTEX_POINT('',#16478);
#16478 = CARTESIAN_POINT('',(730.,250.,27.5));
#16479 = LINE('',#16480,#16481);
#16480 = CARTESIAN_POINT('',(730.,250.,20.));
#16481 = VECTOR('',#16482,1.);
#16482 = DIRECTION('',(0.,0.,1.));
#16483 = ORIENTED_EDGE('',*,*,#16484,.T.);
#16484 = EDGE_CURVE('',#16475,#16485,#16487,.T.);
#16485 = VERTEX_POINT('',#16486);
#16486 = CARTESIAN_POINT('',(730.,265.,20.));
#16487 = LINE('',#16488,#16489);
#16488 = CARTESIAN_POINT('',(730.,250.,20.));
#16489 = VECTOR('',#16490,1.);
#16490 = DIRECTION('',(0.,1.,0.));
#16491 = ORIENTED_EDGE('',*,*,#16492,.T.);
#16492 = EDGE_CURVE('',#16485,#16493,#16495,.T.);
#16493 = VERTEX_POINT('',#16494);
#16494 = CARTESIAN_POINT('',(730.,265.,27.5));
#16495 = LINE('',#16496,#16497);
#16496 = CARTESIAN_POINT('',(730.,265.,20.));
#16497 = VECTOR('',#16498,1.);
#16498 = DIRECTION('',(0.,0.,1.));
#16499 = ORIENTED_EDGE('',*,*,#16500,.F.);
#16500 = EDGE_CURVE('',#16477,#16493,#16501,.T.);
#16501 = LINE('',#16502,#16503);
#16502 = CARTESIAN_POINT('',(730.,250.,27.5));
#16503 = VECTOR('',#16504,1.);
#16504 = DIRECTION('',(0.,1.,0.));
#16505 = PLANE('',#16506);
#16506 = AXIS2_PLACEMENT_3D('',#16507,#16508,#16509);
#16507 = CARTESIAN_POINT('',(730.,250.,20.));
#16508 = DIRECTION('',(1.,0.,0.));
#16509 = DIRECTION('',(0.,0.,1.));
#16510 = ADVANCED_FACE('',(#16511),#16527,.F.);
#16511 = FACE_BOUND('',#16512,.F.);
#16512 = EDGE_LOOP('',(#16513,#16519,#16520,#16526));
#16513 = ORIENTED_EDGE('',*,*,#16514,.F.);
#16514 = EDGE_CURVE('',#16435,#16475,#16515,.T.);
#16515 = LINE('',#16516,#16517);
#16516 = CARTESIAN_POINT('',(700.,250.,20.));
#16517 = VECTOR('',#16518,1.);
#16518 = DIRECTION('',(1.,0.,0.));
#16519 = ORIENTED_EDGE('',*,*,#16434,.T.);
#16520 = ORIENTED_EDGE('',*,*,#16521,.T.);
#16521 = EDGE_CURVE('',#16437,#16477,#16522,.T.);
#16522 = LINE('',#16523,#16524);
#16523 = CARTESIAN_POINT('',(700.,250.,27.5));
#16524 = VECTOR('',#16525,1.);
#16525 = DIRECTION('',(1.,0.,0.));
#16526 = ORIENTED_EDGE('',*,*,#16474,.F.);
#16527 = PLANE('',#16528);
#16528 = AXIS2_PLACEMENT_3D('',#16529,#16530,#16531);
#16529 = CARTESIAN_POINT('',(700.,250.,20.));
#16530 = DIRECTION('',(0.,1.,0.));
#16531 = DIRECTION('',(0.,0.,1.));
#16532 = ADVANCED_FACE('',(#16533),#16549,.T.);
#16533 = FACE_BOUND('',#16534,.T.);
#16534 = EDGE_LOOP('',(#16535,#16541,#16542,#16548));
#16535 = ORIENTED_EDGE('',*,*,#16536,.F.);
#16536 = EDGE_CURVE('',#16445,#16485,#16537,.T.);
#16537 = LINE('',#16538,#16539);
#16538 = CARTESIAN_POINT('',(700.,265.,20.));
#16539 = VECTOR('',#16540,1.);
#16540 = DIRECTION('',(1.,0.,0.));
#16541 = ORIENTED_EDGE('',*,*,#16452,.T.);
#16542 = ORIENTED_EDGE('',*,*,#16543,.T.);
#16543 = EDGE_CURVE('',#16453,#16493,#16544,.T.);
#16544 = LINE('',#16545,#16546);
#16545 = CARTESIAN_POINT('',(700.,265.,27.5));
#16546 = VECTOR('',#16547,1.);
#16547 = DIRECTION('',(1.,0.,0.));
#16548 = ORIENTED_EDGE('',*,*,#16492,.F.);
#16549 = PLANE('',#16550);
#16550 = AXIS2_PLACEMENT_3D('',#16551,#16552,#16553);
#16551 = CARTESIAN_POINT('',(700.,265.,20.));
#16552 = DIRECTION('',(0.,1.,0.));
#16553 = DIRECTION('',(0.,0.,1.));
#16554 = ADVANCED_FACE('',(#16555),#16561,.F.);
#16555 = FACE_BOUND('',#16556,.F.);
#16556 = EDGE_LOOP('',(#16557,#16558,#16559,#16560));
#16557 = ORIENTED_EDGE('',*,*,#16444,.F.);
#16558 = ORIENTED_EDGE('',*,*,#16514,.T.);
#16559 = ORIENTED_EDGE('',*,*,#16484,.T.);
#16560 = ORIENTED_EDGE('',*,*,#16536,.F.);
#16561 = PLANE('',#16562);
#16562 = AXIS2_PLACEMENT_3D('',#16563,#16564,#16565);
#16563 = CARTESIAN_POINT('',(700.,250.,20.));
#16564 = DIRECTION('',(0.,0.,1.));
#16565 = DIRECTION('',(1.,0.,0.));
#16566 = ADVANCED_FACE('',(#16567),#16573,.T.);
#16567 = FACE_BOUND('',#16568,.T.);
#16568 = EDGE_LOOP('',(#16569,#16570,#16571,#16572));
#16569 = ORIENTED_EDGE('',*,*,#16460,.F.);
#16570 = ORIENTED_EDGE('',*,*,#16521,.T.);
#16571 = ORIENTED_EDGE('',*,*,#16500,.T.);
#16572 = ORIENTED_EDGE('',*,*,#16543,.F.);
#16573 = PLANE('',#16574);
#16574 = AXIS2_PLACEMENT_3D('',#16575,#16576,#16577);
#16575 = CARTESIAN_POINT('',(700.,250.,27.5));
#16576 = DIRECTION('',(0.,0.,1.));
#16577 = DIRECTION('',(1.,0.,0.));
#16578 = MANIFOLD_SOLID_BREP('',#16579);
#16579 = CLOSED_SHELL('',(#16580,#16620,#16660,#16682,#16704,#16716));
#16580 = ADVANCED_FACE('',(#16581),#16615,.F.);
#16581 = FACE_BOUND('',#16582,.F.);
#16582 = EDGE_LOOP('',(#16583,#16593,#16601,#16609));
#16583 = ORIENTED_EDGE('',*,*,#16584,.F.);
#16584 = EDGE_CURVE('',#16585,#16587,#16589,.T.);
#16585 = VERTEX_POINT('',#16586);
#16586 = CARTESIAN_POINT('',(610.,290.,0.));
#16587 = VERTEX_POINT('',#16588);
#16588 = CARTESIAN_POINT('',(610.,290.,60.));
#16589 = LINE('',#16590,#16591);
#16590 = CARTESIAN_POINT('',(610.,290.,0.));
#16591 = VECTOR('',#16592,1.);
#16592 = DIRECTION('',(0.,0.,1.));
#16593 = ORIENTED_EDGE('',*,*,#16594,.T.);
#16594 = EDGE_CURVE('',#16585,#16595,#16597,.T.);
#16595 = VERTEX_POINT('',#16596);
#16596 = CARTESIAN_POINT('',(610.,305.,0.));
#16597 = LINE('',#16598,#16599);
#16598 = CARTESIAN_POINT('',(610.,290.,0.));
#16599 = VECTOR('',#16600,1.);
#16600 = DIRECTION('',(0.,1.,0.));
#16601 = ORIENTED_EDGE('',*,*,#16602,.T.);
#16602 = EDGE_CURVE('',#16595,#16603,#16605,.T.);
#16603 = VERTEX_POINT('',#16604);
#16604 = CARTESIAN_POINT('',(610.,305.,60.));
#16605 = LINE('',#16606,#16607);
#16606 = CARTESIAN_POINT('',(610.,305.,0.));
#16607 = VECTOR('',#16608,1.);
#16608 = DIRECTION('',(0.,0.,1.));
#16609 = ORIENTED_EDGE('',*,*,#16610,.F.);
#16610 = EDGE_CURVE('',#16587,#16603,#16611,.T.);
#16611 = LINE('',#16612,#16613);
#16612 = CARTESIAN_POINT('',(610.,290.,60.));
#16613 = VECTOR('',#16614,1.);
#16614 = DIRECTION('',(0.,1.,0.));
#16615 = PLANE('',#16616);
#16616 = AXIS2_PLACEMENT_3D('',#16617,#16618,#16619);
#16617 = CARTESIAN_POINT('',(610.,290.,0.));
#16618 = DIRECTION('',(1.,0.,0.));
#16619 = DIRECTION('',(0.,0.,1.));
#16620 = ADVANCED_FACE('',(#16621),#16655,.T.);
#16621 = FACE_BOUND('',#16622,.T.);
#16622 = EDGE_LOOP('',(#16623,#16633,#16641,#16649));
#16623 = ORIENTED_EDGE('',*,*,#16624,.F.);
#16624 = EDGE_CURVE('',#16625,#16627,#16629,.T.);
#16625 = VERTEX_POINT('',#16626);
#16626 = CARTESIAN_POINT('',(625.,290.,0.));
#16627 = VERTEX_POINT('',#16628);
#16628 = CARTESIAN_POINT('',(625.,290.,60.));
#16629 = LINE('',#16630,#16631);
#16630 = CARTESIAN_POINT('',(625.,290.,0.));
#16631 = VECTOR('',#16632,1.);
#16632 = DIRECTION('',(0.,0.,1.));
#16633 = ORIENTED_EDGE('',*,*,#16634,.T.);
#16634 = EDGE_CURVE('',#16625,#16635,#16637,.T.);
#16635 = VERTEX_POINT('',#16636);
#16636 = CARTESIAN_POINT('',(625.,305.,0.));
#16637 = LINE('',#16638,#16639);
#16638 = CARTESIAN_POINT('',(625.,290.,0.));
#16639 = VECTOR('',#16640,1.);
#16640 = DIRECTION('',(0.,1.,0.));
#16641 = ORIENTED_EDGE('',*,*,#16642,.T.);
#16642 = EDGE_CURVE('',#16635,#16643,#16645,.T.);
#16643 = VERTEX_POINT('',#16644);
#16644 = CARTESIAN_POINT('',(625.,305.,60.));
#16645 = LINE('',#16646,#16647);
#16646 = CARTESIAN_POINT('',(625.,305.,0.));
#16647 = VECTOR('',#16648,1.);
#16648 = DIRECTION('',(0.,0.,1.));
#16649 = ORIENTED_EDGE('',*,*,#16650,.F.);
#16650 = EDGE_CURVE('',#16627,#16643,#16651,.T.);
#16651 = LINE('',#16652,#16653);
#16652 = CARTESIAN_POINT('',(625.,290.,60.));
#16653 = VECTOR('',#16654,1.);
#16654 = DIRECTION('',(0.,1.,0.));
#16655 = PLANE('',#16656);
#16656 = AXIS2_PLACEMENT_3D('',#16657,#16658,#16659);
#16657 = CARTESIAN_POINT('',(625.,290.,0.));
#16658 = DIRECTION('',(1.,0.,0.));
#16659 = DIRECTION('',(0.,0.,1.));
#16660 = ADVANCED_FACE('',(#16661),#16677,.F.);
#16661 = FACE_BOUND('',#16662,.F.);
#16662 = EDGE_LOOP('',(#16663,#16669,#16670,#16676));
#16663 = ORIENTED_EDGE('',*,*,#16664,.F.);
#16664 = EDGE_CURVE('',#16585,#16625,#16665,.T.);
#16665 = LINE('',#16666,#16667);
#16666 = CARTESIAN_POINT('',(610.,290.,0.));
#16667 = VECTOR('',#16668,1.);
#16668 = DIRECTION('',(1.,0.,0.));
#16669 = ORIENTED_EDGE('',*,*,#16584,.T.);
#16670 = ORIENTED_EDGE('',*,*,#16671,.T.);
#16671 = EDGE_CURVE('',#16587,#16627,#16672,.T.);
#16672 = LINE('',#16673,#16674);
#16673 = CARTESIAN_POINT('',(610.,290.,60.));
#16674 = VECTOR('',#16675,1.);
#16675 = DIRECTION('',(1.,0.,0.));
#16676 = ORIENTED_EDGE('',*,*,#16624,.F.);
#16677 = PLANE('',#16678);
#16678 = AXIS2_PLACEMENT_3D('',#16679,#16680,#16681);
#16679 = CARTESIAN_POINT('',(610.,290.,0.));
#16680 = DIRECTION('',(0.,1.,0.));
#16681 = DIRECTION('',(0.,0.,1.));
#16682 = ADVANCED_FACE('',(#16683),#16699,.T.);
#16683 = FACE_BOUND('',#16684,.T.);
#16684 = EDGE_LOOP('',(#16685,#16691,#16692,#16698));
#16685 = ORIENTED_EDGE('',*,*,#16686,.F.);
#16686 = EDGE_CURVE('',#16595,#16635,#16687,.T.);
#16687 = LINE('',#16688,#16689);
#16688 = CARTESIAN_POINT('',(610.,305.,0.));
#16689 = VECTOR('',#16690,1.);
#16690 = DIRECTION('',(1.,0.,0.));
#16691 = ORIENTED_EDGE('',*,*,#16602,.T.);
#16692 = ORIENTED_EDGE('',*,*,#16693,.T.);
#16693 = EDGE_CURVE('',#16603,#16643,#16694,.T.);
#16694 = LINE('',#16695,#16696);
#16695 = CARTESIAN_POINT('',(610.,305.,60.));
#16696 = VECTOR('',#16697,1.);
#16697 = DIRECTION('',(1.,0.,0.));
#16698 = ORIENTED_EDGE('',*,*,#16642,.F.);
#16699 = PLANE('',#16700);
#16700 = AXIS2_PLACEMENT_3D('',#16701,#16702,#16703);
#16701 = CARTESIAN_POINT('',(610.,305.,0.));
#16702 = DIRECTION('',(0.,1.,0.));
#16703 = DIRECTION('',(0.,0.,1.));
#16704 = ADVANCED_FACE('',(#16705),#16711,.F.);
#16705 = FACE_BOUND('',#16706,.F.);
#16706 = EDGE_LOOP('',(#16707,#16708,#16709,#16710));
#16707 = ORIENTED_EDGE('',*,*,#16594,.F.);
#16708 = ORIENTED_EDGE('',*,*,#16664,.T.);
#16709 = ORIENTED_EDGE('',*,*,#16634,.T.);
#16710 = ORIENTED_EDGE('',*,*,#16686,.F.);
#16711 = PLANE('',#16712);
#16712 = AXIS2_PLACEMENT_3D('',#16713,#16714,#16715);
#16713 = CARTESIAN_POINT('',(610.,290.,0.));
#16714 = DIRECTION('',(0.,0.,1.));
#16715 = DIRECTION('',(1.,0.,0.));
#16716 = ADVANCED_FACE('',(#16717),#16723,.T.);
#16717 = FACE_BOUND('',#16718,.T.);
#16718 = EDGE_LOOP('',(#16719,#16720,#16721,#16722));
#16719 = ORIENTED_EDGE('',*,*,#16610,.F.);
#16720 = ORIENTED_EDGE('',*,*,#16671,.T.);
#16721 = ORIENTED_EDGE('',*,*,#16650,.T.);
#16722 = ORIENTED_EDGE('',*,*,#16693,.F.);
#16723 = PLANE('',#16724);
#16724 = AXIS2_PLACEMENT_3D('',#16725,#16726,#16727);
#16725 = CARTESIAN_POINT('',(610.,290.,60.));
#16726 = DIRECTION('',(0.,0.,1.));
#16727 = DIRECTION('',(1.,0.,0.));
#16728 = MANIFOLD_SOLID_BREP('',#16729);
#16729 = CLOSED_SHELL('',(#16730,#16770,#16810,#16832,#16854,#16866));
#16730 = ADVANCED_FACE('',(#16731),#16765,.F.);
#16731 = FACE_BOUND('',#16732,.F.);
#16732 = EDGE_LOOP('',(#16733,#16743,#16751,#16759));
#16733 = ORIENTED_EDGE('',*,*,#16734,.F.);
#16734 = EDGE_CURVE('',#16735,#16737,#16739,.T.);
#16735 = VERTEX_POINT('',#16736);
#16736 = CARTESIAN_POINT('',(610.,595.,0.));
#16737 = VERTEX_POINT('',#16738);
#16738 = CARTESIAN_POINT('',(610.,595.,60.));
#16739 = LINE('',#16740,#16741);
#16740 = CARTESIAN_POINT('',(610.,595.,0.));
#16741 = VECTOR('',#16742,1.);
#16742 = DIRECTION('',(0.,0.,1.));
#16743 = ORIENTED_EDGE('',*,*,#16744,.T.);
#16744 = EDGE_CURVE('',#16735,#16745,#16747,.T.);
#16745 = VERTEX_POINT('',#16746);
#16746 = CARTESIAN_POINT('',(610.,610.,0.));
#16747 = LINE('',#16748,#16749);
#16748 = CARTESIAN_POINT('',(610.,595.,0.));
#16749 = VECTOR('',#16750,1.);
#16750 = DIRECTION('',(0.,1.,0.));
#16751 = ORIENTED_EDGE('',*,*,#16752,.T.);
#16752 = EDGE_CURVE('',#16745,#16753,#16755,.T.);
#16753 = VERTEX_POINT('',#16754);
#16754 = CARTESIAN_POINT('',(610.,610.,60.));
#16755 = LINE('',#16756,#16757);
#16756 = CARTESIAN_POINT('',(610.,610.,0.));
#16757 = VECTOR('',#16758,1.);
#16758 = DIRECTION('',(0.,0.,1.));
#16759 = ORIENTED_EDGE('',*,*,#16760,.F.);
#16760 = EDGE_CURVE('',#16737,#16753,#16761,.T.);
#16761 = LINE('',#16762,#16763);
#16762 = CARTESIAN_POINT('',(610.,595.,60.));
#16763 = VECTOR('',#16764,1.);
#16764 = DIRECTION('',(0.,1.,0.));
#16765 = PLANE('',#16766);
#16766 = AXIS2_PLACEMENT_3D('',#16767,#16768,#16769);
#16767 = CARTESIAN_POINT('',(610.,595.,0.));
#16768 = DIRECTION('',(1.,0.,0.));
#16769 = DIRECTION('',(0.,0.,1.));
#16770 = ADVANCED_FACE('',(#16771),#16805,.T.);
#16771 = FACE_BOUND('',#16772,.T.);
#16772 = EDGE_LOOP('',(#16773,#16783,#16791,#16799));
#16773 = ORIENTED_EDGE('',*,*,#16774,.F.);
#16774 = EDGE_CURVE('',#16775,#16777,#16779,.T.);
#16775 = VERTEX_POINT('',#16776);
#16776 = CARTESIAN_POINT('',(625.,595.,0.));
#16777 = VERTEX_POINT('',#16778);
#16778 = CARTESIAN_POINT('',(625.,595.,60.));
#16779 = LINE('',#16780,#16781);
#16780 = CARTESIAN_POINT('',(625.,595.,0.));
#16781 = VECTOR('',#16782,1.);
#16782 = DIRECTION('',(0.,0.,1.));
#16783 = ORIENTED_EDGE('',*,*,#16784,.T.);
#16784 = EDGE_CURVE('',#16775,#16785,#16787,.T.);
#16785 = VERTEX_POINT('',#16786);
#16786 = CARTESIAN_POINT('',(625.,610.,0.));
#16787 = LINE('',#16788,#16789);
#16788 = CARTESIAN_POINT('',(625.,595.,0.));
#16789 = VECTOR('',#16790,1.);
#16790 = DIRECTION('',(0.,1.,0.));
#16791 = ORIENTED_EDGE('',*,*,#16792,.T.);
#16792 = EDGE_CURVE('',#16785,#16793,#16795,.T.);
#16793 = VERTEX_POINT('',#16794);
#16794 = CARTESIAN_POINT('',(625.,610.,60.));
#16795 = LINE('',#16796,#16797);
#16796 = CARTESIAN_POINT('',(625.,610.,0.));
#16797 = VECTOR('',#16798,1.);
#16798 = DIRECTION('',(0.,0.,1.));
#16799 = ORIENTED_EDGE('',*,*,#16800,.F.);
#16800 = EDGE_CURVE('',#16777,#16793,#16801,.T.);
#16801 = LINE('',#16802,#16803);
#16802 = CARTESIAN_POINT('',(625.,595.,60.));
#16803 = VECTOR('',#16804,1.);
#16804 = DIRECTION('',(0.,1.,0.));
#16805 = PLANE('',#16806);
#16806 = AXIS2_PLACEMENT_3D('',#16807,#16808,#16809);
#16807 = CARTESIAN_POINT('',(625.,595.,0.));
#16808 = DIRECTION('',(1.,0.,0.));
#16809 = DIRECTION('',(0.,0.,1.));
#16810 = ADVANCED_FACE('',(#16811),#16827,.F.);
#16811 = FACE_BOUND('',#16812,.F.);
#16812 = EDGE_LOOP('',(#16813,#16819,#16820,#16826));
#16813 = ORIENTED_EDGE('',*,*,#16814,.F.);
#16814 = EDGE_CURVE('',#16735,#16775,#16815,.T.);
#16815 = LINE('',#16816,#16817);
#16816 = CARTESIAN_POINT('',(610.,595.,0.));
#16817 = VECTOR('',#16818,1.);
#16818 = DIRECTION('',(1.,0.,0.));
#16819 = ORIENTED_EDGE('',*,*,#16734,.T.);
#16820 = ORIENTED_EDGE('',*,*,#16821,.T.);
#16821 = EDGE_CURVE('',#16737,#16777,#16822,.T.);
#16822 = LINE('',#16823,#16824);
#16823 = CARTESIAN_POINT('',(610.,595.,60.));
#16824 = VECTOR('',#16825,1.);
#16825 = DIRECTION('',(1.,0.,0.));
#16826 = ORIENTED_EDGE('',*,*,#16774,.F.);
#16827 = PLANE('',#16828);
#16828 = AXIS2_PLACEMENT_3D('',#16829,#16830,#16831);
#16829 = CARTESIAN_POINT('',(610.,595.,0.));
#16830 = DIRECTION('',(0.,1.,0.));
#16831 = DIRECTION('',(0.,0.,1.));
#16832 = ADVANCED_FACE('',(#16833),#16849,.T.);
#16833 = FACE_BOUND('',#16834,.T.);
#16834 = EDGE_LOOP('',(#16835,#16841,#16842,#16848));
#16835 = ORIENTED_EDGE('',*,*,#16836,.F.);
#16836 = EDGE_CURVE('',#16745,#16785,#16837,.T.);
#16837 = LINE('',#16838,#16839);
#16838 = CARTESIAN_POINT('',(610.,610.,0.));
#16839 = VECTOR('',#16840,1.);
#16840 = DIRECTION('',(1.,0.,0.));
#16841 = ORIENTED_EDGE('',*,*,#16752,.T.);
#16842 = ORIENTED_EDGE('',*,*,#16843,.T.);
#16843 = EDGE_CURVE('',#16753,#16793,#16844,.T.);
#16844 = LINE('',#16845,#16846);
#16845 = CARTESIAN_POINT('',(610.,610.,60.));
#16846 = VECTOR('',#16847,1.);
#16847 = DIRECTION('',(1.,0.,0.));
#16848 = ORIENTED_EDGE('',*,*,#16792,.F.);
#16849 = PLANE('',#16850);
#16850 = AXIS2_PLACEMENT_3D('',#16851,#16852,#16853);
#16851 = CARTESIAN_POINT('',(610.,610.,0.));
#16852 = DIRECTION('',(0.,1.,0.));
#16853 = DIRECTION('',(0.,0.,1.));
#16854 = ADVANCED_FACE('',(#16855),#16861,.F.);
#16855 = FACE_BOUND('',#16856,.F.);
#16856 = EDGE_LOOP('',(#16857,#16858,#16859,#16860));
#16857 = ORIENTED_EDGE('',*,*,#16744,.F.);
#16858 = ORIENTED_EDGE('',*,*,#16814,.T.);
#16859 = ORIENTED_EDGE('',*,*,#16784,.T.);
#16860 = ORIENTED_EDGE('',*,*,#16836,.F.);
#16861 = PLANE('',#16862);
#16862 = AXIS2_PLACEMENT_3D('',#16863,#16864,#16865);
#16863 = CARTESIAN_POINT('',(610.,595.,0.));
#16864 = DIRECTION('',(0.,0.,1.));
#16865 = DIRECTION('',(1.,0.,0.));
#16866 = ADVANCED_FACE('',(#16867),#16873,.T.);
#16867 = FACE_BOUND('',#16868,.T.);
#16868 = EDGE_LOOP('',(#16869,#16870,#16871,#16872));
#16869 = ORIENTED_EDGE('',*,*,#16760,.F.);
#16870 = ORIENTED_EDGE('',*,*,#16821,.T.);
#16871 = ORIENTED_EDGE('',*,*,#16800,.T.);
#16872 = ORIENTED_EDGE('',*,*,#16843,.F.);
#16873 = PLANE('',#16874);
#16874 = AXIS2_PLACEMENT_3D('',#16875,#16876,#16877);
#16875 = CARTESIAN_POINT('',(610.,595.,60.));
#16876 = DIRECTION('',(0.,0.,1.));
#16877 = DIRECTION('',(1.,0.,0.));
#16878 = MANIFOLD_SOLID_BREP('',#16879);
#16879 = CLOSED_SHELL('',(#16880,#16920,#16960,#16982,#17004,#17016));
#16880 = ADVANCED_FACE('',(#16881),#16915,.F.);
#16881 = FACE_BOUND('',#16882,.F.);
#16882 = EDGE_LOOP('',(#16883,#16893,#16901,#16909));
#16883 = ORIENTED_EDGE('',*,*,#16884,.F.);
#16884 = EDGE_CURVE('',#16885,#16887,#16889,.T.);
#16885 = VERTEX_POINT('',#16886);
#16886 = CARTESIAN_POINT('',(610.,290.,60.));
#16887 = VERTEX_POINT('',#16888);
#16888 = CARTESIAN_POINT('',(610.,290.,105.));
#16889 = LINE('',#16890,#16891);
#16890 = CARTESIAN_POINT('',(610.,290.,60.));
#16891 = VECTOR('',#16892,1.);
#16892 = DIRECTION('',(0.,0.,1.));
#16893 = ORIENTED_EDGE('',*,*,#16894,.T.);
#16894 = EDGE_CURVE('',#16885,#16895,#16897,.T.);
#16895 = VERTEX_POINT('',#16896);
#16896 = CARTESIAN_POINT('',(610.,610.,60.));
#16897 = LINE('',#16898,#16899);
#16898 = CARTESIAN_POINT('',(610.,290.,60.));
#16899 = VECTOR('',#16900,1.);
#16900 = DIRECTION('',(0.,1.,0.));
#16901 = ORIENTED_EDGE('',*,*,#16902,.T.);
#16902 = EDGE_CURVE('',#16895,#16903,#16905,.T.);
#16903 = VERTEX_POINT('',#16904);
#16904 = CARTESIAN_POINT('',(610.,610.,105.));
#16905 = LINE('',#16906,#16907);
#16906 = CARTESIAN_POINT('',(610.,610.,60.));
#16907 = VECTOR('',#16908,1.);
#16908 = DIRECTION('',(0.,0.,1.));
#16909 = ORIENTED_EDGE('',*,*,#16910,.F.);
#16910 = EDGE_CURVE('',#16887,#16903,#16911,.T.);
#16911 = LINE('',#16912,#16913);
#16912 = CARTESIAN_POINT('',(610.,290.,105.));
#16913 = VECTOR('',#16914,1.);
#16914 = DIRECTION('',(0.,1.,0.));
#16915 = PLANE('',#16916);
#16916 = AXIS2_PLACEMENT_3D('',#16917,#16918,#16919);
#16917 = CARTESIAN_POINT('',(610.,290.,60.));
#16918 = DIRECTION('',(1.,0.,0.));
#16919 = DIRECTION('',(0.,0.,1.));
#16920 = ADVANCED_FACE('',(#16921),#16955,.T.);
#16921 = FACE_BOUND('',#16922,.T.);
#16922 = EDGE_LOOP('',(#16923,#16933,#16941,#16949));
#16923 = ORIENTED_EDGE('',*,*,#16924,.F.);
#16924 = EDGE_CURVE('',#16925,#16927,#16929,.T.);
#16925 = VERTEX_POINT('',#16926);
#16926 = CARTESIAN_POINT('',(625.,290.,60.));
#16927 = VERTEX_POINT('',#16928);
#16928 = CARTESIAN_POINT('',(625.,290.,105.));
#16929 = LINE('',#16930,#16931);
#16930 = CARTESIAN_POINT('',(625.,290.,60.));
#16931 = VECTOR('',#16932,1.);
#16932 = DIRECTION('',(0.,0.,1.));
#16933 = ORIENTED_EDGE('',*,*,#16934,.T.);
#16934 = EDGE_CURVE('',#16925,#16935,#16937,.T.);
#16935 = VERTEX_POINT('',#16936);
#16936 = CARTESIAN_POINT('',(625.,610.,60.));
#16937 = LINE('',#16938,#16939);
#16938 = CARTESIAN_POINT('',(625.,290.,60.));
#16939 = VECTOR('',#16940,1.);
#16940 = DIRECTION('',(0.,1.,0.));
#16941 = ORIENTED_EDGE('',*,*,#16942,.T.);
#16942 = EDGE_CURVE('',#16935,#16943,#16945,.T.);
#16943 = VERTEX_POINT('',#16944);
#16944 = CARTESIAN_POINT('',(625.,610.,105.));
#16945 = LINE('',#16946,#16947);
#16946 = CARTESIAN_POINT('',(625.,610.,60.));
#16947 = VECTOR('',#16948,1.);
#16948 = DIRECTION('',(0.,0.,1.));
#16949 = ORIENTED_EDGE('',*,*,#16950,.F.);
#16950 = EDGE_CURVE('',#16927,#16943,#16951,.T.);
#16951 = LINE('',#16952,#16953);
#16952 = CARTESIAN_POINT('',(625.,290.,105.));
#16953 = VECTOR('',#16954,1.);
#16954 = DIRECTION('',(0.,1.,0.));
#16955 = PLANE('',#16956);
#16956 = AXIS2_PLACEMENT_3D('',#16957,#16958,#16959);
#16957 = CARTESIAN_POINT('',(625.,290.,60.));
#16958 = DIRECTION('',(1.,0.,0.));
#16959 = DIRECTION('',(0.,0.,1.));
#16960 = ADVANCED_FACE('',(#16961),#16977,.F.);
#16961 = FACE_BOUND('',#16962,.F.);
#16962 = EDGE_LOOP('',(#16963,#16969,#16970,#16976));
#16963 = ORIENTED_EDGE('',*,*,#16964,.F.);
#16964 = EDGE_CURVE('',#16885,#16925,#16965,.T.);
#16965 = LINE('',#16966,#16967);
#16966 = CARTESIAN_POINT('',(610.,290.,60.));
#16967 = VECTOR('',#16968,1.);
#16968 = DIRECTION('',(1.,0.,0.));
#16969 = ORIENTED_EDGE('',*,*,#16884,.T.);
#16970 = ORIENTED_EDGE('',*,*,#16971,.T.);
#16971 = EDGE_CURVE('',#16887,#16927,#16972,.T.);
#16972 = LINE('',#16973,#16974);
#16973 = CARTESIAN_POINT('',(610.,290.,105.));
#16974 = VECTOR('',#16975,1.);
#16975 = DIRECTION('',(1.,0.,0.));
#16976 = ORIENTED_EDGE('',*,*,#16924,.F.);
#16977 = PLANE('',#16978);
#16978 = AXIS2_PLACEMENT_3D('',#16979,#16980,#16981);
#16979 = CARTESIAN_POINT('',(610.,290.,60.));
#16980 = DIRECTION('',(0.,1.,0.));
#16981 = DIRECTION('',(0.,0.,1.));
#16982 = ADVANCED_FACE('',(#16983),#16999,.T.);
#16983 = FACE_BOUND('',#16984,.T.);
#16984 = EDGE_LOOP('',(#16985,#16991,#16992,#16998));
#16985 = ORIENTED_EDGE('',*,*,#16986,.F.);
#16986 = EDGE_CURVE('',#16895,#16935,#16987,.T.);
#16987 = LINE('',#16988,#16989);
#16988 = CARTESIAN_POINT('',(610.,610.,60.));
#16989 = VECTOR('',#16990,1.);
#16990 = DIRECTION('',(1.,0.,0.));
#16991 = ORIENTED_EDGE('',*,*,#16902,.T.);
#16992 = ORIENTED_EDGE('',*,*,#16993,.T.);
#16993 = EDGE_CURVE('',#16903,#16943,#16994,.T.);
#16994 = LINE('',#16995,#16996);
#16995 = CARTESIAN_POINT('',(610.,610.,105.));
#16996 = VECTOR('',#16997,1.);
#16997 = DIRECTION('',(1.,0.,0.));
#16998 = ORIENTED_EDGE('',*,*,#16942,.F.);
#16999 = PLANE('',#17000);
#17000 = AXIS2_PLACEMENT_3D('',#17001,#17002,#17003);
#17001 = CARTESIAN_POINT('',(610.,610.,60.));
#17002 = DIRECTION('',(0.,1.,0.));
#17003 = DIRECTION('',(0.,0.,1.));
#17004 = ADVANCED_FACE('',(#17005),#17011,.F.);
#17005 = FACE_BOUND('',#17006,.F.);
#17006 = EDGE_LOOP('',(#17007,#17008,#17009,#17010));
#17007 = ORIENTED_EDGE('',*,*,#16894,.F.);
#17008 = ORIENTED_EDGE('',*,*,#16964,.T.);
#17009 = ORIENTED_EDGE('',*,*,#16934,.T.);
#17010 = ORIENTED_EDGE('',*,*,#16986,.F.);
#17011 = PLANE('',#17012);
#17012 = AXIS2_PLACEMENT_3D('',#17013,#17014,#17015);
#17013 = CARTESIAN_POINT('',(610.,290.,60.));
#17014 = DIRECTION('',(0.,0.,1.));
#17015 = DIRECTION('',(1.,0.,0.));
#17016 = ADVANCED_FACE('',(#17017),#17023,.T.);
#17017 = FACE_BOUND('',#17018,.T.);
#17018 = EDGE_LOOP('',(#17019,#17020,#17021,#17022));
#17019 = ORIENTED_EDGE('',*,*,#16910,.F.);
#17020 = ORIENTED_EDGE('',*,*,#16971,.T.);
#17021 = ORIENTED_EDGE('',*,*,#16950,.T.);
#17022 = ORIENTED_EDGE('',*,*,#16993,.F.);
#17023 = PLANE('',#17024);
#17024 = AXIS2_PLACEMENT_3D('',#17025,#17026,#17027);
#17025 = CARTESIAN_POINT('',(610.,290.,105.));
#17026 = DIRECTION('',(0.,0.,1.));
#17027 = DIRECTION('',(1.,0.,0.));
#17028 = MANIFOLD_SOLID_BREP('',#17029);
#17029 = CLOSED_SHELL('',(#17030,#17070,#17110,#17132,#17154,#17166));
#17030 = ADVANCED_FACE('',(#17031),#17065,.F.);
#17031 = FACE_BOUND('',#17032,.F.);
#17032 = EDGE_LOOP('',(#17033,#17043,#17051,#17059));
#17033 = ORIENTED_EDGE('',*,*,#17034,.F.);
#17034 = EDGE_CURVE('',#17035,#17037,#17039,.T.);
#17035 = VERTEX_POINT('',#17036);
#17036 = CARTESIAN_POINT('',(705.,290.,0.));
#17037 = VERTEX_POINT('',#17038);
#17038 = CARTESIAN_POINT('',(705.,290.,60.));
#17039 = LINE('',#17040,#17041);
#17040 = CARTESIAN_POINT('',(705.,290.,0.));
#17041 = VECTOR('',#17042,1.);
#17042 = DIRECTION('',(0.,0.,1.));
#17043 = ORIENTED_EDGE('',*,*,#17044,.T.);
#17044 = EDGE_CURVE('',#17035,#17045,#17047,.T.);
#17045 = VERTEX_POINT('',#17046);
#17046 = CARTESIAN_POINT('',(705.,305.,0.));
#17047 = LINE('',#17048,#17049);
#17048 = CARTESIAN_POINT('',(705.,290.,0.));
#17049 = VECTOR('',#17050,1.);
#17050 = DIRECTION('',(0.,1.,0.));
#17051 = ORIENTED_EDGE('',*,*,#17052,.T.);
#17052 = EDGE_CURVE('',#17045,#17053,#17055,.T.);
#17053 = VERTEX_POINT('',#17054);
#17054 = CARTESIAN_POINT('',(705.,305.,60.));
#17055 = LINE('',#17056,#17057);
#17056 = CARTESIAN_POINT('',(705.,305.,0.));
#17057 = VECTOR('',#17058,1.);
#17058 = DIRECTION('',(0.,0.,1.));
#17059 = ORIENTED_EDGE('',*,*,#17060,.F.);
#17060 = EDGE_CURVE('',#17037,#17053,#17061,.T.);
#17061 = LINE('',#17062,#17063);
#17062 = CARTESIAN_POINT('',(705.,290.,60.));
#17063 = VECTOR('',#17064,1.);
#17064 = DIRECTION('',(0.,1.,0.));
#17065 = PLANE('',#17066);
#17066 = AXIS2_PLACEMENT_3D('',#17067,#17068,#17069);
#17067 = CARTESIAN_POINT('',(705.,290.,0.));
#17068 = DIRECTION('',(1.,0.,0.));
#17069 = DIRECTION('',(0.,0.,1.));
#17070 = ADVANCED_FACE('',(#17071),#17105,.T.);
#17071 = FACE_BOUND('',#17072,.T.);
#17072 = EDGE_LOOP('',(#17073,#17083,#17091,#17099));
#17073 = ORIENTED_EDGE('',*,*,#17074,.F.);
#17074 = EDGE_CURVE('',#17075,#17077,#17079,.T.);
#17075 = VERTEX_POINT('',#17076);
#17076 = CARTESIAN_POINT('',(720.,290.,0.));
#17077 = VERTEX_POINT('',#17078);
#17078 = CARTESIAN_POINT('',(720.,290.,60.));
#17079 = LINE('',#17080,#17081);
#17080 = CARTESIAN_POINT('',(720.,290.,0.));
#17081 = VECTOR('',#17082,1.);
#17082 = DIRECTION('',(0.,0.,1.));
#17083 = ORIENTED_EDGE('',*,*,#17084,.T.);
#17084 = EDGE_CURVE('',#17075,#17085,#17087,.T.);
#17085 = VERTEX_POINT('',#17086);
#17086 = CARTESIAN_POINT('',(720.,305.,0.));
#17087 = LINE('',#17088,#17089);
#17088 = CARTESIAN_POINT('',(720.,290.,0.));
#17089 = VECTOR('',#17090,1.);
#17090 = DIRECTION('',(0.,1.,0.));
#17091 = ORIENTED_EDGE('',*,*,#17092,.T.);
#17092 = EDGE_CURVE('',#17085,#17093,#17095,.T.);
#17093 = VERTEX_POINT('',#17094);
#17094 = CARTESIAN_POINT('',(720.,305.,60.));
#17095 = LINE('',#17096,#17097);
#17096 = CARTESIAN_POINT('',(720.,305.,0.));
#17097 = VECTOR('',#17098,1.);
#17098 = DIRECTION('',(0.,0.,1.));
#17099 = ORIENTED_EDGE('',*,*,#17100,.F.);
#17100 = EDGE_CURVE('',#17077,#17093,#17101,.T.);
#17101 = LINE('',#17102,#17103);
#17102 = CARTESIAN_POINT('',(720.,290.,60.));
#17103 = VECTOR('',#17104,1.);
#17104 = DIRECTION('',(0.,1.,0.));
#17105 = PLANE('',#17106);
#17106 = AXIS2_PLACEMENT_3D('',#17107,#17108,#17109);
#17107 = CARTESIAN_POINT('',(720.,290.,0.));
#17108 = DIRECTION('',(1.,0.,0.));
#17109 = DIRECTION('',(0.,0.,1.));
#17110 = ADVANCED_FACE('',(#17111),#17127,.F.);
#17111 = FACE_BOUND('',#17112,.F.);
#17112 = EDGE_LOOP('',(#17113,#17119,#17120,#17126));
#17113 = ORIENTED_EDGE('',*,*,#17114,.F.);
#17114 = EDGE_CURVE('',#17035,#17075,#17115,.T.);
#17115 = LINE('',#17116,#17117);
#17116 = CARTESIAN_POINT('',(705.,290.,0.));
#17117 = VECTOR('',#17118,1.);
#17118 = DIRECTION('',(1.,0.,0.));
#17119 = ORIENTED_EDGE('',*,*,#17034,.T.);
#17120 = ORIENTED_EDGE('',*,*,#17121,.T.);
#17121 = EDGE_CURVE('',#17037,#17077,#17122,.T.);
#17122 = LINE('',#17123,#17124);
#17123 = CARTESIAN_POINT('',(705.,290.,60.));
#17124 = VECTOR('',#17125,1.);
#17125 = DIRECTION('',(1.,0.,0.));
#17126 = ORIENTED_EDGE('',*,*,#17074,.F.);
#17127 = PLANE('',#17128);
#17128 = AXIS2_PLACEMENT_3D('',#17129,#17130,#17131);
#17129 = CARTESIAN_POINT('',(705.,290.,0.));
#17130 = DIRECTION('',(0.,1.,0.));
#17131 = DIRECTION('',(0.,0.,1.));
#17132 = ADVANCED_FACE('',(#17133),#17149,.T.);
#17133 = FACE_BOUND('',#17134,.T.);
#17134 = EDGE_LOOP('',(#17135,#17141,#17142,#17148));
#17135 = ORIENTED_EDGE('',*,*,#17136,.F.);
#17136 = EDGE_CURVE('',#17045,#17085,#17137,.T.);
#17137 = LINE('',#17138,#17139);
#17138 = CARTESIAN_POINT('',(705.,305.,0.));
#17139 = VECTOR('',#17140,1.);
#17140 = DIRECTION('',(1.,0.,0.));
#17141 = ORIENTED_EDGE('',*,*,#17052,.T.);
#17142 = ORIENTED_EDGE('',*,*,#17143,.T.);
#17143 = EDGE_CURVE('',#17053,#17093,#17144,.T.);
#17144 = LINE('',#17145,#17146);
#17145 = CARTESIAN_POINT('',(705.,305.,60.));
#17146 = VECTOR('',#17147,1.);
#17147 = DIRECTION('',(1.,0.,0.));
#17148 = ORIENTED_EDGE('',*,*,#17092,.F.);
#17149 = PLANE('',#17150);
#17150 = AXIS2_PLACEMENT_3D('',#17151,#17152,#17153);
#17151 = CARTESIAN_POINT('',(705.,305.,0.));
#17152 = DIRECTION('',(0.,1.,0.));
#17153 = DIRECTION('',(0.,0.,1.));
#17154 = ADVANCED_FACE('',(#17155),#17161,.F.);
#17155 = FACE_BOUND('',#17156,.F.);
#17156 = EDGE_LOOP('',(#17157,#17158,#17159,#17160));
#17157 = ORIENTED_EDGE('',*,*,#17044,.F.);
#17158 = ORIENTED_EDGE('',*,*,#17114,.T.);
#17159 = ORIENTED_EDGE('',*,*,#17084,.T.);
#17160 = ORIENTED_EDGE('',*,*,#17136,.F.);
#17161 = PLANE('',#17162);
#17162 = AXIS2_PLACEMENT_3D('',#17163,#17164,#17165);
#17163 = CARTESIAN_POINT('',(705.,290.,0.));
#17164 = DIRECTION('',(0.,0.,1.));
#17165 = DIRECTION('',(1.,0.,0.));
#17166 = ADVANCED_FACE('',(#17167),#17173,.T.);
#17167 = FACE_BOUND('',#17168,.T.);
#17168 = EDGE_LOOP('',(#17169,#17170,#17171,#17172));
#17169 = ORIENTED_EDGE('',*,*,#17060,.F.);
#17170 = ORIENTED_EDGE('',*,*,#17121,.T.);
#17171 = ORIENTED_EDGE('',*,*,#17100,.T.);
#17172 = ORIENTED_EDGE('',*,*,#17143,.F.);
#17173 = PLANE('',#17174);
#17174 = AXIS2_PLACEMENT_3D('',#17175,#17176,#17177);
#17175 = CARTESIAN_POINT('',(705.,290.,60.));
#17176 = DIRECTION('',(0.,0.,1.));
#17177 = DIRECTION('',(1.,0.,0.));
#17178 = MANIFOLD_SOLID_BREP('',#17179);
#17179 = CLOSED_SHELL('',(#17180,#17220,#17260,#17282,#17304,#17316));
#17180 = ADVANCED_FACE('',(#17181),#17215,.F.);
#17181 = FACE_BOUND('',#17182,.F.);
#17182 = EDGE_LOOP('',(#17183,#17193,#17201,#17209));
#17183 = ORIENTED_EDGE('',*,*,#17184,.F.);
#17184 = EDGE_CURVE('',#17185,#17187,#17189,.T.);
#17185 = VERTEX_POINT('',#17186);
#17186 = CARTESIAN_POINT('',(705.,595.,0.));
#17187 = VERTEX_POINT('',#17188);
#17188 = CARTESIAN_POINT('',(705.,595.,60.));
#17189 = LINE('',#17190,#17191);
#17190 = CARTESIAN_POINT('',(705.,595.,0.));
#17191 = VECTOR('',#17192,1.);
#17192 = DIRECTION('',(0.,0.,1.));
#17193 = ORIENTED_EDGE('',*,*,#17194,.T.);
#17194 = EDGE_CURVE('',#17185,#17195,#17197,.T.);
#17195 = VERTEX_POINT('',#17196);
#17196 = CARTESIAN_POINT('',(705.,610.,0.));
#17197 = LINE('',#17198,#17199);
#17198 = CARTESIAN_POINT('',(705.,595.,0.));
#17199 = VECTOR('',#17200,1.);
#17200 = DIRECTION('',(0.,1.,0.));
#17201 = ORIENTED_EDGE('',*,*,#17202,.T.);
#17202 = EDGE_CURVE('',#17195,#17203,#17205,.T.);
#17203 = VERTEX_POINT('',#17204);
#17204 = CARTESIAN_POINT('',(705.,610.,60.));
#17205 = LINE('',#17206,#17207);
#17206 = CARTESIAN_POINT('',(705.,610.,0.));
#17207 = VECTOR('',#17208,1.);
#17208 = DIRECTION('',(0.,0.,1.));
#17209 = ORIENTED_EDGE('',*,*,#17210,.F.);
#17210 = EDGE_CURVE('',#17187,#17203,#17211,.T.);
#17211 = LINE('',#17212,#17213);
#17212 = CARTESIAN_POINT('',(705.,595.,60.));
#17213 = VECTOR('',#17214,1.);
#17214 = DIRECTION('',(0.,1.,0.));
#17215 = PLANE('',#17216);
#17216 = AXIS2_PLACEMENT_3D('',#17217,#17218,#17219);
#17217 = CARTESIAN_POINT('',(705.,595.,0.));
#17218 = DIRECTION('',(1.,0.,0.));
#17219 = DIRECTION('',(0.,0.,1.));
#17220 = ADVANCED_FACE('',(#17221),#17255,.T.);
#17221 = FACE_BOUND('',#17222,.T.);
#17222 = EDGE_LOOP('',(#17223,#17233,#17241,#17249));
#17223 = ORIENTED_EDGE('',*,*,#17224,.F.);
#17224 = EDGE_CURVE('',#17225,#17227,#17229,.T.);
#17225 = VERTEX_POINT('',#17226);
#17226 = CARTESIAN_POINT('',(720.,595.,0.));
#17227 = VERTEX_POINT('',#17228);
#17228 = CARTESIAN_POINT('',(720.,595.,60.));
#17229 = LINE('',#17230,#17231);
#17230 = CARTESIAN_POINT('',(720.,595.,0.));
#17231 = VECTOR('',#17232,1.);
#17232 = DIRECTION('',(0.,0.,1.));
#17233 = ORIENTED_EDGE('',*,*,#17234,.T.);
#17234 = EDGE_CURVE('',#17225,#17235,#17237,.T.);
#17235 = VERTEX_POINT('',#17236);
#17236 = CARTESIAN_POINT('',(720.,610.,0.));
#17237 = LINE('',#17238,#17239);
#17238 = CARTESIAN_POINT('',(720.,595.,0.));
#17239 = VECTOR('',#17240,1.);
#17240 = DIRECTION('',(0.,1.,0.));
#17241 = ORIENTED_EDGE('',*,*,#17242,.T.);
#17242 = EDGE_CURVE('',#17235,#17243,#17245,.T.);
#17243 = VERTEX_POINT('',#17244);
#17244 = CARTESIAN_POINT('',(720.,610.,60.));
#17245 = LINE('',#17246,#17247);
#17246 = CARTESIAN_POINT('',(720.,610.,0.));
#17247 = VECTOR('',#17248,1.);
#17248 = DIRECTION('',(0.,0.,1.));
#17249 = ORIENTED_EDGE('',*,*,#17250,.F.);
#17250 = EDGE_CURVE('',#17227,#17243,#17251,.T.);
#17251 = LINE('',#17252,#17253);
#17252 = CARTESIAN_POINT('',(720.,595.,60.));
#17253 = VECTOR('',#17254,1.);
#17254 = DIRECTION('',(0.,1.,0.));
#17255 = PLANE('',#17256);
#17256 = AXIS2_PLACEMENT_3D('',#17257,#17258,#17259);
#17257 = CARTESIAN_POINT('',(720.,595.,0.));
#17258 = DIRECTION('',(1.,0.,0.));
#17259 = DIRECTION('',(0.,0.,1.));
#17260 = ADVANCED_FACE('',(#17261),#17277,.F.);
#17261 = FACE_BOUND('',#17262,.F.);
#17262 = EDGE_LOOP('',(#17263,#17269,#17270,#17276));
#17263 = ORIENTED_EDGE('',*,*,#17264,.F.);
#17264 = EDGE_CURVE('',#17185,#17225,#17265,.T.);
#17265 = LINE('',#17266,#17267);
#17266 = CARTESIAN_POINT('',(705.,595.,0.));
#17267 = VECTOR('',#17268,1.);
#17268 = DIRECTION('',(1.,0.,0.));
#17269 = ORIENTED_EDGE('',*,*,#17184,.T.);
#17270 = ORIENTED_EDGE('',*,*,#17271,.T.);
#17271 = EDGE_CURVE('',#17187,#17227,#17272,.T.);
#17272 = LINE('',#17273,#17274);
#17273 = CARTESIAN_POINT('',(705.,595.,60.));
#17274 = VECTOR('',#17275,1.);
#17275 = DIRECTION('',(1.,0.,0.));
#17276 = ORIENTED_EDGE('',*,*,#17224,.F.);
#17277 = PLANE('',#17278);
#17278 = AXIS2_PLACEMENT_3D('',#17279,#17280,#17281);
#17279 = CARTESIAN_POINT('',(705.,595.,0.));
#17280 = DIRECTION('',(0.,1.,0.));
#17281 = DIRECTION('',(0.,0.,1.));
#17282 = ADVANCED_FACE('',(#17283),#17299,.T.);
#17283 = FACE_BOUND('',#17284,.T.);
#17284 = EDGE_LOOP('',(#17285,#17291,#17292,#17298));
#17285 = ORIENTED_EDGE('',*,*,#17286,.F.);
#17286 = EDGE_CURVE('',#17195,#17235,#17287,.T.);
#17287 = LINE('',#17288,#17289);
#17288 = CARTESIAN_POINT('',(705.,610.,0.));
#17289 = VECTOR('',#17290,1.);
#17290 = DIRECTION('',(1.,0.,0.));
#17291 = ORIENTED_EDGE('',*,*,#17202,.T.);
#17292 = ORIENTED_EDGE('',*,*,#17293,.T.);
#17293 = EDGE_CURVE('',#17203,#17243,#17294,.T.);
#17294 = LINE('',#17295,#17296);
#17295 = CARTESIAN_POINT('',(705.,610.,60.));
#17296 = VECTOR('',#17297,1.);
#17297 = DIRECTION('',(1.,0.,0.));
#17298 = ORIENTED_EDGE('',*,*,#17242,.F.);
#17299 = PLANE('',#17300);
#17300 = AXIS2_PLACEMENT_3D('',#17301,#17302,#17303);
#17301 = CARTESIAN_POINT('',(705.,610.,0.));
#17302 = DIRECTION('',(0.,1.,0.));
#17303 = DIRECTION('',(0.,0.,1.));
#17304 = ADVANCED_FACE('',(#17305),#17311,.F.);
#17305 = FACE_BOUND('',#17306,.F.);
#17306 = EDGE_LOOP('',(#17307,#17308,#17309,#17310));
#17307 = ORIENTED_EDGE('',*,*,#17194,.F.);
#17308 = ORIENTED_EDGE('',*,*,#17264,.T.);
#17309 = ORIENTED_EDGE('',*,*,#17234,.T.);
#17310 = ORIENTED_EDGE('',*,*,#17286,.F.);
#17311 = PLANE('',#17312);
#17312 = AXIS2_PLACEMENT_3D('',#17313,#17314,#17315);
#17313 = CARTESIAN_POINT('',(705.,595.,0.));
#17314 = DIRECTION('',(0.,0.,1.));
#17315 = DIRECTION('',(1.,0.,0.));
#17316 = ADVANCED_FACE('',(#17317),#17323,.T.);
#17317 = FACE_BOUND('',#17318,.T.);
#17318 = EDGE_LOOP('',(#17319,#17320,#17321,#17322));
#17319 = ORIENTED_EDGE('',*,*,#17210,.F.);
#17320 = ORIENTED_EDGE('',*,*,#17271,.T.);
#17321 = ORIENTED_EDGE('',*,*,#17250,.T.);
#17322 = ORIENTED_EDGE('',*,*,#17293,.F.);
#17323 = PLANE('',#17324);
#17324 = AXIS2_PLACEMENT_3D('',#17325,#17326,#17327);
#17325 = CARTESIAN_POINT('',(705.,595.,60.));
#17326 = DIRECTION('',(0.,0.,1.));
#17327 = DIRECTION('',(1.,0.,0.));
#17328 = MANIFOLD_SOLID_BREP('',#17329);
#17329 = CLOSED_SHELL('',(#17330,#17370,#17410,#17432,#17454,#17466));
#17330 = ADVANCED_FACE('',(#17331),#17365,.F.);
#17331 = FACE_BOUND('',#17332,.F.);
#17332 = EDGE_LOOP('',(#17333,#17343,#17351,#17359));
#17333 = ORIENTED_EDGE('',*,*,#17334,.F.);
#17334 = EDGE_CURVE('',#17335,#17337,#17339,.T.);
#17335 = VERTEX_POINT('',#17336);
#17336 = CARTESIAN_POINT('',(705.,290.,60.));
#17337 = VERTEX_POINT('',#17338);
#17338 = CARTESIAN_POINT('',(705.,290.,105.));
#17339 = LINE('',#17340,#17341);
#17340 = CARTESIAN_POINT('',(705.,290.,60.));
#17341 = VECTOR('',#17342,1.);
#17342 = DIRECTION('',(0.,0.,1.));
#17343 = ORIENTED_EDGE('',*,*,#17344,.T.);
#17344 = EDGE_CURVE('',#17335,#17345,#17347,.T.);
#17345 = VERTEX_POINT('',#17346);
#17346 = CARTESIAN_POINT('',(705.,610.,60.));
#17347 = LINE('',#17348,#17349);
#17348 = CARTESIAN_POINT('',(705.,290.,60.));
#17349 = VECTOR('',#17350,1.);
#17350 = DIRECTION('',(0.,1.,0.));
#17351 = ORIENTED_EDGE('',*,*,#17352,.T.);
#17352 = EDGE_CURVE('',#17345,#17353,#17355,.T.);
#17353 = VERTEX_POINT('',#17354);
#17354 = CARTESIAN_POINT('',(705.,610.,105.));
#17355 = LINE('',#17356,#17357);
#17356 = CARTESIAN_POINT('',(705.,610.,60.));
#17357 = VECTOR('',#17358,1.);
#17358 = DIRECTION('',(0.,0.,1.));
#17359 = ORIENTED_EDGE('',*,*,#17360,.F.);
#17360 = EDGE_CURVE('',#17337,#17353,#17361,.T.);
#17361 = LINE('',#17362,#17363);
#17362 = CARTESIAN_POINT('',(705.,290.,105.));
#17363 = VECTOR('',#17364,1.);
#17364 = DIRECTION('',(0.,1.,0.));
#17365 = PLANE('',#17366);
#17366 = AXIS2_PLACEMENT_3D('',#17367,#17368,#17369);
#17367 = CARTESIAN_POINT('',(705.,290.,60.));
#17368 = DIRECTION('',(1.,0.,0.));
#17369 = DIRECTION('',(0.,0.,1.));
#17370 = ADVANCED_FACE('',(#17371),#17405,.T.);
#17371 = FACE_BOUND('',#17372,.T.);
#17372 = EDGE_LOOP('',(#17373,#17383,#17391,#17399));
#17373 = ORIENTED_EDGE('',*,*,#17374,.F.);
#17374 = EDGE_CURVE('',#17375,#17377,#17379,.T.);
#17375 = VERTEX_POINT('',#17376);
#17376 = CARTESIAN_POINT('',(720.,290.,60.));
#17377 = VERTEX_POINT('',#17378);
#17378 = CARTESIAN_POINT('',(720.,290.,105.));
#17379 = LINE('',#17380,#17381);
#17380 = CARTESIAN_POINT('',(720.,290.,60.));
#17381 = VECTOR('',#17382,1.);
#17382 = DIRECTION('',(0.,0.,1.));
#17383 = ORIENTED_EDGE('',*,*,#17384,.T.);
#17384 = EDGE_CURVE('',#17375,#17385,#17387,.T.);
#17385 = VERTEX_POINT('',#17386);
#17386 = CARTESIAN_POINT('',(720.,610.,60.));
#17387 = LINE('',#17388,#17389);
#17388 = CARTESIAN_POINT('',(720.,290.,60.));
#17389 = VECTOR('',#17390,1.);
#17390 = DIRECTION('',(0.,1.,0.));
#17391 = ORIENTED_EDGE('',*,*,#17392,.T.);
#17392 = EDGE_CURVE('',#17385,#17393,#17395,.T.);
#17393 = VERTEX_POINT('',#17394);
#17394 = CARTESIAN_POINT('',(720.,610.,105.));
#17395 = LINE('',#17396,#17397);
#17396 = CARTESIAN_POINT('',(720.,610.,60.));
#17397 = VECTOR('',#17398,1.);
#17398 = DIRECTION('',(0.,0.,1.));
#17399 = ORIENTED_EDGE('',*,*,#17400,.F.);
#17400 = EDGE_CURVE('',#17377,#17393,#17401,.T.);
#17401 = LINE('',#17402,#17403);
#17402 = CARTESIAN_POINT('',(720.,290.,105.));
#17403 = VECTOR('',#17404,1.);
#17404 = DIRECTION('',(0.,1.,0.));
#17405 = PLANE('',#17406);
#17406 = AXIS2_PLACEMENT_3D('',#17407,#17408,#17409);
#17407 = CARTESIAN_POINT('',(720.,290.,60.));
#17408 = DIRECTION('',(1.,0.,0.));
#17409 = DIRECTION('',(0.,0.,1.));
#17410 = ADVANCED_FACE('',(#17411),#17427,.F.);
#17411 = FACE_BOUND('',#17412,.F.);
#17412 = EDGE_LOOP('',(#17413,#17419,#17420,#17426));
#17413 = ORIENTED_EDGE('',*,*,#17414,.F.);
#17414 = EDGE_CURVE('',#17335,#17375,#17415,.T.);
#17415 = LINE('',#17416,#17417);
#17416 = CARTESIAN_POINT('',(705.,290.,60.));
#17417 = VECTOR('',#17418,1.);
#17418 = DIRECTION('',(1.,0.,0.));
#17419 = ORIENTED_EDGE('',*,*,#17334,.T.);
#17420 = ORIENTED_EDGE('',*,*,#17421,.T.);
#17421 = EDGE_CURVE('',#17337,#17377,#17422,.T.);
#17422 = LINE('',#17423,#17424);
#17423 = CARTESIAN_POINT('',(705.,290.,105.));
#17424 = VECTOR('',#17425,1.);
#17425 = DIRECTION('',(1.,0.,0.));
#17426 = ORIENTED_EDGE('',*,*,#17374,.F.);
#17427 = PLANE('',#17428);
#17428 = AXIS2_PLACEMENT_3D('',#17429,#17430,#17431);
#17429 = CARTESIAN_POINT('',(705.,290.,60.));
#17430 = DIRECTION('',(0.,1.,0.));
#17431 = DIRECTION('',(0.,0.,1.));
#17432 = ADVANCED_FACE('',(#17433),#17449,.T.);
#17433 = FACE_BOUND('',#17434,.T.);
#17434 = EDGE_LOOP('',(#17435,#17441,#17442,#17448));
#17435 = ORIENTED_EDGE('',*,*,#17436,.F.);
#17436 = EDGE_CURVE('',#17345,#17385,#17437,.T.);
#17437 = LINE('',#17438,#17439);
#17438 = CARTESIAN_POINT('',(705.,610.,60.));
#17439 = VECTOR('',#17440,1.);
#17440 = DIRECTION('',(1.,0.,0.));
#17441 = ORIENTED_EDGE('',*,*,#17352,.T.);
#17442 = ORIENTED_EDGE('',*,*,#17443,.T.);
#17443 = EDGE_CURVE('',#17353,#17393,#17444,.T.);
#17444 = LINE('',#17445,#17446);
#17445 = CARTESIAN_POINT('',(705.,610.,105.));
#17446 = VECTOR('',#17447,1.);
#17447 = DIRECTION('',(1.,0.,0.));
#17448 = ORIENTED_EDGE('',*,*,#17392,.F.);
#17449 = PLANE('',#17450);
#17450 = AXIS2_PLACEMENT_3D('',#17451,#17452,#17453);
#17451 = CARTESIAN_POINT('',(705.,610.,60.));
#17452 = DIRECTION('',(0.,1.,0.));
#17453 = DIRECTION('',(0.,0.,1.));
#17454 = ADVANCED_FACE('',(#17455),#17461,.F.);
#17455 = FACE_BOUND('',#17456,.F.);
#17456 = EDGE_LOOP('',(#17457,#17458,#17459,#17460));
#17457 = ORIENTED_EDGE('',*,*,#17344,.F.);
#17458 = ORIENTED_EDGE('',*,*,#17414,.T.);
#17459 = ORIENTED_EDGE('',*,*,#17384,.T.);
#17460 = ORIENTED_EDGE('',*,*,#17436,.F.);
#17461 = PLANE('',#17462);
#17462 = AXIS2_PLACEMENT_3D('',#17463,#17464,#17465);
#17463 = CARTESIAN_POINT('',(705.,290.,60.));
#17464 = DIRECTION('',(0.,0.,1.));
#17465 = DIRECTION('',(1.,0.,0.));
#17466 = ADVANCED_FACE('',(#17467),#17473,.T.);
#17467 = FACE_BOUND('',#17468,.T.);
#17468 = EDGE_LOOP('',(#17469,#17470,#17471,#17472));
#17469 = ORIENTED_EDGE('',*,*,#17360,.F.);
#17470 = ORIENTED_EDGE('',*,*,#17421,.T.);
#17471 = ORIENTED_EDGE('',*,*,#17400,.T.);
#17472 = ORIENTED_EDGE('',*,*,#17443,.F.);
#17473 = PLANE('',#17474);
#17474 = AXIS2_PLACEMENT_3D('',#17475,#17476,#17477);
#17475 = CARTESIAN_POINT('',(705.,290.,105.));
#17476 = DIRECTION('',(0.,0.,1.));
#17477 = DIRECTION('',(1.,0.,0.));
#17478 = MANIFOLD_SOLID_BREP('',#17479);
#17479 = CLOSED_SHELL('',(#17480,#17520,#17560,#17582,#17604,#17616));
#17480 = ADVANCED_FACE('',(#17481),#17515,.F.);
#17481 = FACE_BOUND('',#17482,.F.);
#17482 = EDGE_LOOP('',(#17483,#17493,#17501,#17509));
#17483 = ORIENTED_EDGE('',*,*,#17484,.F.);
#17484 = EDGE_CURVE('',#17485,#17487,#17489,.T.);
#17485 = VERTEX_POINT('',#17486);
#17486 = CARTESIAN_POINT('',(625.,295.,96.));
#17487 = VERTEX_POINT('',#17488);
#17488 = CARTESIAN_POINT('',(625.,295.,100.));
#17489 = LINE('',#17490,#17491);
#17490 = CARTESIAN_POINT('',(625.,295.,96.));
#17491 = VECTOR('',#17492,1.);
#17492 = DIRECTION('',(0.,0.,1.));
#17493 = ORIENTED_EDGE('',*,*,#17494,.T.);
#17494 = EDGE_CURVE('',#17485,#17495,#17497,.T.);
#17495 = VERTEX_POINT('',#17496);
#17496 = CARTESIAN_POINT('',(625.,605.,96.));
#17497 = LINE('',#17498,#17499);
#17498 = CARTESIAN_POINT('',(625.,295.,96.));
#17499 = VECTOR('',#17500,1.);
#17500 = DIRECTION('',(0.,1.,0.));
#17501 = ORIENTED_EDGE('',*,*,#17502,.T.);
#17502 = EDGE_CURVE('',#17495,#17503,#17505,.T.);
#17503 = VERTEX_POINT('',#17504);
#17504 = CARTESIAN_POINT('',(625.,605.,100.));
#17505 = LINE('',#17506,#17507);
#17506 = CARTESIAN_POINT('',(625.,605.,96.));
#17507 = VECTOR('',#17508,1.);
#17508 = DIRECTION('',(0.,0.,1.));
#17509 = ORIENTED_EDGE('',*,*,#17510,.F.);
#17510 = EDGE_CURVE('',#17487,#17503,#17511,.T.);
#17511 = LINE('',#17512,#17513);
#17512 = CARTESIAN_POINT('',(625.,295.,100.));
#17513 = VECTOR('',#17514,1.);
#17514 = DIRECTION('',(0.,1.,0.));
#17515 = PLANE('',#17516);
#17516 = AXIS2_PLACEMENT_3D('',#17517,#17518,#17519);
#17517 = CARTESIAN_POINT('',(625.,295.,96.));
#17518 = DIRECTION('',(1.,0.,0.));
#17519 = DIRECTION('',(0.,0.,1.));
#17520 = ADVANCED_FACE('',(#17521),#17555,.T.);
#17521 = FACE_BOUND('',#17522,.T.);
#17522 = EDGE_LOOP('',(#17523,#17533,#17541,#17549));
#17523 = ORIENTED_EDGE('',*,*,#17524,.F.);
#17524 = EDGE_CURVE('',#17525,#17527,#17529,.T.);
#17525 = VERTEX_POINT('',#17526);
#17526 = CARTESIAN_POINT('',(645.,295.,96.));
#17527 = VERTEX_POINT('',#17528);
#17528 = CARTESIAN_POINT('',(645.,295.,100.));
#17529 = LINE('',#17530,#17531);
#17530 = CARTESIAN_POINT('',(645.,295.,96.));
#17531 = VECTOR('',#17532,1.);
#17532 = DIRECTION('',(0.,0.,1.));
#17533 = ORIENTED_EDGE('',*,*,#17534,.T.);
#17534 = EDGE_CURVE('',#17525,#17535,#17537,.T.);
#17535 = VERTEX_POINT('',#17536);
#17536 = CARTESIAN_POINT('',(645.,605.,96.));
#17537 = LINE('',#17538,#17539);
#17538 = CARTESIAN_POINT('',(645.,295.,96.));
#17539 = VECTOR('',#17540,1.);
#17540 = DIRECTION('',(0.,1.,0.));
#17541 = ORIENTED_EDGE('',*,*,#17542,.T.);
#17542 = EDGE_CURVE('',#17535,#17543,#17545,.T.);
#17543 = VERTEX_POINT('',#17544);
#17544 = CARTESIAN_POINT('',(645.,605.,100.));
#17545 = LINE('',#17546,#17547);
#17546 = CARTESIAN_POINT('',(645.,605.,96.));
#17547 = VECTOR('',#17548,1.);
#17548 = DIRECTION('',(0.,0.,1.));
#17549 = ORIENTED_EDGE('',*,*,#17550,.F.);
#17550 = EDGE_CURVE('',#17527,#17543,#17551,.T.);
#17551 = LINE('',#17552,#17553);
#17552 = CARTESIAN_POINT('',(645.,295.,100.));
#17553 = VECTOR('',#17554,1.);
#17554 = DIRECTION('',(0.,1.,0.));
#17555 = PLANE('',#17556);
#17556 = AXIS2_PLACEMENT_3D('',#17557,#17558,#17559);
#17557 = CARTESIAN_POINT('',(645.,295.,96.));
#17558 = DIRECTION('',(1.,0.,0.));
#17559 = DIRECTION('',(0.,0.,1.));
#17560 = ADVANCED_FACE('',(#17561),#17577,.F.);
#17561 = FACE_BOUND('',#17562,.F.);
#17562 = EDGE_LOOP('',(#17563,#17569,#17570,#17576));
#17563 = ORIENTED_EDGE('',*,*,#17564,.F.);
#17564 = EDGE_CURVE('',#17485,#17525,#17565,.T.);
#17565 = LINE('',#17566,#17567);
#17566 = CARTESIAN_POINT('',(625.,295.,96.));
#17567 = VECTOR('',#17568,1.);
#17568 = DIRECTION('',(1.,0.,0.));
#17569 = ORIENTED_EDGE('',*,*,#17484,.T.);
#17570 = ORIENTED_EDGE('',*,*,#17571,.T.);
#17571 = EDGE_CURVE('',#17487,#17527,#17572,.T.);
#17572 = LINE('',#17573,#17574);
#17573 = CARTESIAN_POINT('',(625.,295.,100.));
#17574 = VECTOR('',#17575,1.);
#17575 = DIRECTION('',(1.,0.,0.));
#17576 = ORIENTED_EDGE('',*,*,#17524,.F.);
#17577 = PLANE('',#17578);
#17578 = AXIS2_PLACEMENT_3D('',#17579,#17580,#17581);
#17579 = CARTESIAN_POINT('',(625.,295.,96.));
#17580 = DIRECTION('',(0.,1.,0.));
#17581 = DIRECTION('',(0.,0.,1.));
#17582 = ADVANCED_FACE('',(#17583),#17599,.T.);
#17583 = FACE_BOUND('',#17584,.T.);
#17584 = EDGE_LOOP('',(#17585,#17591,#17592,#17598));
#17585 = ORIENTED_EDGE('',*,*,#17586,.F.);
#17586 = EDGE_CURVE('',#17495,#17535,#17587,.T.);
#17587 = LINE('',#17588,#17589);
#17588 = CARTESIAN_POINT('',(625.,605.,96.));
#17589 = VECTOR('',#17590,1.);
#17590 = DIRECTION('',(1.,0.,0.));
#17591 = ORIENTED_EDGE('',*,*,#17502,.T.);
#17592 = ORIENTED_EDGE('',*,*,#17593,.T.);
#17593 = EDGE_CURVE('',#17503,#17543,#17594,.T.);
#17594 = LINE('',#17595,#17596);
#17595 = CARTESIAN_POINT('',(625.,605.,100.));
#17596 = VECTOR('',#17597,1.);
#17597 = DIRECTION('',(1.,0.,0.));
#17598 = ORIENTED_EDGE('',*,*,#17542,.F.);
#17599 = PLANE('',#17600);
#17600 = AXIS2_PLACEMENT_3D('',#17601,#17602,#17603);
#17601 = CARTESIAN_POINT('',(625.,605.,96.));
#17602 = DIRECTION('',(0.,1.,0.));
#17603 = DIRECTION('',(0.,0.,1.));
#17604 = ADVANCED_FACE('',(#17605),#17611,.F.);
#17605 = FACE_BOUND('',#17606,.F.);
#17606 = EDGE_LOOP('',(#17607,#17608,#17609,#17610));
#17607 = ORIENTED_EDGE('',*,*,#17494,.F.);
#17608 = ORIENTED_EDGE('',*,*,#17564,.T.);
#17609 = ORIENTED_EDGE('',*,*,#17534,.T.);
#17610 = ORIENTED_EDGE('',*,*,#17586,.F.);
#17611 = PLANE('',#17612);
#17612 = AXIS2_PLACEMENT_3D('',#17613,#17614,#17615);
#17613 = CARTESIAN_POINT('',(625.,295.,96.));
#17614 = DIRECTION('',(0.,0.,1.));
#17615 = DIRECTION('',(1.,0.,0.));
#17616 = ADVANCED_FACE('',(#17617),#17623,.T.);
#17617 = FACE_BOUND('',#17618,.T.);
#17618 = EDGE_LOOP('',(#17619,#17620,#17621,#17622));
#17619 = ORIENTED_EDGE('',*,*,#17510,.F.);
#17620 = ORIENTED_EDGE('',*,*,#17571,.T.);
#17621 = ORIENTED_EDGE('',*,*,#17550,.T.);
#17622 = ORIENTED_EDGE('',*,*,#17593,.F.);
#17623 = PLANE('',#17624);
#17624 = AXIS2_PLACEMENT_3D('',#17625,#17626,#17627);
#17625 = CARTESIAN_POINT('',(625.,295.,100.));
#17626 = DIRECTION('',(0.,0.,1.));
#17627 = DIRECTION('',(1.,0.,0.));
#17628 = MANIFOLD_SOLID_BREP('',#17629);
#17629 = CLOSED_SHELL('',(#17630,#17670,#17710,#17732,#17754,#17766));
#17630 = ADVANCED_FACE('',(#17631),#17665,.F.);
#17631 = FACE_BOUND('',#17632,.F.);
#17632 = EDGE_LOOP('',(#17633,#17643,#17651,#17659));
#17633 = ORIENTED_EDGE('',*,*,#17634,.F.);
#17634 = EDGE_CURVE('',#17635,#17637,#17639,.T.);
#17635 = VERTEX_POINT('',#17636);
#17636 = CARTESIAN_POINT('',(685.,295.,96.));
#17637 = VERTEX_POINT('',#17638);
#17638 = CARTESIAN_POINT('',(685.,295.,100.));
#17639 = LINE('',#17640,#17641);
#17640 = CARTESIAN_POINT('',(685.,295.,96.));
#17641 = VECTOR('',#17642,1.);
#17642 = DIRECTION('',(0.,0.,1.));
#17643 = ORIENTED_EDGE('',*,*,#17644,.T.);
#17644 = EDGE_CURVE('',#17635,#17645,#17647,.T.);
#17645 = VERTEX_POINT('',#17646);
#17646 = CARTESIAN_POINT('',(685.,605.,96.));
#17647 = LINE('',#17648,#17649);
#17648 = CARTESIAN_POINT('',(685.,295.,96.));
#17649 = VECTOR('',#17650,1.);
#17650 = DIRECTION('',(0.,1.,0.));
#17651 = ORIENTED_EDGE('',*,*,#17652,.T.);
#17652 = EDGE_CURVE('',#17645,#17653,#17655,.T.);
#17653 = VERTEX_POINT('',#17654);
#17654 = CARTESIAN_POINT('',(685.,605.,100.));
#17655 = LINE('',#17656,#17657);
#17656 = CARTESIAN_POINT('',(685.,605.,96.));
#17657 = VECTOR('',#17658,1.);
#17658 = DIRECTION('',(0.,0.,1.));
#17659 = ORIENTED_EDGE('',*,*,#17660,.F.);
#17660 = EDGE_CURVE('',#17637,#17653,#17661,.T.);
#17661 = LINE('',#17662,#17663);
#17662 = CARTESIAN_POINT('',(685.,295.,100.));
#17663 = VECTOR('',#17664,1.);
#17664 = DIRECTION('',(0.,1.,0.));
#17665 = PLANE('',#17666);
#17666 = AXIS2_PLACEMENT_3D('',#17667,#17668,#17669);
#17667 = CARTESIAN_POINT('',(685.,295.,96.));
#17668 = DIRECTION('',(1.,0.,0.));
#17669 = DIRECTION('',(0.,0.,1.));
#17670 = ADVANCED_FACE('',(#17671),#17705,.T.);
#17671 = FACE_BOUND('',#17672,.T.);
#17672 = EDGE_LOOP('',(#17673,#17683,#17691,#17699));
#17673 = ORIENTED_EDGE('',*,*,#17674,.F.);
#17674 = EDGE_CURVE('',#17675,#17677,#17679,.T.);
#17675 = VERTEX_POINT('',#17676);
#17676 = CARTESIAN_POINT('',(705.,295.,96.));
#17677 = VERTEX_POINT('',#17678);
#17678 = CARTESIAN_POINT('',(705.,295.,100.));
#17679 = LINE('',#17680,#17681);
#17680 = CARTESIAN_POINT('',(705.,295.,96.));
#17681 = VECTOR('',#17682,1.);
#17682 = DIRECTION('',(0.,0.,1.));
#17683 = ORIENTED_EDGE('',*,*,#17684,.T.);
#17684 = EDGE_CURVE('',#17675,#17685,#17687,.T.);
#17685 = VERTEX_POINT('',#17686);
#17686 = CARTESIAN_POINT('',(705.,605.,96.));
#17687 = LINE('',#17688,#17689);
#17688 = CARTESIAN_POINT('',(705.,295.,96.));
#17689 = VECTOR('',#17690,1.);
#17690 = DIRECTION('',(0.,1.,0.));
#17691 = ORIENTED_EDGE('',*,*,#17692,.T.);
#17692 = EDGE_CURVE('',#17685,#17693,#17695,.T.);
#17693 = VERTEX_POINT('',#17694);
#17694 = CARTESIAN_POINT('',(705.,605.,100.));
#17695 = LINE('',#17696,#17697);
#17696 = CARTESIAN_POINT('',(705.,605.,96.));
#17697 = VECTOR('',#17698,1.);
#17698 = DIRECTION('',(0.,0.,1.));
#17699 = ORIENTED_EDGE('',*,*,#17700,.F.);
#17700 = EDGE_CURVE('',#17677,#17693,#17701,.T.);
#17701 = LINE('',#17702,#17703);
#17702 = CARTESIAN_POINT('',(705.,295.,100.));
#17703 = VECTOR('',#17704,1.);
#17704 = DIRECTION('',(0.,1.,0.));
#17705 = PLANE('',#17706);
#17706 = AXIS2_PLACEMENT_3D('',#17707,#17708,#17709);
#17707 = CARTESIAN_POINT('',(705.,295.,96.));
#17708 = DIRECTION('',(1.,0.,0.));
#17709 = DIRECTION('',(0.,0.,1.));
#17710 = ADVANCED_FACE('',(#17711),#17727,.F.);
#17711 = FACE_BOUND('',#17712,.F.);
#17712 = EDGE_LOOP('',(#17713,#17719,#17720,#17726));
#17713 = ORIENTED_EDGE('',*,*,#17714,.F.);
#17714 = EDGE_CURVE('',#17635,#17675,#17715,.T.);
#17715 = LINE('',#17716,#17717);
#17716 = CARTESIAN_POINT('',(685.,295.,96.));
#17717 = VECTOR('',#17718,1.);
#17718 = DIRECTION('',(1.,0.,0.));
#17719 = ORIENTED_EDGE('',*,*,#17634,.T.);
#17720 = ORIENTED_EDGE('',*,*,#17721,.T.);
#17721 = EDGE_CURVE('',#17637,#17677,#17722,.T.);
#17722 = LINE('',#17723,#17724);
#17723 = CARTESIAN_POINT('',(685.,295.,100.));
#17724 = VECTOR('',#17725,1.);
#17725 = DIRECTION('',(1.,0.,0.));
#17726 = ORIENTED_EDGE('',*,*,#17674,.F.);
#17727 = PLANE('',#17728);
#17728 = AXIS2_PLACEMENT_3D('',#17729,#17730,#17731);
#17729 = CARTESIAN_POINT('',(685.,295.,96.));
#17730 = DIRECTION('',(0.,1.,0.));
#17731 = DIRECTION('',(0.,0.,1.));
#17732 = ADVANCED_FACE('',(#17733),#17749,.T.);
#17733 = FACE_BOUND('',#17734,.T.);
#17734 = EDGE_LOOP('',(#17735,#17741,#17742,#17748));
#17735 = ORIENTED_EDGE('',*,*,#17736,.F.);
#17736 = EDGE_CURVE('',#17645,#17685,#17737,.T.);
#17737 = LINE('',#17738,#17739);
#17738 = CARTESIAN_POINT('',(685.,605.,96.));
#17739 = VECTOR('',#17740,1.);
#17740 = DIRECTION('',(1.,0.,0.));
#17741 = ORIENTED_EDGE('',*,*,#17652,.T.);
#17742 = ORIENTED_EDGE('',*,*,#17743,.T.);
#17743 = EDGE_CURVE('',#17653,#17693,#17744,.T.);
#17744 = LINE('',#17745,#17746);
#17745 = CARTESIAN_POINT('',(685.,605.,100.));
#17746 = VECTOR('',#17747,1.);
#17747 = DIRECTION('',(1.,0.,0.));
#17748 = ORIENTED_EDGE('',*,*,#17692,.F.);
#17749 = PLANE('',#17750);
#17750 = AXIS2_PLACEMENT_3D('',#17751,#17752,#17753);
#17751 = CARTESIAN_POINT('',(685.,605.,96.));
#17752 = DIRECTION('',(0.,1.,0.));
#17753 = DIRECTION('',(0.,0.,1.));
#17754 = ADVANCED_FACE('',(#17755),#17761,.F.);
#17755 = FACE_BOUND('',#17756,.F.);
#17756 = EDGE_LOOP('',(#17757,#17758,#17759,#17760));
#17757 = ORIENTED_EDGE('',*,*,#17644,.F.);
#17758 = ORIENTED_EDGE('',*,*,#17714,.T.);
#17759 = ORIENTED_EDGE('',*,*,#17684,.T.);
#17760 = ORIENTED_EDGE('',*,*,#17736,.F.);
#17761 = PLANE('',#17762);
#17762 = AXIS2_PLACEMENT_3D('',#17763,#17764,#17765);
#17763 = CARTESIAN_POINT('',(685.,295.,96.));
#17764 = DIRECTION('',(0.,0.,1.));
#17765 = DIRECTION('',(1.,0.,0.));
#17766 = ADVANCED_FACE('',(#17767),#17773,.T.);
#17767 = FACE_BOUND('',#17768,.T.);
#17768 = EDGE_LOOP('',(#17769,#17770,#17771,#17772));
#17769 = ORIENTED_EDGE('',*,*,#17660,.F.);
#17770 = ORIENTED_EDGE('',*,*,#17721,.T.);
#17771 = ORIENTED_EDGE('',*,*,#17700,.T.);
#17772 = ORIENTED_EDGE('',*,*,#17743,.F.);
#17773 = PLANE('',#17774);
#17774 = AXIS2_PLACEMENT_3D('',#17775,#17776,#17777);
#17775 = CARTESIAN_POINT('',(685.,295.,100.));
#17776 = DIRECTION('',(0.,0.,1.));
#17777 = DIRECTION('',(1.,0.,0.));
#17778 = MANIFOLD_SOLID_BREP('',#17779);
#17779 = CLOSED_SHELL('',(#17780,#17813,#17822));
#17780 = ADVANCED_FACE('',(#17781),#17808,.T.);
#17781 = FACE_BOUND('',#17782,.T.);
#17782 = EDGE_LOOP('',(#17783,#17792,#17800,#17807));
#17783 = ORIENTED_EDGE('',*,*,#17784,.F.);
#17784 = EDGE_CURVE('',#17785,#17785,#17787,.T.);
#17785 = VERTEX_POINT('',#17786);
#17786 = CARTESIAN_POINT('',(645.,300.,100.));
#17787 = CIRCLE('',#17788,10.);
#17788 = AXIS2_PLACEMENT_3D('',#17789,#17790,#17791);
#17789 = CARTESIAN_POINT('',(645.,300.,90.));
#17790 = DIRECTION('',(1.,0.,-0.));
#17791 = DIRECTION('',(0.,0.,1.));
#17792 = ORIENTED_EDGE('',*,*,#17793,.F.);
#17793 = EDGE_CURVE('',#17794,#17785,#17796,.T.);
#17794 = VERTEX_POINT('',#17795);
#17795 = CARTESIAN_POINT('',(610.,300.,100.));
#17796 = LINE('',#17797,#17798);
#17797 = CARTESIAN_POINT('',(610.,300.,100.));
#17798 = VECTOR('',#17799,1.);
#17799 = DIRECTION('',(1.,0.,0.));
#17800 = ORIENTED_EDGE('',*,*,#17801,.T.);
#17801 = EDGE_CURVE('',#17794,#17794,#17802,.T.);
#17802 = CIRCLE('',#17803,10.);
#17803 = AXIS2_PLACEMENT_3D('',#17804,#17805,#17806);
#17804 = CARTESIAN_POINT('',(610.,300.,90.));
#17805 = DIRECTION('',(1.,0.,-0.));
#17806 = DIRECTION('',(0.,0.,1.));
#17807 = ORIENTED_EDGE('',*,*,#17793,.T.);
#17808 = CYLINDRICAL_SURFACE('',#17809,10.);
#17809 = AXIS2_PLACEMENT_3D('',#17810,#17811,#17812);
#17810 = CARTESIAN_POINT('',(610.,300.,90.));
#17811 = DIRECTION('',(1.,0.,0.));
#17812 = DIRECTION('',(0.,0.,1.));
#17813 = ADVANCED_FACE('',(#17814),#17817,.T.);
#17814 = FACE_BOUND('',#17815,.T.);
#17815 = EDGE_LOOP('',(#17816));
#17816 = ORIENTED_EDGE('',*,*,#17784,.T.);
#17817 = PLANE('',#17818);
#17818 = AXIS2_PLACEMENT_3D('',#17819,#17820,#17821);
#17819 = CARTESIAN_POINT('',(645.,300.,90.));
#17820 = DIRECTION('',(1.,0.,0.));
#17821 = DIRECTION('',(0.,0.,1.));
#17822 = ADVANCED_FACE('',(#17823),#17826,.F.);
#17823 = FACE_BOUND('',#17824,.T.);
#17824 = EDGE_LOOP('',(#17825));
#17825 = ORIENTED_EDGE('',*,*,#17801,.F.);
#17826 = PLANE('',#17827);
#17827 = AXIS2_PLACEMENT_3D('',#17828,#17829,#17830);
#17828 = CARTESIAN_POINT('',(610.,300.,90.));
#17829 = DIRECTION('',(1.,0.,0.));
#17830 = DIRECTION('',(0.,0.,1.));
#17831 = MANIFOLD_SOLID_BREP('',#17832);
#17832 = CLOSED_SHELL('',(#17833,#17866,#17875));
#17833 = ADVANCED_FACE('',(#17834),#17861,.T.);
#17834 = FACE_BOUND('',#17835,.T.);
#17835 = EDGE_LOOP('',(#17836,#17845,#17853,#17860));
#17836 = ORIENTED_EDGE('',*,*,#17837,.F.);
#17837 = EDGE_CURVE('',#17838,#17838,#17840,.T.);
#17838 = VERTEX_POINT('',#17839);
#17839 = CARTESIAN_POINT('',(720.,300.,100.));
#17840 = CIRCLE('',#17841,10.);
#17841 = AXIS2_PLACEMENT_3D('',#17842,#17843,#17844);
#17842 = CARTESIAN_POINT('',(720.,300.,90.));
#17843 = DIRECTION('',(1.,0.,-0.));
#17844 = DIRECTION('',(0.,0.,1.));
#17845 = ORIENTED_EDGE('',*,*,#17846,.F.);
#17846 = EDGE_CURVE('',#17847,#17838,#17849,.T.);
#17847 = VERTEX_POINT('',#17848);
#17848 = CARTESIAN_POINT('',(685.,300.,100.));
#17849 = LINE('',#17850,#17851);
#17850 = CARTESIAN_POINT('',(685.,300.,100.));
#17851 = VECTOR('',#17852,1.);
#17852 = DIRECTION('',(1.,0.,0.));
#17853 = ORIENTED_EDGE('',*,*,#17854,.T.);
#17854 = EDGE_CURVE('',#17847,#17847,#17855,.T.);
#17855 = CIRCLE('',#17856,10.);
#17856 = AXIS2_PLACEMENT_3D('',#17857,#17858,#17859);
#17857 = CARTESIAN_POINT('',(685.,300.,90.));
#17858 = DIRECTION('',(1.,0.,-0.));
#17859 = DIRECTION('',(0.,0.,1.));
#17860 = ORIENTED_EDGE('',*,*,#17846,.T.);
#17861 = CYLINDRICAL_SURFACE('',#17862,10.);
#17862 = AXIS2_PLACEMENT_3D('',#17863,#17864,#17865);
#17863 = CARTESIAN_POINT('',(685.,300.,90.));
#17864 = DIRECTION('',(1.,0.,0.));
#17865 = DIRECTION('',(0.,0.,1.));
#17866 = ADVANCED_FACE('',(#17867),#17870,.T.);
#17867 = FACE_BOUND('',#17868,.T.);
#17868 = EDGE_LOOP('',(#17869));
#17869 = ORIENTED_EDGE('',*,*,#17837,.T.);
#17870 = PLANE('',#17871);
#17871 = AXIS2_PLACEMENT_3D('',#17872,#17873,#17874);
#17872 = CARTESIAN_POINT('',(720.,300.,90.));
#17873 = DIRECTION('',(1.,0.,0.));
#17874 = DIRECTION('',(0.,0.,1.));
#17875 = ADVANCED_FACE('',(#17876),#17879,.F.);
#17876 = FACE_BOUND('',#17877,.T.);
#17877 = EDGE_LOOP('',(#17878));
#17878 = ORIENTED_EDGE('',*,*,#17854,.F.);
#17879 = PLANE('',#17880);
#17880 = AXIS2_PLACEMENT_3D('',#17881,#17882,#17883);
#17881 = CARTESIAN_POINT('',(685.,300.,90.));
#17882 = DIRECTION('',(1.,0.,0.));
#17883 = DIRECTION('',(0.,0.,1.));
#17884 = MANIFOLD_SOLID_BREP('',#17885);
#17885 = CLOSED_SHELL('',(#17886,#17919,#17928));
#17886 = ADVANCED_FACE('',(#17887),#17914,.T.);
#17887 = FACE_BOUND('',#17888,.T.);
#17888 = EDGE_LOOP('',(#17889,#17898,#17906,#17913));
#17889 = ORIENTED_EDGE('',*,*,#17890,.F.);
#17890 = EDGE_CURVE('',#17891,#17891,#17893,.T.);
#17891 = VERTEX_POINT('',#17892);
#17892 = CARTESIAN_POINT('',(645.,600.,100.));
#17893 = CIRCLE('',#17894,10.);
#17894 = AXIS2_PLACEMENT_3D('',#17895,#17896,#17897);
#17895 = CARTESIAN_POINT('',(645.,600.,90.));
#17896 = DIRECTION('',(1.,0.,-0.));
#17897 = DIRECTION('',(0.,0.,1.));
#17898 = ORIENTED_EDGE('',*,*,#17899,.F.);
#17899 = EDGE_CURVE('',#17900,#17891,#17902,.T.);
#17900 = VERTEX_POINT('',#17901);
#17901 = CARTESIAN_POINT('',(610.,600.,100.));
#17902 = LINE('',#17903,#17904);
#17903 = CARTESIAN_POINT('',(610.,600.,100.));
#17904 = VECTOR('',#17905,1.);
#17905 = DIRECTION('',(1.,0.,0.));
#17906 = ORIENTED_EDGE('',*,*,#17907,.T.);
#17907 = EDGE_CURVE('',#17900,#17900,#17908,.T.);
#17908 = CIRCLE('',#17909,10.);
#17909 = AXIS2_PLACEMENT_3D('',#17910,#17911,#17912);
#17910 = CARTESIAN_POINT('',(610.,600.,90.));
#17911 = DIRECTION('',(1.,0.,-0.));
#17912 = DIRECTION('',(0.,0.,1.));
#17913 = ORIENTED_EDGE('',*,*,#17899,.T.);
#17914 = CYLINDRICAL_SURFACE('',#17915,10.);
#17915 = AXIS2_PLACEMENT_3D('',#17916,#17917,#17918);
#17916 = CARTESIAN_POINT('',(610.,600.,90.));
#17917 = DIRECTION('',(1.,0.,0.));
#17918 = DIRECTION('',(0.,0.,1.));
#17919 = ADVANCED_FACE('',(#17920),#17923,.T.);
#17920 = FACE_BOUND('',#17921,.T.);
#17921 = EDGE_LOOP('',(#17922));
#17922 = ORIENTED_EDGE('',*,*,#17890,.T.);
#17923 = PLANE('',#17924);
#17924 = AXIS2_PLACEMENT_3D('',#17925,#17926,#17927);
#17925 = CARTESIAN_POINT('',(645.,600.,90.));
#17926 = DIRECTION('',(1.,0.,0.));
#17927 = DIRECTION('',(0.,0.,1.));
#17928 = ADVANCED_FACE('',(#17929),#17932,.F.);
#17929 = FACE_BOUND('',#17930,.T.);
#17930 = EDGE_LOOP('',(#17931));
#17931 = ORIENTED_EDGE('',*,*,#17907,.F.);
#17932 = PLANE('',#17933);
#17933 = AXIS2_PLACEMENT_3D('',#17934,#17935,#17936);
#17934 = CARTESIAN_POINT('',(610.,600.,90.));
#17935 = DIRECTION('',(1.,0.,0.));
#17936 = DIRECTION('',(0.,0.,1.));
#17937 = MANIFOLD_SOLID_BREP('',#17938);
#17938 = CLOSED_SHELL('',(#17939,#17972,#17981));
#17939 = ADVANCED_FACE('',(#17940),#17967,.T.);
#17940 = FACE_BOUND('',#17941,.T.);
#17941 = EDGE_LOOP('',(#17942,#17951,#17959,#17966));
#17942 = ORIENTED_EDGE('',*,*,#17943,.F.);
#17943 = EDGE_CURVE('',#17944,#17944,#17946,.T.);
#17944 = VERTEX_POINT('',#17945);
#17945 = CARTESIAN_POINT('',(720.,600.,100.));
#17946 = CIRCLE('',#17947,10.);
#17947 = AXIS2_PLACEMENT_3D('',#17948,#17949,#17950);
#17948 = CARTESIAN_POINT('',(720.,600.,90.));
#17949 = DIRECTION('',(1.,0.,-0.));
#17950 = DIRECTION('',(0.,0.,1.));
#17951 = ORIENTED_EDGE('',*,*,#17952,.F.);
#17952 = EDGE_CURVE('',#17953,#17944,#17955,.T.);
#17953 = VERTEX_POINT('',#17954);
#17954 = CARTESIAN_POINT('',(685.,600.,100.));
#17955 = LINE('',#17956,#17957);
#17956 = CARTESIAN_POINT('',(685.,600.,100.));
#17957 = VECTOR('',#17958,1.);
#17958 = DIRECTION('',(1.,0.,0.));
#17959 = ORIENTED_EDGE('',*,*,#17960,.T.);
#17960 = EDGE_CURVE('',#17953,#17953,#17961,.T.);
#17961 = CIRCLE('',#17962,10.);
#17962 = AXIS2_PLACEMENT_3D('',#17963,#17964,#17965);
#17963 = CARTESIAN_POINT('',(685.,600.,90.));
#17964 = DIRECTION('',(1.,0.,-0.));
#17965 = DIRECTION('',(0.,0.,1.));
#17966 = ORIENTED_EDGE('',*,*,#17952,.T.);
#17967 = CYLINDRICAL_SURFACE('',#17968,10.);
#17968 = AXIS2_PLACEMENT_3D('',#17969,#17970,#17971);
#17969 = CARTESIAN_POINT('',(685.,600.,90.));
#17970 = DIRECTION('',(1.,0.,0.));
#17971 = DIRECTION('',(0.,0.,1.));
#17972 = ADVANCED_FACE('',(#17973),#17976,.T.);
#17973 = FACE_BOUND('',#17974,.T.);
#17974 = EDGE_LOOP('',(#17975));
#17975 = ORIENTED_EDGE('',*,*,#17943,.T.);
#17976 = PLANE('',#17977);
#17977 = AXIS2_PLACEMENT_3D('',#17978,#17979,#17980);
#17978 = CARTESIAN_POINT('',(720.,600.,90.));
#17979 = DIRECTION('',(1.,0.,0.));
#17980 = DIRECTION('',(0.,0.,1.));
#17981 = ADVANCED_FACE('',(#17982),#17985,.F.);
#17982 = FACE_BOUND('',#17983,.T.);
#17983 = EDGE_LOOP('',(#17984));
#17984 = ORIENTED_EDGE('',*,*,#17960,.F.);
#17985 = PLANE('',#17986);
#17986 = AXIS2_PLACEMENT_3D('',#17987,#17988,#17989);
#17987 = CARTESIAN_POINT('',(685.,600.,90.));
#17988 = DIRECTION('',(1.,0.,0.));
#17989 = DIRECTION('',(0.,0.,1.));
#17990 = MANIFOLD_SOLID_BREP('',#17991);
#17991 = CLOSED_SHELL('',(#17992,#18032,#18072,#18094,#18116,#18128));
#17992 = ADVANCED_FACE('',(#17993),#18027,.F.);
#17993 = FACE_BOUND('',#17994,.F.);
#17994 = EDGE_LOOP('',(#17995,#18005,#18013,#18021));
#17995 = ORIENTED_EDGE('',*,*,#17996,.F.);
#17996 = EDGE_CURVE('',#17997,#17999,#18001,.T.);
#17997 = VERTEX_POINT('',#17998);
#17998 = CARTESIAN_POINT('',(630.,550.,0.));
#17999 = VERTEX_POINT('',#18000);
#18000 = CARTESIAN_POINT('',(630.,550.,25.));
#18001 = LINE('',#18002,#18003);
#18002 = CARTESIAN_POINT('',(630.,550.,0.));
#18003 = VECTOR('',#18004,1.);
#18004 = DIRECTION('',(0.,0.,1.));
#18005 = ORIENTED_EDGE('',*,*,#18006,.T.);
#18006 = EDGE_CURVE('',#17997,#18007,#18009,.T.);
#18007 = VERTEX_POINT('',#18008);
#18008 = CARTESIAN_POINT('',(630.,580.,0.));
#18009 = LINE('',#18010,#18011);
#18010 = CARTESIAN_POINT('',(630.,550.,0.));
#18011 = VECTOR('',#18012,1.);
#18012 = DIRECTION('',(0.,1.,0.));
#18013 = ORIENTED_EDGE('',*,*,#18014,.T.);
#18014 = EDGE_CURVE('',#18007,#18015,#18017,.T.);
#18015 = VERTEX_POINT('',#18016);
#18016 = CARTESIAN_POINT('',(630.,580.,25.));
#18017 = LINE('',#18018,#18019);
#18018 = CARTESIAN_POINT('',(630.,580.,0.));
#18019 = VECTOR('',#18020,1.);
#18020 = DIRECTION('',(0.,0.,1.));
#18021 = ORIENTED_EDGE('',*,*,#18022,.F.);
#18022 = EDGE_CURVE('',#17999,#18015,#18023,.T.);
#18023 = LINE('',#18024,#18025);
#18024 = CARTESIAN_POINT('',(630.,550.,25.));
#18025 = VECTOR('',#18026,1.);
#18026 = DIRECTION('',(0.,1.,0.));
#18027 = PLANE('',#18028);
#18028 = AXIS2_PLACEMENT_3D('',#18029,#18030,#18031);
#18029 = CARTESIAN_POINT('',(630.,550.,0.));
#18030 = DIRECTION('',(1.,0.,0.));
#18031 = DIRECTION('',(0.,0.,1.));
#18032 = ADVANCED_FACE('',(#18033),#18067,.T.);
#18033 = FACE_BOUND('',#18034,.T.);
#18034 = EDGE_LOOP('',(#18035,#18045,#18053,#18061));
#18035 = ORIENTED_EDGE('',*,*,#18036,.F.);
#18036 = EDGE_CURVE('',#18037,#18039,#18041,.T.);
#18037 = VERTEX_POINT('',#18038);
#18038 = CARTESIAN_POINT('',(690.,550.,0.));
#18039 = VERTEX_POINT('',#18040);
#18040 = CARTESIAN_POINT('',(690.,550.,25.));
#18041 = LINE('',#18042,#18043);
#18042 = CARTESIAN_POINT('',(690.,550.,0.));
#18043 = VECTOR('',#18044,1.);
#18044 = DIRECTION('',(0.,0.,1.));
#18045 = ORIENTED_EDGE('',*,*,#18046,.T.);
#18046 = EDGE_CURVE('',#18037,#18047,#18049,.T.);
#18047 = VERTEX_POINT('',#18048);
#18048 = CARTESIAN_POINT('',(690.,580.,0.));
#18049 = LINE('',#18050,#18051);
#18050 = CARTESIAN_POINT('',(690.,550.,0.));
#18051 = VECTOR('',#18052,1.);
#18052 = DIRECTION('',(0.,1.,0.));
#18053 = ORIENTED_EDGE('',*,*,#18054,.T.);
#18054 = EDGE_CURVE('',#18047,#18055,#18057,.T.);
#18055 = VERTEX_POINT('',#18056);
#18056 = CARTESIAN_POINT('',(690.,580.,25.));
#18057 = LINE('',#18058,#18059);
#18058 = CARTESIAN_POINT('',(690.,580.,0.));
#18059 = VECTOR('',#18060,1.);
#18060 = DIRECTION('',(0.,0.,1.));
#18061 = ORIENTED_EDGE('',*,*,#18062,.F.);
#18062 = EDGE_CURVE('',#18039,#18055,#18063,.T.);
#18063 = LINE('',#18064,#18065);
#18064 = CARTESIAN_POINT('',(690.,550.,25.));
#18065 = VECTOR('',#18066,1.);
#18066 = DIRECTION('',(0.,1.,0.));
#18067 = PLANE('',#18068);
#18068 = AXIS2_PLACEMENT_3D('',#18069,#18070,#18071);
#18069 = CARTESIAN_POINT('',(690.,550.,0.));
#18070 = DIRECTION('',(1.,0.,0.));
#18071 = DIRECTION('',(0.,0.,1.));
#18072 = ADVANCED_FACE('',(#18073),#18089,.F.);
#18073 = FACE_BOUND('',#18074,.F.);
#18074 = EDGE_LOOP('',(#18075,#18081,#18082,#18088));
#18075 = ORIENTED_EDGE('',*,*,#18076,.F.);
#18076 = EDGE_CURVE('',#17997,#18037,#18077,.T.);
#18077 = LINE('',#18078,#18079);
#18078 = CARTESIAN_POINT('',(630.,550.,0.));
#18079 = VECTOR('',#18080,1.);
#18080 = DIRECTION('',(1.,0.,0.));
#18081 = ORIENTED_EDGE('',*,*,#17996,.T.);
#18082 = ORIENTED_EDGE('',*,*,#18083,.T.);
#18083 = EDGE_CURVE('',#17999,#18039,#18084,.T.);
#18084 = LINE('',#18085,#18086);
#18085 = CARTESIAN_POINT('',(630.,550.,25.));
#18086 = VECTOR('',#18087,1.);
#18087 = DIRECTION('',(1.,0.,0.));
#18088 = ORIENTED_EDGE('',*,*,#18036,.F.);
#18089 = PLANE('',#18090);
#18090 = AXIS2_PLACEMENT_3D('',#18091,#18092,#18093);
#18091 = CARTESIAN_POINT('',(630.,550.,0.));
#18092 = DIRECTION('',(0.,1.,0.));
#18093 = DIRECTION('',(0.,0.,1.));
#18094 = ADVANCED_FACE('',(#18095),#18111,.T.);
#18095 = FACE_BOUND('',#18096,.T.);
#18096 = EDGE_LOOP('',(#18097,#18103,#18104,#18110));
#18097 = ORIENTED_EDGE('',*,*,#18098,.F.);
#18098 = EDGE_CURVE('',#18007,#18047,#18099,.T.);
#18099 = LINE('',#18100,#18101);
#18100 = CARTESIAN_POINT('',(630.,580.,0.));
#18101 = VECTOR('',#18102,1.);
#18102 = DIRECTION('',(1.,0.,0.));
#18103 = ORIENTED_EDGE('',*,*,#18014,.T.);
#18104 = ORIENTED_EDGE('',*,*,#18105,.T.);
#18105 = EDGE_CURVE('',#18015,#18055,#18106,.T.);
#18106 = LINE('',#18107,#18108);
#18107 = CARTESIAN_POINT('',(630.,580.,25.));
#18108 = VECTOR('',#18109,1.);
#18109 = DIRECTION('',(1.,0.,0.));
#18110 = ORIENTED_EDGE('',*,*,#18054,.F.);
#18111 = PLANE('',#18112);
#18112 = AXIS2_PLACEMENT_3D('',#18113,#18114,#18115);
#18113 = CARTESIAN_POINT('',(630.,580.,0.));
#18114 = DIRECTION('',(0.,1.,0.));
#18115 = DIRECTION('',(0.,0.,1.));
#18116 = ADVANCED_FACE('',(#18117),#18123,.F.);
#18117 = FACE_BOUND('',#18118,.F.);
#18118 = EDGE_LOOP('',(#18119,#18120,#18121,#18122));
#18119 = ORIENTED_EDGE('',*,*,#18006,.F.);
#18120 = ORIENTED_EDGE('',*,*,#18076,.T.);
#18121 = ORIENTED_EDGE('',*,*,#18046,.T.);
#18122 = ORIENTED_EDGE('',*,*,#18098,.F.);
#18123 = PLANE('',#18124);
#18124 = AXIS2_PLACEMENT_3D('',#18125,#18126,#18127);
#18125 = CARTESIAN_POINT('',(630.,550.,0.));
#18126 = DIRECTION('',(0.,0.,1.));
#18127 = DIRECTION('',(1.,0.,0.));
#18128 = ADVANCED_FACE('',(#18129),#18135,.T.);
#18129 = FACE_BOUND('',#18130,.T.);
#18130 = EDGE_LOOP('',(#18131,#18132,#18133,#18134));
#18131 = ORIENTED_EDGE('',*,*,#18022,.F.);
#18132 = ORIENTED_EDGE('',*,*,#18083,.T.);
#18133 = ORIENTED_EDGE('',*,*,#18062,.T.);
#18134 = ORIENTED_EDGE('',*,*,#18105,.F.);
#18135 = PLANE('',#18136);
#18136 = AXIS2_PLACEMENT_3D('',#18137,#18138,#18139);
#18137 = CARTESIAN_POINT('',(630.,550.,25.));
#18138 = DIRECTION('',(0.,0.,1.));
#18139 = DIRECTION('',(1.,0.,0.));
#18140 = MANIFOLD_SOLID_BREP('',#18141);
#18141 = CLOSED_SHELL('',(#18142,#18182,#18222,#18244,#18266,#18278));
#18142 = ADVANCED_FACE('',(#18143),#18177,.F.);
#18143 = FACE_BOUND('',#18144,.F.);
#18144 = EDGE_LOOP('',(#18145,#18155,#18163,#18171));
#18145 = ORIENTED_EDGE('',*,*,#18146,.F.);
#18146 = EDGE_CURVE('',#18147,#18149,#18151,.T.);
#18147 = VERTEX_POINT('',#18148);
#18148 = CARTESIAN_POINT('',(630.,550.,25.));
#18149 = VERTEX_POINT('',#18150);
#18150 = CARTESIAN_POINT('',(630.,550.,55.));
#18151 = LINE('',#18152,#18153);
#18152 = CARTESIAN_POINT('',(630.,550.,25.));
#18153 = VECTOR('',#18154,1.);
#18154 = DIRECTION('',(0.,0.,1.));
#18155 = ORIENTED_EDGE('',*,*,#18156,.T.);
#18156 = EDGE_CURVE('',#18147,#18157,#18159,.T.);
#18157 = VERTEX_POINT('',#18158);
#18158 = CARTESIAN_POINT('',(630.,580.,25.));
#18159 = LINE('',#18160,#18161);
#18160 = CARTESIAN_POINT('',(630.,550.,25.));
#18161 = VECTOR('',#18162,1.);
#18162 = DIRECTION('',(0.,1.,0.));
#18163 = ORIENTED_EDGE('',*,*,#18164,.T.);
#18164 = EDGE_CURVE('',#18157,#18165,#18167,.T.);
#18165 = VERTEX_POINT('',#18166);
#18166 = CARTESIAN_POINT('',(630.,580.,55.));
#18167 = LINE('',#18168,#18169);
#18168 = CARTESIAN_POINT('',(630.,580.,25.));
#18169 = VECTOR('',#18170,1.);
#18170 = DIRECTION('',(0.,0.,1.));
#18171 = ORIENTED_EDGE('',*,*,#18172,.F.);
#18172 = EDGE_CURVE('',#18149,#18165,#18173,.T.);
#18173 = LINE('',#18174,#18175);
#18174 = CARTESIAN_POINT('',(630.,550.,55.));
#18175 = VECTOR('',#18176,1.);
#18176 = DIRECTION('',(0.,1.,0.));
#18177 = PLANE('',#18178);
#18178 = AXIS2_PLACEMENT_3D('',#18179,#18180,#18181);
#18179 = CARTESIAN_POINT('',(630.,550.,25.));
#18180 = DIRECTION('',(1.,0.,0.));
#18181 = DIRECTION('',(0.,0.,1.));
#18182 = ADVANCED_FACE('',(#18183),#18217,.T.);
#18183 = FACE_BOUND('',#18184,.T.);
#18184 = EDGE_LOOP('',(#18185,#18195,#18203,#18211));
#18185 = ORIENTED_EDGE('',*,*,#18186,.F.);
#18186 = EDGE_CURVE('',#18187,#18189,#18191,.T.);
#18187 = VERTEX_POINT('',#18188);
#18188 = CARTESIAN_POINT('',(690.,550.,25.));
#18189 = VERTEX_POINT('',#18190);
#18190 = CARTESIAN_POINT('',(690.,550.,55.));
#18191 = LINE('',#18192,#18193);
#18192 = CARTESIAN_POINT('',(690.,550.,25.));
#18193 = VECTOR('',#18194,1.);
#18194 = DIRECTION('',(0.,0.,1.));
#18195 = ORIENTED_EDGE('',*,*,#18196,.T.);
#18196 = EDGE_CURVE('',#18187,#18197,#18199,.T.);
#18197 = VERTEX_POINT('',#18198);
#18198 = CARTESIAN_POINT('',(690.,580.,25.));
#18199 = LINE('',#18200,#18201);
#18200 = CARTESIAN_POINT('',(690.,550.,25.));
#18201 = VECTOR('',#18202,1.);
#18202 = DIRECTION('',(0.,1.,0.));
#18203 = ORIENTED_EDGE('',*,*,#18204,.T.);
#18204 = EDGE_CURVE('',#18197,#18205,#18207,.T.);
#18205 = VERTEX_POINT('',#18206);
#18206 = CARTESIAN_POINT('',(690.,580.,55.));
#18207 = LINE('',#18208,#18209);
#18208 = CARTESIAN_POINT('',(690.,580.,25.));
#18209 = VECTOR('',#18210,1.);
#18210 = DIRECTION('',(0.,0.,1.));
#18211 = ORIENTED_EDGE('',*,*,#18212,.F.);
#18212 = EDGE_CURVE('',#18189,#18205,#18213,.T.);
#18213 = LINE('',#18214,#18215);
#18214 = CARTESIAN_POINT('',(690.,550.,55.));
#18215 = VECTOR('',#18216,1.);
#18216 = DIRECTION('',(0.,1.,0.));
#18217 = PLANE('',#18218);
#18218 = AXIS2_PLACEMENT_3D('',#18219,#18220,#18221);
#18219 = CARTESIAN_POINT('',(690.,550.,25.));
#18220 = DIRECTION('',(1.,0.,0.));
#18221 = DIRECTION('',(0.,0.,1.));
#18222 = ADVANCED_FACE('',(#18223),#18239,.F.);
#18223 = FACE_BOUND('',#18224,.F.);
#18224 = EDGE_LOOP('',(#18225,#18231,#18232,#18238));
#18225 = ORIENTED_EDGE('',*,*,#18226,.F.);
#18226 = EDGE_CURVE('',#18147,#18187,#18227,.T.);
#18227 = LINE('',#18228,#18229);
#18228 = CARTESIAN_POINT('',(630.,550.,25.));
#18229 = VECTOR('',#18230,1.);
#18230 = DIRECTION('',(1.,0.,0.));
#18231 = ORIENTED_EDGE('',*,*,#18146,.T.);
#18232 = ORIENTED_EDGE('',*,*,#18233,.T.);
#18233 = EDGE_CURVE('',#18149,#18189,#18234,.T.);
#18234 = LINE('',#18235,#18236);
#18235 = CARTESIAN_POINT('',(630.,550.,55.));
#18236 = VECTOR('',#18237,1.);
#18237 = DIRECTION('',(1.,0.,0.));
#18238 = ORIENTED_EDGE('',*,*,#18186,.F.);
#18239 = PLANE('',#18240);
#18240 = AXIS2_PLACEMENT_3D('',#18241,#18242,#18243);
#18241 = CARTESIAN_POINT('',(630.,550.,25.));
#18242 = DIRECTION('',(0.,1.,0.));
#18243 = DIRECTION('',(0.,0.,1.));
#18244 = ADVANCED_FACE('',(#18245),#18261,.T.);
#18245 = FACE_BOUND('',#18246,.T.);
#18246 = EDGE_LOOP('',(#18247,#18253,#18254,#18260));
#18247 = ORIENTED_EDGE('',*,*,#18248,.F.);
#18248 = EDGE_CURVE('',#18157,#18197,#18249,.T.);
#18249 = LINE('',#18250,#18251);
#18250 = CARTESIAN_POINT('',(630.,580.,25.));
#18251 = VECTOR('',#18252,1.);
#18252 = DIRECTION('',(1.,0.,0.));
#18253 = ORIENTED_EDGE('',*,*,#18164,.T.);
#18254 = ORIENTED_EDGE('',*,*,#18255,.T.);
#18255 = EDGE_CURVE('',#18165,#18205,#18256,.T.);
#18256 = LINE('',#18257,#18258);
#18257 = CARTESIAN_POINT('',(630.,580.,55.));
#18258 = VECTOR('',#18259,1.);
#18259 = DIRECTION('',(1.,0.,0.));
#18260 = ORIENTED_EDGE('',*,*,#18204,.F.);
#18261 = PLANE('',#18262);
#18262 = AXIS2_PLACEMENT_3D('',#18263,#18264,#18265);
#18263 = CARTESIAN_POINT('',(630.,580.,25.));
#18264 = DIRECTION('',(0.,1.,0.));
#18265 = DIRECTION('',(0.,0.,1.));
#18266 = ADVANCED_FACE('',(#18267),#18273,.F.);
#18267 = FACE_BOUND('',#18268,.F.);
#18268 = EDGE_LOOP('',(#18269,#18270,#18271,#18272));
#18269 = ORIENTED_EDGE('',*,*,#18156,.F.);
#18270 = ORIENTED_EDGE('',*,*,#18226,.T.);
#18271 = ORIENTED_EDGE('',*,*,#18196,.T.);
#18272 = ORIENTED_EDGE('',*,*,#18248,.F.);
#18273 = PLANE('',#18274);
#18274 = AXIS2_PLACEMENT_3D('',#18275,#18276,#18277);
#18275 = CARTESIAN_POINT('',(630.,550.,25.));
#18276 = DIRECTION('',(0.,0.,1.));
#18277 = DIRECTION('',(1.,0.,0.));
#18278 = ADVANCED_FACE('',(#18279),#18285,.T.);
#18279 = FACE_BOUND('',#18280,.T.);
#18280 = EDGE_LOOP('',(#18281,#18282,#18283,#18284));
#18281 = ORIENTED_EDGE('',*,*,#18172,.F.);
#18282 = ORIENTED_EDGE('',*,*,#18233,.T.);
#18283 = ORIENTED_EDGE('',*,*,#18212,.T.);
#18284 = ORIENTED_EDGE('',*,*,#18255,.F.);
#18285 = PLANE('',#18286);
#18286 = AXIS2_PLACEMENT_3D('',#18287,#18288,#18289);
#18287 = CARTESIAN_POINT('',(630.,550.,55.));
#18288 = DIRECTION('',(0.,0.,1.));
#18289 = DIRECTION('',(1.,0.,0.));
#18290 = MANIFOLD_SOLID_BREP('',#18291);
#18291 = CLOSED_SHELL('',(#18292,#18325,#18334));
#18292 = ADVANCED_FACE('',(#18293),#18320,.T.);
#18293 = FACE_BOUND('',#18294,.T.);
#18294 = EDGE_LOOP('',(#18295,#18304,#18312,#18319));
#18295 = ORIENTED_EDGE('',*,*,#18296,.F.);
#18296 = EDGE_CURVE('',#18297,#18297,#18299,.T.);
#18297 = VERTEX_POINT('',#18298);
#18298 = CARTESIAN_POINT('',(712.,565.,44.));
#18299 = CIRCLE('',#18300,4.);
#18300 = AXIS2_PLACEMENT_3D('',#18301,#18302,#18303);
#18301 = CARTESIAN_POINT('',(712.,565.,40.));
#18302 = DIRECTION('',(1.,0.,-0.));
#18303 = DIRECTION('',(0.,0.,1.));
#18304 = ORIENTED_EDGE('',*,*,#18305,.F.);
#18305 = EDGE_CURVE('',#18306,#18297,#18308,.T.);
#18306 = VERTEX_POINT('',#18307);
#18307 = CARTESIAN_POINT('',(690.,565.,44.));
#18308 = LINE('',#18309,#18310);
#18309 = CARTESIAN_POINT('',(690.,565.,44.));
#18310 = VECTOR('',#18311,1.);
#18311 = DIRECTION('',(1.,0.,0.));
#18312 = ORIENTED_EDGE('',*,*,#18313,.T.);
#18313 = EDGE_CURVE('',#18306,#18306,#18314,.T.);
#18314 = CIRCLE('',#18315,4.);
#18315 = AXIS2_PLACEMENT_3D('',#18316,#18317,#18318);
#18316 = CARTESIAN_POINT('',(690.,565.,40.));
#18317 = DIRECTION('',(1.,0.,-0.));
#18318 = DIRECTION('',(0.,0.,1.));
#18319 = ORIENTED_EDGE('',*,*,#18305,.T.);
#18320 = CYLINDRICAL_SURFACE('',#18321,4.);
#18321 = AXIS2_PLACEMENT_3D('',#18322,#18323,#18324);
#18322 = CARTESIAN_POINT('',(690.,565.,40.));
#18323 = DIRECTION('',(1.,0.,0.));
#18324 = DIRECTION('',(0.,0.,1.));
#18325 = ADVANCED_FACE('',(#18326),#18329,.T.);
#18326 = FACE_BOUND('',#18327,.T.);
#18327 = EDGE_LOOP('',(#18328));
#18328 = ORIENTED_EDGE('',*,*,#18296,.T.);
#18329 = PLANE('',#18330);
#18330 = AXIS2_PLACEMENT_3D('',#18331,#18332,#18333);
#18331 = CARTESIAN_POINT('',(712.,565.,40.));
#18332 = DIRECTION('',(1.,0.,0.));
#18333 = DIRECTION('',(0.,0.,1.));
#18334 = ADVANCED_FACE('',(#18335),#18338,.F.);
#18335 = FACE_BOUND('',#18336,.T.);
#18336 = EDGE_LOOP('',(#18337));
#18337 = ORIENTED_EDGE('',*,*,#18313,.F.);
#18338 = PLANE('',#18339);
#18339 = AXIS2_PLACEMENT_3D('',#18340,#18341,#18342);
#18340 = CARTESIAN_POINT('',(690.,565.,40.));
#18341 = DIRECTION('',(1.,0.,0.));
#18342 = DIRECTION('',(0.,0.,1.));
#18343 = MANIFOLD_SOLID_BREP('',#18344);
#18344 = CLOSED_SHELL('',(#18345,#18378,#18387));
#18345 = ADVANCED_FACE('',(#18346),#18373,.T.);
#18346 = FACE_BOUND('',#18347,.T.);
#18347 = EDGE_LOOP('',(#18348,#18357,#18365,#18372));
#18348 = ORIENTED_EDGE('',*,*,#18349,.F.);
#18349 = EDGE_CURVE('',#18350,#18350,#18352,.T.);
#18350 = VERTEX_POINT('',#18351);
#18351 = CARTESIAN_POINT('',(708.,565.,53.));
#18352 = CIRCLE('',#18353,13.);
#18353 = AXIS2_PLACEMENT_3D('',#18354,#18355,#18356);
#18354 = CARTESIAN_POINT('',(708.,565.,40.));
#18355 = DIRECTION('',(1.,0.,-0.));
#18356 = DIRECTION('',(0.,0.,1.));
#18357 = ORIENTED_EDGE('',*,*,#18358,.F.);
#18358 = EDGE_CURVE('',#18359,#18350,#18361,.T.);
#18359 = VERTEX_POINT('',#18360);
#18360 = CARTESIAN_POINT('',(698.,565.,53.));
#18361 = LINE('',#18362,#18363);
#18362 = CARTESIAN_POINT('',(698.,565.,53.));
#18363 = VECTOR('',#18364,1.);
#18364 = DIRECTION('',(1.,0.,0.));
#18365 = ORIENTED_EDGE('',*,*,#18366,.T.);
#18366 = EDGE_CURVE('',#18359,#18359,#18367,.T.);
#18367 = CIRCLE('',#18368,13.);
#18368 = AXIS2_PLACEMENT_3D('',#18369,#18370,#18371);
#18369 = CARTESIAN_POINT('',(698.,565.,40.));
#18370 = DIRECTION('',(1.,0.,-0.));
#18371 = DIRECTION('',(0.,0.,1.));
#18372 = ORIENTED_EDGE('',*,*,#18358,.T.);
#18373 = CYLINDRICAL_SURFACE('',#18374,13.);
#18374 = AXIS2_PLACEMENT_3D('',#18375,#18376,#18377);
#18375 = CARTESIAN_POINT('',(698.,565.,40.));
#18376 = DIRECTION('',(1.,0.,0.));
#18377 = DIRECTION('',(0.,0.,1.));
#18378 = ADVANCED_FACE('',(#18379),#18382,.T.);
#18379 = FACE_BOUND('',#18380,.T.);
#18380 = EDGE_LOOP('',(#18381));
#18381 = ORIENTED_EDGE('',*,*,#18349,.T.);
#18382 = PLANE('',#18383);
#18383 = AXIS2_PLACEMENT_3D('',#18384,#18385,#18386);
#18384 = CARTESIAN_POINT('',(708.,565.,40.));
#18385 = DIRECTION('',(1.,0.,0.));
#18386 = DIRECTION('',(0.,0.,1.));
#18387 = ADVANCED_FACE('',(#18388),#18391,.F.);
#18388 = FACE_BOUND('',#18389,.T.);
#18389 = EDGE_LOOP('',(#18390));
#18390 = ORIENTED_EDGE('',*,*,#18366,.F.);
#18391 = PLANE('',#18392);
#18392 = AXIS2_PLACEMENT_3D('',#18393,#18394,#18395);
#18393 = CARTESIAN_POINT('',(698.,565.,40.));
#18394 = DIRECTION('',(1.,0.,0.));
#18395 = DIRECTION('',(0.,0.,1.));
#18396 = MANIFOLD_SOLID_BREP('',#18397);
#18397 = CLOSED_SHELL('',(#18398,#18431,#18440));
#18398 = ADVANCED_FACE('',(#18399),#18426,.T.);
#18399 = FACE_BOUND('',#18400,.T.);
#18400 = EDGE_LOOP('',(#18401,#18410,#18418,#18425));
#18401 = ORIENTED_EDGE('',*,*,#18402,.F.);
#18402 = EDGE_CURVE('',#18403,#18403,#18405,.T.);
#18403 = VERTEX_POINT('',#18404);
#18404 = CARTESIAN_POINT('',(708.,600.,103.));
#18405 = CIRCLE('',#18406,13.);
#18406 = AXIS2_PLACEMENT_3D('',#18407,#18408,#18409);
#18407 = CARTESIAN_POINT('',(708.,600.,90.));
#18408 = DIRECTION('',(1.,0.,-0.));
#18409 = DIRECTION('',(0.,0.,1.));
#18410 = ORIENTED_EDGE('',*,*,#18411,.F.);
#18411 = EDGE_CURVE('',#18412,#18403,#18414,.T.);
#18412 = VERTEX_POINT('',#18413);
#18413 = CARTESIAN_POINT('',(698.,600.,103.));
#18414 = LINE('',#18415,#18416);
#18415 = CARTESIAN_POINT('',(698.,600.,103.));
#18416 = VECTOR('',#18417,1.);
#18417 = DIRECTION('',(1.,0.,0.));
#18418 = ORIENTED_EDGE('',*,*,#18419,.T.);
#18419 = EDGE_CURVE('',#18412,#18412,#18420,.T.);
#18420 = CIRCLE('',#18421,13.);
#18421 = AXIS2_PLACEMENT_3D('',#18422,#18423,#18424);
#18422 = CARTESIAN_POINT('',(698.,600.,90.));
#18423 = DIRECTION('',(1.,0.,-0.));
#18424 = DIRECTION('',(0.,0.,1.));
#18425 = ORIENTED_EDGE('',*,*,#18411,.T.);
#18426 = CYLINDRICAL_SURFACE('',#18427,13.);
#18427 = AXIS2_PLACEMENT_3D('',#18428,#18429,#18430);
#18428 = CARTESIAN_POINT('',(698.,600.,90.));
#18429 = DIRECTION('',(1.,0.,0.));
#18430 = DIRECTION('',(0.,0.,1.));
#18431 = ADVANCED_FACE('',(#18432),#18435,.T.);
#18432 = FACE_BOUND('',#18433,.T.);
#18433 = EDGE_LOOP('',(#18434));
#18434 = ORIENTED_EDGE('',*,*,#18402,.T.);
#18435 = PLANE('',#18436);
#18436 = AXIS2_PLACEMENT_3D('',#18437,#18438,#18439);
#18437 = CARTESIAN_POINT('',(708.,600.,90.));
#18438 = DIRECTION('',(1.,0.,0.));
#18439 = DIRECTION('',(0.,0.,1.));
#18440 = ADVANCED_FACE('',(#18441),#18444,.F.);
#18441 = FACE_BOUND('',#18442,.T.);
#18442 = EDGE_LOOP('',(#18443));
#18443 = ORIENTED_EDGE('',*,*,#18419,.F.);
#18444 = PLANE('',#18445);
#18445 = AXIS2_PLACEMENT_3D('',#18446,#18447,#18448);
#18446 = CARTESIAN_POINT('',(698.,600.,90.));
#18447 = DIRECTION('',(1.,0.,0.));
#18448 = DIRECTION('',(0.,0.,1.));
#18449 = MANIFOLD_SOLID_BREP('',#18450);
#18450 = CLOSED_SHELL('',(#18451,#18491,#18531,#18553,#18575,#18587));
#18451 = ADVANCED_FACE('',(#18452),#18486,.F.);
#18452 = FACE_BOUND('',#18453,.F.);
#18453 = EDGE_LOOP('',(#18454,#18464,#18472,#18480));
#18454 = ORIENTED_EDGE('',*,*,#18455,.F.);
#18455 = EDGE_CURVE('',#18456,#18458,#18460,.T.);
#18456 = VERTEX_POINT('',#18457);
#18457 = CARTESIAN_POINT('',(699.,554.,32.));
#18458 = VERTEX_POINT('',#18459);
#18459 = CARTESIAN_POINT('',(699.,554.,98.));
#18460 = LINE('',#18461,#18462);
#18461 = CARTESIAN_POINT('',(699.,554.,32.));
#18462 = VECTOR('',#18463,1.);
#18463 = DIRECTION('',(0.,0.,1.));
#18464 = ORIENTED_EDGE('',*,*,#18465,.T.);
#18465 = EDGE_CURVE('',#18456,#18466,#18468,.T.);
#18466 = VERTEX_POINT('',#18467);
#18467 = CARTESIAN_POINT('',(699.,610.,32.));
#18468 = LINE('',#18469,#18470);
#18469 = CARTESIAN_POINT('',(699.,554.,32.));
#18470 = VECTOR('',#18471,1.);
#18471 = DIRECTION('',(0.,1.,0.));
#18472 = ORIENTED_EDGE('',*,*,#18473,.T.);
#18473 = EDGE_CURVE('',#18466,#18474,#18476,.T.);
#18474 = VERTEX_POINT('',#18475);
#18475 = CARTESIAN_POINT('',(699.,610.,98.));
#18476 = LINE('',#18477,#18478);
#18477 = CARTESIAN_POINT('',(699.,610.,32.));
#18478 = VECTOR('',#18479,1.);
#18479 = DIRECTION('',(0.,0.,1.));
#18480 = ORIENTED_EDGE('',*,*,#18481,.F.);
#18481 = EDGE_CURVE('',#18458,#18474,#18482,.T.);
#18482 = LINE('',#18483,#18484);
#18483 = CARTESIAN_POINT('',(699.,554.,98.));
#18484 = VECTOR('',#18485,1.);
#18485 = DIRECTION('',(0.,1.,0.));
#18486 = PLANE('',#18487);
#18487 = AXIS2_PLACEMENT_3D('',#18488,#18489,#18490);
#18488 = CARTESIAN_POINT('',(699.,554.,32.));
#18489 = DIRECTION('',(1.,0.,0.));
#18490 = DIRECTION('',(0.,0.,1.));
#18491 = ADVANCED_FACE('',(#18492),#18526,.T.);
#18492 = FACE_BOUND('',#18493,.T.);
#18493 = EDGE_LOOP('',(#18494,#18504,#18512,#18520));
#18494 = ORIENTED_EDGE('',*,*,#18495,.F.);
#18495 = EDGE_CURVE('',#18496,#18498,#18500,.T.);
#18496 = VERTEX_POINT('',#18497);
#18497 = CARTESIAN_POINT('',(707.,554.,32.));
#18498 = VERTEX_POINT('',#18499);
#18499 = CARTESIAN_POINT('',(707.,554.,98.));
#18500 = LINE('',#18501,#18502);
#18501 = CARTESIAN_POINT('',(707.,554.,32.));
#18502 = VECTOR('',#18503,1.);
#18503 = DIRECTION('',(0.,0.,1.));
#18504 = ORIENTED_EDGE('',*,*,#18505,.T.);
#18505 = EDGE_CURVE('',#18496,#18506,#18508,.T.);
#18506 = VERTEX_POINT('',#18507);
#18507 = CARTESIAN_POINT('',(707.,610.,32.));
#18508 = LINE('',#18509,#18510);
#18509 = CARTESIAN_POINT('',(707.,554.,32.));
#18510 = VECTOR('',#18511,1.);
#18511 = DIRECTION('',(0.,1.,0.));
#18512 = ORIENTED_EDGE('',*,*,#18513,.T.);
#18513 = EDGE_CURVE('',#18506,#18514,#18516,.T.);
#18514 = VERTEX_POINT('',#18515);
#18515 = CARTESIAN_POINT('',(707.,610.,98.));
#18516 = LINE('',#18517,#18518);
#18517 = CARTESIAN_POINT('',(707.,610.,32.));
#18518 = VECTOR('',#18519,1.);
#18519 = DIRECTION('',(0.,0.,1.));
#18520 = ORIENTED_EDGE('',*,*,#18521,.F.);
#18521 = EDGE_CURVE('',#18498,#18514,#18522,.T.);
#18522 = LINE('',#18523,#18524);
#18523 = CARTESIAN_POINT('',(707.,554.,98.));
#18524 = VECTOR('',#18525,1.);
#18525 = DIRECTION('',(0.,1.,0.));
#18526 = PLANE('',#18527);
#18527 = AXIS2_PLACEMENT_3D('',#18528,#18529,#18530);
#18528 = CARTESIAN_POINT('',(707.,554.,32.));
#18529 = DIRECTION('',(1.,0.,0.));
#18530 = DIRECTION('',(0.,0.,1.));
#18531 = ADVANCED_FACE('',(#18532),#18548,.F.);
#18532 = FACE_BOUND('',#18533,.F.);
#18533 = EDGE_LOOP('',(#18534,#18540,#18541,#18547));
#18534 = ORIENTED_EDGE('',*,*,#18535,.F.);
#18535 = EDGE_CURVE('',#18456,#18496,#18536,.T.);
#18536 = LINE('',#18537,#18538);
#18537 = CARTESIAN_POINT('',(699.,554.,32.));
#18538 = VECTOR('',#18539,1.);
#18539 = DIRECTION('',(1.,0.,0.));
#18540 = ORIENTED_EDGE('',*,*,#18455,.T.);
#18541 = ORIENTED_EDGE('',*,*,#18542,.T.);
#18542 = EDGE_CURVE('',#18458,#18498,#18543,.T.);
#18543 = LINE('',#18544,#18545);
#18544 = CARTESIAN_POINT('',(699.,554.,98.));
#18545 = VECTOR('',#18546,1.);
#18546 = DIRECTION('',(1.,0.,0.));
#18547 = ORIENTED_EDGE('',*,*,#18495,.F.);
#18548 = PLANE('',#18549);
#18549 = AXIS2_PLACEMENT_3D('',#18550,#18551,#18552);
#18550 = CARTESIAN_POINT('',(699.,554.,32.));
#18551 = DIRECTION('',(0.,1.,0.));
#18552 = DIRECTION('',(0.,0.,1.));
#18553 = ADVANCED_FACE('',(#18554),#18570,.T.);
#18554 = FACE_BOUND('',#18555,.T.);
#18555 = EDGE_LOOP('',(#18556,#18562,#18563,#18569));
#18556 = ORIENTED_EDGE('',*,*,#18557,.F.);
#18557 = EDGE_CURVE('',#18466,#18506,#18558,.T.);
#18558 = LINE('',#18559,#18560);
#18559 = CARTESIAN_POINT('',(699.,610.,32.));
#18560 = VECTOR('',#18561,1.);
#18561 = DIRECTION('',(1.,0.,0.));
#18562 = ORIENTED_EDGE('',*,*,#18473,.T.);
#18563 = ORIENTED_EDGE('',*,*,#18564,.T.);
#18564 = EDGE_CURVE('',#18474,#18514,#18565,.T.);
#18565 = LINE('',#18566,#18567);
#18566 = CARTESIAN_POINT('',(699.,610.,98.));
#18567 = VECTOR('',#18568,1.);
#18568 = DIRECTION('',(1.,0.,0.));
#18569 = ORIENTED_EDGE('',*,*,#18513,.F.);
#18570 = PLANE('',#18571);
#18571 = AXIS2_PLACEMENT_3D('',#18572,#18573,#18574);
#18572 = CARTESIAN_POINT('',(699.,610.,32.));
#18573 = DIRECTION('',(0.,1.,0.));
#18574 = DIRECTION('',(0.,0.,1.));
#18575 = ADVANCED_FACE('',(#18576),#18582,.F.);
#18576 = FACE_BOUND('',#18577,.F.);
#18577 = EDGE_LOOP('',(#18578,#18579,#18580,#18581));
#18578 = ORIENTED_EDGE('',*,*,#18465,.F.);
#18579 = ORIENTED_EDGE('',*,*,#18535,.T.);
#18580 = ORIENTED_EDGE('',*,*,#18505,.T.);
#18581 = ORIENTED_EDGE('',*,*,#18557,.F.);
#18582 = PLANE('',#18583);
#18583 = AXIS2_PLACEMENT_3D('',#18584,#18585,#18586);
#18584 = CARTESIAN_POINT('',(699.,554.,32.));
#18585 = DIRECTION('',(0.,0.,1.));
#18586 = DIRECTION('',(1.,0.,0.));
#18587 = ADVANCED_FACE('',(#18588),#18594,.T.);
#18588 = FACE_BOUND('',#18589,.T.);
#18589 = EDGE_LOOP('',(#18590,#18591,#18592,#18593));
#18590 = ORIENTED_EDGE('',*,*,#18481,.F.);
#18591 = ORIENTED_EDGE('',*,*,#18542,.T.);
#18592 = ORIENTED_EDGE('',*,*,#18521,.T.);
#18593 = ORIENTED_EDGE('',*,*,#18564,.F.);
#18594 = PLANE('',#18595);
#18595 = AXIS2_PLACEMENT_3D('',#18596,#18597,#18598);
#18596 = CARTESIAN_POINT('',(699.,554.,98.));
#18597 = DIRECTION('',(0.,0.,1.));
#18598 = DIRECTION('',(1.,0.,0.));
#18599 = MANIFOLD_SOLID_BREP('',#18600);
#18600 = CLOSED_SHELL('',(#18601,#18641,#18681,#18703,#18725,#18737));
#18601 = ADVANCED_FACE('',(#18602),#18636,.F.);
#18602 = FACE_BOUND('',#18603,.F.);
#18603 = EDGE_LOOP('',(#18604,#18614,#18622,#18630));
#18604 = ORIENTED_EDGE('',*,*,#18605,.F.);
#18605 = EDGE_CURVE('',#18606,#18608,#18610,.T.);
#18606 = VERTEX_POINT('',#18607);
#18607 = CARTESIAN_POINT('',(610.,430.,105.));
#18608 = VERTEX_POINT('',#18609);
#18609 = CARTESIAN_POINT('',(610.,430.,210.));
#18610 = LINE('',#18611,#18612);
#18611 = CARTESIAN_POINT('',(610.,430.,105.));
#18612 = VECTOR('',#18613,1.);
#18613 = DIRECTION('',(0.,0.,1.));
#18614 = ORIENTED_EDGE('',*,*,#18615,.T.);
#18615 = EDGE_CURVE('',#18606,#18616,#18618,.T.);
#18616 = VERTEX_POINT('',#18617);
#18617 = CARTESIAN_POINT('',(610.,445.,105.));
#18618 = LINE('',#18619,#18620);
#18619 = CARTESIAN_POINT('',(610.,430.,105.));
#18620 = VECTOR('',#18621,1.);
#18621 = DIRECTION('',(0.,1.,0.));
#18622 = ORIENTED_EDGE('',*,*,#18623,.T.);
#18623 = EDGE_CURVE('',#18616,#18624,#18626,.T.);
#18624 = VERTEX_POINT('',#18625);
#18625 = CARTESIAN_POINT('',(610.,445.,210.));
#18626 = LINE('',#18627,#18628);
#18627 = CARTESIAN_POINT('',(610.,445.,105.));
#18628 = VECTOR('',#18629,1.);
#18629 = DIRECTION('',(0.,0.,1.));
#18630 = ORIENTED_EDGE('',*,*,#18631,.F.);
#18631 = EDGE_CURVE('',#18608,#18624,#18632,.T.);
#18632 = LINE('',#18633,#18634);
#18633 = CARTESIAN_POINT('',(610.,430.,210.));
#18634 = VECTOR('',#18635,1.);
#18635 = DIRECTION('',(0.,1.,0.));
#18636 = PLANE('',#18637);
#18637 = AXIS2_PLACEMENT_3D('',#18638,#18639,#18640);
#18638 = CARTESIAN_POINT('',(610.,430.,105.));
#18639 = DIRECTION('',(1.,0.,0.));
#18640 = DIRECTION('',(0.,0.,1.));
#18641 = ADVANCED_FACE('',(#18642),#18676,.T.);
#18642 = FACE_BOUND('',#18643,.T.);
#18643 = EDGE_LOOP('',(#18644,#18654,#18662,#18670));
#18644 = ORIENTED_EDGE('',*,*,#18645,.F.);
#18645 = EDGE_CURVE('',#18646,#18648,#18650,.T.);
#18646 = VERTEX_POINT('',#18647);
#18647 = CARTESIAN_POINT('',(625.,430.,105.));
#18648 = VERTEX_POINT('',#18649);
#18649 = CARTESIAN_POINT('',(625.,430.,210.));
#18650 = LINE('',#18651,#18652);
#18651 = CARTESIAN_POINT('',(625.,430.,105.));
#18652 = VECTOR('',#18653,1.);
#18653 = DIRECTION('',(0.,0.,1.));
#18654 = ORIENTED_EDGE('',*,*,#18655,.T.);
#18655 = EDGE_CURVE('',#18646,#18656,#18658,.T.);
#18656 = VERTEX_POINT('',#18657);
#18657 = CARTESIAN_POINT('',(625.,445.,105.));
#18658 = LINE('',#18659,#18660);
#18659 = CARTESIAN_POINT('',(625.,430.,105.));
#18660 = VECTOR('',#18661,1.);
#18661 = DIRECTION('',(0.,1.,0.));
#18662 = ORIENTED_EDGE('',*,*,#18663,.T.);
#18663 = EDGE_CURVE('',#18656,#18664,#18666,.T.);
#18664 = VERTEX_POINT('',#18665);
#18665 = CARTESIAN_POINT('',(625.,445.,210.));
#18666 = LINE('',#18667,#18668);
#18667 = CARTESIAN_POINT('',(625.,445.,105.));
#18668 = VECTOR('',#18669,1.);
#18669 = DIRECTION('',(0.,0.,1.));
#18670 = ORIENTED_EDGE('',*,*,#18671,.F.);
#18671 = EDGE_CURVE('',#18648,#18664,#18672,.T.);
#18672 = LINE('',#18673,#18674);
#18673 = CARTESIAN_POINT('',(625.,430.,210.));
#18674 = VECTOR('',#18675,1.);
#18675 = DIRECTION('',(0.,1.,0.));
#18676 = PLANE('',#18677);
#18677 = AXIS2_PLACEMENT_3D('',#18678,#18679,#18680);
#18678 = CARTESIAN_POINT('',(625.,430.,105.));
#18679 = DIRECTION('',(1.,0.,0.));
#18680 = DIRECTION('',(0.,0.,1.));
#18681 = ADVANCED_FACE('',(#18682),#18698,.F.);
#18682 = FACE_BOUND('',#18683,.F.);
#18683 = EDGE_LOOP('',(#18684,#18690,#18691,#18697));
#18684 = ORIENTED_EDGE('',*,*,#18685,.F.);
#18685 = EDGE_CURVE('',#18606,#18646,#18686,.T.);
#18686 = LINE('',#18687,#18688);
#18687 = CARTESIAN_POINT('',(610.,430.,105.));
#18688 = VECTOR('',#18689,1.);
#18689 = DIRECTION('',(1.,0.,0.));
#18690 = ORIENTED_EDGE('',*,*,#18605,.T.);
#18691 = ORIENTED_EDGE('',*,*,#18692,.T.);
#18692 = EDGE_CURVE('',#18608,#18648,#18693,.T.);
#18693 = LINE('',#18694,#18695);
#18694 = CARTESIAN_POINT('',(610.,430.,210.));
#18695 = VECTOR('',#18696,1.);
#18696 = DIRECTION('',(1.,0.,0.));
#18697 = ORIENTED_EDGE('',*,*,#18645,.F.);
#18698 = PLANE('',#18699);
#18699 = AXIS2_PLACEMENT_3D('',#18700,#18701,#18702);
#18700 = CARTESIAN_POINT('',(610.,430.,105.));
#18701 = DIRECTION('',(0.,1.,0.));
#18702 = DIRECTION('',(0.,0.,1.));
#18703 = ADVANCED_FACE('',(#18704),#18720,.T.);
#18704 = FACE_BOUND('',#18705,.T.);
#18705 = EDGE_LOOP('',(#18706,#18712,#18713,#18719));
#18706 = ORIENTED_EDGE('',*,*,#18707,.F.);
#18707 = EDGE_CURVE('',#18616,#18656,#18708,.T.);
#18708 = LINE('',#18709,#18710);
#18709 = CARTESIAN_POINT('',(610.,445.,105.));
#18710 = VECTOR('',#18711,1.);
#18711 = DIRECTION('',(1.,0.,0.));
#18712 = ORIENTED_EDGE('',*,*,#18623,.T.);
#18713 = ORIENTED_EDGE('',*,*,#18714,.T.);
#18714 = EDGE_CURVE('',#18624,#18664,#18715,.T.);
#18715 = LINE('',#18716,#18717);
#18716 = CARTESIAN_POINT('',(610.,445.,210.));
#18717 = VECTOR('',#18718,1.);
#18718 = DIRECTION('',(1.,0.,0.));
#18719 = ORIENTED_EDGE('',*,*,#18663,.F.);
#18720 = PLANE('',#18721);
#18721 = AXIS2_PLACEMENT_3D('',#18722,#18723,#18724);
#18722 = CARTESIAN_POINT('',(610.,445.,105.));
#18723 = DIRECTION('',(0.,1.,0.));
#18724 = DIRECTION('',(0.,0.,1.));
#18725 = ADVANCED_FACE('',(#18726),#18732,.F.);
#18726 = FACE_BOUND('',#18727,.F.);
#18727 = EDGE_LOOP('',(#18728,#18729,#18730,#18731));
#18728 = ORIENTED_EDGE('',*,*,#18615,.F.);
#18729 = ORIENTED_EDGE('',*,*,#18685,.T.);
#18730 = ORIENTED_EDGE('',*,*,#18655,.T.);
#18731 = ORIENTED_EDGE('',*,*,#18707,.F.);
#18732 = PLANE('',#18733);
#18733 = AXIS2_PLACEMENT_3D('',#18734,#18735,#18736);
#18734 = CARTESIAN_POINT('',(610.,430.,105.));
#18735 = DIRECTION('',(0.,0.,1.));
#18736 = DIRECTION('',(1.,0.,0.));
#18737 = ADVANCED_FACE('',(#18738),#18744,.T.);
#18738 = FACE_BOUND('',#18739,.T.);
#18739 = EDGE_LOOP('',(#18740,#18741,#18742,#18743));
#18740 = ORIENTED_EDGE('',*,*,#18631,.F.);
#18741 = ORIENTED_EDGE('',*,*,#18692,.T.);
#18742 = ORIENTED_EDGE('',*,*,#18671,.T.);
#18743 = ORIENTED_EDGE('',*,*,#18714,.F.);
#18744 = PLANE('',#18745);
#18745 = AXIS2_PLACEMENT_3D('',#18746,#18747,#18748);
#18746 = CARTESIAN_POINT('',(610.,430.,210.));
#18747 = DIRECTION('',(0.,0.,1.));
#18748 = DIRECTION('',(1.,0.,0.));
#18749 = MANIFOLD_SOLID_BREP('',#18750);
#18750 = CLOSED_SHELL('',(#18751,#18791,#18831,#18853,#18875,#18887));
#18751 = ADVANCED_FACE('',(#18752),#18786,.F.);
#18752 = FACE_BOUND('',#18753,.F.);
#18753 = EDGE_LOOP('',(#18754,#18764,#18772,#18780));
#18754 = ORIENTED_EDGE('',*,*,#18755,.F.);
#18755 = EDGE_CURVE('',#18756,#18758,#18760,.T.);
#18756 = VERTEX_POINT('',#18757);
#18757 = CARTESIAN_POINT('',(610.,505.,105.));
#18758 = VERTEX_POINT('',#18759);
#18759 = CARTESIAN_POINT('',(610.,505.,210.));
#18760 = LINE('',#18761,#18762);
#18761 = CARTESIAN_POINT('',(610.,505.,105.));
#18762 = VECTOR('',#18763,1.);
#18763 = DIRECTION('',(0.,0.,1.));
#18764 = ORIENTED_EDGE('',*,*,#18765,.T.);
#18765 = EDGE_CURVE('',#18756,#18766,#18768,.T.);
#18766 = VERTEX_POINT('',#18767);
#18767 = CARTESIAN_POINT('',(610.,520.,105.));
#18768 = LINE('',#18769,#18770);
#18769 = CARTESIAN_POINT('',(610.,505.,105.));
#18770 = VECTOR('',#18771,1.);
#18771 = DIRECTION('',(0.,1.,0.));
#18772 = ORIENTED_EDGE('',*,*,#18773,.T.);
#18773 = EDGE_CURVE('',#18766,#18774,#18776,.T.);
#18774 = VERTEX_POINT('',#18775);
#18775 = CARTESIAN_POINT('',(610.,520.,210.));
#18776 = LINE('',#18777,#18778);
#18777 = CARTESIAN_POINT('',(610.,520.,105.));
#18778 = VECTOR('',#18779,1.);
#18779 = DIRECTION('',(0.,0.,1.));
#18780 = ORIENTED_EDGE('',*,*,#18781,.F.);
#18781 = EDGE_CURVE('',#18758,#18774,#18782,.T.);
#18782 = LINE('',#18783,#18784);
#18783 = CARTESIAN_POINT('',(610.,505.,210.));
#18784 = VECTOR('',#18785,1.);
#18785 = DIRECTION('',(0.,1.,0.));
#18786 = PLANE('',#18787);
#18787 = AXIS2_PLACEMENT_3D('',#18788,#18789,#18790);
#18788 = CARTESIAN_POINT('',(610.,505.,105.));
#18789 = DIRECTION('',(1.,0.,0.));
#18790 = DIRECTION('',(0.,0.,1.));
#18791 = ADVANCED_FACE('',(#18792),#18826,.T.);
#18792 = FACE_BOUND('',#18793,.T.);
#18793 = EDGE_LOOP('',(#18794,#18804,#18812,#18820));
#18794 = ORIENTED_EDGE('',*,*,#18795,.F.);
#18795 = EDGE_CURVE('',#18796,#18798,#18800,.T.);
#18796 = VERTEX_POINT('',#18797);
#18797 = CARTESIAN_POINT('',(625.,505.,105.));
#18798 = VERTEX_POINT('',#18799);
#18799 = CARTESIAN_POINT('',(625.,505.,210.));
#18800 = LINE('',#18801,#18802);
#18801 = CARTESIAN_POINT('',(625.,505.,105.));
#18802 = VECTOR('',#18803,1.);
#18803 = DIRECTION('',(0.,0.,1.));
#18804 = ORIENTED_EDGE('',*,*,#18805,.T.);
#18805 = EDGE_CURVE('',#18796,#18806,#18808,.T.);
#18806 = VERTEX_POINT('',#18807);
#18807 = CARTESIAN_POINT('',(625.,520.,105.));
#18808 = LINE('',#18809,#18810);
#18809 = CARTESIAN_POINT('',(625.,505.,105.));
#18810 = VECTOR('',#18811,1.);
#18811 = DIRECTION('',(0.,1.,0.));
#18812 = ORIENTED_EDGE('',*,*,#18813,.T.);
#18813 = EDGE_CURVE('',#18806,#18814,#18816,.T.);
#18814 = VERTEX_POINT('',#18815);
#18815 = CARTESIAN_POINT('',(625.,520.,210.));
#18816 = LINE('',#18817,#18818);
#18817 = CARTESIAN_POINT('',(625.,520.,105.));
#18818 = VECTOR('',#18819,1.);
#18819 = DIRECTION('',(0.,0.,1.));
#18820 = ORIENTED_EDGE('',*,*,#18821,.F.);
#18821 = EDGE_CURVE('',#18798,#18814,#18822,.T.);
#18822 = LINE('',#18823,#18824);
#18823 = CARTESIAN_POINT('',(625.,505.,210.));
#18824 = VECTOR('',#18825,1.);
#18825 = DIRECTION('',(0.,1.,0.));
#18826 = PLANE('',#18827);
#18827 = AXIS2_PLACEMENT_3D('',#18828,#18829,#18830);
#18828 = CARTESIAN_POINT('',(625.,505.,105.));
#18829 = DIRECTION('',(1.,0.,0.));
#18830 = DIRECTION('',(0.,0.,1.));
#18831 = ADVANCED_FACE('',(#18832),#18848,.F.);
#18832 = FACE_BOUND('',#18833,.F.);
#18833 = EDGE_LOOP('',(#18834,#18840,#18841,#18847));
#18834 = ORIENTED_EDGE('',*,*,#18835,.F.);
#18835 = EDGE_CURVE('',#18756,#18796,#18836,.T.);
#18836 = LINE('',#18837,#18838);
#18837 = CARTESIAN_POINT('',(610.,505.,105.));
#18838 = VECTOR('',#18839,1.);
#18839 = DIRECTION('',(1.,0.,0.));
#18840 = ORIENTED_EDGE('',*,*,#18755,.T.);
#18841 = ORIENTED_EDGE('',*,*,#18842,.T.);
#18842 = EDGE_CURVE('',#18758,#18798,#18843,.T.);
#18843 = LINE('',#18844,#18845);
#18844 = CARTESIAN_POINT('',(610.,505.,210.));
#18845 = VECTOR('',#18846,1.);
#18846 = DIRECTION('',(1.,0.,0.));
#18847 = ORIENTED_EDGE('',*,*,#18795,.F.);
#18848 = PLANE('',#18849);
#18849 = AXIS2_PLACEMENT_3D('',#18850,#18851,#18852);
#18850 = CARTESIAN_POINT('',(610.,505.,105.));
#18851 = DIRECTION('',(0.,1.,0.));
#18852 = DIRECTION('',(0.,0.,1.));
#18853 = ADVANCED_FACE('',(#18854),#18870,.T.);
#18854 = FACE_BOUND('',#18855,.T.);
#18855 = EDGE_LOOP('',(#18856,#18862,#18863,#18869));
#18856 = ORIENTED_EDGE('',*,*,#18857,.F.);
#18857 = EDGE_CURVE('',#18766,#18806,#18858,.T.);
#18858 = LINE('',#18859,#18860);
#18859 = CARTESIAN_POINT('',(610.,520.,105.));
#18860 = VECTOR('',#18861,1.);
#18861 = DIRECTION('',(1.,0.,0.));
#18862 = ORIENTED_EDGE('',*,*,#18773,.T.);
#18863 = ORIENTED_EDGE('',*,*,#18864,.T.);
#18864 = EDGE_CURVE('',#18774,#18814,#18865,.T.);
#18865 = LINE('',#18866,#18867);
#18866 = CARTESIAN_POINT('',(610.,520.,210.));
#18867 = VECTOR('',#18868,1.);
#18868 = DIRECTION('',(1.,0.,0.));
#18869 = ORIENTED_EDGE('',*,*,#18813,.F.);
#18870 = PLANE('',#18871);
#18871 = AXIS2_PLACEMENT_3D('',#18872,#18873,#18874);
#18872 = CARTESIAN_POINT('',(610.,520.,105.));
#18873 = DIRECTION('',(0.,1.,0.));
#18874 = DIRECTION('',(0.,0.,1.));
#18875 = ADVANCED_FACE('',(#18876),#18882,.F.);
#18876 = FACE_BOUND('',#18877,.F.);
#18877 = EDGE_LOOP('',(#18878,#18879,#18880,#18881));
#18878 = ORIENTED_EDGE('',*,*,#18765,.F.);
#18879 = ORIENTED_EDGE('',*,*,#18835,.T.);
#18880 = ORIENTED_EDGE('',*,*,#18805,.T.);
#18881 = ORIENTED_EDGE('',*,*,#18857,.F.);
#18882 = PLANE('',#18883);
#18883 = AXIS2_PLACEMENT_3D('',#18884,#18885,#18886);
#18884 = CARTESIAN_POINT('',(610.,505.,105.));
#18885 = DIRECTION('',(0.,0.,1.));
#18886 = DIRECTION('',(1.,0.,0.));
#18887 = ADVANCED_FACE('',(#18888),#18894,.T.);
#18888 = FACE_BOUND('',#18889,.T.);
#18889 = EDGE_LOOP('',(#18890,#18891,#18892,#18893));
#18890 = ORIENTED_EDGE('',*,*,#18781,.F.);
#18891 = ORIENTED_EDGE('',*,*,#18842,.T.);
#18892 = ORIENTED_EDGE('',*,*,#18821,.T.);
#18893 = ORIENTED_EDGE('',*,*,#18864,.F.);
#18894 = PLANE('',#18895);
#18895 = AXIS2_PLACEMENT_3D('',#18896,#18897,#18898);
#18896 = CARTESIAN_POINT('',(610.,505.,210.));
#18897 = DIRECTION('',(0.,0.,1.));
#18898 = DIRECTION('',(1.,0.,0.));
#18899 = MANIFOLD_SOLID_BREP('',#18900);
#18900 = CLOSED_SHELL('',(#18901,#18941,#18981,#19003,#19025,#19037));
#18901 = ADVANCED_FACE('',(#18902),#18936,.F.);
#18902 = FACE_BOUND('',#18903,.F.);
#18903 = EDGE_LOOP('',(#18904,#18914,#18922,#18930));
#18904 = ORIENTED_EDGE('',*,*,#18905,.F.);
#18905 = EDGE_CURVE('',#18906,#18908,#18910,.T.);
#18906 = VERTEX_POINT('',#18907);
#18907 = CARTESIAN_POINT('',(705.,430.,105.));
#18908 = VERTEX_POINT('',#18909);
#18909 = CARTESIAN_POINT('',(705.,430.,210.));
#18910 = LINE('',#18911,#18912);
#18911 = CARTESIAN_POINT('',(705.,430.,105.));
#18912 = VECTOR('',#18913,1.);
#18913 = DIRECTION('',(0.,0.,1.));
#18914 = ORIENTED_EDGE('',*,*,#18915,.T.);
#18915 = EDGE_CURVE('',#18906,#18916,#18918,.T.);
#18916 = VERTEX_POINT('',#18917);
#18917 = CARTESIAN_POINT('',(705.,445.,105.));
#18918 = LINE('',#18919,#18920);
#18919 = CARTESIAN_POINT('',(705.,430.,105.));
#18920 = VECTOR('',#18921,1.);
#18921 = DIRECTION('',(0.,1.,0.));
#18922 = ORIENTED_EDGE('',*,*,#18923,.T.);
#18923 = EDGE_CURVE('',#18916,#18924,#18926,.T.);
#18924 = VERTEX_POINT('',#18925);
#18925 = CARTESIAN_POINT('',(705.,445.,210.));
#18926 = LINE('',#18927,#18928);
#18927 = CARTESIAN_POINT('',(705.,445.,105.));
#18928 = VECTOR('',#18929,1.);
#18929 = DIRECTION('',(0.,0.,1.));
#18930 = ORIENTED_EDGE('',*,*,#18931,.F.);
#18931 = EDGE_CURVE('',#18908,#18924,#18932,.T.);
#18932 = LINE('',#18933,#18934);
#18933 = CARTESIAN_POINT('',(705.,430.,210.));
#18934 = VECTOR('',#18935,1.);
#18935 = DIRECTION('',(0.,1.,0.));
#18936 = PLANE('',#18937);
#18937 = AXIS2_PLACEMENT_3D('',#18938,#18939,#18940);
#18938 = CARTESIAN_POINT('',(705.,430.,105.));
#18939 = DIRECTION('',(1.,0.,0.));
#18940 = DIRECTION('',(0.,0.,1.));
#18941 = ADVANCED_FACE('',(#18942),#18976,.T.);
#18942 = FACE_BOUND('',#18943,.T.);
#18943 = EDGE_LOOP('',(#18944,#18954,#18962,#18970));
#18944 = ORIENTED_EDGE('',*,*,#18945,.F.);
#18945 = EDGE_CURVE('',#18946,#18948,#18950,.T.);
#18946 = VERTEX_POINT('',#18947);
#18947 = CARTESIAN_POINT('',(720.,430.,105.));
#18948 = VERTEX_POINT('',#18949);
#18949 = CARTESIAN_POINT('',(720.,430.,210.));
#18950 = LINE('',#18951,#18952);
#18951 = CARTESIAN_POINT('',(720.,430.,105.));
#18952 = VECTOR('',#18953,1.);
#18953 = DIRECTION('',(0.,0.,1.));
#18954 = ORIENTED_EDGE('',*,*,#18955,.T.);
#18955 = EDGE_CURVE('',#18946,#18956,#18958,.T.);
#18956 = VERTEX_POINT('',#18957);
#18957 = CARTESIAN_POINT('',(720.,445.,105.));
#18958 = LINE('',#18959,#18960);
#18959 = CARTESIAN_POINT('',(720.,430.,105.));
#18960 = VECTOR('',#18961,1.);
#18961 = DIRECTION('',(0.,1.,0.));
#18962 = ORIENTED_EDGE('',*,*,#18963,.T.);
#18963 = EDGE_CURVE('',#18956,#18964,#18966,.T.);
#18964 = VERTEX_POINT('',#18965);
#18965 = CARTESIAN_POINT('',(720.,445.,210.));
#18966 = LINE('',#18967,#18968);
#18967 = CARTESIAN_POINT('',(720.,445.,105.));
#18968 = VECTOR('',#18969,1.);
#18969 = DIRECTION('',(0.,0.,1.));
#18970 = ORIENTED_EDGE('',*,*,#18971,.F.);
#18971 = EDGE_CURVE('',#18948,#18964,#18972,.T.);
#18972 = LINE('',#18973,#18974);
#18973 = CARTESIAN_POINT('',(720.,430.,210.));
#18974 = VECTOR('',#18975,1.);
#18975 = DIRECTION('',(0.,1.,0.));
#18976 = PLANE('',#18977);
#18977 = AXIS2_PLACEMENT_3D('',#18978,#18979,#18980);
#18978 = CARTESIAN_POINT('',(720.,430.,105.));
#18979 = DIRECTION('',(1.,0.,0.));
#18980 = DIRECTION('',(0.,0.,1.));
#18981 = ADVANCED_FACE('',(#18982),#18998,.F.);
#18982 = FACE_BOUND('',#18983,.F.);
#18983 = EDGE_LOOP('',(#18984,#18990,#18991,#18997));
#18984 = ORIENTED_EDGE('',*,*,#18985,.F.);
#18985 = EDGE_CURVE('',#18906,#18946,#18986,.T.);
#18986 = LINE('',#18987,#18988);
#18987 = CARTESIAN_POINT('',(705.,430.,105.));
#18988 = VECTOR('',#18989,1.);
#18989 = DIRECTION('',(1.,0.,0.));
#18990 = ORIENTED_EDGE('',*,*,#18905,.T.);
#18991 = ORIENTED_EDGE('',*,*,#18992,.T.);
#18992 = EDGE_CURVE('',#18908,#18948,#18993,.T.);
#18993 = LINE('',#18994,#18995);
#18994 = CARTESIAN_POINT('',(705.,430.,210.));
#18995 = VECTOR('',#18996,1.);
#18996 = DIRECTION('',(1.,0.,0.));
#18997 = ORIENTED_EDGE('',*,*,#18945,.F.);
#18998 = PLANE('',#18999);
#18999 = AXIS2_PLACEMENT_3D('',#19000,#19001,#19002);
#19000 = CARTESIAN_POINT('',(705.,430.,105.));
#19001 = DIRECTION('',(0.,1.,0.));
#19002 = DIRECTION('',(0.,0.,1.));
#19003 = ADVANCED_FACE('',(#19004),#19020,.T.);
#19004 = FACE_BOUND('',#19005,.T.);
#19005 = EDGE_LOOP('',(#19006,#19012,#19013,#19019));
#19006 = ORIENTED_EDGE('',*,*,#19007,.F.);
#19007 = EDGE_CURVE('',#18916,#18956,#19008,.T.);
#19008 = LINE('',#19009,#19010);
#19009 = CARTESIAN_POINT('',(705.,445.,105.));
#19010 = VECTOR('',#19011,1.);
#19011 = DIRECTION('',(1.,0.,0.));
#19012 = ORIENTED_EDGE('',*,*,#18923,.T.);
#19013 = ORIENTED_EDGE('',*,*,#19014,.T.);
#19014 = EDGE_CURVE('',#18924,#18964,#19015,.T.);
#19015 = LINE('',#19016,#19017);
#19016 = CARTESIAN_POINT('',(705.,445.,210.));
#19017 = VECTOR('',#19018,1.);
#19018 = DIRECTION('',(1.,0.,0.));
#19019 = ORIENTED_EDGE('',*,*,#18963,.F.);
#19020 = PLANE('',#19021);
#19021 = AXIS2_PLACEMENT_3D('',#19022,#19023,#19024);
#19022 = CARTESIAN_POINT('',(705.,445.,105.));
#19023 = DIRECTION('',(0.,1.,0.));
#19024 = DIRECTION('',(0.,0.,1.));
#19025 = ADVANCED_FACE('',(#19026),#19032,.F.);
#19026 = FACE_BOUND('',#19027,.F.);
#19027 = EDGE_LOOP('',(#19028,#19029,#19030,#19031));
#19028 = ORIENTED_EDGE('',*,*,#18915,.F.);
#19029 = ORIENTED_EDGE('',*,*,#18985,.T.);
#19030 = ORIENTED_EDGE('',*,*,#18955,.T.);
#19031 = ORIENTED_EDGE('',*,*,#19007,.F.);
#19032 = PLANE('',#19033);
#19033 = AXIS2_PLACEMENT_3D('',#19034,#19035,#19036);
#19034 = CARTESIAN_POINT('',(705.,430.,105.));
#19035 = DIRECTION('',(0.,0.,1.));
#19036 = DIRECTION('',(1.,0.,0.));
#19037 = ADVANCED_FACE('',(#19038),#19044,.T.);
#19038 = FACE_BOUND('',#19039,.T.);
#19039 = EDGE_LOOP('',(#19040,#19041,#19042,#19043));
#19040 = ORIENTED_EDGE('',*,*,#18931,.F.);
#19041 = ORIENTED_EDGE('',*,*,#18992,.T.);
#19042 = ORIENTED_EDGE('',*,*,#18971,.T.);
#19043 = ORIENTED_EDGE('',*,*,#19014,.F.);
#19044 = PLANE('',#19045);
#19045 = AXIS2_PLACEMENT_3D('',#19046,#19047,#19048);
#19046 = CARTESIAN_POINT('',(705.,430.,210.));
#19047 = DIRECTION('',(0.,0.,1.));
#19048 = DIRECTION('',(1.,0.,0.));
#19049 = MANIFOLD_SOLID_BREP('',#19050);
#19050 = CLOSED_SHELL('',(#19051,#19091,#19131,#19153,#19175,#19187));
#19051 = ADVANCED_FACE('',(#19052),#19086,.F.);
#19052 = FACE_BOUND('',#19053,.F.);
#19053 = EDGE_LOOP('',(#19054,#19064,#19072,#19080));
#19054 = ORIENTED_EDGE('',*,*,#19055,.F.);
#19055 = EDGE_CURVE('',#19056,#19058,#19060,.T.);
#19056 = VERTEX_POINT('',#19057);
#19057 = CARTESIAN_POINT('',(705.,505.,105.));
#19058 = VERTEX_POINT('',#19059);
#19059 = CARTESIAN_POINT('',(705.,505.,210.));
#19060 = LINE('',#19061,#19062);
#19061 = CARTESIAN_POINT('',(705.,505.,105.));
#19062 = VECTOR('',#19063,1.);
#19063 = DIRECTION('',(0.,0.,1.));
#19064 = ORIENTED_EDGE('',*,*,#19065,.T.);
#19065 = EDGE_CURVE('',#19056,#19066,#19068,.T.);
#19066 = VERTEX_POINT('',#19067);
#19067 = CARTESIAN_POINT('',(705.,520.,105.));
#19068 = LINE('',#19069,#19070);
#19069 = CARTESIAN_POINT('',(705.,505.,105.));
#19070 = VECTOR('',#19071,1.);
#19071 = DIRECTION('',(0.,1.,0.));
#19072 = ORIENTED_EDGE('',*,*,#19073,.T.);
#19073 = EDGE_CURVE('',#19066,#19074,#19076,.T.);
#19074 = VERTEX_POINT('',#19075);
#19075 = CARTESIAN_POINT('',(705.,520.,210.));
#19076 = LINE('',#19077,#19078);
#19077 = CARTESIAN_POINT('',(705.,520.,105.));
#19078 = VECTOR('',#19079,1.);
#19079 = DIRECTION('',(0.,0.,1.));
#19080 = ORIENTED_EDGE('',*,*,#19081,.F.);
#19081 = EDGE_CURVE('',#19058,#19074,#19082,.T.);
#19082 = LINE('',#19083,#19084);
#19083 = CARTESIAN_POINT('',(705.,505.,210.));
#19084 = VECTOR('',#19085,1.);
#19085 = DIRECTION('',(0.,1.,0.));
#19086 = PLANE('',#19087);
#19087 = AXIS2_PLACEMENT_3D('',#19088,#19089,#19090);
#19088 = CARTESIAN_POINT('',(705.,505.,105.));
#19089 = DIRECTION('',(1.,0.,0.));
#19090 = DIRECTION('',(0.,0.,1.));
#19091 = ADVANCED_FACE('',(#19092),#19126,.T.);
#19092 = FACE_BOUND('',#19093,.T.);
#19093 = EDGE_LOOP('',(#19094,#19104,#19112,#19120));
#19094 = ORIENTED_EDGE('',*,*,#19095,.F.);
#19095 = EDGE_CURVE('',#19096,#19098,#19100,.T.);
#19096 = VERTEX_POINT('',#19097);
#19097 = CARTESIAN_POINT('',(720.,505.,105.));
#19098 = VERTEX_POINT('',#19099);
#19099 = CARTESIAN_POINT('',(720.,505.,210.));
#19100 = LINE('',#19101,#19102);
#19101 = CARTESIAN_POINT('',(720.,505.,105.));
#19102 = VECTOR('',#19103,1.);
#19103 = DIRECTION('',(0.,0.,1.));
#19104 = ORIENTED_EDGE('',*,*,#19105,.T.);
#19105 = EDGE_CURVE('',#19096,#19106,#19108,.T.);
#19106 = VERTEX_POINT('',#19107);
#19107 = CARTESIAN_POINT('',(720.,520.,105.));
#19108 = LINE('',#19109,#19110);
#19109 = CARTESIAN_POINT('',(720.,505.,105.));
#19110 = VECTOR('',#19111,1.);
#19111 = DIRECTION('',(0.,1.,0.));
#19112 = ORIENTED_EDGE('',*,*,#19113,.T.);
#19113 = EDGE_CURVE('',#19106,#19114,#19116,.T.);
#19114 = VERTEX_POINT('',#19115);
#19115 = CARTESIAN_POINT('',(720.,520.,210.));
#19116 = LINE('',#19117,#19118);
#19117 = CARTESIAN_POINT('',(720.,520.,105.));
#19118 = VECTOR('',#19119,1.);
#19119 = DIRECTION('',(0.,0.,1.));
#19120 = ORIENTED_EDGE('',*,*,#19121,.F.);
#19121 = EDGE_CURVE('',#19098,#19114,#19122,.T.);
#19122 = LINE('',#19123,#19124);
#19123 = CARTESIAN_POINT('',(720.,505.,210.));
#19124 = VECTOR('',#19125,1.);
#19125 = DIRECTION('',(0.,1.,0.));
#19126 = PLANE('',#19127);
#19127 = AXIS2_PLACEMENT_3D('',#19128,#19129,#19130);
#19128 = CARTESIAN_POINT('',(720.,505.,105.));
#19129 = DIRECTION('',(1.,0.,0.));
#19130 = DIRECTION('',(0.,0.,1.));
#19131 = ADVANCED_FACE('',(#19132),#19148,.F.);
#19132 = FACE_BOUND('',#19133,.F.);
#19133 = EDGE_LOOP('',(#19134,#19140,#19141,#19147));
#19134 = ORIENTED_EDGE('',*,*,#19135,.F.);
#19135 = EDGE_CURVE('',#19056,#19096,#19136,.T.);
#19136 = LINE('',#19137,#19138);
#19137 = CARTESIAN_POINT('',(705.,505.,105.));
#19138 = VECTOR('',#19139,1.);
#19139 = DIRECTION('',(1.,0.,0.));
#19140 = ORIENTED_EDGE('',*,*,#19055,.T.);
#19141 = ORIENTED_EDGE('',*,*,#19142,.T.);
#19142 = EDGE_CURVE('',#19058,#19098,#19143,.T.);
#19143 = LINE('',#19144,#19145);
#19144 = CARTESIAN_POINT('',(705.,505.,210.));
#19145 = VECTOR('',#19146,1.);
#19146 = DIRECTION('',(1.,0.,0.));
#19147 = ORIENTED_EDGE('',*,*,#19095,.F.);
#19148 = PLANE('',#19149);
#19149 = AXIS2_PLACEMENT_3D('',#19150,#19151,#19152);
#19150 = CARTESIAN_POINT('',(705.,505.,105.));
#19151 = DIRECTION('',(0.,1.,0.));
#19152 = DIRECTION('',(0.,0.,1.));
#19153 = ADVANCED_FACE('',(#19154),#19170,.T.);
#19154 = FACE_BOUND('',#19155,.T.);
#19155 = EDGE_LOOP('',(#19156,#19162,#19163,#19169));
#19156 = ORIENTED_EDGE('',*,*,#19157,.F.);
#19157 = EDGE_CURVE('',#19066,#19106,#19158,.T.);
#19158 = LINE('',#19159,#19160);
#19159 = CARTESIAN_POINT('',(705.,520.,105.));
#19160 = VECTOR('',#19161,1.);
#19161 = DIRECTION('',(1.,0.,0.));
#19162 = ORIENTED_EDGE('',*,*,#19073,.T.);
#19163 = ORIENTED_EDGE('',*,*,#19164,.T.);
#19164 = EDGE_CURVE('',#19074,#19114,#19165,.T.);
#19165 = LINE('',#19166,#19167);
#19166 = CARTESIAN_POINT('',(705.,520.,210.));
#19167 = VECTOR('',#19168,1.);
#19168 = DIRECTION('',(1.,0.,0.));
#19169 = ORIENTED_EDGE('',*,*,#19113,.F.);
#19170 = PLANE('',#19171);
#19171 = AXIS2_PLACEMENT_3D('',#19172,#19173,#19174);
#19172 = CARTESIAN_POINT('',(705.,520.,105.));
#19173 = DIRECTION('',(0.,1.,0.));
#19174 = DIRECTION('',(0.,0.,1.));
#19175 = ADVANCED_FACE('',(#19176),#19182,.F.);
#19176 = FACE_BOUND('',#19177,.F.);
#19177 = EDGE_LOOP('',(#19178,#19179,#19180,#19181));
#19178 = ORIENTED_EDGE('',*,*,#19065,.F.);
#19179 = ORIENTED_EDGE('',*,*,#19135,.T.);
#19180 = ORIENTED_EDGE('',*,*,#19105,.T.);
#19181 = ORIENTED_EDGE('',*,*,#19157,.F.);
#19182 = PLANE('',#19183);
#19183 = AXIS2_PLACEMENT_3D('',#19184,#19185,#19186);
#19184 = CARTESIAN_POINT('',(705.,505.,105.));
#19185 = DIRECTION('',(0.,0.,1.));
#19186 = DIRECTION('',(1.,0.,0.));
#19187 = ADVANCED_FACE('',(#19188),#19194,.T.);
#19188 = FACE_BOUND('',#19189,.T.);
#19189 = EDGE_LOOP('',(#19190,#19191,#19192,#19193));
#19190 = ORIENTED_EDGE('',*,*,#19081,.F.);
#19191 = ORIENTED_EDGE('',*,*,#19142,.T.);
#19192 = ORIENTED_EDGE('',*,*,#19121,.T.);
#19193 = ORIENTED_EDGE('',*,*,#19164,.F.);
#19194 = PLANE('',#19195);
#19195 = AXIS2_PLACEMENT_3D('',#19196,#19197,#19198);
#19196 = CARTESIAN_POINT('',(705.,505.,210.));
#19197 = DIRECTION('',(0.,0.,1.));
#19198 = DIRECTION('',(1.,0.,0.));
#19199 = MANIFOLD_SOLID_BREP('',#19200);
#19200 = CLOSED_SHELL('',(#19201,#19241,#19281,#19303,#19325,#19337));
#19201 = ADVANCED_FACE('',(#19202),#19236,.F.);
#19202 = FACE_BOUND('',#19203,.F.);
#19203 = EDGE_LOOP('',(#19204,#19214,#19222,#19230));
#19204 = ORIENTED_EDGE('',*,*,#19205,.F.);
#19205 = EDGE_CURVE('',#19206,#19208,#19210,.T.);
#19206 = VERTEX_POINT('',#19207);
#19207 = CARTESIAN_POINT('',(605.,420.,210.));
#19208 = VERTEX_POINT('',#19209);
#19209 = CARTESIAN_POINT('',(605.,420.,222.));
#19210 = LINE('',#19211,#19212);
#19211 = CARTESIAN_POINT('',(605.,420.,210.));
#19212 = VECTOR('',#19213,1.);
#19213 = DIRECTION('',(0.,0.,1.));
#19214 = ORIENTED_EDGE('',*,*,#19215,.T.);
#19215 = EDGE_CURVE('',#19206,#19216,#19218,.T.);
#19216 = VERTEX_POINT('',#19217);
#19217 = CARTESIAN_POINT('',(605.,530.,210.));
#19218 = LINE('',#19219,#19220);
#19219 = CARTESIAN_POINT('',(605.,420.,210.));
#19220 = VECTOR('',#19221,1.);
#19221 = DIRECTION('',(0.,1.,0.));
#19222 = ORIENTED_EDGE('',*,*,#19223,.T.);
#19223 = EDGE_CURVE('',#19216,#19224,#19226,.T.);
#19224 = VERTEX_POINT('',#19225);
#19225 = CARTESIAN_POINT('',(605.,530.,222.));
#19226 = LINE('',#19227,#19228);
#19227 = CARTESIAN_POINT('',(605.,530.,210.));
#19228 = VECTOR('',#19229,1.);
#19229 = DIRECTION('',(0.,0.,1.));
#19230 = ORIENTED_EDGE('',*,*,#19231,.F.);
#19231 = EDGE_CURVE('',#19208,#19224,#19232,.T.);
#19232 = LINE('',#19233,#19234);
#19233 = CARTESIAN_POINT('',(605.,420.,222.));
#19234 = VECTOR('',#19235,1.);
#19235 = DIRECTION('',(0.,1.,0.));
#19236 = PLANE('',#19237);
#19237 = AXIS2_PLACEMENT_3D('',#19238,#19239,#19240);
#19238 = CARTESIAN_POINT('',(605.,420.,210.));
#19239 = DIRECTION('',(1.,0.,0.));
#19240 = DIRECTION('',(0.,0.,1.));
#19241 = ADVANCED_FACE('',(#19242),#19276,.T.);
#19242 = FACE_BOUND('',#19243,.T.);
#19243 = EDGE_LOOP('',(#19244,#19254,#19262,#19270));
#19244 = ORIENTED_EDGE('',*,*,#19245,.F.);
#19245 = EDGE_CURVE('',#19246,#19248,#19250,.T.);
#19246 = VERTEX_POINT('',#19247);
#19247 = CARTESIAN_POINT('',(725.,420.,210.));
#19248 = VERTEX_POINT('',#19249);
#19249 = CARTESIAN_POINT('',(725.,420.,222.));
#19250 = LINE('',#19251,#19252);
#19251 = CARTESIAN_POINT('',(725.,420.,210.));
#19252 = VECTOR('',#19253,1.);
#19253 = DIRECTION('',(0.,0.,1.));
#19254 = ORIENTED_EDGE('',*,*,#19255,.T.);
#19255 = EDGE_CURVE('',#19246,#19256,#19258,.T.);
#19256 = VERTEX_POINT('',#19257);
#19257 = CARTESIAN_POINT('',(725.,530.,210.));
#19258 = LINE('',#19259,#19260);
#19259 = CARTESIAN_POINT('',(725.,420.,210.));
#19260 = VECTOR('',#19261,1.);
#19261 = DIRECTION('',(0.,1.,0.));
#19262 = ORIENTED_EDGE('',*,*,#19263,.T.);
#19263 = EDGE_CURVE('',#19256,#19264,#19266,.T.);
#19264 = VERTEX_POINT('',#19265);
#19265 = CARTESIAN_POINT('',(725.,530.,222.));
#19266 = LINE('',#19267,#19268);
#19267 = CARTESIAN_POINT('',(725.,530.,210.));
#19268 = VECTOR('',#19269,1.);
#19269 = DIRECTION('',(0.,0.,1.));
#19270 = ORIENTED_EDGE('',*,*,#19271,.F.);
#19271 = EDGE_CURVE('',#19248,#19264,#19272,.T.);
#19272 = LINE('',#19273,#19274);
#19273 = CARTESIAN_POINT('',(725.,420.,222.));
#19274 = VECTOR('',#19275,1.);
#19275 = DIRECTION('',(0.,1.,0.));
#19276 = PLANE('',#19277);
#19277 = AXIS2_PLACEMENT_3D('',#19278,#19279,#19280);
#19278 = CARTESIAN_POINT('',(725.,420.,210.));
#19279 = DIRECTION('',(1.,0.,0.));
#19280 = DIRECTION('',(0.,0.,1.));
#19281 = ADVANCED_FACE('',(#19282),#19298,.F.);
#19282 = FACE_BOUND('',#19283,.F.);
#19283 = EDGE_LOOP('',(#19284,#19290,#19291,#19297));
#19284 = ORIENTED_EDGE('',*,*,#19285,.F.);
#19285 = EDGE_CURVE('',#19206,#19246,#19286,.T.);
#19286 = LINE('',#19287,#19288);
#19287 = CARTESIAN_POINT('',(605.,420.,210.));
#19288 = VECTOR('',#19289,1.);
#19289 = DIRECTION('',(1.,0.,0.));
#19290 = ORIENTED_EDGE('',*,*,#19205,.T.);
#19291 = ORIENTED_EDGE('',*,*,#19292,.T.);
#19292 = EDGE_CURVE('',#19208,#19248,#19293,.T.);
#19293 = LINE('',#19294,#19295);
#19294 = CARTESIAN_POINT('',(605.,420.,222.));
#19295 = VECTOR('',#19296,1.);
#19296 = DIRECTION('',(1.,0.,0.));
#19297 = ORIENTED_EDGE('',*,*,#19245,.F.);
#19298 = PLANE('',#19299);
#19299 = AXIS2_PLACEMENT_3D('',#19300,#19301,#19302);
#19300 = CARTESIAN_POINT('',(605.,420.,210.));
#19301 = DIRECTION('',(0.,1.,0.));
#19302 = DIRECTION('',(0.,0.,1.));
#19303 = ADVANCED_FACE('',(#19304),#19320,.T.);
#19304 = FACE_BOUND('',#19305,.T.);
#19305 = EDGE_LOOP('',(#19306,#19312,#19313,#19319));
#19306 = ORIENTED_EDGE('',*,*,#19307,.F.);
#19307 = EDGE_CURVE('',#19216,#19256,#19308,.T.);
#19308 = LINE('',#19309,#19310);
#19309 = CARTESIAN_POINT('',(605.,530.,210.));
#19310 = VECTOR('',#19311,1.);
#19311 = DIRECTION('',(1.,0.,0.));
#19312 = ORIENTED_EDGE('',*,*,#19223,.T.);
#19313 = ORIENTED_EDGE('',*,*,#19314,.T.);
#19314 = EDGE_CURVE('',#19224,#19264,#19315,.T.);
#19315 = LINE('',#19316,#19317);
#19316 = CARTESIAN_POINT('',(605.,530.,222.));
#19317 = VECTOR('',#19318,1.);
#19318 = DIRECTION('',(1.,0.,0.));
#19319 = ORIENTED_EDGE('',*,*,#19263,.F.);
#19320 = PLANE('',#19321);
#19321 = AXIS2_PLACEMENT_3D('',#19322,#19323,#19324);
#19322 = CARTESIAN_POINT('',(605.,530.,210.));
#19323 = DIRECTION('',(0.,1.,0.));
#19324 = DIRECTION('',(0.,0.,1.));
#19325 = ADVANCED_FACE('',(#19326),#19332,.F.);
#19326 = FACE_BOUND('',#19327,.F.);
#19327 = EDGE_LOOP('',(#19328,#19329,#19330,#19331));
#19328 = ORIENTED_EDGE('',*,*,#19215,.F.);
#19329 = ORIENTED_EDGE('',*,*,#19285,.T.);
#19330 = ORIENTED_EDGE('',*,*,#19255,.T.);
#19331 = ORIENTED_EDGE('',*,*,#19307,.F.);
#19332 = PLANE('',#19333);
#19333 = AXIS2_PLACEMENT_3D('',#19334,#19335,#19336);
#19334 = CARTESIAN_POINT('',(605.,420.,210.));
#19335 = DIRECTION('',(0.,0.,1.));
#19336 = DIRECTION('',(1.,0.,0.));
#19337 = ADVANCED_FACE('',(#19338),#19344,.T.);
#19338 = FACE_BOUND('',#19339,.T.);
#19339 = EDGE_LOOP('',(#19340,#19341,#19342,#19343));
#19340 = ORIENTED_EDGE('',*,*,#19231,.F.);
#19341 = ORIENTED_EDGE('',*,*,#19292,.T.);
#19342 = ORIENTED_EDGE('',*,*,#19271,.T.);
#19343 = ORIENTED_EDGE('',*,*,#19314,.F.);
#19344 = PLANE('',#19345);
#19345 = AXIS2_PLACEMENT_3D('',#19346,#19347,#19348);
#19346 = CARTESIAN_POINT('',(605.,420.,222.));
#19347 = DIRECTION('',(0.,0.,1.));
#19348 = DIRECTION('',(1.,0.,0.));
#19349 = MANIFOLD_SOLID_BREP('',#19350);
#19350 = CLOSED_SHELL('',(#19351,#19391,#19431,#19453,#19475,#19487));
#19351 = ADVANCED_FACE('',(#19352),#19386,.F.);
#19352 = FACE_BOUND('',#19353,.F.);
#19353 = EDGE_LOOP('',(#19354,#19364,#19372,#19380));
#19354 = ORIENTED_EDGE('',*,*,#19355,.F.);
#19355 = EDGE_CURVE('',#19356,#19358,#19360,.T.);
#19356 = VERTEX_POINT('',#19357);
#19357 = CARTESIAN_POINT('',(625.,447.,195.));
#19358 = VERTEX_POINT('',#19359);
#19359 = CARTESIAN_POINT('',(625.,447.,210.));
#19360 = LINE('',#19361,#19362);
#19361 = CARTESIAN_POINT('',(625.,447.,195.));
#19362 = VECTOR('',#19363,1.);
#19363 = DIRECTION('',(0.,0.,1.));
#19364 = ORIENTED_EDGE('',*,*,#19365,.T.);
#19365 = EDGE_CURVE('',#19356,#19366,#19368,.T.);
#19366 = VERTEX_POINT('',#19367);
#19367 = CARTESIAN_POINT('',(625.,462.,195.));
#19368 = LINE('',#19369,#19370);
#19369 = CARTESIAN_POINT('',(625.,447.,195.));
#19370 = VECTOR('',#19371,1.);
#19371 = DIRECTION('',(0.,1.,0.));
#19372 = ORIENTED_EDGE('',*,*,#19373,.T.);
#19373 = EDGE_CURVE('',#19366,#19374,#19376,.T.);
#19374 = VERTEX_POINT('',#19375);
#19375 = CARTESIAN_POINT('',(625.,462.,210.));
#19376 = LINE('',#19377,#19378);
#19377 = CARTESIAN_POINT('',(625.,462.,195.));
#19378 = VECTOR('',#19379,1.);
#19379 = DIRECTION('',(0.,0.,1.));
#19380 = ORIENTED_EDGE('',*,*,#19381,.F.);
#19381 = EDGE_CURVE('',#19358,#19374,#19382,.T.);
#19382 = LINE('',#19383,#19384);
#19383 = CARTESIAN_POINT('',(625.,447.,210.));
#19384 = VECTOR('',#19385,1.);
#19385 = DIRECTION('',(0.,1.,0.));
#19386 = PLANE('',#19387);
#19387 = AXIS2_PLACEMENT_3D('',#19388,#19389,#19390);
#19388 = CARTESIAN_POINT('',(625.,447.,195.));
#19389 = DIRECTION('',(1.,0.,0.));
#19390 = DIRECTION('',(0.,0.,1.));
#19391 = ADVANCED_FACE('',(#19392),#19426,.T.);
#19392 = FACE_BOUND('',#19393,.T.);
#19393 = EDGE_LOOP('',(#19394,#19404,#19412,#19420));
#19394 = ORIENTED_EDGE('',*,*,#19395,.F.);
#19395 = EDGE_CURVE('',#19396,#19398,#19400,.T.);
#19396 = VERTEX_POINT('',#19397);
#19397 = CARTESIAN_POINT('',(655.,447.,195.));
#19398 = VERTEX_POINT('',#19399);
#19399 = CARTESIAN_POINT('',(655.,447.,210.));
#19400 = LINE('',#19401,#19402);
#19401 = CARTESIAN_POINT('',(655.,447.,195.));
#19402 = VECTOR('',#19403,1.);
#19403 = DIRECTION('',(0.,0.,1.));
#19404 = ORIENTED_EDGE('',*,*,#19405,.T.);
#19405 = EDGE_CURVE('',#19396,#19406,#19408,.T.);
#19406 = VERTEX_POINT('',#19407);
#19407 = CARTESIAN_POINT('',(655.,462.,195.));
#19408 = LINE('',#19409,#19410);
#19409 = CARTESIAN_POINT('',(655.,447.,195.));
#19410 = VECTOR('',#19411,1.);
#19411 = DIRECTION('',(0.,1.,0.));
#19412 = ORIENTED_EDGE('',*,*,#19413,.T.);
#19413 = EDGE_CURVE('',#19406,#19414,#19416,.T.);
#19414 = VERTEX_POINT('',#19415);
#19415 = CARTESIAN_POINT('',(655.,462.,210.));
#19416 = LINE('',#19417,#19418);
#19417 = CARTESIAN_POINT('',(655.,462.,195.));
#19418 = VECTOR('',#19419,1.);
#19419 = DIRECTION('',(0.,0.,1.));
#19420 = ORIENTED_EDGE('',*,*,#19421,.F.);
#19421 = EDGE_CURVE('',#19398,#19414,#19422,.T.);
#19422 = LINE('',#19423,#19424);
#19423 = CARTESIAN_POINT('',(655.,447.,210.));
#19424 = VECTOR('',#19425,1.);
#19425 = DIRECTION('',(0.,1.,0.));
#19426 = PLANE('',#19427);
#19427 = AXIS2_PLACEMENT_3D('',#19428,#19429,#19430);
#19428 = CARTESIAN_POINT('',(655.,447.,195.));
#19429 = DIRECTION('',(1.,0.,0.));
#19430 = DIRECTION('',(0.,0.,1.));
#19431 = ADVANCED_FACE('',(#19432),#19448,.F.);
#19432 = FACE_BOUND('',#19433,.F.);
#19433 = EDGE_LOOP('',(#19434,#19440,#19441,#19447));
#19434 = ORIENTED_EDGE('',*,*,#19435,.F.);
#19435 = EDGE_CURVE('',#19356,#19396,#19436,.T.);
#19436 = LINE('',#19437,#19438);
#19437 = CARTESIAN_POINT('',(625.,447.,195.));
#19438 = VECTOR('',#19439,1.);
#19439 = DIRECTION('',(1.,0.,0.));
#19440 = ORIENTED_EDGE('',*,*,#19355,.T.);
#19441 = ORIENTED_EDGE('',*,*,#19442,.T.);
#19442 = EDGE_CURVE('',#19358,#19398,#19443,.T.);
#19443 = LINE('',#19444,#19445);
#19444 = CARTESIAN_POINT('',(625.,447.,210.));
#19445 = VECTOR('',#19446,1.);
#19446 = DIRECTION('',(1.,0.,0.));
#19447 = ORIENTED_EDGE('',*,*,#19395,.F.);
#19448 = PLANE('',#19449);
#19449 = AXIS2_PLACEMENT_3D('',#19450,#19451,#19452);
#19450 = CARTESIAN_POINT('',(625.,447.,195.));
#19451 = DIRECTION('',(0.,1.,0.));
#19452 = DIRECTION('',(0.,0.,1.));
#19453 = ADVANCED_FACE('',(#19454),#19470,.T.);
#19454 = FACE_BOUND('',#19455,.T.);
#19455 = EDGE_LOOP('',(#19456,#19462,#19463,#19469));
#19456 = ORIENTED_EDGE('',*,*,#19457,.F.);
#19457 = EDGE_CURVE('',#19366,#19406,#19458,.T.);
#19458 = LINE('',#19459,#19460);
#19459 = CARTESIAN_POINT('',(625.,462.,195.));
#19460 = VECTOR('',#19461,1.);
#19461 = DIRECTION('',(1.,0.,0.));
#19462 = ORIENTED_EDGE('',*,*,#19373,.T.);
#19463 = ORIENTED_EDGE('',*,*,#19464,.T.);
#19464 = EDGE_CURVE('',#19374,#19414,#19465,.T.);
#19465 = LINE('',#19466,#19467);
#19466 = CARTESIAN_POINT('',(625.,462.,210.));
#19467 = VECTOR('',#19468,1.);
#19468 = DIRECTION('',(1.,0.,0.));
#19469 = ORIENTED_EDGE('',*,*,#19413,.F.);
#19470 = PLANE('',#19471);
#19471 = AXIS2_PLACEMENT_3D('',#19472,#19473,#19474);
#19472 = CARTESIAN_POINT('',(625.,462.,195.));
#19473 = DIRECTION('',(0.,1.,0.));
#19474 = DIRECTION('',(0.,0.,1.));
#19475 = ADVANCED_FACE('',(#19476),#19482,.F.);
#19476 = FACE_BOUND('',#19477,.F.);
#19477 = EDGE_LOOP('',(#19478,#19479,#19480,#19481));
#19478 = ORIENTED_EDGE('',*,*,#19365,.F.);
#19479 = ORIENTED_EDGE('',*,*,#19435,.T.);
#19480 = ORIENTED_EDGE('',*,*,#19405,.T.);
#19481 = ORIENTED_EDGE('',*,*,#19457,.F.);
#19482 = PLANE('',#19483);
#19483 = AXIS2_PLACEMENT_3D('',#19484,#19485,#19486);
#19484 = CARTESIAN_POINT('',(625.,447.,195.));
#19485 = DIRECTION('',(0.,0.,1.));
#19486 = DIRECTION('',(1.,0.,0.));
#19487 = ADVANCED_FACE('',(#19488),#19494,.T.);
#19488 = FACE_BOUND('',#19489,.T.);
#19489 = EDGE_LOOP('',(#19490,#19491,#19492,#19493));
#19490 = ORIENTED_EDGE('',*,*,#19381,.F.);
#19491 = ORIENTED_EDGE('',*,*,#19442,.T.);
#19492 = ORIENTED_EDGE('',*,*,#19421,.T.);
#19493 = ORIENTED_EDGE('',*,*,#19464,.F.);
#19494 = PLANE('',#19495);
#19495 = AXIS2_PLACEMENT_3D('',#19496,#19497,#19498);
#19496 = CARTESIAN_POINT('',(625.,447.,210.));
#19497 = DIRECTION('',(0.,0.,1.));
#19498 = DIRECTION('',(1.,0.,0.));
#19499 = MANIFOLD_SOLID_BREP('',#19500);
#19500 = CLOSED_SHELL('',(#19501,#19541,#19581,#19603,#19625,#19637));
#19501 = ADVANCED_FACE('',(#19502),#19536,.F.);
#19502 = FACE_BOUND('',#19503,.F.);
#19503 = EDGE_LOOP('',(#19504,#19514,#19522,#19530));
#19504 = ORIENTED_EDGE('',*,*,#19505,.F.);
#19505 = EDGE_CURVE('',#19506,#19508,#19510,.T.);
#19506 = VERTEX_POINT('',#19507);
#19507 = CARTESIAN_POINT('',(675.,447.,195.));
#19508 = VERTEX_POINT('',#19509);
#19509 = CARTESIAN_POINT('',(675.,447.,210.));
#19510 = LINE('',#19511,#19512);
#19511 = CARTESIAN_POINT('',(675.,447.,195.));
#19512 = VECTOR('',#19513,1.);
#19513 = DIRECTION('',(0.,0.,1.));
#19514 = ORIENTED_EDGE('',*,*,#19515,.T.);
#19515 = EDGE_CURVE('',#19506,#19516,#19518,.T.);
#19516 = VERTEX_POINT('',#19517);
#19517 = CARTESIAN_POINT('',(675.,462.,195.));
#19518 = LINE('',#19519,#19520);
#19519 = CARTESIAN_POINT('',(675.,447.,195.));
#19520 = VECTOR('',#19521,1.);
#19521 = DIRECTION('',(0.,1.,0.));
#19522 = ORIENTED_EDGE('',*,*,#19523,.T.);
#19523 = EDGE_CURVE('',#19516,#19524,#19526,.T.);
#19524 = VERTEX_POINT('',#19525);
#19525 = CARTESIAN_POINT('',(675.,462.,210.));
#19526 = LINE('',#19527,#19528);
#19527 = CARTESIAN_POINT('',(675.,462.,195.));
#19528 = VECTOR('',#19529,1.);
#19529 = DIRECTION('',(0.,0.,1.));
#19530 = ORIENTED_EDGE('',*,*,#19531,.F.);
#19531 = EDGE_CURVE('',#19508,#19524,#19532,.T.);
#19532 = LINE('',#19533,#19534);
#19533 = CARTESIAN_POINT('',(675.,447.,210.));
#19534 = VECTOR('',#19535,1.);
#19535 = DIRECTION('',(0.,1.,0.));
#19536 = PLANE('',#19537);
#19537 = AXIS2_PLACEMENT_3D('',#19538,#19539,#19540);
#19538 = CARTESIAN_POINT('',(675.,447.,195.));
#19539 = DIRECTION('',(1.,0.,0.));
#19540 = DIRECTION('',(0.,0.,1.));
#19541 = ADVANCED_FACE('',(#19542),#19576,.T.);
#19542 = FACE_BOUND('',#19543,.T.);
#19543 = EDGE_LOOP('',(#19544,#19554,#19562,#19570));
#19544 = ORIENTED_EDGE('',*,*,#19545,.F.);
#19545 = EDGE_CURVE('',#19546,#19548,#19550,.T.);
#19546 = VERTEX_POINT('',#19547);
#19547 = CARTESIAN_POINT('',(705.,447.,195.));
#19548 = VERTEX_POINT('',#19549);
#19549 = CARTESIAN_POINT('',(705.,447.,210.));
#19550 = LINE('',#19551,#19552);
#19551 = CARTESIAN_POINT('',(705.,447.,195.));
#19552 = VECTOR('',#19553,1.);
#19553 = DIRECTION('',(0.,0.,1.));
#19554 = ORIENTED_EDGE('',*,*,#19555,.T.);
#19555 = EDGE_CURVE('',#19546,#19556,#19558,.T.);
#19556 = VERTEX_POINT('',#19557);
#19557 = CARTESIAN_POINT('',(705.,462.,195.));
#19558 = LINE('',#19559,#19560);
#19559 = CARTESIAN_POINT('',(705.,447.,195.));
#19560 = VECTOR('',#19561,1.);
#19561 = DIRECTION('',(0.,1.,0.));
#19562 = ORIENTED_EDGE('',*,*,#19563,.T.);
#19563 = EDGE_CURVE('',#19556,#19564,#19566,.T.);
#19564 = VERTEX_POINT('',#19565);
#19565 = CARTESIAN_POINT('',(705.,462.,210.));
#19566 = LINE('',#19567,#19568);
#19567 = CARTESIAN_POINT('',(705.,462.,195.));
#19568 = VECTOR('',#19569,1.);
#19569 = DIRECTION('',(0.,0.,1.));
#19570 = ORIENTED_EDGE('',*,*,#19571,.F.);
#19571 = EDGE_CURVE('',#19548,#19564,#19572,.T.);
#19572 = LINE('',#19573,#19574);
#19573 = CARTESIAN_POINT('',(705.,447.,210.));
#19574 = VECTOR('',#19575,1.);
#19575 = DIRECTION('',(0.,1.,0.));
#19576 = PLANE('',#19577);
#19577 = AXIS2_PLACEMENT_3D('',#19578,#19579,#19580);
#19578 = CARTESIAN_POINT('',(705.,447.,195.));
#19579 = DIRECTION('',(1.,0.,0.));
#19580 = DIRECTION('',(0.,0.,1.));
#19581 = ADVANCED_FACE('',(#19582),#19598,.F.);
#19582 = FACE_BOUND('',#19583,.F.);
#19583 = EDGE_LOOP('',(#19584,#19590,#19591,#19597));
#19584 = ORIENTED_EDGE('',*,*,#19585,.F.);
#19585 = EDGE_CURVE('',#19506,#19546,#19586,.T.);
#19586 = LINE('',#19587,#19588);
#19587 = CARTESIAN_POINT('',(675.,447.,195.));
#19588 = VECTOR('',#19589,1.);
#19589 = DIRECTION('',(1.,0.,0.));
#19590 = ORIENTED_EDGE('',*,*,#19505,.T.);
#19591 = ORIENTED_EDGE('',*,*,#19592,.T.);
#19592 = EDGE_CURVE('',#19508,#19548,#19593,.T.);
#19593 = LINE('',#19594,#19595);
#19594 = CARTESIAN_POINT('',(675.,447.,210.));
#19595 = VECTOR('',#19596,1.);
#19596 = DIRECTION('',(1.,0.,0.));
#19597 = ORIENTED_EDGE('',*,*,#19545,.F.);
#19598 = PLANE('',#19599);
#19599 = AXIS2_PLACEMENT_3D('',#19600,#19601,#19602);
#19600 = CARTESIAN_POINT('',(675.,447.,195.));
#19601 = DIRECTION('',(0.,1.,0.));
#19602 = DIRECTION('',(0.,0.,1.));
#19603 = ADVANCED_FACE('',(#19604),#19620,.T.);
#19604 = FACE_BOUND('',#19605,.T.);
#19605 = EDGE_LOOP('',(#19606,#19612,#19613,#19619));
#19606 = ORIENTED_EDGE('',*,*,#19607,.F.);
#19607 = EDGE_CURVE('',#19516,#19556,#19608,.T.);
#19608 = LINE('',#19609,#19610);
#19609 = CARTESIAN_POINT('',(675.,462.,195.));
#19610 = VECTOR('',#19611,1.);
#19611 = DIRECTION('',(1.,0.,0.));
#19612 = ORIENTED_EDGE('',*,*,#19523,.T.);
#19613 = ORIENTED_EDGE('',*,*,#19614,.T.);
#19614 = EDGE_CURVE('',#19524,#19564,#19615,.T.);
#19615 = LINE('',#19616,#19617);
#19616 = CARTESIAN_POINT('',(675.,462.,210.));
#19617 = VECTOR('',#19618,1.);
#19618 = DIRECTION('',(1.,0.,0.));
#19619 = ORIENTED_EDGE('',*,*,#19563,.F.);
#19620 = PLANE('',#19621);
#19621 = AXIS2_PLACEMENT_3D('',#19622,#19623,#19624);
#19622 = CARTESIAN_POINT('',(675.,462.,195.));
#19623 = DIRECTION('',(0.,1.,0.));
#19624 = DIRECTION('',(0.,0.,1.));
#19625 = ADVANCED_FACE('',(#19626),#19632,.F.);
#19626 = FACE_BOUND('',#19627,.F.);
#19627 = EDGE_LOOP('',(#19628,#19629,#19630,#19631));
#19628 = ORIENTED_EDGE('',*,*,#19515,.F.);
#19629 = ORIENTED_EDGE('',*,*,#19585,.T.);
#19630 = ORIENTED_EDGE('',*,*,#19555,.T.);
#19631 = ORIENTED_EDGE('',*,*,#19607,.F.);
#19632 = PLANE('',#19633);
#19633 = AXIS2_PLACEMENT_3D('',#19634,#19635,#19636);
#19634 = CARTESIAN_POINT('',(675.,447.,195.));
#19635 = DIRECTION('',(0.,0.,1.));
#19636 = DIRECTION('',(1.,0.,0.));
#19637 = ADVANCED_FACE('',(#19638),#19644,.T.);
#19638 = FACE_BOUND('',#19639,.T.);
#19639 = EDGE_LOOP('',(#19640,#19641,#19642,#19643));
#19640 = ORIENTED_EDGE('',*,*,#19531,.F.);
#19641 = ORIENTED_EDGE('',*,*,#19592,.T.);
#19642 = ORIENTED_EDGE('',*,*,#19571,.T.);
#19643 = ORIENTED_EDGE('',*,*,#19614,.F.);
#19644 = PLANE('',#19645);
#19645 = AXIS2_PLACEMENT_3D('',#19646,#19647,#19648);
#19646 = CARTESIAN_POINT('',(675.,447.,210.));
#19647 = DIRECTION('',(0.,0.,1.));
#19648 = DIRECTION('',(1.,0.,0.));
#19649 = MANIFOLD_SOLID_BREP('',#19650);
#19650 = CLOSED_SHELL('',(#19651,#19691,#19731,#19753,#19775,#19787));
#19651 = ADVANCED_FACE('',(#19652),#19686,.F.);
#19652 = FACE_BOUND('',#19653,.F.);
#19653 = EDGE_LOOP('',(#19654,#19664,#19672,#19680));
#19654 = ORIENTED_EDGE('',*,*,#19655,.F.);
#19655 = EDGE_CURVE('',#19656,#19658,#19660,.T.);
#19656 = VERTEX_POINT('',#19657);
#19657 = CARTESIAN_POINT('',(625.,488.,195.));
#19658 = VERTEX_POINT('',#19659);
#19659 = CARTESIAN_POINT('',(625.,488.,210.));
#19660 = LINE('',#19661,#19662);
#19661 = CARTESIAN_POINT('',(625.,488.,195.));
#19662 = VECTOR('',#19663,1.);
#19663 = DIRECTION('',(0.,0.,1.));
#19664 = ORIENTED_EDGE('',*,*,#19665,.T.);
#19665 = EDGE_CURVE('',#19656,#19666,#19668,.T.);
#19666 = VERTEX_POINT('',#19667);
#19667 = CARTESIAN_POINT('',(625.,503.,195.));
#19668 = LINE('',#19669,#19670);
#19669 = CARTESIAN_POINT('',(625.,488.,195.));
#19670 = VECTOR('',#19671,1.);
#19671 = DIRECTION('',(0.,1.,0.));
#19672 = ORIENTED_EDGE('',*,*,#19673,.T.);
#19673 = EDGE_CURVE('',#19666,#19674,#19676,.T.);
#19674 = VERTEX_POINT('',#19675);
#19675 = CARTESIAN_POINT('',(625.,503.,210.));
#19676 = LINE('',#19677,#19678);
#19677 = CARTESIAN_POINT('',(625.,503.,195.));
#19678 = VECTOR('',#19679,1.);
#19679 = DIRECTION('',(0.,0.,1.));
#19680 = ORIENTED_EDGE('',*,*,#19681,.F.);
#19681 = EDGE_CURVE('',#19658,#19674,#19682,.T.);
#19682 = LINE('',#19683,#19684);
#19683 = CARTESIAN_POINT('',(625.,488.,210.));
#19684 = VECTOR('',#19685,1.);
#19685 = DIRECTION('',(0.,1.,0.));
#19686 = PLANE('',#19687);
#19687 = AXIS2_PLACEMENT_3D('',#19688,#19689,#19690);
#19688 = CARTESIAN_POINT('',(625.,488.,195.));
#19689 = DIRECTION('',(1.,0.,0.));
#19690 = DIRECTION('',(0.,0.,1.));
#19691 = ADVANCED_FACE('',(#19692),#19726,.T.);
#19692 = FACE_BOUND('',#19693,.T.);
#19693 = EDGE_LOOP('',(#19694,#19704,#19712,#19720));
#19694 = ORIENTED_EDGE('',*,*,#19695,.F.);
#19695 = EDGE_CURVE('',#19696,#19698,#19700,.T.);
#19696 = VERTEX_POINT('',#19697);
#19697 = CARTESIAN_POINT('',(655.,488.,195.));
#19698 = VERTEX_POINT('',#19699);
#19699 = CARTESIAN_POINT('',(655.,488.,210.));
#19700 = LINE('',#19701,#19702);
#19701 = CARTESIAN_POINT('',(655.,488.,195.));
#19702 = VECTOR('',#19703,1.);
#19703 = DIRECTION('',(0.,0.,1.));
#19704 = ORIENTED_EDGE('',*,*,#19705,.T.);
#19705 = EDGE_CURVE('',#19696,#19706,#19708,.T.);
#19706 = VERTEX_POINT('',#19707);
#19707 = CARTESIAN_POINT('',(655.,503.,195.));
#19708 = LINE('',#19709,#19710);
#19709 = CARTESIAN_POINT('',(655.,488.,195.));
#19710 = VECTOR('',#19711,1.);
#19711 = DIRECTION('',(0.,1.,0.));
#19712 = ORIENTED_EDGE('',*,*,#19713,.T.);
#19713 = EDGE_CURVE('',#19706,#19714,#19716,.T.);
#19714 = VERTEX_POINT('',#19715);
#19715 = CARTESIAN_POINT('',(655.,503.,210.));
#19716 = LINE('',#19717,#19718);
#19717 = CARTESIAN_POINT('',(655.,503.,195.));
#19718 = VECTOR('',#19719,1.);
#19719 = DIRECTION('',(0.,0.,1.));
#19720 = ORIENTED_EDGE('',*,*,#19721,.F.);
#19721 = EDGE_CURVE('',#19698,#19714,#19722,.T.);
#19722 = LINE('',#19723,#19724);
#19723 = CARTESIAN_POINT('',(655.,488.,210.));
#19724 = VECTOR('',#19725,1.);
#19725 = DIRECTION('',(0.,1.,0.));
#19726 = PLANE('',#19727);
#19727 = AXIS2_PLACEMENT_3D('',#19728,#19729,#19730);
#19728 = CARTESIAN_POINT('',(655.,488.,195.));
#19729 = DIRECTION('',(1.,0.,0.));
#19730 = DIRECTION('',(0.,0.,1.));
#19731 = ADVANCED_FACE('',(#19732),#19748,.F.);
#19732 = FACE_BOUND('',#19733,.F.);
#19733 = EDGE_LOOP('',(#19734,#19740,#19741,#19747));
#19734 = ORIENTED_EDGE('',*,*,#19735,.F.);
#19735 = EDGE_CURVE('',#19656,#19696,#19736,.T.);
#19736 = LINE('',#19737,#19738);
#19737 = CARTESIAN_POINT('',(625.,488.,195.));
#19738 = VECTOR('',#19739,1.);
#19739 = DIRECTION('',(1.,0.,0.));
#19740 = ORIENTED_EDGE('',*,*,#19655,.T.);
#19741 = ORIENTED_EDGE('',*,*,#19742,.T.);
#19742 = EDGE_CURVE('',#19658,#19698,#19743,.T.);
#19743 = LINE('',#19744,#19745);
#19744 = CARTESIAN_POINT('',(625.,488.,210.));
#19745 = VECTOR('',#19746,1.);
#19746 = DIRECTION('',(1.,0.,0.));
#19747 = ORIENTED_EDGE('',*,*,#19695,.F.);
#19748 = PLANE('',#19749);
#19749 = AXIS2_PLACEMENT_3D('',#19750,#19751,#19752);
#19750 = CARTESIAN_POINT('',(625.,488.,195.));
#19751 = DIRECTION('',(0.,1.,0.));
#19752 = DIRECTION('',(0.,0.,1.));
#19753 = ADVANCED_FACE('',(#19754),#19770,.T.);
#19754 = FACE_BOUND('',#19755,.T.);
#19755 = EDGE_LOOP('',(#19756,#19762,#19763,#19769));
#19756 = ORIENTED_EDGE('',*,*,#19757,.F.);
#19757 = EDGE_CURVE('',#19666,#19706,#19758,.T.);
#19758 = LINE('',#19759,#19760);
#19759 = CARTESIAN_POINT('',(625.,503.,195.));
#19760 = VECTOR('',#19761,1.);
#19761 = DIRECTION('',(1.,0.,0.));
#19762 = ORIENTED_EDGE('',*,*,#19673,.T.);
#19763 = ORIENTED_EDGE('',*,*,#19764,.T.);
#19764 = EDGE_CURVE('',#19674,#19714,#19765,.T.);
#19765 = LINE('',#19766,#19767);
#19766 = CARTESIAN_POINT('',(625.,503.,210.));
#19767 = VECTOR('',#19768,1.);
#19768 = DIRECTION('',(1.,0.,0.));
#19769 = ORIENTED_EDGE('',*,*,#19713,.F.);
#19770 = PLANE('',#19771);
#19771 = AXIS2_PLACEMENT_3D('',#19772,#19773,#19774);
#19772 = CARTESIAN_POINT('',(625.,503.,195.));
#19773 = DIRECTION('',(0.,1.,0.));
#19774 = DIRECTION('',(0.,0.,1.));
#19775 = ADVANCED_FACE('',(#19776),#19782,.F.);
#19776 = FACE_BOUND('',#19777,.F.);
#19777 = EDGE_LOOP('',(#19778,#19779,#19780,#19781));
#19778 = ORIENTED_EDGE('',*,*,#19665,.F.);
#19779 = ORIENTED_EDGE('',*,*,#19735,.T.);
#19780 = ORIENTED_EDGE('',*,*,#19705,.T.);
#19781 = ORIENTED_EDGE('',*,*,#19757,.F.);
#19782 = PLANE('',#19783);
#19783 = AXIS2_PLACEMENT_3D('',#19784,#19785,#19786);
#19784 = CARTESIAN_POINT('',(625.,488.,195.));
#19785 = DIRECTION('',(0.,0.,1.));
#19786 = DIRECTION('',(1.,0.,0.));
#19787 = ADVANCED_FACE('',(#19788),#19794,.T.);
#19788 = FACE_BOUND('',#19789,.T.);
#19789 = EDGE_LOOP('',(#19790,#19791,#19792,#19793));
#19790 = ORIENTED_EDGE('',*,*,#19681,.F.);
#19791 = ORIENTED_EDGE('',*,*,#19742,.T.);
#19792 = ORIENTED_EDGE('',*,*,#19721,.T.);
#19793 = ORIENTED_EDGE('',*,*,#19764,.F.);
#19794 = PLANE('',#19795);
#19795 = AXIS2_PLACEMENT_3D('',#19796,#19797,#19798);
#19796 = CARTESIAN_POINT('',(625.,488.,210.));
#19797 = DIRECTION('',(0.,0.,1.));
#19798 = DIRECTION('',(1.,0.,0.));
#19799 = MANIFOLD_SOLID_BREP('',#19800);
#19800 = CLOSED_SHELL('',(#19801,#19841,#19881,#19903,#19925,#19937));
#19801 = ADVANCED_FACE('',(#19802),#19836,.F.);
#19802 = FACE_BOUND('',#19803,.F.);
#19803 = EDGE_LOOP('',(#19804,#19814,#19822,#19830));
#19804 = ORIENTED_EDGE('',*,*,#19805,.F.);
#19805 = EDGE_CURVE('',#19806,#19808,#19810,.T.);
#19806 = VERTEX_POINT('',#19807);
#19807 = CARTESIAN_POINT('',(675.,488.,195.));
#19808 = VERTEX_POINT('',#19809);
#19809 = CARTESIAN_POINT('',(675.,488.,210.));
#19810 = LINE('',#19811,#19812);
#19811 = CARTESIAN_POINT('',(675.,488.,195.));
#19812 = VECTOR('',#19813,1.);
#19813 = DIRECTION('',(0.,0.,1.));
#19814 = ORIENTED_EDGE('',*,*,#19815,.T.);
#19815 = EDGE_CURVE('',#19806,#19816,#19818,.T.);
#19816 = VERTEX_POINT('',#19817);
#19817 = CARTESIAN_POINT('',(675.,503.,195.));
#19818 = LINE('',#19819,#19820);
#19819 = CARTESIAN_POINT('',(675.,488.,195.));
#19820 = VECTOR('',#19821,1.);
#19821 = DIRECTION('',(0.,1.,0.));
#19822 = ORIENTED_EDGE('',*,*,#19823,.T.);
#19823 = EDGE_CURVE('',#19816,#19824,#19826,.T.);
#19824 = VERTEX_POINT('',#19825);
#19825 = CARTESIAN_POINT('',(675.,503.,210.));
#19826 = LINE('',#19827,#19828);
#19827 = CARTESIAN_POINT('',(675.,503.,195.));
#19828 = VECTOR('',#19829,1.);
#19829 = DIRECTION('',(0.,0.,1.));
#19830 = ORIENTED_EDGE('',*,*,#19831,.F.);
#19831 = EDGE_CURVE('',#19808,#19824,#19832,.T.);
#19832 = LINE('',#19833,#19834);
#19833 = CARTESIAN_POINT('',(675.,488.,210.));
#19834 = VECTOR('',#19835,1.);
#19835 = DIRECTION('',(0.,1.,0.));
#19836 = PLANE('',#19837);
#19837 = AXIS2_PLACEMENT_3D('',#19838,#19839,#19840);
#19838 = CARTESIAN_POINT('',(675.,488.,195.));
#19839 = DIRECTION('',(1.,0.,0.));
#19840 = DIRECTION('',(0.,0.,1.));
#19841 = ADVANCED_FACE('',(#19842),#19876,.T.);
#19842 = FACE_BOUND('',#19843,.T.);
#19843 = EDGE_LOOP('',(#19844,#19854,#19862,#19870));
#19844 = ORIENTED_EDGE('',*,*,#19845,.F.);
#19845 = EDGE_CURVE('',#19846,#19848,#19850,.T.);
#19846 = VERTEX_POINT('',#19847);
#19847 = CARTESIAN_POINT('',(705.,488.,195.));
#19848 = VERTEX_POINT('',#19849);
#19849 = CARTESIAN_POINT('',(705.,488.,210.));
#19850 = LINE('',#19851,#19852);
#19851 = CARTESIAN_POINT('',(705.,488.,195.));
#19852 = VECTOR('',#19853,1.);
#19853 = DIRECTION('',(0.,0.,1.));
#19854 = ORIENTED_EDGE('',*,*,#19855,.T.);
#19855 = EDGE_CURVE('',#19846,#19856,#19858,.T.);
#19856 = VERTEX_POINT('',#19857);
#19857 = CARTESIAN_POINT('',(705.,503.,195.));
#19858 = LINE('',#19859,#19860);
#19859 = CARTESIAN_POINT('',(705.,488.,195.));
#19860 = VECTOR('',#19861,1.);
#19861 = DIRECTION('',(0.,1.,0.));
#19862 = ORIENTED_EDGE('',*,*,#19863,.T.);
#19863 = EDGE_CURVE('',#19856,#19864,#19866,.T.);
#19864 = VERTEX_POINT('',#19865);
#19865 = CARTESIAN_POINT('',(705.,503.,210.));
#19866 = LINE('',#19867,#19868);
#19867 = CARTESIAN_POINT('',(705.,503.,195.));
#19868 = VECTOR('',#19869,1.);
#19869 = DIRECTION('',(0.,0.,1.));
#19870 = ORIENTED_EDGE('',*,*,#19871,.F.);
#19871 = EDGE_CURVE('',#19848,#19864,#19872,.T.);
#19872 = LINE('',#19873,#19874);
#19873 = CARTESIAN_POINT('',(705.,488.,210.));
#19874 = VECTOR('',#19875,1.);
#19875 = DIRECTION('',(0.,1.,0.));
#19876 = PLANE('',#19877);
#19877 = AXIS2_PLACEMENT_3D('',#19878,#19879,#19880);
#19878 = CARTESIAN_POINT('',(705.,488.,195.));
#19879 = DIRECTION('',(1.,0.,0.));
#19880 = DIRECTION('',(0.,0.,1.));
#19881 = ADVANCED_FACE('',(#19882),#19898,.F.);
#19882 = FACE_BOUND('',#19883,.F.);
#19883 = EDGE_LOOP('',(#19884,#19890,#19891,#19897));
#19884 = ORIENTED_EDGE('',*,*,#19885,.F.);
#19885 = EDGE_CURVE('',#19806,#19846,#19886,.T.);
#19886 = LINE('',#19887,#19888);
#19887 = CARTESIAN_POINT('',(675.,488.,195.));
#19888 = VECTOR('',#19889,1.);
#19889 = DIRECTION('',(1.,0.,0.));
#19890 = ORIENTED_EDGE('',*,*,#19805,.T.);
#19891 = ORIENTED_EDGE('',*,*,#19892,.T.);
#19892 = EDGE_CURVE('',#19808,#19848,#19893,.T.);
#19893 = LINE('',#19894,#19895);
#19894 = CARTESIAN_POINT('',(675.,488.,210.));
#19895 = VECTOR('',#19896,1.);
#19896 = DIRECTION('',(1.,0.,0.));
#19897 = ORIENTED_EDGE('',*,*,#19845,.F.);
#19898 = PLANE('',#19899);
#19899 = AXIS2_PLACEMENT_3D('',#19900,#19901,#19902);
#19900 = CARTESIAN_POINT('',(675.,488.,195.));
#19901 = DIRECTION('',(0.,1.,0.));
#19902 = DIRECTION('',(0.,0.,1.));
#19903 = ADVANCED_FACE('',(#19904),#19920,.T.);
#19904 = FACE_BOUND('',#19905,.T.);
#19905 = EDGE_LOOP('',(#19906,#19912,#19913,#19919));
#19906 = ORIENTED_EDGE('',*,*,#19907,.F.);
#19907 = EDGE_CURVE('',#19816,#19856,#19908,.T.);
#19908 = LINE('',#19909,#19910);
#19909 = CARTESIAN_POINT('',(675.,503.,195.));
#19910 = VECTOR('',#19911,1.);
#19911 = DIRECTION('',(1.,0.,0.));
#19912 = ORIENTED_EDGE('',*,*,#19823,.T.);
#19913 = ORIENTED_EDGE('',*,*,#19914,.T.);
#19914 = EDGE_CURVE('',#19824,#19864,#19915,.T.);
#19915 = LINE('',#19916,#19917);
#19916 = CARTESIAN_POINT('',(675.,503.,210.));
#19917 = VECTOR('',#19918,1.);
#19918 = DIRECTION('',(1.,0.,0.));
#19919 = ORIENTED_EDGE('',*,*,#19863,.F.);
#19920 = PLANE('',#19921);
#19921 = AXIS2_PLACEMENT_3D('',#19922,#19923,#19924);
#19922 = CARTESIAN_POINT('',(675.,503.,195.));
#19923 = DIRECTION('',(0.,1.,0.));
#19924 = DIRECTION('',(0.,0.,1.));
#19925 = ADVANCED_FACE('',(#19926),#19932,.F.);
#19926 = FACE_BOUND('',#19927,.F.);
#19927 = EDGE_LOOP('',(#19928,#19929,#19930,#19931));
#19928 = ORIENTED_EDGE('',*,*,#19815,.F.);
#19929 = ORIENTED_EDGE('',*,*,#19885,.T.);
#19930 = ORIENTED_EDGE('',*,*,#19855,.T.);
#19931 = ORIENTED_EDGE('',*,*,#19907,.F.);
#19932 = PLANE('',#19933);
#19933 = AXIS2_PLACEMENT_3D('',#19934,#19935,#19936);
#19934 = CARTESIAN_POINT('',(675.,488.,195.));
#19935 = DIRECTION('',(0.,0.,1.));
#19936 = DIRECTION('',(1.,0.,0.));
#19937 = ADVANCED_FACE('',(#19938),#19944,.T.);
#19938 = FACE_BOUND('',#19939,.T.);
#19939 = EDGE_LOOP('',(#19940,#19941,#19942,#19943));
#19940 = ORIENTED_EDGE('',*,*,#19831,.F.);
#19941 = ORIENTED_EDGE('',*,*,#19892,.T.);
#19942 = ORIENTED_EDGE('',*,*,#19871,.T.);
#19943 = ORIENTED_EDGE('',*,*,#19914,.F.);
#19944 = PLANE('',#19945);
#19945 = AXIS2_PLACEMENT_3D('',#19946,#19947,#19948);
#19946 = CARTESIAN_POINT('',(675.,488.,210.));
#19947 = DIRECTION('',(0.,0.,1.));
#19948 = DIRECTION('',(1.,0.,0.));
#19949 = MANIFOLD_SOLID_BREP('',#19950);
#19950 = CLOSED_SHELL('',(#19951,#19991,#20031,#20053,#20075,#20087));
#19951 = ADVANCED_FACE('',(#19952),#19986,.F.);
#19952 = FACE_BOUND('',#19953,.F.);
#19953 = EDGE_LOOP('',(#19954,#19964,#19972,#19980));
#19954 = ORIENTED_EDGE('',*,*,#19955,.F.);
#19955 = EDGE_CURVE('',#19956,#19958,#19960,.T.);
#19956 = VERTEX_POINT('',#19957);
#19957 = CARTESIAN_POINT('',(617.5,317.,102.));
#19958 = VERTEX_POINT('',#19959);
#19959 = CARTESIAN_POINT('',(617.5,317.,117.));
#19960 = LINE('',#19961,#19962);
#19961 = CARTESIAN_POINT('',(617.5,317.,102.));
#19962 = VECTOR('',#19963,1.);
#19963 = DIRECTION('',(0.,0.,1.));
#19964 = ORIENTED_EDGE('',*,*,#19965,.T.);
#19965 = EDGE_CURVE('',#19956,#19966,#19968,.T.);
#19966 = VERTEX_POINT('',#19967);
#19967 = CARTESIAN_POINT('',(617.5,332.,102.));
#19968 = LINE('',#19969,#19970);
#19969 = CARTESIAN_POINT('',(617.5,317.,102.));
#19970 = VECTOR('',#19971,1.);
#19971 = DIRECTION('',(0.,1.,0.));
#19972 = ORIENTED_EDGE('',*,*,#19973,.T.);
#19973 = EDGE_CURVE('',#19966,#19974,#19976,.T.);
#19974 = VERTEX_POINT('',#19975);
#19975 = CARTESIAN_POINT('',(617.5,332.,117.));
#19976 = LINE('',#19977,#19978);
#19977 = CARTESIAN_POINT('',(617.5,332.,102.));
#19978 = VECTOR('',#19979,1.);
#19979 = DIRECTION('',(0.,0.,1.));
#19980 = ORIENTED_EDGE('',*,*,#19981,.F.);
#19981 = EDGE_CURVE('',#19958,#19974,#19982,.T.);
#19982 = LINE('',#19983,#19984);
#19983 = CARTESIAN_POINT('',(617.5,317.,117.));
#19984 = VECTOR('',#19985,1.);
#19985 = DIRECTION('',(0.,1.,0.));
#19986 = PLANE('',#19987);
#19987 = AXIS2_PLACEMENT_3D('',#19988,#19989,#19990);
#19988 = CARTESIAN_POINT('',(617.5,317.,102.));
#19989 = DIRECTION('',(1.,0.,0.));
#19990 = DIRECTION('',(0.,0.,1.));
#19991 = ADVANCED_FACE('',(#19992),#20026,.T.);
#19992 = FACE_BOUND('',#19993,.T.);
#19993 = EDGE_LOOP('',(#19994,#20004,#20012,#20020));
#19994 = ORIENTED_EDGE('',*,*,#19995,.F.);
#19995 = EDGE_CURVE('',#19996,#19998,#20000,.T.);
#19996 = VERTEX_POINT('',#19997);
#19997 = CARTESIAN_POINT('',(625.,317.,102.));
#19998 = VERTEX_POINT('',#19999);
#19999 = CARTESIAN_POINT('',(625.,317.,117.));
#20000 = LINE('',#20001,#20002);
#20001 = CARTESIAN_POINT('',(625.,317.,102.));
#20002 = VECTOR('',#20003,1.);
#20003 = DIRECTION('',(0.,0.,1.));
#20004 = ORIENTED_EDGE('',*,*,#20005,.T.);
#20005 = EDGE_CURVE('',#19996,#20006,#20008,.T.);
#20006 = VERTEX_POINT('',#20007);
#20007 = CARTESIAN_POINT('',(625.,332.,102.));
#20008 = LINE('',#20009,#20010);
#20009 = CARTESIAN_POINT('',(625.,317.,102.));
#20010 = VECTOR('',#20011,1.);
#20011 = DIRECTION('',(0.,1.,0.));
#20012 = ORIENTED_EDGE('',*,*,#20013,.T.);
#20013 = EDGE_CURVE('',#20006,#20014,#20016,.T.);
#20014 = VERTEX_POINT('',#20015);
#20015 = CARTESIAN_POINT('',(625.,332.,117.));
#20016 = LINE('',#20017,#20018);
#20017 = CARTESIAN_POINT('',(625.,332.,102.));
#20018 = VECTOR('',#20019,1.);
#20019 = DIRECTION('',(0.,0.,1.));
#20020 = ORIENTED_EDGE('',*,*,#20021,.F.);
#20021 = EDGE_CURVE('',#19998,#20014,#20022,.T.);
#20022 = LINE('',#20023,#20024);
#20023 = CARTESIAN_POINT('',(625.,317.,117.));
#20024 = VECTOR('',#20025,1.);
#20025 = DIRECTION('',(0.,1.,0.));
#20026 = PLANE('',#20027);
#20027 = AXIS2_PLACEMENT_3D('',#20028,#20029,#20030);
#20028 = CARTESIAN_POINT('',(625.,317.,102.));
#20029 = DIRECTION('',(1.,0.,0.));
#20030 = DIRECTION('',(0.,0.,1.));
#20031 = ADVANCED_FACE('',(#20032),#20048,.F.);
#20032 = FACE_BOUND('',#20033,.F.);
#20033 = EDGE_LOOP('',(#20034,#20040,#20041,#20047));
#20034 = ORIENTED_EDGE('',*,*,#20035,.F.);
#20035 = EDGE_CURVE('',#19956,#19996,#20036,.T.);
#20036 = LINE('',#20037,#20038);
#20037 = CARTESIAN_POINT('',(617.5,317.,102.));
#20038 = VECTOR('',#20039,1.);
#20039 = DIRECTION('',(1.,0.,0.));
#20040 = ORIENTED_EDGE('',*,*,#19955,.T.);
#20041 = ORIENTED_EDGE('',*,*,#20042,.T.);
#20042 = EDGE_CURVE('',#19958,#19998,#20043,.T.);
#20043 = LINE('',#20044,#20045);
#20044 = CARTESIAN_POINT('',(617.5,317.,117.));
#20045 = VECTOR('',#20046,1.);
#20046 = DIRECTION('',(1.,0.,0.));
#20047 = ORIENTED_EDGE('',*,*,#19995,.F.);
#20048 = PLANE('',#20049);
#20049 = AXIS2_PLACEMENT_3D('',#20050,#20051,#20052);
#20050 = CARTESIAN_POINT('',(617.5,317.,102.));
#20051 = DIRECTION('',(0.,1.,0.));
#20052 = DIRECTION('',(0.,0.,1.));
#20053 = ADVANCED_FACE('',(#20054),#20070,.T.);
#20054 = FACE_BOUND('',#20055,.T.);
#20055 = EDGE_LOOP('',(#20056,#20062,#20063,#20069));
#20056 = ORIENTED_EDGE('',*,*,#20057,.F.);
#20057 = EDGE_CURVE('',#19966,#20006,#20058,.T.);
#20058 = LINE('',#20059,#20060);
#20059 = CARTESIAN_POINT('',(617.5,332.,102.));
#20060 = VECTOR('',#20061,1.);
#20061 = DIRECTION('',(1.,0.,0.));
#20062 = ORIENTED_EDGE('',*,*,#19973,.T.);
#20063 = ORIENTED_EDGE('',*,*,#20064,.T.);
#20064 = EDGE_CURVE('',#19974,#20014,#20065,.T.);
#20065 = LINE('',#20066,#20067);
#20066 = CARTESIAN_POINT('',(617.5,332.,117.));
#20067 = VECTOR('',#20068,1.);
#20068 = DIRECTION('',(1.,0.,0.));
#20069 = ORIENTED_EDGE('',*,*,#20013,.F.);
#20070 = PLANE('',#20071);
#20071 = AXIS2_PLACEMENT_3D('',#20072,#20073,#20074);
#20072 = CARTESIAN_POINT('',(617.5,332.,102.));
#20073 = DIRECTION('',(0.,1.,0.));
#20074 = DIRECTION('',(0.,0.,1.));
#20075 = ADVANCED_FACE('',(#20076),#20082,.F.);
#20076 = FACE_BOUND('',#20077,.F.);
#20077 = EDGE_LOOP('',(#20078,#20079,#20080,#20081));
#20078 = ORIENTED_EDGE('',*,*,#19965,.F.);
#20079 = ORIENTED_EDGE('',*,*,#20035,.T.);
#20080 = ORIENTED_EDGE('',*,*,#20005,.T.);
#20081 = ORIENTED_EDGE('',*,*,#20057,.F.);
#20082 = PLANE('',#20083);
#20083 = AXIS2_PLACEMENT_3D('',#20084,#20085,#20086);
#20084 = CARTESIAN_POINT('',(617.5,317.,102.));
#20085 = DIRECTION('',(0.,0.,1.));
#20086 = DIRECTION('',(1.,0.,0.));
#20087 = ADVANCED_FACE('',(#20088),#20094,.T.);
#20088 = FACE_BOUND('',#20089,.T.);
#20089 = EDGE_LOOP('',(#20090,#20091,#20092,#20093));
#20090 = ORIENTED_EDGE('',*,*,#19981,.F.);
#20091 = ORIENTED_EDGE('',*,*,#20042,.T.);
#20092 = ORIENTED_EDGE('',*,*,#20021,.T.);
#20093 = ORIENTED_EDGE('',*,*,#20064,.F.);
#20094 = PLANE('',#20095);
#20095 = AXIS2_PLACEMENT_3D('',#20096,#20097,#20098);
#20096 = CARTESIAN_POINT('',(617.5,317.,117.));
#20097 = DIRECTION('',(0.,0.,1.));
#20098 = DIRECTION('',(1.,0.,0.));
#20099 = MANIFOLD_SOLID_BREP('',#20100);
#20100 = CLOSED_SHELL('',(#20101,#20141,#20181,#20203,#20225,#20237));
#20101 = ADVANCED_FACE('',(#20102),#20136,.F.);
#20102 = FACE_BOUND('',#20103,.F.);
#20103 = EDGE_LOOP('',(#20104,#20114,#20122,#20130));
#20104 = ORIENTED_EDGE('',*,*,#20105,.F.);
#20105 = EDGE_CURVE('',#20106,#20108,#20110,.T.);
#20106 = VERTEX_POINT('',#20107);
#20107 = CARTESIAN_POINT('',(697.5,317.,102.));
#20108 = VERTEX_POINT('',#20109);
#20109 = CARTESIAN_POINT('',(697.5,317.,117.));
#20110 = LINE('',#20111,#20112);
#20111 = CARTESIAN_POINT('',(697.5,317.,102.));
#20112 = VECTOR('',#20113,1.);
#20113 = DIRECTION('',(0.,0.,1.));
#20114 = ORIENTED_EDGE('',*,*,#20115,.T.);
#20115 = EDGE_CURVE('',#20106,#20116,#20118,.T.);
#20116 = VERTEX_POINT('',#20117);
#20117 = CARTESIAN_POINT('',(697.5,332.,102.));
#20118 = LINE('',#20119,#20120);
#20119 = CARTESIAN_POINT('',(697.5,317.,102.));
#20120 = VECTOR('',#20121,1.);
#20121 = DIRECTION('',(0.,1.,0.));
#20122 = ORIENTED_EDGE('',*,*,#20123,.T.);
#20123 = EDGE_CURVE('',#20116,#20124,#20126,.T.);
#20124 = VERTEX_POINT('',#20125);
#20125 = CARTESIAN_POINT('',(697.5,332.,117.));
#20126 = LINE('',#20127,#20128);
#20127 = CARTESIAN_POINT('',(697.5,332.,102.));
#20128 = VECTOR('',#20129,1.);
#20129 = DIRECTION('',(0.,0.,1.));
#20130 = ORIENTED_EDGE('',*,*,#20131,.F.);
#20131 = EDGE_CURVE('',#20108,#20124,#20132,.T.);
#20132 = LINE('',#20133,#20134);
#20133 = CARTESIAN_POINT('',(697.5,317.,117.));
#20134 = VECTOR('',#20135,1.);
#20135 = DIRECTION('',(0.,1.,0.));
#20136 = PLANE('',#20137);
#20137 = AXIS2_PLACEMENT_3D('',#20138,#20139,#20140);
#20138 = CARTESIAN_POINT('',(697.5,317.,102.));
#20139 = DIRECTION('',(1.,0.,0.));
#20140 = DIRECTION('',(0.,0.,1.));
#20141 = ADVANCED_FACE('',(#20142),#20176,.T.);
#20142 = FACE_BOUND('',#20143,.T.);
#20143 = EDGE_LOOP('',(#20144,#20154,#20162,#20170));
#20144 = ORIENTED_EDGE('',*,*,#20145,.F.);
#20145 = EDGE_CURVE('',#20146,#20148,#20150,.T.);
#20146 = VERTEX_POINT('',#20147);
#20147 = CARTESIAN_POINT('',(705.,317.,102.));
#20148 = VERTEX_POINT('',#20149);
#20149 = CARTESIAN_POINT('',(705.,317.,117.));
#20150 = LINE('',#20151,#20152);
#20151 = CARTESIAN_POINT('',(705.,317.,102.));
#20152 = VECTOR('',#20153,1.);
#20153 = DIRECTION('',(0.,0.,1.));
#20154 = ORIENTED_EDGE('',*,*,#20155,.T.);
#20155 = EDGE_CURVE('',#20146,#20156,#20158,.T.);
#20156 = VERTEX_POINT('',#20157);
#20157 = CARTESIAN_POINT('',(705.,332.,102.));
#20158 = LINE('',#20159,#20160);
#20159 = CARTESIAN_POINT('',(705.,317.,102.));
#20160 = VECTOR('',#20161,1.);
#20161 = DIRECTION('',(0.,1.,0.));
#20162 = ORIENTED_EDGE('',*,*,#20163,.T.);
#20163 = EDGE_CURVE('',#20156,#20164,#20166,.T.);
#20164 = VERTEX_POINT('',#20165);
#20165 = CARTESIAN_POINT('',(705.,332.,117.));
#20166 = LINE('',#20167,#20168);
#20167 = CARTESIAN_POINT('',(705.,332.,102.));
#20168 = VECTOR('',#20169,1.);
#20169 = DIRECTION('',(0.,0.,1.));
#20170 = ORIENTED_EDGE('',*,*,#20171,.F.);
#20171 = EDGE_CURVE('',#20148,#20164,#20172,.T.);
#20172 = LINE('',#20173,#20174);
#20173 = CARTESIAN_POINT('',(705.,317.,117.));
#20174 = VECTOR('',#20175,1.);
#20175 = DIRECTION('',(0.,1.,0.));
#20176 = PLANE('',#20177);
#20177 = AXIS2_PLACEMENT_3D('',#20178,#20179,#20180);
#20178 = CARTESIAN_POINT('',(705.,317.,102.));
#20179 = DIRECTION('',(1.,0.,0.));
#20180 = DIRECTION('',(0.,0.,1.));
#20181 = ADVANCED_FACE('',(#20182),#20198,.F.);
#20182 = FACE_BOUND('',#20183,.F.);
#20183 = EDGE_LOOP('',(#20184,#20190,#20191,#20197));
#20184 = ORIENTED_EDGE('',*,*,#20185,.F.);
#20185 = EDGE_CURVE('',#20106,#20146,#20186,.T.);
#20186 = LINE('',#20187,#20188);
#20187 = CARTESIAN_POINT('',(697.5,317.,102.));
#20188 = VECTOR('',#20189,1.);
#20189 = DIRECTION('',(1.,0.,0.));
#20190 = ORIENTED_EDGE('',*,*,#20105,.T.);
#20191 = ORIENTED_EDGE('',*,*,#20192,.T.);
#20192 = EDGE_CURVE('',#20108,#20148,#20193,.T.);
#20193 = LINE('',#20194,#20195);
#20194 = CARTESIAN_POINT('',(697.5,317.,117.));
#20195 = VECTOR('',#20196,1.);
#20196 = DIRECTION('',(1.,0.,0.));
#20197 = ORIENTED_EDGE('',*,*,#20145,.F.);
#20198 = PLANE('',#20199);
#20199 = AXIS2_PLACEMENT_3D('',#20200,#20201,#20202);
#20200 = CARTESIAN_POINT('',(697.5,317.,102.));
#20201 = DIRECTION('',(0.,1.,0.));
#20202 = DIRECTION('',(0.,0.,1.));
#20203 = ADVANCED_FACE('',(#20204),#20220,.T.);
#20204 = FACE_BOUND('',#20205,.T.);
#20205 = EDGE_LOOP('',(#20206,#20212,#20213,#20219));
#20206 = ORIENTED_EDGE('',*,*,#20207,.F.);
#20207 = EDGE_CURVE('',#20116,#20156,#20208,.T.);
#20208 = LINE('',#20209,#20210);
#20209 = CARTESIAN_POINT('',(697.5,332.,102.));
#20210 = VECTOR('',#20211,1.);
#20211 = DIRECTION('',(1.,0.,0.));
#20212 = ORIENTED_EDGE('',*,*,#20123,.T.);
#20213 = ORIENTED_EDGE('',*,*,#20214,.T.);
#20214 = EDGE_CURVE('',#20124,#20164,#20215,.T.);
#20215 = LINE('',#20216,#20217);
#20216 = CARTESIAN_POINT('',(697.5,332.,117.));
#20217 = VECTOR('',#20218,1.);
#20218 = DIRECTION('',(1.,0.,0.));
#20219 = ORIENTED_EDGE('',*,*,#20163,.F.);
#20220 = PLANE('',#20221);
#20221 = AXIS2_PLACEMENT_3D('',#20222,#20223,#20224);
#20222 = CARTESIAN_POINT('',(697.5,332.,102.));
#20223 = DIRECTION('',(0.,1.,0.));
#20224 = DIRECTION('',(0.,0.,1.));
#20225 = ADVANCED_FACE('',(#20226),#20232,.F.);
#20226 = FACE_BOUND('',#20227,.F.);
#20227 = EDGE_LOOP('',(#20228,#20229,#20230,#20231));
#20228 = ORIENTED_EDGE('',*,*,#20115,.F.);
#20229 = ORIENTED_EDGE('',*,*,#20185,.T.);
#20230 = ORIENTED_EDGE('',*,*,#20155,.T.);
#20231 = ORIENTED_EDGE('',*,*,#20207,.F.);
#20232 = PLANE('',#20233);
#20233 = AXIS2_PLACEMENT_3D('',#20234,#20235,#20236);
#20234 = CARTESIAN_POINT('',(697.5,317.,102.));
#20235 = DIRECTION('',(0.,0.,1.));
#20236 = DIRECTION('',(1.,0.,0.));
#20237 = ADVANCED_FACE('',(#20238),#20244,.T.);
#20238 = FACE_BOUND('',#20239,.T.);
#20239 = EDGE_LOOP('',(#20240,#20241,#20242,#20243));
#20240 = ORIENTED_EDGE('',*,*,#20131,.F.);
#20241 = ORIENTED_EDGE('',*,*,#20192,.T.);
#20242 = ORIENTED_EDGE('',*,*,#20171,.T.);
#20243 = ORIENTED_EDGE('',*,*,#20214,.F.);
#20244 = PLANE('',#20245);
#20245 = AXIS2_PLACEMENT_3D('',#20246,#20247,#20248);
#20246 = CARTESIAN_POINT('',(697.5,317.,117.));
#20247 = DIRECTION('',(0.,0.,1.));
#20248 = DIRECTION('',(1.,0.,0.));
#20249 = MANIFOLD_SOLID_BREP('',#20250);
#20250 = CLOSED_SHELL('',(#20251,#20291,#20331,#20353,#20375,#20387));
#20251 = ADVANCED_FACE('',(#20252),#20286,.F.);
#20252 = FACE_BOUND('',#20253,.F.);
#20253 = EDGE_LOOP('',(#20254,#20264,#20272,#20280));
#20254 = ORIENTED_EDGE('',*,*,#20255,.F.);
#20255 = EDGE_CURVE('',#20256,#20258,#20260,.T.);
#20256 = VERTEX_POINT('',#20257);
#20257 = CARTESIAN_POINT('',(617.5,572.,102.));
#20258 = VERTEX_POINT('',#20259);
#20259 = CARTESIAN_POINT('',(617.5,572.,117.));
#20260 = LINE('',#20261,#20262);
#20261 = CARTESIAN_POINT('',(617.5,572.,102.));
#20262 = VECTOR('',#20263,1.);
#20263 = DIRECTION('',(0.,0.,1.));
#20264 = ORIENTED_EDGE('',*,*,#20265,.T.);
#20265 = EDGE_CURVE('',#20256,#20266,#20268,.T.);
#20266 = VERTEX_POINT('',#20267);
#20267 = CARTESIAN_POINT('',(617.5,587.,102.));
#20268 = LINE('',#20269,#20270);
#20269 = CARTESIAN_POINT('',(617.5,572.,102.));
#20270 = VECTOR('',#20271,1.);
#20271 = DIRECTION('',(0.,1.,0.));
#20272 = ORIENTED_EDGE('',*,*,#20273,.T.);
#20273 = EDGE_CURVE('',#20266,#20274,#20276,.T.);
#20274 = VERTEX_POINT('',#20275);
#20275 = CARTESIAN_POINT('',(617.5,587.,117.));
#20276 = LINE('',#20277,#20278);
#20277 = CARTESIAN_POINT('',(617.5,587.,102.));
#20278 = VECTOR('',#20279,1.);
#20279 = DIRECTION('',(0.,0.,1.));
#20280 = ORIENTED_EDGE('',*,*,#20281,.F.);
#20281 = EDGE_CURVE('',#20258,#20274,#20282,.T.);
#20282 = LINE('',#20283,#20284);
#20283 = CARTESIAN_POINT('',(617.5,572.,117.));
#20284 = VECTOR('',#20285,1.);
#20285 = DIRECTION('',(0.,1.,0.));
#20286 = PLANE('',#20287);
#20287 = AXIS2_PLACEMENT_3D('',#20288,#20289,#20290);
#20288 = CARTESIAN_POINT('',(617.5,572.,102.));
#20289 = DIRECTION('',(1.,0.,0.));
#20290 = DIRECTION('',(0.,0.,1.));
#20291 = ADVANCED_FACE('',(#20292),#20326,.T.);
#20292 = FACE_BOUND('',#20293,.T.);
#20293 = EDGE_LOOP('',(#20294,#20304,#20312,#20320));
#20294 = ORIENTED_EDGE('',*,*,#20295,.F.);
#20295 = EDGE_CURVE('',#20296,#20298,#20300,.T.);
#20296 = VERTEX_POINT('',#20297);
#20297 = CARTESIAN_POINT('',(625.,572.,102.));
#20298 = VERTEX_POINT('',#20299);
#20299 = CARTESIAN_POINT('',(625.,572.,117.));
#20300 = LINE('',#20301,#20302);
#20301 = CARTESIAN_POINT('',(625.,572.,102.));
#20302 = VECTOR('',#20303,1.);
#20303 = DIRECTION('',(0.,0.,1.));
#20304 = ORIENTED_EDGE('',*,*,#20305,.T.);
#20305 = EDGE_CURVE('',#20296,#20306,#20308,.T.);
#20306 = VERTEX_POINT('',#20307);
#20307 = CARTESIAN_POINT('',(625.,587.,102.));
#20308 = LINE('',#20309,#20310);
#20309 = CARTESIAN_POINT('',(625.,572.,102.));
#20310 = VECTOR('',#20311,1.);
#20311 = DIRECTION('',(0.,1.,0.));
#20312 = ORIENTED_EDGE('',*,*,#20313,.T.);
#20313 = EDGE_CURVE('',#20306,#20314,#20316,.T.);
#20314 = VERTEX_POINT('',#20315);
#20315 = CARTESIAN_POINT('',(625.,587.,117.));
#20316 = LINE('',#20317,#20318);
#20317 = CARTESIAN_POINT('',(625.,587.,102.));
#20318 = VECTOR('',#20319,1.);
#20319 = DIRECTION('',(0.,0.,1.));
#20320 = ORIENTED_EDGE('',*,*,#20321,.F.);
#20321 = EDGE_CURVE('',#20298,#20314,#20322,.T.);
#20322 = LINE('',#20323,#20324);
#20323 = CARTESIAN_POINT('',(625.,572.,117.));
#20324 = VECTOR('',#20325,1.);
#20325 = DIRECTION('',(0.,1.,0.));
#20326 = PLANE('',#20327);
#20327 = AXIS2_PLACEMENT_3D('',#20328,#20329,#20330);
#20328 = CARTESIAN_POINT('',(625.,572.,102.));
#20329 = DIRECTION('',(1.,0.,0.));
#20330 = DIRECTION('',(0.,0.,1.));
#20331 = ADVANCED_FACE('',(#20332),#20348,.F.);
#20332 = FACE_BOUND('',#20333,.F.);
#20333 = EDGE_LOOP('',(#20334,#20340,#20341,#20347));
#20334 = ORIENTED_EDGE('',*,*,#20335,.F.);
#20335 = EDGE_CURVE('',#20256,#20296,#20336,.T.);
#20336 = LINE('',#20337,#20338);
#20337 = CARTESIAN_POINT('',(617.5,572.,102.));
#20338 = VECTOR('',#20339,1.);
#20339 = DIRECTION('',(1.,0.,0.));
#20340 = ORIENTED_EDGE('',*,*,#20255,.T.);
#20341 = ORIENTED_EDGE('',*,*,#20342,.T.);
#20342 = EDGE_CURVE('',#20258,#20298,#20343,.T.);
#20343 = LINE('',#20344,#20345);
#20344 = CARTESIAN_POINT('',(617.5,572.,117.));
#20345 = VECTOR('',#20346,1.);
#20346 = DIRECTION('',(1.,0.,0.));
#20347 = ORIENTED_EDGE('',*,*,#20295,.F.);
#20348 = PLANE('',#20349);
#20349 = AXIS2_PLACEMENT_3D('',#20350,#20351,#20352);
#20350 = CARTESIAN_POINT('',(617.5,572.,102.));
#20351 = DIRECTION('',(0.,1.,0.));
#20352 = DIRECTION('',(0.,0.,1.));
#20353 = ADVANCED_FACE('',(#20354),#20370,.T.);
#20354 = FACE_BOUND('',#20355,.T.);
#20355 = EDGE_LOOP('',(#20356,#20362,#20363,#20369));
#20356 = ORIENTED_EDGE('',*,*,#20357,.F.);
#20357 = EDGE_CURVE('',#20266,#20306,#20358,.T.);
#20358 = LINE('',#20359,#20360);
#20359 = CARTESIAN_POINT('',(617.5,587.,102.));
#20360 = VECTOR('',#20361,1.);
#20361 = DIRECTION('',(1.,0.,0.));
#20362 = ORIENTED_EDGE('',*,*,#20273,.T.);
#20363 = ORIENTED_EDGE('',*,*,#20364,.T.);
#20364 = EDGE_CURVE('',#20274,#20314,#20365,.T.);
#20365 = LINE('',#20366,#20367);
#20366 = CARTESIAN_POINT('',(617.5,587.,117.));
#20367 = VECTOR('',#20368,1.);
#20368 = DIRECTION('',(1.,0.,0.));
#20369 = ORIENTED_EDGE('',*,*,#20313,.F.);
#20370 = PLANE('',#20371);
#20371 = AXIS2_PLACEMENT_3D('',#20372,#20373,#20374);
#20372 = CARTESIAN_POINT('',(617.5,587.,102.));
#20373 = DIRECTION('',(0.,1.,0.));
#20374 = DIRECTION('',(0.,0.,1.));
#20375 = ADVANCED_FACE('',(#20376),#20382,.F.);
#20376 = FACE_BOUND('',#20377,.F.);
#20377 = EDGE_LOOP('',(#20378,#20379,#20380,#20381));
#20378 = ORIENTED_EDGE('',*,*,#20265,.F.);
#20379 = ORIENTED_EDGE('',*,*,#20335,.T.);
#20380 = ORIENTED_EDGE('',*,*,#20305,.T.);
#20381 = ORIENTED_EDGE('',*,*,#20357,.F.);
#20382 = PLANE('',#20383);
#20383 = AXIS2_PLACEMENT_3D('',#20384,#20385,#20386);
#20384 = CARTESIAN_POINT('',(617.5,572.,102.));
#20385 = DIRECTION('',(0.,0.,1.));
#20386 = DIRECTION('',(1.,0.,0.));
#20387 = ADVANCED_FACE('',(#20388),#20394,.T.);
#20388 = FACE_BOUND('',#20389,.T.);
#20389 = EDGE_LOOP('',(#20390,#20391,#20392,#20393));
#20390 = ORIENTED_EDGE('',*,*,#20281,.F.);
#20391 = ORIENTED_EDGE('',*,*,#20342,.T.);
#20392 = ORIENTED_EDGE('',*,*,#20321,.T.);
#20393 = ORIENTED_EDGE('',*,*,#20364,.F.);
#20394 = PLANE('',#20395);
#20395 = AXIS2_PLACEMENT_3D('',#20396,#20397,#20398);
#20396 = CARTESIAN_POINT('',(617.5,572.,117.));
#20397 = DIRECTION('',(0.,0.,1.));
#20398 = DIRECTION('',(1.,0.,0.));
#20399 = MANIFOLD_SOLID_BREP('',#20400);
#20400 = CLOSED_SHELL('',(#20401,#20441,#20481,#20503,#20525,#20537));
#20401 = ADVANCED_FACE('',(#20402),#20436,.F.);
#20402 = FACE_BOUND('',#20403,.F.);
#20403 = EDGE_LOOP('',(#20404,#20414,#20422,#20430));
#20404 = ORIENTED_EDGE('',*,*,#20405,.F.);
#20405 = EDGE_CURVE('',#20406,#20408,#20410,.T.);
#20406 = VERTEX_POINT('',#20407);
#20407 = CARTESIAN_POINT('',(697.5,572.,102.));
#20408 = VERTEX_POINT('',#20409);
#20409 = CARTESIAN_POINT('',(697.5,572.,117.));
#20410 = LINE('',#20411,#20412);
#20411 = CARTESIAN_POINT('',(697.5,572.,102.));
#20412 = VECTOR('',#20413,1.);
#20413 = DIRECTION('',(0.,0.,1.));
#20414 = ORIENTED_EDGE('',*,*,#20415,.T.);
#20415 = EDGE_CURVE('',#20406,#20416,#20418,.T.);
#20416 = VERTEX_POINT('',#20417);
#20417 = CARTESIAN_POINT('',(697.5,587.,102.));
#20418 = LINE('',#20419,#20420);
#20419 = CARTESIAN_POINT('',(697.5,572.,102.));
#20420 = VECTOR('',#20421,1.);
#20421 = DIRECTION('',(0.,1.,0.));
#20422 = ORIENTED_EDGE('',*,*,#20423,.T.);
#20423 = EDGE_CURVE('',#20416,#20424,#20426,.T.);
#20424 = VERTEX_POINT('',#20425);
#20425 = CARTESIAN_POINT('',(697.5,587.,117.));
#20426 = LINE('',#20427,#20428);
#20427 = CARTESIAN_POINT('',(697.5,587.,102.));
#20428 = VECTOR('',#20429,1.);
#20429 = DIRECTION('',(0.,0.,1.));
#20430 = ORIENTED_EDGE('',*,*,#20431,.F.);
#20431 = EDGE_CURVE('',#20408,#20424,#20432,.T.);
#20432 = LINE('',#20433,#20434);
#20433 = CARTESIAN_POINT('',(697.5,572.,117.));
#20434 = VECTOR('',#20435,1.);
#20435 = DIRECTION('',(0.,1.,0.));
#20436 = PLANE('',#20437);
#20437 = AXIS2_PLACEMENT_3D('',#20438,#20439,#20440);
#20438 = CARTESIAN_POINT('',(697.5,572.,102.));
#20439 = DIRECTION('',(1.,0.,0.));
#20440 = DIRECTION('',(0.,0.,1.));
#20441 = ADVANCED_FACE('',(#20442),#20476,.T.);
#20442 = FACE_BOUND('',#20443,.T.);
#20443 = EDGE_LOOP('',(#20444,#20454,#20462,#20470));
#20444 = ORIENTED_EDGE('',*,*,#20445,.F.);
#20445 = EDGE_CURVE('',#20446,#20448,#20450,.T.);
#20446 = VERTEX_POINT('',#20447);
#20447 = CARTESIAN_POINT('',(705.,572.,102.));
#20448 = VERTEX_POINT('',#20449);
#20449 = CARTESIAN_POINT('',(705.,572.,117.));
#20450 = LINE('',#20451,#20452);
#20451 = CARTESIAN_POINT('',(705.,572.,102.));
#20452 = VECTOR('',#20453,1.);
#20453 = DIRECTION('',(0.,0.,1.));
#20454 = ORIENTED_EDGE('',*,*,#20455,.T.);
#20455 = EDGE_CURVE('',#20446,#20456,#20458,.T.);
#20456 = VERTEX_POINT('',#20457);
#20457 = CARTESIAN_POINT('',(705.,587.,102.));
#20458 = LINE('',#20459,#20460);
#20459 = CARTESIAN_POINT('',(705.,572.,102.));
#20460 = VECTOR('',#20461,1.);
#20461 = DIRECTION('',(0.,1.,0.));
#20462 = ORIENTED_EDGE('',*,*,#20463,.T.);
#20463 = EDGE_CURVE('',#20456,#20464,#20466,.T.);
#20464 = VERTEX_POINT('',#20465);
#20465 = CARTESIAN_POINT('',(705.,587.,117.));
#20466 = LINE('',#20467,#20468);
#20467 = CARTESIAN_POINT('',(705.,587.,102.));
#20468 = VECTOR('',#20469,1.);
#20469 = DIRECTION('',(0.,0.,1.));
#20470 = ORIENTED_EDGE('',*,*,#20471,.F.);
#20471 = EDGE_CURVE('',#20448,#20464,#20472,.T.);
#20472 = LINE('',#20473,#20474);
#20473 = CARTESIAN_POINT('',(705.,572.,117.));
#20474 = VECTOR('',#20475,1.);
#20475 = DIRECTION('',(0.,1.,0.));
#20476 = PLANE('',#20477);
#20477 = AXIS2_PLACEMENT_3D('',#20478,#20479,#20480);
#20478 = CARTESIAN_POINT('',(705.,572.,102.));
#20479 = DIRECTION('',(1.,0.,0.));
#20480 = DIRECTION('',(0.,0.,1.));
#20481 = ADVANCED_FACE('',(#20482),#20498,.F.);
#20482 = FACE_BOUND('',#20483,.F.);
#20483 = EDGE_LOOP('',(#20484,#20490,#20491,#20497));
#20484 = ORIENTED_EDGE('',*,*,#20485,.F.);
#20485 = EDGE_CURVE('',#20406,#20446,#20486,.T.);
#20486 = LINE('',#20487,#20488);
#20487 = CARTESIAN_POINT('',(697.5,572.,102.));
#20488 = VECTOR('',#20489,1.);
#20489 = DIRECTION('',(1.,0.,0.));
#20490 = ORIENTED_EDGE('',*,*,#20405,.T.);
#20491 = ORIENTED_EDGE('',*,*,#20492,.T.);
#20492 = EDGE_CURVE('',#20408,#20448,#20493,.T.);
#20493 = LINE('',#20494,#20495);
#20494 = CARTESIAN_POINT('',(697.5,572.,117.));
#20495 = VECTOR('',#20496,1.);
#20496 = DIRECTION('',(1.,0.,0.));
#20497 = ORIENTED_EDGE('',*,*,#20445,.F.);
#20498 = PLANE('',#20499);
#20499 = AXIS2_PLACEMENT_3D('',#20500,#20501,#20502);
#20500 = CARTESIAN_POINT('',(697.5,572.,102.));
#20501 = DIRECTION('',(0.,1.,0.));
#20502 = DIRECTION('',(0.,0.,1.));
#20503 = ADVANCED_FACE('',(#20504),#20520,.T.);
#20504 = FACE_BOUND('',#20505,.T.);
#20505 = EDGE_LOOP('',(#20506,#20512,#20513,#20519));
#20506 = ORIENTED_EDGE('',*,*,#20507,.F.);
#20507 = EDGE_CURVE('',#20416,#20456,#20508,.T.);
#20508 = LINE('',#20509,#20510);
#20509 = CARTESIAN_POINT('',(697.5,587.,102.));
#20510 = VECTOR('',#20511,1.);
#20511 = DIRECTION('',(1.,0.,0.));
#20512 = ORIENTED_EDGE('',*,*,#20423,.T.);
#20513 = ORIENTED_EDGE('',*,*,#20514,.T.);
#20514 = EDGE_CURVE('',#20424,#20464,#20515,.T.);
#20515 = LINE('',#20516,#20517);
#20516 = CARTESIAN_POINT('',(697.5,587.,117.));
#20517 = VECTOR('',#20518,1.);
#20518 = DIRECTION('',(1.,0.,0.));
#20519 = ORIENTED_EDGE('',*,*,#20463,.F.);
#20520 = PLANE('',#20521);
#20521 = AXIS2_PLACEMENT_3D('',#20522,#20523,#20524);
#20522 = CARTESIAN_POINT('',(697.5,587.,102.));
#20523 = DIRECTION('',(0.,1.,0.));
#20524 = DIRECTION('',(0.,0.,1.));
#20525 = ADVANCED_FACE('',(#20526),#20532,.F.);
#20526 = FACE_BOUND('',#20527,.F.);
#20527 = EDGE_LOOP('',(#20528,#20529,#20530,#20531));
#20528 = ORIENTED_EDGE('',*,*,#20415,.F.);
#20529 = ORIENTED_EDGE('',*,*,#20485,.T.);
#20530 = ORIENTED_EDGE('',*,*,#20455,.T.);
#20531 = ORIENTED_EDGE('',*,*,#20507,.F.);
#20532 = PLANE('',#20533);
#20533 = AXIS2_PLACEMENT_3D('',#20534,#20535,#20536);
#20534 = CARTESIAN_POINT('',(697.5,572.,102.));
#20535 = DIRECTION('',(0.,0.,1.));
#20536 = DIRECTION('',(1.,0.,0.));
#20537 = ADVANCED_FACE('',(#20538),#20544,.T.);
#20538 = FACE_BOUND('',#20539,.T.);
#20539 = EDGE_LOOP('',(#20540,#20541,#20542,#20543));
#20540 = ORIENTED_EDGE('',*,*,#20431,.F.);
#20541 = ORIENTED_EDGE('',*,*,#20492,.T.);
#20542 = ORIENTED_EDGE('',*,*,#20471,.T.);
#20543 = ORIENTED_EDGE('',*,*,#20514,.F.);
#20544 = PLANE('',#20545);
#20545 = AXIS2_PLACEMENT_3D('',#20546,#20547,#20548);
#20546 = CARTESIAN_POINT('',(697.5,572.,117.));
#20547 = DIRECTION('',(0.,0.,1.));
#20548 = DIRECTION('',(1.,0.,0.));
#20549 = MANIFOLD_SOLID_BREP('',#20550);
#20550 = CLOSED_SHELL('',(#20551,#20591,#20631,#20653,#20675,#20687));
#20551 = ADVANCED_FACE('',(#20552),#20586,.F.);
#20552 = FACE_BOUND('',#20553,.F.);
#20553 = EDGE_LOOP('',(#20554,#20564,#20572,#20580));
#20554 = ORIENTED_EDGE('',*,*,#20555,.F.);
#20555 = EDGE_CURVE('',#20556,#20558,#20560,.T.);
#20556 = VERTEX_POINT('',#20557);
#20557 = CARTESIAN_POINT('',(617.5,370.,102.));
#20558 = VERTEX_POINT('',#20559);
#20559 = CARTESIAN_POINT('',(617.5,370.,117.));
#20560 = LINE('',#20561,#20562);
#20561 = CARTESIAN_POINT('',(617.5,370.,102.));
#20562 = VECTOR('',#20563,1.);
#20563 = DIRECTION('',(0.,0.,1.));
#20564 = ORIENTED_EDGE('',*,*,#20565,.T.);
#20565 = EDGE_CURVE('',#20556,#20566,#20568,.T.);
#20566 = VERTEX_POINT('',#20567);
#20567 = CARTESIAN_POINT('',(617.5,385.,102.));
#20568 = LINE('',#20569,#20570);
#20569 = CARTESIAN_POINT('',(617.5,370.,102.));
#20570 = VECTOR('',#20571,1.);
#20571 = DIRECTION('',(0.,1.,0.));
#20572 = ORIENTED_EDGE('',*,*,#20573,.T.);
#20573 = EDGE_CURVE('',#20566,#20574,#20576,.T.);
#20574 = VERTEX_POINT('',#20575);
#20575 = CARTESIAN_POINT('',(617.5,385.,117.));
#20576 = LINE('',#20577,#20578);
#20577 = CARTESIAN_POINT('',(617.5,385.,102.));
#20578 = VECTOR('',#20579,1.);
#20579 = DIRECTION('',(0.,0.,1.));
#20580 = ORIENTED_EDGE('',*,*,#20581,.F.);
#20581 = EDGE_CURVE('',#20558,#20574,#20582,.T.);
#20582 = LINE('',#20583,#20584);
#20583 = CARTESIAN_POINT('',(617.5,370.,117.));
#20584 = VECTOR('',#20585,1.);
#20585 = DIRECTION('',(0.,1.,0.));
#20586 = PLANE('',#20587);
#20587 = AXIS2_PLACEMENT_3D('',#20588,#20589,#20590);
#20588 = CARTESIAN_POINT('',(617.5,370.,102.));
#20589 = DIRECTION('',(1.,0.,0.));
#20590 = DIRECTION('',(0.,0.,1.));
#20591 = ADVANCED_FACE('',(#20592),#20626,.T.);
#20592 = FACE_BOUND('',#20593,.T.);
#20593 = EDGE_LOOP('',(#20594,#20604,#20612,#20620));
#20594 = ORIENTED_EDGE('',*,*,#20595,.F.);
#20595 = EDGE_CURVE('',#20596,#20598,#20600,.T.);
#20596 = VERTEX_POINT('',#20597);
#20597 = CARTESIAN_POINT('',(625.,370.,102.));
#20598 = VERTEX_POINT('',#20599);
#20599 = CARTESIAN_POINT('',(625.,370.,117.));
#20600 = LINE('',#20601,#20602);
#20601 = CARTESIAN_POINT('',(625.,370.,102.));
#20602 = VECTOR('',#20603,1.);
#20603 = DIRECTION('',(0.,0.,1.));
#20604 = ORIENTED_EDGE('',*,*,#20605,.T.);
#20605 = EDGE_CURVE('',#20596,#20606,#20608,.T.);
#20606 = VERTEX_POINT('',#20607);
#20607 = CARTESIAN_POINT('',(625.,385.,102.));
#20608 = LINE('',#20609,#20610);
#20609 = CARTESIAN_POINT('',(625.,370.,102.));
#20610 = VECTOR('',#20611,1.);
#20611 = DIRECTION('',(0.,1.,0.));
#20612 = ORIENTED_EDGE('',*,*,#20613,.T.);
#20613 = EDGE_CURVE('',#20606,#20614,#20616,.T.);
#20614 = VERTEX_POINT('',#20615);
#20615 = CARTESIAN_POINT('',(625.,385.,117.));
#20616 = LINE('',#20617,#20618);
#20617 = CARTESIAN_POINT('',(625.,385.,102.));
#20618 = VECTOR('',#20619,1.);
#20619 = DIRECTION('',(0.,0.,1.));
#20620 = ORIENTED_EDGE('',*,*,#20621,.F.);
#20621 = EDGE_CURVE('',#20598,#20614,#20622,.T.);
#20622 = LINE('',#20623,#20624);
#20623 = CARTESIAN_POINT('',(625.,370.,117.));
#20624 = VECTOR('',#20625,1.);
#20625 = DIRECTION('',(0.,1.,0.));
#20626 = PLANE('',#20627);
#20627 = AXIS2_PLACEMENT_3D('',#20628,#20629,#20630);
#20628 = CARTESIAN_POINT('',(625.,370.,102.));
#20629 = DIRECTION('',(1.,0.,0.));
#20630 = DIRECTION('',(0.,0.,1.));
#20631 = ADVANCED_FACE('',(#20632),#20648,.F.);
#20632 = FACE_BOUND('',#20633,.F.);
#20633 = EDGE_LOOP('',(#20634,#20640,#20641,#20647));
#20634 = ORIENTED_EDGE('',*,*,#20635,.F.);
#20635 = EDGE_CURVE('',#20556,#20596,#20636,.T.);
#20636 = LINE('',#20637,#20638);
#20637 = CARTESIAN_POINT('',(617.5,370.,102.));
#20638 = VECTOR('',#20639,1.);
#20639 = DIRECTION('',(1.,0.,0.));
#20640 = ORIENTED_EDGE('',*,*,#20555,.T.);
#20641 = ORIENTED_EDGE('',*,*,#20642,.T.);
#20642 = EDGE_CURVE('',#20558,#20598,#20643,.T.);
#20643 = LINE('',#20644,#20645);
#20644 = CARTESIAN_POINT('',(617.5,370.,117.));
#20645 = VECTOR('',#20646,1.);
#20646 = DIRECTION('',(1.,0.,0.));
#20647 = ORIENTED_EDGE('',*,*,#20595,.F.);
#20648 = PLANE('',#20649);
#20649 = AXIS2_PLACEMENT_3D('',#20650,#20651,#20652);
#20650 = CARTESIAN_POINT('',(617.5,370.,102.));
#20651 = DIRECTION('',(0.,1.,0.));
#20652 = DIRECTION('',(0.,0.,1.));
#20653 = ADVANCED_FACE('',(#20654),#20670,.T.);
#20654 = FACE_BOUND('',#20655,.T.);
#20655 = EDGE_LOOP('',(#20656,#20662,#20663,#20669));
#20656 = ORIENTED_EDGE('',*,*,#20657,.F.);
#20657 = EDGE_CURVE('',#20566,#20606,#20658,.T.);
#20658 = LINE('',#20659,#20660);
#20659 = CARTESIAN_POINT('',(617.5,385.,102.));
#20660 = VECTOR('',#20661,1.);
#20661 = DIRECTION('',(1.,0.,0.));
#20662 = ORIENTED_EDGE('',*,*,#20573,.T.);
#20663 = ORIENTED_EDGE('',*,*,#20664,.T.);
#20664 = EDGE_CURVE('',#20574,#20614,#20665,.T.);
#20665 = LINE('',#20666,#20667);
#20666 = CARTESIAN_POINT('',(617.5,385.,117.));
#20667 = VECTOR('',#20668,1.);
#20668 = DIRECTION('',(1.,0.,0.));
#20669 = ORIENTED_EDGE('',*,*,#20613,.F.);
#20670 = PLANE('',#20671);
#20671 = AXIS2_PLACEMENT_3D('',#20672,#20673,#20674);
#20672 = CARTESIAN_POINT('',(617.5,385.,102.));
#20673 = DIRECTION('',(0.,1.,0.));
#20674 = DIRECTION('',(0.,0.,1.));
#20675 = ADVANCED_FACE('',(#20676),#20682,.F.);
#20676 = FACE_BOUND('',#20677,.F.);
#20677 = EDGE_LOOP('',(#20678,#20679,#20680,#20681));
#20678 = ORIENTED_EDGE('',*,*,#20565,.F.);
#20679 = ORIENTED_EDGE('',*,*,#20635,.T.);
#20680 = ORIENTED_EDGE('',*,*,#20605,.T.);
#20681 = ORIENTED_EDGE('',*,*,#20657,.F.);
#20682 = PLANE('',#20683);
#20683 = AXIS2_PLACEMENT_3D('',#20684,#20685,#20686);
#20684 = CARTESIAN_POINT('',(617.5,370.,102.));
#20685 = DIRECTION('',(0.,0.,1.));
#20686 = DIRECTION('',(1.,0.,0.));
#20687 = ADVANCED_FACE('',(#20688),#20694,.T.);
#20688 = FACE_BOUND('',#20689,.T.);
#20689 = EDGE_LOOP('',(#20690,#20691,#20692,#20693));
#20690 = ORIENTED_EDGE('',*,*,#20581,.F.);
#20691 = ORIENTED_EDGE('',*,*,#20642,.T.);
#20692 = ORIENTED_EDGE('',*,*,#20621,.T.);
#20693 = ORIENTED_EDGE('',*,*,#20664,.F.);
#20694 = PLANE('',#20695);
#20695 = AXIS2_PLACEMENT_3D('',#20696,#20697,#20698);
#20696 = CARTESIAN_POINT('',(617.5,370.,117.));
#20697 = DIRECTION('',(0.,0.,1.));
#20698 = DIRECTION('',(1.,0.,0.));
#20699 = MANIFOLD_SOLID_BREP('',#20700);
#20700 = CLOSED_SHELL('',(#20701,#20741,#20781,#20803,#20825,#20837));
#20701 = ADVANCED_FACE('',(#20702),#20736,.F.);
#20702 = FACE_BOUND('',#20703,.F.);
#20703 = EDGE_LOOP('',(#20704,#20714,#20722,#20730));
#20704 = ORIENTED_EDGE('',*,*,#20705,.F.);
#20705 = EDGE_CURVE('',#20706,#20708,#20710,.T.);
#20706 = VERTEX_POINT('',#20707);
#20707 = CARTESIAN_POINT('',(617.5,370.,117.));
#20708 = VERTEX_POINT('',#20709);
#20709 = CARTESIAN_POINT('',(617.5,370.,132.));
#20710 = LINE('',#20711,#20712);
#20711 = CARTESIAN_POINT('',(617.5,370.,117.));
#20712 = VECTOR('',#20713,1.);
#20713 = DIRECTION('',(0.,0.,1.));
#20714 = ORIENTED_EDGE('',*,*,#20715,.T.);
#20715 = EDGE_CURVE('',#20706,#20716,#20718,.T.);
#20716 = VERTEX_POINT('',#20717);
#20717 = CARTESIAN_POINT('',(617.5,385.,117.));
#20718 = LINE('',#20719,#20720);
#20719 = CARTESIAN_POINT('',(617.5,370.,117.));
#20720 = VECTOR('',#20721,1.);
#20721 = DIRECTION('',(0.,1.,0.));
#20722 = ORIENTED_EDGE('',*,*,#20723,.T.);
#20723 = EDGE_CURVE('',#20716,#20724,#20726,.T.);
#20724 = VERTEX_POINT('',#20725);
#20725 = CARTESIAN_POINT('',(617.5,385.,132.));
#20726 = LINE('',#20727,#20728);
#20727 = CARTESIAN_POINT('',(617.5,385.,117.));
#20728 = VECTOR('',#20729,1.);
#20729 = DIRECTION('',(0.,0.,1.));
#20730 = ORIENTED_EDGE('',*,*,#20731,.F.);
#20731 = EDGE_CURVE('',#20708,#20724,#20732,.T.);
#20732 = LINE('',#20733,#20734);
#20733 = CARTESIAN_POINT('',(617.5,370.,132.));
#20734 = VECTOR('',#20735,1.);
#20735 = DIRECTION('',(0.,1.,0.));
#20736 = PLANE('',#20737);
#20737 = AXIS2_PLACEMENT_3D('',#20738,#20739,#20740);
#20738 = CARTESIAN_POINT('',(617.5,370.,117.));
#20739 = DIRECTION('',(1.,0.,0.));
#20740 = DIRECTION('',(0.,0.,1.));
#20741 = ADVANCED_FACE('',(#20742),#20776,.T.);
#20742 = FACE_BOUND('',#20743,.T.);
#20743 = EDGE_LOOP('',(#20744,#20754,#20762,#20770));
#20744 = ORIENTED_EDGE('',*,*,#20745,.F.);
#20745 = EDGE_CURVE('',#20746,#20748,#20750,.T.);
#20746 = VERTEX_POINT('',#20747);
#20747 = CARTESIAN_POINT('',(625.,370.,117.));
#20748 = VERTEX_POINT('',#20749);
#20749 = CARTESIAN_POINT('',(625.,370.,132.));
#20750 = LINE('',#20751,#20752);
#20751 = CARTESIAN_POINT('',(625.,370.,117.));
#20752 = VECTOR('',#20753,1.);
#20753 = DIRECTION('',(0.,0.,1.));
#20754 = ORIENTED_EDGE('',*,*,#20755,.T.);
#20755 = EDGE_CURVE('',#20746,#20756,#20758,.T.);
#20756 = VERTEX_POINT('',#20757);
#20757 = CARTESIAN_POINT('',(625.,385.,117.));
#20758 = LINE('',#20759,#20760);
#20759 = CARTESIAN_POINT('',(625.,370.,117.));
#20760 = VECTOR('',#20761,1.);
#20761 = DIRECTION('',(0.,1.,0.));
#20762 = ORIENTED_EDGE('',*,*,#20763,.T.);
#20763 = EDGE_CURVE('',#20756,#20764,#20766,.T.);
#20764 = VERTEX_POINT('',#20765);
#20765 = CARTESIAN_POINT('',(625.,385.,132.));
#20766 = LINE('',#20767,#20768);
#20767 = CARTESIAN_POINT('',(625.,385.,117.));
#20768 = VECTOR('',#20769,1.);
#20769 = DIRECTION('',(0.,0.,1.));
#20770 = ORIENTED_EDGE('',*,*,#20771,.F.);
#20771 = EDGE_CURVE('',#20748,#20764,#20772,.T.);
#20772 = LINE('',#20773,#20774);
#20773 = CARTESIAN_POINT('',(625.,370.,132.));
#20774 = VECTOR('',#20775,1.);
#20775 = DIRECTION('',(0.,1.,0.));
#20776 = PLANE('',#20777);
#20777 = AXIS2_PLACEMENT_3D('',#20778,#20779,#20780);
#20778 = CARTESIAN_POINT('',(625.,370.,117.));
#20779 = DIRECTION('',(1.,0.,0.));
#20780 = DIRECTION('',(0.,0.,1.));
#20781 = ADVANCED_FACE('',(#20782),#20798,.F.);
#20782 = FACE_BOUND('',#20783,.F.);
#20783 = EDGE_LOOP('',(#20784,#20790,#20791,#20797));
#20784 = ORIENTED_EDGE('',*,*,#20785,.F.);
#20785 = EDGE_CURVE('',#20706,#20746,#20786,.T.);
#20786 = LINE('',#20787,#20788);
#20787 = CARTESIAN_POINT('',(617.5,370.,117.));
#20788 = VECTOR('',#20789,1.);
#20789 = DIRECTION('',(1.,0.,0.));
#20790 = ORIENTED_EDGE('',*,*,#20705,.T.);
#20791 = ORIENTED_EDGE('',*,*,#20792,.T.);
#20792 = EDGE_CURVE('',#20708,#20748,#20793,.T.);
#20793 = LINE('',#20794,#20795);
#20794 = CARTESIAN_POINT('',(617.5,370.,132.));
#20795 = VECTOR('',#20796,1.);
#20796 = DIRECTION('',(1.,0.,0.));
#20797 = ORIENTED_EDGE('',*,*,#20745,.F.);
#20798 = PLANE('',#20799);
#20799 = AXIS2_PLACEMENT_3D('',#20800,#20801,#20802);
#20800 = CARTESIAN_POINT('',(617.5,370.,117.));
#20801 = DIRECTION('',(0.,1.,0.));
#20802 = DIRECTION('',(0.,0.,1.));
#20803 = ADVANCED_FACE('',(#20804),#20820,.T.);
#20804 = FACE_BOUND('',#20805,.T.);
#20805 = EDGE_LOOP('',(#20806,#20812,#20813,#20819));
#20806 = ORIENTED_EDGE('',*,*,#20807,.F.);
#20807 = EDGE_CURVE('',#20716,#20756,#20808,.T.);
#20808 = LINE('',#20809,#20810);
#20809 = CARTESIAN_POINT('',(617.5,385.,117.));
#20810 = VECTOR('',#20811,1.);
#20811 = DIRECTION('',(1.,0.,0.));
#20812 = ORIENTED_EDGE('',*,*,#20723,.T.);
#20813 = ORIENTED_EDGE('',*,*,#20814,.T.);
#20814 = EDGE_CURVE('',#20724,#20764,#20815,.T.);
#20815 = LINE('',#20816,#20817);
#20816 = CARTESIAN_POINT('',(617.5,385.,132.));
#20817 = VECTOR('',#20818,1.);
#20818 = DIRECTION('',(1.,0.,0.));
#20819 = ORIENTED_EDGE('',*,*,#20763,.F.);
#20820 = PLANE('',#20821);
#20821 = AXIS2_PLACEMENT_3D('',#20822,#20823,#20824);
#20822 = CARTESIAN_POINT('',(617.5,385.,117.));
#20823 = DIRECTION('',(0.,1.,0.));
#20824 = DIRECTION('',(0.,0.,1.));
#20825 = ADVANCED_FACE('',(#20826),#20832,.F.);
#20826 = FACE_BOUND('',#20827,.F.);
#20827 = EDGE_LOOP('',(#20828,#20829,#20830,#20831));
#20828 = ORIENTED_EDGE('',*,*,#20715,.F.);
#20829 = ORIENTED_EDGE('',*,*,#20785,.T.);
#20830 = ORIENTED_EDGE('',*,*,#20755,.T.);
#20831 = ORIENTED_EDGE('',*,*,#20807,.F.);
#20832 = PLANE('',#20833);
#20833 = AXIS2_PLACEMENT_3D('',#20834,#20835,#20836);
#20834 = CARTESIAN_POINT('',(617.5,370.,117.));
#20835 = DIRECTION('',(0.,0.,1.));
#20836 = DIRECTION('',(1.,0.,0.));
#20837 = ADVANCED_FACE('',(#20838),#20844,.T.);
#20838 = FACE_BOUND('',#20839,.T.);
#20839 = EDGE_LOOP('',(#20840,#20841,#20842,#20843));
#20840 = ORIENTED_EDGE('',*,*,#20731,.F.);
#20841 = ORIENTED_EDGE('',*,*,#20792,.T.);
#20842 = ORIENTED_EDGE('',*,*,#20771,.T.);
#20843 = ORIENTED_EDGE('',*,*,#20814,.F.);
#20844 = PLANE('',#20845);
#20845 = AXIS2_PLACEMENT_3D('',#20846,#20847,#20848);
#20846 = CARTESIAN_POINT('',(617.5,370.,132.));
#20847 = DIRECTION('',(0.,0.,1.));
#20848 = DIRECTION('',(1.,0.,0.));
#20849 = MANIFOLD_SOLID_BREP('',#20850);
#20850 = CLOSED_SHELL('',(#20851,#20891,#20931,#20953,#20975,#20987));
#20851 = ADVANCED_FACE('',(#20852),#20886,.F.);
#20852 = FACE_BOUND('',#20853,.F.);
#20853 = EDGE_LOOP('',(#20854,#20864,#20872,#20880));
#20854 = ORIENTED_EDGE('',*,*,#20855,.F.);
#20855 = EDGE_CURVE('',#20856,#20858,#20860,.T.);
#20856 = VERTEX_POINT('',#20857);
#20857 = CARTESIAN_POINT('',(20.,20.,0.));
#20858 = VERTEX_POINT('',#20859);
#20859 = CARTESIAN_POINT('',(20.,20.,8.));
#20860 = LINE('',#20861,#20862);
#20861 = CARTESIAN_POINT('',(20.,20.,0.));
#20862 = VECTOR('',#20863,1.);
#20863 = DIRECTION('',(0.,0.,1.));
#20864 = ORIENTED_EDGE('',*,*,#20865,.T.);
#20865 = EDGE_CURVE('',#20856,#20866,#20868,.T.);
#20866 = VERTEX_POINT('',#20867);
#20867 = CARTESIAN_POINT('',(20.,95.,0.));
#20868 = LINE('',#20869,#20870);
#20869 = CARTESIAN_POINT('',(20.,20.,0.));
#20870 = VECTOR('',#20871,1.);
#20871 = DIRECTION('',(0.,1.,0.));
#20872 = ORIENTED_EDGE('',*,*,#20873,.T.);
#20873 = EDGE_CURVE('',#20866,#20874,#20876,.T.);
#20874 = VERTEX_POINT('',#20875);
#20875 = CARTESIAN_POINT('',(20.,95.,8.));
#20876 = LINE('',#20877,#20878);
#20877 = CARTESIAN_POINT('',(20.,95.,0.));
#20878 = VECTOR('',#20879,1.);
#20879 = DIRECTION('',(0.,0.,1.));
#20880 = ORIENTED_EDGE('',*,*,#20881,.F.);
#20881 = EDGE_CURVE('',#20858,#20874,#20882,.T.);
#20882 = LINE('',#20883,#20884);
#20883 = CARTESIAN_POINT('',(20.,20.,8.));
#20884 = VECTOR('',#20885,1.);
#20885 = DIRECTION('',(0.,1.,0.));
#20886 = PLANE('',#20887);
#20887 = AXIS2_PLACEMENT_3D('',#20888,#20889,#20890);
#20888 = CARTESIAN_POINT('',(20.,20.,0.));
#20889 = DIRECTION('',(1.,0.,0.));
#20890 = DIRECTION('',(0.,0.,1.));
#20891 = ADVANCED_FACE('',(#20892),#20926,.T.);
#20892 = FACE_BOUND('',#20893,.T.);
#20893 = EDGE_LOOP('',(#20894,#20904,#20912,#20920));
#20894 = ORIENTED_EDGE('',*,*,#20895,.F.);
#20895 = EDGE_CURVE('',#20896,#20898,#20900,.T.);
#20896 = VERTEX_POINT('',#20897);
#20897 = CARTESIAN_POINT('',(130.,20.,0.));
#20898 = VERTEX_POINT('',#20899);
#20899 = CARTESIAN_POINT('',(130.,20.,8.));
#20900 = LINE('',#20901,#20902);
#20901 = CARTESIAN_POINT('',(130.,20.,0.));
#20902 = VECTOR('',#20903,1.);
#20903 = DIRECTION('',(0.,0.,1.));
#20904 = ORIENTED_EDGE('',*,*,#20905,.T.);
#20905 = EDGE_CURVE('',#20896,#20906,#20908,.T.);
#20906 = VERTEX_POINT('',#20907);
#20907 = CARTESIAN_POINT('',(130.,95.,0.));
#20908 = LINE('',#20909,#20910);
#20909 = CARTESIAN_POINT('',(130.,20.,0.));
#20910 = VECTOR('',#20911,1.);
#20911 = DIRECTION('',(0.,1.,0.));
#20912 = ORIENTED_EDGE('',*,*,#20913,.T.);
#20913 = EDGE_CURVE('',#20906,#20914,#20916,.T.);
#20914 = VERTEX_POINT('',#20915);
#20915 = CARTESIAN_POINT('',(130.,95.,8.));
#20916 = LINE('',#20917,#20918);
#20917 = CARTESIAN_POINT('',(130.,95.,0.));
#20918 = VECTOR('',#20919,1.);
#20919 = DIRECTION('',(0.,0.,1.));
#20920 = ORIENTED_EDGE('',*,*,#20921,.F.);
#20921 = EDGE_CURVE('',#20898,#20914,#20922,.T.);
#20922 = LINE('',#20923,#20924);
#20923 = CARTESIAN_POINT('',(130.,20.,8.));
#20924 = VECTOR('',#20925,1.);
#20925 = DIRECTION('',(0.,1.,0.));
#20926 = PLANE('',#20927);
#20927 = AXIS2_PLACEMENT_3D('',#20928,#20929,#20930);
#20928 = CARTESIAN_POINT('',(130.,20.,0.));
#20929 = DIRECTION('',(1.,0.,0.));
#20930 = DIRECTION('',(0.,0.,1.));
#20931 = ADVANCED_FACE('',(#20932),#20948,.F.);
#20932 = FACE_BOUND('',#20933,.F.);
#20933 = EDGE_LOOP('',(#20934,#20940,#20941,#20947));
#20934 = ORIENTED_EDGE('',*,*,#20935,.F.);
#20935 = EDGE_CURVE('',#20856,#20896,#20936,.T.);
#20936 = LINE('',#20937,#20938);
#20937 = CARTESIAN_POINT('',(20.,20.,0.));
#20938 = VECTOR('',#20939,1.);
#20939 = DIRECTION('',(1.,0.,0.));
#20940 = ORIENTED_EDGE('',*,*,#20855,.T.);
#20941 = ORIENTED_EDGE('',*,*,#20942,.T.);
#20942 = EDGE_CURVE('',#20858,#20898,#20943,.T.);
#20943 = LINE('',#20944,#20945);
#20944 = CARTESIAN_POINT('',(20.,20.,8.));
#20945 = VECTOR('',#20946,1.);
#20946 = DIRECTION('',(1.,0.,0.));
#20947 = ORIENTED_EDGE('',*,*,#20895,.F.);
#20948 = PLANE('',#20949);
#20949 = AXIS2_PLACEMENT_3D('',#20950,#20951,#20952);
#20950 = CARTESIAN_POINT('',(20.,20.,0.));
#20951 = DIRECTION('',(0.,1.,0.));
#20952 = DIRECTION('',(0.,0.,1.));
#20953 = ADVANCED_FACE('',(#20954),#20970,.T.);
#20954 = FACE_BOUND('',#20955,.T.);
#20955 = EDGE_LOOP('',(#20956,#20962,#20963,#20969));
#20956 = ORIENTED_EDGE('',*,*,#20957,.F.);
#20957 = EDGE_CURVE('',#20866,#20906,#20958,.T.);
#20958 = LINE('',#20959,#20960);
#20959 = CARTESIAN_POINT('',(20.,95.,0.));
#20960 = VECTOR('',#20961,1.);
#20961 = DIRECTION('',(1.,0.,0.));
#20962 = ORIENTED_EDGE('',*,*,#20873,.T.);
#20963 = ORIENTED_EDGE('',*,*,#20964,.T.);
#20964 = EDGE_CURVE('',#20874,#20914,#20965,.T.);
#20965 = LINE('',#20966,#20967);
#20966 = CARTESIAN_POINT('',(20.,95.,8.));
#20967 = VECTOR('',#20968,1.);
#20968 = DIRECTION('',(1.,0.,0.));
#20969 = ORIENTED_EDGE('',*,*,#20913,.F.);
#20970 = PLANE('',#20971);
#20971 = AXIS2_PLACEMENT_3D('',#20972,#20973,#20974);
#20972 = CARTESIAN_POINT('',(20.,95.,0.));
#20973 = DIRECTION('',(0.,1.,0.));
#20974 = DIRECTION('',(0.,0.,1.));
#20975 = ADVANCED_FACE('',(#20976),#20982,.F.);
#20976 = FACE_BOUND('',#20977,.F.);
#20977 = EDGE_LOOP('',(#20978,#20979,#20980,#20981));
#20978 = ORIENTED_EDGE('',*,*,#20865,.F.);
#20979 = ORIENTED_EDGE('',*,*,#20935,.T.);
#20980 = ORIENTED_EDGE('',*,*,#20905,.T.);
#20981 = ORIENTED_EDGE('',*,*,#20957,.F.);
#20982 = PLANE('',#20983);
#20983 = AXIS2_PLACEMENT_3D('',#20984,#20985,#20986);
#20984 = CARTESIAN_POINT('',(20.,20.,0.));
#20985 = DIRECTION('',(0.,0.,1.));
#20986 = DIRECTION('',(1.,0.,0.));
#20987 = ADVANCED_FACE('',(#20988),#20994,.T.);
#20988 = FACE_BOUND('',#20989,.T.);
#20989 = EDGE_LOOP('',(#20990,#20991,#20992,#20993));
#20990 = ORIENTED_EDGE('',*,*,#20881,.F.);
#20991 = ORIENTED_EDGE('',*,*,#20942,.T.);
#20992 = ORIENTED_EDGE('',*,*,#20921,.T.);
#20993 = ORIENTED_EDGE('',*,*,#20964,.F.);
#20994 = PLANE('',#20995);
#20995 = AXIS2_PLACEMENT_3D('',#20996,#20997,#20998);
#20996 = CARTESIAN_POINT('',(20.,20.,8.));
#20997 = DIRECTION('',(0.,0.,1.));
#20998 = DIRECTION('',(1.,0.,0.));
#20999 = MANIFOLD_SOLID_BREP('',#21000);
#21000 = CLOSED_SHELL('',(#21001,#21041,#21081,#21103,#21125,#21137));
#21001 = ADVANCED_FACE('',(#21002),#21036,.F.);
#21002 = FACE_BOUND('',#21003,.F.);
#21003 = EDGE_LOOP('',(#21004,#21014,#21022,#21030));
#21004 = ORIENTED_EDGE('',*,*,#21005,.F.);
#21005 = EDGE_CURVE('',#21006,#21008,#21010,.T.);
#21006 = VERTEX_POINT('',#21007);
#21007 = CARTESIAN_POINT('',(150.,20.,0.));
#21008 = VERTEX_POINT('',#21009);
#21009 = CARTESIAN_POINT('',(150.,20.,25.));
#21010 = LINE('',#21011,#21012);
#21011 = CARTESIAN_POINT('',(150.,20.,0.));
#21012 = VECTOR('',#21013,1.);
#21013 = DIRECTION('',(0.,0.,1.));
#21014 = ORIENTED_EDGE('',*,*,#21015,.T.);
#21015 = EDGE_CURVE('',#21006,#21016,#21018,.T.);
#21016 = VERTEX_POINT('',#21017);
#21017 = CARTESIAN_POINT('',(150.,50.,0.));
#21018 = LINE('',#21019,#21020);
#21019 = CARTESIAN_POINT('',(150.,20.,0.));
#21020 = VECTOR('',#21021,1.);
#21021 = DIRECTION('',(0.,1.,0.));
#21022 = ORIENTED_EDGE('',*,*,#21023,.T.);
#21023 = EDGE_CURVE('',#21016,#21024,#21026,.T.);
#21024 = VERTEX_POINT('',#21025);
#21025 = CARTESIAN_POINT('',(150.,50.,25.));
#21026 = LINE('',#21027,#21028);
#21027 = CARTESIAN_POINT('',(150.,50.,0.));
#21028 = VECTOR('',#21029,1.);
#21029 = DIRECTION('',(0.,0.,1.));
#21030 = ORIENTED_EDGE('',*,*,#21031,.F.);
#21031 = EDGE_CURVE('',#21008,#21024,#21032,.T.);
#21032 = LINE('',#21033,#21034);
#21033 = CARTESIAN_POINT('',(150.,20.,25.));
#21034 = VECTOR('',#21035,1.);
#21035 = DIRECTION('',(0.,1.,0.));
#21036 = PLANE('',#21037);
#21037 = AXIS2_PLACEMENT_3D('',#21038,#21039,#21040);
#21038 = CARTESIAN_POINT('',(150.,20.,0.));
#21039 = DIRECTION('',(1.,0.,0.));
#21040 = DIRECTION('',(0.,0.,1.));
#21041 = ADVANCED_FACE('',(#21042),#21076,.T.);
#21042 = FACE_BOUND('',#21043,.T.);
#21043 = EDGE_LOOP('',(#21044,#21054,#21062,#21070));
#21044 = ORIENTED_EDGE('',*,*,#21045,.F.);
#21045 = EDGE_CURVE('',#21046,#21048,#21050,.T.);
#21046 = VERTEX_POINT('',#21047);
#21047 = CARTESIAN_POINT('',(210.,20.,0.));
#21048 = VERTEX_POINT('',#21049);
#21049 = CARTESIAN_POINT('',(210.,20.,25.));
#21050 = LINE('',#21051,#21052);
#21051 = CARTESIAN_POINT('',(210.,20.,0.));
#21052 = VECTOR('',#21053,1.);
#21053 = DIRECTION('',(0.,0.,1.));
#21054 = ORIENTED_EDGE('',*,*,#21055,.T.);
#21055 = EDGE_CURVE('',#21046,#21056,#21058,.T.);
#21056 = VERTEX_POINT('',#21057);
#21057 = CARTESIAN_POINT('',(210.,50.,0.));
#21058 = LINE('',#21059,#21060);
#21059 = CARTESIAN_POINT('',(210.,20.,0.));
#21060 = VECTOR('',#21061,1.);
#21061 = DIRECTION('',(0.,1.,0.));
#21062 = ORIENTED_EDGE('',*,*,#21063,.T.);
#21063 = EDGE_CURVE('',#21056,#21064,#21066,.T.);
#21064 = VERTEX_POINT('',#21065);
#21065 = CARTESIAN_POINT('',(210.,50.,25.));
#21066 = LINE('',#21067,#21068);
#21067 = CARTESIAN_POINT('',(210.,50.,0.));
#21068 = VECTOR('',#21069,1.);
#21069 = DIRECTION('',(0.,0.,1.));
#21070 = ORIENTED_EDGE('',*,*,#21071,.F.);
#21071 = EDGE_CURVE('',#21048,#21064,#21072,.T.);
#21072 = LINE('',#21073,#21074);
#21073 = CARTESIAN_POINT('',(210.,20.,25.));
#21074 = VECTOR('',#21075,1.);
#21075 = DIRECTION('',(0.,1.,0.));
#21076 = PLANE('',#21077);
#21077 = AXIS2_PLACEMENT_3D('',#21078,#21079,#21080);
#21078 = CARTESIAN_POINT('',(210.,20.,0.));
#21079 = DIRECTION('',(1.,0.,0.));
#21080 = DIRECTION('',(0.,0.,1.));
#21081 = ADVANCED_FACE('',(#21082),#21098,.F.);
#21082 = FACE_BOUND('',#21083,.F.);
#21083 = EDGE_LOOP('',(#21084,#21090,#21091,#21097));
#21084 = ORIENTED_EDGE('',*,*,#21085,.F.);
#21085 = EDGE_CURVE('',#21006,#21046,#21086,.T.);
#21086 = LINE('',#21087,#21088);
#21087 = CARTESIAN_POINT('',(150.,20.,0.));
#21088 = VECTOR('',#21089,1.);
#21089 = DIRECTION('',(1.,0.,0.));
#21090 = ORIENTED_EDGE('',*,*,#21005,.T.);
#21091 = ORIENTED_EDGE('',*,*,#21092,.T.);
#21092 = EDGE_CURVE('',#21008,#21048,#21093,.T.);
#21093 = LINE('',#21094,#21095);
#21094 = CARTESIAN_POINT('',(150.,20.,25.));
#21095 = VECTOR('',#21096,1.);
#21096 = DIRECTION('',(1.,0.,0.));
#21097 = ORIENTED_EDGE('',*,*,#21045,.F.);
#21098 = PLANE('',#21099);
#21099 = AXIS2_PLACEMENT_3D('',#21100,#21101,#21102);
#21100 = CARTESIAN_POINT('',(150.,20.,0.));
#21101 = DIRECTION('',(0.,1.,0.));
#21102 = DIRECTION('',(0.,0.,1.));
#21103 = ADVANCED_FACE('',(#21104),#21120,.T.);
#21104 = FACE_BOUND('',#21105,.T.);
#21105 = EDGE_LOOP('',(#21106,#21112,#21113,#21119));
#21106 = ORIENTED_EDGE('',*,*,#21107,.F.);
#21107 = EDGE_CURVE('',#21016,#21056,#21108,.T.);
#21108 = LINE('',#21109,#21110);
#21109 = CARTESIAN_POINT('',(150.,50.,0.));
#21110 = VECTOR('',#21111,1.);
#21111 = DIRECTION('',(1.,0.,0.));
#21112 = ORIENTED_EDGE('',*,*,#21023,.T.);
#21113 = ORIENTED_EDGE('',*,*,#21114,.T.);
#21114 = EDGE_CURVE('',#21024,#21064,#21115,.T.);
#21115 = LINE('',#21116,#21117);
#21116 = CARTESIAN_POINT('',(150.,50.,25.));
#21117 = VECTOR('',#21118,1.);
#21118 = DIRECTION('',(1.,0.,0.));
#21119 = ORIENTED_EDGE('',*,*,#21063,.F.);
#21120 = PLANE('',#21121);
#21121 = AXIS2_PLACEMENT_3D('',#21122,#21123,#21124);
#21122 = CARTESIAN_POINT('',(150.,50.,0.));
#21123 = DIRECTION('',(0.,1.,0.));
#21124 = DIRECTION('',(0.,0.,1.));
#21125 = ADVANCED_FACE('',(#21126),#21132,.F.);
#21126 = FACE_BOUND('',#21127,.F.);
#21127 = EDGE_LOOP('',(#21128,#21129,#21130,#21131));
#21128 = ORIENTED_EDGE('',*,*,#21015,.F.);
#21129 = ORIENTED_EDGE('',*,*,#21085,.T.);
#21130 = ORIENTED_EDGE('',*,*,#21055,.T.);
#21131 = ORIENTED_EDGE('',*,*,#21107,.F.);
#21132 = PLANE('',#21133);
#21133 = AXIS2_PLACEMENT_3D('',#21134,#21135,#21136);
#21134 = CARTESIAN_POINT('',(150.,20.,0.));
#21135 = DIRECTION('',(0.,0.,1.));
#21136 = DIRECTION('',(1.,0.,0.));
#21137 = ADVANCED_FACE('',(#21138),#21144,.T.);
#21138 = FACE_BOUND('',#21139,.T.);
#21139 = EDGE_LOOP('',(#21140,#21141,#21142,#21143));
#21140 = ORIENTED_EDGE('',*,*,#21031,.F.);
#21141 = ORIENTED_EDGE('',*,*,#21092,.T.);
#21142 = ORIENTED_EDGE('',*,*,#21071,.T.);
#21143 = ORIENTED_EDGE('',*,*,#21114,.F.);
#21144 = PLANE('',#21145);
#21145 = AXIS2_PLACEMENT_3D('',#21146,#21147,#21148);
#21146 = CARTESIAN_POINT('',(150.,20.,25.));
#21147 = DIRECTION('',(0.,0.,1.));
#21148 = DIRECTION('',(1.,0.,0.));
#21149 = MANIFOLD_SOLID_BREP('',#21150);
#21150 = CLOSED_SHELL('',(#21151,#21191,#21231,#21253,#21275,#21287));
#21151 = ADVANCED_FACE('',(#21152),#21186,.F.);
#21152 = FACE_BOUND('',#21153,.F.);
#21153 = EDGE_LOOP('',(#21154,#21164,#21172,#21180));
#21154 = ORIENTED_EDGE('',*,*,#21155,.F.);
#21155 = EDGE_CURVE('',#21156,#21158,#21160,.T.);
#21156 = VERTEX_POINT('',#21157);
#21157 = CARTESIAN_POINT('',(640.,165.,10.));
#21158 = VERTEX_POINT('',#21159);
#21159 = CARTESIAN_POINT('',(640.,165.,50.));
#21160 = LINE('',#21161,#21162);
#21161 = CARTESIAN_POINT('',(640.,165.,10.));
#21162 = VECTOR('',#21163,1.);
#21163 = DIRECTION('',(0.,0.,1.));
#21164 = ORIENTED_EDGE('',*,*,#21165,.T.);
#21165 = EDGE_CURVE('',#21156,#21166,#21168,.T.);
#21166 = VERTEX_POINT('',#21167);
#21167 = CARTESIAN_POINT('',(640.,255.,10.));
#21168 = LINE('',#21169,#21170);
#21169 = CARTESIAN_POINT('',(640.,165.,10.));
#21170 = VECTOR('',#21171,1.);
#21171 = DIRECTION('',(0.,1.,0.));
#21172 = ORIENTED_EDGE('',*,*,#21173,.T.);
#21173 = EDGE_CURVE('',#21166,#21174,#21176,.T.);
#21174 = VERTEX_POINT('',#21175);
#21175 = CARTESIAN_POINT('',(640.,255.,50.));
#21176 = LINE('',#21177,#21178);
#21177 = CARTESIAN_POINT('',(640.,255.,10.));
#21178 = VECTOR('',#21179,1.);
#21179 = DIRECTION('',(0.,0.,1.));
#21180 = ORIENTED_EDGE('',*,*,#21181,.F.);
#21181 = EDGE_CURVE('',#21158,#21174,#21182,.T.);
#21182 = LINE('',#21183,#21184);
#21183 = CARTESIAN_POINT('',(640.,165.,50.));
#21184 = VECTOR('',#21185,1.);
#21185 = DIRECTION('',(0.,1.,0.));
#21186 = PLANE('',#21187);
#21187 = AXIS2_PLACEMENT_3D('',#21188,#21189,#21190);
#21188 = CARTESIAN_POINT('',(640.,165.,10.));
#21189 = DIRECTION('',(1.,0.,0.));
#21190 = DIRECTION('',(0.,0.,1.));
#21191 = ADVANCED_FACE('',(#21192),#21226,.T.);
#21192 = FACE_BOUND('',#21193,.T.);
#21193 = EDGE_LOOP('',(#21194,#21204,#21212,#21220));
#21194 = ORIENTED_EDGE('',*,*,#21195,.F.);
#21195 = EDGE_CURVE('',#21196,#21198,#21200,.T.);
#21196 = VERTEX_POINT('',#21197);
#21197 = CARTESIAN_POINT('',(690.,165.,10.));
#21198 = VERTEX_POINT('',#21199);
#21199 = CARTESIAN_POINT('',(690.,165.,50.));
#21200 = LINE('',#21201,#21202);
#21201 = CARTESIAN_POINT('',(690.,165.,10.));
#21202 = VECTOR('',#21203,1.);
#21203 = DIRECTION('',(0.,0.,1.));
#21204 = ORIENTED_EDGE('',*,*,#21205,.T.);
#21205 = EDGE_CURVE('',#21196,#21206,#21208,.T.);
#21206 = VERTEX_POINT('',#21207);
#21207 = CARTESIAN_POINT('',(690.,255.,10.));
#21208 = LINE('',#21209,#21210);
#21209 = CARTESIAN_POINT('',(690.,165.,10.));
#21210 = VECTOR('',#21211,1.);
#21211 = DIRECTION('',(0.,1.,0.));
#21212 = ORIENTED_EDGE('',*,*,#21213,.T.);
#21213 = EDGE_CURVE('',#21206,#21214,#21216,.T.);
#21214 = VERTEX_POINT('',#21215);
#21215 = CARTESIAN_POINT('',(690.,255.,50.));
#21216 = LINE('',#21217,#21218);
#21217 = CARTESIAN_POINT('',(690.,255.,10.));
#21218 = VECTOR('',#21219,1.);
#21219 = DIRECTION('',(0.,0.,1.));
#21220 = ORIENTED_EDGE('',*,*,#21221,.F.);
#21221 = EDGE_CURVE('',#21198,#21214,#21222,.T.);
#21222 = LINE('',#21223,#21224);
#21223 = CARTESIAN_POINT('',(690.,165.,50.));
#21224 = VECTOR('',#21225,1.);
#21225 = DIRECTION('',(0.,1.,0.));
#21226 = PLANE('',#21227);
#21227 = AXIS2_PLACEMENT_3D('',#21228,#21229,#21230);
#21228 = CARTESIAN_POINT('',(690.,165.,10.));
#21229 = DIRECTION('',(1.,0.,0.));
#21230 = DIRECTION('',(0.,0.,1.));
#21231 = ADVANCED_FACE('',(#21232),#21248,.F.);
#21232 = FACE_BOUND('',#21233,.F.);
#21233 = EDGE_LOOP('',(#21234,#21240,#21241,#21247));
#21234 = ORIENTED_EDGE('',*,*,#21235,.F.);
#21235 = EDGE_CURVE('',#21156,#21196,#21236,.T.);
#21236 = LINE('',#21237,#21238);
#21237 = CARTESIAN_POINT('',(640.,165.,10.));
#21238 = VECTOR('',#21239,1.);
#21239 = DIRECTION('',(1.,0.,0.));
#21240 = ORIENTED_EDGE('',*,*,#21155,.T.);
#21241 = ORIENTED_EDGE('',*,*,#21242,.T.);
#21242 = EDGE_CURVE('',#21158,#21198,#21243,.T.);
#21243 = LINE('',#21244,#21245);
#21244 = CARTESIAN_POINT('',(640.,165.,50.));
#21245 = VECTOR('',#21246,1.);
#21246 = DIRECTION('',(1.,0.,0.));
#21247 = ORIENTED_EDGE('',*,*,#21195,.F.);
#21248 = PLANE('',#21249);
#21249 = AXIS2_PLACEMENT_3D('',#21250,#21251,#21252);
#21250 = CARTESIAN_POINT('',(640.,165.,10.));
#21251 = DIRECTION('',(0.,1.,0.));
#21252 = DIRECTION('',(0.,0.,1.));
#21253 = ADVANCED_FACE('',(#21254),#21270,.T.);
#21254 = FACE_BOUND('',#21255,.T.);
#21255 = EDGE_LOOP('',(#21256,#21262,#21263,#21269));
#21256 = ORIENTED_EDGE('',*,*,#21257,.F.);
#21257 = EDGE_CURVE('',#21166,#21206,#21258,.T.);
#21258 = LINE('',#21259,#21260);
#21259 = CARTESIAN_POINT('',(640.,255.,10.));
#21260 = VECTOR('',#21261,1.);
#21261 = DIRECTION('',(1.,0.,0.));
#21262 = ORIENTED_EDGE('',*,*,#21173,.T.);
#21263 = ORIENTED_EDGE('',*,*,#21264,.T.);
#21264 = EDGE_CURVE('',#21174,#21214,#21265,.T.);
#21265 = LINE('',#21266,#21267);
#21266 = CARTESIAN_POINT('',(640.,255.,50.));
#21267 = VECTOR('',#21268,1.);
#21268 = DIRECTION('',(1.,0.,0.));
#21269 = ORIENTED_EDGE('',*,*,#21213,.F.);
#21270 = PLANE('',#21271);
#21271 = AXIS2_PLACEMENT_3D('',#21272,#21273,#21274);
#21272 = CARTESIAN_POINT('',(640.,255.,10.));
#21273 = DIRECTION('',(0.,1.,0.));
#21274 = DIRECTION('',(0.,0.,1.));
#21275 = ADVANCED_FACE('',(#21276),#21282,.F.);
#21276 = FACE_BOUND('',#21277,.F.);
#21277 = EDGE_LOOP('',(#21278,#21279,#21280,#21281));
#21278 = ORIENTED_EDGE('',*,*,#21165,.F.);
#21279 = ORIENTED_EDGE('',*,*,#21235,.T.);
#21280 = ORIENTED_EDGE('',*,*,#21205,.T.);
#21281 = ORIENTED_EDGE('',*,*,#21257,.F.);
#21282 = PLANE('',#21283);
#21283 = AXIS2_PLACEMENT_3D('',#21284,#21285,#21286);
#21284 = CARTESIAN_POINT('',(640.,165.,10.));
#21285 = DIRECTION('',(0.,0.,1.));
#21286 = DIRECTION('',(1.,0.,0.));
#21287 = ADVANCED_FACE('',(#21288),#21294,.T.);
#21288 = FACE_BOUND('',#21289,.T.);
#21289 = EDGE_LOOP('',(#21290,#21291,#21292,#21293));
#21290 = ORIENTED_EDGE('',*,*,#21181,.F.);
#21291 = ORIENTED_EDGE('',*,*,#21242,.T.);
#21292 = ORIENTED_EDGE('',*,*,#21221,.T.);
#21293 = ORIENTED_EDGE('',*,*,#21264,.F.);
#21294 = PLANE('',#21295);
#21295 = AXIS2_PLACEMENT_3D('',#21296,#21297,#21298);
#21296 = CARTESIAN_POINT('',(640.,165.,50.));
#21297 = DIRECTION('',(0.,0.,1.));
#21298 = DIRECTION('',(1.,0.,0.));
#21299 = MANIFOLD_SOLID_BREP('',#21300);
#21300 = CLOSED_SHELL('',(#21301,#21341,#21381,#21403,#21425,#21437));
#21301 = ADVANCED_FACE('',(#21302),#21336,.F.);
#21302 = FACE_BOUND('',#21303,.F.);
#21303 = EDGE_LOOP('',(#21304,#21314,#21322,#21330));
#21304 = ORIENTED_EDGE('',*,*,#21305,.F.);
#21305 = EDGE_CURVE('',#21306,#21308,#21310,.T.);
#21306 = VERTEX_POINT('',#21307);
#21307 = CARTESIAN_POINT('',(615.,185.,50.));
#21308 = VERTEX_POINT('',#21309);
#21309 = CARTESIAN_POINT('',(615.,185.,60.));
#21310 = LINE('',#21311,#21312);
#21311 = CARTESIAN_POINT('',(615.,185.,50.));
#21312 = VECTOR('',#21313,1.);
#21313 = DIRECTION('',(0.,0.,1.));
#21314 = ORIENTED_EDGE('',*,*,#21315,.T.);
#21315 = EDGE_CURVE('',#21306,#21316,#21318,.T.);
#21316 = VERTEX_POINT('',#21317);
#21317 = CARTESIAN_POINT('',(615.,235.,50.));
#21318 = LINE('',#21319,#21320);
#21319 = CARTESIAN_POINT('',(615.,185.,50.));
#21320 = VECTOR('',#21321,1.);
#21321 = DIRECTION('',(0.,1.,0.));
#21322 = ORIENTED_EDGE('',*,*,#21323,.T.);
#21323 = EDGE_CURVE('',#21316,#21324,#21326,.T.);
#21324 = VERTEX_POINT('',#21325);
#21325 = CARTESIAN_POINT('',(615.,235.,60.));
#21326 = LINE('',#21327,#21328);
#21327 = CARTESIAN_POINT('',(615.,235.,50.));
#21328 = VECTOR('',#21329,1.);
#21329 = DIRECTION('',(0.,0.,1.));
#21330 = ORIENTED_EDGE('',*,*,#21331,.F.);
#21331 = EDGE_CURVE('',#21308,#21324,#21332,.T.);
#21332 = LINE('',#21333,#21334);
#21333 = CARTESIAN_POINT('',(615.,185.,60.));
#21334 = VECTOR('',#21335,1.);
#21335 = DIRECTION('',(0.,1.,0.));
#21336 = PLANE('',#21337);
#21337 = AXIS2_PLACEMENT_3D('',#21338,#21339,#21340);
#21338 = CARTESIAN_POINT('',(615.,185.,50.));
#21339 = DIRECTION('',(1.,0.,0.));
#21340 = DIRECTION('',(0.,0.,1.));
#21341 = ADVANCED_FACE('',(#21342),#21376,.T.);
#21342 = FACE_BOUND('',#21343,.T.);
#21343 = EDGE_LOOP('',(#21344,#21354,#21362,#21370));
#21344 = ORIENTED_EDGE('',*,*,#21345,.F.);
#21345 = EDGE_CURVE('',#21346,#21348,#21350,.T.);
#21346 = VERTEX_POINT('',#21347);
#21347 = CARTESIAN_POINT('',(715.,185.,50.));
#21348 = VERTEX_POINT('',#21349);
#21349 = CARTESIAN_POINT('',(715.,185.,60.));
#21350 = LINE('',#21351,#21352);
#21351 = CARTESIAN_POINT('',(715.,185.,50.));
#21352 = VECTOR('',#21353,1.);
#21353 = DIRECTION('',(0.,0.,1.));
#21354 = ORIENTED_EDGE('',*,*,#21355,.T.);
#21355 = EDGE_CURVE('',#21346,#21356,#21358,.T.);
#21356 = VERTEX_POINT('',#21357);
#21357 = CARTESIAN_POINT('',(715.,235.,50.));
#21358 = LINE('',#21359,#21360);
#21359 = CARTESIAN_POINT('',(715.,185.,50.));
#21360 = VECTOR('',#21361,1.);
#21361 = DIRECTION('',(0.,1.,0.));
#21362 = ORIENTED_EDGE('',*,*,#21363,.T.);
#21363 = EDGE_CURVE('',#21356,#21364,#21366,.T.);
#21364 = VERTEX_POINT('',#21365);
#21365 = CARTESIAN_POINT('',(715.,235.,60.));
#21366 = LINE('',#21367,#21368);
#21367 = CARTESIAN_POINT('',(715.,235.,50.));
#21368 = VECTOR('',#21369,1.);
#21369 = DIRECTION('',(0.,0.,1.));
#21370 = ORIENTED_EDGE('',*,*,#21371,.F.);
#21371 = EDGE_CURVE('',#21348,#21364,#21372,.T.);
#21372 = LINE('',#21373,#21374);
#21373 = CARTESIAN_POINT('',(715.,185.,60.));
#21374 = VECTOR('',#21375,1.);
#21375 = DIRECTION('',(0.,1.,0.));
#21376 = PLANE('',#21377);
#21377 = AXIS2_PLACEMENT_3D('',#21378,#21379,#21380);
#21378 = CARTESIAN_POINT('',(715.,185.,50.));
#21379 = DIRECTION('',(1.,0.,0.));
#21380 = DIRECTION('',(0.,0.,1.));
#21381 = ADVANCED_FACE('',(#21382),#21398,.F.);
#21382 = FACE_BOUND('',#21383,.F.);
#21383 = EDGE_LOOP('',(#21384,#21390,#21391,#21397));
#21384 = ORIENTED_EDGE('',*,*,#21385,.F.);
#21385 = EDGE_CURVE('',#21306,#21346,#21386,.T.);
#21386 = LINE('',#21387,#21388);
#21387 = CARTESIAN_POINT('',(615.,185.,50.));
#21388 = VECTOR('',#21389,1.);
#21389 = DIRECTION('',(1.,0.,0.));
#21390 = ORIENTED_EDGE('',*,*,#21305,.T.);
#21391 = ORIENTED_EDGE('',*,*,#21392,.T.);
#21392 = EDGE_CURVE('',#21308,#21348,#21393,.T.);
#21393 = LINE('',#21394,#21395);
#21394 = CARTESIAN_POINT('',(615.,185.,60.));
#21395 = VECTOR('',#21396,1.);
#21396 = DIRECTION('',(1.,0.,0.));
#21397 = ORIENTED_EDGE('',*,*,#21345,.F.);
#21398 = PLANE('',#21399);
#21399 = AXIS2_PLACEMENT_3D('',#21400,#21401,#21402);
#21400 = CARTESIAN_POINT('',(615.,185.,50.));
#21401 = DIRECTION('',(0.,1.,0.));
#21402 = DIRECTION('',(0.,0.,1.));
#21403 = ADVANCED_FACE('',(#21404),#21420,.T.);
#21404 = FACE_BOUND('',#21405,.T.);
#21405 = EDGE_LOOP('',(#21406,#21412,#21413,#21419));
#21406 = ORIENTED_EDGE('',*,*,#21407,.F.);
#21407 = EDGE_CURVE('',#21316,#21356,#21408,.T.);
#21408 = LINE('',#21409,#21410);
#21409 = CARTESIAN_POINT('',(615.,235.,50.));
#21410 = VECTOR('',#21411,1.);
#21411 = DIRECTION('',(1.,0.,0.));
#21412 = ORIENTED_EDGE('',*,*,#21323,.T.);
#21413 = ORIENTED_EDGE('',*,*,#21414,.T.);
#21414 = EDGE_CURVE('',#21324,#21364,#21415,.T.);
#21415 = LINE('',#21416,#21417);
#21416 = CARTESIAN_POINT('',(615.,235.,60.));
#21417 = VECTOR('',#21418,1.);
#21418 = DIRECTION('',(1.,0.,0.));
#21419 = ORIENTED_EDGE('',*,*,#21363,.F.);
#21420 = PLANE('',#21421);
#21421 = AXIS2_PLACEMENT_3D('',#21422,#21423,#21424);
#21422 = CARTESIAN_POINT('',(615.,235.,50.));
#21423 = DIRECTION('',(0.,1.,0.));
#21424 = DIRECTION('',(0.,0.,1.));
#21425 = ADVANCED_FACE('',(#21426),#21432,.F.);
#21426 = FACE_BOUND('',#21427,.F.);
#21427 = EDGE_LOOP('',(#21428,#21429,#21430,#21431));
#21428 = ORIENTED_EDGE('',*,*,#21315,.F.);
#21429 = ORIENTED_EDGE('',*,*,#21385,.T.);
#21430 = ORIENTED_EDGE('',*,*,#21355,.T.);
#21431 = ORIENTED_EDGE('',*,*,#21407,.F.);
#21432 = PLANE('',#21433);
#21433 = AXIS2_PLACEMENT_3D('',#21434,#21435,#21436);
#21434 = CARTESIAN_POINT('',(615.,185.,50.));
#21435 = DIRECTION('',(0.,0.,1.));
#21436 = DIRECTION('',(1.,0.,0.));
#21437 = ADVANCED_FACE('',(#21438),#21444,.T.);
#21438 = FACE_BOUND('',#21439,.T.);
#21439 = EDGE_LOOP('',(#21440,#21441,#21442,#21443));
#21440 = ORIENTED_EDGE('',*,*,#21331,.F.);
#21441 = ORIENTED_EDGE('',*,*,#21392,.T.);
#21442 = ORIENTED_EDGE('',*,*,#21371,.T.);
#21443 = ORIENTED_EDGE('',*,*,#21414,.F.);
#21444 = PLANE('',#21445);
#21445 = AXIS2_PLACEMENT_3D('',#21446,#21447,#21448);
#21446 = CARTESIAN_POINT('',(615.,185.,60.));
#21447 = DIRECTION('',(0.,0.,1.));
#21448 = DIRECTION('',(1.,0.,0.));
#21449 = MANIFOLD_SOLID_BREP('',#21450);
#21450 = CLOSED_SHELL('',(#21451,#21484,#21493));
#21451 = ADVANCED_FACE('',(#21452),#21479,.T.);
#21452 = FACE_BOUND('',#21453,.T.);
#21453 = EDGE_LOOP('',(#21454,#21463,#21471,#21478));
#21454 = ORIENTED_EDGE('',*,*,#21455,.F.);
#21455 = EDGE_CURVE('',#21456,#21456,#21458,.T.);
#21456 = VERTEX_POINT('',#21457);
#21457 = CARTESIAN_POINT('',(625.,190.,470.));
#21458 = CIRCLE('',#21459,5.);
#21459 = AXIS2_PLACEMENT_3D('',#21460,#21461,#21462);
#21460 = CARTESIAN_POINT('',(620.,190.,470.));
#21461 = DIRECTION('',(0.,0.,1.));
#21462 = DIRECTION('',(1.,0.,0.));
#21463 = ORIENTED_EDGE('',*,*,#21464,.F.);
#21464 = EDGE_CURVE('',#21465,#21456,#21467,.T.);
#21465 = VERTEX_POINT('',#21466);
#21466 = CARTESIAN_POINT('',(625.,190.,60.));
#21467 = LINE('',#21468,#21469);
#21468 = CARTESIAN_POINT('',(625.,190.,60.));
#21469 = VECTOR('',#21470,1.);
#21470 = DIRECTION('',(0.,0.,1.));
#21471 = ORIENTED_EDGE('',*,*,#21472,.T.);
#21472 = EDGE_CURVE('',#21465,#21465,#21473,.T.);
#21473 = CIRCLE('',#21474,5.);
#21474 = AXIS2_PLACEMENT_3D('',#21475,#21476,#21477);
#21475 = CARTESIAN_POINT('',(620.,190.,60.));
#21476 = DIRECTION('',(0.,0.,1.));
#21477 = DIRECTION('',(1.,0.,0.));
#21478 = ORIENTED_EDGE('',*,*,#21464,.T.);
#21479 = CYLINDRICAL_SURFACE('',#21480,5.);
#21480 = AXIS2_PLACEMENT_3D('',#21481,#21482,#21483);
#21481 = CARTESIAN_POINT('',(620.,190.,60.));
#21482 = DIRECTION('',(0.,0.,1.));
#21483 = DIRECTION('',(1.,0.,0.));
#21484 = ADVANCED_FACE('',(#21485),#21488,.T.);
#21485 = FACE_BOUND('',#21486,.T.);
#21486 = EDGE_LOOP('',(#21487));
#21487 = ORIENTED_EDGE('',*,*,#21455,.T.);
#21488 = PLANE('',#21489);
#21489 = AXIS2_PLACEMENT_3D('',#21490,#21491,#21492);
#21490 = CARTESIAN_POINT('',(620.,190.,470.));
#21491 = DIRECTION('',(0.,0.,1.));
#21492 = DIRECTION('',(1.,0.,0.));
#21493 = ADVANCED_FACE('',(#21494),#21497,.F.);
#21494 = FACE_BOUND('',#21495,.T.);
#21495 = EDGE_LOOP('',(#21496));
#21496 = ORIENTED_EDGE('',*,*,#21472,.F.);
#21497 = PLANE('',#21498);
#21498 = AXIS2_PLACEMENT_3D('',#21499,#21500,#21501);
#21499 = CARTESIAN_POINT('',(620.,190.,60.));
#21500 = DIRECTION('',(0.,0.,1.));
#21501 = DIRECTION('',(1.,0.,0.));
#21502 = MANIFOLD_SOLID_BREP('',#21503);
#21503 = CLOSED_SHELL('',(#21504,#21537,#21546));
#21504 = ADVANCED_FACE('',(#21505),#21532,.T.);
#21505 = FACE_BOUND('',#21506,.T.);
#21506 = EDGE_LOOP('',(#21507,#21516,#21524,#21531));
#21507 = ORIENTED_EDGE('',*,*,#21508,.F.);
#21508 = EDGE_CURVE('',#21509,#21509,#21511,.T.);
#21509 = VERTEX_POINT('',#21510);
#21510 = CARTESIAN_POINT('',(715.,190.,470.));
#21511 = CIRCLE('',#21512,5.);
#21512 = AXIS2_PLACEMENT_3D('',#21513,#21514,#21515);
#21513 = CARTESIAN_POINT('',(710.,190.,470.));
#21514 = DIRECTION('',(0.,0.,1.));
#21515 = DIRECTION('',(1.,0.,0.));
#21516 = ORIENTED_EDGE('',*,*,#21517,.F.);
#21517 = EDGE_CURVE('',#21518,#21509,#21520,.T.);
#21518 = VERTEX_POINT('',#21519);
#21519 = CARTESIAN_POINT('',(715.,190.,60.));
#21520 = LINE('',#21521,#21522);
#21521 = CARTESIAN_POINT('',(715.,190.,60.));
#21522 = VECTOR('',#21523,1.);
#21523 = DIRECTION('',(0.,0.,1.));
#21524 = ORIENTED_EDGE('',*,*,#21525,.T.);
#21525 = EDGE_CURVE('',#21518,#21518,#21526,.T.);
#21526 = CIRCLE('',#21527,5.);
#21527 = AXIS2_PLACEMENT_3D('',#21528,#21529,#21530);
#21528 = CARTESIAN_POINT('',(710.,190.,60.));
#21529 = DIRECTION('',(0.,0.,1.));
#21530 = DIRECTION('',(1.,0.,0.));
#21531 = ORIENTED_EDGE('',*,*,#21517,.T.);
#21532 = CYLINDRICAL_SURFACE('',#21533,5.);
#21533 = AXIS2_PLACEMENT_3D('',#21534,#21535,#21536);
#21534 = CARTESIAN_POINT('',(710.,190.,60.));
#21535 = DIRECTION('',(0.,0.,1.));
#21536 = DIRECTION('',(1.,0.,0.));
#21537 = ADVANCED_FACE('',(#21538),#21541,.T.);
#21538 = FACE_BOUND('',#21539,.T.);
#21539 = EDGE_LOOP('',(#21540));
#21540 = ORIENTED_EDGE('',*,*,#21508,.T.);
#21541 = PLANE('',#21542);
#21542 = AXIS2_PLACEMENT_3D('',#21543,#21544,#21545);
#21543 = CARTESIAN_POINT('',(710.,190.,470.));
#21544 = DIRECTION('',(0.,0.,1.));
#21545 = DIRECTION('',(1.,0.,0.));
#21546 = ADVANCED_FACE('',(#21547),#21550,.F.);
#21547 = FACE_BOUND('',#21548,.T.);
#21548 = EDGE_LOOP('',(#21549));
#21549 = ORIENTED_EDGE('',*,*,#21525,.F.);
#21550 = PLANE('',#21551);
#21551 = AXIS2_PLACEMENT_3D('',#21552,#21553,#21554);
#21552 = CARTESIAN_POINT('',(710.,190.,60.));
#21553 = DIRECTION('',(0.,0.,1.));
#21554 = DIRECTION('',(1.,0.,0.));
#21555 = MANIFOLD_SOLID_BREP('',#21556);
#21556 = CLOSED_SHELL('',(#21557,#21590,#21599));
#21557 = ADVANCED_FACE('',(#21558),#21585,.T.);
#21558 = FACE_BOUND('',#21559,.T.);
#21559 = EDGE_LOOP('',(#21560,#21569,#21577,#21584));
#21560 = ORIENTED_EDGE('',*,*,#21561,.F.);
#21561 = EDGE_CURVE('',#21562,#21562,#21564,.T.);
#21562 = VERTEX_POINT('',#21563);
#21563 = CARTESIAN_POINT('',(625.,230.,470.));
#21564 = CIRCLE('',#21565,5.);
#21565 = AXIS2_PLACEMENT_3D('',#21566,#21567,#21568);
#21566 = CARTESIAN_POINT('',(620.,230.,470.));
#21567 = DIRECTION('',(0.,0.,1.));
#21568 = DIRECTION('',(1.,0.,0.));
#21569 = ORIENTED_EDGE('',*,*,#21570,.F.);
#21570 = EDGE_CURVE('',#21571,#21562,#21573,.T.);
#21571 = VERTEX_POINT('',#21572);
#21572 = CARTESIAN_POINT('',(625.,230.,60.));
#21573 = LINE('',#21574,#21575);
#21574 = CARTESIAN_POINT('',(625.,230.,60.));
#21575 = VECTOR('',#21576,1.);
#21576 = DIRECTION('',(0.,0.,1.));
#21577 = ORIENTED_EDGE('',*,*,#21578,.T.);
#21578 = EDGE_CURVE('',#21571,#21571,#21579,.T.);
#21579 = CIRCLE('',#21580,5.);
#21580 = AXIS2_PLACEMENT_3D('',#21581,#21582,#21583);
#21581 = CARTESIAN_POINT('',(620.,230.,60.));
#21582 = DIRECTION('',(0.,0.,1.));
#21583 = DIRECTION('',(1.,0.,0.));
#21584 = ORIENTED_EDGE('',*,*,#21570,.T.);
#21585 = CYLINDRICAL_SURFACE('',#21586,5.);
#21586 = AXIS2_PLACEMENT_3D('',#21587,#21588,#21589);
#21587 = CARTESIAN_POINT('',(620.,230.,60.));
#21588 = DIRECTION('',(0.,0.,1.));
#21589 = DIRECTION('',(1.,0.,0.));
#21590 = ADVANCED_FACE('',(#21591),#21594,.T.);
#21591 = FACE_BOUND('',#21592,.T.);
#21592 = EDGE_LOOP('',(#21593));
#21593 = ORIENTED_EDGE('',*,*,#21561,.T.);
#21594 = PLANE('',#21595);
#21595 = AXIS2_PLACEMENT_3D('',#21596,#21597,#21598);
#21596 = CARTESIAN_POINT('',(620.,230.,470.));
#21597 = DIRECTION('',(0.,0.,1.));
#21598 = DIRECTION('',(1.,0.,0.));
#21599 = ADVANCED_FACE('',(#21600),#21603,.F.);
#21600 = FACE_BOUND('',#21601,.T.);
#21601 = EDGE_LOOP('',(#21602));
#21602 = ORIENTED_EDGE('',*,*,#21578,.F.);
#21603 = PLANE('',#21604);
#21604 = AXIS2_PLACEMENT_3D('',#21605,#21606,#21607);
#21605 = CARTESIAN_POINT('',(620.,230.,60.));
#21606 = DIRECTION('',(0.,0.,1.));
#21607 = DIRECTION('',(1.,0.,0.));
#21608 = MANIFOLD_SOLID_BREP('',#21609);
#21609 = CLOSED_SHELL('',(#21610,#21643,#21652));
#21610 = ADVANCED_FACE('',(#21611),#21638,.T.);
#21611 = FACE_BOUND('',#21612,.T.);
#21612 = EDGE_LOOP('',(#21613,#21622,#21630,#21637));
#21613 = ORIENTED_EDGE('',*,*,#21614,.F.);
#21614 = EDGE_CURVE('',#21615,#21615,#21617,.T.);
#21615 = VERTEX_POINT('',#21616);
#21616 = CARTESIAN_POINT('',(715.,230.,470.));
#21617 = CIRCLE('',#21618,5.);
#21618 = AXIS2_PLACEMENT_3D('',#21619,#21620,#21621);
#21619 = CARTESIAN_POINT('',(710.,230.,470.));
#21620 = DIRECTION('',(0.,0.,1.));
#21621 = DIRECTION('',(1.,0.,0.));
#21622 = ORIENTED_EDGE('',*,*,#21623,.F.);
#21623 = EDGE_CURVE('',#21624,#21615,#21626,.T.);
#21624 = VERTEX_POINT('',#21625);
#21625 = CARTESIAN_POINT('',(715.,230.,60.));
#21626 = LINE('',#21627,#21628);
#21627 = CARTESIAN_POINT('',(715.,230.,60.));
#21628 = VECTOR('',#21629,1.);
#21629 = DIRECTION('',(0.,0.,1.));
#21630 = ORIENTED_EDGE('',*,*,#21631,.T.);
#21631 = EDGE_CURVE('',#21624,#21624,#21632,.T.);
#21632 = CIRCLE('',#21633,5.);
#21633 = AXIS2_PLACEMENT_3D('',#21634,#21635,#21636);
#21634 = CARTESIAN_POINT('',(710.,230.,60.));
#21635 = DIRECTION('',(0.,0.,1.));
#21636 = DIRECTION('',(1.,0.,0.));
#21637 = ORIENTED_EDGE('',*,*,#21623,.T.);
#21638 = CYLINDRICAL_SURFACE('',#21639,5.);
#21639 = AXIS2_PLACEMENT_3D('',#21640,#21641,#21642);
#21640 = CARTESIAN_POINT('',(710.,230.,60.));
#21641 = DIRECTION('',(0.,0.,1.));
#21642 = DIRECTION('',(1.,0.,0.));
#21643 = ADVANCED_FACE('',(#21644),#21647,.T.);
#21644 = FACE_BOUND('',#21645,.T.);
#21645 = EDGE_LOOP('',(#21646));
#21646 = ORIENTED_EDGE('',*,*,#21614,.T.);
#21647 = PLANE('',#21648);
#21648 = AXIS2_PLACEMENT_3D('',#21649,#21650,#21651);
#21649 = CARTESIAN_POINT('',(710.,230.,470.));
#21650 = DIRECTION('',(0.,0.,1.));
#21651 = DIRECTION('',(1.,0.,0.));
#21652 = ADVANCED_FACE('',(#21653),#21656,.F.);
#21653 = FACE_BOUND('',#21654,.T.);
#21654 = EDGE_LOOP('',(#21655));
#21655 = ORIENTED_EDGE('',*,*,#21631,.F.);
#21656 = PLANE('',#21657);
#21657 = AXIS2_PLACEMENT_3D('',#21658,#21659,#21660);
#21658 = CARTESIAN_POINT('',(710.,230.,60.));
#21659 = DIRECTION('',(0.,0.,1.));
#21660 = DIRECTION('',(1.,0.,0.));
#21661 = MANIFOLD_SOLID_BREP('',#21662);
#21662 = CLOSED_SHELL('',(#21663,#21703,#21743,#21765,#21787,#21799));
#21663 = ADVANCED_FACE('',(#21664),#21698,.F.);
#21664 = FACE_BOUND('',#21665,.F.);
#21665 = EDGE_LOOP('',(#21666,#21676,#21684,#21692));
#21666 = ORIENTED_EDGE('',*,*,#21667,.F.);
#21667 = EDGE_CURVE('',#21668,#21670,#21672,.T.);
#21668 = VERTEX_POINT('',#21669);
#21669 = CARTESIAN_POINT('',(605.,170.,470.));
#21670 = VERTEX_POINT('',#21671);
#21671 = CARTESIAN_POINT('',(605.,170.,485.));
#21672 = LINE('',#21673,#21674);
#21673 = CARTESIAN_POINT('',(605.,170.,470.));
#21674 = VECTOR('',#21675,1.);
#21675 = DIRECTION('',(0.,0.,1.));
#21676 = ORIENTED_EDGE('',*,*,#21677,.T.);
#21677 = EDGE_CURVE('',#21668,#21678,#21680,.T.);
#21678 = VERTEX_POINT('',#21679);
#21679 = CARTESIAN_POINT('',(605.,250.,470.));
#21680 = LINE('',#21681,#21682);
#21681 = CARTESIAN_POINT('',(605.,170.,470.));
#21682 = VECTOR('',#21683,1.);
#21683 = DIRECTION('',(0.,1.,0.));
#21684 = ORIENTED_EDGE('',*,*,#21685,.T.);
#21685 = EDGE_CURVE('',#21678,#21686,#21688,.T.);
#21686 = VERTEX_POINT('',#21687);
#21687 = CARTESIAN_POINT('',(605.,250.,485.));
#21688 = LINE('',#21689,#21690);
#21689 = CARTESIAN_POINT('',(605.,250.,470.));
#21690 = VECTOR('',#21691,1.);
#21691 = DIRECTION('',(0.,0.,1.));
#21692 = ORIENTED_EDGE('',*,*,#21693,.F.);
#21693 = EDGE_CURVE('',#21670,#21686,#21694,.T.);
#21694 = LINE('',#21695,#21696);
#21695 = CARTESIAN_POINT('',(605.,170.,485.));
#21696 = VECTOR('',#21697,1.);
#21697 = DIRECTION('',(0.,1.,0.));
#21698 = PLANE('',#21699);
#21699 = AXIS2_PLACEMENT_3D('',#21700,#21701,#21702);
#21700 = CARTESIAN_POINT('',(605.,170.,470.));
#21701 = DIRECTION('',(1.,0.,0.));
#21702 = DIRECTION('',(0.,0.,1.));
#21703 = ADVANCED_FACE('',(#21704),#21738,.T.);
#21704 = FACE_BOUND('',#21705,.T.);
#21705 = EDGE_LOOP('',(#21706,#21716,#21724,#21732));
#21706 = ORIENTED_EDGE('',*,*,#21707,.F.);
#21707 = EDGE_CURVE('',#21708,#21710,#21712,.T.);
#21708 = VERTEX_POINT('',#21709);
#21709 = CARTESIAN_POINT('',(725.,170.,470.));
#21710 = VERTEX_POINT('',#21711);
#21711 = CARTESIAN_POINT('',(725.,170.,485.));
#21712 = LINE('',#21713,#21714);
#21713 = CARTESIAN_POINT('',(725.,170.,470.));
#21714 = VECTOR('',#21715,1.);
#21715 = DIRECTION('',(0.,0.,1.));
#21716 = ORIENTED_EDGE('',*,*,#21717,.T.);
#21717 = EDGE_CURVE('',#21708,#21718,#21720,.T.);
#21718 = VERTEX_POINT('',#21719);
#21719 = CARTESIAN_POINT('',(725.,250.,470.));
#21720 = LINE('',#21721,#21722);
#21721 = CARTESIAN_POINT('',(725.,170.,470.));
#21722 = VECTOR('',#21723,1.);
#21723 = DIRECTION('',(0.,1.,0.));
#21724 = ORIENTED_EDGE('',*,*,#21725,.T.);
#21725 = EDGE_CURVE('',#21718,#21726,#21728,.T.);
#21726 = VERTEX_POINT('',#21727);
#21727 = CARTESIAN_POINT('',(725.,250.,485.));
#21728 = LINE('',#21729,#21730);
#21729 = CARTESIAN_POINT('',(725.,250.,470.));
#21730 = VECTOR('',#21731,1.);
#21731 = DIRECTION('',(0.,0.,1.));
#21732 = ORIENTED_EDGE('',*,*,#21733,.F.);
#21733 = EDGE_CURVE('',#21710,#21726,#21734,.T.);
#21734 = LINE('',#21735,#21736);
#21735 = CARTESIAN_POINT('',(725.,170.,485.));
#21736 = VECTOR('',#21737,1.);
#21737 = DIRECTION('',(0.,1.,0.));
#21738 = PLANE('',#21739);
#21739 = AXIS2_PLACEMENT_3D('',#21740,#21741,#21742);
#21740 = CARTESIAN_POINT('',(725.,170.,470.));
#21741 = DIRECTION('',(1.,0.,0.));
#21742 = DIRECTION('',(0.,0.,1.));
#21743 = ADVANCED_FACE('',(#21744),#21760,.F.);
#21744 = FACE_BOUND('',#21745,.F.);
#21745 = EDGE_LOOP('',(#21746,#21752,#21753,#21759));
#21746 = ORIENTED_EDGE('',*,*,#21747,.F.);
#21747 = EDGE_CURVE('',#21668,#21708,#21748,.T.);
#21748 = LINE('',#21749,#21750);
#21749 = CARTESIAN_POINT('',(605.,170.,470.));
#21750 = VECTOR('',#21751,1.);
#21751 = DIRECTION('',(1.,0.,0.));
#21752 = ORIENTED_EDGE('',*,*,#21667,.T.);
#21753 = ORIENTED_EDGE('',*,*,#21754,.T.);
#21754 = EDGE_CURVE('',#21670,#21710,#21755,.T.);
#21755 = LINE('',#21756,#21757);
#21756 = CARTESIAN_POINT('',(605.,170.,485.));
#21757 = VECTOR('',#21758,1.);
#21758 = DIRECTION('',(1.,0.,0.));
#21759 = ORIENTED_EDGE('',*,*,#21707,.F.);
#21760 = PLANE('',#21761);
#21761 = AXIS2_PLACEMENT_3D('',#21762,#21763,#21764);
#21762 = CARTESIAN_POINT('',(605.,170.,470.));
#21763 = DIRECTION('',(0.,1.,0.));
#21764 = DIRECTION('',(0.,0.,1.));
#21765 = ADVANCED_FACE('',(#21766),#21782,.T.);
#21766 = FACE_BOUND('',#21767,.T.);
#21767 = EDGE_LOOP('',(#21768,#21774,#21775,#21781));
#21768 = ORIENTED_EDGE('',*,*,#21769,.F.);
#21769 = EDGE_CURVE('',#21678,#21718,#21770,.T.);
#21770 = LINE('',#21771,#21772);
#21771 = CARTESIAN_POINT('',(605.,250.,470.));
#21772 = VECTOR('',#21773,1.);
#21773 = DIRECTION('',(1.,0.,0.));
#21774 = ORIENTED_EDGE('',*,*,#21685,.T.);
#21775 = ORIENTED_EDGE('',*,*,#21776,.T.);
#21776 = EDGE_CURVE('',#21686,#21726,#21777,.T.);
#21777 = LINE('',#21778,#21779);
#21778 = CARTESIAN_POINT('',(605.,250.,485.));
#21779 = VECTOR('',#21780,1.);
#21780 = DIRECTION('',(1.,0.,0.));
#21781 = ORIENTED_EDGE('',*,*,#21725,.F.);
#21782 = PLANE('',#21783);
#21783 = AXIS2_PLACEMENT_3D('',#21784,#21785,#21786);
#21784 = CARTESIAN_POINT('',(605.,250.,470.));
#21785 = DIRECTION('',(0.,1.,0.));
#21786 = DIRECTION('',(0.,0.,1.));
#21787 = ADVANCED_FACE('',(#21788),#21794,.F.);
#21788 = FACE_BOUND('',#21789,.F.);
#21789 = EDGE_LOOP('',(#21790,#21791,#21792,#21793));
#21790 = ORIENTED_EDGE('',*,*,#21677,.F.);
#21791 = ORIENTED_EDGE('',*,*,#21747,.T.);
#21792 = ORIENTED_EDGE('',*,*,#21717,.T.);
#21793 = ORIENTED_EDGE('',*,*,#21769,.F.);
#21794 = PLANE('',#21795);
#21795 = AXIS2_PLACEMENT_3D('',#21796,#21797,#21798);
#21796 = CARTESIAN_POINT('',(605.,170.,470.));
#21797 = DIRECTION('',(0.,0.,1.));
#21798 = DIRECTION('',(1.,0.,0.));
#21799 = ADVANCED_FACE('',(#21800),#21806,.T.);
#21800 = FACE_BOUND('',#21801,.T.);
#21801 = EDGE_LOOP('',(#21802,#21803,#21804,#21805));
#21802 = ORIENTED_EDGE('',*,*,#21693,.F.);
#21803 = ORIENTED_EDGE('',*,*,#21754,.T.);
#21804 = ORIENTED_EDGE('',*,*,#21733,.T.);
#21805 = ORIENTED_EDGE('',*,*,#21776,.F.);
#21806 = PLANE('',#21807);
#21807 = AXIS2_PLACEMENT_3D('',#21808,#21809,#21810);
#21808 = CARTESIAN_POINT('',(605.,170.,485.));
#21809 = DIRECTION('',(0.,0.,1.));
#21810 = DIRECTION('',(1.,0.,0.));
#21811 = MANIFOLD_SOLID_BREP('',#21812);
#21812 = CLOSED_SHELL('',(#21813,#21846,#21855));
#21813 = ADVANCED_FACE('',(#21814),#21841,.T.);
#21814 = FACE_BOUND('',#21815,.T.);
#21815 = EDGE_LOOP('',(#21816,#21825,#21833,#21840));
#21816 = ORIENTED_EDGE('',*,*,#21817,.F.);
#21817 = EDGE_CURVE('',#21818,#21818,#21820,.T.);
#21818 = VERTEX_POINT('',#21819);
#21819 = CARTESIAN_POINT('',(626.,210.,470.));
#21820 = CIRCLE('',#21821,6.);
#21821 = AXIS2_PLACEMENT_3D('',#21822,#21823,#21824);
#21822 = CARTESIAN_POINT('',(620.,210.,470.));
#21823 = DIRECTION('',(0.,0.,1.));
#21824 = DIRECTION('',(1.,0.,0.));
#21825 = ORIENTED_EDGE('',*,*,#21826,.F.);
#21826 = EDGE_CURVE('',#21827,#21818,#21829,.T.);
#21827 = VERTEX_POINT('',#21828);
#21828 = CARTESIAN_POINT('',(626.,210.,60.));
#21829 = LINE('',#21830,#21831);
#21830 = CARTESIAN_POINT('',(626.,210.,60.));
#21831 = VECTOR('',#21832,1.);
#21832 = DIRECTION('',(0.,0.,1.));
#21833 = ORIENTED_EDGE('',*,*,#21834,.T.);
#21834 = EDGE_CURVE('',#21827,#21827,#21835,.T.);
#21835 = CIRCLE('',#21836,6.);
#21836 = AXIS2_PLACEMENT_3D('',#21837,#21838,#21839);
#21837 = CARTESIAN_POINT('',(620.,210.,60.));
#21838 = DIRECTION('',(0.,0.,1.));
#21839 = DIRECTION('',(1.,0.,0.));
#21840 = ORIENTED_EDGE('',*,*,#21826,.T.);
#21841 = CYLINDRICAL_SURFACE('',#21842,6.);
#21842 = AXIS2_PLACEMENT_3D('',#21843,#21844,#21845);
#21843 = CARTESIAN_POINT('',(620.,210.,60.));
#21844 = DIRECTION('',(0.,0.,1.));
#21845 = DIRECTION('',(1.,0.,0.));
#21846 = ADVANCED_FACE('',(#21847),#21850,.T.);
#21847 = FACE_BOUND('',#21848,.T.);
#21848 = EDGE_LOOP('',(#21849));
#21849 = ORIENTED_EDGE('',*,*,#21817,.T.);
#21850 = PLANE('',#21851);
#21851 = AXIS2_PLACEMENT_3D('',#21852,#21853,#21854);
#21852 = CARTESIAN_POINT('',(620.,210.,470.));
#21853 = DIRECTION('',(0.,0.,1.));
#21854 = DIRECTION('',(1.,0.,0.));
#21855 = ADVANCED_FACE('',(#21856),#21859,.F.);
#21856 = FACE_BOUND('',#21857,.T.);
#21857 = EDGE_LOOP('',(#21858));
#21858 = ORIENTED_EDGE('',*,*,#21834,.F.);
#21859 = PLANE('',#21860);
#21860 = AXIS2_PLACEMENT_3D('',#21861,#21862,#21863);
#21861 = CARTESIAN_POINT('',(620.,210.,60.));
#21862 = DIRECTION('',(0.,0.,1.));
#21863 = DIRECTION('',(1.,0.,0.));
#21864 = MANIFOLD_SOLID_BREP('',#21865);
#21865 = CLOSED_SHELL('',(#21866,#21906,#21946,#21968,#21990,#22002));
#21866 = ADVANCED_FACE('',(#21867),#21901,.F.);
#21867 = FACE_BOUND('',#21868,.F.);
#21868 = EDGE_LOOP('',(#21869,#21879,#21887,#21895));
#21869 = ORIENTED_EDGE('',*,*,#21870,.F.);
#21870 = EDGE_CURVE('',#21871,#21873,#21875,.T.);
#21871 = VERTEX_POINT('',#21872);
#21872 = CARTESIAN_POINT('',(605.,195.,485.));
#21873 = VERTEX_POINT('',#21874);
#21874 = CARTESIAN_POINT('',(605.,195.,545.));
#21875 = LINE('',#21876,#21877);
#21876 = CARTESIAN_POINT('',(605.,195.,485.));
#21877 = VECTOR('',#21878,1.);
#21878 = DIRECTION('',(0.,0.,1.));
#21879 = ORIENTED_EDGE('',*,*,#21880,.T.);
#21880 = EDGE_CURVE('',#21871,#21881,#21883,.T.);
#21881 = VERTEX_POINT('',#21882);
#21882 = CARTESIAN_POINT('',(605.,225.,485.));
#21883 = LINE('',#21884,#21885);
#21884 = CARTESIAN_POINT('',(605.,195.,485.));
#21885 = VECTOR('',#21886,1.);
#21886 = DIRECTION('',(0.,1.,0.));
#21887 = ORIENTED_EDGE('',*,*,#21888,.T.);
#21888 = EDGE_CURVE('',#21881,#21889,#21891,.T.);
#21889 = VERTEX_POINT('',#21890);
#21890 = CARTESIAN_POINT('',(605.,225.,545.));
#21891 = LINE('',#21892,#21893);
#21892 = CARTESIAN_POINT('',(605.,225.,485.));
#21893 = VECTOR('',#21894,1.);
#21894 = DIRECTION('',(0.,0.,1.));
#21895 = ORIENTED_EDGE('',*,*,#21896,.F.);
#21896 = EDGE_CURVE('',#21873,#21889,#21897,.T.);
#21897 = LINE('',#21898,#21899);
#21898 = CARTESIAN_POINT('',(605.,195.,545.));
#21899 = VECTOR('',#21900,1.);
#21900 = DIRECTION('',(0.,1.,0.));
#21901 = PLANE('',#21902);
#21902 = AXIS2_PLACEMENT_3D('',#21903,#21904,#21905);
#21903 = CARTESIAN_POINT('',(605.,195.,485.));
#21904 = DIRECTION('',(1.,0.,0.));
#21905 = DIRECTION('',(0.,0.,1.));
#21906 = ADVANCED_FACE('',(#21907),#21941,.T.);
#21907 = FACE_BOUND('',#21908,.T.);
#21908 = EDGE_LOOP('',(#21909,#21919,#21927,#21935));
#21909 = ORIENTED_EDGE('',*,*,#21910,.F.);
#21910 = EDGE_CURVE('',#21911,#21913,#21915,.T.);
#21911 = VERTEX_POINT('',#21912);
#21912 = CARTESIAN_POINT('',(635.,195.,485.));
#21913 = VERTEX_POINT('',#21914);
#21914 = CARTESIAN_POINT('',(635.,195.,545.));
#21915 = LINE('',#21916,#21917);
#21916 = CARTESIAN_POINT('',(635.,195.,485.));
#21917 = VECTOR('',#21918,1.);
#21918 = DIRECTION('',(0.,0.,1.));
#21919 = ORIENTED_EDGE('',*,*,#21920,.T.);
#21920 = EDGE_CURVE('',#21911,#21921,#21923,.T.);
#21921 = VERTEX_POINT('',#21922);
#21922 = CARTESIAN_POINT('',(635.,225.,485.));
#21923 = LINE('',#21924,#21925);
#21924 = CARTESIAN_POINT('',(635.,195.,485.));
#21925 = VECTOR('',#21926,1.);
#21926 = DIRECTION('',(0.,1.,0.));
#21927 = ORIENTED_EDGE('',*,*,#21928,.T.);
#21928 = EDGE_CURVE('',#21921,#21929,#21931,.T.);
#21929 = VERTEX_POINT('',#21930);
#21930 = CARTESIAN_POINT('',(635.,225.,545.));
#21931 = LINE('',#21932,#21933);
#21932 = CARTESIAN_POINT('',(635.,225.,485.));
#21933 = VECTOR('',#21934,1.);
#21934 = DIRECTION('',(0.,0.,1.));
#21935 = ORIENTED_EDGE('',*,*,#21936,.F.);
#21936 = EDGE_CURVE('',#21913,#21929,#21937,.T.);
#21937 = LINE('',#21938,#21939);
#21938 = CARTESIAN_POINT('',(635.,195.,545.));
#21939 = VECTOR('',#21940,1.);
#21940 = DIRECTION('',(0.,1.,0.));
#21941 = PLANE('',#21942);
#21942 = AXIS2_PLACEMENT_3D('',#21943,#21944,#21945);
#21943 = CARTESIAN_POINT('',(635.,195.,485.));
#21944 = DIRECTION('',(1.,0.,0.));
#21945 = DIRECTION('',(0.,0.,1.));
#21946 = ADVANCED_FACE('',(#21947),#21963,.F.);
#21947 = FACE_BOUND('',#21948,.F.);
#21948 = EDGE_LOOP('',(#21949,#21955,#21956,#21962));
#21949 = ORIENTED_EDGE('',*,*,#21950,.F.);
#21950 = EDGE_CURVE('',#21871,#21911,#21951,.T.);
#21951 = LINE('',#21952,#21953);
#21952 = CARTESIAN_POINT('',(605.,195.,485.));
#21953 = VECTOR('',#21954,1.);
#21954 = DIRECTION('',(1.,0.,0.));
#21955 = ORIENTED_EDGE('',*,*,#21870,.T.);
#21956 = ORIENTED_EDGE('',*,*,#21957,.T.);
#21957 = EDGE_CURVE('',#21873,#21913,#21958,.T.);
#21958 = LINE('',#21959,#21960);
#21959 = CARTESIAN_POINT('',(605.,195.,545.));
#21960 = VECTOR('',#21961,1.);
#21961 = DIRECTION('',(1.,0.,0.));
#21962 = ORIENTED_EDGE('',*,*,#21910,.F.);
#21963 = PLANE('',#21964);
#21964 = AXIS2_PLACEMENT_3D('',#21965,#21966,#21967);
#21965 = CARTESIAN_POINT('',(605.,195.,485.));
#21966 = DIRECTION('',(0.,1.,0.));
#21967 = DIRECTION('',(0.,0.,1.));
#21968 = ADVANCED_FACE('',(#21969),#21985,.T.);
#21969 = FACE_BOUND('',#21970,.T.);
#21970 = EDGE_LOOP('',(#21971,#21977,#21978,#21984));
#21971 = ORIENTED_EDGE('',*,*,#21972,.F.);
#21972 = EDGE_CURVE('',#21881,#21921,#21973,.T.);
#21973 = LINE('',#21974,#21975);
#21974 = CARTESIAN_POINT('',(605.,225.,485.));
#21975 = VECTOR('',#21976,1.);
#21976 = DIRECTION('',(1.,0.,0.));
#21977 = ORIENTED_EDGE('',*,*,#21888,.T.);
#21978 = ORIENTED_EDGE('',*,*,#21979,.T.);
#21979 = EDGE_CURVE('',#21889,#21929,#21980,.T.);
#21980 = LINE('',#21981,#21982);
#21981 = CARTESIAN_POINT('',(605.,225.,545.));
#21982 = VECTOR('',#21983,1.);
#21983 = DIRECTION('',(1.,0.,0.));
#21984 = ORIENTED_EDGE('',*,*,#21928,.F.);
#21985 = PLANE('',#21986);
#21986 = AXIS2_PLACEMENT_3D('',#21987,#21988,#21989);
#21987 = CARTESIAN_POINT('',(605.,225.,485.));
#21988 = DIRECTION('',(0.,1.,0.));
#21989 = DIRECTION('',(0.,0.,1.));
#21990 = ADVANCED_FACE('',(#21991),#21997,.F.);
#21991 = FACE_BOUND('',#21992,.F.);
#21992 = EDGE_LOOP('',(#21993,#21994,#21995,#21996));
#21993 = ORIENTED_EDGE('',*,*,#21880,.F.);
#21994 = ORIENTED_EDGE('',*,*,#21950,.T.);
#21995 = ORIENTED_EDGE('',*,*,#21920,.T.);
#21996 = ORIENTED_EDGE('',*,*,#21972,.F.);
#21997 = PLANE('',#21998);
#21998 = AXIS2_PLACEMENT_3D('',#21999,#22000,#22001);
#21999 = CARTESIAN_POINT('',(605.,195.,485.));
#22000 = DIRECTION('',(0.,0.,1.));
#22001 = DIRECTION('',(1.,0.,0.));
#22002 = ADVANCED_FACE('',(#22003),#22009,.T.);
#22003 = FACE_BOUND('',#22004,.T.);
#22004 = EDGE_LOOP('',(#22005,#22006,#22007,#22008));
#22005 = ORIENTED_EDGE('',*,*,#21896,.F.);
#22006 = ORIENTED_EDGE('',*,*,#21957,.T.);
#22007 = ORIENTED_EDGE('',*,*,#21936,.T.);
#22008 = ORIENTED_EDGE('',*,*,#21979,.F.);
#22009 = PLANE('',#22010);
#22010 = AXIS2_PLACEMENT_3D('',#22011,#22012,#22013);
#22011 = CARTESIAN_POINT('',(605.,195.,545.));
#22012 = DIRECTION('',(0.,0.,1.));
#22013 = DIRECTION('',(1.,0.,0.));
#22014 = MANIFOLD_SOLID_BREP('',#22015);
#22015 = CLOSED_SHELL('',(#22016,#22049,#22058));
#22016 = ADVANCED_FACE('',(#22017),#22044,.T.);
#22017 = FACE_BOUND('',#22018,.T.);
#22018 = EDGE_LOOP('',(#22019,#22028,#22036,#22043));
#22019 = ORIENTED_EDGE('',*,*,#22020,.F.);
#22020 = EDGE_CURVE('',#22021,#22021,#22023,.T.);
#22021 = VERTEX_POINT('',#22022);
#22022 = CARTESIAN_POINT('',(628.,210.,485.));
#22023 = CIRCLE('',#22024,8.);
#22024 = AXIS2_PLACEMENT_3D('',#22025,#22026,#22027);
#22025 = CARTESIAN_POINT('',(620.,210.,485.));
#22026 = DIRECTION('',(0.,0.,1.));
#22027 = DIRECTION('',(1.,0.,0.));
#22028 = ORIENTED_EDGE('',*,*,#22029,.F.);
#22029 = EDGE_CURVE('',#22030,#22021,#22032,.T.);
#22030 = VERTEX_POINT('',#22031);
#22031 = CARTESIAN_POINT('',(628.,210.,471.));
#22032 = LINE('',#22033,#22034);
#22033 = CARTESIAN_POINT('',(628.,210.,471.));
#22034 = VECTOR('',#22035,1.);
#22035 = DIRECTION('',(0.,0.,1.));
#22036 = ORIENTED_EDGE('',*,*,#22037,.T.);
#22037 = EDGE_CURVE('',#22030,#22030,#22038,.T.);
#22038 = CIRCLE('',#22039,8.);
#22039 = AXIS2_PLACEMENT_3D('',#22040,#22041,#22042);
#22040 = CARTESIAN_POINT('',(620.,210.,471.));
#22041 = DIRECTION('',(0.,0.,1.));
#22042 = DIRECTION('',(1.,0.,0.));
#22043 = ORIENTED_EDGE('',*,*,#22029,.T.);
#22044 = CYLINDRICAL_SURFACE('',#22045,8.);
#22045 = AXIS2_PLACEMENT_3D('',#22046,#22047,#22048);
#22046 = CARTESIAN_POINT('',(620.,210.,471.));
#22047 = DIRECTION('',(0.,0.,1.));
#22048 = DIRECTION('',(1.,0.,0.));
#22049 = ADVANCED_FACE('',(#22050),#22053,.T.);
#22050 = FACE_BOUND('',#22051,.T.);
#22051 = EDGE_LOOP('',(#22052));
#22052 = ORIENTED_EDGE('',*,*,#22020,.T.);
#22053 = PLANE('',#22054);
#22054 = AXIS2_PLACEMENT_3D('',#22055,#22056,#22057);
#22055 = CARTESIAN_POINT('',(620.,210.,485.));
#22056 = DIRECTION('',(0.,0.,1.));
#22057 = DIRECTION('',(1.,0.,0.));
#22058 = ADVANCED_FACE('',(#22059),#22062,.F.);
#22059 = FACE_BOUND('',#22060,.T.);
#22060 = EDGE_LOOP('',(#22061));
#22061 = ORIENTED_EDGE('',*,*,#22037,.F.);
#22062 = PLANE('',#22063);
#22063 = AXIS2_PLACEMENT_3D('',#22064,#22065,#22066);
#22064 = CARTESIAN_POINT('',(620.,210.,471.));
#22065 = DIRECTION('',(0.,0.,1.));
#22066 = DIRECTION('',(1.,0.,0.));
#22067 = MANIFOLD_SOLID_BREP('',#22068);
#22068 = CLOSED_SHELL('',(#22069,#22109,#22149,#22171,#22193,#22205));
#22069 = ADVANCED_FACE('',(#22070),#22104,.F.);
#22070 = FACE_BOUND('',#22071,.F.);
#22071 = EDGE_LOOP('',(#22072,#22082,#22090,#22098));
#22072 = ORIENTED_EDGE('',*,*,#22073,.F.);
#22073 = EDGE_CURVE('',#22074,#22076,#22078,.T.);
#22074 = VERTEX_POINT('',#22075);
#22075 = CARTESIAN_POINT('',(605.,172.,485.));
#22076 = VERTEX_POINT('',#22077);
#22077 = CARTESIAN_POINT('',(605.,172.,492.5));
#22078 = LINE('',#22079,#22080);
#22079 = CARTESIAN_POINT('',(605.,172.,485.));
#22080 = VECTOR('',#22081,1.);
#22081 = DIRECTION('',(0.,0.,1.));
#22082 = ORIENTED_EDGE('',*,*,#22083,.T.);
#22083 = EDGE_CURVE('',#22074,#22084,#22086,.T.);
#22084 = VERTEX_POINT('',#22085);
#22085 = CARTESIAN_POINT('',(605.,187.,485.));
#22086 = LINE('',#22087,#22088);
#22087 = CARTESIAN_POINT('',(605.,172.,485.));
#22088 = VECTOR('',#22089,1.);
#22089 = DIRECTION('',(0.,1.,0.));
#22090 = ORIENTED_EDGE('',*,*,#22091,.T.);
#22091 = EDGE_CURVE('',#22084,#22092,#22094,.T.);
#22092 = VERTEX_POINT('',#22093);
#22093 = CARTESIAN_POINT('',(605.,187.,492.5));
#22094 = LINE('',#22095,#22096);
#22095 = CARTESIAN_POINT('',(605.,187.,485.));
#22096 = VECTOR('',#22097,1.);
#22097 = DIRECTION('',(0.,0.,1.));
#22098 = ORIENTED_EDGE('',*,*,#22099,.F.);
#22099 = EDGE_CURVE('',#22076,#22092,#22100,.T.);
#22100 = LINE('',#22101,#22102);
#22101 = CARTESIAN_POINT('',(605.,172.,492.5));
#22102 = VECTOR('',#22103,1.);
#22103 = DIRECTION('',(0.,1.,0.));
#22104 = PLANE('',#22105);
#22105 = AXIS2_PLACEMENT_3D('',#22106,#22107,#22108);
#22106 = CARTESIAN_POINT('',(605.,172.,485.));
#22107 = DIRECTION('',(1.,0.,0.));
#22108 = DIRECTION('',(0.,0.,1.));
#22109 = ADVANCED_FACE('',(#22110),#22144,.T.);
#22110 = FACE_BOUND('',#22111,.T.);
#22111 = EDGE_LOOP('',(#22112,#22122,#22130,#22138));
#22112 = ORIENTED_EDGE('',*,*,#22113,.F.);
#22113 = EDGE_CURVE('',#22114,#22116,#22118,.T.);
#22114 = VERTEX_POINT('',#22115);
#22115 = CARTESIAN_POINT('',(635.,172.,485.));
#22116 = VERTEX_POINT('',#22117);
#22117 = CARTESIAN_POINT('',(635.,172.,492.5));
#22118 = LINE('',#22119,#22120);
#22119 = CARTESIAN_POINT('',(635.,172.,485.));
#22120 = VECTOR('',#22121,1.);
#22121 = DIRECTION('',(0.,0.,1.));
#22122 = ORIENTED_EDGE('',*,*,#22123,.T.);
#22123 = EDGE_CURVE('',#22114,#22124,#22126,.T.);
#22124 = VERTEX_POINT('',#22125);
#22125 = CARTESIAN_POINT('',(635.,187.,485.));
#22126 = LINE('',#22127,#22128);
#22127 = CARTESIAN_POINT('',(635.,172.,485.));
#22128 = VECTOR('',#22129,1.);
#22129 = DIRECTION('',(0.,1.,0.));
#22130 = ORIENTED_EDGE('',*,*,#22131,.T.);
#22131 = EDGE_CURVE('',#22124,#22132,#22134,.T.);
#22132 = VERTEX_POINT('',#22133);
#22133 = CARTESIAN_POINT('',(635.,187.,492.5));
#22134 = LINE('',#22135,#22136);
#22135 = CARTESIAN_POINT('',(635.,187.,485.));
#22136 = VECTOR('',#22137,1.);
#22137 = DIRECTION('',(0.,0.,1.));
#22138 = ORIENTED_EDGE('',*,*,#22139,.F.);
#22139 = EDGE_CURVE('',#22116,#22132,#22140,.T.);
#22140 = LINE('',#22141,#22142);
#22141 = CARTESIAN_POINT('',(635.,172.,492.5));
#22142 = VECTOR('',#22143,1.);
#22143 = DIRECTION('',(0.,1.,0.));
#22144 = PLANE('',#22145);
#22145 = AXIS2_PLACEMENT_3D('',#22146,#22147,#22148);
#22146 = CARTESIAN_POINT('',(635.,172.,485.));
#22147 = DIRECTION('',(1.,0.,0.));
#22148 = DIRECTION('',(0.,0.,1.));
#22149 = ADVANCED_FACE('',(#22150),#22166,.F.);
#22150 = FACE_BOUND('',#22151,.F.);
#22151 = EDGE_LOOP('',(#22152,#22158,#22159,#22165));
#22152 = ORIENTED_EDGE('',*,*,#22153,.F.);
#22153 = EDGE_CURVE('',#22074,#22114,#22154,.T.);
#22154 = LINE('',#22155,#22156);
#22155 = CARTESIAN_POINT('',(605.,172.,485.));
#22156 = VECTOR('',#22157,1.);
#22157 = DIRECTION('',(1.,0.,0.));
#22158 = ORIENTED_EDGE('',*,*,#22073,.T.);
#22159 = ORIENTED_EDGE('',*,*,#22160,.T.);
#22160 = EDGE_CURVE('',#22076,#22116,#22161,.T.);
#22161 = LINE('',#22162,#22163);
#22162 = CARTESIAN_POINT('',(605.,172.,492.5));
#22163 = VECTOR('',#22164,1.);
#22164 = DIRECTION('',(1.,0.,0.));
#22165 = ORIENTED_EDGE('',*,*,#22113,.F.);
#22166 = PLANE('',#22167);
#22167 = AXIS2_PLACEMENT_3D('',#22168,#22169,#22170);
#22168 = CARTESIAN_POINT('',(605.,172.,485.));
#22169 = DIRECTION('',(0.,1.,0.));
#22170 = DIRECTION('',(0.,0.,1.));
#22171 = ADVANCED_FACE('',(#22172),#22188,.T.);
#22172 = FACE_BOUND('',#22173,.T.);
#22173 = EDGE_LOOP('',(#22174,#22180,#22181,#22187));
#22174 = ORIENTED_EDGE('',*,*,#22175,.F.);
#22175 = EDGE_CURVE('',#22084,#22124,#22176,.T.);
#22176 = LINE('',#22177,#22178);
#22177 = CARTESIAN_POINT('',(605.,187.,485.));
#22178 = VECTOR('',#22179,1.);
#22179 = DIRECTION('',(1.,0.,0.));
#22180 = ORIENTED_EDGE('',*,*,#22091,.T.);
#22181 = ORIENTED_EDGE('',*,*,#22182,.T.);
#22182 = EDGE_CURVE('',#22092,#22132,#22183,.T.);
#22183 = LINE('',#22184,#22185);
#22184 = CARTESIAN_POINT('',(605.,187.,492.5));
#22185 = VECTOR('',#22186,1.);
#22186 = DIRECTION('',(1.,0.,0.));
#22187 = ORIENTED_EDGE('',*,*,#22131,.F.);
#22188 = PLANE('',#22189);
#22189 = AXIS2_PLACEMENT_3D('',#22190,#22191,#22192);
#22190 = CARTESIAN_POINT('',(605.,187.,485.));
#22191 = DIRECTION('',(0.,1.,0.));
#22192 = DIRECTION('',(0.,0.,1.));
#22193 = ADVANCED_FACE('',(#22194),#22200,.F.);
#22194 = FACE_BOUND('',#22195,.F.);
#22195 = EDGE_LOOP('',(#22196,#22197,#22198,#22199));
#22196 = ORIENTED_EDGE('',*,*,#22083,.F.);
#22197 = ORIENTED_EDGE('',*,*,#22153,.T.);
#22198 = ORIENTED_EDGE('',*,*,#22123,.T.);
#22199 = ORIENTED_EDGE('',*,*,#22175,.F.);
#22200 = PLANE('',#22201);
#22201 = AXIS2_PLACEMENT_3D('',#22202,#22203,#22204);
#22202 = CARTESIAN_POINT('',(605.,172.,485.));
#22203 = DIRECTION('',(0.,0.,1.));
#22204 = DIRECTION('',(1.,0.,0.));
#22205 = ADVANCED_FACE('',(#22206),#22212,.T.);
#22206 = FACE_BOUND('',#22207,.T.);
#22207 = EDGE_LOOP('',(#22208,#22209,#22210,#22211));
#22208 = ORIENTED_EDGE('',*,*,#22099,.F.);
#22209 = ORIENTED_EDGE('',*,*,#22160,.T.);
#22210 = ORIENTED_EDGE('',*,*,#22139,.T.);
#22211 = ORIENTED_EDGE('',*,*,#22182,.F.);
#22212 = PLANE('',#22213);
#22213 = AXIS2_PLACEMENT_3D('',#22214,#22215,#22216);
#22214 = CARTESIAN_POINT('',(605.,172.,492.5));
#22215 = DIRECTION('',(0.,0.,1.));
#22216 = DIRECTION('',(1.,0.,0.));
#22217 = MANIFOLD_SOLID_BREP('',#22218);
#22218 = CLOSED_SHELL('',(#22219,#22259,#22299,#22321,#22343,#22355));
#22219 = ADVANCED_FACE('',(#22220),#22254,.F.);
#22220 = FACE_BOUND('',#22221,.F.);
#22221 = EDGE_LOOP('',(#22222,#22232,#22240,#22248));
#22222 = ORIENTED_EDGE('',*,*,#22223,.F.);
#22223 = EDGE_CURVE('',#22224,#22226,#22228,.T.);
#22224 = VERTEX_POINT('',#22225);
#22225 = CARTESIAN_POINT('',(615.,175.,120.));
#22226 = VERTEX_POINT('',#22227);
#22227 = CARTESIAN_POINT('',(615.,175.,180.));
#22228 = LINE('',#22229,#22230);
#22229 = CARTESIAN_POINT('',(615.,175.,120.));
#22230 = VECTOR('',#22231,1.);
#22231 = DIRECTION('',(0.,0.,1.));
#22232 = ORIENTED_EDGE('',*,*,#22233,.T.);
#22233 = EDGE_CURVE('',#22224,#22234,#22236,.T.);
#22234 = VERTEX_POINT('',#22235);
#22235 = CARTESIAN_POINT('',(615.,245.,120.));
#22236 = LINE('',#22237,#22238);
#22237 = CARTESIAN_POINT('',(615.,175.,120.));
#22238 = VECTOR('',#22239,1.);
#22239 = DIRECTION('',(0.,1.,0.));
#22240 = ORIENTED_EDGE('',*,*,#22241,.T.);
#22241 = EDGE_CURVE('',#22234,#22242,#22244,.T.);
#22242 = VERTEX_POINT('',#22243);
#22243 = CARTESIAN_POINT('',(615.,245.,180.));
#22244 = LINE('',#22245,#22246);
#22245 = CARTESIAN_POINT('',(615.,245.,120.));
#22246 = VECTOR('',#22247,1.);
#22247 = DIRECTION('',(0.,0.,1.));
#22248 = ORIENTED_EDGE('',*,*,#22249,.F.);
#22249 = EDGE_CURVE('',#22226,#22242,#22250,.T.);
#22250 = LINE('',#22251,#22252);
#22251 = CARTESIAN_POINT('',(615.,175.,180.));
#22252 = VECTOR('',#22253,1.);
#22253 = DIRECTION('',(0.,1.,0.));
#22254 = PLANE('',#22255);
#22255 = AXIS2_PLACEMENT_3D('',#22256,#22257,#22258);
#22256 = CARTESIAN_POINT('',(615.,175.,120.));
#22257 = DIRECTION('',(1.,0.,0.));
#22258 = DIRECTION('',(0.,0.,1.));
#22259 = ADVANCED_FACE('',(#22260),#22294,.T.);
#22260 = FACE_BOUND('',#22261,.T.);
#22261 = EDGE_LOOP('',(#22262,#22272,#22280,#22288));
#22262 = ORIENTED_EDGE('',*,*,#22263,.F.);
#22263 = EDGE_CURVE('',#22264,#22266,#22268,.T.);
#22264 = VERTEX_POINT('',#22265);
#22265 = CARTESIAN_POINT('',(631.,175.,120.));
#22266 = VERTEX_POINT('',#22267);
#22267 = CARTESIAN_POINT('',(631.,175.,180.));
#22268 = LINE('',#22269,#22270);
#22269 = CARTESIAN_POINT('',(631.,175.,120.));
#22270 = VECTOR('',#22271,1.);
#22271 = DIRECTION('',(0.,0.,1.));
#22272 = ORIENTED_EDGE('',*,*,#22273,.T.);
#22273 = EDGE_CURVE('',#22264,#22274,#22276,.T.);
#22274 = VERTEX_POINT('',#22275);
#22275 = CARTESIAN_POINT('',(631.,245.,120.));
#22276 = LINE('',#22277,#22278);
#22277 = CARTESIAN_POINT('',(631.,175.,120.));
#22278 = VECTOR('',#22279,1.);
#22279 = DIRECTION('',(0.,1.,0.));
#22280 = ORIENTED_EDGE('',*,*,#22281,.T.);
#22281 = EDGE_CURVE('',#22274,#22282,#22284,.T.);
#22282 = VERTEX_POINT('',#22283);
#22283 = CARTESIAN_POINT('',(631.,245.,180.));
#22284 = LINE('',#22285,#22286);
#22285 = CARTESIAN_POINT('',(631.,245.,120.));
#22286 = VECTOR('',#22287,1.);
#22287 = DIRECTION('',(0.,0.,1.));
#22288 = ORIENTED_EDGE('',*,*,#22289,.F.);
#22289 = EDGE_CURVE('',#22266,#22282,#22290,.T.);
#22290 = LINE('',#22291,#22292);
#22291 = CARTESIAN_POINT('',(631.,175.,180.));
#22292 = VECTOR('',#22293,1.);
#22293 = DIRECTION('',(0.,1.,0.));
#22294 = PLANE('',#22295);
#22295 = AXIS2_PLACEMENT_3D('',#22296,#22297,#22298);
#22296 = CARTESIAN_POINT('',(631.,175.,120.));
#22297 = DIRECTION('',(1.,0.,0.));
#22298 = DIRECTION('',(0.,0.,1.));
#22299 = ADVANCED_FACE('',(#22300),#22316,.F.);
#22300 = FACE_BOUND('',#22301,.F.);
#22301 = EDGE_LOOP('',(#22302,#22308,#22309,#22315));
#22302 = ORIENTED_EDGE('',*,*,#22303,.F.);
#22303 = EDGE_CURVE('',#22224,#22264,#22304,.T.);
#22304 = LINE('',#22305,#22306);
#22305 = CARTESIAN_POINT('',(615.,175.,120.));
#22306 = VECTOR('',#22307,1.);
#22307 = DIRECTION('',(1.,0.,0.));
#22308 = ORIENTED_EDGE('',*,*,#22223,.T.);
#22309 = ORIENTED_EDGE('',*,*,#22310,.T.);
#22310 = EDGE_CURVE('',#22226,#22266,#22311,.T.);
#22311 = LINE('',#22312,#22313);
#22312 = CARTESIAN_POINT('',(615.,175.,180.));
#22313 = VECTOR('',#22314,1.);
#22314 = DIRECTION('',(1.,0.,0.));
#22315 = ORIENTED_EDGE('',*,*,#22263,.F.);
#22316 = PLANE('',#22317);
#22317 = AXIS2_PLACEMENT_3D('',#22318,#22319,#22320);
#22318 = CARTESIAN_POINT('',(615.,175.,120.));
#22319 = DIRECTION('',(0.,1.,0.));
#22320 = DIRECTION('',(0.,0.,1.));
#22321 = ADVANCED_FACE('',(#22322),#22338,.T.);
#22322 = FACE_BOUND('',#22323,.T.);
#22323 = EDGE_LOOP('',(#22324,#22330,#22331,#22337));
#22324 = ORIENTED_EDGE('',*,*,#22325,.F.);
#22325 = EDGE_CURVE('',#22234,#22274,#22326,.T.);
#22326 = LINE('',#22327,#22328);
#22327 = CARTESIAN_POINT('',(615.,245.,120.));
#22328 = VECTOR('',#22329,1.);
#22329 = DIRECTION('',(1.,0.,0.));
#22330 = ORIENTED_EDGE('',*,*,#22241,.T.);
#22331 = ORIENTED_EDGE('',*,*,#22332,.T.);
#22332 = EDGE_CURVE('',#22242,#22282,#22333,.T.);
#22333 = LINE('',#22334,#22335);
#22334 = CARTESIAN_POINT('',(615.,245.,180.));
#22335 = VECTOR('',#22336,1.);
#22336 = DIRECTION('',(1.,0.,0.));
#22337 = ORIENTED_EDGE('',*,*,#22281,.F.);
#22338 = PLANE('',#22339);
#22339 = AXIS2_PLACEMENT_3D('',#22340,#22341,#22342);
#22340 = CARTESIAN_POINT('',(615.,245.,120.));
#22341 = DIRECTION('',(0.,1.,0.));
#22342 = DIRECTION('',(0.,0.,1.));
#22343 = ADVANCED_FACE('',(#22344),#22350,.F.);
#22344 = FACE_BOUND('',#22345,.F.);
#22345 = EDGE_LOOP('',(#22346,#22347,#22348,#22349));
#22346 = ORIENTED_EDGE('',*,*,#22233,.F.);
#22347 = ORIENTED_EDGE('',*,*,#22303,.T.);
#22348 = ORIENTED_EDGE('',*,*,#22273,.T.);
#22349 = ORIENTED_EDGE('',*,*,#22325,.F.);
#22350 = PLANE('',#22351);
#22351 = AXIS2_PLACEMENT_3D('',#22352,#22353,#22354);
#22352 = CARTESIAN_POINT('',(615.,175.,120.));
#22353 = DIRECTION('',(0.,0.,1.));
#22354 = DIRECTION('',(1.,0.,0.));
#22355 = ADVANCED_FACE('',(#22356),#22362,.T.);
#22356 = FACE_BOUND('',#22357,.T.);
#22357 = EDGE_LOOP('',(#22358,#22359,#22360,#22361));
#22358 = ORIENTED_EDGE('',*,*,#22249,.F.);
#22359 = ORIENTED_EDGE('',*,*,#22310,.T.);
#22360 = ORIENTED_EDGE('',*,*,#22289,.T.);
#22361 = ORIENTED_EDGE('',*,*,#22332,.F.);
#22362 = PLANE('',#22363);
#22363 = AXIS2_PLACEMENT_3D('',#22364,#22365,#22366);
#22364 = CARTESIAN_POINT('',(615.,175.,180.));
#22365 = DIRECTION('',(0.,0.,1.));
#22366 = DIRECTION('',(1.,0.,0.));
#22367 = MANIFOLD_SOLID_BREP('',#22368);
#22368 = CLOSED_SHELL('',(#22369,#22409,#22449,#22471,#22493,#22505));
#22369 = ADVANCED_FACE('',(#22370),#22404,.F.);
#22370 = FACE_BOUND('',#22371,.F.);
#22371 = EDGE_LOOP('',(#22372,#22382,#22390,#22398));
#22372 = ORIENTED_EDGE('',*,*,#22373,.F.);
#22373 = EDGE_CURVE('',#22374,#22376,#22378,.T.);
#22374 = VERTEX_POINT('',#22375);
#22375 = CARTESIAN_POINT('',(699.,175.,120.));
#22376 = VERTEX_POINT('',#22377);
#22377 = CARTESIAN_POINT('',(699.,175.,180.));
#22378 = LINE('',#22379,#22380);
#22379 = CARTESIAN_POINT('',(699.,175.,120.));
#22380 = VECTOR('',#22381,1.);
#22381 = DIRECTION('',(0.,0.,1.));
#22382 = ORIENTED_EDGE('',*,*,#22383,.T.);
#22383 = EDGE_CURVE('',#22374,#22384,#22386,.T.);
#22384 = VERTEX_POINT('',#22385);
#22385 = CARTESIAN_POINT('',(699.,245.,120.));
#22386 = LINE('',#22387,#22388);
#22387 = CARTESIAN_POINT('',(699.,175.,120.));
#22388 = VECTOR('',#22389,1.);
#22389 = DIRECTION('',(0.,1.,0.));
#22390 = ORIENTED_EDGE('',*,*,#22391,.T.);
#22391 = EDGE_CURVE('',#22384,#22392,#22394,.T.);
#22392 = VERTEX_POINT('',#22393);
#22393 = CARTESIAN_POINT('',(699.,245.,180.));
#22394 = LINE('',#22395,#22396);
#22395 = CARTESIAN_POINT('',(699.,245.,120.));
#22396 = VECTOR('',#22397,1.);
#22397 = DIRECTION('',(0.,0.,1.));
#22398 = ORIENTED_EDGE('',*,*,#22399,.F.);
#22399 = EDGE_CURVE('',#22376,#22392,#22400,.T.);
#22400 = LINE('',#22401,#22402);
#22401 = CARTESIAN_POINT('',(699.,175.,180.));
#22402 = VECTOR('',#22403,1.);
#22403 = DIRECTION('',(0.,1.,0.));
#22404 = PLANE('',#22405);
#22405 = AXIS2_PLACEMENT_3D('',#22406,#22407,#22408);
#22406 = CARTESIAN_POINT('',(699.,175.,120.));
#22407 = DIRECTION('',(1.,0.,0.));
#22408 = DIRECTION('',(0.,0.,1.));
#22409 = ADVANCED_FACE('',(#22410),#22444,.T.);
#22410 = FACE_BOUND('',#22411,.T.);
#22411 = EDGE_LOOP('',(#22412,#22422,#22430,#22438));
#22412 = ORIENTED_EDGE('',*,*,#22413,.F.);
#22413 = EDGE_CURVE('',#22414,#22416,#22418,.T.);
#22414 = VERTEX_POINT('',#22415);
#22415 = CARTESIAN_POINT('',(715.,175.,120.));
#22416 = VERTEX_POINT('',#22417);
#22417 = CARTESIAN_POINT('',(715.,175.,180.));
#22418 = LINE('',#22419,#22420);
#22419 = CARTESIAN_POINT('',(715.,175.,120.));
#22420 = VECTOR('',#22421,1.);
#22421 = DIRECTION('',(0.,0.,1.));
#22422 = ORIENTED_EDGE('',*,*,#22423,.T.);
#22423 = EDGE_CURVE('',#22414,#22424,#22426,.T.);
#22424 = VERTEX_POINT('',#22425);
#22425 = CARTESIAN_POINT('',(715.,245.,120.));
#22426 = LINE('',#22427,#22428);
#22427 = CARTESIAN_POINT('',(715.,175.,120.));
#22428 = VECTOR('',#22429,1.);
#22429 = DIRECTION('',(0.,1.,0.));
#22430 = ORIENTED_EDGE('',*,*,#22431,.T.);
#22431 = EDGE_CURVE('',#22424,#22432,#22434,.T.);
#22432 = VERTEX_POINT('',#22433);
#22433 = CARTESIAN_POINT('',(715.,245.,180.));
#22434 = LINE('',#22435,#22436);
#22435 = CARTESIAN_POINT('',(715.,245.,120.));
#22436 = VECTOR('',#22437,1.);
#22437 = DIRECTION('',(0.,0.,1.));
#22438 = ORIENTED_EDGE('',*,*,#22439,.F.);
#22439 = EDGE_CURVE('',#22416,#22432,#22440,.T.);
#22440 = LINE('',#22441,#22442);
#22441 = CARTESIAN_POINT('',(715.,175.,180.));
#22442 = VECTOR('',#22443,1.);
#22443 = DIRECTION('',(0.,1.,0.));
#22444 = PLANE('',#22445);
#22445 = AXIS2_PLACEMENT_3D('',#22446,#22447,#22448);
#22446 = CARTESIAN_POINT('',(715.,175.,120.));
#22447 = DIRECTION('',(1.,0.,0.));
#22448 = DIRECTION('',(0.,0.,1.));
#22449 = ADVANCED_FACE('',(#22450),#22466,.F.);
#22450 = FACE_BOUND('',#22451,.F.);
#22451 = EDGE_LOOP('',(#22452,#22458,#22459,#22465));
#22452 = ORIENTED_EDGE('',*,*,#22453,.F.);
#22453 = EDGE_CURVE('',#22374,#22414,#22454,.T.);
#22454 = LINE('',#22455,#22456);
#22455 = CARTESIAN_POINT('',(699.,175.,120.));
#22456 = VECTOR('',#22457,1.);
#22457 = DIRECTION('',(1.,0.,0.));
#22458 = ORIENTED_EDGE('',*,*,#22373,.T.);
#22459 = ORIENTED_EDGE('',*,*,#22460,.T.);
#22460 = EDGE_CURVE('',#22376,#22416,#22461,.T.);
#22461 = LINE('',#22462,#22463);
#22462 = CARTESIAN_POINT('',(699.,175.,180.));
#22463 = VECTOR('',#22464,1.);
#22464 = DIRECTION('',(1.,0.,0.));
#22465 = ORIENTED_EDGE('',*,*,#22413,.F.);
#22466 = PLANE('',#22467);
#22467 = AXIS2_PLACEMENT_3D('',#22468,#22469,#22470);
#22468 = CARTESIAN_POINT('',(699.,175.,120.));
#22469 = DIRECTION('',(0.,1.,0.));
#22470 = DIRECTION('',(0.,0.,1.));
#22471 = ADVANCED_FACE('',(#22472),#22488,.T.);
#22472 = FACE_BOUND('',#22473,.T.);
#22473 = EDGE_LOOP('',(#22474,#22480,#22481,#22487));
#22474 = ORIENTED_EDGE('',*,*,#22475,.F.);
#22475 = EDGE_CURVE('',#22384,#22424,#22476,.T.);
#22476 = LINE('',#22477,#22478);
#22477 = CARTESIAN_POINT('',(699.,245.,120.));
#22478 = VECTOR('',#22479,1.);
#22479 = DIRECTION('',(1.,0.,0.));
#22480 = ORIENTED_EDGE('',*,*,#22391,.T.);
#22481 = ORIENTED_EDGE('',*,*,#22482,.T.);
#22482 = EDGE_CURVE('',#22392,#22432,#22483,.T.);
#22483 = LINE('',#22484,#22485);
#22484 = CARTESIAN_POINT('',(699.,245.,180.));
#22485 = VECTOR('',#22486,1.);
#22486 = DIRECTION('',(1.,0.,0.));
#22487 = ORIENTED_EDGE('',*,*,#22431,.F.);
#22488 = PLANE('',#22489);
#22489 = AXIS2_PLACEMENT_3D('',#22490,#22491,#22492);
#22490 = CARTESIAN_POINT('',(699.,245.,120.));
#22491 = DIRECTION('',(0.,1.,0.));
#22492 = DIRECTION('',(0.,0.,1.));
#22493 = ADVANCED_FACE('',(#22494),#22500,.F.);
#22494 = FACE_BOUND('',#22495,.F.);
#22495 = EDGE_LOOP('',(#22496,#22497,#22498,#22499));
#22496 = ORIENTED_EDGE('',*,*,#22383,.F.);
#22497 = ORIENTED_EDGE('',*,*,#22453,.T.);
#22498 = ORIENTED_EDGE('',*,*,#22423,.T.);
#22499 = ORIENTED_EDGE('',*,*,#22475,.F.);
#22500 = PLANE('',#22501);
#22501 = AXIS2_PLACEMENT_3D('',#22502,#22503,#22504);
#22502 = CARTESIAN_POINT('',(699.,175.,120.));
#22503 = DIRECTION('',(0.,0.,1.));
#22504 = DIRECTION('',(1.,0.,0.));
#22505 = ADVANCED_FACE('',(#22506),#22512,.T.);
#22506 = FACE_BOUND('',#22507,.T.);
#22507 = EDGE_LOOP('',(#22508,#22509,#22510,#22511));
#22508 = ORIENTED_EDGE('',*,*,#22399,.F.);
#22509 = ORIENTED_EDGE('',*,*,#22460,.T.);
#22510 = ORIENTED_EDGE('',*,*,#22439,.T.);
#22511 = ORIENTED_EDGE('',*,*,#22482,.F.);
#22512 = PLANE('',#22513);
#22513 = AXIS2_PLACEMENT_3D('',#22514,#22515,#22516);
#22514 = CARTESIAN_POINT('',(699.,175.,180.));
#22515 = DIRECTION('',(0.,0.,1.));
#22516 = DIRECTION('',(1.,0.,0.));
#22517 = MANIFOLD_SOLID_BREP('',#22518);
#22518 = CLOSED_SHELL('',(#22519,#22559,#22599,#22621,#22643,#22655));
#22519 = ADVANCED_FACE('',(#22520),#22554,.F.);
#22520 = FACE_BOUND('',#22521,.F.);
#22521 = EDGE_LOOP('',(#22522,#22532,#22540,#22548));
#22522 = ORIENTED_EDGE('',*,*,#22523,.F.);
#22523 = EDGE_CURVE('',#22524,#22526,#22528,.T.);
#22524 = VERTEX_POINT('',#22525);
#22525 = CARTESIAN_POINT('',(615.,175.,165.));
#22526 = VERTEX_POINT('',#22527);
#22527 = CARTESIAN_POINT('',(615.,175.,180.));
#22528 = LINE('',#22529,#22530);
#22529 = CARTESIAN_POINT('',(615.,175.,165.));
#22530 = VECTOR('',#22531,1.);
#22531 = DIRECTION('',(0.,0.,1.));
#22532 = ORIENTED_EDGE('',*,*,#22533,.T.);
#22533 = EDGE_CURVE('',#22524,#22534,#22536,.T.);
#22534 = VERTEX_POINT('',#22535);
#22535 = CARTESIAN_POINT('',(615.,245.,165.));
#22536 = LINE('',#22537,#22538);
#22537 = CARTESIAN_POINT('',(615.,175.,165.));
#22538 = VECTOR('',#22539,1.);
#22539 = DIRECTION('',(0.,1.,0.));
#22540 = ORIENTED_EDGE('',*,*,#22541,.T.);
#22541 = EDGE_CURVE('',#22534,#22542,#22544,.T.);
#22542 = VERTEX_POINT('',#22543);
#22543 = CARTESIAN_POINT('',(615.,245.,180.));
#22544 = LINE('',#22545,#22546);
#22545 = CARTESIAN_POINT('',(615.,245.,165.));
#22546 = VECTOR('',#22547,1.);
#22547 = DIRECTION('',(0.,0.,1.));
#22548 = ORIENTED_EDGE('',*,*,#22549,.F.);
#22549 = EDGE_CURVE('',#22526,#22542,#22550,.T.);
#22550 = LINE('',#22551,#22552);
#22551 = CARTESIAN_POINT('',(615.,175.,180.));
#22552 = VECTOR('',#22553,1.);
#22553 = DIRECTION('',(0.,1.,0.));
#22554 = PLANE('',#22555);
#22555 = AXIS2_PLACEMENT_3D('',#22556,#22557,#22558);
#22556 = CARTESIAN_POINT('',(615.,175.,165.));
#22557 = DIRECTION('',(1.,0.,0.));
#22558 = DIRECTION('',(0.,0.,1.));
#22559 = ADVANCED_FACE('',(#22560),#22594,.T.);
#22560 = FACE_BOUND('',#22561,.T.);
#22561 = EDGE_LOOP('',(#22562,#22572,#22580,#22588));
#22562 = ORIENTED_EDGE('',*,*,#22563,.F.);
#22563 = EDGE_CURVE('',#22564,#22566,#22568,.T.);
#22564 = VERTEX_POINT('',#22565);
#22565 = CARTESIAN_POINT('',(715.,175.,165.));
#22566 = VERTEX_POINT('',#22567);
#22567 = CARTESIAN_POINT('',(715.,175.,180.));
#22568 = LINE('',#22569,#22570);
#22569 = CARTESIAN_POINT('',(715.,175.,165.));
#22570 = VECTOR('',#22571,1.);
#22571 = DIRECTION('',(0.,0.,1.));
#22572 = ORIENTED_EDGE('',*,*,#22573,.T.);
#22573 = EDGE_CURVE('',#22564,#22574,#22576,.T.);
#22574 = VERTEX_POINT('',#22575);
#22575 = CARTESIAN_POINT('',(715.,245.,165.));
#22576 = LINE('',#22577,#22578);
#22577 = CARTESIAN_POINT('',(715.,175.,165.));
#22578 = VECTOR('',#22579,1.);
#22579 = DIRECTION('',(0.,1.,0.));
#22580 = ORIENTED_EDGE('',*,*,#22581,.T.);
#22581 = EDGE_CURVE('',#22574,#22582,#22584,.T.);
#22582 = VERTEX_POINT('',#22583);
#22583 = CARTESIAN_POINT('',(715.,245.,180.));
#22584 = LINE('',#22585,#22586);
#22585 = CARTESIAN_POINT('',(715.,245.,165.));
#22586 = VECTOR('',#22587,1.);
#22587 = DIRECTION('',(0.,0.,1.));
#22588 = ORIENTED_EDGE('',*,*,#22589,.F.);
#22589 = EDGE_CURVE('',#22566,#22582,#22590,.T.);
#22590 = LINE('',#22591,#22592);
#22591 = CARTESIAN_POINT('',(715.,175.,180.));
#22592 = VECTOR('',#22593,1.);
#22593 = DIRECTION('',(0.,1.,0.));
#22594 = PLANE('',#22595);
#22595 = AXIS2_PLACEMENT_3D('',#22596,#22597,#22598);
#22596 = CARTESIAN_POINT('',(715.,175.,165.));
#22597 = DIRECTION('',(1.,0.,0.));
#22598 = DIRECTION('',(0.,0.,1.));
#22599 = ADVANCED_FACE('',(#22600),#22616,.F.);
#22600 = FACE_BOUND('',#22601,.F.);
#22601 = EDGE_LOOP('',(#22602,#22608,#22609,#22615));
#22602 = ORIENTED_EDGE('',*,*,#22603,.F.);
#22603 = EDGE_CURVE('',#22524,#22564,#22604,.T.);
#22604 = LINE('',#22605,#22606);
#22605 = CARTESIAN_POINT('',(615.,175.,165.));
#22606 = VECTOR('',#22607,1.);
#22607 = DIRECTION('',(1.,0.,0.));
#22608 = ORIENTED_EDGE('',*,*,#22523,.T.);
#22609 = ORIENTED_EDGE('',*,*,#22610,.T.);
#22610 = EDGE_CURVE('',#22526,#22566,#22611,.T.);
#22611 = LINE('',#22612,#22613);
#22612 = CARTESIAN_POINT('',(615.,175.,180.));
#22613 = VECTOR('',#22614,1.);
#22614 = DIRECTION('',(1.,0.,0.));
#22615 = ORIENTED_EDGE('',*,*,#22563,.F.);
#22616 = PLANE('',#22617);
#22617 = AXIS2_PLACEMENT_3D('',#22618,#22619,#22620);
#22618 = CARTESIAN_POINT('',(615.,175.,165.));
#22619 = DIRECTION('',(0.,1.,0.));
#22620 = DIRECTION('',(0.,0.,1.));
#22621 = ADVANCED_FACE('',(#22622),#22638,.T.);
#22622 = FACE_BOUND('',#22623,.T.);
#22623 = EDGE_LOOP('',(#22624,#22630,#22631,#22637));
#22624 = ORIENTED_EDGE('',*,*,#22625,.F.);
#22625 = EDGE_CURVE('',#22534,#22574,#22626,.T.);
#22626 = LINE('',#22627,#22628);
#22627 = CARTESIAN_POINT('',(615.,245.,165.));
#22628 = VECTOR('',#22629,1.);
#22629 = DIRECTION('',(1.,0.,0.));
#22630 = ORIENTED_EDGE('',*,*,#22541,.T.);
#22631 = ORIENTED_EDGE('',*,*,#22632,.T.);
#22632 = EDGE_CURVE('',#22542,#22582,#22633,.T.);
#22633 = LINE('',#22634,#22635);
#22634 = CARTESIAN_POINT('',(615.,245.,180.));
#22635 = VECTOR('',#22636,1.);
#22636 = DIRECTION('',(1.,0.,0.));
#22637 = ORIENTED_EDGE('',*,*,#22581,.F.);
#22638 = PLANE('',#22639);
#22639 = AXIS2_PLACEMENT_3D('',#22640,#22641,#22642);
#22640 = CARTESIAN_POINT('',(615.,245.,165.));
#22641 = DIRECTION('',(0.,1.,0.));
#22642 = DIRECTION('',(0.,0.,1.));
#22643 = ADVANCED_FACE('',(#22644),#22650,.F.);
#22644 = FACE_BOUND('',#22645,.F.);
#22645 = EDGE_LOOP('',(#22646,#22647,#22648,#22649));
#22646 = ORIENTED_EDGE('',*,*,#22533,.F.);
#22647 = ORIENTED_EDGE('',*,*,#22603,.T.);
#22648 = ORIENTED_EDGE('',*,*,#22573,.T.);
#22649 = ORIENTED_EDGE('',*,*,#22625,.F.);
#22650 = PLANE('',#22651);
#22651 = AXIS2_PLACEMENT_3D('',#22652,#22653,#22654);
#22652 = CARTESIAN_POINT('',(615.,175.,165.));
#22653 = DIRECTION('',(0.,0.,1.));
#22654 = DIRECTION('',(1.,0.,0.));
#22655 = ADVANCED_FACE('',(#22656),#22662,.T.);
#22656 = FACE_BOUND('',#22657,.T.);
#22657 = EDGE_LOOP('',(#22658,#22659,#22660,#22661));
#22658 = ORIENTED_EDGE('',*,*,#22549,.F.);
#22659 = ORIENTED_EDGE('',*,*,#22610,.T.);
#22660 = ORIENTED_EDGE('',*,*,#22589,.T.);
#22661 = ORIENTED_EDGE('',*,*,#22632,.F.);
#22662 = PLANE('',#22663);
#22663 = AXIS2_PLACEMENT_3D('',#22664,#22665,#22666);
#22664 = CARTESIAN_POINT('',(615.,175.,180.));
#22665 = DIRECTION('',(0.,0.,1.));
#22666 = DIRECTION('',(1.,0.,0.));
#22667 = MANIFOLD_SOLID_BREP('',#22668);
#22668 = CLOSED_SHELL('',(#22669,#22709,#22749,#22771,#22793,#22805));
#22669 = ADVANCED_FACE('',(#22670),#22704,.F.);
#22670 = FACE_BOUND('',#22671,.F.);
#22671 = EDGE_LOOP('',(#22672,#22682,#22690,#22698));
#22672 = ORIENTED_EDGE('',*,*,#22673,.F.);
#22673 = EDGE_CURVE('',#22674,#22676,#22678,.T.);
#22674 = VERTEX_POINT('',#22675);
#22675 = CARTESIAN_POINT('',(615.,185.,100.));
#22676 = VERTEX_POINT('',#22677);
#22677 = CARTESIAN_POINT('',(615.,185.,120.));
#22678 = LINE('',#22679,#22680);
#22679 = CARTESIAN_POINT('',(615.,185.,100.));
#22680 = VECTOR('',#22681,1.);
#22681 = DIRECTION('',(0.,0.,1.));
#22682 = ORIENTED_EDGE('',*,*,#22683,.T.);
#22683 = EDGE_CURVE('',#22674,#22684,#22686,.T.);
#22684 = VERTEX_POINT('',#22685);
#22685 = CARTESIAN_POINT('',(615.,235.,100.));
#22686 = LINE('',#22687,#22688);
#22687 = CARTESIAN_POINT('',(615.,185.,100.));
#22688 = VECTOR('',#22689,1.);
#22689 = DIRECTION('',(0.,1.,0.));
#22690 = ORIENTED_EDGE('',*,*,#22691,.T.);
#22691 = EDGE_CURVE('',#22684,#22692,#22694,.T.);
#22692 = VERTEX_POINT('',#22693);
#22693 = CARTESIAN_POINT('',(615.,235.,120.));
#22694 = LINE('',#22695,#22696);
#22695 = CARTESIAN_POINT('',(615.,235.,100.));
#22696 = VECTOR('',#22697,1.);
#22697 = DIRECTION('',(0.,0.,1.));
#22698 = ORIENTED_EDGE('',*,*,#22699,.F.);
#22699 = EDGE_CURVE('',#22676,#22692,#22700,.T.);
#22700 = LINE('',#22701,#22702);
#22701 = CARTESIAN_POINT('',(615.,185.,120.));
#22702 = VECTOR('',#22703,1.);
#22703 = DIRECTION('',(0.,1.,0.));
#22704 = PLANE('',#22705);
#22705 = AXIS2_PLACEMENT_3D('',#22706,#22707,#22708);
#22706 = CARTESIAN_POINT('',(615.,185.,100.));
#22707 = DIRECTION('',(1.,0.,0.));
#22708 = DIRECTION('',(0.,0.,1.));
#22709 = ADVANCED_FACE('',(#22710),#22744,.T.);
#22710 = FACE_BOUND('',#22711,.T.);
#22711 = EDGE_LOOP('',(#22712,#22722,#22730,#22738));
#22712 = ORIENTED_EDGE('',*,*,#22713,.F.);
#22713 = EDGE_CURVE('',#22714,#22716,#22718,.T.);
#22714 = VERTEX_POINT('',#22715);
#22715 = CARTESIAN_POINT('',(715.,185.,100.));
#22716 = VERTEX_POINT('',#22717);
#22717 = CARTESIAN_POINT('',(715.,185.,120.));
#22718 = LINE('',#22719,#22720);
#22719 = CARTESIAN_POINT('',(715.,185.,100.));
#22720 = VECTOR('',#22721,1.);
#22721 = DIRECTION('',(0.,0.,1.));
#22722 = ORIENTED_EDGE('',*,*,#22723,.T.);
#22723 = EDGE_CURVE('',#22714,#22724,#22726,.T.);
#22724 = VERTEX_POINT('',#22725);
#22725 = CARTESIAN_POINT('',(715.,235.,100.));
#22726 = LINE('',#22727,#22728);
#22727 = CARTESIAN_POINT('',(715.,185.,100.));
#22728 = VECTOR('',#22729,1.);
#22729 = DIRECTION('',(0.,1.,0.));
#22730 = ORIENTED_EDGE('',*,*,#22731,.T.);
#22731 = EDGE_CURVE('',#22724,#22732,#22734,.T.);
#22732 = VERTEX_POINT('',#22733);
#22733 = CARTESIAN_POINT('',(715.,235.,120.));
#22734 = LINE('',#22735,#22736);
#22735 = CARTESIAN_POINT('',(715.,235.,100.));
#22736 = VECTOR('',#22737,1.);
#22737 = DIRECTION('',(0.,0.,1.));
#22738 = ORIENTED_EDGE('',*,*,#22739,.F.);
#22739 = EDGE_CURVE('',#22716,#22732,#22740,.T.);
#22740 = LINE('',#22741,#22742);
#22741 = CARTESIAN_POINT('',(715.,185.,120.));
#22742 = VECTOR('',#22743,1.);
#22743 = DIRECTION('',(0.,1.,0.));
#22744 = PLANE('',#22745);
#22745 = AXIS2_PLACEMENT_3D('',#22746,#22747,#22748);
#22746 = CARTESIAN_POINT('',(715.,185.,100.));
#22747 = DIRECTION('',(1.,0.,0.));
#22748 = DIRECTION('',(0.,0.,1.));
#22749 = ADVANCED_FACE('',(#22750),#22766,.F.);
#22750 = FACE_BOUND('',#22751,.F.);
#22751 = EDGE_LOOP('',(#22752,#22758,#22759,#22765));
#22752 = ORIENTED_EDGE('',*,*,#22753,.F.);
#22753 = EDGE_CURVE('',#22674,#22714,#22754,.T.);
#22754 = LINE('',#22755,#22756);
#22755 = CARTESIAN_POINT('',(615.,185.,100.));
#22756 = VECTOR('',#22757,1.);
#22757 = DIRECTION('',(1.,0.,0.));
#22758 = ORIENTED_EDGE('',*,*,#22673,.T.);
#22759 = ORIENTED_EDGE('',*,*,#22760,.T.);
#22760 = EDGE_CURVE('',#22676,#22716,#22761,.T.);
#22761 = LINE('',#22762,#22763);
#22762 = CARTESIAN_POINT('',(615.,185.,120.));
#22763 = VECTOR('',#22764,1.);
#22764 = DIRECTION('',(1.,0.,0.));
#22765 = ORIENTED_EDGE('',*,*,#22713,.F.);
#22766 = PLANE('',#22767);
#22767 = AXIS2_PLACEMENT_3D('',#22768,#22769,#22770);
#22768 = CARTESIAN_POINT('',(615.,185.,100.));
#22769 = DIRECTION('',(0.,1.,0.));
#22770 = DIRECTION('',(0.,0.,1.));
#22771 = ADVANCED_FACE('',(#22772),#22788,.T.);
#22772 = FACE_BOUND('',#22773,.T.);
#22773 = EDGE_LOOP('',(#22774,#22780,#22781,#22787));
#22774 = ORIENTED_EDGE('',*,*,#22775,.F.);
#22775 = EDGE_CURVE('',#22684,#22724,#22776,.T.);
#22776 = LINE('',#22777,#22778);
#22777 = CARTESIAN_POINT('',(615.,235.,100.));
#22778 = VECTOR('',#22779,1.);
#22779 = DIRECTION('',(1.,0.,0.));
#22780 = ORIENTED_EDGE('',*,*,#22691,.T.);
#22781 = ORIENTED_EDGE('',*,*,#22782,.T.);
#22782 = EDGE_CURVE('',#22692,#22732,#22783,.T.);
#22783 = LINE('',#22784,#22785);
#22784 = CARTESIAN_POINT('',(615.,235.,120.));
#22785 = VECTOR('',#22786,1.);
#22786 = DIRECTION('',(1.,0.,0.));
#22787 = ORIENTED_EDGE('',*,*,#22731,.F.);
#22788 = PLANE('',#22789);
#22789 = AXIS2_PLACEMENT_3D('',#22790,#22791,#22792);
#22790 = CARTESIAN_POINT('',(615.,235.,100.));
#22791 = DIRECTION('',(0.,1.,0.));
#22792 = DIRECTION('',(0.,0.,1.));
#22793 = ADVANCED_FACE('',(#22794),#22800,.F.);
#22794 = FACE_BOUND('',#22795,.F.);
#22795 = EDGE_LOOP('',(#22796,#22797,#22798,#22799));
#22796 = ORIENTED_EDGE('',*,*,#22683,.F.);
#22797 = ORIENTED_EDGE('',*,*,#22753,.T.);
#22798 = ORIENTED_EDGE('',*,*,#22723,.T.);
#22799 = ORIENTED_EDGE('',*,*,#22775,.F.);
#22800 = PLANE('',#22801);
#22801 = AXIS2_PLACEMENT_3D('',#22802,#22803,#22804);
#22802 = CARTESIAN_POINT('',(615.,185.,100.));
#22803 = DIRECTION('',(0.,0.,1.));
#22804 = DIRECTION('',(1.,0.,0.));
#22805 = ADVANCED_FACE('',(#22806),#22812,.T.);
#22806 = FACE_BOUND('',#22807,.T.);
#22807 = EDGE_LOOP('',(#22808,#22809,#22810,#22811));
#22808 = ORIENTED_EDGE('',*,*,#22699,.F.);
#22809 = ORIENTED_EDGE('',*,*,#22760,.T.);
#22810 = ORIENTED_EDGE('',*,*,#22739,.T.);
#22811 = ORIENTED_EDGE('',*,*,#22782,.F.);
#22812 = PLANE('',#22813);
#22813 = AXIS2_PLACEMENT_3D('',#22814,#22815,#22816);
#22814 = CARTESIAN_POINT('',(615.,185.,120.));
#22815 = DIRECTION('',(0.,0.,1.));
#22816 = DIRECTION('',(1.,0.,0.));
#22817 = MANIFOLD_SOLID_BREP('',#22818);
#22818 = CLOSED_SHELL('',(#22819,#22859,#22899,#22921,#22943,#22955));
#22819 = ADVANCED_FACE('',(#22820),#22854,.F.);
#22820 = FACE_BOUND('',#22821,.F.);
#22821 = EDGE_LOOP('',(#22822,#22832,#22840,#22848));
#22822 = ORIENTED_EDGE('',*,*,#22823,.F.);
#22823 = EDGE_CURVE('',#22824,#22826,#22828,.T.);
#22824 = VERTEX_POINT('',#22825);
#22825 = CARTESIAN_POINT('',(651.,130.,100.));
#22826 = VERTEX_POINT('',#22827);
#22827 = CARTESIAN_POINT('',(651.,130.,120.));
#22828 = LINE('',#22829,#22830);
#22829 = CARTESIAN_POINT('',(651.,130.,100.));
#22830 = VECTOR('',#22831,1.);
#22831 = DIRECTION('',(0.,0.,1.));
#22832 = ORIENTED_EDGE('',*,*,#22833,.T.);
#22833 = EDGE_CURVE('',#22824,#22834,#22836,.T.);
#22834 = VERTEX_POINT('',#22835);
#22835 = CARTESIAN_POINT('',(651.,290.,100.));
#22836 = LINE('',#22837,#22838);
#22837 = CARTESIAN_POINT('',(651.,130.,100.));
#22838 = VECTOR('',#22839,1.);
#22839 = DIRECTION('',(0.,1.,0.));
#22840 = ORIENTED_EDGE('',*,*,#22841,.T.);
#22841 = EDGE_CURVE('',#22834,#22842,#22844,.T.);
#22842 = VERTEX_POINT('',#22843);
#22843 = CARTESIAN_POINT('',(651.,290.,120.));
#22844 = LINE('',#22845,#22846);
#22845 = CARTESIAN_POINT('',(651.,290.,100.));
#22846 = VECTOR('',#22847,1.);
#22847 = DIRECTION('',(0.,0.,1.));
#22848 = ORIENTED_EDGE('',*,*,#22849,.F.);
#22849 = EDGE_CURVE('',#22826,#22842,#22850,.T.);
#22850 = LINE('',#22851,#22852);
#22851 = CARTESIAN_POINT('',(651.,130.,120.));
#22852 = VECTOR('',#22853,1.);
#22853 = DIRECTION('',(0.,1.,0.));
#22854 = PLANE('',#22855);
#22855 = AXIS2_PLACEMENT_3D('',#22856,#22857,#22858);
#22856 = CARTESIAN_POINT('',(651.,130.,100.));
#22857 = DIRECTION('',(1.,0.,0.));
#22858 = DIRECTION('',(0.,0.,1.));
#22859 = ADVANCED_FACE('',(#22860),#22894,.T.);
#22860 = FACE_BOUND('',#22861,.T.);
#22861 = EDGE_LOOP('',(#22862,#22872,#22880,#22888));
#22862 = ORIENTED_EDGE('',*,*,#22863,.F.);
#22863 = EDGE_CURVE('',#22864,#22866,#22868,.T.);
#22864 = VERTEX_POINT('',#22865);
#22865 = CARTESIAN_POINT('',(679.,130.,100.));
#22866 = VERTEX_POINT('',#22867);
#22867 = CARTESIAN_POINT('',(679.,130.,120.));
#22868 = LINE('',#22869,#22870);
#22869 = CARTESIAN_POINT('',(679.,130.,100.));
#22870 = VECTOR('',#22871,1.);
#22871 = DIRECTION('',(0.,0.,1.));
#22872 = ORIENTED_EDGE('',*,*,#22873,.T.);
#22873 = EDGE_CURVE('',#22864,#22874,#22876,.T.);
#22874 = VERTEX_POINT('',#22875);
#22875 = CARTESIAN_POINT('',(679.,290.,100.));
#22876 = LINE('',#22877,#22878);
#22877 = CARTESIAN_POINT('',(679.,130.,100.));
#22878 = VECTOR('',#22879,1.);
#22879 = DIRECTION('',(0.,1.,0.));
#22880 = ORIENTED_EDGE('',*,*,#22881,.T.);
#22881 = EDGE_CURVE('',#22874,#22882,#22884,.T.);
#22882 = VERTEX_POINT('',#22883);
#22883 = CARTESIAN_POINT('',(679.,290.,120.));
#22884 = LINE('',#22885,#22886);
#22885 = CARTESIAN_POINT('',(679.,290.,100.));
#22886 = VECTOR('',#22887,1.);
#22887 = DIRECTION('',(0.,0.,1.));
#22888 = ORIENTED_EDGE('',*,*,#22889,.F.);
#22889 = EDGE_CURVE('',#22866,#22882,#22890,.T.);
#22890 = LINE('',#22891,#22892);
#22891 = CARTESIAN_POINT('',(679.,130.,120.));
#22892 = VECTOR('',#22893,1.);
#22893 = DIRECTION('',(0.,1.,0.));
#22894 = PLANE('',#22895);
#22895 = AXIS2_PLACEMENT_3D('',#22896,#22897,#22898);
#22896 = CARTESIAN_POINT('',(679.,130.,100.));
#22897 = DIRECTION('',(1.,0.,0.));
#22898 = DIRECTION('',(0.,0.,1.));
#22899 = ADVANCED_FACE('',(#22900),#22916,.F.);
#22900 = FACE_BOUND('',#22901,.F.);
#22901 = EDGE_LOOP('',(#22902,#22908,#22909,#22915));
#22902 = ORIENTED_EDGE('',*,*,#22903,.F.);
#22903 = EDGE_CURVE('',#22824,#22864,#22904,.T.);
#22904 = LINE('',#22905,#22906);
#22905 = CARTESIAN_POINT('',(651.,130.,100.));
#22906 = VECTOR('',#22907,1.);
#22907 = DIRECTION('',(1.,0.,0.));
#22908 = ORIENTED_EDGE('',*,*,#22823,.T.);
#22909 = ORIENTED_EDGE('',*,*,#22910,.T.);
#22910 = EDGE_CURVE('',#22826,#22866,#22911,.T.);
#22911 = LINE('',#22912,#22913);
#22912 = CARTESIAN_POINT('',(651.,130.,120.));
#22913 = VECTOR('',#22914,1.);
#22914 = DIRECTION('',(1.,0.,0.));
#22915 = ORIENTED_EDGE('',*,*,#22863,.F.);
#22916 = PLANE('',#22917);
#22917 = AXIS2_PLACEMENT_3D('',#22918,#22919,#22920);
#22918 = CARTESIAN_POINT('',(651.,130.,100.));
#22919 = DIRECTION('',(0.,1.,0.));
#22920 = DIRECTION('',(0.,0.,1.));
#22921 = ADVANCED_FACE('',(#22922),#22938,.T.);
#22922 = FACE_BOUND('',#22923,.T.);
#22923 = EDGE_LOOP('',(#22924,#22930,#22931,#22937));
#22924 = ORIENTED_EDGE('',*,*,#22925,.F.);
#22925 = EDGE_CURVE('',#22834,#22874,#22926,.T.);
#22926 = LINE('',#22927,#22928);
#22927 = CARTESIAN_POINT('',(651.,290.,100.));
#22928 = VECTOR('',#22929,1.);
#22929 = DIRECTION('',(1.,0.,0.));
#22930 = ORIENTED_EDGE('',*,*,#22841,.T.);
#22931 = ORIENTED_EDGE('',*,*,#22932,.T.);
#22932 = EDGE_CURVE('',#22842,#22882,#22933,.T.);
#22933 = LINE('',#22934,#22935);
#22934 = CARTESIAN_POINT('',(651.,290.,120.));
#22935 = VECTOR('',#22936,1.);
#22936 = DIRECTION('',(1.,0.,0.));
#22937 = ORIENTED_EDGE('',*,*,#22881,.F.);
#22938 = PLANE('',#22939);
#22939 = AXIS2_PLACEMENT_3D('',#22940,#22941,#22942);
#22940 = CARTESIAN_POINT('',(651.,290.,100.));
#22941 = DIRECTION('',(0.,1.,0.));
#22942 = DIRECTION('',(0.,0.,1.));
#22943 = ADVANCED_FACE('',(#22944),#22950,.F.);
#22944 = FACE_BOUND('',#22945,.F.);
#22945 = EDGE_LOOP('',(#22946,#22947,#22948,#22949));
#22946 = ORIENTED_EDGE('',*,*,#22833,.F.);
#22947 = ORIENTED_EDGE('',*,*,#22903,.T.);
#22948 = ORIENTED_EDGE('',*,*,#22873,.T.);
#22949 = ORIENTED_EDGE('',*,*,#22925,.F.);
#22950 = PLANE('',#22951);
#22951 = AXIS2_PLACEMENT_3D('',#22952,#22953,#22954);
#22952 = CARTESIAN_POINT('',(651.,130.,100.));
#22953 = DIRECTION('',(0.,0.,1.));
#22954 = DIRECTION('',(1.,0.,0.));
#22955 = ADVANCED_FACE('',(#22956),#22962,.T.);
#22956 = FACE_BOUND('',#22957,.T.);
#22957 = EDGE_LOOP('',(#22958,#22959,#22960,#22961));
#22958 = ORIENTED_EDGE('',*,*,#22849,.F.);
#22959 = ORIENTED_EDGE('',*,*,#22910,.T.);
#22960 = ORIENTED_EDGE('',*,*,#22889,.T.);
#22961 = ORIENTED_EDGE('',*,*,#22932,.F.);
#22962 = PLANE('',#22963);
#22963 = AXIS2_PLACEMENT_3D('',#22964,#22965,#22966);
#22964 = CARTESIAN_POINT('',(651.,130.,120.));
#22965 = DIRECTION('',(0.,0.,1.));
#22966 = DIRECTION('',(1.,0.,0.));
#22967 = MANIFOLD_SOLID_BREP('',#22968);
#22968 = CLOSED_SHELL('',(#22969,#23009,#23049,#23071,#23093,#23105));
#22969 = ADVANCED_FACE('',(#22970),#23004,.F.);
#22970 = FACE_BOUND('',#22971,.F.);
#22971 = EDGE_LOOP('',(#22972,#22982,#22990,#22998));
#22972 = ORIENTED_EDGE('',*,*,#22973,.F.);
#22973 = EDGE_CURVE('',#22974,#22976,#22978,.T.);
#22974 = VERTEX_POINT('',#22975);
#22975 = CARTESIAN_POINT('',(650.,70.,95.));
#22976 = VERTEX_POINT('',#22977);
#22977 = CARTESIAN_POINT('',(650.,70.,125.));
#22978 = LINE('',#22979,#22980);
#22979 = CARTESIAN_POINT('',(650.,70.,95.));
#22980 = VECTOR('',#22981,1.);
#22981 = DIRECTION('',(0.,0.,1.));
#22982 = ORIENTED_EDGE('',*,*,#22983,.T.);
#22983 = EDGE_CURVE('',#22974,#22984,#22986,.T.);
#22984 = VERTEX_POINT('',#22985);
#22985 = CARTESIAN_POINT('',(650.,130.,95.));
#22986 = LINE('',#22987,#22988);
#22987 = CARTESIAN_POINT('',(650.,70.,95.));
#22988 = VECTOR('',#22989,1.);
#22989 = DIRECTION('',(0.,1.,0.));
#22990 = ORIENTED_EDGE('',*,*,#22991,.T.);
#22991 = EDGE_CURVE('',#22984,#22992,#22994,.T.);
#22992 = VERTEX_POINT('',#22993);
#22993 = CARTESIAN_POINT('',(650.,130.,125.));
#22994 = LINE('',#22995,#22996);
#22995 = CARTESIAN_POINT('',(650.,130.,95.));
#22996 = VECTOR('',#22997,1.);
#22997 = DIRECTION('',(0.,0.,1.));
#22998 = ORIENTED_EDGE('',*,*,#22999,.F.);
#22999 = EDGE_CURVE('',#22976,#22992,#23000,.T.);
#23000 = LINE('',#23001,#23002);
#23001 = CARTESIAN_POINT('',(650.,70.,125.));
#23002 = VECTOR('',#23003,1.);
#23003 = DIRECTION('',(0.,1.,0.));
#23004 = PLANE('',#23005);
#23005 = AXIS2_PLACEMENT_3D('',#23006,#23007,#23008);
#23006 = CARTESIAN_POINT('',(650.,70.,95.));
#23007 = DIRECTION('',(1.,0.,0.));
#23008 = DIRECTION('',(0.,0.,1.));
#23009 = ADVANCED_FACE('',(#23010),#23044,.T.);
#23010 = FACE_BOUND('',#23011,.T.);
#23011 = EDGE_LOOP('',(#23012,#23022,#23030,#23038));
#23012 = ORIENTED_EDGE('',*,*,#23013,.F.);
#23013 = EDGE_CURVE('',#23014,#23016,#23018,.T.);
#23014 = VERTEX_POINT('',#23015);
#23015 = CARTESIAN_POINT('',(680.,70.,95.));
#23016 = VERTEX_POINT('',#23017);
#23017 = CARTESIAN_POINT('',(680.,70.,125.));
#23018 = LINE('',#23019,#23020);
#23019 = CARTESIAN_POINT('',(680.,70.,95.));
#23020 = VECTOR('',#23021,1.);
#23021 = DIRECTION('',(0.,0.,1.));
#23022 = ORIENTED_EDGE('',*,*,#23023,.T.);
#23023 = EDGE_CURVE('',#23014,#23024,#23026,.T.);
#23024 = VERTEX_POINT('',#23025);
#23025 = CARTESIAN_POINT('',(680.,130.,95.));
#23026 = LINE('',#23027,#23028);
#23027 = CARTESIAN_POINT('',(680.,70.,95.));
#23028 = VECTOR('',#23029,1.);
#23029 = DIRECTION('',(0.,1.,0.));
#23030 = ORIENTED_EDGE('',*,*,#23031,.T.);
#23031 = EDGE_CURVE('',#23024,#23032,#23034,.T.);
#23032 = VERTEX_POINT('',#23033);
#23033 = CARTESIAN_POINT('',(680.,130.,125.));
#23034 = LINE('',#23035,#23036);
#23035 = CARTESIAN_POINT('',(680.,130.,95.));
#23036 = VECTOR('',#23037,1.);
#23037 = DIRECTION('',(0.,0.,1.));
#23038 = ORIENTED_EDGE('',*,*,#23039,.F.);
#23039 = EDGE_CURVE('',#23016,#23032,#23040,.T.);
#23040 = LINE('',#23041,#23042);
#23041 = CARTESIAN_POINT('',(680.,70.,125.));
#23042 = VECTOR('',#23043,1.);
#23043 = DIRECTION('',(0.,1.,0.));
#23044 = PLANE('',#23045);
#23045 = AXIS2_PLACEMENT_3D('',#23046,#23047,#23048);
#23046 = CARTESIAN_POINT('',(680.,70.,95.));
#23047 = DIRECTION('',(1.,0.,0.));
#23048 = DIRECTION('',(0.,0.,1.));
#23049 = ADVANCED_FACE('',(#23050),#23066,.F.);
#23050 = FACE_BOUND('',#23051,.F.);
#23051 = EDGE_LOOP('',(#23052,#23058,#23059,#23065));
#23052 = ORIENTED_EDGE('',*,*,#23053,.F.);
#23053 = EDGE_CURVE('',#22974,#23014,#23054,.T.);
#23054 = LINE('',#23055,#23056);
#23055 = CARTESIAN_POINT('',(650.,70.,95.));
#23056 = VECTOR('',#23057,1.);
#23057 = DIRECTION('',(1.,0.,0.));
#23058 = ORIENTED_EDGE('',*,*,#22973,.T.);
#23059 = ORIENTED_EDGE('',*,*,#23060,.T.);
#23060 = EDGE_CURVE('',#22976,#23016,#23061,.T.);
#23061 = LINE('',#23062,#23063);
#23062 = CARTESIAN_POINT('',(650.,70.,125.));
#23063 = VECTOR('',#23064,1.);
#23064 = DIRECTION('',(1.,0.,0.));
#23065 = ORIENTED_EDGE('',*,*,#23013,.F.);
#23066 = PLANE('',#23067);
#23067 = AXIS2_PLACEMENT_3D('',#23068,#23069,#23070);
#23068 = CARTESIAN_POINT('',(650.,70.,95.));
#23069 = DIRECTION('',(0.,1.,0.));
#23070 = DIRECTION('',(0.,0.,1.));
#23071 = ADVANCED_FACE('',(#23072),#23088,.T.);
#23072 = FACE_BOUND('',#23073,.T.);
#23073 = EDGE_LOOP('',(#23074,#23080,#23081,#23087));
#23074 = ORIENTED_EDGE('',*,*,#23075,.F.);
#23075 = EDGE_CURVE('',#22984,#23024,#23076,.T.);
#23076 = LINE('',#23077,#23078);
#23077 = CARTESIAN_POINT('',(650.,130.,95.));
#23078 = VECTOR('',#23079,1.);
#23079 = DIRECTION('',(1.,0.,0.));
#23080 = ORIENTED_EDGE('',*,*,#22991,.T.);
#23081 = ORIENTED_EDGE('',*,*,#23082,.T.);
#23082 = EDGE_CURVE('',#22992,#23032,#23083,.T.);
#23083 = LINE('',#23084,#23085);
#23084 = CARTESIAN_POINT('',(650.,130.,125.));
#23085 = VECTOR('',#23086,1.);
#23086 = DIRECTION('',(1.,0.,0.));
#23087 = ORIENTED_EDGE('',*,*,#23031,.F.);
#23088 = PLANE('',#23089);
#23089 = AXIS2_PLACEMENT_3D('',#23090,#23091,#23092);
#23090 = CARTESIAN_POINT('',(650.,130.,95.));
#23091 = DIRECTION('',(0.,1.,0.));
#23092 = DIRECTION('',(0.,0.,1.));
#23093 = ADVANCED_FACE('',(#23094),#23100,.F.);
#23094 = FACE_BOUND('',#23095,.F.);
#23095 = EDGE_LOOP('',(#23096,#23097,#23098,#23099));
#23096 = ORIENTED_EDGE('',*,*,#22983,.F.);
#23097 = ORIENTED_EDGE('',*,*,#23053,.T.);
#23098 = ORIENTED_EDGE('',*,*,#23023,.T.);
#23099 = ORIENTED_EDGE('',*,*,#23075,.F.);
#23100 = PLANE('',#23101);
#23101 = AXIS2_PLACEMENT_3D('',#23102,#23103,#23104);
#23102 = CARTESIAN_POINT('',(650.,70.,95.));
#23103 = DIRECTION('',(0.,0.,1.));
#23104 = DIRECTION('',(1.,0.,0.));
#23105 = ADVANCED_FACE('',(#23106),#23112,.T.);
#23106 = FACE_BOUND('',#23107,.T.);
#23107 = EDGE_LOOP('',(#23108,#23109,#23110,#23111));
#23108 = ORIENTED_EDGE('',*,*,#22999,.F.);
#23109 = ORIENTED_EDGE('',*,*,#23060,.T.);
#23110 = ORIENTED_EDGE('',*,*,#23039,.T.);
#23111 = ORIENTED_EDGE('',*,*,#23082,.F.);
#23112 = PLANE('',#23113);
#23113 = AXIS2_PLACEMENT_3D('',#23114,#23115,#23116);
#23114 = CARTESIAN_POINT('',(650.,70.,125.));
#23115 = DIRECTION('',(0.,0.,1.));
#23116 = DIRECTION('',(1.,0.,0.));
#23117 = MANIFOLD_SOLID_BREP('',#23118);
#23118 = CLOSED_SHELL('',(#23119,#23152,#23161));
#23119 = ADVANCED_FACE('',(#23120),#23147,.T.);
#23120 = FACE_BOUND('',#23121,.T.);
#23121 = EDGE_LOOP('',(#23122,#23131,#23139,#23146));
#23122 = ORIENTED_EDGE('',*,*,#23123,.F.);
#23123 = EDGE_CURVE('',#23124,#23124,#23126,.T.);
#23124 = VERTEX_POINT('',#23125);
#23125 = CARTESIAN_POINT('',(665.,290.,114.));
#23126 = CIRCLE('',#23127,4.);
#23127 = AXIS2_PLACEMENT_3D('',#23128,#23129,#23130);
#23128 = CARTESIAN_POINT('',(665.,290.,110.));
#23129 = DIRECTION('',(0.,1.,0.));
#23130 = DIRECTION('',(0.,0.,1.));
#23131 = ORIENTED_EDGE('',*,*,#23132,.F.);
#23132 = EDGE_CURVE('',#23133,#23124,#23135,.T.);
#23133 = VERTEX_POINT('',#23134);
#23134 = CARTESIAN_POINT('',(665.,70.,114.));
#23135 = LINE('',#23136,#23137);
#23136 = CARTESIAN_POINT('',(665.,70.,114.));
#23137 = VECTOR('',#23138,1.);
#23138 = DIRECTION('',(0.,1.,0.));
#23139 = ORIENTED_EDGE('',*,*,#23140,.T.);
#23140 = EDGE_CURVE('',#23133,#23133,#23141,.T.);
#23141 = CIRCLE('',#23142,4.);
#23142 = AXIS2_PLACEMENT_3D('',#23143,#23144,#23145);
#23143 = CARTESIAN_POINT('',(665.,70.,110.));
#23144 = DIRECTION('',(0.,1.,0.));
#23145 = DIRECTION('',(0.,0.,1.));
#23146 = ORIENTED_EDGE('',*,*,#23132,.T.);
#23147 = CYLINDRICAL_SURFACE('',#23148,4.);
#23148 = AXIS2_PLACEMENT_3D('',#23149,#23150,#23151);
#23149 = CARTESIAN_POINT('',(665.,70.,110.));
#23150 = DIRECTION('',(0.,1.,0.));
#23151 = DIRECTION('',(0.,0.,1.));
#23152 = ADVANCED_FACE('',(#23153),#23156,.T.);
#23153 = FACE_BOUND('',#23154,.T.);
#23154 = EDGE_LOOP('',(#23155));
#23155 = ORIENTED_EDGE('',*,*,#23123,.T.);
#23156 = PLANE('',#23157);
#23157 = AXIS2_PLACEMENT_3D('',#23158,#23159,#23160);
#23158 = CARTESIAN_POINT('',(665.,290.,110.));
#23159 = DIRECTION('',(0.,1.,0.));
#23160 = DIRECTION('',(0.,0.,1.));
#23161 = ADVANCED_FACE('',(#23162),#23165,.F.);
#23162 = FACE_BOUND('',#23163,.T.);
#23163 = EDGE_LOOP('',(#23164));
#23164 = ORIENTED_EDGE('',*,*,#23140,.F.);
#23165 = PLANE('',#23166);
#23166 = AXIS2_PLACEMENT_3D('',#23167,#23168,#23169);
#23167 = CARTESIAN_POINT('',(665.,70.,110.));
#23168 = DIRECTION('',(0.,1.,0.));
#23169 = DIRECTION('',(0.,0.,1.));
#23170 = MANIFOLD_SOLID_BREP('',#23171);
#23171 = CLOSED_SHELL('',(#23172,#23212,#23252,#23274,#23296,#23308));
#23172 = ADVANCED_FACE('',(#23173),#23207,.F.);
#23173 = FACE_BOUND('',#23174,.F.);
#23174 = EDGE_LOOP('',(#23175,#23185,#23193,#23201));
#23175 = ORIENTED_EDGE('',*,*,#23176,.F.);
#23176 = EDGE_CURVE('',#23177,#23179,#23181,.T.);
#23177 = VERTEX_POINT('',#23178);
#23178 = CARTESIAN_POINT('',(656.,130.,104.));
#23179 = VERTEX_POINT('',#23180);
#23180 = CARTESIAN_POINT('',(656.,130.,116.));
#23181 = LINE('',#23182,#23183);
#23182 = CARTESIAN_POINT('',(656.,130.,104.));
#23183 = VECTOR('',#23184,1.);
#23184 = DIRECTION('',(0.,0.,1.));
#23185 = ORIENTED_EDGE('',*,*,#23186,.T.);
#23186 = EDGE_CURVE('',#23177,#23187,#23189,.T.);
#23187 = VERTEX_POINT('',#23188);
#23188 = CARTESIAN_POINT('',(656.,142.,104.));
#23189 = LINE('',#23190,#23191);
#23190 = CARTESIAN_POINT('',(656.,130.,104.));
#23191 = VECTOR('',#23192,1.);
#23192 = DIRECTION('',(0.,1.,0.));
#23193 = ORIENTED_EDGE('',*,*,#23194,.T.);
#23194 = EDGE_CURVE('',#23187,#23195,#23197,.T.);
#23195 = VERTEX_POINT('',#23196);
#23196 = CARTESIAN_POINT('',(656.,142.,116.));
#23197 = LINE('',#23198,#23199);
#23198 = CARTESIAN_POINT('',(656.,142.,104.));
#23199 = VECTOR('',#23200,1.);
#23200 = DIRECTION('',(0.,0.,1.));
#23201 = ORIENTED_EDGE('',*,*,#23202,.F.);
#23202 = EDGE_CURVE('',#23179,#23195,#23203,.T.);
#23203 = LINE('',#23204,#23205);
#23204 = CARTESIAN_POINT('',(656.,130.,116.));
#23205 = VECTOR('',#23206,1.);
#23206 = DIRECTION('',(0.,1.,0.));
#23207 = PLANE('',#23208);
#23208 = AXIS2_PLACEMENT_3D('',#23209,#23210,#23211);
#23209 = CARTESIAN_POINT('',(656.,130.,104.));
#23210 = DIRECTION('',(1.,0.,0.));
#23211 = DIRECTION('',(0.,0.,1.));
#23212 = ADVANCED_FACE('',(#23213),#23247,.T.);
#23213 = FACE_BOUND('',#23214,.T.);
#23214 = EDGE_LOOP('',(#23215,#23225,#23233,#23241));
#23215 = ORIENTED_EDGE('',*,*,#23216,.F.);
#23216 = EDGE_CURVE('',#23217,#23219,#23221,.T.);
#23217 = VERTEX_POINT('',#23218);
#23218 = CARTESIAN_POINT('',(674.,130.,104.));
#23219 = VERTEX_POINT('',#23220);
#23220 = CARTESIAN_POINT('',(674.,130.,116.));
#23221 = LINE('',#23222,#23223);
#23222 = CARTESIAN_POINT('',(674.,130.,104.));
#23223 = VECTOR('',#23224,1.);
#23224 = DIRECTION('',(0.,0.,1.));
#23225 = ORIENTED_EDGE('',*,*,#23226,.T.);
#23226 = EDGE_CURVE('',#23217,#23227,#23229,.T.);
#23227 = VERTEX_POINT('',#23228);
#23228 = CARTESIAN_POINT('',(674.,142.,104.));
#23229 = LINE('',#23230,#23231);
#23230 = CARTESIAN_POINT('',(674.,130.,104.));
#23231 = VECTOR('',#23232,1.);
#23232 = DIRECTION('',(0.,1.,0.));
#23233 = ORIENTED_EDGE('',*,*,#23234,.T.);
#23234 = EDGE_CURVE('',#23227,#23235,#23237,.T.);
#23235 = VERTEX_POINT('',#23236);
#23236 = CARTESIAN_POINT('',(674.,142.,116.));
#23237 = LINE('',#23238,#23239);
#23238 = CARTESIAN_POINT('',(674.,142.,104.));
#23239 = VECTOR('',#23240,1.);
#23240 = DIRECTION('',(0.,0.,1.));
#23241 = ORIENTED_EDGE('',*,*,#23242,.F.);
#23242 = EDGE_CURVE('',#23219,#23235,#23243,.T.);
#23243 = LINE('',#23244,#23245);
#23244 = CARTESIAN_POINT('',(674.,130.,116.));
#23245 = VECTOR('',#23246,1.);
#23246 = DIRECTION('',(0.,1.,0.));
#23247 = PLANE('',#23248);
#23248 = AXIS2_PLACEMENT_3D('',#23249,#23250,#23251);
#23249 = CARTESIAN_POINT('',(674.,130.,104.));
#23250 = DIRECTION('',(1.,0.,0.));
#23251 = DIRECTION('',(0.,0.,1.));
#23252 = ADVANCED_FACE('',(#23253),#23269,.F.);
#23253 = FACE_BOUND('',#23254,.F.);
#23254 = EDGE_LOOP('',(#23255,#23261,#23262,#23268));
#23255 = ORIENTED_EDGE('',*,*,#23256,.F.);
#23256 = EDGE_CURVE('',#23177,#23217,#23257,.T.);
#23257 = LINE('',#23258,#23259);
#23258 = CARTESIAN_POINT('',(656.,130.,104.));
#23259 = VECTOR('',#23260,1.);
#23260 = DIRECTION('',(1.,0.,0.));
#23261 = ORIENTED_EDGE('',*,*,#23176,.T.);
#23262 = ORIENTED_EDGE('',*,*,#23263,.T.);
#23263 = EDGE_CURVE('',#23179,#23219,#23264,.T.);
#23264 = LINE('',#23265,#23266);
#23265 = CARTESIAN_POINT('',(656.,130.,116.));
#23266 = VECTOR('',#23267,1.);
#23267 = DIRECTION('',(1.,0.,0.));
#23268 = ORIENTED_EDGE('',*,*,#23216,.F.);
#23269 = PLANE('',#23270);
#23270 = AXIS2_PLACEMENT_3D('',#23271,#23272,#23273);
#23271 = CARTESIAN_POINT('',(656.,130.,104.));
#23272 = DIRECTION('',(0.,1.,0.));
#23273 = DIRECTION('',(0.,0.,1.));
#23274 = ADVANCED_FACE('',(#23275),#23291,.T.);
#23275 = FACE_BOUND('',#23276,.T.);
#23276 = EDGE_LOOP('',(#23277,#23283,#23284,#23290));
#23277 = ORIENTED_EDGE('',*,*,#23278,.F.);
#23278 = EDGE_CURVE('',#23187,#23227,#23279,.T.);
#23279 = LINE('',#23280,#23281);
#23280 = CARTESIAN_POINT('',(656.,142.,104.));
#23281 = VECTOR('',#23282,1.);
#23282 = DIRECTION('',(1.,0.,0.));
#23283 = ORIENTED_EDGE('',*,*,#23194,.T.);
#23284 = ORIENTED_EDGE('',*,*,#23285,.T.);
#23285 = EDGE_CURVE('',#23195,#23235,#23286,.T.);
#23286 = LINE('',#23287,#23288);
#23287 = CARTESIAN_POINT('',(656.,142.,116.));
#23288 = VECTOR('',#23289,1.);
#23289 = DIRECTION('',(1.,0.,0.));
#23290 = ORIENTED_EDGE('',*,*,#23234,.F.);
#23291 = PLANE('',#23292);
#23292 = AXIS2_PLACEMENT_3D('',#23293,#23294,#23295);
#23293 = CARTESIAN_POINT('',(656.,142.,104.));
#23294 = DIRECTION('',(0.,1.,0.));
#23295 = DIRECTION('',(0.,0.,1.));
#23296 = ADVANCED_FACE('',(#23297),#23303,.F.);
#23297 = FACE_BOUND('',#23298,.F.);
#23298 = EDGE_LOOP('',(#23299,#23300,#23301,#23302));
#23299 = ORIENTED_EDGE('',*,*,#23186,.F.);
#23300 = ORIENTED_EDGE('',*,*,#23256,.T.);
#23301 = ORIENTED_EDGE('',*,*,#23226,.T.);
#23302 = ORIENTED_EDGE('',*,*,#23278,.F.);
#23303 = PLANE('',#23304);
#23304 = AXIS2_PLACEMENT_3D('',#23305,#23306,#23307);
#23305 = CARTESIAN_POINT('',(656.,130.,104.));
#23306 = DIRECTION('',(0.,0.,1.));
#23307 = DIRECTION('',(1.,0.,0.));
#23308 = ADVANCED_FACE('',(#23309),#23315,.T.);
#23309 = FACE_BOUND('',#23310,.T.);
#23310 = EDGE_LOOP('',(#23311,#23312,#23313,#23314));
#23311 = ORIENTED_EDGE('',*,*,#23202,.F.);
#23312 = ORIENTED_EDGE('',*,*,#23263,.T.);
#23313 = ORIENTED_EDGE('',*,*,#23242,.T.);
#23314 = ORIENTED_EDGE('',*,*,#23285,.F.);
#23315 = PLANE('',#23316);
#23316 = AXIS2_PLACEMENT_3D('',#23317,#23318,#23319);
#23317 = CARTESIAN_POINT('',(656.,130.,116.));
#23318 = DIRECTION('',(0.,0.,1.));
#23319 = DIRECTION('',(1.,0.,0.));
#23320 = MANIFOLD_SOLID_BREP('',#23321);
#23321 = CLOSED_SHELL('',(#23322,#23362,#23402,#23424,#23446,#23458));
#23322 = ADVANCED_FACE('',(#23323),#23357,.F.);
#23323 = FACE_BOUND('',#23324,.F.);
#23324 = EDGE_LOOP('',(#23325,#23335,#23343,#23351));
#23325 = ORIENTED_EDGE('',*,*,#23326,.F.);
#23326 = EDGE_CURVE('',#23327,#23329,#23331,.T.);
#23327 = VERTEX_POINT('',#23328);
#23328 = CARTESIAN_POINT('',(656.,278.,104.));
#23329 = VERTEX_POINT('',#23330);
#23330 = CARTESIAN_POINT('',(656.,278.,116.));
#23331 = LINE('',#23332,#23333);
#23332 = CARTESIAN_POINT('',(656.,278.,104.));
#23333 = VECTOR('',#23334,1.);
#23334 = DIRECTION('',(0.,0.,1.));
#23335 = ORIENTED_EDGE('',*,*,#23336,.T.);
#23336 = EDGE_CURVE('',#23327,#23337,#23339,.T.);
#23337 = VERTEX_POINT('',#23338);
#23338 = CARTESIAN_POINT('',(656.,290.,104.));
#23339 = LINE('',#23340,#23341);
#23340 = CARTESIAN_POINT('',(656.,278.,104.));
#23341 = VECTOR('',#23342,1.);
#23342 = DIRECTION('',(0.,1.,0.));
#23343 = ORIENTED_EDGE('',*,*,#23344,.T.);
#23344 = EDGE_CURVE('',#23337,#23345,#23347,.T.);
#23345 = VERTEX_POINT('',#23346);
#23346 = CARTESIAN_POINT('',(656.,290.,116.));
#23347 = LINE('',#23348,#23349);
#23348 = CARTESIAN_POINT('',(656.,290.,104.));
#23349 = VECTOR('',#23350,1.);
#23350 = DIRECTION('',(0.,0.,1.));
#23351 = ORIENTED_EDGE('',*,*,#23352,.F.);
#23352 = EDGE_CURVE('',#23329,#23345,#23353,.T.);
#23353 = LINE('',#23354,#23355);
#23354 = CARTESIAN_POINT('',(656.,278.,116.));
#23355 = VECTOR('',#23356,1.);
#23356 = DIRECTION('',(0.,1.,0.));
#23357 = PLANE('',#23358);
#23358 = AXIS2_PLACEMENT_3D('',#23359,#23360,#23361);
#23359 = CARTESIAN_POINT('',(656.,278.,104.));
#23360 = DIRECTION('',(1.,0.,0.));
#23361 = DIRECTION('',(0.,0.,1.));
#23362 = ADVANCED_FACE('',(#23363),#23397,.T.);
#23363 = FACE_BOUND('',#23364,.T.);
#23364 = EDGE_LOOP('',(#23365,#23375,#23383,#23391));
#23365 = ORIENTED_EDGE('',*,*,#23366,.F.);
#23366 = EDGE_CURVE('',#23367,#23369,#23371,.T.);
#23367 = VERTEX_POINT('',#23368);
#23368 = CARTESIAN_POINT('',(674.,278.,104.));
#23369 = VERTEX_POINT('',#23370);
#23370 = CARTESIAN_POINT('',(674.,278.,116.));
#23371 = LINE('',#23372,#23373);
#23372 = CARTESIAN_POINT('',(674.,278.,104.));
#23373 = VECTOR('',#23374,1.);
#23374 = DIRECTION('',(0.,0.,1.));
#23375 = ORIENTED_EDGE('',*,*,#23376,.T.);
#23376 = EDGE_CURVE('',#23367,#23377,#23379,.T.);
#23377 = VERTEX_POINT('',#23378);
#23378 = CARTESIAN_POINT('',(674.,290.,104.));
#23379 = LINE('',#23380,#23381);
#23380 = CARTESIAN_POINT('',(674.,278.,104.));
#23381 = VECTOR('',#23382,1.);
#23382 = DIRECTION('',(0.,1.,0.));
#23383 = ORIENTED_EDGE('',*,*,#23384,.T.);
#23384 = EDGE_CURVE('',#23377,#23385,#23387,.T.);
#23385 = VERTEX_POINT('',#23386);
#23386 = CARTESIAN_POINT('',(674.,290.,116.));
#23387 = LINE('',#23388,#23389);
#23388 = CARTESIAN_POINT('',(674.,290.,104.));
#23389 = VECTOR('',#23390,1.);
#23390 = DIRECTION('',(0.,0.,1.));
#23391 = ORIENTED_EDGE('',*,*,#23392,.F.);
#23392 = EDGE_CURVE('',#23369,#23385,#23393,.T.);
#23393 = LINE('',#23394,#23395);
#23394 = CARTESIAN_POINT('',(674.,278.,116.));
#23395 = VECTOR('',#23396,1.);
#23396 = DIRECTION('',(0.,1.,0.));
#23397 = PLANE('',#23398);
#23398 = AXIS2_PLACEMENT_3D('',#23399,#23400,#23401);
#23399 = CARTESIAN_POINT('',(674.,278.,104.));
#23400 = DIRECTION('',(1.,0.,0.));
#23401 = DIRECTION('',(0.,0.,1.));
#23402 = ADVANCED_FACE('',(#23403),#23419,.F.);
#23403 = FACE_BOUND('',#23404,.F.);
#23404 = EDGE_LOOP('',(#23405,#23411,#23412,#23418));
#23405 = ORIENTED_EDGE('',*,*,#23406,.F.);
#23406 = EDGE_CURVE('',#23327,#23367,#23407,.T.);
#23407 = LINE('',#23408,#23409);
#23408 = CARTESIAN_POINT('',(656.,278.,104.));
#23409 = VECTOR('',#23410,1.);
#23410 = DIRECTION('',(1.,0.,0.));
#23411 = ORIENTED_EDGE('',*,*,#23326,.T.);
#23412 = ORIENTED_EDGE('',*,*,#23413,.T.);
#23413 = EDGE_CURVE('',#23329,#23369,#23414,.T.);
#23414 = LINE('',#23415,#23416);
#23415 = CARTESIAN_POINT('',(656.,278.,116.));
#23416 = VECTOR('',#23417,1.);
#23417 = DIRECTION('',(1.,0.,0.));
#23418 = ORIENTED_EDGE('',*,*,#23366,.F.);
#23419 = PLANE('',#23420);
#23420 = AXIS2_PLACEMENT_3D('',#23421,#23422,#23423);
#23421 = CARTESIAN_POINT('',(656.,278.,104.));
#23422 = DIRECTION('',(0.,1.,0.));
#23423 = DIRECTION('',(0.,0.,1.));
#23424 = ADVANCED_FACE('',(#23425),#23441,.T.);
#23425 = FACE_BOUND('',#23426,.T.);
#23426 = EDGE_LOOP('',(#23427,#23433,#23434,#23440));
#23427 = ORIENTED_EDGE('',*,*,#23428,.F.);
#23428 = EDGE_CURVE('',#23337,#23377,#23429,.T.);
#23429 = LINE('',#23430,#23431);
#23430 = CARTESIAN_POINT('',(656.,290.,104.));
#23431 = VECTOR('',#23432,1.);
#23432 = DIRECTION('',(1.,0.,0.));
#23433 = ORIENTED_EDGE('',*,*,#23344,.T.);
#23434 = ORIENTED_EDGE('',*,*,#23435,.T.);
#23435 = EDGE_CURVE('',#23345,#23385,#23436,.T.);
#23436 = LINE('',#23437,#23438);
#23437 = CARTESIAN_POINT('',(656.,290.,116.));
#23438 = VECTOR('',#23439,1.);
#23439 = DIRECTION('',(1.,0.,0.));
#23440 = ORIENTED_EDGE('',*,*,#23384,.F.);
#23441 = PLANE('',#23442);
#23442 = AXIS2_PLACEMENT_3D('',#23443,#23444,#23445);
#23443 = CARTESIAN_POINT('',(656.,290.,104.));
#23444 = DIRECTION('',(0.,1.,0.));
#23445 = DIRECTION('',(0.,0.,1.));
#23446 = ADVANCED_FACE('',(#23447),#23453,.F.);
#23447 = FACE_BOUND('',#23448,.F.);
#23448 = EDGE_LOOP('',(#23449,#23450,#23451,#23452));
#23449 = ORIENTED_EDGE('',*,*,#23336,.F.);
#23450 = ORIENTED_EDGE('',*,*,#23406,.T.);
#23451 = ORIENTED_EDGE('',*,*,#23376,.T.);
#23452 = ORIENTED_EDGE('',*,*,#23428,.F.);
#23453 = PLANE('',#23454);
#23454 = AXIS2_PLACEMENT_3D('',#23455,#23456,#23457);
#23455 = CARTESIAN_POINT('',(656.,278.,104.));
#23456 = DIRECTION('',(0.,0.,1.));
#23457 = DIRECTION('',(1.,0.,0.));
#23458 = ADVANCED_FACE('',(#23459),#23465,.T.);
#23459 = FACE_BOUND('',#23460,.T.);
#23460 = EDGE_LOOP('',(#23461,#23462,#23463,#23464));
#23461 = ORIENTED_EDGE('',*,*,#23352,.F.);
#23462 = ORIENTED_EDGE('',*,*,#23413,.T.);
#23463 = ORIENTED_EDGE('',*,*,#23392,.T.);
#23464 = ORIENTED_EDGE('',*,*,#23435,.F.);
#23465 = PLANE('',#23466);
#23466 = AXIS2_PLACEMENT_3D('',#23467,#23468,#23469);
#23467 = CARTESIAN_POINT('',(656.,278.,116.));
#23468 = DIRECTION('',(0.,0.,1.));
#23469 = DIRECTION('',(1.,0.,0.));
#23470 = MANIFOLD_SOLID_BREP('',#23471);
#23471 = CLOSED_SHELL('',(#23472,#23512,#23552,#23574,#23596,#23608));
#23472 = ADVANCED_FACE('',(#23473),#23507,.F.);
#23473 = FACE_BOUND('',#23474,.F.);
#23474 = EDGE_LOOP('',(#23475,#23485,#23493,#23501));
#23475 = ORIENTED_EDGE('',*,*,#23476,.F.);
#23476 = EDGE_CURVE('',#23477,#23479,#23481,.T.);
#23477 = VERTEX_POINT('',#23478);
#23478 = CARTESIAN_POINT('',(650.,136.,120.));
#23479 = VERTEX_POINT('',#23480);
#23480 = CARTESIAN_POINT('',(650.,136.,127.5));
#23481 = LINE('',#23482,#23483);
#23482 = CARTESIAN_POINT('',(650.,136.,120.));
#23483 = VECTOR('',#23484,1.);
#23484 = DIRECTION('',(0.,0.,1.));
#23485 = ORIENTED_EDGE('',*,*,#23486,.T.);
#23486 = EDGE_CURVE('',#23477,#23487,#23489,.T.);
#23487 = VERTEX_POINT('',#23488);
#23488 = CARTESIAN_POINT('',(650.,151.,120.));
#23489 = LINE('',#23490,#23491);
#23490 = CARTESIAN_POINT('',(650.,136.,120.));
#23491 = VECTOR('',#23492,1.);
#23492 = DIRECTION('',(0.,1.,0.));
#23493 = ORIENTED_EDGE('',*,*,#23494,.T.);
#23494 = EDGE_CURVE('',#23487,#23495,#23497,.T.);
#23495 = VERTEX_POINT('',#23496);
#23496 = CARTESIAN_POINT('',(650.,151.,127.5));
#23497 = LINE('',#23498,#23499);
#23498 = CARTESIAN_POINT('',(650.,151.,120.));
#23499 = VECTOR('',#23500,1.);
#23500 = DIRECTION('',(0.,0.,1.));
#23501 = ORIENTED_EDGE('',*,*,#23502,.F.);
#23502 = EDGE_CURVE('',#23479,#23495,#23503,.T.);
#23503 = LINE('',#23504,#23505);
#23504 = CARTESIAN_POINT('',(650.,136.,127.5));
#23505 = VECTOR('',#23506,1.);
#23506 = DIRECTION('',(0.,1.,0.));
#23507 = PLANE('',#23508);
#23508 = AXIS2_PLACEMENT_3D('',#23509,#23510,#23511);
#23509 = CARTESIAN_POINT('',(650.,136.,120.));
#23510 = DIRECTION('',(1.,0.,0.));
#23511 = DIRECTION('',(0.,0.,1.));
#23512 = ADVANCED_FACE('',(#23513),#23547,.T.);
#23513 = FACE_BOUND('',#23514,.T.);
#23514 = EDGE_LOOP('',(#23515,#23525,#23533,#23541));
#23515 = ORIENTED_EDGE('',*,*,#23516,.F.);
#23516 = EDGE_CURVE('',#23517,#23519,#23521,.T.);
#23517 = VERTEX_POINT('',#23518);
#23518 = CARTESIAN_POINT('',(680.,136.,120.));
#23519 = VERTEX_POINT('',#23520);
#23520 = CARTESIAN_POINT('',(680.,136.,127.5));
#23521 = LINE('',#23522,#23523);
#23522 = CARTESIAN_POINT('',(680.,136.,120.));
#23523 = VECTOR('',#23524,1.);
#23524 = DIRECTION('',(0.,0.,1.));
#23525 = ORIENTED_EDGE('',*,*,#23526,.T.);
#23526 = EDGE_CURVE('',#23517,#23527,#23529,.T.);
#23527 = VERTEX_POINT('',#23528);
#23528 = CARTESIAN_POINT('',(680.,151.,120.));
#23529 = LINE('',#23530,#23531);
#23530 = CARTESIAN_POINT('',(680.,136.,120.));
#23531 = VECTOR('',#23532,1.);
#23532 = DIRECTION('',(0.,1.,0.));
#23533 = ORIENTED_EDGE('',*,*,#23534,.T.);
#23534 = EDGE_CURVE('',#23527,#23535,#23537,.T.);
#23535 = VERTEX_POINT('',#23536);
#23536 = CARTESIAN_POINT('',(680.,151.,127.5));
#23537 = LINE('',#23538,#23539);
#23538 = CARTESIAN_POINT('',(680.,151.,120.));
#23539 = VECTOR('',#23540,1.);
#23540 = DIRECTION('',(0.,0.,1.));
#23541 = ORIENTED_EDGE('',*,*,#23542,.F.);
#23542 = EDGE_CURVE('',#23519,#23535,#23543,.T.);
#23543 = LINE('',#23544,#23545);
#23544 = CARTESIAN_POINT('',(680.,136.,127.5));
#23545 = VECTOR('',#23546,1.);
#23546 = DIRECTION('',(0.,1.,0.));
#23547 = PLANE('',#23548);
#23548 = AXIS2_PLACEMENT_3D('',#23549,#23550,#23551);
#23549 = CARTESIAN_POINT('',(680.,136.,120.));
#23550 = DIRECTION('',(1.,0.,0.));
#23551 = DIRECTION('',(0.,0.,1.));
#23552 = ADVANCED_FACE('',(#23553),#23569,.F.);
#23553 = FACE_BOUND('',#23554,.F.);
#23554 = EDGE_LOOP('',(#23555,#23561,#23562,#23568));
#23555 = ORIENTED_EDGE('',*,*,#23556,.F.);
#23556 = EDGE_CURVE('',#23477,#23517,#23557,.T.);
#23557 = LINE('',#23558,#23559);
#23558 = CARTESIAN_POINT('',(650.,136.,120.));
#23559 = VECTOR('',#23560,1.);
#23560 = DIRECTION('',(1.,0.,0.));
#23561 = ORIENTED_EDGE('',*,*,#23476,.T.);
#23562 = ORIENTED_EDGE('',*,*,#23563,.T.);
#23563 = EDGE_CURVE('',#23479,#23519,#23564,.T.);
#23564 = LINE('',#23565,#23566);
#23565 = CARTESIAN_POINT('',(650.,136.,127.5));
#23566 = VECTOR('',#23567,1.);
#23567 = DIRECTION('',(1.,0.,0.));
#23568 = ORIENTED_EDGE('',*,*,#23516,.F.);
#23569 = PLANE('',#23570);
#23570 = AXIS2_PLACEMENT_3D('',#23571,#23572,#23573);
#23571 = CARTESIAN_POINT('',(650.,136.,120.));
#23572 = DIRECTION('',(0.,1.,0.));
#23573 = DIRECTION('',(0.,0.,1.));
#23574 = ADVANCED_FACE('',(#23575),#23591,.T.);
#23575 = FACE_BOUND('',#23576,.T.);
#23576 = EDGE_LOOP('',(#23577,#23583,#23584,#23590));
#23577 = ORIENTED_EDGE('',*,*,#23578,.F.);
#23578 = EDGE_CURVE('',#23487,#23527,#23579,.T.);
#23579 = LINE('',#23580,#23581);
#23580 = CARTESIAN_POINT('',(650.,151.,120.));
#23581 = VECTOR('',#23582,1.);
#23582 = DIRECTION('',(1.,0.,0.));
#23583 = ORIENTED_EDGE('',*,*,#23494,.T.);
#23584 = ORIENTED_EDGE('',*,*,#23585,.T.);
#23585 = EDGE_CURVE('',#23495,#23535,#23586,.T.);
#23586 = LINE('',#23587,#23588);
#23587 = CARTESIAN_POINT('',(650.,151.,127.5));
#23588 = VECTOR('',#23589,1.);
#23589 = DIRECTION('',(1.,0.,0.));
#23590 = ORIENTED_EDGE('',*,*,#23534,.F.);
#23591 = PLANE('',#23592);
#23592 = AXIS2_PLACEMENT_3D('',#23593,#23594,#23595);
#23593 = CARTESIAN_POINT('',(650.,151.,120.));
#23594 = DIRECTION('',(0.,1.,0.));
#23595 = DIRECTION('',(0.,0.,1.));
#23596 = ADVANCED_FACE('',(#23597),#23603,.F.);
#23597 = FACE_BOUND('',#23598,.F.);
#23598 = EDGE_LOOP('',(#23599,#23600,#23601,#23602));
#23599 = ORIENTED_EDGE('',*,*,#23486,.F.);
#23600 = ORIENTED_EDGE('',*,*,#23556,.T.);
#23601 = ORIENTED_EDGE('',*,*,#23526,.T.);
#23602 = ORIENTED_EDGE('',*,*,#23578,.F.);
#23603 = PLANE('',#23604);
#23604 = AXIS2_PLACEMENT_3D('',#23605,#23606,#23607);
#23605 = CARTESIAN_POINT('',(650.,136.,120.));
#23606 = DIRECTION('',(0.,0.,1.));
#23607 = DIRECTION('',(1.,0.,0.));
#23608 = ADVANCED_FACE('',(#23609),#23615,.T.);
#23609 = FACE_BOUND('',#23610,.T.);
#23610 = EDGE_LOOP('',(#23611,#23612,#23613,#23614));
#23611 = ORIENTED_EDGE('',*,*,#23502,.F.);
#23612 = ORIENTED_EDGE('',*,*,#23563,.T.);
#23613 = ORIENTED_EDGE('',*,*,#23542,.T.);
#23614 = ORIENTED_EDGE('',*,*,#23585,.F.);
#23615 = PLANE('',#23616);
#23616 = AXIS2_PLACEMENT_3D('',#23617,#23618,#23619);
#23617 = CARTESIAN_POINT('',(650.,136.,127.5));
#23618 = DIRECTION('',(0.,0.,1.));
#23619 = DIRECTION('',(1.,0.,0.));
#23620 = MANIFOLD_SOLID_BREP('',#23621);
#23621 = CLOSED_SHELL('',(#23622,#23662,#23702,#23724,#23746,#23758));
#23622 = ADVANCED_FACE('',(#23623),#23657,.F.);
#23623 = FACE_BOUND('',#23624,.F.);
#23624 = EDGE_LOOP('',(#23625,#23635,#23643,#23651));
#23625 = ORIENTED_EDGE('',*,*,#23626,.F.);
#23626 = EDGE_CURVE('',#23627,#23629,#23631,.T.);
#23627 = VERTEX_POINT('',#23628);
#23628 = CARTESIAN_POINT('',(650.,254.,120.));
#23629 = VERTEX_POINT('',#23630);
#23630 = CARTESIAN_POINT('',(650.,254.,127.5));
#23631 = LINE('',#23632,#23633);
#23632 = CARTESIAN_POINT('',(650.,254.,120.));
#23633 = VECTOR('',#23634,1.);
#23634 = DIRECTION('',(0.,0.,1.));
#23635 = ORIENTED_EDGE('',*,*,#23636,.T.);
#23636 = EDGE_CURVE('',#23627,#23637,#23639,.T.);
#23637 = VERTEX_POINT('',#23638);
#23638 = CARTESIAN_POINT('',(650.,269.,120.));
#23639 = LINE('',#23640,#23641);
#23640 = CARTESIAN_POINT('',(650.,254.,120.));
#23641 = VECTOR('',#23642,1.);
#23642 = DIRECTION('',(0.,1.,0.));
#23643 = ORIENTED_EDGE('',*,*,#23644,.T.);
#23644 = EDGE_CURVE('',#23637,#23645,#23647,.T.);
#23645 = VERTEX_POINT('',#23646);
#23646 = CARTESIAN_POINT('',(650.,269.,127.5));
#23647 = LINE('',#23648,#23649);
#23648 = CARTESIAN_POINT('',(650.,269.,120.));
#23649 = VECTOR('',#23650,1.);
#23650 = DIRECTION('',(0.,0.,1.));
#23651 = ORIENTED_EDGE('',*,*,#23652,.F.);
#23652 = EDGE_CURVE('',#23629,#23645,#23653,.T.);
#23653 = LINE('',#23654,#23655);
#23654 = CARTESIAN_POINT('',(650.,254.,127.5));
#23655 = VECTOR('',#23656,1.);
#23656 = DIRECTION('',(0.,1.,0.));
#23657 = PLANE('',#23658);
#23658 = AXIS2_PLACEMENT_3D('',#23659,#23660,#23661);
#23659 = CARTESIAN_POINT('',(650.,254.,120.));
#23660 = DIRECTION('',(1.,0.,0.));
#23661 = DIRECTION('',(0.,0.,1.));
#23662 = ADVANCED_FACE('',(#23663),#23697,.T.);
#23663 = FACE_BOUND('',#23664,.T.);
#23664 = EDGE_LOOP('',(#23665,#23675,#23683,#23691));
#23665 = ORIENTED_EDGE('',*,*,#23666,.F.);
#23666 = EDGE_CURVE('',#23667,#23669,#23671,.T.);
#23667 = VERTEX_POINT('',#23668);
#23668 = CARTESIAN_POINT('',(680.,254.,120.));
#23669 = VERTEX_POINT('',#23670);
#23670 = CARTESIAN_POINT('',(680.,254.,127.5));
#23671 = LINE('',#23672,#23673);
#23672 = CARTESIAN_POINT('',(680.,254.,120.));
#23673 = VECTOR('',#23674,1.);
#23674 = DIRECTION('',(0.,0.,1.));
#23675 = ORIENTED_EDGE('',*,*,#23676,.T.);
#23676 = EDGE_CURVE('',#23667,#23677,#23679,.T.);
#23677 = VERTEX_POINT('',#23678);
#23678 = CARTESIAN_POINT('',(680.,269.,120.));
#23679 = LINE('',#23680,#23681);
#23680 = CARTESIAN_POINT('',(680.,254.,120.));
#23681 = VECTOR('',#23682,1.);
#23682 = DIRECTION('',(0.,1.,0.));
#23683 = ORIENTED_EDGE('',*,*,#23684,.T.);
#23684 = EDGE_CURVE('',#23677,#23685,#23687,.T.);
#23685 = VERTEX_POINT('',#23686);
#23686 = CARTESIAN_POINT('',(680.,269.,127.5));
#23687 = LINE('',#23688,#23689);
#23688 = CARTESIAN_POINT('',(680.,269.,120.));
#23689 = VECTOR('',#23690,1.);
#23690 = DIRECTION('',(0.,0.,1.));
#23691 = ORIENTED_EDGE('',*,*,#23692,.F.);
#23692 = EDGE_CURVE('',#23669,#23685,#23693,.T.);
#23693 = LINE('',#23694,#23695);
#23694 = CARTESIAN_POINT('',(680.,254.,127.5));
#23695 = VECTOR('',#23696,1.);
#23696 = DIRECTION('',(0.,1.,0.));
#23697 = PLANE('',#23698);
#23698 = AXIS2_PLACEMENT_3D('',#23699,#23700,#23701);
#23699 = CARTESIAN_POINT('',(680.,254.,120.));
#23700 = DIRECTION('',(1.,0.,0.));
#23701 = DIRECTION('',(0.,0.,1.));
#23702 = ADVANCED_FACE('',(#23703),#23719,.F.);
#23703 = FACE_BOUND('',#23704,.F.);
#23704 = EDGE_LOOP('',(#23705,#23711,#23712,#23718));
#23705 = ORIENTED_EDGE('',*,*,#23706,.F.);
#23706 = EDGE_CURVE('',#23627,#23667,#23707,.T.);
#23707 = LINE('',#23708,#23709);
#23708 = CARTESIAN_POINT('',(650.,254.,120.));
#23709 = VECTOR('',#23710,1.);
#23710 = DIRECTION('',(1.,0.,0.));
#23711 = ORIENTED_EDGE('',*,*,#23626,.T.);
#23712 = ORIENTED_EDGE('',*,*,#23713,.T.);
#23713 = EDGE_CURVE('',#23629,#23669,#23714,.T.);
#23714 = LINE('',#23715,#23716);
#23715 = CARTESIAN_POINT('',(650.,254.,127.5));
#23716 = VECTOR('',#23717,1.);
#23717 = DIRECTION('',(1.,0.,0.));
#23718 = ORIENTED_EDGE('',*,*,#23666,.F.);
#23719 = PLANE('',#23720);
#23720 = AXIS2_PLACEMENT_3D('',#23721,#23722,#23723);
#23721 = CARTESIAN_POINT('',(650.,254.,120.));
#23722 = DIRECTION('',(0.,1.,0.));
#23723 = DIRECTION('',(0.,0.,1.));
#23724 = ADVANCED_FACE('',(#23725),#23741,.T.);
#23725 = FACE_BOUND('',#23726,.T.);
#23726 = EDGE_LOOP('',(#23727,#23733,#23734,#23740));
#23727 = ORIENTED_EDGE('',*,*,#23728,.F.);
#23728 = EDGE_CURVE('',#23637,#23677,#23729,.T.);
#23729 = LINE('',#23730,#23731);
#23730 = CARTESIAN_POINT('',(650.,269.,120.));
#23731 = VECTOR('',#23732,1.);
#23732 = DIRECTION('',(1.,0.,0.));
#23733 = ORIENTED_EDGE('',*,*,#23644,.T.);
#23734 = ORIENTED_EDGE('',*,*,#23735,.T.);
#23735 = EDGE_CURVE('',#23645,#23685,#23736,.T.);
#23736 = LINE('',#23737,#23738);
#23737 = CARTESIAN_POINT('',(650.,269.,127.5));
#23738 = VECTOR('',#23739,1.);
#23739 = DIRECTION('',(1.,0.,0.));
#23740 = ORIENTED_EDGE('',*,*,#23684,.F.);
#23741 = PLANE('',#23742);
#23742 = AXIS2_PLACEMENT_3D('',#23743,#23744,#23745);
#23743 = CARTESIAN_POINT('',(650.,269.,120.));
#23744 = DIRECTION('',(0.,1.,0.));
#23745 = DIRECTION('',(0.,0.,1.));
#23746 = ADVANCED_FACE('',(#23747),#23753,.F.);
#23747 = FACE_BOUND('',#23748,.F.);
#23748 = EDGE_LOOP('',(#23749,#23750,#23751,#23752));
#23749 = ORIENTED_EDGE('',*,*,#23636,.F.);
#23750 = ORIENTED_EDGE('',*,*,#23706,.T.);
#23751 = ORIENTED_EDGE('',*,*,#23676,.T.);
#23752 = ORIENTED_EDGE('',*,*,#23728,.F.);
#23753 = PLANE('',#23754);
#23754 = AXIS2_PLACEMENT_3D('',#23755,#23756,#23757);
#23755 = CARTESIAN_POINT('',(650.,254.,120.));
#23756 = DIRECTION('',(0.,0.,1.));
#23757 = DIRECTION('',(1.,0.,0.));
#23758 = ADVANCED_FACE('',(#23759),#23765,.T.);
#23759 = FACE_BOUND('',#23760,.T.);
#23760 = EDGE_LOOP('',(#23761,#23762,#23763,#23764));
#23761 = ORIENTED_EDGE('',*,*,#23652,.F.);
#23762 = ORIENTED_EDGE('',*,*,#23713,.T.);
#23763 = ORIENTED_EDGE('',*,*,#23692,.T.);
#23764 = ORIENTED_EDGE('',*,*,#23735,.F.);
#23765 = PLANE('',#23766);
#23766 = AXIS2_PLACEMENT_3D('',#23767,#23768,#23769);
#23767 = CARTESIAN_POINT('',(650.,254.,127.5));
#23768 = DIRECTION('',(0.,0.,1.));
#23769 = DIRECTION('',(1.,0.,0.));
#23770 = MANIFOLD_SOLID_BREP('',#23771);
#23771 = CLOSED_SHELL('',(#23772,#23812,#23852,#23874,#23896,#23908));
#23772 = ADVANCED_FACE('',(#23773),#23807,.F.);
#23773 = FACE_BOUND('',#23774,.F.);
#23774 = EDGE_LOOP('',(#23775,#23785,#23793,#23801));
#23775 = ORIENTED_EDGE('',*,*,#23776,.F.);
#23776 = EDGE_CURVE('',#23777,#23779,#23781,.T.);
#23777 = VERTEX_POINT('',#23778);
#23778 = CARTESIAN_POINT('',(655.,150.,104.));
#23779 = VERTEX_POINT('',#23780);
#23780 = CARTESIAN_POINT('',(655.,150.,116.));
#23781 = LINE('',#23782,#23783);
#23782 = CARTESIAN_POINT('',(655.,150.,104.));
#23783 = VECTOR('',#23784,1.);
#23784 = DIRECTION('',(0.,0.,1.));
#23785 = ORIENTED_EDGE('',*,*,#23786,.T.);
#23786 = EDGE_CURVE('',#23777,#23787,#23789,.T.);
#23787 = VERTEX_POINT('',#23788);
#23788 = CARTESIAN_POINT('',(655.,290.,104.));
#23789 = LINE('',#23790,#23791);
#23790 = CARTESIAN_POINT('',(655.,150.,104.));
#23791 = VECTOR('',#23792,1.);
#23792 = DIRECTION('',(0.,1.,0.));
#23793 = ORIENTED_EDGE('',*,*,#23794,.T.);
#23794 = EDGE_CURVE('',#23787,#23795,#23797,.T.);
#23795 = VERTEX_POINT('',#23796);
#23796 = CARTESIAN_POINT('',(655.,290.,116.));
#23797 = LINE('',#23798,#23799);
#23798 = CARTESIAN_POINT('',(655.,290.,104.));
#23799 = VECTOR('',#23800,1.);
#23800 = DIRECTION('',(0.,0.,1.));
#23801 = ORIENTED_EDGE('',*,*,#23802,.F.);
#23802 = EDGE_CURVE('',#23779,#23795,#23803,.T.);
#23803 = LINE('',#23804,#23805);
#23804 = CARTESIAN_POINT('',(655.,150.,116.));
#23805 = VECTOR('',#23806,1.);
#23806 = DIRECTION('',(0.,1.,0.));
#23807 = PLANE('',#23808);
#23808 = AXIS2_PLACEMENT_3D('',#23809,#23810,#23811);
#23809 = CARTESIAN_POINT('',(655.,150.,104.));
#23810 = DIRECTION('',(1.,0.,0.));
#23811 = DIRECTION('',(0.,0.,1.));
#23812 = ADVANCED_FACE('',(#23813),#23847,.T.);
#23813 = FACE_BOUND('',#23814,.T.);
#23814 = EDGE_LOOP('',(#23815,#23825,#23833,#23841));
#23815 = ORIENTED_EDGE('',*,*,#23816,.F.);
#23816 = EDGE_CURVE('',#23817,#23819,#23821,.T.);
#23817 = VERTEX_POINT('',#23818);
#23818 = CARTESIAN_POINT('',(675.,150.,104.));
#23819 = VERTEX_POINT('',#23820);
#23820 = CARTESIAN_POINT('',(675.,150.,116.));
#23821 = LINE('',#23822,#23823);
#23822 = CARTESIAN_POINT('',(675.,150.,104.));
#23823 = VECTOR('',#23824,1.);
#23824 = DIRECTION('',(0.,0.,1.));
#23825 = ORIENTED_EDGE('',*,*,#23826,.T.);
#23826 = EDGE_CURVE('',#23817,#23827,#23829,.T.);
#23827 = VERTEX_POINT('',#23828);
#23828 = CARTESIAN_POINT('',(675.,290.,104.));
#23829 = LINE('',#23830,#23831);
#23830 = CARTESIAN_POINT('',(675.,150.,104.));
#23831 = VECTOR('',#23832,1.);
#23832 = DIRECTION('',(0.,1.,0.));
#23833 = ORIENTED_EDGE('',*,*,#23834,.T.);
#23834 = EDGE_CURVE('',#23827,#23835,#23837,.T.);
#23835 = VERTEX_POINT('',#23836);
#23836 = CARTESIAN_POINT('',(675.,290.,116.));
#23837 = LINE('',#23838,#23839);
#23838 = CARTESIAN_POINT('',(675.,290.,104.));
#23839 = VECTOR('',#23840,1.);
#23840 = DIRECTION('',(0.,0.,1.));
#23841 = ORIENTED_EDGE('',*,*,#23842,.F.);
#23842 = EDGE_CURVE('',#23819,#23835,#23843,.T.);
#23843 = LINE('',#23844,#23845);
#23844 = CARTESIAN_POINT('',(675.,150.,116.));
#23845 = VECTOR('',#23846,1.);
#23846 = DIRECTION('',(0.,1.,0.));
#23847 = PLANE('',#23848);
#23848 = AXIS2_PLACEMENT_3D('',#23849,#23850,#23851);
#23849 = CARTESIAN_POINT('',(675.,150.,104.));
#23850 = DIRECTION('',(1.,0.,0.));
#23851 = DIRECTION('',(0.,0.,1.));
#23852 = ADVANCED_FACE('',(#23853),#23869,.F.);
#23853 = FACE_BOUND('',#23854,.F.);
#23854 = EDGE_LOOP('',(#23855,#23861,#23862,#23868));
#23855 = ORIENTED_EDGE('',*,*,#23856,.F.);
#23856 = EDGE_CURVE('',#23777,#23817,#23857,.T.);
#23857 = LINE('',#23858,#23859);
#23858 = CARTESIAN_POINT('',(655.,150.,104.));
#23859 = VECTOR('',#23860,1.);
#23860 = DIRECTION('',(1.,0.,0.));
#23861 = ORIENTED_EDGE('',*,*,#23776,.T.);
#23862 = ORIENTED_EDGE('',*,*,#23863,.T.);
#23863 = EDGE_CURVE('',#23779,#23819,#23864,.T.);
#23864 = LINE('',#23865,#23866);
#23865 = CARTESIAN_POINT('',(655.,150.,116.));
#23866 = VECTOR('',#23867,1.);
#23867 = DIRECTION('',(1.,0.,0.));
#23868 = ORIENTED_EDGE('',*,*,#23816,.F.);
#23869 = PLANE('',#23870);
#23870 = AXIS2_PLACEMENT_3D('',#23871,#23872,#23873);
#23871 = CARTESIAN_POINT('',(655.,150.,104.));
#23872 = DIRECTION('',(0.,1.,0.));
#23873 = DIRECTION('',(0.,0.,1.));
#23874 = ADVANCED_FACE('',(#23875),#23891,.T.);
#23875 = FACE_BOUND('',#23876,.T.);
#23876 = EDGE_LOOP('',(#23877,#23883,#23884,#23890));
#23877 = ORIENTED_EDGE('',*,*,#23878,.F.);
#23878 = EDGE_CURVE('',#23787,#23827,#23879,.T.);
#23879 = LINE('',#23880,#23881);
#23880 = CARTESIAN_POINT('',(655.,290.,104.));
#23881 = VECTOR('',#23882,1.);
#23882 = DIRECTION('',(1.,0.,0.));
#23883 = ORIENTED_EDGE('',*,*,#23794,.T.);
#23884 = ORIENTED_EDGE('',*,*,#23885,.T.);
#23885 = EDGE_CURVE('',#23795,#23835,#23886,.T.);
#23886 = LINE('',#23887,#23888);
#23887 = CARTESIAN_POINT('',(655.,290.,116.));
#23888 = VECTOR('',#23889,1.);
#23889 = DIRECTION('',(1.,0.,0.));
#23890 = ORIENTED_EDGE('',*,*,#23834,.F.);
#23891 = PLANE('',#23892);
#23892 = AXIS2_PLACEMENT_3D('',#23893,#23894,#23895);
#23893 = CARTESIAN_POINT('',(655.,290.,104.));
#23894 = DIRECTION('',(0.,1.,0.));
#23895 = DIRECTION('',(0.,0.,1.));
#23896 = ADVANCED_FACE('',(#23897),#23903,.F.);
#23897 = FACE_BOUND('',#23898,.F.);
#23898 = EDGE_LOOP('',(#23899,#23900,#23901,#23902));
#23899 = ORIENTED_EDGE('',*,*,#23786,.F.);
#23900 = ORIENTED_EDGE('',*,*,#23856,.T.);
#23901 = ORIENTED_EDGE('',*,*,#23826,.T.);
#23902 = ORIENTED_EDGE('',*,*,#23878,.F.);
#23903 = PLANE('',#23904);
#23904 = AXIS2_PLACEMENT_3D('',#23905,#23906,#23907);
#23905 = CARTESIAN_POINT('',(655.,150.,104.));
#23906 = DIRECTION('',(0.,0.,1.));
#23907 = DIRECTION('',(1.,0.,0.));
#23908 = ADVANCED_FACE('',(#23909),#23915,.T.);
#23909 = FACE_BOUND('',#23910,.T.);
#23910 = EDGE_LOOP('',(#23911,#23912,#23913,#23914));
#23911 = ORIENTED_EDGE('',*,*,#23802,.F.);
#23912 = ORIENTED_EDGE('',*,*,#23863,.T.);
#23913 = ORIENTED_EDGE('',*,*,#23842,.T.);
#23914 = ORIENTED_EDGE('',*,*,#23885,.F.);
#23915 = PLANE('',#23916);
#23916 = AXIS2_PLACEMENT_3D('',#23917,#23918,#23919);
#23917 = CARTESIAN_POINT('',(655.,150.,116.));
#23918 = DIRECTION('',(0.,0.,1.));
#23919 = DIRECTION('',(1.,0.,0.));
#23920 = MANIFOLD_SOLID_BREP('',#23921);
#23921 = CLOSED_SHELL('',(#23922,#23962,#24002,#24024,#24046,#24058));
#23922 = ADVANCED_FACE('',(#23923),#23957,.F.);
#23923 = FACE_BOUND('',#23924,.F.);
#23924 = EDGE_LOOP('',(#23925,#23935,#23943,#23951));
#23925 = ORIENTED_EDGE('',*,*,#23926,.F.);
#23926 = EDGE_CURVE('',#23927,#23929,#23931,.T.);
#23927 = VERTEX_POINT('',#23928);
#23928 = CARTESIAN_POINT('',(649.,175.,116.));
#23929 = VERTEX_POINT('',#23930);
#23930 = CARTESIAN_POINT('',(649.,175.,130.));
#23931 = LINE('',#23932,#23933);
#23932 = CARTESIAN_POINT('',(649.,175.,116.));
#23933 = VECTOR('',#23934,1.);
#23934 = DIRECTION('',(0.,0.,1.));
#23935 = ORIENTED_EDGE('',*,*,#23936,.T.);
#23936 = EDGE_CURVE('',#23927,#23937,#23939,.T.);
#23937 = VERTEX_POINT('',#23938);
#23938 = CARTESIAN_POINT('',(649.,245.,116.));
#23939 = LINE('',#23940,#23941);
#23940 = CARTESIAN_POINT('',(649.,175.,116.));
#23941 = VECTOR('',#23942,1.);
#23942 = DIRECTION('',(0.,1.,0.));
#23943 = ORIENTED_EDGE('',*,*,#23944,.T.);
#23944 = EDGE_CURVE('',#23937,#23945,#23947,.T.);
#23945 = VERTEX_POINT('',#23946);
#23946 = CARTESIAN_POINT('',(649.,245.,130.));
#23947 = LINE('',#23948,#23949);
#23948 = CARTESIAN_POINT('',(649.,245.,116.));
#23949 = VECTOR('',#23950,1.);
#23950 = DIRECTION('',(0.,0.,1.));
#23951 = ORIENTED_EDGE('',*,*,#23952,.F.);
#23952 = EDGE_CURVE('',#23929,#23945,#23953,.T.);
#23953 = LINE('',#23954,#23955);
#23954 = CARTESIAN_POINT('',(649.,175.,130.));
#23955 = VECTOR('',#23956,1.);
#23956 = DIRECTION('',(0.,1.,0.));
#23957 = PLANE('',#23958);
#23958 = AXIS2_PLACEMENT_3D('',#23959,#23960,#23961);
#23959 = CARTESIAN_POINT('',(649.,175.,116.));
#23960 = DIRECTION('',(1.,0.,0.));
#23961 = DIRECTION('',(0.,0.,1.));
#23962 = ADVANCED_FACE('',(#23963),#23997,.T.);
#23963 = FACE_BOUND('',#23964,.T.);
#23964 = EDGE_LOOP('',(#23965,#23975,#23983,#23991));
#23965 = ORIENTED_EDGE('',*,*,#23966,.F.);
#23966 = EDGE_CURVE('',#23967,#23969,#23971,.T.);
#23967 = VERTEX_POINT('',#23968);
#23968 = CARTESIAN_POINT('',(681.,175.,116.));
#23969 = VERTEX_POINT('',#23970);
#23970 = CARTESIAN_POINT('',(681.,175.,130.));
#23971 = LINE('',#23972,#23973);
#23972 = CARTESIAN_POINT('',(681.,175.,116.));
#23973 = VECTOR('',#23974,1.);
#23974 = DIRECTION('',(0.,0.,1.));
#23975 = ORIENTED_EDGE('',*,*,#23976,.T.);
#23976 = EDGE_CURVE('',#23967,#23977,#23979,.T.);
#23977 = VERTEX_POINT('',#23978);
#23978 = CARTESIAN_POINT('',(681.,245.,116.));
#23979 = LINE('',#23980,#23981);
#23980 = CARTESIAN_POINT('',(681.,175.,116.));
#23981 = VECTOR('',#23982,1.);
#23982 = DIRECTION('',(0.,1.,0.));
#23983 = ORIENTED_EDGE('',*,*,#23984,.T.);
#23984 = EDGE_CURVE('',#23977,#23985,#23987,.T.);
#23985 = VERTEX_POINT('',#23986);
#23986 = CARTESIAN_POINT('',(681.,245.,130.));
#23987 = LINE('',#23988,#23989);
#23988 = CARTESIAN_POINT('',(681.,245.,116.));
#23989 = VECTOR('',#23990,1.);
#23990 = DIRECTION('',(0.,0.,1.));
#23991 = ORIENTED_EDGE('',*,*,#23992,.F.);
#23992 = EDGE_CURVE('',#23969,#23985,#23993,.T.);
#23993 = LINE('',#23994,#23995);
#23994 = CARTESIAN_POINT('',(681.,175.,130.));
#23995 = VECTOR('',#23996,1.);
#23996 = DIRECTION('',(0.,1.,0.));
#23997 = PLANE('',#23998);
#23998 = AXIS2_PLACEMENT_3D('',#23999,#24000,#24001);
#23999 = CARTESIAN_POINT('',(681.,175.,116.));
#24000 = DIRECTION('',(1.,0.,0.));
#24001 = DIRECTION('',(0.,0.,1.));
#24002 = ADVANCED_FACE('',(#24003),#24019,.F.);
#24003 = FACE_BOUND('',#24004,.F.);
#24004 = EDGE_LOOP('',(#24005,#24011,#24012,#24018));
#24005 = ORIENTED_EDGE('',*,*,#24006,.F.);
#24006 = EDGE_CURVE('',#23927,#23967,#24007,.T.);
#24007 = LINE('',#24008,#24009);
#24008 = CARTESIAN_POINT('',(649.,175.,116.));
#24009 = VECTOR('',#24010,1.);
#24010 = DIRECTION('',(1.,0.,0.));
#24011 = ORIENTED_EDGE('',*,*,#23926,.T.);
#24012 = ORIENTED_EDGE('',*,*,#24013,.T.);
#24013 = EDGE_CURVE('',#23929,#23969,#24014,.T.);
#24014 = LINE('',#24015,#24016);
#24015 = CARTESIAN_POINT('',(649.,175.,130.));
#24016 = VECTOR('',#24017,1.);
#24017 = DIRECTION('',(1.,0.,0.));
#24018 = ORIENTED_EDGE('',*,*,#23966,.F.);
#24019 = PLANE('',#24020);
#24020 = AXIS2_PLACEMENT_3D('',#24021,#24022,#24023);
#24021 = CARTESIAN_POINT('',(649.,175.,116.));
#24022 = DIRECTION('',(0.,1.,0.));
#24023 = DIRECTION('',(0.,0.,1.));
#24024 = ADVANCED_FACE('',(#24025),#24041,.T.);
#24025 = FACE_BOUND('',#24026,.T.);
#24026 = EDGE_LOOP('',(#24027,#24033,#24034,#24040));
#24027 = ORIENTED_EDGE('',*,*,#24028,.F.);
#24028 = EDGE_CURVE('',#23937,#23977,#24029,.T.);
#24029 = LINE('',#24030,#24031);
#24030 = CARTESIAN_POINT('',(649.,245.,116.));
#24031 = VECTOR('',#24032,1.);
#24032 = DIRECTION('',(1.,0.,0.));
#24033 = ORIENTED_EDGE('',*,*,#23944,.T.);
#24034 = ORIENTED_EDGE('',*,*,#24035,.T.);
#24035 = EDGE_CURVE('',#23945,#23985,#24036,.T.);
#24036 = LINE('',#24037,#24038);
#24037 = CARTESIAN_POINT('',(649.,245.,130.));
#24038 = VECTOR('',#24039,1.);
#24039 = DIRECTION('',(1.,0.,0.));
#24040 = ORIENTED_EDGE('',*,*,#23984,.F.);
#24041 = PLANE('',#24042);
#24042 = AXIS2_PLACEMENT_3D('',#24043,#24044,#24045);
#24043 = CARTESIAN_POINT('',(649.,245.,116.));
#24044 = DIRECTION('',(0.,1.,0.));
#24045 = DIRECTION('',(0.,0.,1.));
#24046 = ADVANCED_FACE('',(#24047),#24053,.F.);
#24047 = FACE_BOUND('',#24048,.F.);
#24048 = EDGE_LOOP('',(#24049,#24050,#24051,#24052));
#24049 = ORIENTED_EDGE('',*,*,#23936,.F.);
#24050 = ORIENTED_EDGE('',*,*,#24006,.T.);
#24051 = ORIENTED_EDGE('',*,*,#23976,.T.);
#24052 = ORIENTED_EDGE('',*,*,#24028,.F.);
#24053 = PLANE('',#24054);
#24054 = AXIS2_PLACEMENT_3D('',#24055,#24056,#24057);
#24055 = CARTESIAN_POINT('',(649.,175.,116.));
#24056 = DIRECTION('',(0.,0.,1.));
#24057 = DIRECTION('',(1.,0.,0.));
#24058 = ADVANCED_FACE('',(#24059),#24065,.T.);
#24059 = FACE_BOUND('',#24060,.T.);
#24060 = EDGE_LOOP('',(#24061,#24062,#24063,#24064));
#24061 = ORIENTED_EDGE('',*,*,#23952,.F.);
#24062 = ORIENTED_EDGE('',*,*,#24013,.T.);
#24063 = ORIENTED_EDGE('',*,*,#23992,.T.);
#24064 = ORIENTED_EDGE('',*,*,#24035,.F.);
#24065 = PLANE('',#24066);
#24066 = AXIS2_PLACEMENT_3D('',#24067,#24068,#24069);
#24067 = CARTESIAN_POINT('',(649.,175.,130.));
#24068 = DIRECTION('',(0.,0.,1.));
#24069 = DIRECTION('',(1.,0.,0.));
#24070 = ( GEOMETRIC_REPRESENTATION_CONTEXT(3) 
GLOBAL_UNCERTAINTY_ASSIGNED_CONTEXT((#24074)) 
GLOBAL_UNIT_ASSIGNED_CONTEXT((#24071,#24072,#24073)) 
REPRESENTATION_CONTEXT('Context #1',
  '3D Context with UNIT and UNCERTAINTY') );
#24071 = ( LENGTH_UNIT() NAMED_UNIT(*) SI_UNIT(.MILLI.,.METRE.) );
#24072 = ( NAMED_UNIT(*) PLANE_ANGLE_UNIT() SI_UNIT($,.RADIAN.) );
#24073 = ( NAMED_UNIT(*) SI_UNIT($,.STERADIAN.) SOLID_ANGLE_UNIT() );
#24074 = UNCERTAINTY_MEASURE_WITH_UNIT(LENGTH_MEASURE(1.E-07),#24071,
  'distance_accuracy_value','confusion accuracy');
#24075 = PRODUCT_RELATED_PRODUCT_CATEGORY('part',$,(#7));
ENDSEC;
END-ISO-10303-21;
